selection_profile,reference_model_id,reference_profile,reference_candidate_name,reference_candidate_family,candidate_model_id,candidate_model_kind,candidate_role,candidate_name,candidate_family,candidate_variant_name,candidate_source,correlation_train_validation,train_validation_correlation_to_reference,correlation_train_validation_abs,selection_correlation_split_inputs,correlation_inputs,selection_inputs,uses_locked_oos_for_selection,uses_locked_oos_for_correlation,locked_oos_gate_pass,locked_oos_gate_reasons,primary_10bps_promotion_gate_pass,primary_10bps_promotion_gate_reasons,live_promotable_10bps,train_validation_score,train_total_return,validation_total_return,locked_oos_total_return,candidate_split_metrics,deployability_label
higher_risk_train_return_tilt_v1,fresh_tv10_filter_abs_score_ge_1p5_alpha_zoo_quality_single_pair_7p0x_0p2alloc,higher_risk_train_return_tilt_v1,alpha_zoo_quality_single_pair,quality_single_pair,fresh_tv10_filter_side_long_abs_score_ge_2p5_alpha_zoo_slow_residual_pair_6p0x_0p03alloc,individual_seed_trade_filter,fresh_train_validation_10bps_trade_filter,alpha_zoo_slow_residual_pair,slow_residual_pair,side_long_abs_score_ge_2.5,,0.028239707747674852,0.028239707747674852,0.028239707747674852,train;validation,train;validation,train;validation,False,False,False,locked_oos_calmar_non_positive;locked_oos_return_non_positive;locked_oos_sharpe_non_positive;locked_oos_smart_sortino_non_positive;locked_oos_sortino_non_positive;train_calmar_not_above_validation;train_sharpe_not_above_validation;train_smart_sortino_not_above_validation;train_sortino_not_above_validation,0,locked_oos_calmar_non_positive;locked_oos_return_non_positive;locked_oos_sharpe_non_positive;locked_oos_smart_sortino_non_positive;locked_oos_sortino_non_positive;train_calmar_not_above_validation;train_sharpe_not_above_validation;train_smart_sortino_not_above_validation;train_sortino_not_above_validation,0,47.42241219728574,0.028079604861529495,0.0012898617184968764,-0.0018648398189874404,"{""train_total_return"": 0.028079604861529495, ""train_validation"": {""locked_oos"": {""account_wipeout_count"": 0, ""active_return_hours"": 2, ""cagr"": -0.014557791801451003, ""calmar"": -6.088768897059087, ""liquidation_count"": 0, ""margin_buffer_positive"": true, ""margin_replay_available"": true, ""max_drawdown"": 0.0023909253327848434, ""minimum_margin_buffer"": 9907.860898004761, ""return_mdd"": -0.7799657285053557, ""sharpe"": -2.1330433307108208, ""smart_sortino"": -0.06527123761303898, ""sortino"": -0.0654272962685502, ""total_return"": -0.0018648398189874404, ""trade_count"": 2}, ""train"": {""account_wipeout_count"": 0, ""active_return_hours"": 16, ""cagr"": 0.028079604861529495, ""calmar"": 2.81476777576421, ""liquidation_count"": 0, ""margin_buffer_positive"": true, ""margin_replay_available"": true, ""max_drawdown"": 0.009975815803812049, ""minimum_margin_buffer"": 9771.721048617732, ""return_mdd"": 2.81476777576421, ""sharpe"": 1.0755689720032602, ""smart_sortino"": 0.10638359152232062, ""sortino"": 0.10744485463589527, ""total_return"": 0.028079604861529495, ""trade_count"": 16}, ""validation"": {""account_wipeout_count"": 0, ""active_return_hours"": 2, ""cagr"": 0.005251173340185211, ""calmar"": 462.17036850126823, ""liquidation_count"": 0, ""margin_buffer_positive"": true, ""margin_replay_available"": true, ""max_drawdown"": 1.136198618101325e-05, ""minimum_margin_buffer"": 9893.0342528434, ""return_mdd"": 113.52431678295245, ""sharpe"": 1.9980234954020046, ""smart_sortino"": 4.928244398769441, ""sortino"": 4.9283003934141965, ""total_return"": 0.0012898617184968764, ""trade_count"": 2}}, ""validation_total_return"": 0.0012898617184968764}",research_only_locked_oos_gate_fail
higher_risk_train_return_tilt_v1,fresh_tv10_filter_abs_score_ge_1p5_alpha_zoo_quality_single_pair_7p0x_0p2alloc,higher_risk_train_return_tilt_v1,alpha_zoo_quality_single_pair,quality_single_pair,fresh_tv10_filter_side_long_abs_score_ge_2p5_alpha_zoo_slow_residual_pair_1p0x_0p125alloc,individual_seed_trade_filter,fresh_train_validation_10bps_trade_filter,alpha_zoo_slow_residual_pair,slow_residual_pair,side_long_abs_score_ge_2.5,,0.02823970774767542,0.02823970774767542,0.02823970774767542,train;validation,train;validation,train;validation,False,False,False,locked_oos_calmar_non_positive;locked_oos_return_non_positive;locked_oos_sharpe_non_positive;locked_oos_smart_sortino_non_positive;locked_oos_sortino_non_positive;train_calmar_not_above_validation;train_sharpe_not_above_validation;train_smart_sortino_not_above_validation;train_sortino_not_above_validation,0,locked_oos_calmar_non_positive;locked_oos_return_non_positive;locked_oos_sharpe_non_positive;locked_oos_smart_sortino_non_positive;locked_oos_sortino_non_positive;train_calmar_not_above_validation;train_sharpe_not_above_validation;train_smart_sortino_not_above_validation;train_sortino_not_above_validation,0,47.388602963380904,0.019489575316276486,0.0008957404416876091,-0.0012947601114983165,"{""train_total_return"": 0.019489575316276486, ""train_validation"": {""locked_oos"": {""account_wipeout_count"": 0, ""active_return_hours"": 2, ""cagr"": -0.010127247302923692, ""calmar"": -6.099410933600575, ""liquidation_count"": 0, ""margin_buffer_positive"": true, ""margin_replay_available"": true, ""max_drawdown"": 0.001660364814433879, ""minimum_margin_buffer"": 9936.014512503305, ""return_mdd"": -0.779804594895478, ""sharpe"": -2.1330433307108514, ""smart_sortino"": -0.0653188431596492, ""sortino"": -0.06542729626855101, ""total_return"": -0.0012947601114983165, ""trade_count"": 2}, ""train"": {""account_wipeout_count"": 0, ""active_return_hours"": 16, ""cagr"": 0.019489575316276486, ""calmar"": 2.8101835283095533, ""liquidation_count"": 0, ""margin_buffer_positive"": true, ""margin_replay_available"": true, ""max_drawdown"": 0.006935338962719032, ""minimum_margin_buffer"": 9841.47295042898, ""return_mdd"": 2.8101835283095533, ""sharpe"": 1.075568972003256, ""smart_sortino"": 0.10670482053651867, ""sortino"": 0.10744485463589554, ""total_return"": 0.019489575316276486, ""trade_count"": 16}, ""validation"": {""account_wipeout_count"": 0, ""active_return_hours"": 2, ""cagr"": 0.0036444607950358865, ""calmar"": 461.89314625443075, ""liquidation_count"": 0, ""margin_buffer_positive"": true, ""margin_replay_available"": true, ""max_drawdown"": 7.89026818126537e-06, ""minimum_margin_buffer"": 9925.718231141249, ""return_mdd"": 113.52471438353042, ""sharpe"": 1.9980234954019935, ""smart_sortino"": 4.928261508105955, ""sortino"": 4.928300393410921, ""total_return"": 0.0008957404416876091, ""trade_count"": 2}}, ""validation_total_return"": 0.0008957404416876091}",research_only_locked_oos_gate_fail
higher_risk_train_return_tilt_v1,fresh_tv10_filter_abs_score_ge_1p5_alpha_zoo_quality_single_pair_7p0x_0p2alloc,higher_risk_train_return_tilt_v1,alpha_zoo_quality_single_pair,quality_single_pair,fresh_tv10_filter_side_long_abs_score_ge_2p5_alpha_zoo_slow_residual_pair_7p0x_0p03alloc,individual_seed_trade_filter,fresh_train_validation_10bps_trade_filter,alpha_zoo_slow_residual_pair,slow_residual_pair,side_long_abs_score_ge_2.5,,0.02823970774767554,0.02823970774767554,0.02823970774767554,train;validation,train;validation,train;validation,False,False,False,locked_oos_calmar_non_positive;locked_oos_return_non_positive;locked_oos_sharpe_non_positive;locked_oos_smart_sortino_non_positive;locked_oos_sortino_non_positive;train_calmar_not_above_validation;train_sharpe_not_above_validation;train_smart_sortino_not_above_validation;train_sortino_not_above_validation,0,locked_oos_calmar_non_positive;locked_oos_return_non_positive;locked_oos_sharpe_non_positive;locked_oos_smart_sortino_non_positive;locked_oos_sortino_non_positive;train_calmar_not_above_validation;train_sharpe_not_above_validation;train_smart_sortino_not_above_validation;train_sortino_not_above_validation,0,47.44086065622157,0.03276854603608448,0.0015048357967859527,-0.0021758916199405842,"{""train_total_return"": 0.03276854603608448, ""train_validation"": {""locked_oos"": {""account_wipeout_count"": 0, ""active_return_hours"": 2, ""cagr"": -0.01696791819066923, ""calmar"": -6.08297117366541, ""liquidation_count"": 0, ""margin_buffer_positive"": true, ""margin_replay_available"": true, ""max_drawdown"": 0.0027894128882489655, ""minimum_margin_buffer"": 9892.504381005554, ""return_mdd"": -0.7800536195652573, ""sharpe"": -2.1330433307107315, ""smart_sortino"": -0.06524530018730772, ""sortino"": -0.06542729626854786, ""total_return"": -0.0021758916199405842, ""trade_count"": 2}, ""train"": {""account_wipeout_count"": 0, ""active_return_hours"": 16, ""cagr"": 0.03276854603608448, ""calmar"": 2.8172460059649724, ""liquidation_count"": 0, ""margin_buffer_positive"": true, ""margin_replay_available"": true, ""max_drawdown"": 0.01163141094767849, ""minimum_margin_buffer"": 9733.674556720685, ""return_mdd"": 2.8172460059649724, ""sharpe"": 1.0755689720032593, ""smart_sortino"": 0.10620948842943015, ""sortino"": 0.10744485463589555, ""total_return"": 0.03276854603608448, ""trade_count"": 16}, ""validation"": {""account_wipeout_count"": 0, ""active_return_hours"": 2, ""cagr"": 0.006128374134313663, ""calmar"": 462.3216426622061, ""liquidation_count"": 0, ""margin_buffer_positive"": true, ""margin_replay_available"": true, ""max_drawdown"": 1.3255650544552466e-05, ""minimum_margin_buffer"": 9875.206628317297, ""return_mdd"": 113.52409990955736, ""sharpe"": 1.998023495401956, ""smart_sortino"": 4.928235066438475, ""sortino"": 4.928300393400317, ""total_return"": 0.0015048357967859527, ""trade_count"": 2}}, ""validation_total_return"": 0.0015048357967859527}",research_only_locked_oos_gate_fail
higher_risk_train_return_tilt_v1,fresh_tv10_filter_abs_score_ge_1p5_alpha_zoo_quality_single_pair_7p0x_0p2alloc,higher_risk_train_return_tilt_v1,alpha_zoo_quality_single_pair,quality_single_pair,fresh_tv10_filter_side_long_abs_score_ge_2p5_alpha_zoo_slow_residual_pair_4p0x_0p03alloc,individual_seed_trade_filter,fresh_train_validation_10bps_trade_filter,alpha_zoo_slow_residual_pair,slow_residual_pair,side_long_abs_score_ge_2.5,,0.02823970774767556,0.02823970774767556,0.02823970774767556,train;validation,train;validation,train;validation,False,False,False,locked_oos_calmar_non_positive;locked_oos_return_non_positive;locked_oos_sharpe_non_positive;locked_oos_smart_sortino_non_positive;locked_oos_sortino_non_positive;train_calmar_not_above_validation;train_sharpe_not_above_validation;train_smart_sortino_not_above_validation;train_sortino_not_above_validation,0,locked_oos_calmar_non_positive;locked_oos_return_non_positive;locked_oos_sharpe_non_positive;locked_oos_smart_sortino_non_positive;locked_oos_sortino_non_positive;train_calmar_not_above_validation;train_sharpe_not_above_validation;train_smart_sortino_not_above_validation;train_sortino_not_above_validation,0,47.38553023050369,0.018709086688355026,0.0008599110978098068,-0.0012429463580426736,"{""train_total_return"": 0.018709086688355026, ""train_validation"": {""locked_oos"": {""account_wipeout_count"": 0, ""active_return_hours"": 2, ""cagr"": -0.009723700808001667, ""calmar"": -6.100379218038382, ""liquidation_count"": 0, ""margin_buffer_positive"": true, ""margin_replay_available"": true, ""max_drawdown"": 0.0015939502218565993, ""minimum_margin_buffer"": 9938.573932003173, ""return_mdd"": -0.779789946385475, ""sharpe"": -2.1330433307106884, ""smart_sortino"": -0.06532317438025097, ""sortino"": -0.06542729626854674, ""total_return"": -0.0012429463580426736, ""trade_count"": 2}, ""train"": {""account_wipeout_count"": 0, ""active_return_hours"": 16, ""cagr"": 0.018709086688355026, ""calmar"": 2.809764165877883, ""liquidation_count"": 0, ""margin_buffer_positive"": true, ""margin_replay_available"": true, ""max_drawdown"": 0.006658596801667715, ""minimum_margin_buffer"": 9847.814032411821, ""return_mdd"": 2.809764165877883, ""sharpe"": 1.0755689720032708, ""smart_sortino"": 0.10673415493322969, ""sortino"": 0.1074448546358968, ""total_return"": 0.018709086688355026, ""trade_count"": 16}, ""validation"": {""account_wipeout_count"": 0, ""active_return_hours"": 2, ""cagr"": 0.0034984915218132517, ""calmar"": 461.8679515262578, ""liquidation_count"": 0, ""margin_buffer_positive"": true, ""margin_replay_available"": true, ""max_drawdown"": 7.574657454045841e-06, ""minimum_margin_buffer"": 9928.689501895598, ""return_mdd"": 113.5247505285541, ""sharpe"": 1.9980234954019178, ""smart_sortino"": 4.928263063485358, ""sortino"": 4.928300393389907, ""total_return"": 0.0008599110978098068, ""trade_count"": 2}}, ""validation_total_return"": 0.0008599110978098068}",research_only_locked_oos_gate_fail
higher_risk_train_return_tilt_v1,fresh_tv10_filter_abs_score_ge_1p5_alpha_zoo_quality_single_pair_7p0x_0p2alloc,higher_risk_train_return_tilt_v1,alpha_zoo_quality_single_pair,quality_single_pair,fresh_tv10_filter_side_long_abs_score_ge_2p5_alpha_zoo_slow_residual_pair_5p0x_0p03alloc,individual_seed_trade_filter,fresh_train_validation_10bps_trade_filter,alpha_zoo_slow_residual_pair,slow_residual_pair,side_long_abs_score_ge_2.5,,0.02823970774767615,0.02823970774767615,0.02823970774767615,train;validation,train;validation,train;validation,False,False,False,locked_oos_calmar_non_positive;locked_oos_return_non_positive;locked_oos_sharpe_non_positive;locked_oos_smart_sortino_non_positive;locked_oos_sortino_non_positive;train_calmar_not_above_validation;train_sharpe_not_above_validation;train_smart_sortino_not_above_validation;train_sortino_not_above_validation,0,locked_oos_calmar_non_positive;locked_oos_return_non_positive;locked_oos_sharpe_non_positive;locked_oos_smart_sortino_non_positive;locked_oos_sortino_non_positive;train_calmar_not_above_validation;train_sharpe_not_above_validation;train_smart_sortino_not_above_validation;train_sortino_not_above_validation,0,47.40396871451416,0.023393088700365716,0.001074886818838161,-0.0015538580650212852,"{""train_total_return"": 0.023393088700365716, ""train_validation"": {""locked_oos"": {""account_wipeout_count"": 0, ""active_return_hours"": 2, ""cagr"": -0.012143054648664275, ""calmar"": -6.094571578036094, ""liquidation_count"": 0, ""margin_buffer_positive"": true, ""margin_replay_available"": true, ""max_drawdown"": 0.0019924377773207214, ""minimum_margin_buffer"": 9923.217415003968, ""return_mdd"": -0.7798778374453406, ""sharpe"": -2.1330433307105907, ""smart_sortino"": -0.06529719566913987, ""sortino"": -0.06542729626854416, ""total_return"": -0.0015538580650212852, ""trade_count"": 2}, ""train"": {""account_wipeout_count"": 0, ""active_return_hours"": 16, ""cagr"": 0.023393088700365716, ""calmar"": 2.812273814785894, ""liquidation_count"": 0, ""margin_buffer_positive"": true, ""margin_replay_available"": true, ""max_drawdown"": 0.008318211611320889, ""minimum_margin_buffer"": 9809.767540514777, ""return_mdd"": 2.812273814785894, ""sharpe"": 1.075568972003277, ""smart_sortino"": 0.10655847866141113, ""sortino"": 0.10744485463589717, ""total_return"": 0.023393088700365716, ""trade_count"": 16}, ""validation"": {""account_wipeout_count"": 0, ""active_return_hours"": 2, ""cagr"": 0.00437454588561903, ""calmar"": 462.01913812164656, ""liquidation_count"": 0, ""margin_buffer_positive"": true, ""margin_replay_available"": true, ""max_drawdown"": 9.468321817585057e-06, ""minimum_margin_buffer"": 9910.8618773695, ""return_mdd"": 113.52453365514316, ""sharpe"": 1.9980234954018659, ""smart_sortino"": 4.928253731083007, ""sortino"": 4.928300393375332, ""total_return"": 0.001074886818838161, ""trade_count"": 2}}, ""validation_total_return"": 0.001074886818838161}",research_only_locked_oos_gate_fail
higher_risk_train_return_tilt_v1,fresh_tv10_filter_abs_score_ge_1p5_alpha_zoo_quality_single_pair_7p0x_0p2alloc,higher_risk_train_return_tilt_v1,alpha_zoo_quality_single_pair,quality_single_pair,fresh_tv10_filter_side_long_abs_score_ge_2p5_alpha_zoo_slow_residual_pair_3p0x_0p05alloc,individual_seed_trade_filter,fresh_train_validation_10bps_trade_filter,alpha_zoo_slow_residual_pair,slow_residual_pair,side_long_abs_score_ge_2.5,,0.02823970774767615,0.02823970774767615,0.02823970774767615,train;validation,train;validation,train;validation,False,False,False,locked_oos_calmar_non_positive;locked_oos_return_non_positive;locked_oos_sharpe_non_positive;locked_oos_smart_sortino_non_positive;locked_oos_sortino_non_positive;train_calmar_not_above_validation;train_sharpe_not_above_validation;train_smart_sortino_not_above_validation;train_sortino_not_above_validation,0,locked_oos_calmar_non_positive;locked_oos_return_non_positive;locked_oos_sharpe_non_positive;locked_oos_smart_sortino_non_positive;locked_oos_sortino_non_positive;train_calmar_not_above_validation;train_sharpe_not_above_validation;train_smart_sortino_not_above_validation;train_sortino_not_above_validation,0,47.40396871451416,0.023393088700365716,0.001074886818838161,-0.0015538580650212852,"{""train_total_return"": 0.023393088700365716, ""train_validation"": {""locked_oos"": {""account_wipeout_count"": 0, ""active_return_hours"": 2, ""cagr"": -0.012143054648664275, ""calmar"": -6.094571578036094, ""liquidation_count"": 0, ""margin_buffer_positive"": true, ""margin_replay_available"": true, ""max_drawdown"": 0.0019924377773207214, ""minimum_margin_buffer"": 9923.217415003968, ""return_mdd"": -0.7798778374453406, ""sharpe"": -2.1330433307105907, ""smart_sortino"": -0.06529719566913987, ""sortino"": -0.06542729626854416, ""total_return"": -0.0015538580650212852, ""trade_count"": 2}, ""train"": {""account_wipeout_count"": 0, ""active_return_hours"": 16, ""cagr"": 0.023393088700365716, ""calmar"": 2.812273814785894, ""liquidation_count"": 0, ""margin_buffer_positive"": true, ""margin_replay_available"": true, ""max_drawdown"": 0.008318211611320889, ""minimum_margin_buffer"": 9809.767540514777, ""return_mdd"": 2.812273814785894, ""sharpe"": 1.075568972003277, ""smart_sortino"": 0.10655847866141113, ""sortino"": 0.10744485463589717, ""total_return"": 0.023393088700365716, ""trade_count"": 16}, ""validation"": {""account_wipeout_count"": 0, ""active_return_hours"": 2, ""cagr"": 0.00437454588561903, ""calmar"": 462.01913812164656, ""liquidation_count"": 0, ""margin_buffer_positive"": true, ""margin_replay_available"": true, ""max_drawdown"": 9.468321817585057e-06, ""minimum_margin_buffer"": 9910.8618773695, ""return_mdd"": 113.52453365514316, ""sharpe"": 1.9980234954018659, ""smart_sortino"": 4.928253731083007, ""sortino"": 4.928300393375332, ""total_return"": 0.001074886818838161, ""trade_count"": 2}}, ""validation_total_return"": 0.001074886818838161}",research_only_locked_oos_gate_fail
higher_risk_train_return_tilt_v1,fresh_tv10_filter_abs_score_ge_1p5_alpha_zoo_quality_single_pair_7p0x_0p2alloc,higher_risk_train_return_tilt_v1,alpha_zoo_quality_single_pair,quality_single_pair,fresh_tv10_filter_side_long_abs_score_ge_2p5_alpha_zoo_slow_residual_pair_2p0x_0p075alloc,individual_seed_trade_filter,fresh_train_validation_10bps_trade_filter,alpha_zoo_slow_residual_pair,slow_residual_pair,side_long_abs_score_ge_2.5,,0.02823970774767615,0.02823970774767615,0.02823970774767615,train;validation,train;validation,train;validation,False,False,False,locked_oos_calmar_non_positive;locked_oos_return_non_positive;locked_oos_sharpe_non_positive;locked_oos_smart_sortino_non_positive;locked_oos_sortino_non_positive;train_calmar_not_above_validation;train_sharpe_not_above_validation;train_smart_sortino_not_above_validation;train_sortino_not_above_validation,0,locked_oos_calmar_non_positive;locked_oos_return_non_positive;locked_oos_sharpe_non_positive;locked_oos_smart_sortino_non_positive;locked_oos_sortino_non_positive;train_calmar_not_above_validation;train_sharpe_not_above_validation;train_smart_sortino_not_above_validation;train_sortino_not_above_validation,0,47.40396871451416,0.023393088700365716,0.001074886818838161,-0.0015538580650212852,"{""train_total_return"": 0.023393088700365716, ""train_validation"": {""locked_oos"": {""account_wipeout_count"": 0, ""active_return_hours"": 2, ""cagr"": -0.012143054648664275, ""calmar"": -6.094571578036094, ""liquidation_count"": 0, ""margin_buffer_positive"": true, ""margin_replay_available"": true, ""max_drawdown"": 0.0019924377773207214, ""minimum_margin_buffer"": 9923.217415003968, ""return_mdd"": -0.7798778374453406, ""sharpe"": -2.1330433307105907, ""smart_sortino"": -0.06529719566913987, ""sortino"": -0.06542729626854416, ""total_return"": -0.0015538580650212852, ""trade_count"": 2}, ""train"": {""account_wipeout_count"": 0, ""active_return_hours"": 16, ""cagr"": 0.023393088700365716, ""calmar"": 2.812273814785894, ""liquidation_count"": 0, ""margin_buffer_positive"": true, ""margin_replay_available"": true, ""max_drawdown"": 0.008318211611320889, ""minimum_margin_buffer"": 9809.767540514777, ""return_mdd"": 2.812273814785894, ""sharpe"": 1.075568972003277, ""smart_sortino"": 0.10655847866141113, ""sortino"": 0.10744485463589717, ""total_return"": 0.023393088700365716, ""trade_count"": 16}, ""validation"": {""account_wipeout_count"": 0, ""active_return_hours"": 2, ""cagr"": 0.00437454588561903, ""calmar"": 462.01913812164656, ""liquidation_count"": 0, ""margin_buffer_positive"": true, ""margin_replay_available"": true, ""max_drawdown"": 9.468321817585057e-06, ""minimum_margin_buffer"": 9910.8618773695, ""return_mdd"": 113.52453365514316, ""sharpe"": 1.9980234954018659, ""smart_sortino"": 4.928253731083007, ""sortino"": 4.928300393375332, ""total_return"": 0.001074886818838161, ""trade_count"": 2}}, ""validation_total_return"": 0.001074886818838161}",research_only_locked_oos_gate_fail
higher_risk_train_return_tilt_v1,fresh_tv10_filter_abs_score_ge_1p5_alpha_zoo_quality_single_pair_7p0x_0p2alloc,higher_risk_train_return_tilt_v1,alpha_zoo_quality_single_pair,quality_single_pair,fresh_tv10_filter_side_long_abs_score_ge_2p5_alpha_zoo_slow_residual_pair_1p0x_0p15alloc,individual_seed_trade_filter,fresh_train_validation_10bps_trade_filter,alpha_zoo_slow_residual_pair,slow_residual_pair,side_long_abs_score_ge_2.5,,0.02823970774767615,0.02823970774767615,0.02823970774767615,train;validation,train;validation,train;validation,False,False,False,locked_oos_calmar_non_positive;locked_oos_return_non_positive;locked_oos_sharpe_non_positive;locked_oos_smart_sortino_non_positive;locked_oos_sortino_non_positive;train_calmar_not_above_validation;train_sharpe_not_above_validation;train_smart_sortino_not_above_validation;train_sortino_not_above_validation,0,locked_oos_calmar_non_positive;locked_oos_return_non_positive;locked_oos_sharpe_non_positive;locked_oos_smart_sortino_non_positive;locked_oos_sortino_non_positive;train_calmar_not_above_validation;train_sharpe_not_above_validation;train_smart_sortino_not_above_validation;train_sortino_not_above_validation,0,47.40396871451416,0.023393088700365716,0.001074886818838161,-0.0015538580650212852,"{""train_total_return"": 0.023393088700365716, ""train_validation"": {""locked_oos"": {""account_wipeout_count"": 0, ""active_return_hours"": 2, ""cagr"": -0.012143054648664275, ""calmar"": -6.094571578036094, ""liquidation_count"": 0, ""margin_buffer_positive"": true, ""margin_replay_available"": true, ""max_drawdown"": 0.0019924377773207214, ""minimum_margin_buffer"": 9923.217415003968, ""return_mdd"": -0.7798778374453406, ""sharpe"": -2.1330433307105907, ""smart_sortino"": -0.06529719566913987, ""sortino"": -0.06542729626854416, ""total_return"": -0.0015538580650212852, ""trade_count"": 2}, ""train"": {""account_wipeout_count"": 0, ""active_return_hours"": 16, ""cagr"": 0.023393088700365716, ""calmar"": 2.812273814785894, ""liquidation_count"": 0, ""margin_buffer_positive"": true, ""margin_replay_available"": true, ""max_drawdown"": 0.008318211611320889, ""minimum_margin_buffer"": 9809.767540514777, ""return_mdd"": 2.812273814785894, ""sharpe"": 1.075568972003277, ""smart_sortino"": 0.10655847866141113, ""sortino"": 0.10744485463589717, ""total_return"": 0.023393088700365716, ""trade_count"": 16}, ""validation"": {""account_wipeout_count"": 0, ""active_return_hours"": 2, ""cagr"": 0.00437454588561903, ""calmar"": 462.01913812164656, ""liquidation_count"": 0, ""margin_buffer_positive"": true, ""margin_replay_available"": true, ""max_drawdown"": 9.468321817585057e-06, ""minimum_margin_buffer"": 9910.8618773695, ""return_mdd"": 113.52453365514316, ""sharpe"": 1.9980234954018659, ""smart_sortino"": 4.928253731083007, ""sortino"": 4.928300393375332, ""total_return"": 0.001074886818838161, ""trade_count"": 2}}, ""validation_total_return"": 0.001074886818838161}",research_only_locked_oos_gate_fail
higher_risk_train_return_tilt_v1,fresh_tv10_filter_abs_score_ge_1p5_alpha_zoo_quality_single_pair_7p0x_0p2alloc,higher_risk_train_return_tilt_v1,alpha_zoo_quality_single_pair,quality_single_pair,fresh_tv10_filter_side_long_abs_score_ge_2p5_alpha_zoo_slow_residual_pair_1p0x_0p175alloc,individual_seed_trade_filter,fresh_train_validation_10bps_trade_filter,alpha_zoo_slow_residual_pair,slow_residual_pair,side_long_abs_score_ge_2.5,,0.028239707747676177,0.028239707747676177,0.028239707747676177,train;validation,train;validation,train;validation,False,False,False,locked_oos_calmar_non_positive;locked_oos_return_non_positive;locked_oos_sharpe_non_positive;locked_oos_smart_sortino_non_positive;locked_oos_sortino_non_positive;train_calmar_not_above_validation;train_sharpe_not_above_validation;train_smart_sortino_not_above_validation;train_sortino_not_above_validation,0,locked_oos_calmar_non_positive;locked_oos_return_non_positive;locked_oos_sharpe_non_positive;locked_oos_smart_sortino_non_positive;locked_oos_sortino_non_positive;train_calmar_not_above_validation;train_sharpe_not_above_validation;train_smart_sortino_not_above_validation;train_sortino_not_above_validation,0,47.41933793723988,0.027298348022776864,0.0012540326255934264,-0.0018130046622855112,"{""train_total_return"": 0.027298348022776864, ""train_validation"": {""locked_oos"": {""account_wipeout_count"": 0, ""active_return_hours"": 2, ""cagr"": -0.014155655961197722, ""calmar"": -6.089735666239335, ""liquidation_count"": 0, ""margin_buffer_positive"": true, ""margin_replay_available"": true, ""max_drawdown"": 0.0023245107402074527, ""minimum_margin_buffer"": 9910.42031750463, ""return_mdd"": -0.7799510799953147, ""sharpe"": -2.1330433307106755, ""smart_sortino"": -0.06527556252239002, ""sortino"": -0.06542729626854639, ""total_return"": -0.0018130046622855112, ""trade_count"": 2}, ""train"": {""account_wipeout_count"": 0, ""active_return_hours"": 16, ""cagr"": 0.027298348022776864, ""calmar"": 2.814353206862194, ""liquidation_count"": 0, ""margin_buffer_positive"": true, ""margin_replay_available"": true, ""max_drawdown"": 0.009699687998015218, ""minimum_margin_buffer"": 9778.062130600572, ""return_mdd"": 2.814353206862194, ""sharpe"": 1.075568972003266, ""smart_sortino"": 0.10641268479435927, ""sortino"": 0.10744485463589568, ""total_return"": 0.027298348022776864, ""trade_count"": 16}, ""validation"": {""account_wipeout_count"": 0, ""active_return_hours"": 2, ""cagr"": 0.005105028955897151, ""calmar"": 462.1451603968341, ""liquidation_count"": 0, ""margin_buffer_positive"": true, ""margin_replay_available"": true, ""max_drawdown"": 1.1046375453793722e-05, ""minimum_margin_buffer"": 9896.005523597749, ""return_mdd"": 113.52435292815858, ""sharpe"": 1.9980234954019562, ""smart_sortino"": 4.9282459541456145, ""sortino"": 4.928300393400753, ""total_return"": 0.0012540326255934264, ""trade_count"": 2}}, ""validation_total_return"": 0.0012540326255934264}",research_only_locked_oos_gate_fail
higher_risk_train_return_tilt_v1,fresh_tv10_filter_abs_score_ge_1p5_alpha_zoo_quality_single_pair_7p0x_0p2alloc,higher_risk_train_return_tilt_v1,alpha_zoo_quality_single_pair,quality_single_pair,fresh_tv10_filter_side_long_abs_score_ge_2p5_alpha_zoo_slow_residual_pair_7p0x_0p05alloc,individual_seed_trade_filter,fresh_train_validation_10bps_trade_filter,alpha_zoo_slow_residual_pair,slow_residual_pair,side_long_abs_score_ge_2.5,,0.028239707747676326,0.028239707747676326,0.028239707747676326,train;validation,train;validation,train;validation,False,False,False,locked_oos_calmar_non_positive;locked_oos_return_non_positive;locked_oos_sharpe_non_positive;locked_oos_smart_sortino_non_positive;locked_oos_sortino_non_positive;train_calmar_not_above_validation;train_sharpe_not_above_validation;train_smart_sortino_not_above_validation;train_sortino_not_above_validation,0,locked_oos_calmar_non_positive;locked_oos_return_non_positive;locked_oos_sharpe_non_positive;locked_oos_smart_sortino_non_positive;locked_oos_sortino_non_positive;train_calmar_not_above_validation;train_sharpe_not_above_validation;train_smart_sortino_not_above_validation;train_sortino_not_above_validation,0,47.52701863228268,0.05467971229995028,0.0025080373018027124,-0.0036283928678867428,"{""train_total_return"": 0.05467971229995028, ""train_validation"": {""locked_oos"": {""account_wipeout_count"": 0, ""active_return_hours"": 2, ""cagr"": -0.02815438407529025, ""calmar"": -6.055980638914491, ""liquidation_count"": 0, ""margin_buffer_positive"": true, ""margin_replay_available"": true, ""max_drawdown"": 0.0046490214804149055, ""minimum_margin_buffer"": 9820.840635009255, ""return_mdd"": -0.7804637778449077, ""sharpe"": -2.1330433307106755, ""smart_sortino"": -0.06512453092537239, ""sortino"": -0.06542729626854639, ""total_return"": -0.0036283928678867428, ""trade_count"": 2}, ""train"": {""account_wipeout_count"": 0, ""active_return_hours"": 16, ""cagr"": 0.05467971229995028, ""calmar"": 2.828601839309139, ""liquidation_count"": 0, ""margin_buffer_positive"": true, ""margin_replay_available"": true, ""max_drawdown"": 0.019331003586317865, ""minimum_margin_buffer"": 9556.124261201145, ""return_mdd"": 2.828601839309139, ""sharpe"": 1.0755689720032657, ""smart_sortino"": 0.10540722714983893, ""sortino"": 0.10744485463589629, ""total_return"": 0.05467971229995028, ""trade_count"": 16}, ""validation"": {""account_wipeout_count"": 0, ""active_return_hours"": 2, ""cagr"": 0.010229565976765942, ""calmar"": 463.02816790700075, ""liquidation_count"": 0, ""margin_buffer_positive"": true, ""margin_replay_available"": true, ""max_drawdown"": 2.2092750907587444e-05, ""minimum_margin_buffer"": 9792.011047195498, ""return_mdd"": 113.52308783517594, ""sharpe"": 1.9980234954019562, ""smart_sortino"": 4.928191516093163, ""sortino"": 4.928300393400753, ""total_return"": 0.0025080373018027124, ""trade_count"": 2}}, ""validation_total_return"": 0.0025080373018027124}",research_only_locked_oos_gate_fail
higher_risk_train_return_tilt_v1,fresh_tv10_filter_abs_score_ge_1p5_alpha_zoo_quality_single_pair_7p0x_0p2alloc,higher_risk_train_return_tilt_v1,alpha_zoo_quality_single_pair,quality_single_pair,fresh_tv10_filter_side_long_abs_score_ge_2p5_alpha_zoo_slow_residual_pair_2p0x_0p175alloc,individual_seed_trade_filter,fresh_train_validation_10bps_trade_filter,alpha_zoo_slow_residual_pair,slow_residual_pair,side_long_abs_score_ge_2.5,,0.028239707747676326,0.028239707747676326,0.028239707747676326,train;validation,train;validation,train;validation,False,False,False,locked_oos_calmar_non_positive;locked_oos_return_non_positive;locked_oos_sharpe_non_positive;locked_oos_smart_sortino_non_positive;locked_oos_sortino_non_positive;train_calmar_not_above_validation;train_sharpe_not_above_validation;train_smart_sortino_not_above_validation;train_sortino_not_above_validation,0,locked_oos_calmar_non_positive;locked_oos_return_non_positive;locked_oos_sharpe_non_positive;locked_oos_smart_sortino_non_positive;locked_oos_sortino_non_positive;train_calmar_not_above_validation;train_sharpe_not_above_validation;train_smart_sortino_not_above_validation;train_sortino_not_above_validation,0,47.52701863228268,0.05467971229995028,0.0025080373018027124,-0.0036283928678867428,"{""train_total_return"": 0.05467971229995028, ""train_validation"": {""locked_oos"": {""account_wipeout_count"": 0, ""active_return_hours"": 2, ""cagr"": -0.02815438407529025, ""calmar"": -6.055980638914491, ""liquidation_count"": 0, ""margin_buffer_positive"": true, ""margin_replay_available"": true, ""max_drawdown"": 0.0046490214804149055, ""minimum_margin_buffer"": 9820.840635009255, ""return_mdd"": -0.7804637778449077, ""sharpe"": -2.1330433307106755, ""smart_sortino"": -0.06512453092537239, ""sortino"": -0.06542729626854639, ""total_return"": -0.0036283928678867428, ""trade_count"": 2}, ""train"": {""account_wipeout_count"": 0, ""active_return_hours"": 16, ""cagr"": 0.05467971229995028, ""calmar"": 2.828601839309139, ""liquidation_count"": 0, ""margin_buffer_positive"": true, ""margin_replay_available"": true, ""max_drawdown"": 0.019331003586317865, ""minimum_margin_buffer"": 9556.124261201145, ""return_mdd"": 2.828601839309139, ""sharpe"": 1.0755689720032657, ""smart_sortino"": 0.10540722714983893, ""sortino"": 0.10744485463589629, ""total_return"": 0.05467971229995028, ""trade_count"": 16}, ""validation"": {""account_wipeout_count"": 0, ""active_return_hours"": 2, ""cagr"": 0.010229565976765942, ""calmar"": 463.02816790700075, ""liquidation_count"": 0, ""margin_buffer_positive"": true, ""margin_replay_available"": true, ""max_drawdown"": 2.2092750907587444e-05, ""minimum_margin_buffer"": 9792.011047195498, ""return_mdd"": 113.52308783517594, ""sharpe"": 1.9980234954019562, ""smart_sortino"": 4.928191516093163, ""sortino"": 4.928300393400753, ""total_return"": 0.0025080373018027124, ""trade_count"": 2}}, ""validation_total_return"": 0.0025080373018027124}",research_only_locked_oos_gate_fail
higher_risk_train_return_tilt_v1,fresh_tv10_filter_abs_score_ge_1p5_alpha_zoo_quality_single_pair_7p0x_0p2alloc,higher_risk_train_return_tilt_v1,alpha_zoo_quality_single_pair,quality_single_pair,fresh_tv10_filter_side_long_abs_score_ge_2p5_alpha_zoo_slow_residual_pair_5p0x_0p075alloc,individual_seed_trade_filter,fresh_train_validation_10bps_trade_filter,alpha_zoo_slow_residual_pair,slow_residual_pair,side_long_abs_score_ge_2.5,,0.028239707747676333,0.028239707747676333,0.028239707747676333,train;validation,train;validation,train;validation,False,False,False,locked_oos_calmar_non_positive;locked_oos_return_non_positive;locked_oos_sharpe_non_positive;locked_oos_smart_sortino_non_positive;locked_oos_sortino_non_positive;train_calmar_not_above_validation;train_sharpe_not_above_validation;train_smart_sortino_not_above_validation;train_sortino_not_above_validation,0,locked_oos_calmar_non_positive;locked_oos_return_non_positive;locked_oos_sharpe_non_positive;locked_oos_smart_sortino_non_positive;locked_oos_sortino_non_positive;train_calmar_not_above_validation;train_sharpe_not_above_validation;train_smart_sortino_not_above_validation;train_sortino_not_above_validation,0,47.54241517240916,0.058597079261116125,0.002687178545393021,-0.0038879286150801384,"{""train_total_return"": 0.058597079261116125, ""train_validation"": {""locked_oos"": {""account_wipeout_count"": 0, ""active_return_hours"": 2, ""cagr"": -0.030141460455504365, ""calmar"": -6.051172247102571, ""liquidation_count"": 0, ""margin_buffer_positive"": true, ""margin_replay_available"": true, ""max_drawdown"": 0.004981094443301748, ""minimum_margin_buffer"": 9808.043537509917, ""return_mdd"": -0.7805370203948596, ""sharpe"": -2.1330433307107253, ""smart_sortino"": -0.06510301201714687, ""sortino"": -0.06542729626854768, ""total_return"": -0.0038879286150801384, ""trade_count"": 2}, ""train"": {""account_wipeout_count"": 0, ""active_return_hours"": 16, ""cagr"": 0.058597079261116125, ""calmar"": 2.8305931930992116, ""liquidation_count"": 0, ""margin_buffer_positive"": true, ""margin_replay_available"": true, ""max_drawdown"": 0.020701342532714242, ""minimum_margin_buffer"": 9524.41885128694, ""return_mdd"": 2.8305931930992116, ""sharpe"": 1.0755689720032593, ""smart_sortino"": 0.10526571305303413, ""sortino"": 0.1074448546358954, ""total_return"": 0.058597079261116125, ""trade_count"": 16}, ""validation"": {""account_wipeout_count"": 0, ""active_return_hours"": 2, ""cagr"": 0.010963238069994885, ""calmar"": 463.15443354325043, ""liquidation_count"": 0, ""margin_buffer_positive"": true, ""margin_replay_available"": true, ""max_drawdown"": 2.367080454379611e-05, ""minimum_margin_buffer"": 9777.154693423747, ""return_mdd"": 113.52290710783231, ""sharpe"": 1.9980234954019915, ""smart_sortino"": 4.928183739336465, ""sortino"": 4.928300393410514, ""total_return"": 0.002687178545393021, ""trade_count"": 2}}, ""validation_total_return"": 0.002687178545393021}",research_only_locked_oos_gate_fail
higher_risk_train_return_tilt_v1,fresh_tv10_filter_abs_score_ge_1p5_alpha_zoo_quality_single_pair_7p0x_0p2alloc,higher_risk_train_return_tilt_v1,alpha_zoo_quality_single_pair,quality_single_pair,fresh_tv10_filter_side_long_abs_score_ge_2p5_alpha_zoo_slow_residual_pair_3p0x_0p125alloc,individual_seed_trade_filter,fresh_train_validation_10bps_trade_filter,alpha_zoo_slow_residual_pair,slow_residual_pair,side_long_abs_score_ge_2.5,,0.028239707747676333,0.028239707747676333,0.028239707747676333,train;validation,train;validation,train;validation,False,False,False,locked_oos_calmar_non_positive;locked_oos_return_non_positive;locked_oos_sharpe_non_positive;locked_oos_smart_sortino_non_positive;locked_oos_sortino_non_positive;train_calmar_not_above_validation;train_sharpe_not_above_validation;train_smart_sortino_not_above_validation;train_sortino_not_above_validation,0,locked_oos_calmar_non_positive;locked_oos_return_non_positive;locked_oos_sharpe_non_positive;locked_oos_smart_sortino_non_positive;locked_oos_sortino_non_positive;train_calmar_not_above_validation;train_sharpe_not_above_validation;train_smart_sortino_not_above_validation;train_sortino_not_above_validation,0,47.54241517240916,0.058597079261116125,0.002687178545393021,-0.0038879286150801384,"{""train_total_return"": 0.058597079261116125, ""train_validation"": {""locked_oos"": {""account_wipeout_count"": 0, ""active_return_hours"": 2, ""cagr"": -0.030141460455504365, ""calmar"": -6.051172247102571, ""liquidation_count"": 0, ""margin_buffer_positive"": true, ""margin_replay_available"": true, ""max_drawdown"": 0.004981094443301748, ""minimum_margin_buffer"": 9808.043537509917, ""return_mdd"": -0.7805370203948596, ""sharpe"": -2.1330433307107253, ""smart_sortino"": -0.06510301201714687, ""sortino"": -0.06542729626854768, ""total_return"": -0.0038879286150801384, ""trade_count"": 2}, ""train"": {""account_wipeout_count"": 0, ""active_return_hours"": 16, ""cagr"": 0.058597079261116125, ""calmar"": 2.8305931930992116, ""liquidation_count"": 0, ""margin_buffer_positive"": true, ""margin_replay_available"": true, ""max_drawdown"": 0.020701342532714242, ""minimum_margin_buffer"": 9524.41885128694, ""return_mdd"": 2.8305931930992116, ""sharpe"": 1.0755689720032593, ""smart_sortino"": 0.10526571305303413, ""sortino"": 0.1074448546358954, ""total_return"": 0.058597079261116125, ""trade_count"": 16}, ""validation"": {""account_wipeout_count"": 0, ""active_return_hours"": 2, ""cagr"": 0.010963238069994885, ""calmar"": 463.15443354325043, ""liquidation_count"": 0, ""margin_buffer_positive"": true, ""margin_replay_available"": true, ""max_drawdown"": 2.367080454379611e-05, ""minimum_margin_buffer"": 9777.154693423747, ""return_mdd"": 113.52290710783231, ""sharpe"": 1.9980234954019915, ""smart_sortino"": 4.928183739336465, ""sortino"": 4.928300393410514, ""total_return"": 0.002687178545393021, ""trade_count"": 2}}, ""validation_total_return"": 0.002687178545393021}",research_only_locked_oos_gate_fail
higher_risk_train_return_tilt_v1,fresh_tv10_filter_abs_score_ge_1p5_alpha_zoo_quality_single_pair_7p0x_0p2alloc,higher_risk_train_return_tilt_v1,alpha_zoo_quality_single_pair,quality_single_pair,fresh_tv10_filter_side_long_abs_score_ge_2p5_alpha_zoo_slow_residual_pair_4p0x_0p1alloc,individual_seed_trade_filter,fresh_train_validation_10bps_trade_filter,alpha_zoo_slow_residual_pair,slow_residual_pair,side_long_abs_score_ge_2.5,,0.02823970774767638,0.02823970774767638,0.02823970774767638,train;validation,train;validation,train;validation,False,False,False,locked_oos_calmar_non_positive;locked_oos_return_non_positive;locked_oos_sharpe_non_positive;locked_oos_smart_sortino_non_positive;locked_oos_sortino_non_positive;train_calmar_not_above_validation;train_sharpe_not_above_validation;train_smart_sortino_not_above_validation;train_sortino_not_above_validation,0,locked_oos_calmar_non_positive;locked_oos_return_non_positive;locked_oos_sharpe_non_positive;locked_oos_smart_sortino_non_positive;locked_oos_sortino_non_positive;train_calmar_not_above_validation;train_sharpe_not_above_validation;train_smart_sortino_not_above_validation;train_sortino_not_above_validation,0,47.55781507057199,0.06251572668854788,0.0028663192185880426,-0.004147513006014347,"{""train_total_return"": 0.06251572668854788, ""train_validation"": {""locked_oos"": {""account_wipeout_count"": 0, ""active_return_hours"": 2, ""cagr"": -0.03212536161899682, ""calmar"": -6.046367291491512, ""liquidation_count"": 0, ""margin_buffer_positive"": true, ""margin_replay_available"": true, ""max_drawdown"": 0.005313167406188479, ""minimum_margin_buffer"": 9795.246440010578, ""return_mdd"": -0.7806102629447657, ""sharpe"": -2.1330433307106205, ""smart_sortino"": -0.0650815073250797, ""sortino"": -0.06542729626854493, ""total_return"": -0.004147513006014347, ""trade_count"": 2}, ""train"": {""account_wipeout_count"": 0, ""active_return_hours"": 16, ""cagr"": 0.06251572668854788, ""calmar"": 2.8325734335110093, ""liquidation_count"": 0, ""margin_buffer_positive"": true, ""margin_replay_available"": true, ""max_drawdown"": 0.022070293376669454, ""minimum_margin_buffer"": 9492.713441372736, ""return_mdd"": 2.8325734335110093, ""sharpe"": 1.0755689720032606, ""smart_sortino"": 0.10512472119791694, ""sortino"": 0.10744485463589555, ""total_return"": 0.06251572668854788, ""trade_count"": 16}, ""validation"": {""account_wipeout_count"": 0, ""active_return_hours"": 2, ""cagr"": 0.011697309439648862, ""calmar"": 463.2807296157586, ""liquidation_count"": 0, ""margin_buffer_positive"": true, ""margin_replay_available"": true, ""max_drawdown"": 2.5248858180115796e-05, ""minimum_margin_buffer"": 9762.298339651998, ""return_mdd"": 113.52272637997356, ""sharpe"": 1.9980234954019456, ""smart_sortino"": 4.9281759625816095, ""sortino"": 4.928300393397576, ""total_return"": 0.0028663192185880426, ""trade_count"": 2}}, ""validation_total_return"": 0.0028663192185880426}",research_only_locked_oos_gate_fail
higher_risk_train_return_tilt_v1,fresh_tv10_filter_abs_score_ge_1p5_alpha_zoo_quality_single_pair_7p0x_0p2alloc,higher_risk_train_return_tilt_v1,alpha_zoo_quality_single_pair,quality_single_pair,fresh_tv10_filter_side_long_abs_score_ge_2p5_alpha_zoo_slow_residual_pair_2p0x_0p2alloc,individual_seed_trade_filter,fresh_train_validation_10bps_trade_filter,alpha_zoo_slow_residual_pair,slow_residual_pair,side_long_abs_score_ge_2.5,,0.02823970774767638,0.02823970774767638,0.02823970774767638,train;validation,train;validation,train;validation,False,False,False,locked_oos_calmar_non_positive;locked_oos_return_non_positive;locked_oos_sharpe_non_positive;locked_oos_smart_sortino_non_positive;locked_oos_sortino_non_positive;train_calmar_not_above_validation;train_sharpe_not_above_validation;train_smart_sortino_not_above_validation;train_sortino_not_above_validation,0,locked_oos_calmar_non_positive;locked_oos_return_non_positive;locked_oos_sharpe_non_positive;locked_oos_smart_sortino_non_positive;locked_oos_sortino_non_positive;train_calmar_not_above_validation;train_sharpe_not_above_validation;train_smart_sortino_not_above_validation;train_sortino_not_above_validation,0,47.55781507057199,0.06251572668854788,0.0028663192185880426,-0.004147513006014347,"{""train_total_return"": 0.06251572668854788, ""train_validation"": {""locked_oos"": {""account_wipeout_count"": 0, ""active_return_hours"": 2, ""cagr"": -0.03212536161899682, ""calmar"": -6.046367291491512, ""liquidation_count"": 0, ""margin_buffer_positive"": true, ""margin_replay_available"": true, ""max_drawdown"": 0.005313167406188479, ""minimum_margin_buffer"": 9795.246440010578, ""return_mdd"": -0.7806102629447657, ""sharpe"": -2.1330433307106205, ""smart_sortino"": -0.0650815073250797, ""sortino"": -0.06542729626854493, ""total_return"": -0.004147513006014347, ""trade_count"": 2}, ""train"": {""account_wipeout_count"": 0, ""active_return_hours"": 16, ""cagr"": 0.06251572668854788, ""calmar"": 2.8325734335110093, ""liquidation_count"": 0, ""margin_buffer_positive"": true, ""margin_replay_available"": true, ""max_drawdown"": 0.022070293376669454, ""minimum_margin_buffer"": 9492.713441372736, ""return_mdd"": 2.8325734335110093, ""sharpe"": 1.0755689720032606, ""smart_sortino"": 0.10512472119791694, ""sortino"": 0.10744485463589555, ""total_return"": 0.06251572668854788, ""trade_count"": 16}, ""validation"": {""account_wipeout_count"": 0, ""active_return_hours"": 2, ""cagr"": 0.011697309439648862, ""calmar"": 463.2807296157586, ""liquidation_count"": 0, ""margin_buffer_positive"": true, ""margin_replay_available"": true, ""max_drawdown"": 2.5248858180115796e-05, ""minimum_margin_buffer"": 9762.298339651998, ""return_mdd"": 113.52272637997356, ""sharpe"": 1.9980234954019456, ""smart_sortino"": 4.9281759625816095, ""sortino"": 4.928300393397576, ""total_return"": 0.0028663192185880426, ""trade_count"": 2}}, ""validation_total_return"": 0.0028663192185880426}",research_only_locked_oos_gate_fail
higher_risk_train_return_tilt_v1,fresh_tv10_filter_abs_score_ge_1p5_alpha_zoo_quality_single_pair_7p0x_0p2alloc,higher_risk_train_return_tilt_v1,alpha_zoo_quality_single_pair,quality_single_pair,fresh_tv10_filter_side_long_abs_score_ge_2p5_alpha_zoo_slow_residual_pair_3p0x_0p03alloc,individual_seed_trade_filter,fresh_train_validation_10bps_trade_filter,alpha_zoo_slow_residual_pair,slow_residual_pair,side_long_abs_score_ge_2.5,,0.028239707747676406,0.028239707747676406,0.028239707747676406,train;validation,train;validation,train;validation,False,False,False,locked_oos_calmar_non_positive;locked_oos_return_non_positive;locked_oos_sharpe_non_positive;locked_oos_smart_sortino_non_positive;locked_oos_sortino_non_positive;train_calmar_not_above_validation;train_sharpe_not_above_validation;train_smart_sortino_not_above_validation;train_sortino_not_above_validation,0,locked_oos_calmar_non_positive;locked_oos_return_non_positive;locked_oos_sharpe_non_positive;locked_oos_smart_sortino_non_positive;locked_oos_sortino_non_positive;train_calmar_not_above_validation;train_sharpe_not_above_validation;train_smart_sortino_not_above_validation;train_sortino_not_above_validation,0,47.367096766411045,0.014027687881511985,0.0006449345554118135,-0.0009321046980511616,"{""train_total_return"": 0.014027687881511985, ""train_validation"": {""locked_oos"": {""account_wipeout_count"": 0, ""active_return_hours"": 2, ""cagr"": -0.0072997243528483136, ""calmar"": -6.10619181850088, ""liquidation_count"": 0, ""margin_buffer_positive"": true, ""margin_replay_available"": true, ""max_drawdown"": 0.0011954626663923662, ""minimum_margin_buffer"": 9953.93044900238, ""return_mdd"": -0.7797020553256097, ""sharpe"": -2.1330433307107883, ""smart_sortino"": -0.0653491737710265, ""sortino"": -0.06542729626854936, ""total_return"": -0.0009321046980511616, ""trade_count"": 2}, ""train"": {""account_wipeout_count"": 0, ""active_return_hours"": 16, ""cagr"": 0.014027687881511985, ""calmar"": 2.8072388721346835, ""liquidation_count"": 0, ""margin_buffer_positive"": true, ""margin_replay_available"": true, ""max_drawdown"": 0.004996969805724098, ""minimum_margin_buffer"": 9885.860524308866, ""return_mdd"": 2.8072388721346835, ""sharpe"": 1.0755689720032673, ""smart_sortino"": 0.10691062546851834, ""sortino"": 0.10744485463589562, ""total_return"": 0.014027687881511985, ""trade_count"": 16}, ""validation"": {""account_wipeout_count"": 0, ""active_return_hours"": 2, ""cagr"": 0.002623010000018855, ""calmar"": 461.7168087041165, ""liquidation_count"": 0, ""margin_buffer_positive"": true, ""margin_replay_available"": true, ""max_drawdown"": 5.680993090506625e-06, ""minimum_margin_buffer"": 9946.517126421699, ""return_mdd"": 113.52496740218689, ""sharpe"": 1.9980234954020046, ""smart_sortino"": 4.928272395932766, ""sortino"": 4.9283003934141965, ""total_return"": 0.0006449345554118135, ""trade_count"": 2}}, ""validation_total_return"": 0.0006449345554118135}",research_only_locked_oos_gate_fail
higher_risk_train_return_tilt_v1,fresh_tv10_filter_abs_score_ge_1p5_alpha_zoo_quality_single_pair_7p0x_0p2alloc,higher_risk_train_return_tilt_v1,alpha_zoo_quality_single_pair,quality_single_pair,fresh_tv10_filter_side_long_abs_score_ge_2p5_alpha_zoo_slow_residual_pair_6p0x_0p1alloc,individual_seed_trade_filter,fresh_train_validation_10bps_trade_filter,alpha_zoo_slow_residual_pair,slow_residual_pair,side_long_abs_score_ge_2.5,,0.028239707747676413,0.028239707747676413,0.028239707747676413,train;validation,train;validation,train;validation,False,False,False,locked_oos_calmar_non_positive;locked_oos_return_non_positive;locked_oos_sharpe_non_positive;locked_oos_smart_sortino_non_positive;locked_oos_sortino_non_positive;train_calmar_not_above_validation;train_sharpe_not_above_validation;train_smart_sortino_not_above_validation;train_sortino_not_above_validation,0,locked_oos_calmar_non_positive;locked_oos_return_non_positive;locked_oos_sharpe_non_positive;locked_oos_smart_sortino_non_positive;locked_oos_sortino_non_positive;train_calmar_not_above_validation;train_sharpe_not_above_validation;train_smart_sortino_not_above_validation;train_sortino_not_above_validation,0,47.68113364429665,0.093904771975579,0.004299424069905022,-0.006225939308170725,"{""train_total_return"": 0.093904771975579, ""train_validation"": {""locked_oos"": {""account_wipeout_count"": 0, ""active_return_hours"": 2, ""cagr"": -0.047882673094000405, ""calmar"": -6.0080512474510055, ""liquidation_count"": 0, ""margin_buffer_positive"": true, ""margin_replay_available"": true, ""max_drawdown"": 0.007969751109282774, ""minimum_margin_buffer"": 9692.869660015867, ""return_mdd"": -0.7811962033442997, ""sharpe"": -2.1330433307106693, ""smart_sortino"": -0.06490997988435933, ""sortino"": -0.06542729626854624, ""total_return"": -0.006225939308170725, ""trade_count"": 2}, ""train"": {""account_wipeout_count"": 0, ""active_return_hours"": 16, ""cagr"": 0.093904771975579, ""calmar"": 2.848012452742614, ""liquidation_count"": 0, ""margin_buffer_positive"": true, ""margin_replay_available"": true, ""max_drawdown"": 0.032972037002559254, ""minimum_margin_buffer"": 9239.070162059104, ""return_mdd"": 2.848012452742614, ""sharpe"": 1.075568972003266, ""smart_sortino"": 0.10401525964601704, ""sortino"": 0.10744485463589633, ""total_return"": 0.093904771975579, ""trade_count"": 16}, ""validation"": {""account_wipeout_count"": 0, ""active_return_hours"": 2, ""cagr"": 0.017584271658348527, ""calmar"": 464.2921944676934, ""liquidation_count"": 0, ""margin_buffer_positive"": true, ""margin_replay_available"": true, ""max_drawdown"": 3.787328727011818e-05, ""minimum_margin_buffer"": 9643.447509477995, ""return_mdd"": 113.52128055958967, ""sharpe"": 1.998023495401971, ""smart_sortino"": 4.928113749536999, ""sortino"": 4.928300393404736, ""total_return"": 0.004299424069905022, ""trade_count"": 2}}, ""validation_total_return"": 0.004299424069905022}",research_only_locked_oos_gate_fail
higher_risk_train_return_tilt_v1,fresh_tv10_filter_abs_score_ge_1p5_alpha_zoo_quality_single_pair_7p0x_0p2alloc,higher_risk_train_return_tilt_v1,alpha_zoo_quality_single_pair,quality_single_pair,fresh_tv10_filter_side_long_abs_score_ge_2p5_alpha_zoo_slow_residual_pair_4p0x_0p15alloc,individual_seed_trade_filter,fresh_train_validation_10bps_trade_filter,alpha_zoo_slow_residual_pair,slow_residual_pair,side_long_abs_score_ge_2.5,,0.028239707747676413,0.028239707747676413,0.028239707747676413,train;validation,train;validation,train;validation,False,False,False,locked_oos_calmar_non_positive;locked_oos_return_non_positive;locked_oos_sharpe_non_positive;locked_oos_smart_sortino_non_positive;locked_oos_sortino_non_positive;train_calmar_not_above_validation;train_sharpe_not_above_validation;train_smart_sortino_not_above_validation;train_sortino_not_above_validation,0,locked_oos_calmar_non_positive;locked_oos_return_non_positive;locked_oos_sharpe_non_positive;locked_oos_smart_sortino_non_positive;locked_oos_sortino_non_positive;train_calmar_not_above_validation;train_sharpe_not_above_validation;train_smart_sortino_not_above_validation;train_sortino_not_above_validation,0,47.68113364429665,0.093904771975579,0.004299424069905022,-0.006225939308170725,"{""train_total_return"": 0.093904771975579, ""train_validation"": {""locked_oos"": {""account_wipeout_count"": 0, ""active_return_hours"": 2, ""cagr"": -0.047882673094000405, ""calmar"": -6.0080512474510055, ""liquidation_count"": 0, ""margin_buffer_positive"": true, ""margin_replay_available"": true, ""max_drawdown"": 0.007969751109282774, ""minimum_margin_buffer"": 9692.869660015867, ""return_mdd"": -0.7811962033442997, ""sharpe"": -2.1330433307106693, ""smart_sortino"": -0.06490997988435933, ""sortino"": -0.06542729626854624, ""total_return"": -0.006225939308170725, ""trade_count"": 2}, ""train"": {""account_wipeout_count"": 0, ""active_return_hours"": 16, ""cagr"": 0.093904771975579, ""calmar"": 2.848012452742614, ""liquidation_count"": 0, ""margin_buffer_positive"": true, ""margin_replay_available"": true, ""max_drawdown"": 0.032972037002559254, ""minimum_margin_buffer"": 9239.070162059104, ""return_mdd"": 2.848012452742614, ""sharpe"": 1.075568972003266, ""smart_sortino"": 0.10401525964601704, ""sortino"": 0.10744485463589633, ""total_return"": 0.093904771975579, ""trade_count"": 16}, ""validation"": {""account_wipeout_count"": 0, ""active_return_hours"": 2, ""cagr"": 0.017584271658348527, ""calmar"": 464.2921944676934, ""liquidation_count"": 0, ""margin_buffer_positive"": true, ""margin_replay_available"": true, ""max_drawdown"": 3.787328727011818e-05, ""minimum_margin_buffer"": 9643.447509477995, ""return_mdd"": 113.52128055958967, ""sharpe"": 1.998023495401971, ""smart_sortino"": 4.928113749536999, ""sortino"": 4.928300393404736, ""total_return"": 0.004299424069905022, ""trade_count"": 2}}, ""validation_total_return"": 0.004299424069905022}",research_only_locked_oos_gate_fail
higher_risk_train_return_tilt_v1,fresh_tv10_filter_abs_score_ge_1p5_alpha_zoo_quality_single_pair_7p0x_0p2alloc,higher_risk_train_return_tilt_v1,alpha_zoo_quality_single_pair,quality_single_pair,fresh_tv10_filter_side_long_abs_score_ge_2p5_alpha_zoo_slow_residual_pair_3p0x_0p2alloc,individual_seed_trade_filter,fresh_train_validation_10bps_trade_filter,alpha_zoo_slow_residual_pair,slow_residual_pair,side_long_abs_score_ge_2.5,,0.028239707747676413,0.028239707747676413,0.028239707747676413,train;validation,train;validation,train;validation,False,False,False,locked_oos_calmar_non_positive;locked_oos_return_non_positive;locked_oos_sharpe_non_positive;locked_oos_smart_sortino_non_positive;locked_oos_sortino_non_positive;train_calmar_not_above_validation;train_sharpe_not_above_validation;train_smart_sortino_not_above_validation;train_sortino_not_above_validation,0,locked_oos_calmar_non_positive;locked_oos_return_non_positive;locked_oos_sharpe_non_positive;locked_oos_smart_sortino_non_positive;locked_oos_sortino_non_positive;train_calmar_not_above_validation;train_sharpe_not_above_validation;train_smart_sortino_not_above_validation;train_sortino_not_above_validation,0,47.68113364429665,0.093904771975579,0.004299424069905022,-0.006225939308170725,"{""train_total_return"": 0.093904771975579, ""train_validation"": {""locked_oos"": {""account_wipeout_count"": 0, ""active_return_hours"": 2, ""cagr"": -0.047882673094000405, ""calmar"": -6.0080512474510055, ""liquidation_count"": 0, ""margin_buffer_positive"": true, ""margin_replay_available"": true, ""max_drawdown"": 0.007969751109282774, ""minimum_margin_buffer"": 9692.869660015867, ""return_mdd"": -0.7811962033442997, ""sharpe"": -2.1330433307106693, ""smart_sortino"": -0.06490997988435933, ""sortino"": -0.06542729626854624, ""total_return"": -0.006225939308170725, ""trade_count"": 2}, ""train"": {""account_wipeout_count"": 0, ""active_return_hours"": 16, ""cagr"": 0.093904771975579, ""calmar"": 2.848012452742614, ""liquidation_count"": 0, ""margin_buffer_positive"": true, ""margin_replay_available"": true, ""max_drawdown"": 0.032972037002559254, ""minimum_margin_buffer"": 9239.070162059104, ""return_mdd"": 2.848012452742614, ""sharpe"": 1.075568972003266, ""smart_sortino"": 0.10401525964601704, ""sortino"": 0.10744485463589633, ""total_return"": 0.093904771975579, ""trade_count"": 16}, ""validation"": {""account_wipeout_count"": 0, ""active_return_hours"": 2, ""cagr"": 0.017584271658348527, ""calmar"": 464.2921944676934, ""liquidation_count"": 0, ""margin_buffer_positive"": true, ""margin_replay_available"": true, ""max_drawdown"": 3.787328727011818e-05, ""minimum_margin_buffer"": 9643.447509477995, ""return_mdd"": 113.52128055958967, ""sharpe"": 1.998023495401971, ""smart_sortino"": 4.928113749536999, ""sortino"": 4.928300393404736, ""total_return"": 0.004299424069905022, ""trade_count"": 2}}, ""validation_total_return"": 0.004299424069905022}",research_only_locked_oos_gate_fail
higher_risk_train_return_tilt_v1,fresh_tv10_filter_abs_score_ge_1p5_alpha_zoo_quality_single_pair_7p0x_0p2alloc,higher_risk_train_return_tilt_v1,alpha_zoo_quality_single_pair,quality_single_pair,fresh_tv10_filter_side_long_abs_score_ge_2p5_alpha_zoo_slow_residual_pair_7p0x_0p15alloc,individual_seed_trade_filter,fresh_train_validation_10bps_trade_filter,alpha_zoo_slow_residual_pair,slow_residual_pair,side_long_abs_score_ge_2.5,,0.028239707747676458,0.028239707747676458,0.028239707747676458,train;validation,train;validation,train;validation,False,False,False,locked_oos_calmar_non_positive;locked_oos_return_non_positive;locked_oos_sharpe_non_positive;locked_oos_smart_sortino_non_positive;locked_oos_sortino_non_positive;train_calmar_not_above_validation;train_sharpe_not_above_validation;train_smart_sortino_not_above_validation;train_sortino_not_above_validation,0,locked_oos_calmar_non_positive;locked_oos_return_non_positive;locked_oos_sharpe_non_positive;locked_oos_smart_sortino_non_positive;locked_oos_sortino_non_positive;train_calmar_not_above_validation;train_sharpe_not_above_validation;train_smart_sortino_not_above_validation;train_sortino_not_above_validation,0,47.95934988008926,0.1646795843255402,0.007523776512800229,-0.010913781123448207,"{""train_total_return"": 0.1646795843255402, ""train_validation"": {""locked_oos"": {""account_wipeout_count"": 0, ""active_return_hours"": 2, ""cagr"": -0.08260346586211931, ""calmar"": -5.9226417293836375, ""liquidation_count"": 0, ""margin_buffer_positive"": true, ""margin_replay_available"": true, ""max_drawdown"": 0.013947064441244827, ""minimum_margin_buffer"": 9462.52190502777, ""return_mdd"": -0.7825145692432257, ""sharpe"": -2.133043330710681, ""smart_sortino"": -0.06452732944653429, ""sortino"": -0.06542729626854653, ""total_return"": -0.010913781123448207, ""trade_count"": 2}, ""train"": {""account_wipeout_count"": 0, ""active_return_hours"": 16, ""cagr"": 0.1646795843255402, ""calmar"": 2.88008362739724, ""liquidation_count"": 0, ""margin_buffer_positive"": true, ""margin_replay_available"": true, ""max_drawdown"": 0.057178750908133444, ""minimum_margin_buffer"": 8668.372783603434, ""return_mdd"": 2.88008362739724, ""sharpe"": 1.0755689720032673, ""smart_sortino"": 0.10163357383375289, ""sortino"": 0.10744485463589643, ""total_return"": 0.1646795843255402, ""trade_count"": 16}, ""validation"": {""account_wipeout_count"": 0, ""active_return_hours"": 2, ""cagr"": 0.030923784017361733, ""calmar"": 466.57512452408685, ""liquidation_count"": 0, ""margin_buffer_positive"": true, ""margin_replay_available"": true, ""max_drawdown"": 6.627825272276233e-05, ""minimum_margin_buffer"": 9376.033141586493, ""return_mdd"": 113.51802746327218, ""sharpe"": 1.9980234954019562, ""smart_sortino"": 4.927973775909276, ""sortino"": 4.928300393400607, ""total_return"": 0.007523776512800229, ""trade_count"": 2}}, ""validation_total_return"": 0.007523776512800229}",research_only_locked_oos_gate_fail
higher_risk_train_return_tilt_v1,fresh_tv10_filter_abs_score_ge_1p5_alpha_zoo_quality_single_pair_7p0x_0p2alloc,higher_risk_train_return_tilt_v1,alpha_zoo_quality_single_pair,quality_single_pair,fresh_tv10_filter_side_long_abs_score_ge_2p5_alpha_zoo_slow_residual_pair_6p0x_0p175alloc,individual_seed_trade_filter,fresh_train_validation_10bps_trade_filter,alpha_zoo_slow_residual_pair,slow_residual_pair,side_long_abs_score_ge_2.5,,0.028239707747676476,0.028239707747676476,0.028239707747676476,train;validation,train;validation,train;validation,False,False,False,locked_oos_calmar_non_positive;locked_oos_return_non_positive;locked_oos_sharpe_non_positive;locked_oos_smart_sortino_non_positive;locked_oos_sortino_non_positive;train_calmar_not_above_validation;train_sharpe_not_above_validation;train_smart_sortino_not_above_validation;train_sortino_not_above_validation,0,locked_oos_calmar_non_positive;locked_oos_return_non_positive;locked_oos_sharpe_non_positive;locked_oos_smart_sortino_non_positive;locked_oos_sortino_non_positive;train_calmar_not_above_validation;train_sharpe_not_above_validation;train_smart_sortino_not_above_validation;train_sortino_not_above_validation,0,47.95934988008926,0.16467958432553997,0.007523776512800229,-0.010913781123448207,"{""train_total_return"": 0.16467958432553997, ""train_validation"": {""locked_oos"": {""account_wipeout_count"": 0, ""active_return_hours"": 2, ""cagr"": -0.08260346586211931, ""calmar"": -5.9226417293836375, ""liquidation_count"": 0, ""margin_buffer_positive"": true, ""margin_replay_available"": true, ""max_drawdown"": 0.013947064441244827, ""minimum_margin_buffer"": 9462.52190502777, ""return_mdd"": -0.7825145692432257, ""sharpe"": -2.133043330710681, ""smart_sortino"": -0.06452732944653429, ""sortino"": -0.06542729626854653, ""total_return"": -0.010913781123448207, ""trade_count"": 2}, ""train"": {""account_wipeout_count"": 0, ""active_return_hours"": 16, ""cagr"": 0.16467958432553997, ""calmar"": 2.8800836273972354, ""liquidation_count"": 0, ""margin_buffer_positive"": true, ""margin_replay_available"": true, ""max_drawdown"": 0.05717875090813346, ""minimum_margin_buffer"": 8668.372783603434, ""return_mdd"": 2.8800836273972354, ""sharpe"": 1.0755689720032666, ""smart_sortino"": 0.10163357383375275, ""sortino"": 0.10744485463589629, ""total_return"": 0.16467958432553997, ""trade_count"": 16}, ""validation"": {""account_wipeout_count"": 0, ""active_return_hours"": 2, ""cagr"": 0.030923784017361733, ""calmar"": 466.57512452408685, ""liquidation_count"": 0, ""margin_buffer_positive"": true, ""margin_replay_available"": true, ""max_drawdown"": 6.627825272276233e-05, ""minimum_margin_buffer"": 9376.033141586493, ""return_mdd"": 113.51802746327218, ""sharpe"": 1.9980234954019562, ""smart_sortino"": 4.927973775909276, ""sortino"": 4.928300393400607, ""total_return"": 0.007523776512800229, ""trade_count"": 2}}, ""validation_total_return"": 0.007523776512800229}",research_only_locked_oos_gate_fail
higher_risk_train_return_tilt_v1,fresh_tv10_filter_abs_score_ge_1p5_alpha_zoo_quality_single_pair_7p0x_0p2alloc,higher_risk_train_return_tilt_v1,alpha_zoo_quality_single_pair,quality_single_pair,fresh_tv10_filter_side_long_abs_score_ge_2p5_alpha_zoo_slow_residual_pair_7p0x_0p1alloc,individual_seed_trade_filter,fresh_train_validation_10bps_trade_filter,alpha_zoo_slow_residual_pair,slow_residual_pair,side_long_abs_score_ge_2.5,,0.028239707747676476,0.028239707747676476,0.028239707747676476,train;validation,train;validation,train;validation,False,False,False,locked_oos_calmar_non_positive;locked_oos_return_non_positive;locked_oos_sharpe_non_positive;locked_oos_smart_sortino_non_positive;locked_oos_sortino_non_positive;train_calmar_not_above_validation;train_sharpe_not_above_validation;train_smart_sortino_not_above_validation;train_sortino_not_above_validation,0,locked_oos_calmar_non_positive;locked_oos_return_non_positive;locked_oos_sharpe_non_positive;locked_oos_smart_sortino_non_positive;locked_oos_sortino_non_positive;train_calmar_not_above_validation;train_sharpe_not_above_validation;train_smart_sortino_not_above_validation;train_sortino_not_above_validation,0,47.742871212115155,0.10962046289405913,0.005015962806069307,-0.007266319909036256,"{""train_total_return"": 0.10962046289405913, ""train_validation"": {""locked_oos"": {""account_wipeout_count"": 0, ""active_return_hours"": 2, ""cagr"": -0.055685751830409136, ""calmar"": -5.988975536572349, ""liquidation_count"": 0, ""margin_buffer_positive"": true, ""margin_replay_available"": true, ""max_drawdown"": 0.009298042960829922, ""minimum_margin_buffer"": 9641.681270018513, ""return_mdd"": -0.7814891735440724, ""sharpe"": -2.1330433307106835, ""smart_sortino"": -0.06482455477334735, ""sortino"": -0.0654272962685466, ""total_return"": -0.007266319909036256, ""trade_count"": 2}, ""train"": {""account_wipeout_count"": 0, ""active_return_hours"": 16, ""cagr"": 0.10962046289405913, ""calmar"": 2.855460957611255, ""liquidation_count"": 0, ""margin_buffer_positive"": true, ""margin_replay_available"": true, ""max_drawdown"": 0.03838976071511847, ""minimum_margin_buffer"": 9112.248522402288, ""return_mdd"": 2.855460957611255, ""sharpe"": 1.0755689720032637, ""smart_sortino"": 0.10347256752792035, ""sortino"": 0.10744485463589615, ""total_return"": 0.10962046289405913, ""trade_count"": 16}, ""validation"": {""account_wipeout_count"": 0, ""active_return_hours"": 2, ""cagr"": 0.020537361953417932, ""calmar"": 464.798658150911, ""liquidation_count"": 0, ""margin_buffer_positive"": true, ""margin_replay_available"": true, ""max_drawdown"": 4.418550181517489e-05, ""minimum_margin_buffer"": 9584.022094390994, ""return_mdd"": 113.52055764922072, ""sharpe"": 1.998023495401956, ""smart_sortino"": 4.928082643595942, ""sortino"": 4.928300393400535, ""total_return"": 0.005015962806069307, ""trade_count"": 2}}, ""validation_total_return"": 0.005015962806069307}",research_only_locked_oos_gate_fail
higher_risk_train_return_tilt_v1,fresh_tv10_filter_abs_score_ge_1p5_alpha_zoo_quality_single_pair_7p0x_0p2alloc,higher_risk_train_return_tilt_v1,alpha_zoo_quality_single_pair,quality_single_pair,fresh_tv10_filter_side_long_abs_score_ge_2p5_alpha_zoo_slow_residual_pair_4p0x_0p175alloc,individual_seed_trade_filter,fresh_train_validation_10bps_trade_filter,alpha_zoo_slow_residual_pair,slow_residual_pair,side_long_abs_score_ge_2.5,,0.028239707747676476,0.028239707747676476,0.028239707747676476,train;validation,train;validation,train;validation,False,False,False,locked_oos_calmar_non_positive;locked_oos_return_non_positive;locked_oos_sharpe_non_positive;locked_oos_smart_sortino_non_positive;locked_oos_sortino_non_positive;train_calmar_not_above_validation;train_sharpe_not_above_validation;train_smart_sortino_not_above_validation;train_sortino_not_above_validation,0,locked_oos_calmar_non_positive;locked_oos_return_non_positive;locked_oos_sharpe_non_positive;locked_oos_smart_sortino_non_positive;locked_oos_sortino_non_positive;train_calmar_not_above_validation;train_sharpe_not_above_validation;train_smart_sortino_not_above_validation;train_sortino_not_above_validation,0,47.742871212115155,0.10962046289405913,0.005015962806069307,-0.007266319909036256,"{""train_total_return"": 0.10962046289405913, ""train_validation"": {""locked_oos"": {""account_wipeout_count"": 0, ""active_return_hours"": 2, ""cagr"": -0.055685751830409136, ""calmar"": -5.988975536572349, ""liquidation_count"": 0, ""margin_buffer_positive"": true, ""margin_replay_available"": true, ""max_drawdown"": 0.009298042960829922, ""minimum_margin_buffer"": 9641.681270018513, ""return_mdd"": -0.7814891735440724, ""sharpe"": -2.1330433307106835, ""smart_sortino"": -0.06482455477334735, ""sortino"": -0.0654272962685466, ""total_return"": -0.007266319909036256, ""trade_count"": 2}, ""train"": {""account_wipeout_count"": 0, ""active_return_hours"": 16, ""cagr"": 0.10962046289405913, ""calmar"": 2.855460957611255, ""liquidation_count"": 0, ""margin_buffer_positive"": true, ""margin_replay_available"": true, ""max_drawdown"": 0.03838976071511847, ""minimum_margin_buffer"": 9112.248522402288, ""return_mdd"": 2.855460957611255, ""sharpe"": 1.0755689720032637, ""smart_sortino"": 0.10347256752792035, ""sortino"": 0.10744485463589615, ""total_return"": 0.10962046289405913, ""trade_count"": 16}, ""validation"": {""account_wipeout_count"": 0, ""active_return_hours"": 2, ""cagr"": 0.020537361953417932, ""calmar"": 464.798658150911, ""liquidation_count"": 0, ""margin_buffer_positive"": true, ""margin_replay_available"": true, ""max_drawdown"": 4.418550181517489e-05, ""minimum_margin_buffer"": 9584.022094390994, ""return_mdd"": 113.52055764922072, ""sharpe"": 1.998023495401956, ""smart_sortino"": 4.928082643595942, ""sortino"": 4.928300393400535, ""total_return"": 0.005015962806069307, ""trade_count"": 2}}, ""validation_total_return"": 0.005015962806069307}",research_only_locked_oos_gate_fail
higher_risk_train_return_tilt_v1,fresh_tv10_filter_abs_score_ge_1p5_alpha_zoo_quality_single_pair_7p0x_0p2alloc,higher_risk_train_return_tilt_v1,alpha_zoo_quality_single_pair,quality_single_pair,fresh_tv10_filter_side_long_abs_score_ge_2p5_alpha_zoo_slow_residual_pair_7p0x_0p125alloc,individual_seed_trade_filter,fresh_train_validation_10bps_trade_filter,alpha_zoo_slow_residual_pair,slow_residual_pair,side_long_abs_score_ge_2.5,,0.028239707747676493,0.028239707747676493,0.028239707747676493,train;validation,train;validation,train;validation,False,False,False,locked_oos_calmar_non_positive;locked_oos_return_non_positive;locked_oos_sharpe_non_positive;locked_oos_smart_sortino_non_positive;locked_oos_sortino_non_positive;train_calmar_not_above_validation;train_sharpe_not_above_validation;train_smart_sortino_not_above_validation;train_sortino_not_above_validation,0,locked_oos_calmar_non_positive;locked_oos_return_non_positive;locked_oos_sharpe_non_positive;locked_oos_smart_sortino_non_positive;locked_oos_sortino_non_positive;train_calmar_not_above_validation;train_sharpe_not_above_validation;train_smart_sortino_not_above_validation;train_sortino_not_above_validation,0,47.851034452937974,0.1371441735656378,0.006269883634126838,-0.009088858744584427,"{""train_total_return"": 0.1371441735656378, ""train_validation"": {""locked_oos"": {""account_wipeout_count"": 0, ""active_return_hours"": 2, ""cagr"": -0.06922073214649771, ""calmar"": -5.95572487140407, ""liquidation_count"": 0, ""margin_buffer_positive"": true, ""margin_replay_available"": true, ""max_drawdown"": 0.011622553701037375, ""minimum_margin_buffer"": 9552.10158752314, ""return_mdd"": -0.7820018713936506, ""sharpe"": -2.1330433307106813, ""smart_sortino"": -0.0646756006271111, ""sortino"": -0.06542729626854656, ""total_return"": -0.009088858744584427, ""trade_count"": 2}, ""train"": {""account_wipeout_count"": 0, ""active_return_hours"": 16, ""cagr"": 0.1371441735656378, ""calmar"": 2.868055621091287, ""liquidation_count"": 0, ""margin_buffer_positive"": true, ""margin_replay_available"": true, ""max_drawdown"": 0.04781782213604868, ""minimum_margin_buffer"": 8890.31065300286, ""return_mdd"": 2.868055621091287, ""sharpe"": 1.0755689720032644, ""smart_sortino"": 0.10254154144549896, ""sortino"": 0.1074448546358961, ""total_return"": 0.1371441735656378, ""trade_count"": 16}, ""validation"": {""account_wipeout_count"": 0, ""active_return_hours"": 2, ""cagr"": 0.025720719931057845, ""calmar"": 465.68614363409904, ""liquidation_count"": 0, ""margin_buffer_positive"": true, ""margin_replay_available"": true, ""max_drawdown"": 5.523187726896861e-05, ""minimum_margin_buffer"": 9480.027617988744, ""return_mdd"": 113.51929255624812, ""sharpe"": 1.998023495401956, ""smart_sortino"": 4.928028209151352, ""sortino"": 4.928300393400578, ""total_return"": 0.006269883634126838, ""trade_count"": 2}}, ""validation_total_return"": 0.006269883634126838}",research_only_locked_oos_gate_fail
higher_risk_train_return_tilt_v1,fresh_tv10_filter_abs_score_ge_1p5_alpha_zoo_quality_single_pair_7p0x_0p2alloc,higher_risk_train_return_tilt_v1,alpha_zoo_quality_single_pair,quality_single_pair,fresh_tv10_filter_side_long_abs_score_ge_2p5_alpha_zoo_slow_residual_pair_5p0x_0p175alloc,individual_seed_trade_filter,fresh_train_validation_10bps_trade_filter,alpha_zoo_slow_residual_pair,slow_residual_pair,side_long_abs_score_ge_2.5,,0.028239707747676493,0.028239707747676493,0.028239707747676493,train;validation,train;validation,train;validation,False,False,False,locked_oos_calmar_non_positive;locked_oos_return_non_positive;locked_oos_sharpe_non_positive;locked_oos_smart_sortino_non_positive;locked_oos_sortino_non_positive;train_calmar_not_above_validation;train_sharpe_not_above_validation;train_smart_sortino_not_above_validation;train_sortino_not_above_validation,0,locked_oos_calmar_non_positive;locked_oos_return_non_positive;locked_oos_sharpe_non_positive;locked_oos_smart_sortino_non_positive;locked_oos_sortino_non_positive;train_calmar_not_above_validation;train_sharpe_not_above_validation;train_smart_sortino_not_above_validation;train_sortino_not_above_validation,0,47.851034452937974,0.1371441735656378,0.006269883634126838,-0.009088858744584427,"{""train_total_return"": 0.1371441735656378, ""train_validation"": {""locked_oos"": {""account_wipeout_count"": 0, ""active_return_hours"": 2, ""cagr"": -0.06922073214649771, ""calmar"": -5.95572487140407, ""liquidation_count"": 0, ""margin_buffer_positive"": true, ""margin_replay_available"": true, ""max_drawdown"": 0.011622553701037375, ""minimum_margin_buffer"": 9552.10158752314, ""return_mdd"": -0.7820018713936506, ""sharpe"": -2.1330433307106813, ""smart_sortino"": -0.0646756006271111, ""sortino"": -0.06542729626854656, ""total_return"": -0.009088858744584427, ""trade_count"": 2}, ""train"": {""account_wipeout_count"": 0, ""active_return_hours"": 16, ""cagr"": 0.1371441735656378, ""calmar"": 2.868055621091287, ""liquidation_count"": 0, ""margin_buffer_positive"": true, ""margin_replay_available"": true, ""max_drawdown"": 0.04781782213604868, ""minimum_margin_buffer"": 8890.31065300286, ""return_mdd"": 2.868055621091287, ""sharpe"": 1.0755689720032644, ""smart_sortino"": 0.10254154144549896, ""sortino"": 0.1074448546358961, ""total_return"": 0.1371441735656378, ""trade_count"": 16}, ""validation"": {""account_wipeout_count"": 0, ""active_return_hours"": 2, ""cagr"": 0.025720719931057845, ""calmar"": 465.68614363409904, ""liquidation_count"": 0, ""margin_buffer_positive"": true, ""margin_replay_available"": true, ""max_drawdown"": 5.523187726896861e-05, ""minimum_margin_buffer"": 9480.027617988744, ""return_mdd"": 113.51929255624812, ""sharpe"": 1.998023495401956, ""smart_sortino"": 4.928028209151352, ""sortino"": 4.928300393400578, ""total_return"": 0.006269883634126838, ""trade_count"": 2}}, ""validation_total_return"": 0.006269883634126838}",research_only_locked_oos_gate_fail
higher_risk_train_return_tilt_v1,fresh_tv10_filter_abs_score_ge_1p5_alpha_zoo_quality_single_pair_7p0x_0p2alloc,higher_risk_train_return_tilt_v1,alpha_zoo_quality_single_pair,quality_single_pair,fresh_tv10_filter_side_long_abs_score_ge_2p5_alpha_zoo_slow_residual_pair_4p0x_0p2alloc,individual_seed_trade_filter,fresh_train_validation_10bps_trade_filter,alpha_zoo_slow_residual_pair,slow_residual_pair,side_long_abs_score_ge_2.5,,0.028239707747676535,0.028239707747676535,0.028239707747676535,train;validation,train;validation,train;validation,False,False,False,locked_oos_calmar_non_positive;locked_oos_return_non_positive;locked_oos_sharpe_non_positive;locked_oos_smart_sortino_non_positive;locked_oos_sortino_non_positive;train_calmar_not_above_validation;train_sharpe_not_above_validation;train_smart_sortino_not_above_validation;train_sortino_not_above_validation,0,locked_oos_calmar_non_positive;locked_oos_return_non_positive;locked_oos_sharpe_non_positive;locked_oos_smart_sortino_non_positive;locked_oos_sortino_non_positive;train_calmar_not_above_validation;train_sharpe_not_above_validation;train_smart_sortino_not_above_validation;train_sortino_not_above_validation,0,47.80465989010398,0.1253458204211957,0.0057324924159043444,-0.008307478809759683,"{""train_total_return"": 0.1253458204211957, ""train_validation"": {""locked_oos"": {""account_wipeout_count"": 0, ""active_return_hours"": 2, ""cagr"": -0.06343873666782851, ""calmar"": -5.969954625741571, ""liquidation_count"": 0, ""margin_buffer_positive"": true, ""margin_replay_available"": true, ""max_drawdown"": 0.010626334812376959, ""minimum_margin_buffer"": 9590.492880021158, ""return_mdd"": -0.7817821437438238, ""sharpe"": -2.1330433307106866, ""smart_sortino"": -0.06473935421511975, ""sortino"": -0.06542729626854668, ""total_return"": -0.008307478809759683, ""trade_count"": 2}, ""train"": {""account_wipeout_count"": 0, ""active_return_hours"": 16, ""cagr"": 0.1253458204211957, ""calmar"": 2.8627268658688405, ""liquidation_count"": 0, ""margin_buffer_positive"": true, ""margin_replay_available"": true, ""max_drawdown"": 0.04378546270538217, ""minimum_margin_buffer"": 8985.426882745473, ""return_mdd"": 2.8627268658688405, ""sharpe"": 1.0755689720032644, ""smart_sortino"": 0.10293768065844693, ""sortino"": 0.1074448546358959, ""total_return"": 0.1253458204211957, ""trade_count"": 16}, ""validation"": {""account_wipeout_count"": 0, ""active_return_hours"": 2, ""cagr"": 0.023496870698523464, ""calmar"": 465.30560968154845, ""liquidation_count"": 0, ""margin_buffer_positive"": true, ""margin_replay_available"": true, ""max_drawdown"": 5.049771636023159e-05, ""minimum_margin_buffer"": 9524.596679303995, ""return_mdd"": 113.51983473888033, ""sharpe"": 1.9980234954019451, ""smart_sortino"": 4.928051538048608, ""sortino"": 4.928300393397385, ""total_return"": 0.0057324924159043444, ""trade_count"": 2}}, ""validation_total_return"": 0.0057324924159043444}",research_only_locked_oos_gate_fail
higher_risk_train_return_tilt_v1,fresh_tv10_filter_abs_score_ge_1p5_alpha_zoo_quality_single_pair_7p0x_0p2alloc,higher_risk_train_return_tilt_v1,alpha_zoo_quality_single_pair,quality_single_pair,fresh_tv10_filter_side_long_abs_score_ge_2p5_alpha_zoo_slow_residual_pair_4p0x_0p05alloc,individual_seed_trade_filter,fresh_train_validation_10bps_trade_filter,alpha_zoo_slow_residual_pair,slow_residual_pair,side_long_abs_score_ge_2.5,,0.028239707747676562,0.028239707747676562,0.028239707747676562,train;validation,train;validation,train;validation,False,False,False,locked_oos_calmar_non_positive;locked_oos_return_non_positive;locked_oos_sharpe_non_positive;locked_oos_smart_sortino_non_positive;locked_oos_sortino_non_positive;train_calmar_not_above_validation;train_sharpe_not_above_validation;train_smart_sortino_not_above_validation;train_sortino_not_above_validation,0,locked_oos_calmar_non_positive;locked_oos_return_non_positive;locked_oos_sharpe_non_positive;locked_oos_smart_sortino_non_positive;locked_oos_sortino_non_positive;train_calmar_not_above_validation;train_sharpe_not_above_validation;train_smart_sortino_not_above_validation;train_sortino_not_above_validation,0,47.43471061841707,0.031205301704043897,0.0014331778619529612,-0.0020721999032909943,"{""train_total_return"": 0.031205301704043897, ""train_validation"": {""locked_oos"": {""account_wipeout_count"": 0, ""active_return_hours"": 2, ""cagr"": -0.016165054669056378, ""calmar"": -6.084903197376349, ""liquidation_count"": 0, ""margin_buffer_positive"": true, ""margin_replay_available"": true, ""max_drawdown"": 0.002656583703094295, ""minimum_margin_buffer"": 9897.62322000529, ""return_mdd"": -0.7800243225452934, ""sharpe"": -2.1330433307107683, ""smart_sortino"": -0.06525394370513912, ""sortino"": -0.06542729626854883, ""total_return"": -0.0020721999032909943, ""trade_count"": 2}, ""train"": {""account_wipeout_count"": 0, ""active_return_hours"": 16, ""cagr"": 0.031205301704043897, ""calmar"": 2.8164216797305235, ""liquidation_count"": 0, ""margin_buffer_positive"": true, ""margin_replay_available"": true, ""max_drawdown"": 0.011079769030548591, ""minimum_margin_buffer"": 9746.356720686368, ""return_mdd"": 2.8164216797305235, ""sharpe"": 1.0755689720032724, ""smart_sortino"": 0.1062674359896632, ""sortino"": 0.10744485463589729, ""total_return"": 0.031205301704043897, ""trade_count"": 16}, ""validation"": {""account_wipeout_count"": 0, ""active_return_hours"": 2, ""cagr"": 0.005835910149848411, ""calmar"": 462.27121307766856, ""liquidation_count"": 0, ""margin_buffer_positive"": true, ""margin_replay_available"": true, ""max_drawdown"": 1.2624429090002387e-05, ""minimum_margin_buffer"": 9881.149169825998, ""return_mdd"": 113.52417220101715, ""sharpe"": 1.9980234954020224, ""smart_sortino"": 4.928238177225648, ""sortino"": 4.928300393419056, ""total_return"": 0.0014331778619529612, ""trade_count"": 2}}, ""validation_total_return"": 0.0014331778619529612}",research_only_locked_oos_gate_fail
higher_risk_train_return_tilt_v1,fresh_tv10_filter_abs_score_ge_1p5_alpha_zoo_quality_single_pair_7p0x_0p2alloc,higher_risk_train_return_tilt_v1,alpha_zoo_quality_single_pair,quality_single_pair,fresh_tv10_filter_side_long_abs_score_ge_2p5_alpha_zoo_slow_residual_pair_2p0x_0p1alloc,individual_seed_trade_filter,fresh_train_validation_10bps_trade_filter,alpha_zoo_slow_residual_pair,slow_residual_pair,side_long_abs_score_ge_2.5,,0.028239707747676562,0.028239707747676562,0.028239707747676562,train;validation,train;validation,train;validation,False,False,False,locked_oos_calmar_non_positive;locked_oos_return_non_positive;locked_oos_sharpe_non_positive;locked_oos_smart_sortino_non_positive;locked_oos_sortino_non_positive;train_calmar_not_above_validation;train_sharpe_not_above_validation;train_smart_sortino_not_above_validation;train_sortino_not_above_validation,0,locked_oos_calmar_non_positive;locked_oos_return_non_positive;locked_oos_sharpe_non_positive;locked_oos_smart_sortino_non_positive;locked_oos_sortino_non_positive;train_calmar_not_above_validation;train_sharpe_not_above_validation;train_smart_sortino_not_above_validation;train_sortino_not_above_validation,0,47.43471061841707,0.031205301704043897,0.0014331778619529612,-0.0020721999032909943,"{""train_total_return"": 0.031205301704043897, ""train_validation"": {""locked_oos"": {""account_wipeout_count"": 0, ""active_return_hours"": 2, ""cagr"": -0.016165054669056378, ""calmar"": -6.084903197376349, ""liquidation_count"": 0, ""margin_buffer_positive"": true, ""margin_replay_available"": true, ""max_drawdown"": 0.002656583703094295, ""minimum_margin_buffer"": 9897.62322000529, ""return_mdd"": -0.7800243225452934, ""sharpe"": -2.1330433307107683, ""smart_sortino"": -0.06525394370513912, ""sortino"": -0.06542729626854883, ""total_return"": -0.0020721999032909943, ""trade_count"": 2}, ""train"": {""account_wipeout_count"": 0, ""active_return_hours"": 16, ""cagr"": 0.031205301704043897, ""calmar"": 2.8164216797305235, ""liquidation_count"": 0, ""margin_buffer_positive"": true, ""margin_replay_available"": true, ""max_drawdown"": 0.011079769030548591, ""minimum_margin_buffer"": 9746.356720686368, ""return_mdd"": 2.8164216797305235, ""sharpe"": 1.0755689720032724, ""smart_sortino"": 0.1062674359896632, ""sortino"": 0.10744485463589729, ""total_return"": 0.031205301704043897, ""trade_count"": 16}, ""validation"": {""account_wipeout_count"": 0, ""active_return_hours"": 2, ""cagr"": 0.005835910149848411, ""calmar"": 462.27121307766856, ""liquidation_count"": 0, ""margin_buffer_positive"": true, ""margin_replay_available"": true, ""max_drawdown"": 1.2624429090002387e-05, ""minimum_margin_buffer"": 9881.149169825998, ""return_mdd"": 113.52417220101715, ""sharpe"": 1.9980234954020224, ""smart_sortino"": 4.928238177225648, ""sortino"": 4.928300393419056, ""total_return"": 0.0014331778619529612, ""trade_count"": 2}}, ""validation_total_return"": 0.0014331778619529612}",research_only_locked_oos_gate_fail
higher_risk_train_return_tilt_v1,fresh_tv10_filter_abs_score_ge_1p5_alpha_zoo_quality_single_pair_7p0x_0p2alloc,higher_risk_train_return_tilt_v1,alpha_zoo_quality_single_pair,quality_single_pair,fresh_tv10_filter_side_long_abs_score_ge_2p5_alpha_zoo_slow_residual_pair_1p0x_0p2alloc,individual_seed_trade_filter,fresh_train_validation_10bps_trade_filter,alpha_zoo_slow_residual_pair,slow_residual_pair,side_long_abs_score_ge_2.5,,0.028239707747676562,0.028239707747676562,0.028239707747676562,train;validation,train;validation,train;validation,False,False,False,locked_oos_calmar_non_positive;locked_oos_return_non_positive;locked_oos_sharpe_non_positive;locked_oos_smart_sortino_non_positive;locked_oos_sortino_non_positive;train_calmar_not_above_validation;train_sharpe_not_above_validation;train_smart_sortino_not_above_validation;train_sortino_not_above_validation,0,locked_oos_calmar_non_positive;locked_oos_return_non_positive;locked_oos_sharpe_non_positive;locked_oos_smart_sortino_non_positive;locked_oos_sortino_non_positive;train_calmar_not_above_validation;train_sharpe_not_above_validation;train_smart_sortino_not_above_validation;train_sortino_not_above_validation,0,47.43471061841707,0.031205301704043897,0.0014331778619529612,-0.0020721999032909943,"{""train_total_return"": 0.031205301704043897, ""train_validation"": {""locked_oos"": {""account_wipeout_count"": 0, ""active_return_hours"": 2, ""cagr"": -0.016165054669056378, ""calmar"": -6.084903197376349, ""liquidation_count"": 0, ""margin_buffer_positive"": true, ""margin_replay_available"": true, ""max_drawdown"": 0.002656583703094295, ""minimum_margin_buffer"": 9897.62322000529, ""return_mdd"": -0.7800243225452934, ""sharpe"": -2.1330433307107683, ""smart_sortino"": -0.06525394370513912, ""sortino"": -0.06542729626854883, ""total_return"": -0.0020721999032909943, ""trade_count"": 2}, ""train"": {""account_wipeout_count"": 0, ""active_return_hours"": 16, ""cagr"": 0.031205301704043897, ""calmar"": 2.8164216797305235, ""liquidation_count"": 0, ""margin_buffer_positive"": true, ""margin_replay_available"": true, ""max_drawdown"": 0.011079769030548591, ""minimum_margin_buffer"": 9746.356720686368, ""return_mdd"": 2.8164216797305235, ""sharpe"": 1.0755689720032724, ""smart_sortino"": 0.1062674359896632, ""sortino"": 0.10744485463589729, ""total_return"": 0.031205301704043897, ""trade_count"": 16}, ""validation"": {""account_wipeout_count"": 0, ""active_return_hours"": 2, ""cagr"": 0.005835910149848411, ""calmar"": 462.27121307766856, ""liquidation_count"": 0, ""margin_buffer_positive"": true, ""margin_replay_available"": true, ""max_drawdown"": 1.2624429090002387e-05, ""minimum_margin_buffer"": 9881.149169825998, ""return_mdd"": 113.52417220101715, ""sharpe"": 1.9980234954020224, ""smart_sortino"": 4.928238177225648, ""sortino"": 4.928300393419056, ""total_return"": 0.0014331778619529612, ""trade_count"": 2}}, ""validation_total_return"": 0.0014331778619529612}",research_only_locked_oos_gate_fail
higher_risk_train_return_tilt_v1,fresh_tv10_filter_abs_score_ge_1p5_alpha_zoo_quality_single_pair_7p0x_0p2alloc,higher_risk_train_return_tilt_v1,alpha_zoo_quality_single_pair,quality_single_pair,fresh_tv10_filter_side_long_abs_score_ge_2p5_alpha_zoo_slow_residual_pair_5p0x_0p05alloc,individual_seed_trade_filter,fresh_train_validation_10bps_trade_filter,alpha_zoo_slow_residual_pair,slow_residual_pair,side_long_abs_score_ge_2.5,,0.028239707747676594,0.028239707747676594,0.028239707747676594,train;validation,train;validation,train;validation,False,False,False,locked_oos_calmar_non_positive;locked_oos_return_non_positive;locked_oos_sharpe_non_positive;locked_oos_smart_sortino_non_positive;locked_oos_sortino_non_positive;train_calmar_not_above_validation;train_sharpe_not_above_validation;train_smart_sortino_not_above_validation;train_sortino_not_above_validation,0,locked_oos_calmar_non_positive;locked_oos_return_non_positive;locked_oos_sharpe_non_positive;locked_oos_smart_sortino_non_positive;locked_oos_sortino_non_positive;train_calmar_not_above_validation;train_sharpe_not_above_validation;train_smart_sortino_not_above_validation;train_sortino_not_above_validation,0,47.46546630585734,0.03902408563936888,0.0017914666234850607,-0.0025907363165248443,"{""train_total_return"": 0.03902408563936888, ""train_validation"": {""locked_oos"": {""account_wipeout_count"": 0, ""active_return_hours"": 2, ""cagr"": -0.02017425797930794, ""calmar"": -6.075248585108867, ""liquidation_count"": 0, ""margin_buffer_positive"": true, ""margin_replay_available"": true, ""max_drawdown"": 0.003320729628867758, ""minimum_margin_buffer"": 9872.029025006612, ""return_mdd"": -0.7801708076451218, ""sharpe"": -2.1330433307106387, ""smart_sortino"": -0.0652107490022131, ""sortino"": -0.0654272962685454, ""total_return"": -0.0025907363165248443, ""trade_count"": 2}, ""train"": {""account_wipeout_count"": 0, ""active_return_hours"": 16, ""cagr"": 0.03902408563936888, ""calmar"": 2.820525769203885, ""liquidation_count"": 0, ""margin_buffer_positive"": true, ""margin_replay_available"": true, ""max_drawdown"": 0.013835748662698346, ""minimum_margin_buffer"": 9682.94590085796, ""return_mdd"": 2.820525769203885, ""sharpe"": 1.0755689720032693, ""smart_sortino"": 0.10597856188995321, ""sortino"": 0.10744485463589681, ""total_return"": 0.03902408563936888, ""trade_count"": 16}, ""validation"": {""account_wipeout_count"": 0, ""active_return_hours"": 2, ""cagr"": 0.007298867484817562, ""calmar"": 462.52340966990016, ""liquidation_count"": 0, ""margin_buffer_positive"": true, ""margin_replay_available"": true, ""max_drawdown"": 1.578053636253074e-05, ""minimum_margin_buffer"": 9851.436462282498, ""return_mdd"": 113.5238107456673, ""sharpe"": 1.9980234954019915, ""smart_sortino"": 4.9282226234139985, ""sortino"": 4.92830039341031, ""total_return"": 0.0017914666234850607, ""trade_count"": 2}}, ""validation_total_return"": 0.0017914666234850607}",research_only_locked_oos_gate_fail
higher_risk_train_return_tilt_v1,fresh_tv10_filter_abs_score_ge_1p5_alpha_zoo_quality_single_pair_7p0x_0p2alloc,higher_risk_train_return_tilt_v1,alpha_zoo_quality_single_pair,quality_single_pair,fresh_tv10_filter_side_long_abs_score_ge_2p5_alpha_zoo_slow_residual_pair_2p0x_0p125alloc,individual_seed_trade_filter,fresh_train_validation_10bps_trade_filter,alpha_zoo_slow_residual_pair,slow_residual_pair,side_long_abs_score_ge_2.5,,0.028239707747676594,0.028239707747676594,0.028239707747676594,train;validation,train;validation,train;validation,False,False,False,locked_oos_calmar_non_positive;locked_oos_return_non_positive;locked_oos_sharpe_non_positive;locked_oos_smart_sortino_non_positive;locked_oos_sortino_non_positive;train_calmar_not_above_validation;train_sharpe_not_above_validation;train_smart_sortino_not_above_validation;train_sortino_not_above_validation,0,locked_oos_calmar_non_positive;locked_oos_return_non_positive;locked_oos_sharpe_non_positive;locked_oos_smart_sortino_non_positive;locked_oos_sortino_non_positive;train_calmar_not_above_validation;train_sharpe_not_above_validation;train_smart_sortino_not_above_validation;train_sortino_not_above_validation,0,47.46546630585734,0.03902408563936888,0.0017914666234850607,-0.0025907363165248443,"{""train_total_return"": 0.03902408563936888, ""train_validation"": {""locked_oos"": {""account_wipeout_count"": 0, ""active_return_hours"": 2, ""cagr"": -0.02017425797930794, ""calmar"": -6.075248585108867, ""liquidation_count"": 0, ""margin_buffer_positive"": true, ""margin_replay_available"": true, ""max_drawdown"": 0.003320729628867758, ""minimum_margin_buffer"": 9872.029025006612, ""return_mdd"": -0.7801708076451218, ""sharpe"": -2.1330433307106387, ""smart_sortino"": -0.0652107490022131, ""sortino"": -0.0654272962685454, ""total_return"": -0.0025907363165248443, ""trade_count"": 2}, ""train"": {""account_wipeout_count"": 0, ""active_return_hours"": 16, ""cagr"": 0.03902408563936888, ""calmar"": 2.820525769203885, ""liquidation_count"": 0, ""margin_buffer_positive"": true, ""margin_replay_available"": true, ""max_drawdown"": 0.013835748662698346, ""minimum_margin_buffer"": 9682.94590085796, ""return_mdd"": 2.820525769203885, ""sharpe"": 1.0755689720032693, ""smart_sortino"": 0.10597856188995321, ""sortino"": 0.10744485463589681, ""total_return"": 0.03902408563936888, ""trade_count"": 16}, ""validation"": {""account_wipeout_count"": 0, ""active_return_hours"": 2, ""cagr"": 0.007298867484817562, ""calmar"": 462.52340966990016, ""liquidation_count"": 0, ""margin_buffer_positive"": true, ""margin_replay_available"": true, ""max_drawdown"": 1.578053636253074e-05, ""minimum_margin_buffer"": 9851.436462282498, ""return_mdd"": 113.5238107456673, ""sharpe"": 1.9980234954019915, ""smart_sortino"": 4.9282226234139985, ""sortino"": 4.92830039341031, ""total_return"": 0.0017914666234850607, ""trade_count"": 2}}, ""validation_total_return"": 0.0017914666234850607}",research_only_locked_oos_gate_fail
higher_risk_train_return_tilt_v1,fresh_tv10_filter_abs_score_ge_1p5_alpha_zoo_quality_single_pair_7p0x_0p2alloc,higher_risk_train_return_tilt_v1,alpha_zoo_quality_single_pair,quality_single_pair,fresh_tv10_filter_side_long_abs_score_ge_2p5_alpha_zoo_slow_residual_pair_6p0x_0p075alloc,individual_seed_trade_filter,fresh_train_validation_10bps_trade_filter,alpha_zoo_slow_residual_pair,slow_residual_pair,side_long_abs_score_ge_2.5,,0.028239707747676614,0.028239707747676614,0.028239707747676614,train;validation,train;validation,train;validation,False,False,False,locked_oos_calmar_non_positive;locked_oos_return_non_positive;locked_oos_sharpe_non_positive;locked_oos_smart_sortino_non_positive;locked_oos_sortino_non_positive;train_calmar_not_above_validation;train_sharpe_not_above_validation;train_smart_sortino_not_above_validation;train_sortino_not_above_validation,0,locked_oos_calmar_non_positive;locked_oos_return_non_positive;locked_oos_sharpe_non_positive;locked_oos_smart_sortino_non_positive;locked_oos_sortino_non_positive;train_calmar_not_above_validation;train_sharpe_not_above_validation;train_smart_sortino_not_above_validation;train_sortino_not_above_validation,0,47.58862489158402,0.07035665540324954,0.0032245988537906722,-0.004666827719106759,"{""train_total_return"": 0.07035665540324954, ""train_validation"": {""locked_oos"": {""account_wipeout_count"": 0, ""active_return_hours"": 2, ""cagr"": -0.03608365196832697, ""calmar"": -6.0367676854715775, ""liquidation_count"": 0, ""margin_buffer_positive"": true, ""margin_replay_available"": true, ""max_drawdown"": 0.005977313331962053, ""minimum_margin_buffer"": 9769.652245011901, ""return_mdd"": -0.7807567480446725, ""sharpe"": -2.1330433307106964, ""smart_sortino"": -0.06503854053312691, ""sortino"": -0.06542729626854692, ""total_return"": -0.004666827719106759, ""trade_count"": 2}, ""train"": {""account_wipeout_count"": 0, ""active_return_hours"": 16, ""cagr"": 0.07035665540324954, ""calmar"": 2.836500479393365, ""liquidation_count"": 0, ""margin_buffer_positive"": true, ""margin_replay_available"": true, ""max_drawdown"": 0.02480403437770493, ""minimum_margin_buffer"": 9429.302621544328, ""return_mdd"": 2.836500479393365, ""sharpe"": 1.0755689720032668, ""smart_sortino"": 0.10484429318346734, ""sortino"": 0.10744485463589624, ""total_return"": 0.07035665540324954, ""trade_count"": 16}, ""validation"": {""account_wipeout_count"": 0, ""active_return_hours"": 2, ""cagr"": 0.01316665058508093, ""calmar"": 463.533413093987, ""liquidation_count"": 0, ""margin_buffer_positive"": true, ""margin_replay_available"": true, ""max_drawdown"": 2.840496545264415e-05, ""minimum_margin_buffer"": 9732.585632108496, ""return_mdd"": 113.52236492477417, ""sharpe"": 1.9980234954019365, ""smart_sortino"": 4.928160409168937, ""sortino"": 4.928300393395104, ""total_return"": 0.0032245988537906722, ""trade_count"": 2}}, ""validation_total_return"": 0.0032245988537906722}",research_only_locked_oos_gate_fail
higher_risk_train_return_tilt_v1,fresh_tv10_filter_abs_score_ge_1p5_alpha_zoo_quality_single_pair_7p0x_0p2alloc,higher_risk_train_return_tilt_v1,alpha_zoo_quality_single_pair,quality_single_pair,fresh_tv10_filter_side_long_abs_score_ge_2p5_alpha_zoo_slow_residual_pair_3p0x_0p15alloc,individual_seed_trade_filter,fresh_train_validation_10bps_trade_filter,alpha_zoo_slow_residual_pair,slow_residual_pair,side_long_abs_score_ge_2.5,,0.028239707747676614,0.028239707747676614,0.028239707747676614,train;validation,train;validation,train;validation,False,False,False,locked_oos_calmar_non_positive;locked_oos_return_non_positive;locked_oos_sharpe_non_positive;locked_oos_smart_sortino_non_positive;locked_oos_sortino_non_positive;train_calmar_not_above_validation;train_sharpe_not_above_validation;train_smart_sortino_not_above_validation;train_sortino_not_above_validation,0,locked_oos_calmar_non_positive;locked_oos_return_non_positive;locked_oos_sharpe_non_positive;locked_oos_smart_sortino_non_positive;locked_oos_sortino_non_positive;train_calmar_not_above_validation;train_sharpe_not_above_validation;train_smart_sortino_not_above_validation;train_sortino_not_above_validation,0,47.58862489158402,0.07035665540324954,0.0032245988537906722,-0.004666827719106759,"{""train_total_return"": 0.07035665540324954, ""train_validation"": {""locked_oos"": {""account_wipeout_count"": 0, ""active_return_hours"": 2, ""cagr"": -0.03608365196832697, ""calmar"": -6.0367676854715775, ""liquidation_count"": 0, ""margin_buffer_positive"": true, ""margin_replay_available"": true, ""max_drawdown"": 0.005977313331962053, ""minimum_margin_buffer"": 9769.652245011901, ""return_mdd"": -0.7807567480446725, ""sharpe"": -2.1330433307106964, ""smart_sortino"": -0.06503854053312691, ""sortino"": -0.06542729626854692, ""total_return"": -0.004666827719106759, ""trade_count"": 2}, ""train"": {""account_wipeout_count"": 0, ""active_return_hours"": 16, ""cagr"": 0.07035665540324954, ""calmar"": 2.836500479393365, ""liquidation_count"": 0, ""margin_buffer_positive"": true, ""margin_replay_available"": true, ""max_drawdown"": 0.02480403437770493, ""minimum_margin_buffer"": 9429.302621544328, ""return_mdd"": 2.836500479393365, ""sharpe"": 1.0755689720032668, ""smart_sortino"": 0.10484429318346734, ""sortino"": 0.10744485463589624, ""total_return"": 0.07035665540324954, ""trade_count"": 16}, ""validation"": {""account_wipeout_count"": 0, ""active_return_hours"": 2, ""cagr"": 0.01316665058508093, ""calmar"": 463.533413093987, ""liquidation_count"": 0, ""margin_buffer_positive"": true, ""margin_replay_available"": true, ""max_drawdown"": 2.840496545264415e-05, ""minimum_margin_buffer"": 9732.585632108496, ""return_mdd"": 113.52236492477417, ""sharpe"": 1.9980234954019365, ""smart_sortino"": 4.928160409168937, ""sortino"": 4.928300393395104, ""total_return"": 0.0032245988537906722, ""trade_count"": 2}}, ""validation_total_return"": 0.0032245988537906722}",research_only_locked_oos_gate_fail
higher_risk_train_return_tilt_v1,fresh_tv10_filter_abs_score_ge_1p5_alpha_zoo_quality_single_pair_7p0x_0p2alloc,higher_risk_train_return_tilt_v1,alpha_zoo_quality_single_pair,quality_single_pair,fresh_tv10_filter_side_long_abs_score_ge_2p5_alpha_zoo_slow_residual_pair_2p0x_0p05alloc,individual_seed_trade_filter,fresh_train_validation_10bps_trade_filter,alpha_zoo_slow_residual_pair,slow_residual_pair,side_long_abs_score_ge_2.5,,0.028239707747676628,0.028239707747676628,0.028239707747676628,train;validation,train;validation,train;validation,False,False,False,locked_oos_calmar_non_positive;locked_oos_return_non_positive;locked_oos_sharpe_non_positive;locked_oos_smart_sortino_non_positive;locked_oos_sortino_non_positive;train_calmar_not_above_validation;train_sharpe_not_above_validation;train_smart_sortino_not_above_validation;train_sortino_not_above_validation,0,locked_oos_calmar_non_positive;locked_oos_return_non_positive;locked_oos_sharpe_non_positive;locked_oos_smart_sortino_non_positive;locked_oos_sortino_non_positive;train_calmar_not_above_validation;train_sharpe_not_above_validation;train_smart_sortino_not_above_validation;train_sortino_not_above_validation,0,47.37324069506061,0.01558785941151819,0.0007165934941411045,-0.001035710801716383,"{""train_total_return"": 0.01558785941151819, ""train_validation"": {""locked_oos"": {""account_wipeout_count"": 0, ""active_return_hours"": 2, ""cagr"": -0.008108230494332624, ""calmar"": -6.104253733762232, ""liquidation_count"": 0, ""margin_buffer_positive"": true, ""margin_replay_available"": true, ""max_drawdown"": 0.0013282918515471476, ""minimum_margin_buffer"": 9948.811610002644, ""return_mdd"": -0.7797313523455132, ""sharpe"": -2.1330433307107683, ""smart_sortino"": -0.0653405050081705, ""sortino"": -0.06542729626854883, ""total_return"": -0.001035710801716383, ""trade_count"": 2}, ""train"": {""account_wipeout_count"": 0, ""active_return_hours"": 16, ""cagr"": 0.01558785941151819, ""calmar"": 2.808082372360323, ""liquidation_count"": 0, ""margin_buffer_positive"": true, ""margin_replay_available"": true, ""max_drawdown"": 0.005551069144177517, ""minimum_margin_buffer"": 9873.178360343183, ""return_mdd"": 2.808082372360323, ""sharpe"": 1.0755689720032413, ""smart_sortino"": 0.10685171338670962, ""sortino"": 0.1074448546358931, ""total_return"": 0.01558785941151819, ""trade_count"": 16}, ""validation"": {""account_wipeout_count"": 0, ""active_return_hours"": 2, ""cagr"": 0.0029147735401906516, ""calmar"": 461.7671847788037, ""liquidation_count"": 0, ""margin_buffer_positive"": true, ""margin_replay_available"": true, ""max_drawdown"": 6.312214545056705e-06, ""minimum_margin_buffer"": 9940.574584912998, ""return_mdd"": 113.5248951102734, ""sharpe"": 1.9980234954018656, ""smart_sortino"": 4.928269285082269, ""sortino"": 4.928300393375332, ""total_return"": 0.0007165934941411045, ""trade_count"": 2}}, ""validation_total_return"": 0.0007165934941411045}",research_only_locked_oos_gate_fail
higher_risk_train_return_tilt_v1,fresh_tv10_filter_abs_score_ge_1p5_alpha_zoo_quality_single_pair_7p0x_0p2alloc,higher_risk_train_return_tilt_v1,alpha_zoo_quality_single_pair,quality_single_pair,fresh_tv10_filter_side_long_abs_score_ge_2p5_alpha_zoo_slow_residual_pair_1p0x_0p1alloc,individual_seed_trade_filter,fresh_train_validation_10bps_trade_filter,alpha_zoo_slow_residual_pair,slow_residual_pair,side_long_abs_score_ge_2.5,,0.028239707747676628,0.028239707747676628,0.028239707747676628,train;validation,train;validation,train;validation,False,False,False,locked_oos_calmar_non_positive;locked_oos_return_non_positive;locked_oos_sharpe_non_positive;locked_oos_smart_sortino_non_positive;locked_oos_sortino_non_positive;train_calmar_not_above_validation;train_sharpe_not_above_validation;train_smart_sortino_not_above_validation;train_sortino_not_above_validation,0,locked_oos_calmar_non_positive;locked_oos_return_non_positive;locked_oos_sharpe_non_positive;locked_oos_smart_sortino_non_positive;locked_oos_sortino_non_positive;train_calmar_not_above_validation;train_sharpe_not_above_validation;train_smart_sortino_not_above_validation;train_sortino_not_above_validation,0,47.37324069506061,0.01558785941151819,0.0007165934941411045,-0.001035710801716383,"{""train_total_return"": 0.01558785941151819, ""train_validation"": {""locked_oos"": {""account_wipeout_count"": 0, ""active_return_hours"": 2, ""cagr"": -0.008108230494332624, ""calmar"": -6.104253733762232, ""liquidation_count"": 0, ""margin_buffer_positive"": true, ""margin_replay_available"": true, ""max_drawdown"": 0.0013282918515471476, ""minimum_margin_buffer"": 9948.811610002644, ""return_mdd"": -0.7797313523455132, ""sharpe"": -2.1330433307107683, ""smart_sortino"": -0.0653405050081705, ""sortino"": -0.06542729626854883, ""total_return"": -0.001035710801716383, ""trade_count"": 2}, ""train"": {""account_wipeout_count"": 0, ""active_return_hours"": 16, ""cagr"": 0.01558785941151819, ""calmar"": 2.808082372360323, ""liquidation_count"": 0, ""margin_buffer_positive"": true, ""margin_replay_available"": true, ""max_drawdown"": 0.005551069144177517, ""minimum_margin_buffer"": 9873.178360343183, ""return_mdd"": 2.808082372360323, ""sharpe"": 1.0755689720032413, ""smart_sortino"": 0.10685171338670962, ""sortino"": 0.1074448546358931, ""total_return"": 0.01558785941151819, ""trade_count"": 16}, ""validation"": {""account_wipeout_count"": 0, ""active_return_hours"": 2, ""cagr"": 0.0029147735401906516, ""calmar"": 461.7671847788037, ""liquidation_count"": 0, ""margin_buffer_positive"": true, ""margin_replay_available"": true, ""max_drawdown"": 6.312214545056705e-06, ""minimum_margin_buffer"": 9940.574584912998, ""return_mdd"": 113.5248951102734, ""sharpe"": 1.9980234954018656, ""smart_sortino"": 4.928269285082269, ""sortino"": 4.928300393375332, ""total_return"": 0.0007165934941411045, ""trade_count"": 2}}, ""validation_total_return"": 0.0007165934941411045}",research_only_locked_oos_gate_fail
higher_risk_train_return_tilt_v1,fresh_tv10_filter_abs_score_ge_1p5_alpha_zoo_quality_single_pair_7p0x_0p2alloc,higher_risk_train_return_tilt_v1,alpha_zoo_quality_single_pair,quality_single_pair,fresh_tv10_filter_side_long_abs_score_ge_2p5_alpha_zoo_slow_residual_pair_5p0x_0p125alloc,individual_seed_trade_filter,fresh_train_validation_10bps_trade_filter,alpha_zoo_slow_residual_pair,slow_residual_pair,side_long_abs_score_ge_2.5,,0.028239707747676687,0.028239707747676687,0.028239707747676687,train;validation,train;validation,train;validation,False,False,False,locked_oos_calmar_non_positive;locked_oos_return_non_positive;locked_oos_sharpe_non_positive;locked_oos_smart_sortino_non_positive;locked_oos_sortino_non_positive;train_calmar_not_above_validation;train_sharpe_not_above_validation;train_smart_sortino_not_above_validation;train_sortino_not_above_validation,0,locked_oos_calmar_non_positive;locked_oos_return_non_positive;locked_oos_sharpe_non_positive;locked_oos_smart_sortino_non_positive;locked_oos_sortino_non_positive;train_calmar_not_above_validation;train_sharpe_not_above_validation;train_smart_sortino_not_above_validation;train_sortino_not_above_validation,0,47.696563200386706,0.09783260597734711,0.0044785596095393565,-0.006485961492775361,"{""train_total_return"": 0.09783260597734711, ""train_validation"": {""locked_oos"": {""account_wipeout_count"": 0, ""active_return_hours"": 2, ""cagr"": -0.04983815099798239, ""calmar"": -6.003277179175184, ""liquidation_count"": 0, ""margin_buffer_positive"": true, ""margin_replay_available"": true, ""max_drawdown"": 0.008301824072169506, ""minimum_margin_buffer"": 9680.072562516529, ""return_mdd"": -0.7812694458942433, ""sharpe"": -2.1330433307106906, ""smart_sortino"": -0.06488860250625093, ""sortino"": -0.06542729626854676, ""total_return"": -0.006485961492775361, ""trade_count"": 2}, ""train"": {""account_wipeout_count"": 0, ""active_return_hours"": 16, ""cagr"": 0.09783260597734711, ""calmar"": 2.8498916193246355, ""liquidation_count"": 0, ""margin_buffer_positive"": true, ""margin_replay_available"": true, ""max_drawdown"": 0.03432853562358676, ""minimum_margin_buffer"": 9207.3647521449, ""return_mdd"": 2.8498916193246355, ""sharpe"": 1.0755689720032633, ""smart_sortino"": 0.10387884597142866, ""sortino"": 0.10744485463589593, ""total_return"": 0.09783260597734711, ""trade_count"": 16}, ""validation"": {""account_wipeout_count"": 0, ""active_return_hours"": 2, ""cagr"": 0.018321943008191566, ""calmar"": 464.41876466616367, ""liquidation_count"": 0, ""margin_buffer_positive"": true, ""margin_replay_available"": true, ""max_drawdown"": 3.945134090643787e-05, ""minimum_margin_buffer"": 9628.591155706246, ""return_mdd"": 113.52109983183163, ""sharpe"": 1.9980234954019414, ""smart_sortino"": 4.928105973007677, ""sortino"": 4.928300393396442, ""total_return"": 0.0044785596095393565, ""trade_count"": 2}}, ""validation_total_return"": 0.0044785596095393565}",research_only_locked_oos_gate_fail
higher_risk_train_return_tilt_v1,fresh_tv10_filter_abs_score_ge_1p5_alpha_zoo_quality_single_pair_7p0x_0p2alloc,higher_risk_train_return_tilt_v1,alpha_zoo_quality_single_pair,quality_single_pair,fresh_tv10_filter_side_long_abs_score_ge_2p5_alpha_zoo_slow_residual_pair_5p0x_0p1alloc,individual_seed_trade_filter,fresh_train_validation_10bps_trade_filter,alpha_zoo_slow_residual_pair,slow_residual_pair,side_long_abs_score_ge_2.5,,0.02823970774767669,0.02823970774767669,0.02823970774767669,train;validation,train;validation,train;validation,False,False,False,locked_oos_calmar_non_positive;locked_oos_return_non_positive;locked_oos_sharpe_non_positive;locked_oos_smart_sortino_non_positive;locked_oos_sortino_non_positive;train_calmar_not_above_validation;train_sharpe_not_above_validation;train_smart_sortino_not_above_validation;train_sortino_not_above_validation,0,locked_oos_calmar_non_positive;locked_oos_return_non_positive;locked_oos_sharpe_non_positive;locked_oos_smart_sortino_non_positive;locked_oos_sortino_non_positive;train_calmar_not_above_validation;train_sharpe_not_above_validation;train_smart_sortino_not_above_validation;train_sortino_not_above_validation,0,47.619447994861176,0.07820208309389542,0.0035828762074112674,-0.005186337007163422,"{""train_total_return"": 0.07820208309389542, ""train_validation"": {""locked_oos"": {""account_wipeout_count"": 0, ""active_return_hours"": 2, ""cagr"": -0.040029282456854, ""calmar"": -6.027181814031302, ""liquidation_count"": 0, ""margin_buffer_positive"": true, ""margin_replay_available"": true, ""max_drawdown"": 0.006641459257735627, ""minimum_margin_buffer"": 9744.058050013224, ""return_mdd"": -0.78090323314453, ""sharpe"": -2.1330433307106498, ""smart_sortino"": -0.06499563043706709, ""sortino"": -0.06542729626854571, ""total_return"": -0.005186337007163422, ""trade_count"": 2}, ""train"": {""account_wipeout_count"": 0, ""active_return_hours"": 16, ""cagr"": 0.07820208309389542, ""calmar"": 2.840382788550742, ""liquidation_count"": 0, ""margin_buffer_positive"": true, ""margin_replay_available"": true, ""max_drawdown"": 0.02753223382746828, ""minimum_margin_buffer"": 9365.891801715921, ""return_mdd"": 2.840382788550742, ""sharpe"": 1.075568972003269, ""smart_sortino"": 0.10456592124188048, ""sortino"": 0.10744485463589658, ""total_return"": 0.07820208309389542, ""trade_count"": 16}, ""validation"": {""account_wipeout_count"": 0, ""active_return_hours"": 2, ""cagr"": 0.014637590567028846, ""calmar"": 463.7862183754508, ""liquidation_count"": 0, ""margin_buffer_positive"": true, ""margin_replay_available"": true, ""max_drawdown"": 3.156107272506148e-05, ""minimum_margin_buffer"": 9702.872924564996, ""return_mdd"": 113.52200346999733, ""sharpe"": 1.9980234954019926, ""smart_sortino"": 4.928144855872421, ""sortino"": 4.928300393410616, ""total_return"": 0.0035828762074112674, ""trade_count"": 2}}, ""validation_total_return"": 0.0035828762074112674}",research_only_locked_oos_gate_fail
higher_risk_train_return_tilt_v1,fresh_tv10_filter_abs_score_ge_1p5_alpha_zoo_quality_single_pair_7p0x_0p2alloc,higher_risk_train_return_tilt_v1,alpha_zoo_quality_single_pair,quality_single_pair,fresh_tv10_filter_side_long_abs_score_ge_2p5_alpha_zoo_slow_residual_pair_4p0x_0p125alloc,individual_seed_trade_filter,fresh_train_validation_10bps_trade_filter,alpha_zoo_slow_residual_pair,slow_residual_pair,side_long_abs_score_ge_2.5,,0.02823970774767669,0.02823970774767669,0.02823970774767669,train;validation,train;validation,train;validation,False,False,False,locked_oos_calmar_non_positive;locked_oos_return_non_positive;locked_oos_sharpe_non_positive;locked_oos_smart_sortino_non_positive;locked_oos_sortino_non_positive;train_calmar_not_above_validation;train_sharpe_not_above_validation;train_smart_sortino_not_above_validation;train_sortino_not_above_validation,0,locked_oos_calmar_non_positive;locked_oos_return_non_positive;locked_oos_sharpe_non_positive;locked_oos_smart_sortino_non_positive;locked_oos_sortino_non_positive;train_calmar_not_above_validation;train_sharpe_not_above_validation;train_smart_sortino_not_above_validation;train_sortino_not_above_validation,0,47.619447994861176,0.07820208309389542,0.0035828762074112674,-0.005186337007163422,"{""train_total_return"": 0.07820208309389542, ""train_validation"": {""locked_oos"": {""account_wipeout_count"": 0, ""active_return_hours"": 2, ""cagr"": -0.040029282456854, ""calmar"": -6.027181814031302, ""liquidation_count"": 0, ""margin_buffer_positive"": true, ""margin_replay_available"": true, ""max_drawdown"": 0.006641459257735627, ""minimum_margin_buffer"": 9744.058050013224, ""return_mdd"": -0.78090323314453, ""sharpe"": -2.1330433307106498, ""smart_sortino"": -0.06499563043706709, ""sortino"": -0.06542729626854571, ""total_return"": -0.005186337007163422, ""trade_count"": 2}, ""train"": {""account_wipeout_count"": 0, ""active_return_hours"": 16, ""cagr"": 0.07820208309389542, ""calmar"": 2.840382788550742, ""liquidation_count"": 0, ""margin_buffer_positive"": true, ""margin_replay_available"": true, ""max_drawdown"": 0.02753223382746828, ""minimum_margin_buffer"": 9365.891801715921, ""return_mdd"": 2.840382788550742, ""sharpe"": 1.075568972003269, ""smart_sortino"": 0.10456592124188048, ""sortino"": 0.10744485463589658, ""total_return"": 0.07820208309389542, ""trade_count"": 16}, ""validation"": {""account_wipeout_count"": 0, ""active_return_hours"": 2, ""cagr"": 0.014637590567028846, ""calmar"": 463.7862183754508, ""liquidation_count"": 0, ""margin_buffer_positive"": true, ""margin_replay_available"": true, ""max_drawdown"": 3.156107272506148e-05, ""minimum_margin_buffer"": 9702.872924564996, ""return_mdd"": 113.52200346999733, ""sharpe"": 1.9980234954019926, ""smart_sortino"": 4.928144855872421, ""sortino"": 4.928300393410616, ""total_return"": 0.0035828762074112674, ""trade_count"": 2}}, ""validation_total_return"": 0.0035828762074112674}",research_only_locked_oos_gate_fail
higher_risk_train_return_tilt_v1,fresh_tv10_filter_abs_score_ge_1p5_alpha_zoo_quality_single_pair_7p0x_0p2alloc,higher_risk_train_return_tilt_v1,alpha_zoo_quality_single_pair,quality_single_pair,fresh_tv10_filter_side_long_abs_score_ge_2p5_alpha_zoo_slow_residual_pair_6p0x_0p15alloc,individual_seed_trade_filter,fresh_train_validation_10bps_trade_filter,alpha_zoo_slow_residual_pair,slow_residual_pair,side_long_abs_score_ge_2.5,,0.028239707747676694,0.028239707747676694,0.028239707747676694,train;validation,train;validation,train;validation,False,False,False,locked_oos_calmar_non_positive;locked_oos_return_non_positive;locked_oos_sharpe_non_positive;locked_oos_smart_sortino_non_positive;locked_oos_sortino_non_positive;train_calmar_not_above_validation;train_sharpe_not_above_validation;train_smart_sortino_not_above_validation;train_sortino_not_above_validation,0,locked_oos_calmar_non_positive;locked_oos_return_non_positive;locked_oos_sharpe_non_positive;locked_oos_smart_sortino_non_positive;locked_oos_sortino_non_positive;train_calmar_not_above_validation;train_sharpe_not_above_validation;train_smart_sortino_not_above_validation;train_sortino_not_above_validation,0,47.866498869156096,0.14107750520207207,0.00644901289940969,-0.00934941601034156,"{""train_total_return"": 0.14107750520207207, ""train_validation"": {""locked_oos"": {""account_wipeout_count"": 0, ""active_return_hours"": 2, ""cagr"": -0.07114184530665957, ""calmar"": -5.95098845883216, ""liquidation_count"": 0, ""margin_buffer_positive"": true, ""margin_replay_available"": true, ""max_drawdown"": 0.011954626663924106, ""minimum_margin_buffer"": 9539.304490023802, ""return_mdd"": -0.782075113943593, ""sharpe"": -2.1330433307106964, ""smart_sortino"": -0.06465437732543289, ""sortino"": -0.06542729626854692, ""total_return"": -0.00934941601034156, ""trade_count"": 2}, ""train"": {""account_wipeout_count"": 0, ""active_return_hours"": 16, ""cagr"": 0.14107750520207207, ""calmar"": 2.869808771573553, ""liquidation_count"": 0, ""margin_buffer_positive"": true, ""margin_replay_available"": true, ""max_drawdown"": 0.04915920064064668, ""minimum_margin_buffer"": 8858.605243088658, ""return_mdd"": 2.869808771573553, ""sharpe"": 1.0755689720032664, ""smart_sortino"": 0.10241043930252682, ""sortino"": 0.10744485463589651, ""total_return"": 0.14107750520207207, ""trade_count"": 16}, ""validation"": {""account_wipeout_count"": 0, ""active_return_hours"": 2, ""cagr"": 0.02646280714642324, ""calmar"": 465.8130493169038, ""liquidation_count"": 0, ""margin_buffer_positive"": true, ""margin_replay_available"": true, ""max_drawdown"": 5.6809930905177275e-05, ""minimum_margin_buffer"": 9465.171264216993, ""return_mdd"": 113.51911182877305, ""sharpe"": 1.9980234954019704, ""smart_sortino"": 4.928020432904357, ""sortino"": 4.92830039340465, ""total_return"": 0.00644901289940969, ""trade_count"": 2}}, ""validation_total_return"": 0.00644901289940969}",research_only_locked_oos_gate_fail
higher_risk_train_return_tilt_v1,fresh_tv10_filter_abs_score_ge_1p5_alpha_zoo_quality_single_pair_7p0x_0p2alloc,higher_risk_train_return_tilt_v1,alpha_zoo_quality_single_pair,quality_single_pair,fresh_tv10_filter_side_long_abs_score_ge_2p5_alpha_zoo_slow_residual_pair_6p0x_0p125alloc,individual_seed_trade_filter,fresh_train_validation_10bps_trade_filter,alpha_zoo_slow_residual_pair,slow_residual_pair,side_long_abs_score_ge_2.5,,0.02823970774767673,0.02823970774767673,0.02823970774767673,train;validation,train;validation,train;validation,False,False,False,locked_oos_calmar_non_positive;locked_oos_return_non_positive;locked_oos_sharpe_non_positive;locked_oos_smart_sortino_non_positive;locked_oos_sortino_non_positive;train_calmar_not_above_validation;train_sharpe_not_above_validation;train_smart_sortino_not_above_validation;train_sortino_not_above_validation,0,locked_oos_calmar_non_positive;locked_oos_return_non_positive;locked_oos_sharpe_non_positive;locked_oos_smart_sortino_non_positive;locked_oos_sortino_non_positive;train_calmar_not_above_validation;train_sharpe_not_above_validation;train_smart_sortino_not_above_validation;train_sortino_not_above_validation,0,47.77375921289288,0.11748214196159079,0.005374228751777954,-0.007786802071915622,"{""train_total_return"": 0.11748214196159079, ""train_validation"": {""locked_oos"": {""account_wipeout_count"": 0, ""active_return_hours"": 2, ""cagr"": -0.05956849237311723, ""calmar"": -5.979458234647716, ""liquidation_count"": 0, ""margin_buffer_positive"": true, ""margin_replay_available"": true, ""max_drawdown"": 0.009962188886603496, ""minimum_margin_buffer"": 9616.087075019836, ""return_mdd"": -0.7816356586439359, ""sharpe"": -2.1330433307106538, ""smart_sortino"": -0.06478192648050893, ""sortino"": -0.06542729626854582, ""total_return"": -0.007786802071915622, ""trade_count"": 2}, ""train"": {""account_wipeout_count"": 0, ""active_return_hours"": 16, ""cagr"": 0.11748214196159079, ""calmar"": 2.85911682492432, ""liquidation_count"": 0, ""margin_buffer_positive"": true, ""margin_replay_available"": true, ""max_drawdown"": 0.04109036081962146, ""minimum_margin_buffer"": 9048.837702573881, ""return_mdd"": 2.85911682492432, ""sharpe"": 1.075568972003268, ""smart_sortino"": 0.10320415852405761, ""sortino"": 0.10744485463589654, ""total_return"": 0.11748214196159079, ""trade_count"": 16}, ""validation"": {""account_wipeout_count"": 0, ""active_return_hours"": 2, ""cagr"": 0.02201631344157029, ""calmar"": 465.0520729192731, ""liquidation_count"": 0, ""margin_buffer_positive"": true, ""margin_replay_available"": true, ""max_drawdown"": 4.734160908770324e-05, ""minimum_margin_buffer"": 9554.309386847495, ""return_mdd"": 113.52019619404709, ""sharpe"": 1.9980234954019505, ""smart_sortino"": 4.928067090773086, ""sortino"": 4.928300393398855, ""total_return"": 0.005374228751777954, ""trade_count"": 2}}, ""validation_total_return"": 0.005374228751777954}",research_only_locked_oos_gate_fail
higher_risk_train_return_tilt_v1,fresh_tv10_filter_abs_score_ge_1p5_alpha_zoo_quality_single_pair_7p0x_0p2alloc,higher_risk_train_return_tilt_v1,alpha_zoo_quality_single_pair,quality_single_pair,fresh_tv10_filter_side_long_abs_score_ge_2p5_alpha_zoo_slow_residual_pair_5p0x_0p15alloc,individual_seed_trade_filter,fresh_train_validation_10bps_trade_filter,alpha_zoo_slow_residual_pair,slow_residual_pair,side_long_abs_score_ge_2.5,,0.02823970774767673,0.02823970774767673,0.02823970774767673,train;validation,train;validation,train;validation,False,False,False,locked_oos_calmar_non_positive;locked_oos_return_non_positive;locked_oos_sharpe_non_positive;locked_oos_smart_sortino_non_positive;locked_oos_sortino_non_positive;train_calmar_not_above_validation;train_sharpe_not_above_validation;train_smart_sortino_not_above_validation;train_sortino_not_above_validation,0,locked_oos_calmar_non_positive;locked_oos_return_non_positive;locked_oos_sharpe_non_positive;locked_oos_smart_sortino_non_positive;locked_oos_sortino_non_positive;train_calmar_not_above_validation;train_sharpe_not_above_validation;train_smart_sortino_not_above_validation;train_sortino_not_above_validation,0,47.77375921289288,0.11748214196159079,0.005374228751777954,-0.007786802071915622,"{""train_total_return"": 0.11748214196159079, ""train_validation"": {""locked_oos"": {""account_wipeout_count"": 0, ""active_return_hours"": 2, ""cagr"": -0.05956849237311723, ""calmar"": -5.979458234647716, ""liquidation_count"": 0, ""margin_buffer_positive"": true, ""margin_replay_available"": true, ""max_drawdown"": 0.009962188886603496, ""minimum_margin_buffer"": 9616.087075019836, ""return_mdd"": -0.7816356586439359, ""sharpe"": -2.1330433307106538, ""smart_sortino"": -0.06478192648050893, ""sortino"": -0.06542729626854582, ""total_return"": -0.007786802071915622, ""trade_count"": 2}, ""train"": {""account_wipeout_count"": 0, ""active_return_hours"": 16, ""cagr"": 0.11748214196159079, ""calmar"": 2.85911682492432, ""liquidation_count"": 0, ""margin_buffer_positive"": true, ""margin_replay_available"": true, ""max_drawdown"": 0.04109036081962146, ""minimum_margin_buffer"": 9048.837702573881, ""return_mdd"": 2.85911682492432, ""sharpe"": 1.075568972003268, ""smart_sortino"": 0.10320415852405761, ""sortino"": 0.10744485463589654, ""total_return"": 0.11748214196159079, ""trade_count"": 16}, ""validation"": {""account_wipeout_count"": 0, ""active_return_hours"": 2, ""cagr"": 0.02201631344157029, ""calmar"": 465.0520729192731, ""liquidation_count"": 0, ""margin_buffer_positive"": true, ""margin_replay_available"": true, ""max_drawdown"": 4.734160908770324e-05, ""minimum_margin_buffer"": 9554.309386847495, ""return_mdd"": 113.52019619404709, ""sharpe"": 1.9980234954019505, ""smart_sortino"": 4.928067090773086, ""sortino"": 4.928300393398855, ""total_return"": 0.005374228751777954, ""trade_count"": 2}}, ""validation_total_return"": 0.005374228751777954}",research_only_locked_oos_gate_fail
higher_risk_train_return_tilt_v1,fresh_tv10_filter_abs_score_ge_1p5_alpha_zoo_quality_single_pair_7p0x_0p2alloc,higher_risk_train_return_tilt_v1,alpha_zoo_quality_single_pair,quality_single_pair,fresh_tv10_filter_side_long_abs_score_ge_2p5_alpha_zoo_slow_residual_pair_6p0x_0p05alloc,individual_seed_trade_filter,fresh_train_validation_10bps_trade_filter,alpha_zoo_slow_residual_pair,slow_residual_pair,side_long_abs_score_ge_2.5,,0.028239707747676757,0.028239707747676757,0.028239707747676757,train;validation,train;validation,train;validation,False,False,False,locked_oos_calmar_non_positive;locked_oos_return_non_positive;locked_oos_sharpe_non_positive;locked_oos_smart_sortino_non_positive;locked_oos_sortino_non_positive;train_calmar_not_above_validation;train_sharpe_not_above_validation;train_smart_sortino_not_above_validation;train_sortino_not_above_validation,0,locked_oos_calmar_non_positive;locked_oos_return_non_positive;locked_oos_sharpe_non_positive;locked_oos_smart_sortino_non_positive;locked_oos_sortino_non_positive;train_calmar_not_above_validation;train_sharpe_not_above_validation;train_smart_sortino_not_above_validation;train_sortino_not_above_validation,0,47.4962356772441,0.04684902714189665,0.002149753103435126,-0.003109467304723612,"{""train_total_return"": 0.04684902714189665, ""train_validation"": {""locked_oos"": {""account_wipeout_count"": 0, ""active_return_hours"": 2, ""cagr"": -0.02417069198538313, ""calmar"": -6.065607734532797, ""liquidation_count"": 0, ""margin_buffer_positive"": true, ""margin_replay_available"": true, ""max_drawdown"": 0.003984875554641332, ""minimum_margin_buffer"": 9846.434830007935, ""return_mdd"": -0.7803172927450396, ""sharpe"": -2.1330433307107484, ""smart_sortino"": -0.06516761144673985, ""sortino"": -0.06542729626854832, ""total_return"": -0.003109467304723612, ""trade_count"": 2}, ""train"": {""account_wipeout_count"": 0, ""active_return_hours"": 16, ""cagr"": 0.04684902714189665, ""calmar"": 2.824585887121228, ""liquidation_count"": 0, ""margin_buffer_positive"": true, ""margin_replay_available"": true, ""max_drawdown"": 0.016586157764048173, ""minimum_margin_buffer"": 9619.535081029553, ""return_mdd"": 2.824585887121228, ""sharpe"": 1.075568972003259, ""smart_sortino"": 0.10569183321580639, ""sortino"": 0.10744485463589523, ""total_return"": 0.04684902714189665, ""trade_count"": 16}, ""validation"": {""account_wipeout_count"": 0, ""active_return_hours"": 2, ""cagr"": 0.008763419042874032, ""calmar"": 462.7757279357328, ""liquidation_count"": 0, ""margin_buffer_positive"": true, ""margin_replay_available"": true, ""max_drawdown"": 1.893664363505909e-05, ""minimum_margin_buffer"": 9821.723754738998, ""return_mdd"": 113.52344929040629, ""sharpe"": 1.9980234954019702, ""smart_sortino"": 4.9282070697034435, ""sortino"": 4.928300393404482, ""total_return"": 0.002149753103435126, ""trade_count"": 2}}, ""validation_total_return"": 0.002149753103435126}",research_only_locked_oos_gate_fail
higher_risk_train_return_tilt_v1,fresh_tv10_filter_abs_score_ge_1p5_alpha_zoo_quality_single_pair_7p0x_0p2alloc,higher_risk_train_return_tilt_v1,alpha_zoo_quality_single_pair,quality_single_pair,fresh_tv10_filter_side_long_abs_score_ge_2p5_alpha_zoo_slow_residual_pair_3p0x_0p1alloc,individual_seed_trade_filter,fresh_train_validation_10bps_trade_filter,alpha_zoo_slow_residual_pair,slow_residual_pair,side_long_abs_score_ge_2.5,,0.028239707747676757,0.028239707747676757,0.028239707747676757,train;validation,train;validation,train;validation,False,False,False,locked_oos_calmar_non_positive;locked_oos_return_non_positive;locked_oos_sharpe_non_positive;locked_oos_smart_sortino_non_positive;locked_oos_sortino_non_positive;train_calmar_not_above_validation;train_sharpe_not_above_validation;train_smart_sortino_not_above_validation;train_sortino_not_above_validation,0,locked_oos_calmar_non_positive;locked_oos_return_non_positive;locked_oos_sharpe_non_positive;locked_oos_smart_sortino_non_positive;locked_oos_sortino_non_positive;train_calmar_not_above_validation;train_sharpe_not_above_validation;train_smart_sortino_not_above_validation;train_sortino_not_above_validation,0,47.4962356772441,0.04684902714189665,0.002149753103435126,-0.003109467304723612,"{""train_total_return"": 0.04684902714189665, ""train_validation"": {""locked_oos"": {""account_wipeout_count"": 0, ""active_return_hours"": 2, ""cagr"": -0.02417069198538313, ""calmar"": -6.065607734532797, ""liquidation_count"": 0, ""margin_buffer_positive"": true, ""margin_replay_available"": true, ""max_drawdown"": 0.003984875554641332, ""minimum_margin_buffer"": 9846.434830007935, ""return_mdd"": -0.7803172927450396, ""sharpe"": -2.1330433307107484, ""smart_sortino"": -0.06516761144673985, ""sortino"": -0.06542729626854832, ""total_return"": -0.003109467304723612, ""trade_count"": 2}, ""train"": {""account_wipeout_count"": 0, ""active_return_hours"": 16, ""cagr"": 0.04684902714189665, ""calmar"": 2.824585887121228, ""liquidation_count"": 0, ""margin_buffer_positive"": true, ""margin_replay_available"": true, ""max_drawdown"": 0.016586157764048173, ""minimum_margin_buffer"": 9619.535081029553, ""return_mdd"": 2.824585887121228, ""sharpe"": 1.075568972003259, ""smart_sortino"": 0.10569183321580639, ""sortino"": 0.10744485463589523, ""total_return"": 0.04684902714189665, ""trade_count"": 16}, ""validation"": {""account_wipeout_count"": 0, ""active_return_hours"": 2, ""cagr"": 0.008763419042874032, ""calmar"": 462.7757279357328, ""liquidation_count"": 0, ""margin_buffer_positive"": true, ""margin_replay_available"": true, ""max_drawdown"": 1.893664363505909e-05, ""minimum_margin_buffer"": 9821.723754738998, ""return_mdd"": 113.52344929040629, ""sharpe"": 1.9980234954019702, ""smart_sortino"": 4.9282070697034435, ""sortino"": 4.928300393404482, ""total_return"": 0.002149753103435126, ""trade_count"": 2}}, ""validation_total_return"": 0.002149753103435126}",research_only_locked_oos_gate_fail
higher_risk_train_return_tilt_v1,fresh_tv10_filter_abs_score_ge_1p5_alpha_zoo_quality_single_pair_7p0x_0p2alloc,higher_risk_train_return_tilt_v1,alpha_zoo_quality_single_pair,quality_single_pair,fresh_tv10_filter_side_long_abs_score_ge_2p5_alpha_zoo_slow_residual_pair_5p0x_0p2alloc,individual_seed_trade_filter,fresh_train_validation_10bps_trade_filter,alpha_zoo_slow_residual_pair,slow_residual_pair,side_long_abs_score_ge_2.5,,0.028239707747676767,0.028239707747676767,0.028239707747676767,train;validation,train;validation,train;validation,False,False,False,locked_oos_calmar_non_positive;locked_oos_return_non_positive;locked_oos_sharpe_non_positive;locked_oos_smart_sortino_non_positive;locked_oos_sortino_non_positive;train_calmar_not_above_validation;train_sharpe_not_above_validation;train_smart_sortino_not_above_validation;train_sortino_not_above_validation,0,locked_oos_calmar_non_positive;locked_oos_return_non_positive;locked_oos_sharpe_non_positive;locked_oos_smart_sortino_non_positive;locked_oos_sortino_non_positive;train_calmar_not_above_validation;train_sharpe_not_above_validation;train_smart_sortino_not_above_validation;train_sortino_not_above_validation,0,47.928387339168225,0.15681217500982392,0.007165524256586009,-0.010392131510781333,"{""train_total_return"": 0.15681217500982392, ""train_validation"": {""locked_oos"": {""account_wipeout_count"": 0, ""active_return_hours"": 2, ""cagr"": -0.07879529514282446, ""calmar"": -5.932076979245773, ""liquidation_count"": 0, ""margin_buffer_positive"": true, ""margin_replay_available"": true, ""max_drawdown"": 0.013282918515471254, ""minimum_margin_buffer"": 9488.116100026447, ""return_mdd"": -0.7823680841433392, ""sharpe"": -2.1330433307106498, ""smart_sortino"": -0.06456962322467763, ""sortino"": -0.06542729626854571, ""total_return"": -0.010392131510781333, ""trade_count"": 2}, ""train"": {""account_wipeout_count"": 0, ""active_return_hours"": 16, ""cagr"": 0.15681217500982392, ""calmar"": 2.876705300281702, ""liquidation_count"": 0, ""margin_buffer_positive"": true, ""margin_replay_available"": true, ""max_drawdown"": 0.05451103211527022, ""minimum_margin_buffer"": 8731.78360343184, ""return_mdd"": 2.876705300281702, ""sharpe"": 1.0755689720032682, ""smart_sortino"": 0.10189068806645878, ""sortino"": 0.1074448546358965, ""total_return"": 0.15681217500982392, ""trade_count"": 16}, ""validation"": {""account_wipeout_count"": 0, ""active_return_hours"": 2, ""cagr"": 0.02943518055635508, ""calmar"": 466.32097731155255, ""liquidation_count"": 0, ""margin_buffer_positive"": true, ""margin_replay_available"": true, ""max_drawdown"": 6.312214545023398e-05, ""minimum_margin_buffer"": 9405.745849129993, ""return_mdd"": 113.51838891844015, ""sharpe"": 1.9980234954019611, ""smart_sortino"": 4.927989328142724, ""sortino"": 4.928300393401871, ""total_return"": 0.007165524256586009, ""trade_count"": 2}}, ""validation_total_return"": 0.007165524256586009}",research_only_locked_oos_gate_fail
higher_risk_train_return_tilt_v1,fresh_tv10_filter_abs_score_ge_1p5_alpha_zoo_quality_single_pair_7p0x_0p2alloc,higher_risk_train_return_tilt_v1,alpha_zoo_quality_single_pair,quality_single_pair,fresh_tv10_filter_side_long_abs_score_ge_2p5_alpha_zoo_slow_residual_pair_1p0x_0p03alloc,individual_seed_trade_filter,fresh_train_validation_10bps_trade_filter,alpha_zoo_slow_residual_pair,slow_residual_pair,side_long_abs_score_ge_2.5,,0.02823970774767677,0.02823970774767677,0.02823970774767677,train;validation,train;validation,train;validation,False,False,False,locked_oos_calmar_non_positive;locked_oos_return_non_positive;locked_oos_sharpe_non_positive;locked_oos_smart_sortino_non_positive;locked_oos_sortino_non_positive;train_calmar_not_above_validation;train_sharpe_not_above_validation;train_smart_sortino_not_above_validation;train_sortino_not_above_validation,0,locked_oos_calmar_non_positive;locked_oos_return_non_positive;locked_oos_sharpe_non_positive;locked_oos_smart_sortino_non_positive;locked_oos_sortino_non_positive;train_calmar_not_above_validation;train_sharpe_not_above_validation;train_smart_sortino_not_above_validation;train_sortino_not_above_validation,0,47.330244982501114,0.0046730556926701805,0.00021497900650691015,-0.00031063151902976927,"{""train_total_return"": 0.0046730556926701805, ""train_validation"": {""locked_oos"": {""account_wipeout_count"": 0, ""active_return_hours"": 2, ""cagr"": -0.002437879881172944, ""calmar"": -6.117831906528482, ""liquidation_count"": 0, ""margin_buffer_positive"": true, ""margin_replay_available"": true, ""max_drawdown"": 0.00039848755546412207, ""minimum_margin_buffer"": 9984.643483000795, ""return_mdd"": -0.7795262732056311, ""sharpe"": -2.133043330710196, ""smart_sortino"": -0.06540123469039766, ""sortino"": -0.06542729626853377, ""total_return"": -0.00031063151902976927, ""trade_count"": 2}, ""train"": {""account_wipeout_count"": 0, ""active_return_hours"": 16, ""cagr"": 0.0046730556926701805, ""calmar"": 2.802141523748446, ""liquidation_count"": 0, ""margin_buffer_positive"": true, ""margin_replay_available"": true, ""max_drawdown"": 0.0016676729754958979, ""minimum_margin_buffer"": 9961.953508102955, ""return_mdd"": 2.802141523748446, ""sharpe"": 1.0755689720032244, ""smart_sortino"": 0.10726597007640232, ""sortino"": 0.10744485463588908, ""total_return"": 0.0046730556926701805, ""trade_count"": 16}, ""validation"": {""account_wipeout_count"": 0, ""active_return_hours"": 2, ""cagr"": 0.0008737644877301332, ""calmar"": 461.4146543356221, ""liquidation_count"": 0, ""margin_buffer_positive"": true, ""margin_replay_available"": true, ""max_drawdown"": 1.8936643635392159e-06, ""minimum_margin_buffer"": 9982.1723754739, ""return_mdd"": 113.52540114612457, ""sharpe"": 1.9980234954016578, ""smart_sortino"": 4.928291060787881, ""sortino"": 4.928300393317036, ""total_return"": 0.00021497900650691015, ""trade_count"": 2}}, ""validation_total_return"": 0.00021497900650691015}",research_only_locked_oos_gate_fail
higher_risk_train_return_tilt_v1,fresh_tv10_filter_abs_score_ge_1p5_alpha_zoo_quality_single_pair_7p0x_0p2alloc,higher_risk_train_return_tilt_v1,alpha_zoo_quality_single_pair,quality_single_pair,fresh_tv10_filter_side_long_abs_score_ge_2p5_alpha_zoo_slow_residual_pair_7p0x_0p075alloc,individual_seed_trade_filter,fresh_train_validation_10bps_trade_filter,alpha_zoo_slow_residual_pair,slow_residual_pair,side_long_abs_score_ge_2.5,,0.02823970774767683,0.02823970774767683,0.02823970774767683,train;validation,train;validation,train;validation,False,False,False,locked_oos_calmar_non_positive;locked_oos_return_non_positive;locked_oos_sharpe_non_positive;locked_oos_smart_sortino_non_positive;locked_oos_sortino_non_positive;train_calmar_not_above_validation;train_sharpe_not_above_validation;train_smart_sortino_not_above_validation;train_sortino_not_above_validation,0,locked_oos_calmar_non_positive;locked_oos_return_non_positive;locked_oos_sharpe_non_positive;locked_oos_smart_sortino_non_positive;locked_oos_sortino_non_positive;train_calmar_not_above_validation;train_sharpe_not_above_validation;train_smart_sortino_not_above_validation;train_sortino_not_above_validation,0,47.63486449563709,0.08212635414467884,0.00376201402862808,-0.005446164616803584,"{""train_total_return"": 0.08212635414467884, ""train_validation"": {""locked_oos"": {""account_wipeout_count"": 0, ""active_return_hours"": 2, ""cagr"": -0.041997358790047845, ""calmar"": -6.022394026638592, ""liquidation_count"": 0, ""margin_buffer_positive"": true, ""margin_replay_available"": true, ""max_drawdown"": 0.006973532220622358, ""minimum_margin_buffer"": 9731.260952513885, ""return_mdd"": -0.7809764756944848, ""sharpe"": -2.133043330710675, ""smart_sortino"": -0.06497419661494303, ""sortino"": -0.06542729626854638, ""total_return"": -0.005446164616803584, ""trade_count"": 2}, ""train"": {""account_wipeout_count"": 0, ""active_return_hours"": 16, ""cagr"": 0.08212635414467884, ""calmar"": 2.8423071085094684, ""liquidation_count"": 0, ""margin_buffer_positive"": true, ""margin_replay_available"": true, ""max_drawdown"": 0.02889425773126488, ""minimum_margin_buffer"": 9334.186391801717, ""return_mdd"": 2.8423071085094684, ""sharpe"": 1.0755689720032675, ""smart_sortino"": 0.10442749954967646, ""sortino"": 0.10744485463589637, ""total_return"": 0.08212635414467884, ""trade_count"": 16}, ""validation"": {""account_wipeout_count"": 0, ""active_return_hours"": 2, ""cagr"": 0.015373660482419949, ""calmar"": 463.9126667001009, ""liquidation_count"": 0, ""margin_buffer_positive"": true, ""margin_replay_available"": true, ""max_drawdown"": 3.3139126361381166e-05, ""minimum_margin_buffer"": 9688.016570793247, ""return_mdd"": 113.5218227422, ""sharpe"": 1.9980234954019556, ""smart_sortino"": 4.928137079243068, ""sortino"": 4.9283003934004626, ""total_return"": 0.00376201402862808, ""trade_count"": 2}}, ""validation_total_return"": 0.00376201402862808}",research_only_locked_oos_gate_fail
higher_risk_train_return_tilt_v1,fresh_tv10_filter_abs_score_ge_1p5_alpha_zoo_quality_single_pair_7p0x_0p2alloc,higher_risk_train_return_tilt_v1,alpha_zoo_quality_single_pair,quality_single_pair,fresh_tv10_filter_side_long_abs_score_ge_2p5_alpha_zoo_slow_residual_pair_3p0x_0p175alloc,individual_seed_trade_filter,fresh_train_validation_10bps_trade_filter,alpha_zoo_slow_residual_pair,slow_residual_pair,side_long_abs_score_ge_2.5,,0.02823970774767683,0.02823970774767683,0.02823970774767683,train;validation,train;validation,train;validation,False,False,False,locked_oos_calmar_non_positive;locked_oos_return_non_positive;locked_oos_sharpe_non_positive;locked_oos_smart_sortino_non_positive;locked_oos_sortino_non_positive;train_calmar_not_above_validation;train_sharpe_not_above_validation;train_smart_sortino_not_above_validation;train_sortino_not_above_validation,0,locked_oos_calmar_non_positive;locked_oos_return_non_positive;locked_oos_sharpe_non_positive;locked_oos_smart_sortino_non_positive;locked_oos_sortino_non_positive;train_calmar_not_above_validation;train_sharpe_not_above_validation;train_smart_sortino_not_above_validation;train_sortino_not_above_validation,0,47.63486449563709,0.08212635414467884,0.00376201402862808,-0.005446164616803584,"{""train_total_return"": 0.08212635414467884, ""train_validation"": {""locked_oos"": {""account_wipeout_count"": 0, ""active_return_hours"": 2, ""cagr"": -0.041997358790047845, ""calmar"": -6.022394026638592, ""liquidation_count"": 0, ""margin_buffer_positive"": true, ""margin_replay_available"": true, ""max_drawdown"": 0.006973532220622358, ""minimum_margin_buffer"": 9731.260952513885, ""return_mdd"": -0.7809764756944848, ""sharpe"": -2.133043330710675, ""smart_sortino"": -0.06497419661494303, ""sortino"": -0.06542729626854638, ""total_return"": -0.005446164616803584, ""trade_count"": 2}, ""train"": {""account_wipeout_count"": 0, ""active_return_hours"": 16, ""cagr"": 0.08212635414467884, ""calmar"": 2.8423071085094684, ""liquidation_count"": 0, ""margin_buffer_positive"": true, ""margin_replay_available"": true, ""max_drawdown"": 0.02889425773126488, ""minimum_margin_buffer"": 9334.186391801717, ""return_mdd"": 2.8423071085094684, ""sharpe"": 1.0755689720032675, ""smart_sortino"": 0.10442749954967646, ""sortino"": 0.10744485463589637, ""total_return"": 0.08212635414467884, ""trade_count"": 16}, ""validation"": {""account_wipeout_count"": 0, ""active_return_hours"": 2, ""cagr"": 0.015373660482419949, ""calmar"": 463.9126667001009, ""liquidation_count"": 0, ""margin_buffer_positive"": true, ""margin_replay_available"": true, ""max_drawdown"": 3.3139126361381166e-05, ""minimum_margin_buffer"": 9688.016570793247, ""return_mdd"": 113.5218227422, ""sharpe"": 1.9980234954019556, ""smart_sortino"": 4.928137079243068, ""sortino"": 4.9283003934004626, ""total_return"": 0.00376201402862808, ""trade_count"": 2}}, ""validation_total_return"": 0.00376201402862808}",research_only_locked_oos_gate_fail
higher_risk_train_return_tilt_v1,fresh_tv10_filter_abs_score_ge_1p5_alpha_zoo_quality_single_pair_7p0x_0p2alloc,higher_risk_train_return_tilt_v1,alpha_zoo_quality_single_pair,quality_single_pair,fresh_tv10_filter_side_long_abs_score_ge_2p5_alpha_zoo_slow_residual_pair_3p0x_0p075alloc,individual_seed_trade_filter,fresh_train_validation_10bps_trade_filter,alpha_zoo_slow_residual_pair,slow_residual_pair,side_long_abs_score_ge_2.5,,0.028239707747676986,0.028239707747676986,0.028239707747676986,train;validation,train;validation,train;validation,False,False,False,locked_oos_calmar_non_positive;locked_oos_return_non_positive;locked_oos_sharpe_non_positive;locked_oos_smart_sortino_non_positive;locked_oos_sortino_non_positive;train_calmar_not_above_validation;train_sharpe_not_above_validation;train_smart_sortino_not_above_validation;train_sortino_not_above_validation,0,locked_oos_calmar_non_positive;locked_oos_return_non_positive;locked_oos_sharpe_non_positive;locked_oos_smart_sortino_non_positive;locked_oos_sortino_non_positive;train_calmar_not_above_validation;train_sharpe_not_above_validation;train_smart_sortino_not_above_validation;train_sortino_not_above_validation,0,47.45008674519569,0.035113898127304255,0.0016123225279167652,-0.0023314437880372907,"{""train_total_return"": 0.035113898127304255, ""train_validation"": {""locked_oos"": {""account_wipeout_count"": 0, ""active_return_hours"": 2, ""cagr"": -0.01817125419965704, ""calmar"": -6.080074170611472, ""liquidation_count"": 0, ""margin_buffer_positive"": true, ""margin_replay_available"": true, ""max_drawdown"": 0.0029886566659810265, ""minimum_margin_buffer"": 9884.82612250595, ""return_mdd"": -0.7800975650951845, ""sharpe"": -2.1330433307105783, ""smart_sortino"": -0.06523233920314679, ""sortino"": -0.06542729626854381, ""total_return"": -0.0023314437880372907, ""trade_count"": 2}, ""train"": {""account_wipeout_count"": 0, ""active_return_hours"": 16, ""cagr"": 0.035113898127304255, ""calmar"": 2.8184792087011346, ""liquidation_count"": 0, ""margin_buffer_positive"": true, ""margin_replay_available"": true, ""max_drawdown"": 0.012458455616384026, ""minimum_margin_buffer"": 9714.651310772164, ""return_mdd"": 2.8184792087011346, ""sharpe"": 1.0755689720032713, ""smart_sortino"": 0.10612272932273982, ""sortino"": 0.10744485463589672, ""total_return"": 0.035113898127304255, ""trade_count"": 16}, ""validation"": {""account_wipeout_count"": 0, ""active_return_hours"": 2, ""cagr"": 0.006567189611478064, ""calmar"": 462.39729616476194, ""liquidation_count"": 0, ""margin_buffer_positive"": true, ""margin_replay_available"": true, ""max_drawdown"": 1.4202482726322074e-05, ""minimum_margin_buffer"": 9866.292816054249, ""return_mdd"": 113.52399147288371, ""sharpe"": 1.9980234954019365, ""smart_sortino"": 4.928230400287973, ""sortino"": 4.928300393395104, ""total_return"": 0.0016123225279167652, ""trade_count"": 2}}, ""validation_total_return"": 0.0016123225279167652}",research_only_locked_oos_gate_fail
higher_risk_train_return_tilt_v1,fresh_tv10_filter_abs_score_ge_1p5_alpha_zoo_quality_single_pair_7p0x_0p2alloc,higher_risk_train_return_tilt_v1,alpha_zoo_quality_single_pair,quality_single_pair,fresh_tv10_filter_side_long_abs_score_ge_2p5_alpha_zoo_slow_residual_pair_4p0x_0p075alloc,individual_seed_trade_filter,fresh_train_validation_10bps_trade_filter,alpha_zoo_slow_residual_pair,slow_residual_pair,side_long_abs_score_ge_2.5,,0.028239707747677065,0.028239707747677065,0.028239707747677065,train;validation,train;validation,train;validation,False,False,False,locked_oos_calmar_non_positive;locked_oos_return_non_positive;locked_oos_sharpe_non_positive;locked_oos_smart_sortino_non_positive;locked_oos_sortino_non_positive;train_calmar_not_above_validation;train_sharpe_not_above_validation;train_smart_sortino_not_above_validation;train_sortino_not_above_validation,0,locked_oos_calmar_non_positive;locked_oos_return_non_positive;locked_oos_sharpe_non_positive;locked_oos_smart_sortino_non_positive;locked_oos_sortino_non_positive;train_calmar_not_above_validation;train_sharpe_not_above_validation;train_smart_sortino_not_above_validation;train_sortino_not_above_validation,0,47.4962356772441,0.04684902714189709,0.002149753103435126,-0.003109467304723612,"{""train_total_return"": 0.04684902714189709, ""train_validation"": {""locked_oos"": {""account_wipeout_count"": 0, ""active_return_hours"": 2, ""cagr"": -0.02417069198538313, ""calmar"": -6.065607734532797, ""liquidation_count"": 0, ""margin_buffer_positive"": true, ""margin_replay_available"": true, ""max_drawdown"": 0.003984875554641332, ""minimum_margin_buffer"": 9846.434830007935, ""return_mdd"": -0.7803172927450396, ""sharpe"": -2.1330433307107484, ""smart_sortino"": -0.06516761144673985, ""sortino"": -0.06542729626854832, ""total_return"": -0.003109467304723612, ""trade_count"": 2}, ""train"": {""account_wipeout_count"": 0, ""active_return_hours"": 16, ""cagr"": 0.04684902714189709, ""calmar"": 2.8245858871212914, ""liquidation_count"": 0, ""margin_buffer_positive"": true, ""margin_replay_available"": true, ""max_drawdown"": 0.016586157764047958, ""minimum_margin_buffer"": 9619.535081029553, ""return_mdd"": 2.8245858871212914, ""sharpe"": 1.0755689720032648, ""smart_sortino"": 0.10569183321580754, ""sortino"": 0.10744485463589637, ""total_return"": 0.04684902714189709, ""trade_count"": 16}, ""validation"": {""account_wipeout_count"": 0, ""active_return_hours"": 2, ""cagr"": 0.008763419042874032, ""calmar"": 462.7757279357328, ""liquidation_count"": 0, ""margin_buffer_positive"": true, ""margin_replay_available"": true, ""max_drawdown"": 1.893664363505909e-05, ""minimum_margin_buffer"": 9821.723754738998, ""return_mdd"": 113.52344929040629, ""sharpe"": 1.9980234954019702, ""smart_sortino"": 4.9282070697034435, ""sortino"": 4.928300393404482, ""total_return"": 0.002149753103435126, ""trade_count"": 2}}, ""validation_total_return"": 0.002149753103435126}",research_only_locked_oos_gate_fail
higher_risk_train_return_tilt_v1,fresh_tv10_filter_abs_score_ge_1p5_alpha_zoo_quality_single_pair_7p0x_0p2alloc,higher_risk_train_return_tilt_v1,alpha_zoo_quality_single_pair,quality_single_pair,fresh_tv10_filter_side_long_abs_score_ge_2p5_alpha_zoo_slow_residual_pair_2p0x_0p15alloc,individual_seed_trade_filter,fresh_train_validation_10bps_trade_filter,alpha_zoo_slow_residual_pair,slow_residual_pair,side_long_abs_score_ge_2.5,,0.028239707747677065,0.028239707747677065,0.028239707747677065,train;validation,train;validation,train;validation,False,False,False,locked_oos_calmar_non_positive;locked_oos_return_non_positive;locked_oos_sharpe_non_positive;locked_oos_smart_sortino_non_positive;locked_oos_sortino_non_positive;train_calmar_not_above_validation;train_sharpe_not_above_validation;train_smart_sortino_not_above_validation;train_sortino_not_above_validation,0,locked_oos_calmar_non_positive;locked_oos_return_non_positive;locked_oos_sharpe_non_positive;locked_oos_smart_sortino_non_positive;locked_oos_sortino_non_positive;train_calmar_not_above_validation;train_sharpe_not_above_validation;train_smart_sortino_not_above_validation;train_sortino_not_above_validation,0,47.4962356772441,0.04684902714189709,0.002149753103435126,-0.003109467304723612,"{""train_total_return"": 0.04684902714189709, ""train_validation"": {""locked_oos"": {""account_wipeout_count"": 0, ""active_return_hours"": 2, ""cagr"": -0.02417069198538313, ""calmar"": -6.065607734532797, ""liquidation_count"": 0, ""margin_buffer_positive"": true, ""margin_replay_available"": true, ""max_drawdown"": 0.003984875554641332, ""minimum_margin_buffer"": 9846.434830007935, ""return_mdd"": -0.7803172927450396, ""sharpe"": -2.1330433307107484, ""smart_sortino"": -0.06516761144673985, ""sortino"": -0.06542729626854832, ""total_return"": -0.003109467304723612, ""trade_count"": 2}, ""train"": {""account_wipeout_count"": 0, ""active_return_hours"": 16, ""cagr"": 0.04684902714189709, ""calmar"": 2.8245858871212914, ""liquidation_count"": 0, ""margin_buffer_positive"": true, ""margin_replay_available"": true, ""max_drawdown"": 0.016586157764047958, ""minimum_margin_buffer"": 9619.535081029553, ""return_mdd"": 2.8245858871212914, ""sharpe"": 1.0755689720032648, ""smart_sortino"": 0.10569183321580754, ""sortino"": 0.10744485463589637, ""total_return"": 0.04684902714189709, ""trade_count"": 16}, ""validation"": {""account_wipeout_count"": 0, ""active_return_hours"": 2, ""cagr"": 0.008763419042874032, ""calmar"": 462.7757279357328, ""liquidation_count"": 0, ""margin_buffer_positive"": true, ""margin_replay_available"": true, ""max_drawdown"": 1.893664363505909e-05, ""minimum_margin_buffer"": 9821.723754738998, ""return_mdd"": 113.52344929040629, ""sharpe"": 1.9980234954019702, ""smart_sortino"": 4.9282070697034435, ""sortino"": 4.928300393404482, ""total_return"": 0.002149753103435126, ""trade_count"": 2}}, ""validation_total_return"": 0.002149753103435126}",research_only_locked_oos_gate_fail
