failed_gates,family,filters,name,oos_fills,oos_liquidations,oos_max_drawdown,oos_round_trips,oos_sharpe,oos_sortino,oos_total_return,oos_volatility,reject_top,replay_survivor,success_candidate,train_fills,train_liquidations,train_max_drawdown,train_round_trips,train_sharpe,train_sortino,train_total_return,train_volatility,val_fills,val_liquidations,val_max_drawdown,val_round_trips,val_sharpe,val_sortino,val_total_return,val_volatility
"train_positive,val_positive,oos_return_beats_incumbent,oos_mdd_beats_shadow,oos_sharpe_gt_1",calendar_teacher_state_fade,"{""adaptive_lookback_bars"": 72, ""allow_long"": true, ""allow_short"": true, ""broad_min_abs"": 0.006, ""calendar_long_months"": [], ""calendar_long_symbol"": """", ""calendar_short_months"": [], ""calendar_short_symbol"": """", ""calendar_veto_flow_abs"": 0.0, ""calendar_veto_funding_abs"": 0.0, ""calendar_veto_market_ret_abs"": 0.0, ""calendar_veto_resid_z"": 0.0, ""compression_lookback_bars"": 24, ""compression_quantile"": 0.0, ""cooldown_bars"": 42, ""entry_days_of_month"": [], ""entry_hours"": [], ""external_risk_max"": 1.25, ""family"": ""calendar_teacher_state_fade"", ""flow_lookback_bars"": 6, ""flow_persistence_bars"": 0, ""flow_persistence_threshold"": 0.0, ""flow_threshold"": 0.0, ""funding_abs_cap"": 0.00025, ""funding_rank_min"": 0.0001, ""hold_bars"": 168, ""long_allocation_scale"": 6.0, ""lookback_bars"": 336, ""max_order_value"": 175.0, ""max_rv"": 0.0, ""min_abs_return"": 0.009, ""name"": ""fresh_calendar_teacher_fade_both_lb336_fast72_z075_ret90_h168_fl0_xr125"", ""oi_rank_min"": 0.012, ""primary_symbol"": """", ""rv_lookback_bars"": 24, ""secondary_symbol"": """", ""sharpe_lookback_bars"": 24, ""sharpe_rank_min"": 0.75, ""short_allocation_scale"": 8.0, ""spread_hedge_ratio"": 1.0, ""stop_loss_pct"": 0.004, ""take_profit_pct"": 0.045, ""target_allocation"": 0.008, ""threshold"": 0.75, ""trailing_stop_cap_pct"": 0.012, ""trailing_stop_floor_pct"": 0.004, ""trailing_stop_rv_multiple"": 0.8}",fresh_calendar_teacher_fade_both_lb336_fast72_z075_ret90_h168_fl0_xr125,54,0,0.005818093537100867,27,-12.910173498502804,-4.7799778046229795,-0.0058180935371008324,0.002486757976656752,"{""cooldown"": 1093, ""signal_missing"": 385, ""teacher_state_rank_gap_too_small"": 65}",False,False,308,0,0.04361961956525029,154,-14.669016834184411,-5.144235568131801,-0.04361961956525029,0.003040416001119899,62,0,0.008567489633138947,31,-16.19643254956179,-6.845511068689958,-0.008479007157835117,0.003254438880039381
"train_positive,val_positive,oos_return_beats_incumbent,oos_mdd_beats_shadow,oos_sharpe_gt_1",calendar_teacher_state_fade,"{""adaptive_lookback_bars"": 72, ""allow_long"": true, ""allow_short"": true, ""broad_min_abs"": 0.006, ""calendar_long_months"": [], ""calendar_long_symbol"": """", ""calendar_short_months"": [], ""calendar_short_symbol"": """", ""calendar_veto_flow_abs"": 0.0, ""calendar_veto_funding_abs"": 0.0, ""calendar_veto_market_ret_abs"": 0.0, ""calendar_veto_resid_z"": 0.0, ""compression_lookback_bars"": 24, ""compression_quantile"": 0.0, ""cooldown_bars"": 42, ""entry_days_of_month"": [], ""entry_hours"": [], ""external_risk_max"": 1.25, ""family"": ""calendar_teacher_state_fade"", ""flow_lookback_bars"": 6, ""flow_persistence_bars"": 0, ""flow_persistence_threshold"": 0.0, ""flow_threshold"": 0.0, ""funding_abs_cap"": 0.00025, ""funding_rank_min"": 0.0001, ""hold_bars"": 168, ""long_allocation_scale"": 6.0, ""lookback_bars"": 336, ""max_order_value"": 175.0, ""max_rv"": 0.0, ""min_abs_return"": 0.006, ""name"": ""fresh_calendar_teacher_fade_both_lb336_fast72_z075_ret60_h168_fl0_xr125"", ""oi_rank_min"": 0.012, ""primary_symbol"": """", ""rv_lookback_bars"": 24, ""secondary_symbol"": """", ""sharpe_lookback_bars"": 24, ""sharpe_rank_min"": 0.75, ""short_allocation_scale"": 8.0, ""spread_hedge_ratio"": 1.0, ""stop_loss_pct"": 0.004, ""take_profit_pct"": 0.045, ""target_allocation"": 0.008, ""threshold"": 0.75, ""trailing_stop_cap_pct"": 0.012, ""trailing_stop_floor_pct"": 0.004, ""trailing_stop_rv_multiple"": 0.8}",fresh_calendar_teacher_fade_both_lb336_fast72_z075_ret60_h168_fl0_xr125,54,0,0.005915630009724373,27,-12.90549044912182,-4.69435143337768,-0.005915630009724393,0.00252948393620022,"{""cooldown"": 1093, ""signal_missing"": 388, ""teacher_state_rank_gap_too_small"": 65}",False,False,308,0,0.043556742160949034,154,-14.63440273026614,-5.118294725366235,-0.04355674216094907,0.0030431139501767776,60,0,0.008265831784961843,30,-15.834638961131901,-6.628826092981745,-0.008177322387570185,0.003209867695280012
"train_positive,val_positive,oos_return_beats_incumbent,oos_mdd_beats_shadow,oos_sharpe_gt_1",calendar_teacher_state_fade,"{""adaptive_lookback_bars"": 72, ""allow_long"": true, ""allow_short"": true, ""broad_min_abs"": 0.006, ""calendar_long_months"": [], ""calendar_long_symbol"": """", ""calendar_short_months"": [], ""calendar_short_symbol"": """", ""calendar_veto_flow_abs"": 0.0, ""calendar_veto_funding_abs"": 0.0, ""calendar_veto_market_ret_abs"": 0.0, ""calendar_veto_resid_z"": 0.0, ""compression_lookback_bars"": 24, ""compression_quantile"": 0.0, ""cooldown_bars"": 42, ""entry_days_of_month"": [], ""entry_hours"": [], ""external_risk_max"": 1.25, ""family"": ""calendar_teacher_state_fade"", ""flow_lookback_bars"": 6, ""flow_persistence_bars"": 0, ""flow_persistence_threshold"": 0.0, ""flow_threshold"": 0.0, ""funding_abs_cap"": 0.00025, ""funding_rank_min"": 0.0001, ""hold_bars"": 168, ""long_allocation_scale"": 6.0, ""lookback_bars"": 336, ""max_order_value"": 175.0, ""max_rv"": 0.0, ""min_abs_return"": 0.003, ""name"": ""fresh_calendar_teacher_fade_both_lb336_fast72_z075_ret30_h168_fl0_xr125"", ""oi_rank_min"": 0.012, ""primary_symbol"": """", ""rv_lookback_bars"": 24, ""secondary_symbol"": """", ""sharpe_lookback_bars"": 24, ""sharpe_rank_min"": 0.75, ""short_allocation_scale"": 8.0, ""spread_hedge_ratio"": 1.0, ""stop_loss_pct"": 0.004, ""take_profit_pct"": 0.045, ""target_allocation"": 0.008, ""threshold"": 0.75, ""trailing_stop_cap_pct"": 0.012, ""trailing_stop_floor_pct"": 0.004, ""trailing_stop_rv_multiple"": 0.8}",fresh_calendar_teacher_fade_both_lb336_fast72_z075_ret30_h168_fl0_xr125,52,0,0.0061663572351521,26,-12.80419470953753,-4.418223958221063,-0.006166357235152131,0.002657871744540097,"{""cooldown"": 1092, ""signal_missing"": 387, ""teacher_state_rank_gap_too_small"": 68}",False,False,312,0,0.04380476150484319,156,-14.133447209131988,-4.796878371052607,-0.04380476150484314,0.003169300350136207,60,0,0.00832379553033203,30,-15.891666609779614,-6.640541229853429,-0.008235291306036507,0.0032211160218656733
"train_positive,val_positive,oos_return_beats_incumbent,oos_mdd_beats_shadow,oos_sharpe_gt_1",calendar_teacher_state_fade,"{""adaptive_lookback_bars"": 72, ""allow_long"": true, ""allow_short"": true, ""broad_min_abs"": 0.006, ""calendar_long_months"": [], ""calendar_long_symbol"": """", ""calendar_short_months"": [], ""calendar_short_symbol"": """", ""calendar_veto_flow_abs"": 0.0, ""calendar_veto_funding_abs"": 0.0, ""calendar_veto_market_ret_abs"": 0.0, ""calendar_veto_resid_z"": 0.0, ""compression_lookback_bars"": 24, ""compression_quantile"": 0.0, ""cooldown_bars"": 42, ""entry_days_of_month"": [], ""entry_hours"": [], ""external_risk_max"": 1.25, ""family"": ""calendar_teacher_state_fade"", ""flow_lookback_bars"": 6, ""flow_persistence_bars"": 0, ""flow_persistence_threshold"": 0.0, ""flow_threshold"": 0.02, ""funding_abs_cap"": 0.00025, ""funding_rank_min"": 0.0001, ""hold_bars"": 168, ""long_allocation_scale"": 6.0, ""lookback_bars"": 336, ""max_order_value"": 175.0, ""max_rv"": 0.0, ""min_abs_return"": 0.006, ""name"": ""fresh_calendar_teacher_fade_both_lb336_fast72_z075_ret60_h168_fl2_xr125"", ""oi_rank_min"": 0.012, ""primary_symbol"": """", ""rv_lookback_bars"": 24, ""secondary_symbol"": """", ""sharpe_lookback_bars"": 24, ""sharpe_rank_min"": 0.75, ""short_allocation_scale"": 8.0, ""spread_hedge_ratio"": 1.0, ""stop_loss_pct"": 0.004, ""take_profit_pct"": 0.045, ""target_allocation"": 0.008, ""threshold"": 0.75, ""trailing_stop_cap_pct"": 0.012, ""trailing_stop_floor_pct"": 0.004, ""trailing_stop_rv_multiple"": 0.8}",fresh_calendar_teacher_fade_both_lb336_fast72_z075_ret60_h168_fl2_xr125,54,0,0.006240927705793183,27,-14.679648888221852,-6.032100133794287,-0.006240927705793209,0.002346484659077758,"{""cooldown"": 1093, ""signal_missing"": 398, ""teacher_state_rank_gap_too_small"": 62}",False,False,306,0,0.041917683418560225,153,-13.857493708052155,-4.665630879878405,-0.04191768341856028,0.0030901394947684957,60,0,0.009098193748081471,30,-16.59754756297532,-6.706794420559337,-0.009009758636580267,0.003375477406897718
"train_positive,val_positive,oos_return_beats_incumbent,oos_mdd_beats_shadow,oos_sharpe_gt_1",calendar_teacher_state_fade,"{""adaptive_lookback_bars"": 72, ""allow_long"": true, ""allow_short"": true, ""broad_min_abs"": 0.006, ""calendar_long_months"": [], ""calendar_long_symbol"": """", ""calendar_short_months"": [], ""calendar_short_symbol"": """", ""calendar_veto_flow_abs"": 0.0, ""calendar_veto_funding_abs"": 0.0, ""calendar_veto_market_ret_abs"": 0.0, ""calendar_veto_resid_z"": 0.0, ""compression_lookback_bars"": 24, ""compression_quantile"": 0.0, ""cooldown_bars"": 42, ""entry_days_of_month"": [], ""entry_hours"": [], ""external_risk_max"": 1.25, ""family"": ""calendar_teacher_state_fade"", ""flow_lookback_bars"": 6, ""flow_persistence_bars"": 0, ""flow_persistence_threshold"": 0.0, ""flow_threshold"": 0.0, ""funding_abs_cap"": 0.00025, ""funding_rank_min"": 0.0001, ""hold_bars"": 168, ""long_allocation_scale"": 6.0, ""lookback_bars"": 336, ""max_order_value"": 175.0, ""max_rv"": 0.0, ""min_abs_return"": 0.003, ""name"": ""fresh_calendar_teacher_fade_both_lb336_fast72_z050_ret30_h168_fl0_xr125"", ""oi_rank_min"": 0.012, ""primary_symbol"": """", ""rv_lookback_bars"": 24, ""secondary_symbol"": """", ""sharpe_lookback_bars"": 24, ""sharpe_rank_min"": 0.5, ""short_allocation_scale"": 8.0, ""spread_hedge_ratio"": 1.0, ""stop_loss_pct"": 0.004, ""take_profit_pct"": 0.045, ""target_allocation"": 0.008, ""threshold"": 0.5, ""trailing_stop_cap_pct"": 0.012, ""trailing_stop_floor_pct"": 0.004, ""trailing_stop_rv_multiple"": 0.8}",fresh_calendar_teacher_fade_both_lb336_fast72_z050_ret30_h168_fl0_xr125,62,0,0.006244727829867407,31,-14.832814173253318,-6.686757902732556,-0.0062447278298674025,0.002323676767643336,"{""cooldown"": 1265, ""signal_missing"": 232, ""teacher_state_rank_gap_too_small"": 32}",False,False,326,0,0.04439602573436823,163,-14.720565167589127,-5.188395494385801,-0.04439602573436818,0.0030849367675084404,62,0,0.00885604548432148,31,-16.03306709648599,-7.03052003270235,-0.00876758876179018,0.0033999670306376984
"train_positive,val_positive,oos_return_beats_incumbent,oos_mdd_beats_shadow,oos_sharpe_gt_1",calendar_teacher_state_fade,"{""adaptive_lookback_bars"": 72, ""allow_long"": true, ""allow_short"": true, ""broad_min_abs"": 0.006, ""calendar_long_months"": [], ""calendar_long_symbol"": """", ""calendar_short_months"": [], ""calendar_short_symbol"": """", ""calendar_veto_flow_abs"": 0.0, ""calendar_veto_funding_abs"": 0.0, ""calendar_veto_market_ret_abs"": 0.0, ""calendar_veto_resid_z"": 0.0, ""compression_lookback_bars"": 24, ""compression_quantile"": 0.0, ""cooldown_bars"": 42, ""entry_days_of_month"": [], ""entry_hours"": [], ""external_risk_max"": 1.25, ""family"": ""calendar_teacher_state_fade"", ""flow_lookback_bars"": 6, ""flow_persistence_bars"": 0, ""flow_persistence_threshold"": 0.0, ""flow_threshold"": 0.02, ""funding_abs_cap"": 0.00025, ""funding_rank_min"": 0.0001, ""hold_bars"": 168, ""long_allocation_scale"": 6.0, ""lookback_bars"": 336, ""max_order_value"": 175.0, ""max_rv"": 0.0, ""min_abs_return"": 0.003, ""name"": ""fresh_calendar_teacher_fade_both_lb336_fast72_z075_ret30_h168_fl2_xr125"", ""oi_rank_min"": 0.012, ""primary_symbol"": """", ""rv_lookback_bars"": 24, ""secondary_symbol"": """", ""sharpe_lookback_bars"": 24, ""sharpe_rank_min"": 0.75, ""short_allocation_scale"": 8.0, ""spread_hedge_ratio"": 1.0, ""stop_loss_pct"": 0.004, ""take_profit_pct"": 0.045, ""target_allocation"": 0.008, ""threshold"": 0.75, ""trailing_stop_cap_pct"": 0.012, ""trailing_stop_floor_pct"": 0.004, ""trailing_stop_rv_multiple"": 0.8}",fresh_calendar_teacher_fade_both_lb336_fast72_z075_ret30_h168_fl2_xr125,52,0,0.006308788134515453,26,-14.49631218488604,-5.515764071193452,-0.006308788134515408,0.002402072868867829,"{""cooldown"": 1092, ""signal_missing"": 390, ""teacher_state_rank_gap_too_small"": 67}",False,False,308,0,0.04227692162655003,154,-13.685009035858723,-4.532342264798024,-0.04227692162655006,0.003156479326219391,60,0,0.009156073665910874,30,-16.652238461380556,-6.723062606674239,-0.009067643720024443,0.003386105299347283
"train_positive,val_positive,oos_return_beats_incumbent,oos_mdd_beats_shadow,oos_sharpe_gt_1",calendar_teacher_state_fade,"{""adaptive_lookback_bars"": 72, ""allow_long"": true, ""allow_short"": true, ""broad_min_abs"": 0.006, ""calendar_long_months"": [], ""calendar_long_symbol"": """", ""calendar_short_months"": [], ""calendar_short_symbol"": """", ""calendar_veto_flow_abs"": 0.0, ""calendar_veto_funding_abs"": 0.0, ""calendar_veto_market_ret_abs"": 0.0, ""calendar_veto_resid_z"": 0.0, ""compression_lookback_bars"": 24, ""compression_quantile"": 0.0, ""cooldown_bars"": 42, ""entry_days_of_month"": [], ""entry_hours"": [], ""external_risk_max"": 1.25, ""family"": ""calendar_teacher_state_fade"", ""flow_lookback_bars"": 6, ""flow_persistence_bars"": 0, ""flow_persistence_threshold"": 0.0, ""flow_threshold"": 0.0, ""funding_abs_cap"": 0.00025, ""funding_rank_min"": 0.0001, ""hold_bars"": 168, ""long_allocation_scale"": 6.0, ""lookback_bars"": 336, ""max_order_value"": 175.0, ""max_rv"": 0.0, ""min_abs_return"": 0.009, ""name"": ""fresh_calendar_teacher_fade_both_lb336_fast72_z050_ret90_h168_fl0_xr125"", ""oi_rank_min"": 0.012, ""primary_symbol"": """", ""rv_lookback_bars"": 24, ""secondary_symbol"": """", ""sharpe_lookback_bars"": 24, ""sharpe_rank_min"": 0.5, ""short_allocation_scale"": 8.0, ""spread_hedge_ratio"": 1.0, ""stop_loss_pct"": 0.004, ""take_profit_pct"": 0.045, ""target_allocation"": 0.008, ""threshold"": 0.5, ""trailing_stop_cap_pct"": 0.012, ""trailing_stop_floor_pct"": 0.004, ""trailing_stop_rv_multiple"": 0.8}",fresh_calendar_teacher_fade_both_lb336_fast72_z050_ret90_h168_fl0_xr125,58,0,0.006345288657080346,29,-13.4181489561102,-5.126209836359787,-0.006345288657080395,0.0026101066420274213,"{""cooldown"": 1181, ""signal_missing"": 308, ""teacher_state_rank_gap_too_small"": 35}",False,False,320,0,0.041555933465502314,160,-14.543018945777318,-5.266085142079202,-0.04155593346550235,0.0029185520068230933,62,0,0.008553909223296702,31,-15.527830967657918,-6.524986842032878,-0.00846542553598062,0.0033890794989645655
"train_positive,val_positive,oos_return_beats_incumbent,oos_mdd_beats_shadow,oos_sharpe_gt_1",calendar_teacher_state_fade,"{""adaptive_lookback_bars"": 72, ""allow_long"": true, ""allow_short"": true, ""broad_min_abs"": 0.006, ""calendar_long_months"": [], ""calendar_long_symbol"": """", ""calendar_short_months"": [], ""calendar_short_symbol"": """", ""calendar_veto_flow_abs"": 0.0, ""calendar_veto_funding_abs"": 0.0, ""calendar_veto_market_ret_abs"": 0.0, ""calendar_veto_resid_z"": 0.0, ""compression_lookback_bars"": 24, ""compression_quantile"": 0.0, ""cooldown_bars"": 42, ""entry_days_of_month"": [], ""entry_hours"": [], ""external_risk_max"": 1.25, ""family"": ""calendar_teacher_state_fade"", ""flow_lookback_bars"": 6, ""flow_persistence_bars"": 0, ""flow_persistence_threshold"": 0.0, ""flow_threshold"": 0.0, ""funding_abs_cap"": 0.00025, ""funding_rank_min"": 0.0001, ""hold_bars"": 168, ""long_allocation_scale"": 6.0, ""lookback_bars"": 336, ""max_order_value"": 175.0, ""max_rv"": 0.0, ""min_abs_return"": 0.006, ""name"": ""fresh_calendar_teacher_fade_both_lb336_fast72_z050_ret60_h168_fl0_xr125"", ""oi_rank_min"": 0.012, ""primary_symbol"": """", ""rv_lookback_bars"": 24, ""secondary_symbol"": """", ""sharpe_lookback_bars"": 24, ""sharpe_rank_min"": 0.5, ""short_allocation_scale"": 8.0, ""spread_hedge_ratio"": 1.0, ""stop_loss_pct"": 0.004, ""take_profit_pct"": 0.045, ""target_allocation"": 0.008, ""threshold"": 0.5, ""trailing_stop_cap_pct"": 0.012, ""trailing_stop_floor_pct"": 0.004, ""trailing_stop_rv_multiple"": 0.8}",fresh_calendar_teacher_fade_both_lb336_fast72_z050_ret60_h168_fl0_xr125,58,0,0.006356449712685208,29,-13.409362883927159,-5.110425903231583,-0.00635644971268523,0.002616424780079522,"{""cooldown"": 1181, ""signal_missing"": 308, ""teacher_state_rank_gap_too_small"": 35}",False,False,322,0,0.04192819764945052,161,-14.151890116349414,-5.056987878213823,-0.04192819764945055,0.003026645771650289,62,0,0.008961246991800764,31,-16.235224625655665,-6.961711733319182,-0.008872799658198871,0.0033981075109454843
"train_positive,val_positive,oos_return_beats_incumbent,oos_mdd_beats_shadow,oos_sharpe_gt_1",calendar_teacher_state_fade,"{""adaptive_lookback_bars"": 72, ""allow_long"": true, ""allow_short"": true, ""broad_min_abs"": 0.006, ""calendar_long_months"": [], ""calendar_long_symbol"": """", ""calendar_short_months"": [], ""calendar_short_symbol"": """", ""calendar_veto_flow_abs"": 0.0, ""calendar_veto_funding_abs"": 0.0, ""calendar_veto_market_ret_abs"": 0.0, ""calendar_veto_resid_z"": 0.0, ""compression_lookback_bars"": 24, ""compression_quantile"": 0.0, ""cooldown_bars"": 42, ""entry_days_of_month"": [], ""entry_hours"": [], ""external_risk_max"": 1.25, ""family"": ""calendar_teacher_state_fade"", ""flow_lookback_bars"": 6, ""flow_persistence_bars"": 0, ""flow_persistence_threshold"": 0.0, ""flow_threshold"": 0.02, ""funding_abs_cap"": 0.00025, ""funding_rank_min"": 0.0001, ""hold_bars"": 168, ""long_allocation_scale"": 6.0, ""lookback_bars"": 336, ""max_order_value"": 175.0, ""max_rv"": 0.0, ""min_abs_return"": 0.009, ""name"": ""fresh_calendar_teacher_fade_both_lb336_fast72_z075_ret90_h168_fl2_xr125"", ""oi_rank_min"": 0.012, ""primary_symbol"": """", ""rv_lookback_bars"": 24, ""secondary_symbol"": """", ""sharpe_lookback_bars"": 24, ""sharpe_rank_min"": 0.75, ""short_allocation_scale"": 8.0, ""spread_hedge_ratio"": 1.0, ""stop_loss_pct"": 0.004, ""take_profit_pct"": 0.045, ""target_allocation"": 0.008, ""threshold"": 0.75, ""trailing_stop_cap_pct"": 0.012, ""trailing_stop_floor_pct"": 0.004, ""trailing_stop_rv_multiple"": 0.8}",fresh_calendar_teacher_fade_both_lb336_fast72_z075_ret90_h168_fl2_xr125,54,0,0.006387737863384245,27,-14.88081280782613,-6.084259084158081,-0.006387737863384202,0.002369391523010526,"{""cooldown"": 1093, ""signal_missing"": 398, ""teacher_state_rank_gap_too_small"": 62}",False,False,306,0,0.041908688487661494,153,-13.96177301762798,-4.756330211506136,-0.041908688487661494,0.003066392228338057,62,0,0.008956530466117956,31,-16.347759795042847,-6.424637618094824,-0.008868082711579794,0.0033729184716248233
"train_positive,val_positive,oos_return_beats_incumbent,oos_mdd_beats_shadow,oos_sharpe_gt_1",calendar_teacher_state_fade,"{""adaptive_lookback_bars"": 72, ""allow_long"": true, ""allow_short"": true, ""broad_min_abs"": 0.006, ""calendar_long_months"": [], ""calendar_long_symbol"": """", ""calendar_short_months"": [], ""calendar_short_symbol"": """", ""calendar_veto_flow_abs"": 0.0, ""calendar_veto_funding_abs"": 0.0, ""calendar_veto_market_ret_abs"": 0.0, ""calendar_veto_resid_z"": 0.0, ""compression_lookback_bars"": 24, ""compression_quantile"": 0.0, ""cooldown_bars"": 42, ""entry_days_of_month"": [], ""entry_hours"": [], ""external_risk_max"": 0.0, ""family"": ""calendar_teacher_state_fade"", ""flow_lookback_bars"": 6, ""flow_persistence_bars"": 0, ""flow_persistence_threshold"": 0.0, ""flow_threshold"": 0.02, ""funding_abs_cap"": 0.00025, ""funding_rank_min"": 0.0001, ""hold_bars"": 168, ""long_allocation_scale"": 6.0, ""lookback_bars"": 336, ""max_order_value"": 175.0, ""max_rv"": 0.0, ""min_abs_return"": 0.006, ""name"": ""fresh_calendar_teacher_fade_both_lb336_fast72_z075_ret60_h168_fl2"", ""oi_rank_min"": 0.012, ""primary_symbol"": """", ""rv_lookback_bars"": 24, ""secondary_symbol"": """", ""sharpe_lookback_bars"": 24, ""sharpe_rank_min"": 0.75, ""short_allocation_scale"": 8.0, ""spread_hedge_ratio"": 1.0, ""stop_loss_pct"": 0.004, ""take_profit_pct"": 0.045, ""target_allocation"": 0.008, ""threshold"": 0.75, ""trailing_stop_cap_pct"": 0.012, ""trailing_stop_floor_pct"": 0.004, ""trailing_stop_rv_multiple"": 0.8}",fresh_calendar_teacher_fade_both_lb336_fast72_z075_ret60_h168_fl2,54,0,0.006477082594305102,27,-14.572793060683825,-5.753815532391704,-0.006477082594305128,0.002453412349736947,"{""cooldown"": 1093, ""signal_missing"": 397, ""teacher_state_rank_gap_too_small"": 63}",False,False,306,0,0.04219529395340323,153,-13.88469583976097,-4.674794215672333,-0.04219529395340327,0.0031049562277636143,60,0,0.008941274750531743,30,-16.60927079017438,-6.742602373047522,-0.008852825634465211,0.0033140865003671678
"train_positive,val_positive,oos_return_beats_incumbent,oos_mdd_beats_shadow,oos_sharpe_gt_1",calendar_teacher_state_fade,"{""adaptive_lookback_bars"": 72, ""allow_long"": true, ""allow_short"": true, ""broad_min_abs"": 0.006, ""calendar_long_months"": [], ""calendar_long_symbol"": """", ""calendar_short_months"": [], ""calendar_short_symbol"": """", ""calendar_veto_flow_abs"": 0.0, ""calendar_veto_funding_abs"": 0.0, ""calendar_veto_market_ret_abs"": 0.0, ""calendar_veto_resid_z"": 0.0, ""compression_lookback_bars"": 24, ""compression_quantile"": 0.0, ""cooldown_bars"": 42, ""entry_days_of_month"": [], ""entry_hours"": [], ""external_risk_max"": 1.25, ""family"": ""calendar_teacher_state_fade"", ""flow_lookback_bars"": 6, ""flow_persistence_bars"": 0, ""flow_persistence_threshold"": 0.0, ""flow_threshold"": 0.0, ""funding_abs_cap"": 0.00025, ""funding_rank_min"": 0.0001, ""hold_bars"": 168, ""long_allocation_scale"": 6.0, ""lookback_bars"": 336, ""max_order_value"": 175.0, ""max_rv"": 0.0, ""min_abs_return"": 0.003, ""name"": ""fresh_calendar_teacher_fade_both_lb336_fast72_z035_ret30_h168_fl0_xr125"", ""oi_rank_min"": 0.012, ""primary_symbol"": """", ""rv_lookback_bars"": 24, ""secondary_symbol"": """", ""sharpe_lookback_bars"": 24, ""sharpe_rank_min"": 0.5, ""short_allocation_scale"": 8.0, ""spread_hedge_ratio"": 1.0, ""stop_loss_pct"": 0.004, ""take_profit_pct"": 0.045, ""target_allocation"": 0.008, ""threshold"": 0.35, ""trailing_stop_cap_pct"": 0.012, ""trailing_stop_floor_pct"": 0.004, ""trailing_stop_rv_multiple"": 0.8}",fresh_calendar_teacher_fade_both_lb336_fast72_z035_ret30_h168_fl0_xr125,64,0,0.00648597598880242,32,-15.682463966901764,-7.306313921285555,-0.006485975988802406,0.002282978560487373,"{""cooldown"": 1310, ""signal_missing"": 187, ""teacher_state_rank_gap_too_small"": 32}",False,False,330,0,0.0486048194391753,165,-14.685918204845393,-4.9556007381724285,-0.04860481943917527,0.003392743362936096,64,0,0.008591912852929756,32,-16.27599683862264,-7.198252521350626,-0.00850343255732744,0.003247901111230213
"train_positive,val_positive,oos_return_beats_incumbent,oos_mdd_beats_shadow,oos_sharpe_gt_1",calendar_teacher_state_fade,"{""adaptive_lookback_bars"": 72, ""allow_long"": true, ""allow_short"": true, ""broad_min_abs"": 0.006, ""calendar_long_months"": [], ""calendar_long_symbol"": """", ""calendar_short_months"": [], ""calendar_short_symbol"": """", ""calendar_veto_flow_abs"": 0.0, ""calendar_veto_funding_abs"": 0.0, ""calendar_veto_market_ret_abs"": 0.0, ""calendar_veto_resid_z"": 0.0, ""compression_lookback_bars"": 24, ""compression_quantile"": 0.0, ""cooldown_bars"": 42, ""entry_days_of_month"": [], ""entry_hours"": [], ""external_risk_max"": 0.0, ""family"": ""calendar_teacher_state_fade"", ""flow_lookback_bars"": 6, ""flow_persistence_bars"": 0, ""flow_persistence_threshold"": 0.0, ""flow_threshold"": 0.0, ""funding_abs_cap"": 0.00025, ""funding_rank_min"": 0.0001, ""hold_bars"": 168, ""long_allocation_scale"": 6.0, ""lookback_bars"": 336, ""max_order_value"": 175.0, ""max_rv"": 0.0, ""min_abs_return"": 0.006, ""name"": ""fresh_calendar_teacher_fade_both_lb336_fast72_z050_ret60_h168_fl0"", ""oi_rank_min"": 0.012, ""primary_symbol"": """", ""rv_lookback_bars"": 24, ""secondary_symbol"": """", ""sharpe_lookback_bars"": 24, ""sharpe_rank_min"": 0.5, ""short_allocation_scale"": 8.0, ""spread_hedge_ratio"": 1.0, ""stop_loss_pct"": 0.004, ""take_profit_pct"": 0.045, ""target_allocation"": 0.008, ""threshold"": 0.5, ""trailing_stop_cap_pct"": 0.012, ""trailing_stop_floor_pct"": 0.004, ""trailing_stop_rv_multiple"": 0.8}",fresh_calendar_teacher_fade_both_lb336_fast72_z050_ret60_h168_fl0,60,0,0.00652655961013952,30,-15.166752492934231,-6.344845848552515,-0.006526559610139482,0.00237541208739421,"{""cooldown"": 1223, ""signal_missing"": 278, ""teacher_state_rank_gap_too_small"": 33}",False,False,322,0,0.04184622769096059,161,-14.241046446076933,-5.1638287941739165,-0.04184622769096058,0.0030016944941997086,62,0,0.008817270258451287,31,-16.268599730181506,-7.061572633473078,-0.00872881007534354,0.003335869550528605
"train_positive,val_positive,oos_return_beats_incumbent,oos_mdd_beats_shadow,oos_sharpe_gt_1",calendar_teacher_state_fade,"{""adaptive_lookback_bars"": 72, ""allow_long"": true, ""allow_short"": true, ""broad_min_abs"": 0.006, ""calendar_long_months"": [], ""calendar_long_symbol"": """", ""calendar_short_months"": [], ""calendar_short_symbol"": """", ""calendar_veto_flow_abs"": 0.0, ""calendar_veto_funding_abs"": 0.0, ""calendar_veto_market_ret_abs"": 0.0, ""calendar_veto_resid_z"": 0.0, ""compression_lookback_bars"": 24, ""compression_quantile"": 0.0, ""cooldown_bars"": 42, ""entry_days_of_month"": [], ""entry_hours"": [], ""external_risk_max"": 0.0, ""family"": ""calendar_teacher_state_fade"", ""flow_lookback_bars"": 6, ""flow_persistence_bars"": 0, ""flow_persistence_threshold"": 0.0, ""flow_threshold"": 0.02, ""funding_abs_cap"": 0.00025, ""funding_rank_min"": 0.0001, ""hold_bars"": 168, ""long_allocation_scale"": 6.0, ""lookback_bars"": 336, ""max_order_value"": 175.0, ""max_rv"": 0.0, ""min_abs_return"": 0.003, ""name"": ""fresh_calendar_teacher_fade_both_lb336_fast72_z075_ret30_h168_fl2"", ""oi_rank_min"": 0.012, ""primary_symbol"": """", ""rv_lookback_bars"": 24, ""secondary_symbol"": """", ""sharpe_lookback_bars"": 24, ""sharpe_rank_min"": 0.75, ""short_allocation_scale"": 8.0, ""spread_hedge_ratio"": 1.0, ""stop_loss_pct"": 0.004, ""take_profit_pct"": 0.045, ""target_allocation"": 0.008, ""threshold"": 0.75, ""trailing_stop_cap_pct"": 0.012, ""trailing_stop_floor_pct"": 0.004, ""trailing_stop_rv_multiple"": 0.8}",fresh_calendar_teacher_fade_both_lb336_fast72_z075_ret30_h168_fl2,52,0,0.006546380386560849,26,-14.412533567960459,-5.33486239963132,-0.006546380386560857,0.0025073139511043448,"{""cooldown"": 1092, ""signal_missing"": 389, ""teacher_state_rank_gap_too_small"": 68}",False,False,310,0,0.04209578185390456,155,-13.627546540702927,-4.579022847680607,-0.0420957818539045,0.0031559100657858425,60,0,0.008999154668361148,30,-16.66390896954925,-6.757449314974404,-0.008910710717909387,0.0033249154843916122
"train_positive,val_positive,oos_return_beats_incumbent,oos_mdd_beats_shadow,oos_sharpe_gt_1",calendar_teacher_state_fade,"{""adaptive_lookback_bars"": 72, ""allow_long"": true, ""allow_short"": true, ""broad_min_abs"": 0.006, ""calendar_long_months"": [], ""calendar_long_symbol"": """", ""calendar_short_months"": [], ""calendar_short_symbol"": """", ""calendar_veto_flow_abs"": 0.0, ""calendar_veto_funding_abs"": 0.0, ""calendar_veto_market_ret_abs"": 0.0, ""calendar_veto_resid_z"": 0.0, ""compression_lookback_bars"": 24, ""compression_quantile"": 0.0, ""cooldown_bars"": 42, ""entry_days_of_month"": [], ""entry_hours"": [], ""external_risk_max"": 0.0, ""family"": ""calendar_teacher_state_fade"", ""flow_lookback_bars"": 6, ""flow_persistence_bars"": 0, ""flow_persistence_threshold"": 0.0, ""flow_threshold"": 0.0, ""funding_abs_cap"": 0.00025, ""funding_rank_min"": 0.0001, ""hold_bars"": 168, ""long_allocation_scale"": 6.0, ""lookback_bars"": 336, ""max_order_value"": 175.0, ""max_rv"": 0.0, ""min_abs_return"": 0.009, ""name"": ""fresh_calendar_teacher_fade_both_lb336_fast72_z050_ret90_h168_fl0"", ""oi_rank_min"": 0.012, ""primary_symbol"": """", ""rv_lookback_bars"": 24, ""secondary_symbol"": """", ""sharpe_lookback_bars"": 24, ""sharpe_rank_min"": 0.5, ""short_allocation_scale"": 8.0, ""spread_hedge_ratio"": 1.0, ""stop_loss_pct"": 0.004, ""take_profit_pct"": 0.045, ""target_allocation"": 0.008, ""threshold"": 0.5, ""trailing_stop_cap_pct"": 0.012, ""trailing_stop_floor_pct"": 0.004, ""trailing_stop_rv_multiple"": 0.8}",fresh_calendar_teacher_fade_both_lb336_fast72_z050_ret90_h168_fl0,58,0,0.006592708667385341,29,-14.229828399370298,-5.53722347056473,-0.006592708667385372,0.0025575309182352935,"{""cooldown"": 1181, ""signal_missing"": 315, ""teacher_state_rank_gap_too_small"": 35}",False,False,320,0,0.041474611408040256,160,-14.643486369469983,-5.39080973376522,-0.04147461140804021,0.0028927386157779045,62,0,0.008371649827616902,31,-15.585523058621632,-6.68543340291226,-0.008283149874178553,0.0033035389415508954
"train_positive,val_positive,oos_return_beats_incumbent,oos_mdd_beats_shadow,oos_sharpe_gt_1",calendar_teacher_state_fade,"{""adaptive_lookback_bars"": 72, ""allow_long"": true, ""allow_short"": true, ""broad_min_abs"": 0.006, ""calendar_long_months"": [], ""calendar_long_symbol"": """", ""calendar_short_months"": [], ""calendar_short_symbol"": """", ""calendar_veto_flow_abs"": 0.0, ""calendar_veto_funding_abs"": 0.0, ""calendar_veto_market_ret_abs"": 0.0, ""calendar_veto_resid_z"": 0.0, ""compression_lookback_bars"": 24, ""compression_quantile"": 0.0, ""cooldown_bars"": 42, ""entry_days_of_month"": [], ""entry_hours"": [], ""external_risk_max"": 0.0, ""family"": ""calendar_teacher_state_fade"", ""flow_lookback_bars"": 6, ""flow_persistence_bars"": 0, ""flow_persistence_threshold"": 0.0, ""flow_threshold"": 0.02, ""funding_abs_cap"": 0.00025, ""funding_rank_min"": 0.0001, ""hold_bars"": 168, ""long_allocation_scale"": 6.0, ""lookback_bars"": 336, ""max_order_value"": 175.0, ""max_rv"": 0.0, ""min_abs_return"": 0.009, ""name"": ""fresh_calendar_teacher_fade_both_lb336_fast72_z075_ret90_h168_fl2"", ""oi_rank_min"": 0.012, ""primary_symbol"": """", ""rv_lookback_bars"": 24, ""secondary_symbol"": """", ""sharpe_lookback_bars"": 24, ""sharpe_rank_min"": 0.75, ""short_allocation_scale"": 8.0, ""spread_hedge_ratio"": 1.0, ""stop_loss_pct"": 0.004, ""take_profit_pct"": 0.045, ""target_allocation"": 0.008, ""threshold"": 0.75, ""trailing_stop_cap_pct"": 0.012, ""trailing_stop_floor_pct"": 0.004, ""trailing_stop_rv_multiple"": 0.8}",fresh_calendar_teacher_fade_both_lb336_fast72_z075_ret90_h168_fl2,54,0,0.006625238908190295,27,-14.771408539946046,-5.815286601013993,-0.006625238908190334,0.0024759737241064447,"{""cooldown"": 1093, ""signal_missing"": 397, ""teacher_state_rank_gap_too_small"": 63}",False,False,306,0,0.04224195077750101,153,-13.988077242665558,-4.770166719223774,-0.042241950777501036,0.0030854956752585355,62,0,0.008799611468568228,31,-16.355196867805482,-6.456283661381557,-0.008711149709464738,0.003311468200220966
"train_positive,val_positive,oos_return_beats_incumbent,oos_mdd_beats_shadow,oos_sharpe_gt_1",calendar_teacher_state_fade,"{""adaptive_lookback_bars"": 72, ""allow_long"": true, ""allow_short"": true, ""broad_min_abs"": 0.006, ""calendar_long_months"": [], ""calendar_long_symbol"": """", ""calendar_short_months"": [], ""calendar_short_symbol"": """", ""calendar_veto_flow_abs"": 0.0, ""calendar_veto_funding_abs"": 0.0, ""calendar_veto_market_ret_abs"": 0.0, ""calendar_veto_resid_z"": 0.0, ""compression_lookback_bars"": 24, ""compression_quantile"": 0.0, ""cooldown_bars"": 42, ""entry_days_of_month"": [], ""entry_hours"": [], ""external_risk_max"": 0.0, ""family"": ""calendar_teacher_state_fade"", ""flow_lookback_bars"": 6, ""flow_persistence_bars"": 0, ""flow_persistence_threshold"": 0.0, ""flow_threshold"": 0.0, ""funding_abs_cap"": 0.00025, ""funding_rank_min"": 0.0001, ""hold_bars"": 168, ""long_allocation_scale"": 6.0, ""lookback_bars"": 336, ""max_order_value"": 175.0, ""max_rv"": 0.0, ""min_abs_return"": 0.009, ""name"": ""fresh_calendar_teacher_fade_both_lb336_fast72_z075_ret90_h168_fl0"", ""oi_rank_min"": 0.012, ""primary_symbol"": """", ""rv_lookback_bars"": 24, ""secondary_symbol"": """", ""sharpe_lookback_bars"": 24, ""sharpe_rank_min"": 0.75, ""short_allocation_scale"": 8.0, ""spread_hedge_ratio"": 1.0, ""stop_loss_pct"": 0.004, ""take_profit_pct"": 0.045, ""target_allocation"": 0.008, ""threshold"": 0.75, ""trailing_stop_cap_pct"": 0.012, ""trailing_stop_floor_pct"": 0.004, ""trailing_stop_rv_multiple"": 0.8}",fresh_calendar_teacher_fade_both_lb336_fast72_z075_ret90_h168_fl0,56,0,0.0067937798737151755,28,-13.526658902727723,-4.61299348116566,-0.006793779873715211,0.0027727837462207766,"{""cooldown"": 1135, ""signal_missing"": 349, ""teacher_state_rank_gap_too_small"": 65}",False,False,308,0,0.043587526462093414,154,-14.66929459424417,-5.1451174181237755,-0.04358752646209341,0.003038071149719486,62,0,0.008851405510975177,31,-16.11327890301528,-6.720415617529821,-0.008762948374339774,0.003381247331410318
"train_positive,val_positive,oos_return_beats_incumbent,oos_mdd_beats_shadow,oos_sharpe_gt_1",calendar_teacher_state_fade,"{""adaptive_lookback_bars"": 72, ""allow_long"": true, ""allow_short"": true, ""broad_min_abs"": 0.006, ""calendar_long_months"": [], ""calendar_long_symbol"": """", ""calendar_short_months"": [], ""calendar_short_symbol"": """", ""calendar_veto_flow_abs"": 0.0, ""calendar_veto_funding_abs"": 0.0, ""calendar_veto_market_ret_abs"": 0.0, ""calendar_veto_resid_z"": 0.0, ""compression_lookback_bars"": 24, ""compression_quantile"": 0.0, ""cooldown_bars"": 42, ""entry_days_of_month"": [], ""entry_hours"": [], ""external_risk_max"": 0.0, ""family"": ""calendar_teacher_state_fade"", ""flow_lookback_bars"": 6, ""flow_persistence_bars"": 0, ""flow_persistence_threshold"": 0.0, ""flow_threshold"": 0.0, ""funding_abs_cap"": 0.00025, ""funding_rank_min"": 0.0001, ""hold_bars"": 168, ""long_allocation_scale"": 6.0, ""lookback_bars"": 336, ""max_order_value"": 175.0, ""max_rv"": 0.0, ""min_abs_return"": 0.006, ""name"": ""fresh_calendar_teacher_fade_both_lb336_fast72_z035_ret60_h168_fl0"", ""oi_rank_min"": 0.012, ""primary_symbol"": """", ""rv_lookback_bars"": 24, ""secondary_symbol"": """", ""sharpe_lookback_bars"": 24, ""sharpe_rank_min"": 0.5, ""short_allocation_scale"": 8.0, ""spread_hedge_ratio"": 1.0, ""stop_loss_pct"": 0.004, ""take_profit_pct"": 0.045, ""target_allocation"": 0.008, ""threshold"": 0.35, ""trailing_stop_cap_pct"": 0.012, ""trailing_stop_floor_pct"": 0.004, ""trailing_stop_rv_multiple"": 0.8}",fresh_calendar_teacher_fade_both_lb336_fast72_z035_ret60_h168_fl0,64,0,0.006850176417987131,32,-15.8526384575782,-7.0240723326846854,-0.0068501764179871305,0.002385719639509203,"{""cooldown"": 1310, ""signal_missing"": 189, ""teacher_state_rank_gap_too_small"": 33}",False,False,326,0,0.04588098950201111,163,-14.923753449515313,-5.285557185690133,-0.04588098950201114,0.0031471405708576347,62,0,0.009089262749137681,31,-16.338774369382648,-6.856805862321187,-0.009000826840570686,0.0034255127322197895
"train_positive,val_positive,oos_return_beats_incumbent,oos_mdd_beats_shadow,oos_sharpe_gt_1",calendar_teacher_state_fade,"{""adaptive_lookback_bars"": 72, ""allow_long"": true, ""allow_short"": true, ""broad_min_abs"": 0.006, ""calendar_long_months"": [], ""calendar_long_symbol"": """", ""calendar_short_months"": [], ""calendar_short_symbol"": """", ""calendar_veto_flow_abs"": 0.0, ""calendar_veto_funding_abs"": 0.0, ""calendar_veto_market_ret_abs"": 0.0, ""calendar_veto_resid_z"": 0.0, ""compression_lookback_bars"": 24, ""compression_quantile"": 0.0, ""cooldown_bars"": 42, ""entry_days_of_month"": [], ""entry_hours"": [], ""external_risk_max"": 0.0, ""family"": ""calendar_teacher_state_fade"", ""flow_lookback_bars"": 6, ""flow_persistence_bars"": 0, ""flow_persistence_threshold"": 0.0, ""flow_threshold"": 0.0, ""funding_abs_cap"": 0.00025, ""funding_rank_min"": 0.0001, ""hold_bars"": 168, ""long_allocation_scale"": 6.0, ""lookback_bars"": 336, ""max_order_value"": 175.0, ""max_rv"": 0.0, ""min_abs_return"": 0.006, ""name"": ""fresh_calendar_teacher_fade_both_lb336_fast72_z075_ret60_h168_fl0"", ""oi_rank_min"": 0.012, ""primary_symbol"": """", ""rv_lookback_bars"": 24, ""secondary_symbol"": """", ""sharpe_lookback_bars"": 24, ""sharpe_rank_min"": 0.75, ""short_allocation_scale"": 8.0, ""spread_hedge_ratio"": 1.0, ""stop_loss_pct"": 0.004, ""take_profit_pct"": 0.045, ""target_allocation"": 0.008, ""threshold"": 0.75, ""trailing_stop_cap_pct"": 0.012, ""trailing_stop_floor_pct"": 0.004, ""trailing_stop_rv_multiple"": 0.8}",fresh_calendar_teacher_fade_both_lb336_fast72_z075_ret60_h168_fl0,56,0,0.006890087353236049,28,-13.534375122740098,-4.5728276702953305,-0.006890087353236041,0.0028106192991962545,"{""cooldown"": 1135, ""signal_missing"": 352, ""teacher_state_rank_gap_too_small"": 65}",False,False,308,0,0.04350650516696569,154,-14.635524310724263,-5.120460612819768,-0.04350650516696564,0.0030392923838063117,60,0,0.00857651300846472,30,-15.852006039119365,-6.5680021241220405,-0.00848803133847087,0.0033286891297123118
"train_positive,val_positive,oos_return_beats_incumbent,oos_mdd_beats_shadow,oos_sharpe_gt_1",calendar_teacher_state_fade,"{""adaptive_lookback_bars"": 72, ""allow_long"": true, ""allow_short"": true, ""broad_min_abs"": 0.006, ""calendar_long_months"": [], ""calendar_long_symbol"": """", ""calendar_short_months"": [], ""calendar_short_symbol"": """", ""calendar_veto_flow_abs"": 0.0, ""calendar_veto_funding_abs"": 0.0, ""calendar_veto_market_ret_abs"": 0.0, ""calendar_veto_resid_z"": 0.0, ""compression_lookback_bars"": 24, ""compression_quantile"": 0.0, ""cooldown_bars"": 42, ""entry_days_of_month"": [], ""entry_hours"": [], ""external_risk_max"": 1.25, ""family"": ""calendar_teacher_state_fade"", ""flow_lookback_bars"": 6, ""flow_persistence_bars"": 0, ""flow_persistence_threshold"": 0.0, ""flow_threshold"": 0.02, ""funding_abs_cap"": 0.00025, ""funding_rank_min"": 0.0001, ""hold_bars"": 168, ""long_allocation_scale"": 6.0, ""lookback_bars"": 336, ""max_order_value"": 175.0, ""max_rv"": 0.0, ""min_abs_return"": 0.006, ""name"": ""fresh_calendar_teacher_fade_both_lb336_fast72_z035_ret60_h168_fl2_xr125"", ""oi_rank_min"": 0.012, ""primary_symbol"": """", ""rv_lookback_bars"": 24, ""secondary_symbol"": """", ""sharpe_lookback_bars"": 24, ""sharpe_rank_min"": 0.5, ""short_allocation_scale"": 8.0, ""spread_hedge_ratio"": 1.0, ""stop_loss_pct"": 0.004, ""take_profit_pct"": 0.045, ""target_allocation"": 0.008, ""threshold"": 0.35, ""trailing_stop_cap_pct"": 0.012, ""trailing_stop_floor_pct"": 0.004, ""trailing_stop_rv_multiple"": 0.8}",fresh_calendar_teacher_fade_both_lb336_fast72_z035_ret60_h168_fl2_xr125,64,0,0.006930012926772178,32,-14.730849197831606,-6.315047060747781,-0.0069300129267722,0.0025973907245544397,"{""cooldown"": 1310, ""signal_missing"": 189, ""teacher_state_rank_gap_too_small"": 28}",False,False,324,0,0.043092173615108004,162,-13.982336100879722,-4.880786383264122,-0.043092173615107976,0.0031502720803507135,62,0,0.008955139347897378,31,-16.331681707118587,-6.965745722710098,-0.008866691469205934,0.0033757063565146867
"train_positive,val_positive,oos_return_beats_incumbent,oos_mdd_beats_shadow,oos_sharpe_gt_1",calendar_teacher_state_fade,"{""adaptive_lookback_bars"": 72, ""allow_long"": true, ""allow_short"": true, ""broad_min_abs"": 0.006, ""calendar_long_months"": [], ""calendar_long_symbol"": """", ""calendar_short_months"": [], ""calendar_short_symbol"": """", ""calendar_veto_flow_abs"": 0.0, ""calendar_veto_funding_abs"": 0.0, ""calendar_veto_market_ret_abs"": 0.0, ""calendar_veto_resid_z"": 0.0, ""compression_lookback_bars"": 24, ""compression_quantile"": 0.0, ""cooldown_bars"": 42, ""entry_days_of_month"": [], ""entry_hours"": [], ""external_risk_max"": 0.0, ""family"": ""calendar_teacher_state_fade"", ""flow_lookback_bars"": 6, ""flow_persistence_bars"": 0, ""flow_persistence_threshold"": 0.0, ""flow_threshold"": 0.0, ""funding_abs_cap"": 0.00025, ""funding_rank_min"": 0.0001, ""hold_bars"": 168, ""long_allocation_scale"": 6.0, ""lookback_bars"": 336, ""max_order_value"": 175.0, ""max_rv"": 0.0, ""min_abs_return"": 0.003, ""name"": ""fresh_calendar_teacher_fade_both_lb336_fast72_z050_ret30_h168_fl0"", ""oi_rank_min"": 0.012, ""primary_symbol"": """", ""rv_lookback_bars"": 24, ""secondary_symbol"": """", ""sharpe_lookback_bars"": 24, ""sharpe_rank_min"": 0.5, ""short_allocation_scale"": 8.0, ""spread_hedge_ratio"": 1.0, ""stop_loss_pct"": 0.004, ""take_profit_pct"": 0.045, ""target_allocation"": 0.008, ""threshold"": 0.5, ""trailing_stop_cap_pct"": 0.012, ""trailing_stop_floor_pct"": 0.004, ""trailing_stop_rv_multiple"": 0.8}",fresh_calendar_teacher_fade_both_lb336_fast72_z050_ret30_h168_fl0,62,0,0.006966723006468237,31,-13.98438771581683,-5.136780668814054,-0.006966723006468278,0.002750551004959723,"{""cooldown"": 1265, ""signal_missing"": 232, ""teacher_state_rank_gap_too_small"": 32}",False,False,326,0,0.04431596604197875,163,-14.810298569335616,-5.287087754903488,-0.04431596604197874,0.0030605934489403995,62,0,0.008712103982718829,31,-16.06257440313438,-7.138819137253875,-0.008623634413826076,0.0033377652494849222
"train_positive,val_positive,oos_return_beats_incumbent,oos_mdd_beats_shadow,oos_sharpe_gt_1",calendar_teacher_state_fade,"{""adaptive_lookback_bars"": 72, ""allow_long"": true, ""allow_short"": true, ""broad_min_abs"": 0.006, ""calendar_long_months"": [], ""calendar_long_symbol"": """", ""calendar_short_months"": [], ""calendar_short_symbol"": """", ""calendar_veto_flow_abs"": 0.0, ""calendar_veto_funding_abs"": 0.0, ""calendar_veto_market_ret_abs"": 0.0, ""calendar_veto_resid_z"": 0.0, ""compression_lookback_bars"": 24, ""compression_quantile"": 0.0, ""cooldown_bars"": 42, ""entry_days_of_month"": [], ""entry_hours"": [], ""external_risk_max"": 1.25, ""family"": ""calendar_teacher_state_fade"", ""flow_lookback_bars"": 6, ""flow_persistence_bars"": 0, ""flow_persistence_threshold"": 0.0, ""flow_threshold"": 0.0, ""funding_abs_cap"": 0.00025, ""funding_rank_min"": 0.0001, ""hold_bars"": 168, ""long_allocation_scale"": 6.0, ""lookback_bars"": 336, ""max_order_value"": 175.0, ""max_rv"": 0.0, ""min_abs_return"": 0.006, ""name"": ""fresh_calendar_teacher_fade_both_lb336_fast72_z035_ret60_h168_fl0_xr125"", ""oi_rank_min"": 0.012, ""primary_symbol"": """", ""rv_lookback_bars"": 24, ""secondary_symbol"": """", ""sharpe_lookback_bars"": 24, ""sharpe_rank_min"": 0.5, ""short_allocation_scale"": 8.0, ""spread_hedge_ratio"": 1.0, ""stop_loss_pct"": 0.004, ""take_profit_pct"": 0.045, ""target_allocation"": 0.008, ""threshold"": 0.35, ""trailing_stop_cap_pct"": 0.012, ""trailing_stop_floor_pct"": 0.004, ""trailing_stop_rv_multiple"": 0.8}",fresh_calendar_teacher_fade_both_lb336_fast72_z035_ret60_h168_fl0_xr125,64,0,0.007007493184501436,32,-14.429963192141862,-5.90792422842237,-0.007007493184501445,0.002681287213735124,"{""cooldown"": 1310, ""signal_missing"": 186, ""teacher_state_rank_gap_too_small"": 29}",False,False,326,0,0.04497543517893519,163,-14.917350718174603,-5.327669815295284,-0.04497543517893521,0.0030849037245567097,62,0,0.00877868404845249,31,-16.32122413154848,-6.908305116060111,-0.008690220421637473,0.003310352946019215
"train_positive,val_positive,oos_return_beats_incumbent,oos_mdd_beats_shadow,oos_sharpe_gt_1",calendar_teacher_state_fade,"{""adaptive_lookback_bars"": 24, ""allow_long"": true, ""allow_short"": true, ""broad_min_abs"": 0.006, ""calendar_long_months"": [], ""calendar_long_symbol"": """", ""calendar_short_months"": [], ""calendar_short_symbol"": """", ""calendar_veto_flow_abs"": 0.0, ""calendar_veto_funding_abs"": 0.0, ""calendar_veto_market_ret_abs"": 0.0, ""calendar_veto_resid_z"": 0.0, ""compression_lookback_bars"": 24, ""compression_quantile"": 0.0, ""cooldown_bars"": 42, ""entry_days_of_month"": [], ""entry_hours"": [], ""external_risk_max"": 1.25, ""family"": ""calendar_teacher_state_fade"", ""flow_lookback_bars"": 6, ""flow_persistence_bars"": 0, ""flow_persistence_threshold"": 0.0, ""flow_threshold"": 0.02, ""funding_abs_cap"": 0.00025, ""funding_rank_min"": 0.0001, ""hold_bars"": 168, ""long_allocation_scale"": 6.0, ""lookback_bars"": 72, ""max_order_value"": 175.0, ""max_rv"": 0.0, ""min_abs_return"": 0.003, ""name"": ""fresh_calendar_teacher_fade_both_lb72_fast24_z075_ret30_h168_fl2_xr125"", ""oi_rank_min"": 0.012, ""primary_symbol"": """", ""rv_lookback_bars"": 24, ""secondary_symbol"": """", ""sharpe_lookback_bars"": 12, ""sharpe_rank_min"": 0.75, ""short_allocation_scale"": 8.0, ""spread_hedge_ratio"": 1.0, ""stop_loss_pct"": 0.004, ""take_profit_pct"": 0.045, ""target_allocation"": 0.008, ""threshold"": 0.75, ""trailing_stop_cap_pct"": 0.012, ""trailing_stop_floor_pct"": 0.004, ""trailing_stop_rv_multiple"": 0.8}",fresh_calendar_teacher_fade_both_lb72_fast24_z075_ret30_h168_fl2_xr125,66,0,0.007015637109095769,33,-15.055440135870686,-6.785284064439764,-0.007015637109095807,0.002572909750485428,"{""cooldown"": 1369, ""signal_missing"": 124, ""teacher_state_rank_gap_too_small"": 27}",False,False,370,0,0.051821892974612274,185,-15.361227960291185,-5.479276945878017,-0.05182189297461226,0.003464100060636447,60,0,0.00822257994895003,30,-16.089330134093387,-6.427482945558853,-0.008214938917797565,0.0031736567682301643
"train_positive,val_positive,oos_return_beats_incumbent,oos_mdd_beats_shadow,oos_sharpe_gt_1",calendar_teacher_state_fade,"{""adaptive_lookback_bars"": 72, ""allow_long"": true, ""allow_short"": true, ""broad_min_abs"": 0.006, ""calendar_long_months"": [], ""calendar_long_symbol"": """", ""calendar_short_months"": [], ""calendar_short_symbol"": """", ""calendar_veto_flow_abs"": 0.0, ""calendar_veto_funding_abs"": 0.0, ""calendar_veto_market_ret_abs"": 0.0, ""calendar_veto_resid_z"": 0.0, ""compression_lookback_bars"": 24, ""compression_quantile"": 0.0, ""cooldown_bars"": 42, ""entry_days_of_month"": [], ""entry_hours"": [], ""external_risk_max"": 1.25, ""family"": ""calendar_teacher_state_fade"", ""flow_lookback_bars"": 6, ""flow_persistence_bars"": 0, ""flow_persistence_threshold"": 0.0, ""flow_threshold"": 0.0, ""funding_abs_cap"": 0.00025, ""funding_rank_min"": 0.0001, ""hold_bars"": 168, ""long_allocation_scale"": 6.0, ""lookback_bars"": 336, ""max_order_value"": 175.0, ""max_rv"": 0.0, ""min_abs_return"": 0.009, ""name"": ""fresh_calendar_teacher_fade_both_lb336_fast72_z035_ret90_h168_fl0_xr125"", ""oi_rank_min"": 0.012, ""primary_symbol"": """", ""rv_lookback_bars"": 24, ""secondary_symbol"": """", ""sharpe_lookback_bars"": 24, ""sharpe_rank_min"": 0.5, ""short_allocation_scale"": 8.0, ""spread_hedge_ratio"": 1.0, ""stop_loss_pct"": 0.004, ""take_profit_pct"": 0.045, ""target_allocation"": 0.008, ""threshold"": 0.35, ""trailing_stop_cap_pct"": 0.012, ""trailing_stop_floor_pct"": 0.004, ""trailing_stop_rv_multiple"": 0.8}",fresh_calendar_teacher_fade_both_lb336_fast72_z035_ret90_h168_fl0_xr125,64,0,0.007098130978599147,32,-14.494268850450075,-5.957195028272201,-0.0070981309785991265,0.0027040405287445455,"{""cooldown"": 1309, ""signal_missing"": 187, ""teacher_state_rank_gap_too_small"": 29}",False,False,326,0,0.04459786999964981,163,-14.855095545925577,-5.268540910235376,-0.044597869999649764,0.003071223728424502,62,0,0.00839126201188315,31,-15.564023034150113,-6.642993765979926,-0.00830276380877537,0.0033159667009423255
"train_positive,val_positive,oos_return_beats_incumbent,oos_mdd_beats_shadow,oos_sharpe_gt_1",calendar_teacher_state_fade,"{""adaptive_lookback_bars"": 72, ""allow_long"": true, ""allow_short"": true, ""broad_min_abs"": 0.006, ""calendar_long_months"": [], ""calendar_long_symbol"": """", ""calendar_short_months"": [], ""calendar_short_symbol"": """", ""calendar_veto_flow_abs"": 0.0, ""calendar_veto_funding_abs"": 0.0, ""calendar_veto_market_ret_abs"": 0.0, ""calendar_veto_resid_z"": 0.0, ""compression_lookback_bars"": 24, ""compression_quantile"": 0.0, ""cooldown_bars"": 42, ""entry_days_of_month"": [], ""entry_hours"": [], ""external_risk_max"": 0.0, ""family"": ""calendar_teacher_state_fade"", ""flow_lookback_bars"": 6, ""flow_persistence_bars"": 0, ""flow_persistence_threshold"": 0.0, ""flow_threshold"": 0.0, ""funding_abs_cap"": 0.00025, ""funding_rank_min"": 0.0001, ""hold_bars"": 168, ""long_allocation_scale"": 6.0, ""lookback_bars"": 336, ""max_order_value"": 175.0, ""max_rv"": 0.0, ""min_abs_return"": 0.003, ""name"": ""fresh_calendar_teacher_fade_both_lb336_fast72_z075_ret30_h168_fl0"", ""oi_rank_min"": 0.012, ""primary_symbol"": """", ""rv_lookback_bars"": 24, ""secondary_symbol"": """", ""sharpe_lookback_bars"": 24, ""sharpe_rank_min"": 0.75, ""short_allocation_scale"": 8.0, ""spread_hedge_ratio"": 1.0, ""stop_loss_pct"": 0.004, ""take_profit_pct"": 0.045, ""target_allocation"": 0.008, ""threshold"": 0.75, ""trailing_stop_cap_pct"": 0.012, ""trailing_stop_floor_pct"": 0.004, ""trailing_stop_rv_multiple"": 0.8}",fresh_calendar_teacher_fade_both_lb336_fast72_z075_ret30_h168_fl0,54,0,0.007138712991421926,27,-13.473578029925262,-4.424406072922545,-0.0071387129914218805,0.0029255309870517164,"{""cooldown"": 1134, ""signal_missing"": 351, ""teacher_state_rank_gap_too_small"": 68}",False,False,312,0,0.044153473689221935,156,-14.112058112078328,-4.768130935543032,-0.044153473689221956,0.0031999467914752373,60,0,0.008634476753834906,30,-15.908935166930942,-6.583025145611145,-0.008546000256937192,0.003339527054418163
"train_positive,val_positive,oos_return_beats_incumbent,oos_mdd_beats_shadow,oos_sharpe_gt_1",calendar_teacher_state_fade,"{""adaptive_lookback_bars"": 72, ""allow_long"": true, ""allow_short"": true, ""broad_min_abs"": 0.006, ""calendar_long_months"": [], ""calendar_long_symbol"": """", ""calendar_short_months"": [], ""calendar_short_symbol"": """", ""calendar_veto_flow_abs"": 0.0, ""calendar_veto_funding_abs"": 0.0, ""calendar_veto_market_ret_abs"": 0.0, ""calendar_veto_resid_z"": 0.0, ""compression_lookback_bars"": 24, ""compression_quantile"": 0.0, ""cooldown_bars"": 42, ""entry_days_of_month"": [], ""entry_hours"": [], ""external_risk_max"": 1.25, ""family"": ""calendar_teacher_state_fade"", ""flow_lookback_bars"": 6, ""flow_persistence_bars"": 0, ""flow_persistence_threshold"": 0.0, ""flow_threshold"": 0.02, ""funding_abs_cap"": 0.00025, ""funding_rank_min"": 0.0001, ""hold_bars"": 168, ""long_allocation_scale"": 6.0, ""lookback_bars"": 336, ""max_order_value"": 175.0, ""max_rv"": 0.0, ""min_abs_return"": 0.009, ""name"": ""fresh_calendar_teacher_fade_both_lb336_fast72_z035_ret90_h168_fl2_xr125"", ""oi_rank_min"": 0.012, ""primary_symbol"": """", ""rv_lookback_bars"": 24, ""secondary_symbol"": """", ""sharpe_lookback_bars"": 24, ""sharpe_rank_min"": 0.5, ""short_allocation_scale"": 8.0, ""spread_hedge_ratio"": 1.0, ""stop_loss_pct"": 0.004, ""take_profit_pct"": 0.045, ""target_allocation"": 0.008, ""threshold"": 0.35, ""trailing_stop_cap_pct"": 0.012, ""trailing_stop_floor_pct"": 0.004, ""trailing_stop_rv_multiple"": 0.8}",fresh_calendar_teacher_fade_both_lb336_fast72_z035_ret90_h168_fl2_xr125,64,0,0.00717562943400244,32,-14.928944206523546,-6.300455216347086,-0.007175629434002406,0.0026540874715848873,"{""cooldown"": 1309, ""signal_missing"": 193, ""teacher_state_rank_gap_too_small"": 28}",False,False,324,0,0.043079822460051764,162,-14.193327722012276,-5.027547213649695,-0.04307982246005171,0.003102542580150737,62,0,0.008865985634396388,31,-16.076740746519608,-6.753291510139275,-0.00877752979899471,0.0033945938414919304
"train_positive,val_positive,oos_return_beats_incumbent,oos_mdd_beats_shadow,oos_sharpe_gt_1",calendar_teacher_state_fade,"{""adaptive_lookback_bars"": 24, ""allow_long"": true, ""allow_short"": true, ""broad_min_abs"": 0.006, ""calendar_long_months"": [], ""calendar_long_symbol"": """", ""calendar_short_months"": [], ""calendar_short_symbol"": """", ""calendar_veto_flow_abs"": 0.0, ""calendar_veto_funding_abs"": 0.0, ""calendar_veto_market_ret_abs"": 0.0, ""calendar_veto_resid_z"": 0.0, ""compression_lookback_bars"": 24, ""compression_quantile"": 0.0, ""cooldown_bars"": 42, ""entry_days_of_month"": [], ""entry_hours"": [], ""external_risk_max"": 1.25, ""family"": ""calendar_teacher_state_fade"", ""flow_lookback_bars"": 6, ""flow_persistence_bars"": 0, ""flow_persistence_threshold"": 0.0, ""flow_threshold"": 0.02, ""funding_abs_cap"": 0.00025, ""funding_rank_min"": 0.0001, ""hold_bars"": 168, ""long_allocation_scale"": 6.0, ""lookback_bars"": 72, ""max_order_value"": 175.0, ""max_rv"": 0.0, ""min_abs_return"": 0.009, ""name"": ""fresh_calendar_teacher_fade_both_lb72_fast24_z050_ret90_h168_fl2_xr125"", ""oi_rank_min"": 0.012, ""primary_symbol"": """", ""rv_lookback_bars"": 24, ""secondary_symbol"": """", ""sharpe_lookback_bars"": 12, ""sharpe_rank_min"": 0.5, ""short_allocation_scale"": 8.0, ""spread_hedge_ratio"": 1.0, ""stop_loss_pct"": 0.004, ""take_profit_pct"": 0.045, ""target_allocation"": 0.008, ""threshold"": 0.5, ""trailing_stop_cap_pct"": 0.012, ""trailing_stop_floor_pct"": 0.004, ""trailing_stop_rv_multiple"": 0.8}",fresh_calendar_teacher_fade_both_lb72_fast24_z050_ret90_h168_fl2_xr125,66,0,0.00718578443151564,33,-16.349105646096113,-7.336404148830198,-0.007185784431515629,0.0024270185276481725,"{""cooldown"": 1370, ""signal_missing"": 156, ""teacher_state_rank_gap_too_small"": 15}",False,False,380,0,0.05098549403240923,190,-15.758062631525368,-5.9026029048324835,-0.05098549403240926,0.003320934788498998,62,0,0.008407692757650392,31,-15.495143070290052,-6.024529536686698,-0.008407692757650409,0.003372970226953961
"train_positive,val_positive,oos_return_beats_incumbent,oos_mdd_beats_shadow,oos_sharpe_gt_1",calendar_teacher_state_fade,"{""adaptive_lookback_bars"": 72, ""allow_long"": true, ""allow_short"": true, ""broad_min_abs"": 0.006, ""calendar_long_months"": [], ""calendar_long_symbol"": """", ""calendar_short_months"": [], ""calendar_short_symbol"": """", ""calendar_veto_flow_abs"": 0.0, ""calendar_veto_funding_abs"": 0.0, ""calendar_veto_market_ret_abs"": 0.0, ""calendar_veto_resid_z"": 0.0, ""compression_lookback_bars"": 24, ""compression_quantile"": 0.0, ""cooldown_bars"": 42, ""entry_days_of_month"": [], ""entry_hours"": [], ""external_risk_max"": 0.0, ""family"": ""calendar_teacher_state_fade"", ""flow_lookback_bars"": 6, ""flow_persistence_bars"": 0, ""flow_persistence_threshold"": 0.0, ""flow_threshold"": 0.0, ""funding_abs_cap"": 0.00025, ""funding_rank_min"": 0.0001, ""hold_bars"": 168, ""long_allocation_scale"": 6.0, ""lookback_bars"": 336, ""max_order_value"": 175.0, ""max_rv"": 0.0, ""min_abs_return"": 0.003, ""name"": ""fresh_calendar_teacher_fade_both_lb336_fast72_z035_ret30_h168_fl0"", ""oi_rank_min"": 0.012, ""primary_symbol"": """", ""rv_lookback_bars"": 24, ""secondary_symbol"": """", ""sharpe_lookback_bars"": 24, ""sharpe_rank_min"": 0.5, ""short_allocation_scale"": 8.0, ""spread_hedge_ratio"": 1.0, ""stop_loss_pct"": 0.004, ""take_profit_pct"": 0.045, ""target_allocation"": 0.008, ""threshold"": 0.35, ""trailing_stop_cap_pct"": 0.012, ""trailing_stop_floor_pct"": 0.004, ""trailing_stop_rv_multiple"": 0.8}",fresh_calendar_teacher_fade_both_lb336_fast72_z035_ret30_h168_fl0,64,0,0.0072077237802963285,32,-14.65418369468319,-5.469908065831757,-0.007207723780296327,0.0027159776560759605,"{""cooldown"": 1310, ""signal_missing"": 187, ""teacher_state_rank_gap_too_small"": 32}",False,False,330,0,0.049503954441833774,165,-14.719933436315374,-4.954493219270382,-0.04950395444183375,0.0034491309446346105,64,0,0.00890251063597444,32,-16.284722726146555,-7.09878726720934,-0.008814058060323093,0.003365255282800959
"train_positive,val_positive,oos_return_beats_incumbent,oos_mdd_beats_shadow,oos_sharpe_gt_1",calendar_teacher_state_fade,"{""adaptive_lookback_bars"": 72, ""allow_long"": true, ""allow_short"": true, ""broad_min_abs"": 0.006, ""calendar_long_months"": [], ""calendar_long_symbol"": """", ""calendar_short_months"": [], ""calendar_short_symbol"": """", ""calendar_veto_flow_abs"": 0.0, ""calendar_veto_funding_abs"": 0.0, ""calendar_veto_market_ret_abs"": 0.0, ""calendar_veto_resid_z"": 0.0, ""compression_lookback_bars"": 24, ""compression_quantile"": 0.0, ""cooldown_bars"": 42, ""entry_days_of_month"": [], ""entry_hours"": [], ""external_risk_max"": 1.25, ""family"": ""calendar_teacher_state_fade"", ""flow_lookback_bars"": 6, ""flow_persistence_bars"": 0, ""flow_persistence_threshold"": 0.0, ""flow_threshold"": 0.02, ""funding_abs_cap"": 0.00025, ""funding_rank_min"": 0.0001, ""hold_bars"": 168, ""long_allocation_scale"": 6.0, ""lookback_bars"": 336, ""max_order_value"": 175.0, ""max_rv"": 0.0, ""min_abs_return"": 0.006, ""name"": ""fresh_calendar_teacher_fade_both_lb336_fast72_z050_ret60_h168_fl2_xr125"", ""oi_rank_min"": 0.012, ""primary_symbol"": """", ""rv_lookback_bars"": 24, ""secondary_symbol"": """", ""sharpe_lookback_bars"": 24, ""sharpe_rank_min"": 0.5, ""short_allocation_scale"": 8.0, ""spread_hedge_ratio"": 1.0, ""stop_loss_pct"": 0.004, ""take_profit_pct"": 0.045, ""target_allocation"": 0.008, ""threshold"": 0.5, ""trailing_stop_cap_pct"": 0.012, ""trailing_stop_floor_pct"": 0.004, ""trailing_stop_rv_multiple"": 0.8}",fresh_calendar_teacher_fade_both_lb336_fast72_z050_ret60_h168_fl2_xr125,58,0,0.007242450610076412,29,-13.959965879300057,-5.107496207643542,-0.007242450610076445,0.0028647989089879,"{""cooldown"": 1181, ""signal_missing"": 312, ""teacher_state_rank_gap_too_small"": 34}",False,False,320,0,0.041549730692958475,160,-13.831682649099443,-4.917211774305444,-0.04154973069295842,0.0030681470937740287,62,0,0.008991667173836725,31,-16.540240301153897,-6.585358481141198,-0.00890322255514775,0.0033469429929451257
"train_positive,val_positive,oos_return_beats_incumbent,oos_mdd_beats_shadow,oos_sharpe_gt_1",calendar_teacher_state_fade,"{""adaptive_lookback_bars"": 24, ""allow_long"": true, ""allow_short"": true, ""broad_min_abs"": 0.006, ""calendar_long_months"": [], ""calendar_long_symbol"": """", ""calendar_short_months"": [], ""calendar_short_symbol"": """", ""calendar_veto_flow_abs"": 0.0, ""calendar_veto_funding_abs"": 0.0, ""calendar_veto_market_ret_abs"": 0.0, ""calendar_veto_resid_z"": 0.0, ""compression_lookback_bars"": 24, ""compression_quantile"": 0.0, ""cooldown_bars"": 42, ""entry_days_of_month"": [], ""entry_hours"": [], ""external_risk_max"": 1.25, ""family"": ""calendar_teacher_state_fade"", ""flow_lookback_bars"": 6, ""flow_persistence_bars"": 0, ""flow_persistence_threshold"": 0.0, ""flow_threshold"": 0.02, ""funding_abs_cap"": 0.00025, ""funding_rank_min"": 0.0001, ""hold_bars"": 168, ""long_allocation_scale"": 6.0, ""lookback_bars"": 72, ""max_order_value"": 175.0, ""max_rv"": 0.0, ""min_abs_return"": 0.003, ""name"": ""fresh_calendar_teacher_fade_both_lb72_fast24_z050_ret30_h168_fl2_xr125"", ""oi_rank_min"": 0.012, ""primary_symbol"": """", ""rv_lookback_bars"": 24, ""secondary_symbol"": """", ""sharpe_lookback_bars"": 12, ""sharpe_rank_min"": 0.5, ""short_allocation_scale"": 8.0, ""spread_hedge_ratio"": 1.0, ""stop_loss_pct"": 0.004, ""take_profit_pct"": 0.045, ""target_allocation"": 0.008, ""threshold"": 0.5, ""trailing_stop_cap_pct"": 0.012, ""trailing_stop_floor_pct"": 0.004, ""trailing_stop_rv_multiple"": 0.8}",fresh_calendar_teacher_fade_both_lb72_fast24_z050_ret30_h168_fl2_xr125,68,0,0.007243284124297679,34,-14.327451093376684,-5.9201013587736755,-0.007243284124297644,0.002791656488044606,"{""cooldown"": 1412, ""signal_missing"": 91, ""teacher_state_rank_gap_too_small"": 10}",False,False,378,0,0.05056902944665817,189,-15.26558353229558,-5.648685448256919,-0.0505690294466582,0.0033993096069378295,62,0,0.00915688886605252,31,-16.70004621497058,-6.500739944210059,-0.009156888866052482,0.0034097947294363658
"train_positive,val_positive,oos_return_beats_incumbent,oos_mdd_beats_shadow,oos_sharpe_gt_1",calendar_teacher_state_fade,"{""adaptive_lookback_bars"": 72, ""allow_long"": true, ""allow_short"": true, ""broad_min_abs"": 0.006, ""calendar_long_months"": [], ""calendar_long_symbol"": """", ""calendar_short_months"": [], ""calendar_short_symbol"": """", ""calendar_veto_flow_abs"": 0.0, ""calendar_veto_funding_abs"": 0.0, ""calendar_veto_market_ret_abs"": 0.0, ""calendar_veto_resid_z"": 0.0, ""compression_lookback_bars"": 24, ""compression_quantile"": 0.0, ""cooldown_bars"": 42, ""entry_days_of_month"": [], ""entry_hours"": [], ""external_risk_max"": 1.25, ""family"": ""calendar_teacher_state_fade"", ""flow_lookback_bars"": 6, ""flow_persistence_bars"": 0, ""flow_persistence_threshold"": 0.0, ""flow_threshold"": 0.02, ""funding_abs_cap"": 0.00025, ""funding_rank_min"": 0.0001, ""hold_bars"": 168, ""long_allocation_scale"": 6.0, ""lookback_bars"": 336, ""max_order_value"": 175.0, ""max_rv"": 0.0, ""min_abs_return"": 0.003, ""name"": ""fresh_calendar_teacher_fade_both_lb336_fast72_z035_ret30_h168_fl2_xr125"", ""oi_rank_min"": 0.012, ""primary_symbol"": """", ""rv_lookback_bars"": 24, ""secondary_symbol"": """", ""sharpe_lookback_bars"": 24, ""sharpe_rank_min"": 0.5, ""short_allocation_scale"": 8.0, ""spread_hedge_ratio"": 1.0, ""stop_loss_pct"": 0.004, ""take_profit_pct"": 0.045, ""target_allocation"": 0.008, ""threshold"": 0.35, ""trailing_stop_cap_pct"": 0.012, ""trailing_stop_floor_pct"": 0.004, ""trailing_stop_rv_multiple"": 0.8}",fresh_calendar_teacher_fade_both_lb336_fast72_z035_ret30_h168_fl2_xr125,64,0,0.007246910451249096,32,-14.65898295902255,-5.949511540307998,-0.0072469104512491445,0.0027299023234721984,"{""cooldown"": 1310, ""signal_missing"": 186, ""teacher_state_rank_gap_too_small"": 28}",False,False,326,0,0.04346832596949298,163,-14.212005799196284,-4.987501176283759,-0.043468325969493016,0.0031270355716103092,62,0,0.008856940083283858,31,-16.338043017146262,-6.94074382418432,-0.008768483440592889,0.0033368561747603503
"train_positive,val_positive,oos_return_beats_incumbent,oos_mdd_beats_shadow,oos_sharpe_gt_1",calendar_teacher_state_fade,"{""adaptive_lookback_bars"": 24, ""allow_long"": true, ""allow_short"": true, ""broad_min_abs"": 0.006, ""calendar_long_months"": [], ""calendar_long_symbol"": """", ""calendar_short_months"": [], ""calendar_short_symbol"": """", ""calendar_veto_flow_abs"": 0.0, ""calendar_veto_funding_abs"": 0.0, ""calendar_veto_market_ret_abs"": 0.0, ""calendar_veto_resid_z"": 0.0, ""compression_lookback_bars"": 24, ""compression_quantile"": 0.0, ""cooldown_bars"": 42, ""entry_days_of_month"": [], ""entry_hours"": [], ""external_risk_max"": 0.0, ""family"": ""calendar_teacher_state_fade"", ""flow_lookback_bars"": 6, ""flow_persistence_bars"": 0, ""flow_persistence_threshold"": 0.0, ""flow_threshold"": 0.0, ""funding_abs_cap"": 0.00025, ""funding_rank_min"": 0.0001, ""hold_bars"": 168, ""long_allocation_scale"": 6.0, ""lookback_bars"": 72, ""max_order_value"": 175.0, ""max_rv"": 0.0, ""min_abs_return"": 0.003, ""name"": ""fresh_calendar_teacher_fade_both_lb72_fast24_z075_ret30_h168_fl0"", ""oi_rank_min"": 0.012, ""primary_symbol"": """", ""rv_lookback_bars"": 24, ""secondary_symbol"": """", ""sharpe_lookback_bars"": 12, ""sharpe_rank_min"": 0.75, ""short_allocation_scale"": 8.0, ""spread_hedge_ratio"": 1.0, ""stop_loss_pct"": 0.004, ""take_profit_pct"": 0.045, ""target_allocation"": 0.008, ""threshold"": 0.75, ""trailing_stop_cap_pct"": 0.012, ""trailing_stop_floor_pct"": 0.004, ""trailing_stop_rv_multiple"": 0.8}",fresh_calendar_teacher_fade_both_lb72_fast24_z075_ret30_h168_fl0,66,0,0.0072606448247643125,33,-15.331125938484258,-6.801303071323035,-0.007260644824764295,0.00261520410612198,"{""cooldown"": 1369, ""signal_missing"": 122, ""teacher_state_rank_gap_too_small"": 31}",False,False,376,0,0.05207932327298331,188,-15.368588110067604,-5.715526665680167,-0.05207932327298326,0.0034801076718062587,60,0,0.008465297935798442,30,-15.990603571160845,-6.359296741176274,-0.008457658774637777,0.003287987095158263
"train_positive,val_positive,oos_return_beats_incumbent,oos_mdd_beats_shadow,oos_sharpe_gt_1",calendar_teacher_state_fade,"{""adaptive_lookback_bars"": 24, ""allow_long"": true, ""allow_short"": true, ""broad_min_abs"": 0.006, ""calendar_long_months"": [], ""calendar_long_symbol"": """", ""calendar_short_months"": [], ""calendar_short_symbol"": """", ""calendar_veto_flow_abs"": 0.0, ""calendar_veto_funding_abs"": 0.0, ""calendar_veto_market_ret_abs"": 0.0, ""calendar_veto_resid_z"": 0.0, ""compression_lookback_bars"": 24, ""compression_quantile"": 0.0, ""cooldown_bars"": 42, ""entry_days_of_month"": [], ""entry_hours"": [], ""external_risk_max"": 1.25, ""family"": ""calendar_teacher_state_fade"", ""flow_lookback_bars"": 6, ""flow_persistence_bars"": 0, ""flow_persistence_threshold"": 0.0, ""flow_threshold"": 0.0, ""funding_abs_cap"": 0.00025, ""funding_rank_min"": 0.0001, ""hold_bars"": 168, ""long_allocation_scale"": 6.0, ""lookback_bars"": 72, ""max_order_value"": 175.0, ""max_rv"": 0.0, ""min_abs_return"": 0.003, ""name"": ""fresh_calendar_teacher_fade_both_lb72_fast24_z075_ret30_h168_fl0_xr125"", ""oi_rank_min"": 0.012, ""primary_symbol"": """", ""rv_lookback_bars"": 24, ""secondary_symbol"": """", ""sharpe_lookback_bars"": 12, ""sharpe_rank_min"": 0.75, ""short_allocation_scale"": 8.0, ""spread_hedge_ratio"": 1.0, ""stop_loss_pct"": 0.004, ""take_profit_pct"": 0.045, ""target_allocation"": 0.008, ""threshold"": 0.75, ""trailing_stop_cap_pct"": 0.012, ""trailing_stop_floor_pct"": 0.004, ""trailing_stop_rv_multiple"": 0.8}",fresh_calendar_teacher_fade_both_lb72_fast24_z075_ret30_h168_fl0_xr125,66,0,0.0072606448247643125,33,-15.331125938484258,-6.801303071323035,-0.007260644824764295,0.00261520410612198,"{""cooldown"": 1369, ""signal_missing"": 122, ""teacher_state_rank_gap_too_small"": 31}",False,False,376,0,0.05205397508945498,188,-15.25122349695841,-5.5779082856714695,-0.052053975089454974,0.003505129316102526,60,0,0.008225220183999743,30,-16.171938378000096,-6.651826284524889,-0.00821757917318866,0.003158467403016247
"train_positive,val_positive,oos_return_beats_incumbent,oos_mdd_beats_shadow,oos_sharpe_gt_1",calendar_teacher_state_fade,"{""adaptive_lookback_bars"": 72, ""allow_long"": true, ""allow_short"": true, ""broad_min_abs"": 0.006, ""calendar_long_months"": [], ""calendar_long_symbol"": """", ""calendar_short_months"": [], ""calendar_short_symbol"": """", ""calendar_veto_flow_abs"": 0.0, ""calendar_veto_funding_abs"": 0.0, ""calendar_veto_market_ret_abs"": 0.0, ""calendar_veto_resid_z"": 0.0, ""compression_lookback_bars"": 24, ""compression_quantile"": 0.0, ""cooldown_bars"": 42, ""entry_days_of_month"": [], ""entry_hours"": [], ""external_risk_max"": 0.0, ""family"": ""calendar_teacher_state_fade"", ""flow_lookback_bars"": 6, ""flow_persistence_bars"": 0, ""flow_persistence_threshold"": 0.0, ""flow_threshold"": 0.0, ""funding_abs_cap"": 0.00025, ""funding_rank_min"": 0.0001, ""hold_bars"": 168, ""long_allocation_scale"": 6.0, ""lookback_bars"": 168, ""max_order_value"": 175.0, ""max_rv"": 0.0, ""min_abs_return"": 0.009, ""name"": ""fresh_calendar_teacher_fade_both_lb168_fast72_z050_ret90_h168_fl0"", ""oi_rank_min"": 0.012, ""primary_symbol"": """", ""rv_lookback_bars"": 24, ""secondary_symbol"": """", ""sharpe_lookback_bars"": 24, ""sharpe_rank_min"": 0.5, ""short_allocation_scale"": 8.0, ""spread_hedge_ratio"": 1.0, ""stop_loss_pct"": 0.004, ""take_profit_pct"": 0.045, ""target_allocation"": 0.008, ""threshold"": 0.5, ""trailing_stop_cap_pct"": 0.012, ""trailing_stop_floor_pct"": 0.004, ""trailing_stop_rv_multiple"": 0.8}",fresh_calendar_teacher_fade_both_lb168_fast72_z050_ret90_h168_fl0,66,0,0.0072664883189719484,33,-14.504617845509458,-5.9316769235255,-0.00726648831897192,0.00276642970831779,"{""cooldown"": 1374, ""signal_missing"": 151, ""teacher_state_rank_gap_too_small"": 2}",False,False,362,0,0.050616367942378386,181,-14.702038132170452,-5.604840066629349,-0.05061636794237834,0.003532969215905819,64,0,0.008256258600410989,32,-16.867569648311374,-7.468519290656468,-0.008256258600411015,0.0030425452555121212
"train_positive,val_positive,oos_return_beats_incumbent,oos_mdd_beats_shadow,oos_sharpe_gt_1",calendar_teacher_state_fade,"{""adaptive_lookback_bars"": 72, ""allow_long"": true, ""allow_short"": true, ""broad_min_abs"": 0.006, ""calendar_long_months"": [], ""calendar_long_symbol"": """", ""calendar_short_months"": [], ""calendar_short_symbol"": """", ""calendar_veto_flow_abs"": 0.0, ""calendar_veto_funding_abs"": 0.0, ""calendar_veto_market_ret_abs"": 0.0, ""calendar_veto_resid_z"": 0.0, ""compression_lookback_bars"": 24, ""compression_quantile"": 0.0, ""cooldown_bars"": 42, ""entry_days_of_month"": [], ""entry_hours"": [], ""external_risk_max"": 1.25, ""family"": ""calendar_teacher_state_fade"", ""flow_lookback_bars"": 6, ""flow_persistence_bars"": 0, ""flow_persistence_threshold"": 0.0, ""flow_threshold"": 0.02, ""funding_abs_cap"": 0.00025, ""funding_rank_min"": 0.0001, ""hold_bars"": 168, ""long_allocation_scale"": 6.0, ""lookback_bars"": 336, ""max_order_value"": 175.0, ""max_rv"": 0.0, ""min_abs_return"": 0.003, ""name"": ""fresh_calendar_teacher_fade_both_lb336_fast72_z050_ret30_h168_fl2_xr125"", ""oi_rank_min"": 0.012, ""primary_symbol"": """", ""rv_lookback_bars"": 24, ""secondary_symbol"": """", ""sharpe_lookback_bars"": 24, ""sharpe_rank_min"": 0.5, ""short_allocation_scale"": 8.0, ""spread_hedge_ratio"": 1.0, ""stop_loss_pct"": 0.004, ""take_profit_pct"": 0.045, ""target_allocation"": 0.008, ""threshold"": 0.5, ""trailing_stop_cap_pct"": 0.012, ""trailing_stop_floor_pct"": 0.004, ""trailing_stop_rv_multiple"": 0.8}",fresh_calendar_teacher_fade_both_lb336_fast72_z050_ret30_h168_fl2_xr125,60,0,0.007300902332351143,30,-13.947587741234289,-5.21546086780153,-0.007300902332351145,0.00289056483869121,"{""cooldown"": 1223, ""signal_missing"": 265, ""teacher_state_rank_gap_too_small"": 34}",False,False,322,0,0.041714540351084906,161,-14.08104983990786,-5.023255347461951,-0.041714540351084906,0.0030260352479406006,62,0,0.009049733344251765,31,-16.595148675244566,-6.600857875547912,-0.008961293907800094,0.003357725385649061
"train_positive,val_positive,oos_return_beats_incumbent,oos_mdd_beats_shadow,oos_sharpe_gt_1",calendar_teacher_state_fade,"{""adaptive_lookback_bars"": 24, ""allow_long"": true, ""allow_short"": true, ""broad_min_abs"": 0.006, ""calendar_long_months"": [], ""calendar_long_symbol"": """", ""calendar_short_months"": [], ""calendar_short_symbol"": """", ""calendar_veto_flow_abs"": 0.0, ""calendar_veto_funding_abs"": 0.0, ""calendar_veto_market_ret_abs"": 0.0, ""calendar_veto_resid_z"": 0.0, ""compression_lookback_bars"": 24, ""compression_quantile"": 0.0, ""cooldown_bars"": 42, ""entry_days_of_month"": [], ""entry_hours"": [], ""external_risk_max"": 0.0, ""family"": ""calendar_teacher_state_fade"", ""flow_lookback_bars"": 6, ""flow_persistence_bars"": 0, ""flow_persistence_threshold"": 0.0, ""flow_threshold"": 0.02, ""funding_abs_cap"": 0.00025, ""funding_rank_min"": 0.0001, ""hold_bars"": 168, ""long_allocation_scale"": 6.0, ""lookback_bars"": 72, ""max_order_value"": 175.0, ""max_rv"": 0.0, ""min_abs_return"": 0.003, ""name"": ""fresh_calendar_teacher_fade_both_lb72_fast24_z075_ret30_h168_fl2"", ""oi_rank_min"": 0.012, ""primary_symbol"": """", ""rv_lookback_bars"": 24, ""secondary_symbol"": """", ""sharpe_lookback_bars"": 12, ""sharpe_rank_min"": 0.75, ""short_allocation_scale"": 8.0, ""spread_hedge_ratio"": 1.0, ""stop_loss_pct"": 0.004, ""take_profit_pct"": 0.045, ""target_allocation"": 0.008, ""threshold"": 0.75, ""trailing_stop_cap_pct"": 0.012, ""trailing_stop_floor_pct"": 0.004, ""trailing_stop_rv_multiple"": 0.8}",fresh_calendar_teacher_fade_both_lb72_fast24_z075_ret30_h168_fl2,66,0,0.0073178083118473295,33,-14.786961431944215,-6.226729994499741,-0.0073178083118473625,0.002732850840342242,"{""cooldown"": 1369, ""signal_missing"": 121, ""teacher_state_rank_gap_too_small"": 31}",False,False,370,0,0.051449424073844056,185,-15.427227853185721,-5.559651941568536,-0.05144942407384401,0.0034238282310611206,60,0,0.008258129240566167,30,-16.167401857370667,-6.455429895368595,-0.008250488483299012,0.0031720571621954934
"train_positive,val_positive,oos_return_beats_incumbent,oos_mdd_beats_shadow,oos_sharpe_gt_1",calendar_teacher_state_fade,"{""adaptive_lookback_bars"": 72, ""allow_long"": true, ""allow_short"": true, ""broad_min_abs"": 0.006, ""calendar_long_months"": [], ""calendar_long_symbol"": """", ""calendar_short_months"": [], ""calendar_short_symbol"": """", ""calendar_veto_flow_abs"": 0.0, ""calendar_veto_funding_abs"": 0.0, ""calendar_veto_market_ret_abs"": 0.0, ""calendar_veto_resid_z"": 0.0, ""compression_lookback_bars"": 24, ""compression_quantile"": 0.0, ""cooldown_bars"": 42, ""entry_days_of_month"": [], ""entry_hours"": [], ""external_risk_max"": 1.25, ""family"": ""calendar_teacher_state_fade"", ""flow_lookback_bars"": 6, ""flow_persistence_bars"": 0, ""flow_persistence_threshold"": 0.0, ""flow_threshold"": 0.0, ""funding_abs_cap"": 0.00025, ""funding_rank_min"": 0.0001, ""hold_bars"": 168, ""long_allocation_scale"": 6.0, ""lookback_bars"": 168, ""max_order_value"": 175.0, ""max_rv"": 0.0, ""min_abs_return"": 0.009, ""name"": ""fresh_calendar_teacher_fade_both_lb168_fast72_z050_ret90_h168_fl0_xr125"", ""oi_rank_min"": 0.012, ""primary_symbol"": """", ""rv_lookback_bars"": 24, ""secondary_symbol"": """", ""sharpe_lookback_bars"": 24, ""sharpe_rank_min"": 0.5, ""short_allocation_scale"": 8.0, ""spread_hedge_ratio"": 1.0, ""stop_loss_pct"": 0.004, ""take_profit_pct"": 0.045, ""target_allocation"": 0.008, ""threshold"": 0.5, ""trailing_stop_cap_pct"": 0.012, ""trailing_stop_floor_pct"": 0.004, ""trailing_stop_rv_multiple"": 0.8}",fresh_calendar_teacher_fade_both_lb168_fast72_z050_ret90_h168_fl0_xr125,66,0,0.0073294520064673425,33,-14.467468458242491,-5.850698927798609,-0.007329452006467396,0.0027976506683312593,"{""cooldown"": 1374, ""signal_missing"": 151, ""teacher_state_rank_gap_too_small"": 2}",False,False,362,0,0.050159660371973586,181,-14.6864337850132,-5.617005120242168,-0.05015966037197361,0.0035039790857850114,64,0,0.008272809018675628,32,-16.854320633423043,-7.4400858990284044,-0.008272809018675664,0.0030510652406519536
"train_positive,val_positive,oos_return_beats_incumbent,oos_mdd_beats_shadow,oos_sharpe_gt_1",calendar_teacher_state_fade,"{""adaptive_lookback_bars"": 72, ""allow_long"": true, ""allow_short"": true, ""broad_min_abs"": 0.006, ""calendar_long_months"": [], ""calendar_long_symbol"": """", ""calendar_short_months"": [], ""calendar_short_symbol"": """", ""calendar_veto_flow_abs"": 0.0, ""calendar_veto_funding_abs"": 0.0, ""calendar_veto_market_ret_abs"": 0.0, ""calendar_veto_resid_z"": 0.0, ""compression_lookback_bars"": 24, ""compression_quantile"": 0.0, ""cooldown_bars"": 42, ""entry_days_of_month"": [], ""entry_hours"": [], ""external_risk_max"": 1.25, ""family"": ""calendar_teacher_state_fade"", ""flow_lookback_bars"": 6, ""flow_persistence_bars"": 0, ""flow_persistence_threshold"": 0.0, ""flow_threshold"": 0.02, ""funding_abs_cap"": 0.00025, ""funding_rank_min"": 0.0001, ""hold_bars"": 168, ""long_allocation_scale"": 6.0, ""lookback_bars"": 336, ""max_order_value"": 175.0, ""max_rv"": 0.0, ""min_abs_return"": 0.009, ""name"": ""fresh_calendar_teacher_fade_both_lb336_fast72_z050_ret90_h168_fl2_xr125"", ""oi_rank_min"": 0.012, ""primary_symbol"": """", ""rv_lookback_bars"": 24, ""secondary_symbol"": """", ""sharpe_lookback_bars"": 24, ""sharpe_rank_min"": 0.5, ""short_allocation_scale"": 8.0, ""spread_hedge_ratio"": 1.0, ""stop_loss_pct"": 0.004, ""take_profit_pct"": 0.045, ""target_allocation"": 0.008, ""threshold"": 0.5, ""trailing_stop_cap_pct"": 0.012, ""trailing_stop_floor_pct"": 0.004, ""trailing_stop_rv_multiple"": 0.8}",fresh_calendar_teacher_fade_both_lb336_fast72_z050_ret90_h168_fl2_xr125,58,0,0.007372200132055877,29,-14.125289958470443,-5.138886789972048,-0.007372200132055862,0.0028821812318228597,"{""cooldown"": 1181, ""signal_missing"": 315, ""teacher_state_rank_gap_too_small"": 34}",False,False,320,0,0.04099275816853151,160,-13.86149135505151,-4.962854643295625,-0.04099275816853154,0.0030196442036350716,62,0,0.00887062416862711,31,-16.214798068235943,-6.386429467664696,-0.008782168747201058,0.0033674837937701547
"train_positive,val_positive,oos_return_beats_incumbent,oos_mdd_beats_shadow,oos_sharpe_gt_1",calendar_teacher_state_fade,"{""adaptive_lookback_bars"": 24, ""allow_long"": true, ""allow_short"": true, ""broad_min_abs"": 0.006, ""calendar_long_months"": [], ""calendar_long_symbol"": """", ""calendar_short_months"": [], ""calendar_short_symbol"": """", ""calendar_veto_flow_abs"": 0.0, ""calendar_veto_funding_abs"": 0.0, ""calendar_veto_market_ret_abs"": 0.0, ""calendar_veto_resid_z"": 0.0, ""compression_lookback_bars"": 24, ""compression_quantile"": 0.0, ""cooldown_bars"": 42, ""entry_days_of_month"": [], ""entry_hours"": [], ""external_risk_max"": 0.0, ""family"": ""calendar_teacher_state_fade"", ""flow_lookback_bars"": 6, ""flow_persistence_bars"": 0, ""flow_persistence_threshold"": 0.0, ""flow_threshold"": 0.02, ""funding_abs_cap"": 0.00025, ""funding_rank_min"": 0.0001, ""hold_bars"": 168, ""long_allocation_scale"": 6.0, ""lookback_bars"": 72, ""max_order_value"": 175.0, ""max_rv"": 0.0, ""min_abs_return"": 0.003, ""name"": ""fresh_calendar_teacher_fade_both_lb72_fast24_z050_ret30_h168_fl2"", ""oi_rank_min"": 0.012, ""primary_symbol"": """", ""rv_lookback_bars"": 24, ""secondary_symbol"": """", ""sharpe_lookback_bars"": 12, ""sharpe_rank_min"": 0.5, ""short_allocation_scale"": 8.0, ""spread_hedge_ratio"": 1.0, ""stop_loss_pct"": 0.004, ""take_profit_pct"": 0.045, ""target_allocation"": 0.008, ""threshold"": 0.5, ""trailing_stop_cap_pct"": 0.012, ""trailing_stop_floor_pct"": 0.004, ""trailing_stop_rv_multiple"": 0.8}",fresh_calendar_teacher_fade_both_lb72_fast24_z050_ret30_h168_fl2,68,0,0.007421223692568856,34,-14.628404818947756,-6.436006568173379,-0.007421223692568812,0.002801647666684699,"{""cooldown"": 1412, ""signal_missing"": 84, ""teacher_state_rank_gap_too_small"": 8}",False,False,380,0,0.05152776410937677,190,-15.582414461097768,-5.821493850770337,-0.05152776410937676,0.0033950372781943335,62,0,0.008820398714206232,31,-16.71198916819678,-6.468370102343103,-0.008820398714206257,0.0032816039465535583
"train_positive,val_positive,oos_return_beats_incumbent,oos_mdd_beats_shadow,oos_sharpe_gt_1",calendar_teacher_state_fade,"{""adaptive_lookback_bars"": 24, ""allow_long"": true, ""allow_short"": true, ""broad_min_abs"": 0.006, ""calendar_long_months"": [], ""calendar_long_symbol"": """", ""calendar_short_months"": [], ""calendar_short_symbol"": """", ""calendar_veto_flow_abs"": 0.0, ""calendar_veto_funding_abs"": 0.0, ""calendar_veto_market_ret_abs"": 0.0, ""calendar_veto_resid_z"": 0.0, ""compression_lookback_bars"": 24, ""compression_quantile"": 0.0, ""cooldown_bars"": 42, ""entry_days_of_month"": [], ""entry_hours"": [], ""external_risk_max"": 0.0, ""family"": ""calendar_teacher_state_fade"", ""flow_lookback_bars"": 6, ""flow_persistence_bars"": 0, ""flow_persistence_threshold"": 0.0, ""flow_threshold"": 0.0, ""funding_abs_cap"": 0.00025, ""funding_rank_min"": 0.0001, ""hold_bars"": 168, ""long_allocation_scale"": 6.0, ""lookback_bars"": 72, ""max_order_value"": 175.0, ""max_rv"": 0.0, ""min_abs_return"": 0.009, ""name"": ""fresh_calendar_teacher_fade_both_lb72_fast24_z050_ret90_h168_fl0"", ""oi_rank_min"": 0.012, ""primary_symbol"": """", ""rv_lookback_bars"": 24, ""secondary_symbol"": """", ""sharpe_lookback_bars"": 12, ""sharpe_rank_min"": 0.5, ""short_allocation_scale"": 8.0, ""spread_hedge_ratio"": 1.0, ""stop_loss_pct"": 0.004, ""take_profit_pct"": 0.045, ""target_allocation"": 0.008, ""threshold"": 0.5, ""trailing_stop_cap_pct"": 0.012, ""trailing_stop_floor_pct"": 0.004, ""trailing_stop_rv_multiple"": 0.8}",fresh_calendar_teacher_fade_both_lb72_fast24_z050_ret90_h168_fl0,68,0,0.007506494574456155,34,-16.560604194086945,-7.367749838505753,-0.0075064945744561795,0.0025033601933850216,"{""cooldown"": 1412, ""signal_missing"": 116, ""teacher_state_rank_gap_too_small"": 8}",False,False,384,0,0.05521120758743018,192,-15.401521103133101,-5.409771062251466,-0.055211207587430144,0.003687517375543258,62,0,0.007950493970092355,31,-15.262374676300556,-5.91092500666858,-0.007950493970092398,0.0032374612800589687
"train_positive,val_positive,oos_return_beats_incumbent,oos_mdd_beats_shadow,oos_sharpe_gt_1",calendar_teacher_state_fade,"{""adaptive_lookback_bars"": 24, ""allow_long"": true, ""allow_short"": true, ""broad_min_abs"": 0.006, ""calendar_long_months"": [], ""calendar_long_symbol"": """", ""calendar_short_months"": [], ""calendar_short_symbol"": """", ""calendar_veto_flow_abs"": 0.0, ""calendar_veto_funding_abs"": 0.0, ""calendar_veto_market_ret_abs"": 0.0, ""calendar_veto_resid_z"": 0.0, ""compression_lookback_bars"": 24, ""compression_quantile"": 0.0, ""cooldown_bars"": 42, ""entry_days_of_month"": [], ""entry_hours"": [], ""external_risk_max"": 1.25, ""family"": ""calendar_teacher_state_fade"", ""flow_lookback_bars"": 6, ""flow_persistence_bars"": 0, ""flow_persistence_threshold"": 0.0, ""flow_threshold"": 0.0, ""funding_abs_cap"": 0.00025, ""funding_rank_min"": 0.0001, ""hold_bars"": 168, ""long_allocation_scale"": 6.0, ""lookback_bars"": 72, ""max_order_value"": 175.0, ""max_rv"": 0.0, ""min_abs_return"": 0.009, ""name"": ""fresh_calendar_teacher_fade_both_lb72_fast24_z050_ret90_h168_fl0_xr125"", ""oi_rank_min"": 0.012, ""primary_symbol"": """", ""rv_lookback_bars"": 24, ""secondary_symbol"": """", ""sharpe_lookback_bars"": 12, ""sharpe_rank_min"": 0.5, ""short_allocation_scale"": 8.0, ""spread_hedge_ratio"": 1.0, ""stop_loss_pct"": 0.004, ""take_profit_pct"": 0.045, ""target_allocation"": 0.008, ""threshold"": 0.5, ""trailing_stop_cap_pct"": 0.012, ""trailing_stop_floor_pct"": 0.004, ""trailing_stop_rv_multiple"": 0.8}",fresh_calendar_teacher_fade_both_lb72_fast24_z050_ret90_h168_fl0_xr125,68,0,0.007506494574456155,34,-16.560604194086945,-7.367749838505753,-0.0075064945744561795,0.0025033601933850216,"{""cooldown"": 1412, ""signal_missing"": 116, ""teacher_state_rank_gap_too_small"": 8}",False,False,384,0,0.055043744941565276,192,-15.731185183121998,-5.571876060219879,-0.055043744941565276,0.0035989943843105655,62,0,0.007638482923522101,31,-15.30609251876755,-6.048011265980533,-0.007638482923522094,0.0031010536350064115
"train_positive,val_positive,oos_return_beats_incumbent,oos_mdd_beats_shadow,oos_sharpe_gt_1",calendar_teacher_state_fade,"{""adaptive_lookback_bars"": 24, ""allow_long"": true, ""allow_short"": true, ""broad_min_abs"": 0.006, ""calendar_long_months"": [], ""calendar_long_symbol"": """", ""calendar_short_months"": [], ""calendar_short_symbol"": """", ""calendar_veto_flow_abs"": 0.0, ""calendar_veto_funding_abs"": 0.0, ""calendar_veto_market_ret_abs"": 0.0, ""calendar_veto_resid_z"": 0.0, ""compression_lookback_bars"": 24, ""compression_quantile"": 0.0, ""cooldown_bars"": 42, ""entry_days_of_month"": [], ""entry_hours"": [], ""external_risk_max"": 1.25, ""family"": ""calendar_teacher_state_fade"", ""flow_lookback_bars"": 6, ""flow_persistence_bars"": 0, ""flow_persistence_threshold"": 0.0, ""flow_threshold"": 0.02, ""funding_abs_cap"": 0.00025, ""funding_rank_min"": 0.0001, ""hold_bars"": 168, ""long_allocation_scale"": 6.0, ""lookback_bars"": 72, ""max_order_value"": 175.0, ""max_rv"": 0.0, ""min_abs_return"": 0.009, ""name"": ""fresh_calendar_teacher_fade_both_lb72_fast24_z075_ret90_h168_fl2_xr125"", ""oi_rank_min"": 0.012, ""primary_symbol"": """", ""rv_lookback_bars"": 24, ""secondary_symbol"": """", ""sharpe_lookback_bars"": 12, ""sharpe_rank_min"": 0.75, ""short_allocation_scale"": 8.0, ""spread_hedge_ratio"": 1.0, ""stop_loss_pct"": 0.004, ""take_profit_pct"": 0.045, ""target_allocation"": 0.008, ""threshold"": 0.75, ""trailing_stop_cap_pct"": 0.012, ""trailing_stop_floor_pct"": 0.004, ""trailing_stop_rv_multiple"": 0.8}",fresh_calendar_teacher_fade_both_lb72_fast24_z075_ret90_h168_fl2_xr125,66,0,0.007556878209214665,33,-16.787649713958427,-7.464566628725261,-0.00755687820921469,0.0024861454758612614,"{""cooldown"": 1369, ""signal_missing"": 138, ""teacher_state_rank_gap_too_small"": 38}",False,False,372,0,0.052580238933405236,186,-15.833013758118833,-5.691563387168847,-0.05258023893340524,0.003411429550211064,58,0,0.00700764093704548,29,-14.154952361295672,-5.759060506175813,-0.0069999905455399025,0.0030719420098376344
"train_positive,val_positive,oos_return_beats_incumbent,oos_mdd_beats_shadow,oos_sharpe_gt_1",calendar_teacher_state_fade,"{""adaptive_lookback_bars"": 72, ""allow_long"": true, ""allow_short"": true, ""broad_min_abs"": 0.006, ""calendar_long_months"": [], ""calendar_long_symbol"": """", ""calendar_short_months"": [], ""calendar_short_symbol"": """", ""calendar_veto_flow_abs"": 0.0, ""calendar_veto_funding_abs"": 0.0, ""calendar_veto_market_ret_abs"": 0.0, ""calendar_veto_resid_z"": 0.0, ""compression_lookback_bars"": 24, ""compression_quantile"": 0.0, ""cooldown_bars"": 42, ""entry_days_of_month"": [], ""entry_hours"": [], ""external_risk_max"": 0.0, ""family"": ""calendar_teacher_state_fade"", ""flow_lookback_bars"": 6, ""flow_persistence_bars"": 0, ""flow_persistence_threshold"": 0.0, ""flow_threshold"": 0.02, ""funding_abs_cap"": 0.00025, ""funding_rank_min"": 0.0001, ""hold_bars"": 168, ""long_allocation_scale"": 6.0, ""lookback_bars"": 168, ""max_order_value"": 175.0, ""max_rv"": 0.0, ""min_abs_return"": 0.009, ""name"": ""fresh_calendar_teacher_fade_both_lb168_fast72_z050_ret90_h168_fl2"", ""oi_rank_min"": 0.012, ""primary_symbol"": """", ""rv_lookback_bars"": 24, ""secondary_symbol"": """", ""sharpe_lookback_bars"": 24, ""sharpe_rank_min"": 0.5, ""short_allocation_scale"": 8.0, ""spread_hedge_ratio"": 1.0, ""stop_loss_pct"": 0.004, ""take_profit_pct"": 0.045, ""target_allocation"": 0.008, ""threshold"": 0.5, ""trailing_stop_cap_pct"": 0.012, ""trailing_stop_floor_pct"": 0.004, ""trailing_stop_rv_multiple"": 0.8}",fresh_calendar_teacher_fade_both_lb168_fast72_z050_ret90_h168_fl2,66,0,0.0075906010258339415,33,-14.449321735491743,-6.224070494105167,-0.007590601025833976,0.0029013401266636436,"{""cooldown"": 1374, ""signal_missing"": 150, ""teacher_state_rank_gap_too_small"": 2}",False,False,358,0,0.04826356258413562,179,-14.772787187587662,-5.576916886009403,-0.048263562584135666,0.0033485241891579812,60,0,0.008308489998036513,30,-16.544605841447183,-6.781934636139294,-0.008308489998036461,0.0031216309543875337
"train_positive,val_positive,oos_return_beats_incumbent,oos_mdd_beats_shadow,oos_sharpe_gt_1",calendar_teacher_state_fade,"{""adaptive_lookback_bars"": 24, ""allow_long"": true, ""allow_short"": true, ""broad_min_abs"": 0.006, ""calendar_long_months"": [], ""calendar_long_symbol"": """", ""calendar_short_months"": [], ""calendar_short_symbol"": """", ""calendar_veto_flow_abs"": 0.0, ""calendar_veto_funding_abs"": 0.0, ""calendar_veto_market_ret_abs"": 0.0, ""calendar_veto_resid_z"": 0.0, ""compression_lookback_bars"": 24, ""compression_quantile"": 0.0, ""cooldown_bars"": 42, ""entry_days_of_month"": [], ""entry_hours"": [], ""external_risk_max"": 1.25, ""family"": ""calendar_teacher_state_fade"", ""flow_lookback_bars"": 6, ""flow_persistence_bars"": 0, ""flow_persistence_threshold"": 0.0, ""flow_threshold"": 0.02, ""funding_abs_cap"": 0.00025, ""funding_rank_min"": 0.0001, ""hold_bars"": 168, ""long_allocation_scale"": 6.0, ""lookback_bars"": 72, ""max_order_value"": 175.0, ""max_rv"": 0.0, ""min_abs_return"": 0.009, ""name"": ""fresh_calendar_teacher_fade_both_lb72_fast24_z035_ret90_h168_fl2_xr125"", ""oi_rank_min"": 0.012, ""primary_symbol"": """", ""rv_lookback_bars"": 24, ""secondary_symbol"": """", ""sharpe_lookback_bars"": 12, ""sharpe_rank_min"": 0.5, ""short_allocation_scale"": 8.0, ""spread_hedge_ratio"": 1.0, ""stop_loss_pct"": 0.004, ""take_profit_pct"": 0.045, ""target_allocation"": 0.008, ""threshold"": 0.35, ""trailing_stop_cap_pct"": 0.012, ""trailing_stop_floor_pct"": 0.004, ""trailing_stop_rv_multiple"": 0.8}",fresh_calendar_teacher_fade_both_lb72_fast24_z035_ret90_h168_fl2_xr125,66,0,0.007635595364060828,33,-15.694094994090461,-6.506371353444404,-0.0076355953640607765,0.0026871555934290807,"{""cooldown"": 1380, ""signal_missing"": 132, ""teacher_state_rank_gap_too_small"": 18}",False,False,382,0,0.049500874581975766,191,-15.35137883604416,-5.761512224783648,-0.04950087458197572,0.003307078658478052,62,0,0.007845109784614213,31,-14.826507198546842,-5.6321679435941165,-0.007845109784614168,0.0032882712676912174
"train_positive,val_positive,oos_return_beats_incumbent,oos_mdd_beats_shadow,oos_sharpe_gt_1",calendar_teacher_state_fade,"{""adaptive_lookback_bars"": 24, ""allow_long"": true, ""allow_short"": true, ""broad_min_abs"": 0.006, ""calendar_long_months"": [], ""calendar_long_symbol"": """", ""calendar_short_months"": [], ""calendar_short_symbol"": """", ""calendar_veto_flow_abs"": 0.0, ""calendar_veto_funding_abs"": 0.0, ""calendar_veto_market_ret_abs"": 0.0, ""calendar_veto_resid_z"": 0.0, ""compression_lookback_bars"": 24, ""compression_quantile"": 0.0, ""cooldown_bars"": 42, ""entry_days_of_month"": [], ""entry_hours"": [], ""external_risk_max"": 0.0, ""family"": ""calendar_teacher_state_fade"", ""flow_lookback_bars"": 6, ""flow_persistence_bars"": 0, ""flow_persistence_threshold"": 0.0, ""flow_threshold"": 0.0, ""funding_abs_cap"": 0.00025, ""funding_rank_min"": 0.0001, ""hold_bars"": 168, ""long_allocation_scale"": 6.0, ""lookback_bars"": 72, ""max_order_value"": 175.0, ""max_rv"": 0.0, ""min_abs_return"": 0.003, ""name"": ""fresh_calendar_teacher_fade_both_lb72_fast24_z050_ret30_h168_fl0"", ""oi_rank_min"": 0.012, ""primary_symbol"": """", ""rv_lookback_bars"": 24, ""secondary_symbol"": """", ""sharpe_lookback_bars"": 12, ""sharpe_rank_min"": 0.5, ""short_allocation_scale"": 8.0, ""spread_hedge_ratio"": 1.0, ""stop_loss_pct"": 0.004, ""take_profit_pct"": 0.045, ""target_allocation"": 0.008, ""threshold"": 0.5, ""trailing_stop_cap_pct"": 0.012, ""trailing_stop_floor_pct"": 0.004, ""trailing_stop_rv_multiple"": 0.8}",fresh_calendar_teacher_fade_both_lb72_fast24_z050_ret30_h168_fl0,68,0,0.00764835256970091,34,-14.901694740707873,-6.194858399868227,-0.007648352569700867,0.002834765136719357,"{""cooldown"": 1412, ""signal_missing"": 101, ""teacher_state_rank_gap_too_small"": 7}",False,False,382,0,0.05393862542468159,191,-15.036236935789963,-5.499346884204764,-0.05393862542468164,0.0036875708527705463,64,0,0.009128269699842017,32,-16.644040332531056,-7.091603415155452,-0.00912826969984204,0.0034105251245558424
"train_positive,val_positive,oos_return_beats_incumbent,oos_mdd_beats_shadow,oos_sharpe_gt_1",calendar_teacher_state_fade,"{""adaptive_lookback_bars"": 24, ""allow_long"": true, ""allow_short"": true, ""broad_min_abs"": 0.006, ""calendar_long_months"": [], ""calendar_long_symbol"": """", ""calendar_short_months"": [], ""calendar_short_symbol"": """", ""calendar_veto_flow_abs"": 0.0, ""calendar_veto_funding_abs"": 0.0, ""calendar_veto_market_ret_abs"": 0.0, ""calendar_veto_resid_z"": 0.0, ""compression_lookback_bars"": 24, ""compression_quantile"": 0.0, ""cooldown_bars"": 42, ""entry_days_of_month"": [], ""entry_hours"": [], ""external_risk_max"": 1.25, ""family"": ""calendar_teacher_state_fade"", ""flow_lookback_bars"": 6, ""flow_persistence_bars"": 0, ""flow_persistence_threshold"": 0.0, ""flow_threshold"": 0.0, ""funding_abs_cap"": 0.00025, ""funding_rank_min"": 0.0001, ""hold_bars"": 168, ""long_allocation_scale"": 6.0, ""lookback_bars"": 72, ""max_order_value"": 175.0, ""max_rv"": 0.0, ""min_abs_return"": 0.003, ""name"": ""fresh_calendar_teacher_fade_both_lb72_fast24_z050_ret30_h168_fl0_xr125"", ""oi_rank_min"": 0.012, ""primary_symbol"": """", ""rv_lookback_bars"": 24, ""secondary_symbol"": """", ""sharpe_lookback_bars"": 12, ""sharpe_rank_min"": 0.5, ""short_allocation_scale"": 8.0, ""spread_hedge_ratio"": 1.0, ""stop_loss_pct"": 0.004, ""take_profit_pct"": 0.045, ""target_allocation"": 0.008, ""threshold"": 0.5, ""trailing_stop_cap_pct"": 0.012, ""trailing_stop_floor_pct"": 0.004, ""trailing_stop_rv_multiple"": 0.8}",fresh_calendar_teacher_fade_both_lb72_fast24_z050_ret30_h168_fl0_xr125,68,0,0.00764835256970091,34,-14.901694740707873,-6.194858399868227,-0.007648352569700867,0.002834765136719357,"{""cooldown"": 1412, ""signal_missing"": 101, ""teacher_state_rank_gap_too_small"": 7}",False,False,382,0,0.0544487401876635,191,-15.011016976519233,-5.411277728049835,-0.05444874018766355,0.0037296896563170467,64,0,0.008912197305538402,32,-16.450658820604225,-6.85401745970989,-0.008912197305538383,0.0033685720123910316
"train_positive,val_positive,oos_return_beats_incumbent,oos_mdd_beats_shadow,oos_sharpe_gt_1",calendar_teacher_state_fade,"{""adaptive_lookback_bars"": 24, ""allow_long"": true, ""allow_short"": true, ""broad_min_abs"": 0.006, ""calendar_long_months"": [], ""calendar_long_symbol"": """", ""calendar_short_months"": [], ""calendar_short_symbol"": """", ""calendar_veto_flow_abs"": 0.0, ""calendar_veto_funding_abs"": 0.0, ""calendar_veto_market_ret_abs"": 0.0, ""calendar_veto_resid_z"": 0.0, ""compression_lookback_bars"": 24, ""compression_quantile"": 0.0, ""cooldown_bars"": 42, ""entry_days_of_month"": [], ""entry_hours"": [], ""external_risk_max"": 0.0, ""family"": ""calendar_teacher_state_fade"", ""flow_lookback_bars"": 6, ""flow_persistence_bars"": 0, ""flow_persistence_threshold"": 0.0, ""flow_threshold"": 0.0, ""funding_abs_cap"": 0.00025, ""funding_rank_min"": 0.0001, ""hold_bars"": 168, ""long_allocation_scale"": 6.0, ""lookback_bars"": 72, ""max_order_value"": 175.0, ""max_rv"": 0.0, ""min_abs_return"": 0.009, ""name"": ""fresh_calendar_teacher_fade_both_lb72_fast24_z075_ret90_h168_fl0"", ""oi_rank_min"": 0.012, ""primary_symbol"": """", ""rv_lookback_bars"": 24, ""secondary_symbol"": """", ""sharpe_lookback_bars"": 12, ""sharpe_rank_min"": 0.75, ""short_allocation_scale"": 8.0, ""spread_hedge_ratio"": 1.0, ""stop_loss_pct"": 0.004, ""take_profit_pct"": 0.045, ""target_allocation"": 0.008, ""threshold"": 0.75, ""trailing_stop_cap_pct"": 0.012, ""trailing_stop_floor_pct"": 0.004, ""trailing_stop_rv_multiple"": 0.8}",fresh_calendar_teacher_fade_both_lb72_fast24_z075_ret90_h168_fl0,66,0,0.007674071825258761,33,-16.65566127958847,-7.165674455127324,-0.00767407182525881,0.002544852220155942,"{""cooldown"": 1369, ""signal_missing"": 134, ""teacher_state_rank_gap_too_small"": 44}",False,False,376,0,0.052239776831072414,188,-15.638545526102156,-5.749830701201385,-0.05223977683107239,0.003430869769084032,58,0,0.007291241770455158,29,-14.378755019345482,-5.966566118463922,-0.0072835935639185,0.0031470953288531963
"train_positive,val_positive,oos_return_beats_incumbent,oos_mdd_beats_shadow,oos_sharpe_gt_1",calendar_teacher_state_fade,"{""adaptive_lookback_bars"": 24, ""allow_long"": true, ""allow_short"": true, ""broad_min_abs"": 0.006, ""calendar_long_months"": [], ""calendar_long_symbol"": """", ""calendar_short_months"": [], ""calendar_short_symbol"": """", ""calendar_veto_flow_abs"": 0.0, ""calendar_veto_funding_abs"": 0.0, ""calendar_veto_market_ret_abs"": 0.0, ""calendar_veto_resid_z"": 0.0, ""compression_lookback_bars"": 24, ""compression_quantile"": 0.0, ""cooldown_bars"": 42, ""entry_days_of_month"": [], ""entry_hours"": [], ""external_risk_max"": 1.25, ""family"": ""calendar_teacher_state_fade"", ""flow_lookback_bars"": 6, ""flow_persistence_bars"": 0, ""flow_persistence_threshold"": 0.0, ""flow_threshold"": 0.0, ""funding_abs_cap"": 0.00025, ""funding_rank_min"": 0.0001, ""hold_bars"": 168, ""long_allocation_scale"": 6.0, ""lookback_bars"": 72, ""max_order_value"": 175.0, ""max_rv"": 0.0, ""min_abs_return"": 0.009, ""name"": ""fresh_calendar_teacher_fade_both_lb72_fast24_z075_ret90_h168_fl0_xr125"", ""oi_rank_min"": 0.012, ""primary_symbol"": """", ""rv_lookback_bars"": 24, ""secondary_symbol"": """", ""sharpe_lookback_bars"": 12, ""sharpe_rank_min"": 0.75, ""short_allocation_scale"": 8.0, ""spread_hedge_ratio"": 1.0, ""stop_loss_pct"": 0.004, ""take_profit_pct"": 0.045, ""target_allocation"": 0.008, ""threshold"": 0.75, ""trailing_stop_cap_pct"": 0.012, ""trailing_stop_floor_pct"": 0.004, ""trailing_stop_rv_multiple"": 0.8}",fresh_calendar_teacher_fade_both_lb72_fast24_z075_ret90_h168_fl0_xr125,66,0,0.007674071825258761,33,-16.65566127958847,-7.165674455127324,-0.00767407182525881,0.002544852220155942,"{""cooldown"": 1369, ""signal_missing"": 134, ""teacher_state_rank_gap_too_small"": 44}",False,False,376,0,0.052100322149985,188,-15.562795386857374,-5.655327741350114,-0.05210032214998506,0.003438112527559522,58,0,0.0073792905747806035,29,-14.463553084671627,-5.9957462069989615,-0.007371643046605425,0.0031666057215360053
"train_positive,val_positive,oos_return_beats_incumbent,oos_mdd_beats_shadow,oos_sharpe_gt_1",calendar_teacher_state_fade,"{""adaptive_lookback_bars"": 24, ""allow_long"": true, ""allow_short"": true, ""broad_min_abs"": 0.006, ""calendar_long_months"": [], ""calendar_long_symbol"": """", ""calendar_short_months"": [], ""calendar_short_symbol"": """", ""calendar_veto_flow_abs"": 0.0, ""calendar_veto_funding_abs"": 0.0, ""calendar_veto_market_ret_abs"": 0.0, ""calendar_veto_resid_z"": 0.0, ""compression_lookback_bars"": 24, ""compression_quantile"": 0.0, ""cooldown_bars"": 42, ""entry_days_of_month"": [], ""entry_hours"": [], ""external_risk_max"": 0.0, ""family"": ""calendar_teacher_state_fade"", ""flow_lookback_bars"": 6, ""flow_persistence_bars"": 0, ""flow_persistence_threshold"": 0.0, ""flow_threshold"": 0.02, ""funding_abs_cap"": 0.00025, ""funding_rank_min"": 0.0001, ""hold_bars"": 168, ""long_allocation_scale"": 6.0, ""lookback_bars"": 72, ""max_order_value"": 175.0, ""max_rv"": 0.0, ""min_abs_return"": 0.009, ""name"": ""fresh_calendar_teacher_fade_both_lb72_fast24_z075_ret90_h168_fl2"", ""oi_rank_min"": 0.012, ""primary_symbol"": """", ""rv_lookback_bars"": 24, ""secondary_symbol"": """", ""sharpe_lookback_bars"": 12, ""sharpe_rank_min"": 0.75, ""short_allocation_scale"": 8.0, ""spread_hedge_ratio"": 1.0, ""stop_loss_pct"": 0.004, ""take_profit_pct"": 0.045, ""target_allocation"": 0.008, ""threshold"": 0.75, ""trailing_stop_cap_pct"": 0.012, ""trailing_stop_floor_pct"": 0.004, ""trailing_stop_rv_multiple"": 0.8}",fresh_calendar_teacher_fade_both_lb72_fast24_z075_ret90_h168_fl2,66,0,0.007675380676269197,33,-16.2877261245422,-6.675140434993297,-0.007675380676269161,0.0026027761537801525,"{""cooldown"": 1369, ""signal_missing"": 137, ""teacher_state_rank_gap_too_small"": 40}",False,False,372,0,0.052202793112188735,186,-15.909229305131662,-5.785618708136187,-0.05220279311218878,0.003370056033751829,58,0,0.007227256421597871,29,-14.281305160989266,-5.767044853890874,-0.007219607722093624,0.003140631525783868
"train_positive,val_positive,oos_return_beats_incumbent,oos_mdd_beats_shadow,oos_sharpe_gt_1",calendar_teacher_state_fade,"{""adaptive_lookback_bars"": 72, ""allow_long"": true, ""allow_short"": true, ""broad_min_abs"": 0.006, ""calendar_long_months"": [], ""calendar_long_symbol"": """", ""calendar_short_months"": [], ""calendar_short_symbol"": """", ""calendar_veto_flow_abs"": 0.0, ""calendar_veto_funding_abs"": 0.0, ""calendar_veto_market_ret_abs"": 0.0, ""calendar_veto_resid_z"": 0.0, ""compression_lookback_bars"": 24, ""compression_quantile"": 0.0, ""cooldown_bars"": 42, ""entry_days_of_month"": [], ""entry_hours"": [], ""external_risk_max"": 0.0, ""family"": ""calendar_teacher_state_fade"", ""flow_lookback_bars"": 6, ""flow_persistence_bars"": 0, ""flow_persistence_threshold"": 0.0, ""flow_threshold"": 0.0, ""funding_abs_cap"": 0.00025, ""funding_rank_min"": 0.0001, ""hold_bars"": 168, ""long_allocation_scale"": 6.0, ""lookback_bars"": 336, ""max_order_value"": 175.0, ""max_rv"": 0.0, ""min_abs_return"": 0.009, ""name"": ""fresh_calendar_teacher_fade_both_lb336_fast72_z035_ret90_h168_fl0"", ""oi_rank_min"": 0.012, ""primary_symbol"": """", ""rv_lookback_bars"": 24, ""secondary_symbol"": """", ""sharpe_lookback_bars"": 24, ""sharpe_rank_min"": 0.5, ""short_allocation_scale"": 8.0, ""spread_hedge_ratio"": 1.0, ""stop_loss_pct"": 0.004, ""take_profit_pct"": 0.045, ""target_allocation"": 0.008, ""threshold"": 0.35, ""trailing_stop_cap_pct"": 0.012, ""trailing_stop_floor_pct"": 0.004, ""trailing_stop_rv_multiple"": 0.8}",fresh_calendar_teacher_fade_both_lb336_fast72_z035_ret90_h168_fl0,64,0,0.007711264776407552,32,-14.308192737314272,-6.054429508429505,-0.0077112647764076,0.0029767033435753273,"{""cooldown"": 1309, ""signal_missing"": 176, ""teacher_state_rank_gap_too_small"": 29}",False,False,326,0,0.04550221736995209,163,-14.861623845755044,-5.227542490931069,-0.04550221736995208,0.0031335904013758856,62,0,0.008371649827616902,31,-15.585523058621632,-6.68543340291226,-0.008283149874178553,0.0033035389415508954
"train_positive,val_positive,oos_return_beats_incumbent,oos_mdd_beats_shadow,oos_sharpe_gt_1",calendar_teacher_state_fade,"{""adaptive_lookback_bars"": 72, ""allow_long"": true, ""allow_short"": true, ""broad_min_abs"": 0.006, ""calendar_long_months"": [], ""calendar_long_symbol"": """", ""calendar_short_months"": [], ""calendar_short_symbol"": """", ""calendar_veto_flow_abs"": 0.0, ""calendar_veto_funding_abs"": 0.0, ""calendar_veto_market_ret_abs"": 0.0, ""calendar_veto_resid_z"": 0.0, ""compression_lookback_bars"": 24, ""compression_quantile"": 0.0, ""cooldown_bars"": 42, ""entry_days_of_month"": [], ""entry_hours"": [], ""external_risk_max"": 1.25, ""family"": ""calendar_teacher_state_fade"", ""flow_lookback_bars"": 6, ""flow_persistence_bars"": 0, ""flow_persistence_threshold"": 0.0, ""flow_threshold"": 0.02, ""funding_abs_cap"": 0.00025, ""funding_rank_min"": 0.0001, ""hold_bars"": 168, ""long_allocation_scale"": 6.0, ""lookback_bars"": 168, ""max_order_value"": 175.0, ""max_rv"": 0.0, ""min_abs_return"": 0.003, ""name"": ""fresh_calendar_teacher_fade_both_lb168_fast72_z035_ret30_h168_fl2_xr125"", ""oi_rank_min"": 0.012, ""primary_symbol"": """", ""rv_lookback_bars"": 24, ""secondary_symbol"": """", ""sharpe_lookback_bars"": 24, ""sharpe_rank_min"": 0.5, ""short_allocation_scale"": 8.0, ""spread_hedge_ratio"": 1.0, ""stop_loss_pct"": 0.004, ""take_profit_pct"": 0.045, ""target_allocation"": 0.008, ""threshold"": 0.35, ""trailing_stop_cap_pct"": 0.012, ""trailing_stop_floor_pct"": 0.004, ""trailing_stop_rv_multiple"": 0.8}",fresh_calendar_teacher_fade_both_lb168_fast72_z035_ret30_h168_fl2_xr125,68,0,0.007754878284348689,34,-14.927176882475175,-6.342910524524228,-0.007754878284348732,0.002869491779193415,"{""cooldown"": 1410, ""signal_missing"": 104}",False,False,364,0,0.047091078315151934,182,-15.856898918975896,-6.232459878352241,-0.04709107831515191,0.00304200066848854,62,0,0.008273347530951377,31,-15.779065305659783,-6.497543758265026,-0.008273347530951325,0.003259149782253554
"train_positive,val_positive,oos_return_beats_incumbent,oos_mdd_beats_shadow,oos_sharpe_gt_1",calendar_teacher_state_fade,"{""adaptive_lookback_bars"": 72, ""allow_long"": true, ""allow_short"": true, ""broad_min_abs"": 0.006, ""calendar_long_months"": [], ""calendar_long_symbol"": """", ""calendar_short_months"": [], ""calendar_short_symbol"": """", ""calendar_veto_flow_abs"": 0.0, ""calendar_veto_funding_abs"": 0.0, ""calendar_veto_market_ret_abs"": 0.0, ""calendar_veto_resid_z"": 0.0, ""compression_lookback_bars"": 24, ""compression_quantile"": 0.0, ""cooldown_bars"": 42, ""entry_days_of_month"": [], ""entry_hours"": [], ""external_risk_max"": 0.0, ""family"": ""calendar_teacher_state_fade"", ""flow_lookback_bars"": 6, ""flow_persistence_bars"": 0, ""flow_persistence_threshold"": 0.0, ""flow_threshold"": 0.0, ""funding_abs_cap"": 0.00025, ""funding_rank_min"": 0.0001, ""hold_bars"": 168, ""long_allocation_scale"": 6.0, ""lookback_bars"": 168, ""max_order_value"": 175.0, ""max_rv"": 0.0, ""min_abs_return"": 0.003, ""name"": ""fresh_calendar_teacher_fade_both_lb168_fast72_z035_ret30_h168_fl0"", ""oi_rank_min"": 0.012, ""primary_symbol"": """", ""rv_lookback_bars"": 24, ""secondary_symbol"": """", ""sharpe_lookback_bars"": 24, ""sharpe_rank_min"": 0.5, ""short_allocation_scale"": 8.0, ""spread_hedge_ratio"": 1.0, ""stop_loss_pct"": 0.004, ""take_profit_pct"": 0.045, ""target_allocation"": 0.008, ""threshold"": 0.35, ""trailing_stop_cap_pct"": 0.012, ""trailing_stop_floor_pct"": 0.004, ""trailing_stop_rv_multiple"": 0.8}",fresh_calendar_teacher_fade_both_lb168_fast72_z035_ret30_h168_fl0,68,0,0.007756129055403839,34,-15.002498270055236,-6.459940487573329,-0.007756129055403793,0.002855550230346044,"{""cooldown"": 1410, ""signal_missing"": 107}",False,False,364,0,0.05006307151436486,182,-15.426665985982709,-5.908380047017886,-0.05006307151436484,0.0033292908752577304,64,0,0.007951942110538443,32,-16.695793736302218,-7.406536730450009,-0.007951942110538401,0.0029601014493329776
"train_positive,val_positive,oos_return_beats_incumbent,oos_mdd_beats_shadow,oos_sharpe_gt_1",calendar_teacher_state_fade,"{""adaptive_lookback_bars"": 24, ""allow_long"": true, ""allow_short"": true, ""broad_min_abs"": 0.006, ""calendar_long_months"": [], ""calendar_long_symbol"": """", ""calendar_short_months"": [], ""calendar_short_symbol"": """", ""calendar_veto_flow_abs"": 0.0, ""calendar_veto_funding_abs"": 0.0, ""calendar_veto_market_ret_abs"": 0.0, ""calendar_veto_resid_z"": 0.0, ""compression_lookback_bars"": 24, ""compression_quantile"": 0.0, ""cooldown_bars"": 42, ""entry_days_of_month"": [], ""entry_hours"": [], ""external_risk_max"": 1.25, ""family"": ""calendar_teacher_state_fade"", ""flow_lookback_bars"": 6, ""flow_persistence_bars"": 0, ""flow_persistence_threshold"": 0.0, ""flow_threshold"": 0.02, ""funding_abs_cap"": 0.00025, ""funding_rank_min"": 0.0001, ""hold_bars"": 168, ""long_allocation_scale"": 6.0, ""lookback_bars"": 72, ""max_order_value"": 175.0, ""max_rv"": 0.0, ""min_abs_return"": 0.006, ""name"": ""fresh_calendar_teacher_fade_both_lb72_fast24_z050_ret60_h168_fl2_xr125"", ""oi_rank_min"": 0.012, ""primary_symbol"": """", ""rv_lookback_bars"": 24, ""secondary_symbol"": """", ""sharpe_lookback_bars"": 12, ""sharpe_rank_min"": 0.5, ""short_allocation_scale"": 8.0, ""spread_hedge_ratio"": 1.0, ""stop_loss_pct"": 0.004, ""take_profit_pct"": 0.045, ""target_allocation"": 0.008, ""threshold"": 0.5, ""trailing_stop_cap_pct"": 0.012, ""trailing_stop_floor_pct"": 0.004, ""trailing_stop_rv_multiple"": 0.8}",fresh_calendar_teacher_fade_both_lb72_fast24_z050_ret60_h168_fl2_xr125,68,0,0.007757269370301401,34,-17.37389724697876,-7.8127985904832205,-0.007757269370301412,0.002466213879439657,"{""cooldown"": 1423, ""signal_missing"": 105, ""teacher_state_rank_gap_too_small"": 11}",False,False,380,0,0.05021243985289384,190,-15.293264902390899,-5.678790386533029,-0.05021243985289381,0.0033686067987589823,62,0,0.009125592355528529,31,-16.478469652089057,-6.575839509281871,-0.009117958281527727,0.0034408771847124326
"train_positive,val_positive,oos_return_beats_incumbent,oos_mdd_beats_shadow,oos_sharpe_gt_1",calendar_teacher_state_fade,"{""adaptive_lookback_bars"": 72, ""allow_long"": true, ""allow_short"": true, ""broad_min_abs"": 0.006, ""calendar_long_months"": [], ""calendar_long_symbol"": """", ""calendar_short_months"": [], ""calendar_short_symbol"": """", ""calendar_veto_flow_abs"": 0.0, ""calendar_veto_funding_abs"": 0.0, ""calendar_veto_market_ret_abs"": 0.0, ""calendar_veto_resid_z"": 0.0, ""compression_lookback_bars"": 24, ""compression_quantile"": 0.0, ""cooldown_bars"": 42, ""entry_days_of_month"": [], ""entry_hours"": [], ""external_risk_max"": 0.0, ""family"": ""calendar_teacher_state_fade"", ""flow_lookback_bars"": 6, ""flow_persistence_bars"": 0, ""flow_persistence_threshold"": 0.0, ""flow_threshold"": 0.0, ""funding_abs_cap"": 0.00025, ""funding_rank_min"": 0.0001, ""hold_bars"": 168, ""long_allocation_scale"": 6.0, ""lookback_bars"": 168, ""max_order_value"": 175.0, ""max_rv"": 0.0, ""min_abs_return"": 0.009, ""name"": ""fresh_calendar_teacher_fade_both_lb168_fast72_z035_ret90_h168_fl0"", ""oi_rank_min"": 0.012, ""primary_symbol"": """", ""rv_lookback_bars"": 24, ""secondary_symbol"": """", ""sharpe_lookback_bars"": 24, ""sharpe_rank_min"": 0.5, ""short_allocation_scale"": 8.0, ""spread_hedge_ratio"": 1.0, ""stop_loss_pct"": 0.004, ""take_profit_pct"": 0.045, ""target_allocation"": 0.008, ""threshold"": 0.35, ""trailing_stop_cap_pct"": 0.012, ""trailing_stop_floor_pct"": 0.004, ""trailing_stop_rv_multiple"": 0.8}",fresh_calendar_teacher_fade_both_lb168_fast72_z035_ret90_h168_fl0,68,0,0.007765984136341466,34,-15.762301899186477,-6.956237517294777,-0.007765984136341442,0.002721392674654648,"{""cooldown"": 1418, ""signal_missing"": 109}",False,False,366,0,0.05311299956976145,183,-15.65227001923823,-5.97307421548318,-0.053112999569761454,0.003486746536225273,64,0,0.008071259099960062,32,-16.701390878652205,-7.4785792417717705,-0.008071259099960093,0.0030036865986656533
"train_positive,val_positive,oos_return_beats_incumbent,oos_mdd_beats_shadow,oos_sharpe_gt_1",calendar_teacher_state_fade,"{""adaptive_lookback_bars"": 24, ""allow_long"": true, ""allow_short"": true, ""broad_min_abs"": 0.006, ""calendar_long_months"": [], ""calendar_long_symbol"": """", ""calendar_short_months"": [], ""calendar_short_symbol"": """", ""calendar_veto_flow_abs"": 0.0, ""calendar_veto_funding_abs"": 0.0, ""calendar_veto_market_ret_abs"": 0.0, ""calendar_veto_resid_z"": 0.0, ""compression_lookback_bars"": 24, ""compression_quantile"": 0.0, ""cooldown_bars"": 42, ""entry_days_of_month"": [], ""entry_hours"": [], ""external_risk_max"": 1.25, ""family"": ""calendar_teacher_state_fade"", ""flow_lookback_bars"": 6, ""flow_persistence_bars"": 0, ""flow_persistence_threshold"": 0.0, ""flow_threshold"": 0.02, ""funding_abs_cap"": 0.00025, ""funding_rank_min"": 0.0001, ""hold_bars"": 168, ""long_allocation_scale"": 6.0, ""lookback_bars"": 72, ""max_order_value"": 175.0, ""max_rv"": 0.0, ""min_abs_return"": 0.003, ""name"": ""fresh_calendar_teacher_fade_both_lb72_fast24_z035_ret30_h168_fl2_xr125"", ""oi_rank_min"": 0.012, ""primary_symbol"": """", ""rv_lookback_bars"": 24, ""secondary_symbol"": """", ""sharpe_lookback_bars"": 12, ""sharpe_rank_min"": 0.5, ""short_allocation_scale"": 8.0, ""spread_hedge_ratio"": 1.0, ""stop_loss_pct"": 0.004, ""take_profit_pct"": 0.045, ""target_allocation"": 0.008, ""threshold"": 0.35, ""trailing_stop_cap_pct"": 0.012, ""trailing_stop_floor_pct"": 0.004, ""trailing_stop_rv_multiple"": 0.8}",fresh_calendar_teacher_fade_both_lb72_fast24_z035_ret30_h168_fl2_xr125,68,0,0.0077693434624443395,34,-14.792529514362935,-6.145484355529929,-0.007769343462444289,0.0029010276747589423,"{""cooldown"": 1422, ""signal_missing"": 77, ""teacher_state_rank_gap_too_small"": 12}",False,False,380,0,0.04999667232830507,190,-14.922869685683619,-5.471146106129192,-0.04987640221547884,0.003428496994794512,62,0,0.008916771776229121,31,-15.80557197177122,-6.576485546310798,-0.008916771776229071,0.003507834114983774
"train_positive,val_positive,oos_return_beats_incumbent,oos_mdd_beats_shadow,oos_sharpe_gt_1",calendar_teacher_state_fade,"{""adaptive_lookback_bars"": 72, ""allow_long"": true, ""allow_short"": true, ""broad_min_abs"": 0.006, ""calendar_long_months"": [], ""calendar_long_symbol"": """", ""calendar_short_months"": [], ""calendar_short_symbol"": """", ""calendar_veto_flow_abs"": 0.0, ""calendar_veto_funding_abs"": 0.0, ""calendar_veto_market_ret_abs"": 0.0, ""calendar_veto_resid_z"": 0.0, ""compression_lookback_bars"": 24, ""compression_quantile"": 0.0, ""cooldown_bars"": 42, ""entry_days_of_month"": [], ""entry_hours"": [], ""external_risk_max"": 1.25, ""family"": ""calendar_teacher_state_fade"", ""flow_lookback_bars"": 6, ""flow_persistence_bars"": 0, ""flow_persistence_threshold"": 0.0, ""flow_threshold"": 0.02, ""funding_abs_cap"": 0.00025, ""funding_rank_min"": 0.0001, ""hold_bars"": 168, ""long_allocation_scale"": 6.0, ""lookback_bars"": 168, ""max_order_value"": 175.0, ""max_rv"": 0.0, ""min_abs_return"": 0.009, ""name"": ""fresh_calendar_teacher_fade_both_lb168_fast72_z075_ret90_h168_fl2_xr125"", ""oi_rank_min"": 0.012, ""primary_symbol"": """", ""rv_lookback_bars"": 24, ""secondary_symbol"": """", ""sharpe_lookback_bars"": 24, ""sharpe_rank_min"": 0.75, ""short_allocation_scale"": 8.0, ""spread_hedge_ratio"": 1.0, ""stop_loss_pct"": 0.004, ""take_profit_pct"": 0.045, ""target_allocation"": 0.008, ""threshold"": 0.75, ""trailing_stop_cap_pct"": 0.012, ""trailing_stop_floor_pct"": 0.004, ""trailing_stop_rv_multiple"": 0.8}",fresh_calendar_teacher_fade_both_lb168_fast72_z075_ret90_h168_fl2_xr125,66,0,0.007770792256831641,33,-15.581652522031325,-6.461638546543331,-0.007770792256831638,0.002754649133193247,"{""cooldown"": 1368, ""signal_missing"": 151, ""teacher_state_rank_gap_too_small"": 12}",False,False,340,0,0.04647295167331049,170,-14.332201824290344,-5.2295300998702015,-0.04647295167331045,0.0033203047708125445,58,0,0.007419901104226456,29,-16.24868310540737,-6.864813243477262,-0.007419901104226412,0.0028372969535805062
"train_positive,val_positive,oos_return_beats_incumbent,oos_mdd_beats_shadow,oos_sharpe_gt_1",calendar_teacher_state_fade,"{""adaptive_lookback_bars"": 72, ""allow_long"": true, ""allow_short"": true, ""broad_min_abs"": 0.006, ""calendar_long_months"": [], ""calendar_long_symbol"": """", ""calendar_short_months"": [], ""calendar_short_symbol"": """", ""calendar_veto_flow_abs"": 0.0, ""calendar_veto_funding_abs"": 0.0, ""calendar_veto_market_ret_abs"": 0.0, ""calendar_veto_resid_z"": 0.0, ""compression_lookback_bars"": 24, ""compression_quantile"": 0.0, ""cooldown_bars"": 30, ""entry_days_of_month"": [], ""entry_hours"": [], ""external_risk_max"": 1.25, ""family"": ""calendar_teacher_state_fade"", ""flow_lookback_bars"": 6, ""flow_persistence_bars"": 0, ""flow_persistence_threshold"": 0.0, ""flow_threshold"": 0.02, ""funding_abs_cap"": 0.00025, ""funding_rank_min"": 0.0001, ""hold_bars"": 120, ""long_allocation_scale"": 6.0, ""lookback_bars"": 336, ""max_order_value"": 175.0, ""max_rv"": 0.0, ""min_abs_return"": 0.003, ""name"": ""fresh_calendar_teacher_fade_both_lb336_fast72_z075_ret30_h120_fl2_xr125"", ""oi_rank_min"": 0.012, ""primary_symbol"": """", ""rv_lookback_bars"": 24, ""secondary_symbol"": """", ""sharpe_lookback_bars"": 24, ""sharpe_rank_min"": 0.75, ""short_allocation_scale"": 8.0, ""spread_hedge_ratio"": 1.0, ""stop_loss_pct"": 0.004, ""take_profit_pct"": 0.045, ""target_allocation"": 0.008, ""threshold"": 0.75, ""trailing_stop_cap_pct"": 0.012, ""trailing_stop_floor_pct"": 0.004, ""trailing_stop_rv_multiple"": 0.8}",fresh_calendar_teacher_fade_both_lb336_fast72_z075_ret30_h120_fl2_xr125,66,0,0.007771233979927456,33,-13.622548913606686,-6.173909250887553,-0.0077712339799274055,0.0031508982935722738,"{""cooldown"": 990, ""signal_missing"": 477, ""teacher_state_rank_gap_too_small"": 71}",False,False,412,0,0.05398827737536085,206,-16.54621748216114,-6.699285085565994,-0.05398827737536083,0.0033542924752390166,80,0,0.010316169634908102,40,-18.180923881118368,-9.11819301653739,-0.010227843224221322,0.0035002808620980125
"train_positive,val_positive,oos_return_beats_incumbent,oos_mdd_beats_shadow,oos_sharpe_gt_1",calendar_teacher_state_fade,"{""adaptive_lookback_bars"": 72, ""allow_long"": true, ""allow_short"": true, ""broad_min_abs"": 0.006, ""calendar_long_months"": [], ""calendar_long_symbol"": """", ""calendar_short_months"": [], ""calendar_short_symbol"": """", ""calendar_veto_flow_abs"": 0.0, ""calendar_veto_funding_abs"": 0.0, ""calendar_veto_market_ret_abs"": 0.0, ""calendar_veto_resid_z"": 0.0, ""compression_lookback_bars"": 24, ""compression_quantile"": 0.0, ""cooldown_bars"": 42, ""entry_days_of_month"": [], ""entry_hours"": [], ""external_risk_max"": 1.25, ""family"": ""calendar_teacher_state_fade"", ""flow_lookback_bars"": 6, ""flow_persistence_bars"": 0, ""flow_persistence_threshold"": 0.0, ""flow_threshold"": 0.02, ""funding_abs_cap"": 0.00025, ""funding_rank_min"": 0.0001, ""hold_bars"": 168, ""long_allocation_scale"": 6.0, ""lookback_bars"": 168, ""max_order_value"": 175.0, ""max_rv"": 0.0, ""min_abs_return"": 0.009, ""name"": ""fresh_calendar_teacher_fade_both_lb168_fast72_z050_ret90_h168_fl2_xr125"", ""oi_rank_min"": 0.012, ""primary_symbol"": """", ""rv_lookback_bars"": 24, ""secondary_symbol"": """", ""sharpe_lookback_bars"": 24, ""sharpe_rank_min"": 0.5, ""short_allocation_scale"": 8.0, ""spread_hedge_ratio"": 1.0, ""stop_loss_pct"": 0.004, ""take_profit_pct"": 0.045, ""target_allocation"": 0.008, ""threshold"": 0.5, ""trailing_stop_cap_pct"": 0.012, ""trailing_stop_floor_pct"": 0.004, ""trailing_stop_rv_multiple"": 0.8}",fresh_calendar_teacher_fade_both_lb168_fast72_z050_ret90_h168_fl2_xr125,66,0,0.007776004846147181,33,-14.529766039392342,-5.868505632025056,-0.007776004846147155,0.00295602266882228,"{""cooldown"": 1374, ""signal_missing"": 152, ""teacher_state_rank_gap_too_small"": 2}",False,False,358,0,0.04765286140628723,179,-14.773426670329947,-5.611459224889748,-0.04765286140628722,0.003304964171834082,60,0,0.008308489998036513,30,-16.544605841447183,-6.781934636139294,-0.008308489998036461,0.0031216309543875337
"train_positive,val_positive,oos_return_beats_incumbent,oos_mdd_beats_shadow,oos_sharpe_gt_1",calendar_teacher_state_fade,"{""adaptive_lookback_bars"": 72, ""allow_long"": true, ""allow_short"": true, ""broad_min_abs"": 0.006, ""calendar_long_months"": [], ""calendar_long_symbol"": """", ""calendar_short_months"": [], ""calendar_short_symbol"": """", ""calendar_veto_flow_abs"": 0.0, ""calendar_veto_funding_abs"": 0.0, ""calendar_veto_market_ret_abs"": 0.0, ""calendar_veto_resid_z"": 0.0, ""compression_lookback_bars"": 24, ""compression_quantile"": 0.0, ""cooldown_bars"": 42, ""entry_days_of_month"": [], ""entry_hours"": [], ""external_risk_max"": 0.0, ""family"": ""calendar_teacher_state_fade"", ""flow_lookback_bars"": 6, ""flow_persistence_bars"": 0, ""flow_persistence_threshold"": 0.0, ""flow_threshold"": 0.02, ""funding_abs_cap"": 0.00025, ""funding_rank_min"": 0.0001, ""hold_bars"": 168, ""long_allocation_scale"": 6.0, ""lookback_bars"": 336, ""max_order_value"": 175.0, ""max_rv"": 0.0, ""min_abs_return"": 0.009, ""name"": ""fresh_calendar_teacher_fade_both_lb336_fast72_z035_ret90_h168_fl2"", ""oi_rank_min"": 0.012, ""primary_symbol"": """", ""rv_lookback_bars"": 24, ""secondary_symbol"": """", ""sharpe_lookback_bars"": 24, ""sharpe_rank_min"": 0.5, ""short_allocation_scale"": 8.0, ""spread_hedge_ratio"": 1.0, ""stop_loss_pct"": 0.004, ""take_profit_pct"": 0.045, ""target_allocation"": 0.008, ""threshold"": 0.35, ""trailing_stop_cap_pct"": 0.012, ""trailing_stop_floor_pct"": 0.004, ""trailing_stop_rv_multiple"": 0.8}",fresh_calendar_teacher_fade_both_lb336_fast72_z035_ret90_h168_fl2,64,0,0.007776851945413182,32,-14.133827408135012,-5.366023911543205,-0.007776851945413221,0.003039146090831178,"{""cooldown"": 1309, ""signal_missing"": 186, ""teacher_state_rank_gap_too_small"": 28}",False,False,324,0,0.044747048584400366,162,-14.140559508304621,-4.891743089355305,-0.04474704858440037,0.0032374227482512103,62,0,0.008677649969588433,31,-16.050319120529863,-6.7671471524238465,-0.008589177325775021,0.003326910230533973
"train_positive,val_positive,oos_return_beats_incumbent,oos_mdd_beats_shadow,oos_sharpe_gt_1",calendar_teacher_state_fade,"{""adaptive_lookback_bars"": 72, ""allow_long"": true, ""allow_short"": true, ""broad_min_abs"": 0.006, ""calendar_long_months"": [], ""calendar_long_symbol"": """", ""calendar_short_months"": [], ""calendar_short_symbol"": """", ""calendar_veto_flow_abs"": 0.0, ""calendar_veto_funding_abs"": 0.0, ""calendar_veto_market_ret_abs"": 0.0, ""calendar_veto_resid_z"": 0.0, ""compression_lookback_bars"": 24, ""compression_quantile"": 0.0, ""cooldown_bars"": 42, ""entry_days_of_month"": [], ""entry_hours"": [], ""external_risk_max"": 0.0, ""family"": ""calendar_teacher_state_fade"", ""flow_lookback_bars"": 6, ""flow_persistence_bars"": 0, ""flow_persistence_threshold"": 0.0, ""flow_threshold"": 0.02, ""funding_abs_cap"": 0.00025, ""funding_rank_min"": 0.0001, ""hold_bars"": 168, ""long_allocation_scale"": 6.0, ""lookback_bars"": 168, ""max_order_value"": 175.0, ""max_rv"": 0.0, ""min_abs_return"": 0.009, ""name"": ""fresh_calendar_teacher_fade_both_lb168_fast72_z075_ret90_h168_fl2"", ""oi_rank_min"": 0.012, ""primary_symbol"": """", ""rv_lookback_bars"": 24, ""secondary_symbol"": """", ""sharpe_lookback_bars"": 24, ""sharpe_rank_min"": 0.75, ""short_allocation_scale"": 8.0, ""spread_hedge_ratio"": 1.0, ""stop_loss_pct"": 0.004, ""take_profit_pct"": 0.045, ""target_allocation"": 0.008, ""threshold"": 0.75, ""trailing_stop_cap_pct"": 0.012, ""trailing_stop_floor_pct"": 0.004, ""trailing_stop_rv_multiple"": 0.8}",fresh_calendar_teacher_fade_both_lb168_fast72_z075_ret90_h168_fl2,66,0,0.007789728585837119,33,-15.710161870420901,-6.647166740271731,-0.007789728585837152,0.0027388032913785217,"{""cooldown"": 1368, ""signal_missing"": 151, ""teacher_state_rank_gap_too_small"": 12}",False,False,340,0,0.04674556437491774,170,-14.313113773419726,-5.197443715893413,-0.046745564374917725,0.003344706732957906,58,0,0.007419901104226456,29,-16.24868310540737,-6.864813243477262,-0.007419901104226412,0.0028372969535805062
"train_positive,val_positive,oos_return_beats_incumbent,oos_mdd_beats_shadow,oos_sharpe_gt_1",calendar_teacher_state_fade,"{""adaptive_lookback_bars"": 72, ""allow_long"": true, ""allow_short"": true, ""broad_min_abs"": 0.006, ""calendar_long_months"": [], ""calendar_long_symbol"": """", ""calendar_short_months"": [], ""calendar_short_symbol"": """", ""calendar_veto_flow_abs"": 0.0, ""calendar_veto_funding_abs"": 0.0, ""calendar_veto_market_ret_abs"": 0.0, ""calendar_veto_resid_z"": 0.0, ""compression_lookback_bars"": 24, ""compression_quantile"": 0.0, ""cooldown_bars"": 30, ""entry_days_of_month"": [], ""entry_hours"": [], ""external_risk_max"": 1.25, ""family"": ""calendar_teacher_state_fade"", ""flow_lookback_bars"": 6, ""flow_persistence_bars"": 0, ""flow_persistence_threshold"": 0.0, ""flow_threshold"": 0.02, ""funding_abs_cap"": 0.00025, ""funding_rank_min"": 0.0001, ""hold_bars"": 120, ""long_allocation_scale"": 6.0, ""lookback_bars"": 336, ""max_order_value"": 175.0, ""max_rv"": 0.0, ""min_abs_return"": 0.009, ""name"": ""fresh_calendar_teacher_fade_both_lb336_fast72_z075_ret90_h120_fl2_xr125"", ""oi_rank_min"": 0.012, ""primary_symbol"": """", ""rv_lookback_bars"": 24, ""secondary_symbol"": """", ""sharpe_lookback_bars"": 24, ""sharpe_rank_min"": 0.75, ""short_allocation_scale"": 8.0, ""spread_hedge_ratio"": 1.0, ""stop_loss_pct"": 0.004, ""take_profit_pct"": 0.045, ""target_allocation"": 0.008, ""threshold"": 0.75, ""trailing_stop_cap_pct"": 0.012, ""trailing_stop_floor_pct"": 0.004, ""trailing_stop_rv_multiple"": 0.8}",fresh_calendar_teacher_fade_both_lb336_fast72_z075_ret90_h120_fl2_xr125,68,0,0.0077948327002712176,34,-13.800837051666097,-6.3357576792348596,-0.007794832700271259,0.003119682811483244,"{""cooldown"": 991, ""signal_missing"": 484, ""teacher_state_rank_gap_too_small"": 71}",False,False,408,0,0.05414234284869108,204,-16.836122149834367,-6.674843177094638,-0.05414234284869113,0.0033062186817155027,80,0,0.010436158673717324,40,-18.82453572640196,-9.445343194186231,-0.010347842971704102,0.003420494906152851
"train_positive,val_positive,oos_return_beats_incumbent,oos_mdd_beats_shadow,oos_sharpe_gt_1",calendar_teacher_state_fade,"{""adaptive_lookback_bars"": 72, ""allow_long"": true, ""allow_short"": true, ""broad_min_abs"": 0.006, ""calendar_long_months"": [], ""calendar_long_symbol"": """", ""calendar_short_months"": [], ""calendar_short_symbol"": """", ""calendar_veto_flow_abs"": 0.0, ""calendar_veto_funding_abs"": 0.0, ""calendar_veto_market_ret_abs"": 0.0, ""calendar_veto_resid_z"": 0.0, ""compression_lookback_bars"": 24, ""compression_quantile"": 0.0, ""cooldown_bars"": 42, ""entry_days_of_month"": [], ""entry_hours"": [], ""external_risk_max"": 1.25, ""family"": ""calendar_teacher_state_fade"", ""flow_lookback_bars"": 6, ""flow_persistence_bars"": 0, ""flow_persistence_threshold"": 0.0, ""flow_threshold"": 0.0, ""funding_abs_cap"": 0.00025, ""funding_rank_min"": 0.0001, ""hold_bars"": 168, ""long_allocation_scale"": 6.0, ""lookback_bars"": 168, ""max_order_value"": 175.0, ""max_rv"": 0.0, ""min_abs_return"": 0.003, ""name"": ""fresh_calendar_teacher_fade_both_lb168_fast72_z035_ret30_h168_fl0_xr125"", ""oi_rank_min"": 0.012, ""primary_symbol"": """", ""rv_lookback_bars"": 24, ""secondary_symbol"": """", ""sharpe_lookback_bars"": 24, ""sharpe_rank_min"": 0.5, ""short_allocation_scale"": 8.0, ""spread_hedge_ratio"": 1.0, ""stop_loss_pct"": 0.004, ""take_profit_pct"": 0.045, ""target_allocation"": 0.008, ""threshold"": 0.35, ""trailing_stop_cap_pct"": 0.012, ""trailing_stop_floor_pct"": 0.004, ""trailing_stop_rv_multiple"": 0.8}",fresh_calendar_teacher_fade_both_lb168_fast72_z035_ret30_h168_fl0_xr125,68,0,0.007829709401662766,34,-14.914798559946453,-6.293789527966744,-0.007829709401662721,0.002899691535865982,"{""cooldown"": 1410, ""signal_missing"": 107}",False,False,364,0,0.05028460965995528,182,-15.425581750630627,-5.900013502510759,-0.05028460965995529,0.0033446435853997196,64,0,0.008062753157124701,32,-16.688442052620772,-7.355221841185131,-0.00806275315712468,0.003002836316591821
"train_positive,val_positive,oos_return_beats_incumbent,oos_mdd_beats_shadow,oos_sharpe_gt_1",calendar_teacher_state_fade,"{""adaptive_lookback_bars"": 72, ""allow_long"": true, ""allow_short"": true, ""broad_min_abs"": 0.006, ""calendar_long_months"": [], ""calendar_long_symbol"": """", ""calendar_short_months"": [], ""calendar_short_symbol"": """", ""calendar_veto_flow_abs"": 0.0, ""calendar_veto_funding_abs"": 0.0, ""calendar_veto_market_ret_abs"": 0.0, ""calendar_veto_resid_z"": 0.0, ""compression_lookback_bars"": 24, ""compression_quantile"": 0.0, ""cooldown_bars"": 42, ""entry_days_of_month"": [], ""entry_hours"": [], ""external_risk_max"": 1.25, ""family"": ""calendar_teacher_state_fade"", ""flow_lookback_bars"": 6, ""flow_persistence_bars"": 0, ""flow_persistence_threshold"": 0.0, ""flow_threshold"": 0.0, ""funding_abs_cap"": 0.00025, ""funding_rank_min"": 0.0001, ""hold_bars"": 168, ""long_allocation_scale"": 6.0, ""lookback_bars"": 168, ""max_order_value"": 175.0, ""max_rv"": 0.0, ""min_abs_return"": 0.009, ""name"": ""fresh_calendar_teacher_fade_both_lb168_fast72_z075_ret90_h168_fl0_xr125"", ""oi_rank_min"": 0.012, ""primary_symbol"": """", ""rv_lookback_bars"": 24, ""secondary_symbol"": """", ""sharpe_lookback_bars"": 24, ""sharpe_rank_min"": 0.75, ""short_allocation_scale"": 8.0, ""spread_hedge_ratio"": 1.0, ""stop_loss_pct"": 0.004, ""take_profit_pct"": 0.045, ""target_allocation"": 0.008, ""threshold"": 0.75, ""trailing_stop_cap_pct"": 0.012, ""trailing_stop_floor_pct"": 0.004, ""trailing_stop_rv_multiple"": 0.8}",fresh_calendar_teacher_fade_both_lb168_fast72_z075_ret90_h168_fl0_xr125,66,0,0.00783699884428966,33,-15.10878312171841,-6.319733443191421,-0.007836998844289678,0.00286514413831301,"{""cooldown"": 1368, ""signal_missing"": 149, ""teacher_state_rank_gap_too_small"": 12}",False,False,344,0,0.04745456650657889,172,-14.172419601280355,-5.110238210541662,-0.047454566506578866,0.0034303955647298676,60,0,0.008083040060273229,30,-16.787622050220588,-7.424003939533648,-0.008083040060273272,0.0029926397006617314
"train_positive,val_positive,oos_return_beats_incumbent,oos_mdd_beats_shadow,oos_sharpe_gt_1",calendar_teacher_state_fade,"{""adaptive_lookback_bars"": 72, ""allow_long"": true, ""allow_short"": true, ""broad_min_abs"": 0.006, ""calendar_long_months"": [], ""calendar_long_symbol"": """", ""calendar_short_months"": [], ""calendar_short_symbol"": """", ""calendar_veto_flow_abs"": 0.0, ""calendar_veto_funding_abs"": 0.0, ""calendar_veto_market_ret_abs"": 0.0, ""calendar_veto_resid_z"": 0.0, ""compression_lookback_bars"": 24, ""compression_quantile"": 0.0, ""cooldown_bars"": 42, ""entry_days_of_month"": [], ""entry_hours"": [], ""external_risk_max"": 1.25, ""family"": ""calendar_teacher_state_fade"", ""flow_lookback_bars"": 6, ""flow_persistence_bars"": 0, ""flow_persistence_threshold"": 0.0, ""flow_threshold"": 0.0, ""funding_abs_cap"": 0.00025, ""funding_rank_min"": 0.0001, ""hold_bars"": 168, ""long_allocation_scale"": 6.0, ""lookback_bars"": 168, ""max_order_value"": 175.0, ""max_rv"": 0.0, ""min_abs_return"": 0.009, ""name"": ""fresh_calendar_teacher_fade_both_lb168_fast72_z035_ret90_h168_fl0_xr125"", ""oi_rank_min"": 0.012, ""primary_symbol"": """", ""rv_lookback_bars"": 24, ""secondary_symbol"": """", ""sharpe_lookback_bars"": 24, ""sharpe_rank_min"": 0.5, ""short_allocation_scale"": 8.0, ""spread_hedge_ratio"": 1.0, ""stop_loss_pct"": 0.004, ""take_profit_pct"": 0.045, ""target_allocation"": 0.008, ""threshold"": 0.35, ""trailing_stop_cap_pct"": 0.012, ""trailing_stop_floor_pct"": 0.004, ""trailing_stop_rv_multiple"": 0.8}",fresh_calendar_teacher_fade_both_lb168_fast72_z035_ret90_h168_fl0_xr125,68,0,0.007839279247294566,34,-15.645962778749709,-6.732287844703636,-0.00783927924729455,0.0027675997726615224,"{""cooldown"": 1418, ""signal_missing"": 109}",False,False,366,0,0.05265374048071317,183,-15.645783031108083,-5.990034177682458,-0.05265374048071314,0.003457202879306832,64,0,0.008087777128960822,32,-16.687794266070767,-7.447757315327849,-0.008087777128960805,0.0030123100517906996
"train_positive,val_positive,oos_return_beats_incumbent,oos_mdd_beats_shadow,oos_sharpe_gt_1",calendar_teacher_state_fade,"{""adaptive_lookback_bars"": 72, ""allow_long"": true, ""allow_short"": true, ""broad_min_abs"": 0.006, ""calendar_long_months"": [], ""calendar_long_symbol"": """", ""calendar_short_months"": [], ""calendar_short_symbol"": """", ""calendar_veto_flow_abs"": 0.0, ""calendar_veto_funding_abs"": 0.0, ""calendar_veto_market_ret_abs"": 0.0, ""calendar_veto_resid_z"": 0.0, ""compression_lookback_bars"": 24, ""compression_quantile"": 0.0, ""cooldown_bars"": 42, ""entry_days_of_month"": [], ""entry_hours"": [], ""external_risk_max"": 0.0, ""family"": ""calendar_teacher_state_fade"", ""flow_lookback_bars"": 6, ""flow_persistence_bars"": 0, ""flow_persistence_threshold"": 0.0, ""flow_threshold"": 0.0, ""funding_abs_cap"": 0.00025, ""funding_rank_min"": 0.0001, ""hold_bars"": 168, ""long_allocation_scale"": 6.0, ""lookback_bars"": 168, ""max_order_value"": 175.0, ""max_rv"": 0.0, ""min_abs_return"": 0.009, ""name"": ""fresh_calendar_teacher_fade_both_lb168_fast72_z075_ret90_h168_fl0"", ""oi_rank_min"": 0.012, ""primary_symbol"": """", ""rv_lookback_bars"": 24, ""secondary_symbol"": """", ""sharpe_lookback_bars"": 24, ""sharpe_rank_min"": 0.75, ""short_allocation_scale"": 8.0, ""spread_hedge_ratio"": 1.0, ""stop_loss_pct"": 0.004, ""take_profit_pct"": 0.045, ""target_allocation"": 0.008, ""threshold"": 0.75, ""trailing_stop_cap_pct"": 0.012, ""trailing_stop_floor_pct"": 0.004, ""trailing_stop_rv_multiple"": 0.8}",fresh_calendar_teacher_fade_both_lb168_fast72_z075_ret90_h168_fl0,66,0,0.007848573648433292,33,-15.129287067754301,-6.345888377403276,-0.007848573648433277,0.002865504092924449,"{""cooldown"": 1368, ""signal_missing"": 149, ""teacher_state_rank_gap_too_small"": 12}",False,False,344,0,0.047536571686164826,172,-14.183337374308557,-5.118901896627016,-0.047536571686164875,0.0034338249111022885,60,0,0.008066522031272469,30,-16.801917205131208,-7.456476084882783,-0.00806652203127245,0.0029839593695502823
"train_positive,val_positive,oos_return_beats_incumbent,oos_mdd_beats_shadow,oos_sharpe_gt_1",calendar_teacher_state_fade,"{""adaptive_lookback_bars"": 72, ""allow_long"": true, ""allow_short"": true, ""broad_min_abs"": 0.006, ""calendar_long_months"": [], ""calendar_long_symbol"": """", ""calendar_short_months"": [], ""calendar_short_symbol"": """", ""calendar_veto_flow_abs"": 0.0, ""calendar_veto_funding_abs"": 0.0, ""calendar_veto_market_ret_abs"": 0.0, ""calendar_veto_resid_z"": 0.0, ""compression_lookback_bars"": 24, ""compression_quantile"": 0.0, ""cooldown_bars"": 42, ""entry_days_of_month"": [], ""entry_hours"": [], ""external_risk_max"": 1.25, ""family"": ""calendar_teacher_state_fade"", ""flow_lookback_bars"": 6, ""flow_persistence_bars"": 0, ""flow_persistence_threshold"": 0.0, ""flow_threshold"": 0.0, ""funding_abs_cap"": 0.00025, ""funding_rank_min"": 0.0001, ""hold_bars"": 168, ""long_allocation_scale"": 6.0, ""lookback_bars"": 168, ""max_order_value"": 175.0, ""max_rv"": 0.0, ""min_abs_return"": 0.003, ""name"": ""fresh_calendar_teacher_fade_both_lb168_fast72_z050_ret30_h168_fl0_xr125"", ""oi_rank_min"": 0.012, ""primary_symbol"": """", ""rv_lookback_bars"": 24, ""secondary_symbol"": """", ""sharpe_lookback_bars"": 24, ""sharpe_rank_min"": 0.5, ""short_allocation_scale"": 8.0, ""spread_hedge_ratio"": 1.0, ""stop_loss_pct"": 0.004, ""take_profit_pct"": 0.045, ""target_allocation"": 0.008, ""threshold"": 0.5, ""trailing_stop_cap_pct"": 0.012, ""trailing_stop_floor_pct"": 0.004, ""trailing_stop_rv_multiple"": 0.8}",fresh_calendar_teacher_fade_both_lb168_fast72_z050_ret30_h168_fl0_xr125,68,0,0.007852299499306534,34,-15.065411523622839,-6.3813456506972575,-0.007852299499306548,0.0028790225080125085,"{""cooldown"": 1410, ""signal_missing"": 113}",False,False,360,0,0.04927818919666988,180,-14.45012079290629,-5.45045961416474,-0.04927818919666993,0.0034970842922221928,64,0,0.008248205721559793,32,-16.854590525850508,-7.348796672144784,-0.00824820572155982,0.0030419058516435397
"train_positive,val_positive,oos_return_beats_incumbent,oos_mdd_beats_shadow,oos_sharpe_gt_1",calendar_teacher_state_fade,"{""adaptive_lookback_bars"": 24, ""allow_long"": true, ""allow_short"": true, ""broad_min_abs"": 0.006, ""calendar_long_months"": [], ""calendar_long_symbol"": """", ""calendar_short_months"": [], ""calendar_short_symbol"": """", ""calendar_veto_flow_abs"": 0.0, ""calendar_veto_funding_abs"": 0.0, ""calendar_veto_market_ret_abs"": 0.0, ""calendar_veto_resid_z"": 0.0, ""compression_lookback_bars"": 24, ""compression_quantile"": 0.0, ""cooldown_bars"": 42, ""entry_days_of_month"": [], ""entry_hours"": [], ""external_risk_max"": 0.0, ""family"": ""calendar_teacher_state_fade"", ""flow_lookback_bars"": 6, ""flow_persistence_bars"": 0, ""flow_persistence_threshold"": 0.0, ""flow_threshold"": 0.02, ""funding_abs_cap"": 0.00025, ""funding_rank_min"": 0.0001, ""hold_bars"": 168, ""long_allocation_scale"": 6.0, ""lookback_bars"": 72, ""max_order_value"": 175.0, ""max_rv"": 0.0, ""min_abs_return"": 0.006, ""name"": ""fresh_calendar_teacher_fade_both_lb72_fast24_z050_ret60_h168_fl2"", ""oi_rank_min"": 0.012, ""primary_symbol"": """", ""rv_lookback_bars"": 24, ""secondary_symbol"": """", ""sharpe_lookback_bars"": 12, ""sharpe_rank_min"": 0.5, ""short_allocation_scale"": 8.0, ""spread_hedge_ratio"": 1.0, ""stop_loss_pct"": 0.004, ""take_profit_pct"": 0.045, ""target_allocation"": 0.008, ""threshold"": 0.5, ""trailing_stop_cap_pct"": 0.012, ""trailing_stop_floor_pct"": 0.004, ""trailing_stop_rv_multiple"": 0.8}",fresh_calendar_teacher_fade_both_lb72_fast24_z050_ret60_h168_fl2,68,0,0.007859207664597306,34,-15.561512923007504,-6.8736827068360835,-0.007859207664597356,0.00278971750314624,"{""cooldown"": 1412, ""signal_missing"": 86, ""teacher_state_rank_gap_too_small"": 7}",False,False,382,0,0.05045220268710455,191,-15.704616803924027,-5.899229245096656,-0.0504522026871046,0.003296465923443709,62,0,0.008789036155154825,31,-16.475820376408812,-6.536166468345068,-0.008781399488196784,0.0033138528453428373
"train_positive,val_positive,oos_return_beats_incumbent,oos_mdd_beats_shadow,oos_sharpe_gt_1",calendar_teacher_state_fade,"{""adaptive_lookback_bars"": 72, ""allow_long"": true, ""allow_short"": true, ""broad_min_abs"": 0.006, ""calendar_long_months"": [], ""calendar_long_symbol"": """", ""calendar_short_months"": [], ""calendar_short_symbol"": """", ""calendar_veto_flow_abs"": 0.0, ""calendar_veto_funding_abs"": 0.0, ""calendar_veto_market_ret_abs"": 0.0, ""calendar_veto_resid_z"": 0.0, ""compression_lookback_bars"": 24, ""compression_quantile"": 0.0, ""cooldown_bars"": 42, ""entry_days_of_month"": [], ""entry_hours"": [], ""external_risk_max"": 1.25, ""family"": ""calendar_teacher_state_fade"", ""flow_lookback_bars"": 6, ""flow_persistence_bars"": 0, ""flow_persistence_threshold"": 0.0, ""flow_threshold"": 0.0, ""funding_abs_cap"": 0.00025, ""funding_rank_min"": 0.0001, ""hold_bars"": 168, ""long_allocation_scale"": 6.0, ""lookback_bars"": 168, ""max_order_value"": 175.0, ""max_rv"": 0.0, ""min_abs_return"": 0.006, ""name"": ""fresh_calendar_teacher_fade_both_lb168_fast72_z050_ret60_h168_fl0_xr125"", ""oi_rank_min"": 0.012, ""primary_symbol"": """", ""rv_lookback_bars"": 24, ""secondary_symbol"": """", ""sharpe_lookback_bars"": 24, ""sharpe_rank_min"": 0.5, ""short_allocation_scale"": 8.0, ""spread_hedge_ratio"": 1.0, ""stop_loss_pct"": 0.004, ""take_profit_pct"": 0.045, ""target_allocation"": 0.008, ""threshold"": 0.5, ""trailing_stop_cap_pct"": 0.012, ""trailing_stop_floor_pct"": 0.004, ""trailing_stop_rv_multiple"": 0.8}",fresh_calendar_teacher_fade_both_lb168_fast72_z050_ret60_h168_fl0_xr125,68,0,0.007860754835473872,34,-15.076033086269396,-6.336495354952881,-0.007860754835473882,0.002880104420860414,"{""cooldown"": 1410, ""signal_missing"": 110}",False,False,362,0,0.04993089702739071,181,-14.596369492536834,-5.576335985976021,-0.04993089702739073,0.003509098466161999,64,0,0.008305201078411314,32,-16.906645189948318,-7.420614852313595,-0.008305201078411262,0.003053582285589555
"train_positive,val_positive,oos_return_beats_incumbent,oos_mdd_beats_shadow,oos_sharpe_gt_1",calendar_teacher_state_fade,"{""adaptive_lookback_bars"": 72, ""allow_long"": true, ""allow_short"": true, ""broad_min_abs"": 0.006, ""calendar_long_months"": [], ""calendar_long_symbol"": """", ""calendar_short_months"": [], ""calendar_short_symbol"": """", ""calendar_veto_flow_abs"": 0.0, ""calendar_veto_funding_abs"": 0.0, ""calendar_veto_market_ret_abs"": 0.0, ""calendar_veto_resid_z"": 0.0, ""compression_lookback_bars"": 24, ""compression_quantile"": 0.0, ""cooldown_bars"": 42, ""entry_days_of_month"": [], ""entry_hours"": [], ""external_risk_max"": 0.0, ""family"": ""calendar_teacher_state_fade"", ""flow_lookback_bars"": 6, ""flow_persistence_bars"": 0, ""flow_persistence_threshold"": 0.0, ""flow_threshold"": 0.0, ""funding_abs_cap"": 0.00025, ""funding_rank_min"": 0.0001, ""hold_bars"": 168, ""long_allocation_scale"": 6.0, ""lookback_bars"": 168, ""max_order_value"": 175.0, ""max_rv"": 0.0, ""min_abs_return"": 0.006, ""name"": ""fresh_calendar_teacher_fade_both_lb168_fast72_z035_ret60_h168_fl0"", ""oi_rank_min"": 0.012, ""primary_symbol"": """", ""rv_lookback_bars"": 24, ""secondary_symbol"": """", ""sharpe_lookback_bars"": 24, ""sharpe_rank_min"": 0.5, ""short_allocation_scale"": 8.0, ""spread_hedge_ratio"": 1.0, ""stop_loss_pct"": 0.004, ""take_profit_pct"": 0.045, ""target_allocation"": 0.008, ""threshold"": 0.35, ""trailing_stop_cap_pct"": 0.012, ""trailing_stop_floor_pct"": 0.004, ""trailing_stop_rv_multiple"": 0.8}",fresh_calendar_teacher_fade_both_lb168_fast72_z035_ret60_h168_fl0,68,0,0.007862085507800253,34,-15.454884734071356,-6.647825619392627,-0.00786208550780021,0.0028099937132927844,"{""cooldown"": 1410, ""signal_missing"": 109}",False,False,366,0,0.05319671108482598,183,-15.63487210649618,-5.911183925243519,-0.05319671108482593,0.003496279671063029,64,0,0.008008915929321054,32,-16.747811525480824,-7.478738587850268,-0.00800891592932107,0.0029721350263164285
"train_positive,val_positive,oos_return_beats_incumbent,oos_mdd_beats_shadow,oos_sharpe_gt_1",calendar_teacher_state_fade,"{""adaptive_lookback_bars"": 72, ""allow_long"": true, ""allow_short"": true, ""broad_min_abs"": 0.006, ""calendar_long_months"": [], ""calendar_long_symbol"": """", ""calendar_short_months"": [], ""calendar_short_symbol"": """", ""calendar_veto_flow_abs"": 0.0, ""calendar_veto_funding_abs"": 0.0, ""calendar_veto_market_ret_abs"": 0.0, ""calendar_veto_resid_z"": 0.0, ""compression_lookback_bars"": 24, ""compression_quantile"": 0.0, ""cooldown_bars"": 42, ""entry_days_of_month"": [], ""entry_hours"": [], ""external_risk_max"": 0.0, ""family"": ""calendar_teacher_state_fade"", ""flow_lookback_bars"": 6, ""flow_persistence_bars"": 0, ""flow_persistence_threshold"": 0.0, ""flow_threshold"": 0.0, ""funding_abs_cap"": 0.00025, ""funding_rank_min"": 0.0001, ""hold_bars"": 168, ""long_allocation_scale"": 6.0, ""lookback_bars"": 168, ""max_order_value"": 175.0, ""max_rv"": 0.0, ""min_abs_return"": 0.003, ""name"": ""fresh_calendar_teacher_fade_both_lb168_fast72_z050_ret30_h168_fl0"", ""oi_rank_min"": 0.012, ""primary_symbol"": """", ""rv_lookback_bars"": 24, ""secondary_symbol"": """", ""sharpe_lookback_bars"": 24, ""sharpe_rank_min"": 0.5, ""short_allocation_scale"": 8.0, ""spread_hedge_ratio"": 1.0, ""stop_loss_pct"": 0.004, ""take_profit_pct"": 0.045, ""target_allocation"": 0.008, ""threshold"": 0.5, ""trailing_stop_cap_pct"": 0.012, ""trailing_stop_floor_pct"": 0.004, ""trailing_stop_rv_multiple"": 0.8}",fresh_calendar_teacher_fade_both_lb168_fast72_z050_ret30_h168_fl0,68,0,0.007863930226964877,34,-15.085822080672076,-6.406553804098083,-0.007863930226964855,0.0028794030803576637,"{""cooldown"": 1410, ""signal_missing"": 113}",False,False,360,0,0.04929687284520423,180,-14.460344028975827,-5.461897080699681,-0.04929687284520423,0.0034959713701843095,64,0,0.00813733878239643,32,-16.860907652456767,-7.391633235753733,-0.00813733878239642,0.002999730731028989
"train_positive,val_positive,oos_return_beats_incumbent,oos_mdd_beats_shadow,oos_sharpe_gt_1",calendar_teacher_state_fade,"{""adaptive_lookback_bars"": 72, ""allow_long"": true, ""allow_short"": true, ""broad_min_abs"": 0.006, ""calendar_long_months"": [], ""calendar_long_symbol"": """", ""calendar_short_months"": [], ""calendar_short_symbol"": """", ""calendar_veto_flow_abs"": 0.0, ""calendar_veto_funding_abs"": 0.0, ""calendar_veto_market_ret_abs"": 0.0, ""calendar_veto_resid_z"": 0.0, ""compression_lookback_bars"": 24, ""compression_quantile"": 0.0, ""cooldown_bars"": 42, ""entry_days_of_month"": [], ""entry_hours"": [], ""external_risk_max"": 0.0, ""family"": ""calendar_teacher_state_fade"", ""flow_lookback_bars"": 6, ""flow_persistence_bars"": 0, ""flow_persistence_threshold"": 0.0, ""flow_threshold"": 0.02, ""funding_abs_cap"": 0.00025, ""funding_rank_min"": 0.0001, ""hold_bars"": 168, ""long_allocation_scale"": 6.0, ""lookback_bars"": 168, ""max_order_value"": 175.0, ""max_rv"": 0.0, ""min_abs_return"": 0.003, ""name"": ""fresh_calendar_teacher_fade_both_lb168_fast72_z035_ret30_h168_fl2"", ""oi_rank_min"": 0.012, ""primary_symbol"": """", ""rv_lookback_bars"": 24, ""secondary_symbol"": """", ""sharpe_lookback_bars"": 24, ""sharpe_rank_min"": 0.5, ""short_allocation_scale"": 8.0, ""spread_hedge_ratio"": 1.0, ""stop_loss_pct"": 0.004, ""take_profit_pct"": 0.045, ""target_allocation"": 0.008, ""threshold"": 0.35, ""trailing_stop_cap_pct"": 0.012, ""trailing_stop_floor_pct"": 0.004, ""trailing_stop_rv_multiple"": 0.8}",fresh_calendar_teacher_fade_both_lb168_fast72_z035_ret30_h168_fl2,68,0,0.007869342316781451,34,-15.018362859710079,-6.421177143155565,-0.007869342316781491,0.002894332489739921,"{""cooldown"": 1410, ""signal_missing"": 104}",False,False,364,0,0.04721577312097306,182,-15.825839340854042,-6.1768242014181185,-0.047215773120973026,0.0030562381198714185,62,0,0.00838650358290466,31,-16.07262767261019,-6.603248033451973,-0.008386503582904714,0.003243576409776909
"train_positive,val_positive,oos_return_beats_incumbent,oos_mdd_beats_shadow,oos_sharpe_gt_1",calendar_teacher_state_fade,"{""adaptive_lookback_bars"": 72, ""allow_long"": true, ""allow_short"": true, ""broad_min_abs"": 0.006, ""calendar_long_months"": [], ""calendar_long_symbol"": """", ""calendar_short_months"": [], ""calendar_short_symbol"": """", ""calendar_veto_flow_abs"": 0.0, ""calendar_veto_funding_abs"": 0.0, ""calendar_veto_market_ret_abs"": 0.0, ""calendar_veto_resid_z"": 0.0, ""compression_lookback_bars"": 24, ""compression_quantile"": 0.0, ""cooldown_bars"": 42, ""entry_days_of_month"": [], ""entry_hours"": [], ""external_risk_max"": 0.0, ""family"": ""calendar_teacher_state_fade"", ""flow_lookback_bars"": 6, ""flow_persistence_bars"": 0, ""flow_persistence_threshold"": 0.0, ""flow_threshold"": 0.0, ""funding_abs_cap"": 0.00025, ""funding_rank_min"": 0.0001, ""hold_bars"": 168, ""long_allocation_scale"": 6.0, ""lookback_bars"": 168, ""max_order_value"": 175.0, ""max_rv"": 0.0, ""min_abs_return"": 0.006, ""name"": ""fresh_calendar_teacher_fade_both_lb168_fast72_z050_ret60_h168_fl0"", ""oi_rank_min"": 0.012, ""primary_symbol"": """", ""rv_lookback_bars"": 24, ""secondary_symbol"": """", ""sharpe_lookback_bars"": 24, ""sharpe_rank_min"": 0.5, ""short_allocation_scale"": 8.0, ""spread_hedge_ratio"": 1.0, ""stop_loss_pct"": 0.004, ""take_profit_pct"": 0.045, ""target_allocation"": 0.008, ""threshold"": 0.5, ""trailing_stop_cap_pct"": 0.012, ""trailing_stop_floor_pct"": 0.004, ""trailing_stop_rv_multiple"": 0.8}",fresh_calendar_teacher_fade_both_lb168_fast72_z050_ret60_h168_fl0,68,0,0.007872385473576304,34,-15.096435943233713,-6.3605110422158715,-0.007872385473576271,0.0028804847354156828,"{""cooldown"": 1410, ""signal_missing"": 110}",False,False,362,0,0.05039135011517483,181,-14.612557581267424,-5.564212144995775,-0.050391350115174816,0.003538382414533927,64,0,0.008194334139247587,32,-16.91271055668884,-7.4636183026933995,-0.008194334139247639,0.0030115750887625852
"train_positive,val_positive,oos_return_beats_incumbent,oos_mdd_beats_shadow,oos_sharpe_gt_1",calendar_teacher_state_fade,"{""adaptive_lookback_bars"": 72, ""allow_long"": true, ""allow_short"": true, ""broad_min_abs"": 0.006, ""calendar_long_months"": [], ""calendar_long_symbol"": """", ""calendar_short_months"": [], ""calendar_short_symbol"": """", ""calendar_veto_flow_abs"": 0.0, ""calendar_veto_funding_abs"": 0.0, ""calendar_veto_market_ret_abs"": 0.0, ""calendar_veto_resid_z"": 0.0, ""compression_lookback_bars"": 24, ""compression_quantile"": 0.0, ""cooldown_bars"": 42, ""entry_days_of_month"": [], ""entry_hours"": [], ""external_risk_max"": 1.25, ""family"": ""calendar_teacher_state_fade"", ""flow_lookback_bars"": 6, ""flow_persistence_bars"": 0, ""flow_persistence_threshold"": 0.0, ""flow_threshold"": 0.02, ""funding_abs_cap"": 0.00025, ""funding_rank_min"": 0.0001, ""hold_bars"": 168, ""long_allocation_scale"": 6.0, ""lookback_bars"": 168, ""max_order_value"": 175.0, ""max_rv"": 0.0, ""min_abs_return"": 0.006, ""name"": ""fresh_calendar_teacher_fade_both_lb168_fast72_z075_ret60_h168_fl2_xr125"", ""oi_rank_min"": 0.012, ""primary_symbol"": """", ""rv_lookback_bars"": 24, ""secondary_symbol"": """", ""sharpe_lookback_bars"": 24, ""sharpe_rank_min"": 0.75, ""short_allocation_scale"": 8.0, ""spread_hedge_ratio"": 1.0, ""stop_loss_pct"": 0.004, ""take_profit_pct"": 0.045, ""target_allocation"": 0.008, ""threshold"": 0.75, ""trailing_stop_cap_pct"": 0.012, ""trailing_stop_floor_pct"": 0.004, ""trailing_stop_rv_multiple"": 0.8}",fresh_calendar_teacher_fade_both_lb168_fast72_z075_ret60_h168_fl2_xr125,66,0,0.007882219862888366,33,-15.805517703326682,-6.544972318779651,-0.007882219862888395,0.0027547310687889167,"{""cooldown"": 1368, ""signal_missing"": 146, ""teacher_state_rank_gap_too_small"": 12}",False,False,340,0,0.04523085471854047,170,-14.690885863199188,-5.354054226579467,-0.04523085471854049,0.003150654037348659,58,0,0.007419901104226456,29,-16.24868310540737,-6.864813243477262,-0.007419901104226412,0.0028372969535805062
"train_positive,val_positive,oos_return_beats_incumbent,oos_mdd_beats_shadow,oos_sharpe_gt_1",calendar_teacher_state_fade,"{""adaptive_lookback_bars"": 72, ""allow_long"": true, ""allow_short"": true, ""broad_min_abs"": 0.006, ""calendar_long_months"": [], ""calendar_long_symbol"": """", ""calendar_short_months"": [], ""calendar_short_symbol"": """", ""calendar_veto_flow_abs"": 0.0, ""calendar_veto_funding_abs"": 0.0, ""calendar_veto_market_ret_abs"": 0.0, ""calendar_veto_resid_z"": 0.0, ""compression_lookback_bars"": 24, ""compression_quantile"": 0.0, ""cooldown_bars"": 42, ""entry_days_of_month"": [], ""entry_hours"": [], ""external_risk_max"": 0.0, ""family"": ""calendar_teacher_state_fade"", ""flow_lookback_bars"": 6, ""flow_persistence_bars"": 0, ""flow_persistence_threshold"": 0.0, ""flow_threshold"": 0.02, ""funding_abs_cap"": 0.00025, ""funding_rank_min"": 0.0001, ""hold_bars"": 168, ""long_allocation_scale"": 6.0, ""lookback_bars"": 168, ""max_order_value"": 175.0, ""max_rv"": 0.0, ""min_abs_return"": 0.006, ""name"": ""fresh_calendar_teacher_fade_both_lb168_fast72_z075_ret60_h168_fl2"", ""oi_rank_min"": 0.012, ""primary_symbol"": """", ""rv_lookback_bars"": 24, ""secondary_symbol"": """", ""sharpe_lookback_bars"": 24, ""sharpe_rank_min"": 0.75, ""short_allocation_scale"": 8.0, ""spread_hedge_ratio"": 1.0, ""stop_loss_pct"": 0.004, ""take_profit_pct"": 0.045, ""target_allocation"": 0.008, ""threshold"": 0.75, ""trailing_stop_cap_pct"": 0.012, ""trailing_stop_floor_pct"": 0.004, ""trailing_stop_rv_multiple"": 0.8}",fresh_calendar_teacher_fade_both_lb168_fast72_z075_ret60_h168_fl2,66,0,0.007901305432264394,33,-15.935438171125462,-6.722314299598938,-0.007901305432264416,0.002738917315345507,"{""cooldown"": 1368, ""signal_missing"": 146, ""teacher_state_rank_gap_too_small"": 12}",False,False,340,0,0.045502658429889015,170,-14.662062843109739,-5.312545211742077,-0.04550265842988899,0.0031762631142084386,58,0,0.007419901104226456,29,-16.24868310540737,-6.864813243477262,-0.007419901104226412,0.0028372969535805062
"train_positive,val_positive,oos_return_beats_incumbent,oos_mdd_beats_shadow,oos_sharpe_gt_1",calendar_teacher_state_fade,"{""adaptive_lookback_bars"": 24, ""allow_long"": true, ""allow_short"": true, ""broad_min_abs"": 0.006, ""calendar_long_months"": [], ""calendar_long_symbol"": """", ""calendar_short_months"": [], ""calendar_short_symbol"": """", ""calendar_veto_flow_abs"": 0.0, ""calendar_veto_funding_abs"": 0.0, ""calendar_veto_market_ret_abs"": 0.0, ""calendar_veto_resid_z"": 0.0, ""compression_lookback_bars"": 24, ""compression_quantile"": 0.0, ""cooldown_bars"": 42, ""entry_days_of_month"": [], ""entry_hours"": [], ""external_risk_max"": 0.0, ""family"": ""calendar_teacher_state_fade"", ""flow_lookback_bars"": 6, ""flow_persistence_bars"": 0, ""flow_persistence_threshold"": 0.0, ""flow_threshold"": 0.02, ""funding_abs_cap"": 0.00025, ""funding_rank_min"": 0.0001, ""hold_bars"": 168, ""long_allocation_scale"": 6.0, ""lookback_bars"": 72, ""max_order_value"": 175.0, ""max_rv"": 0.0, ""min_abs_return"": 0.009, ""name"": ""fresh_calendar_teacher_fade_both_lb72_fast24_z035_ret90_h168_fl2"", ""oi_rank_min"": 0.012, ""primary_symbol"": """", ""rv_lookback_bars"": 24, ""secondary_symbol"": """", ""sharpe_lookback_bars"": 12, ""sharpe_rank_min"": 0.5, ""short_allocation_scale"": 8.0, ""spread_hedge_ratio"": 1.0, ""stop_loss_pct"": 0.004, ""take_profit_pct"": 0.045, ""target_allocation"": 0.008, ""threshold"": 0.35, ""trailing_stop_cap_pct"": 0.012, ""trailing_stop_floor_pct"": 0.004, ""trailing_stop_rv_multiple"": 0.8}",fresh_calendar_teacher_fade_both_lb72_fast24_z035_ret90_h168_fl2,68,0,0.007915332367453266,34,-16.037413915166553,-7.049813644362978,-0.007915332367453232,0.002726354780291595,"{""cooldown"": 1422, ""signal_missing"": 99, ""teacher_state_rank_gap_too_small"": 9}",False,False,384,0,0.050448307909379035,192,-15.920288275731505,-5.967441248930795,-0.05044830790937904,0.00325156040648846,62,0,0.007724194830336537,31,-14.947495601061409,-5.764505786227139,-0.007724194830336484,0.003211199960725381
"train_positive,val_positive,oos_return_beats_incumbent,oos_mdd_beats_shadow,oos_sharpe_gt_1",calendar_teacher_state_fade,"{""adaptive_lookback_bars"": 24, ""allow_long"": true, ""allow_short"": true, ""broad_min_abs"": 0.006, ""calendar_long_months"": [], ""calendar_long_symbol"": """", ""calendar_short_months"": [], ""calendar_short_symbol"": """", ""calendar_veto_flow_abs"": 0.0, ""calendar_veto_funding_abs"": 0.0, ""calendar_veto_market_ret_abs"": 0.0, ""calendar_veto_resid_z"": 0.0, ""compression_lookback_bars"": 24, ""compression_quantile"": 0.0, ""cooldown_bars"": 42, ""entry_days_of_month"": [], ""entry_hours"": [], ""external_risk_max"": 1.25, ""family"": ""calendar_teacher_state_fade"", ""flow_lookback_bars"": 6, ""flow_persistence_bars"": 0, ""flow_persistence_threshold"": 0.0, ""flow_threshold"": 0.0, ""funding_abs_cap"": 0.00025, ""funding_rank_min"": 0.0001, ""hold_bars"": 168, ""long_allocation_scale"": 6.0, ""lookback_bars"": 72, ""max_order_value"": 175.0, ""max_rv"": 0.0, ""min_abs_return"": 0.009, ""name"": ""fresh_calendar_teacher_fade_both_lb72_fast24_z035_ret90_h168_fl0_xr125"", ""oi_rank_min"": 0.012, ""primary_symbol"": """", ""rv_lookback_bars"": 24, ""secondary_symbol"": """", ""sharpe_lookback_bars"": 12, ""sharpe_rank_min"": 0.5, ""short_allocation_scale"": 8.0, ""spread_hedge_ratio"": 1.0, ""stop_loss_pct"": 0.004, ""take_profit_pct"": 0.045, ""target_allocation"": 0.008, ""threshold"": 0.35, ""trailing_stop_cap_pct"": 0.012, ""trailing_stop_floor_pct"": 0.004, ""trailing_stop_rv_multiple"": 0.8}",fresh_calendar_teacher_fade_both_lb72_fast24_z035_ret90_h168_fl0_xr125,68,0,0.007917462467588121,34,-16.161931259939976,-6.950535737440039,-0.007917462467588066,0.002706084364708105,"{""cooldown"": 1422, ""signal_missing"": 101, ""teacher_state_rank_gap_too_small"": 9}",False,False,386,0,0.05332774354540652,193,-15.552162247394282,-5.5249422208017425,-0.05332774354540648,0.0035237677519924064,62,0,0.007437708522668972,31,-15.02742853658451,-5.92517695674989,-0.0074377085226690065,0.0030752235984654723
"train_positive,val_positive,oos_return_beats_incumbent,oos_mdd_beats_shadow,oos_sharpe_gt_1",calendar_teacher_state_fade,"{""adaptive_lookback_bars"": 72, ""allow_long"": true, ""allow_short"": true, ""broad_min_abs"": 0.006, ""calendar_long_months"": [], ""calendar_long_symbol"": """", ""calendar_short_months"": [], ""calendar_short_symbol"": """", ""calendar_veto_flow_abs"": 0.0, ""calendar_veto_funding_abs"": 0.0, ""calendar_veto_market_ret_abs"": 0.0, ""calendar_veto_resid_z"": 0.0, ""compression_lookback_bars"": 24, ""compression_quantile"": 0.0, ""cooldown_bars"": 42, ""entry_days_of_month"": [], ""entry_hours"": [], ""external_risk_max"": 1.25, ""family"": ""calendar_teacher_state_fade"", ""flow_lookback_bars"": 6, ""flow_persistence_bars"": 0, ""flow_persistence_threshold"": 0.0, ""flow_threshold"": 0.0, ""funding_abs_cap"": 0.00025, ""funding_rank_min"": 0.0001, ""hold_bars"": 168, ""long_allocation_scale"": 6.0, ""lookback_bars"": 168, ""max_order_value"": 175.0, ""max_rv"": 0.0, ""min_abs_return"": 0.006, ""name"": ""fresh_calendar_teacher_fade_both_lb168_fast72_z035_ret60_h168_fl0_xr125"", ""oi_rank_min"": 0.012, ""primary_symbol"": """", ""rv_lookback_bars"": 24, ""secondary_symbol"": """", ""sharpe_lookback_bars"": 24, ""sharpe_rank_min"": 0.5, ""short_allocation_scale"": 8.0, ""spread_hedge_ratio"": 1.0, ""stop_loss_pct"": 0.004, ""take_profit_pct"": 0.045, ""target_allocation"": 0.008, ""threshold"": 0.35, ""trailing_stop_cap_pct"": 0.012, ""trailing_stop_floor_pct"": 0.004, ""trailing_stop_rv_multiple"": 0.8}",fresh_calendar_teacher_fade_both_lb168_fast72_z035_ret60_h168_fl0_xr125,68,0,0.007935644729752105,34,-15.355079413835696,-6.47126066049525,-0.007935644729752056,0.0028548196956197877,"{""cooldown"": 1410, ""signal_missing"": 109}",False,False,366,0,0.05273745012009458,183,-15.627906382440138,-5.9259706306909194,-0.052737450120094564,0.003466810411564308,64,0,0.008119754922195863,32,-16.740763300212613,-7.427249826737914,-0.008119754922195854,0.0030147005297402967
"train_positive,val_positive,oos_return_beats_incumbent,oos_mdd_beats_shadow,oos_sharpe_gt_1",calendar_teacher_state_fade,"{""adaptive_lookback_bars"": 72, ""allow_long"": true, ""allow_short"": true, ""broad_min_abs"": 0.006, ""calendar_long_months"": [], ""calendar_long_symbol"": """", ""calendar_short_months"": [], ""calendar_short_symbol"": """", ""calendar_veto_flow_abs"": 0.0, ""calendar_veto_funding_abs"": 0.0, ""calendar_veto_market_ret_abs"": 0.0, ""calendar_veto_resid_z"": 0.0, ""compression_lookback_bars"": 24, ""compression_quantile"": 0.0, ""cooldown_bars"": 42, ""entry_days_of_month"": [], ""entry_hours"": [], ""external_risk_max"": 1.25, ""family"": ""calendar_teacher_state_fade"", ""flow_lookback_bars"": 6, ""flow_persistence_bars"": 0, ""flow_persistence_threshold"": 0.0, ""flow_threshold"": 0.0, ""funding_abs_cap"": 0.00025, ""funding_rank_min"": 0.0001, ""hold_bars"": 168, ""long_allocation_scale"": 6.0, ""lookback_bars"": 168, ""max_order_value"": 175.0, ""max_rv"": 0.0, ""min_abs_return"": 0.006, ""name"": ""fresh_calendar_teacher_fade_both_lb168_fast72_z075_ret60_h168_fl0_xr125"", ""oi_rank_min"": 0.012, ""primary_symbol"": """", ""rv_lookback_bars"": 24, ""secondary_symbol"": """", ""sharpe_lookback_bars"": 24, ""sharpe_rank_min"": 0.75, ""short_allocation_scale"": 8.0, ""spread_hedge_ratio"": 1.0, ""stop_loss_pct"": 0.004, ""take_profit_pct"": 0.045, ""target_allocation"": 0.008, ""threshold"": 0.75, ""trailing_stop_cap_pct"": 0.012, ""trailing_stop_floor_pct"": 0.004, ""trailing_stop_rv_multiple"": 0.8}",fresh_calendar_teacher_fade_both_lb168_fast72_z075_ret60_h168_fl0_xr125,66,0,0.007948512611188499,33,-15.324205636204372,-6.388318771218567,-0.007948512611188452,0.0028652268575403927,"{""cooldown"": 1368, ""signal_missing"": 144, ""teacher_state_rank_gap_too_small"": 12}",False,False,346,0,0.04661498793098963,173,-14.326137980523061,-5.196531876279257,-0.046614987930989615,0.003332107019034616,60,0,0.00814563615929112,30,-16.770613297587346,-7.379112769624271,-0.008145636159291092,0.0030189661469803833
"train_positive,val_positive,oos_return_beats_incumbent,oos_mdd_beats_shadow,oos_sharpe_gt_1",calendar_teacher_state_fade,"{""adaptive_lookback_bars"": 72, ""allow_long"": true, ""allow_short"": true, ""broad_min_abs"": 0.006, ""calendar_long_months"": [], ""calendar_long_symbol"": """", ""calendar_short_months"": [], ""calendar_short_symbol"": """", ""calendar_veto_flow_abs"": 0.0, ""calendar_veto_funding_abs"": 0.0, ""calendar_veto_market_ret_abs"": 0.0, ""calendar_veto_resid_z"": 0.0, ""compression_lookback_bars"": 24, ""compression_quantile"": 0.0, ""cooldown_bars"": 42, ""entry_days_of_month"": [], ""entry_hours"": [], ""external_risk_max"": 0.0, ""family"": ""calendar_teacher_state_fade"", ""flow_lookback_bars"": 6, ""flow_persistence_bars"": 0, ""flow_persistence_threshold"": 0.0, ""flow_threshold"": 0.0, ""funding_abs_cap"": 0.00025, ""funding_rank_min"": 0.0001, ""hold_bars"": 168, ""long_allocation_scale"": 6.0, ""lookback_bars"": 168, ""max_order_value"": 175.0, ""max_rv"": 0.0, ""min_abs_return"": 0.006, ""name"": ""fresh_calendar_teacher_fade_both_lb168_fast72_z075_ret60_h168_fl0"", ""oi_rank_min"": 0.012, ""primary_symbol"": """", ""rv_lookback_bars"": 24, ""secondary_symbol"": """", ""sharpe_lookback_bars"": 24, ""sharpe_rank_min"": 0.75, ""short_allocation_scale"": 8.0, ""spread_hedge_ratio"": 1.0, ""stop_loss_pct"": 0.004, ""take_profit_pct"": 0.045, ""target_allocation"": 0.008, ""threshold"": 0.75, ""trailing_stop_cap_pct"": 0.012, ""trailing_stop_floor_pct"": 0.004, ""trailing_stop_rv_multiple"": 0.8}",fresh_calendar_teacher_fade_both_lb168_fast72_z075_ret60_h168_fl0,66,0,0.007960112640949406,33,-15.34464565361081,-6.412891218930287,-0.007960112640949424,0.002865603172022538,"{""cooldown"": 1368, ""signal_missing"": 144, ""teacher_state_rank_gap_too_small"": 12}",False,False,346,0,0.04669712628691996,173,-14.336273708682718,-5.204788465280939,-0.04669712628691991,0.0033357608282728836,60,0,0.008034797166416127,30,-16.777716999249805,-7.411317781874371,-0.008034797166416086,0.0029764636647843694
"train_positive,val_positive,oos_return_beats_incumbent,oos_mdd_beats_shadow,oos_sharpe_gt_1",calendar_teacher_state_fade,"{""adaptive_lookback_bars"": 72, ""allow_long"": true, ""allow_short"": true, ""broad_min_abs"": 0.006, ""calendar_long_months"": [], ""calendar_long_symbol"": """", ""calendar_short_months"": [], ""calendar_short_symbol"": """", ""calendar_veto_flow_abs"": 0.0, ""calendar_veto_funding_abs"": 0.0, ""calendar_veto_market_ret_abs"": 0.0, ""calendar_veto_resid_z"": 0.0, ""compression_lookback_bars"": 24, ""compression_quantile"": 0.0, ""cooldown_bars"": 42, ""entry_days_of_month"": [], ""entry_hours"": [], ""external_risk_max"": 0.0, ""family"": ""calendar_teacher_state_fade"", ""flow_lookback_bars"": 6, ""flow_persistence_bars"": 0, ""flow_persistence_threshold"": 0.0, ""flow_threshold"": 0.02, ""funding_abs_cap"": 0.00025, ""funding_rank_min"": 0.0001, ""hold_bars"": 168, ""long_allocation_scale"": 6.0, ""lookback_bars"": 168, ""max_order_value"": 175.0, ""max_rv"": 0.0, ""min_abs_return"": 0.003, ""name"": ""fresh_calendar_teacher_fade_both_lb168_fast72_z075_ret30_h168_fl2"", ""oi_rank_min"": 0.012, ""primary_symbol"": """", ""rv_lookback_bars"": 24, ""secondary_symbol"": """", ""sharpe_lookback_bars"": 24, ""sharpe_rank_min"": 0.75, ""short_allocation_scale"": 8.0, ""spread_hedge_ratio"": 1.0, ""stop_loss_pct"": 0.004, ""take_profit_pct"": 0.045, ""target_allocation"": 0.008, ""threshold"": 0.75, ""trailing_stop_cap_pct"": 0.012, ""trailing_stop_floor_pct"": 0.004, ""trailing_stop_rv_multiple"": 0.8}",fresh_calendar_teacher_fade_both_lb168_fast72_z075_ret30_h168_fl2,66,0,0.007985314429537073,33,-15.520765817279985,-6.656445312837297,-0.007985314429537094,0.002842096826077096,"{""cooldown"": 1368, ""signal_missing"": 147, ""teacher_state_rank_gap_too_small"": 12}",False,False,340,0,0.04613356806471511,170,-14.501755272890074,-5.163632033038737,-0.046133568064715136,0.00325695652919651,58,0,0.007308564825242704,29,-16.305185282883993,-6.993832842933636,-0.007308564825242669,0.0027848879712098606
"train_positive,val_positive,oos_return_beats_incumbent,oos_mdd_beats_shadow,oos_sharpe_gt_1",calendar_teacher_state_fade,"{""adaptive_lookback_bars"": 72, ""allow_long"": true, ""allow_short"": true, ""broad_min_abs"": 0.006, ""calendar_long_months"": [], ""calendar_long_symbol"": """", ""calendar_short_months"": [], ""calendar_short_symbol"": """", ""calendar_veto_flow_abs"": 0.0, ""calendar_veto_funding_abs"": 0.0, ""calendar_veto_market_ret_abs"": 0.0, ""calendar_veto_resid_z"": 0.0, ""compression_lookback_bars"": 24, ""compression_quantile"": 0.0, ""cooldown_bars"": 42, ""entry_days_of_month"": [], ""entry_hours"": [], ""external_risk_max"": 1.25, ""family"": ""calendar_teacher_state_fade"", ""flow_lookback_bars"": 6, ""flow_persistence_bars"": 0, ""flow_persistence_threshold"": 0.0, ""flow_threshold"": 0.02, ""funding_abs_cap"": 0.00025, ""funding_rank_min"": 0.0001, ""hold_bars"": 168, ""long_allocation_scale"": 6.0, ""lookback_bars"": 168, ""max_order_value"": 175.0, ""max_rv"": 0.0, ""min_abs_return"": 0.003, ""name"": ""fresh_calendar_teacher_fade_both_lb168_fast72_z050_ret30_h168_fl2_xr125"", ""oi_rank_min"": 0.012, ""primary_symbol"": """", ""rv_lookback_bars"": 24, ""secondary_symbol"": """", ""sharpe_lookback_bars"": 24, ""sharpe_rank_min"": 0.5, ""short_allocation_scale"": 8.0, ""spread_hedge_ratio"": 1.0, ""stop_loss_pct"": 0.004, ""take_profit_pct"": 0.045, ""target_allocation"": 0.008, ""threshold"": 0.5, ""trailing_stop_cap_pct"": 0.012, ""trailing_stop_floor_pct"": 0.004, ""trailing_stop_rv_multiple"": 0.8}",fresh_calendar_teacher_fade_both_lb168_fast72_z050_ret30_h168_fl2_xr125,68,0,0.007986747470955784,34,-15.0990109106381,-6.370701733101123,-0.007986747470955735,0.0029219952299375795,"{""cooldown"": 1410, ""signal_missing"": 113}",False,False,360,0,0.04756554203855903,180,-15.177128103569354,-5.784068213852248,-0.047565542038559006,0.0032110328907291644,60,0,0.00828403582693259,30,-16.517488512067313,-6.744775438593306,-0.008284035826932601,0.0031175144899148843
"train_positive,val_positive,oos_return_beats_incumbent,oos_mdd_beats_shadow,oos_sharpe_gt_1",calendar_teacher_state_fade,"{""adaptive_lookback_bars"": 24, ""allow_long"": true, ""allow_short"": true, ""broad_min_abs"": 0.006, ""calendar_long_months"": [], ""calendar_long_symbol"": """", ""calendar_short_months"": [], ""calendar_short_symbol"": """", ""calendar_veto_flow_abs"": 0.0, ""calendar_veto_funding_abs"": 0.0, ""calendar_veto_market_ret_abs"": 0.0, ""calendar_veto_resid_z"": 0.0, ""compression_lookback_bars"": 24, ""compression_quantile"": 0.0, ""cooldown_bars"": 42, ""entry_days_of_month"": [], ""entry_hours"": [], ""external_risk_max"": 0.0, ""family"": ""calendar_teacher_state_fade"", ""flow_lookback_bars"": 6, ""flow_persistence_bars"": 0, ""flow_persistence_threshold"": 0.0, ""flow_threshold"": 0.0, ""funding_abs_cap"": 0.00025, ""funding_rank_min"": 0.0001, ""hold_bars"": 168, ""long_allocation_scale"": 6.0, ""lookback_bars"": 72, ""max_order_value"": 175.0, ""max_rv"": 0.0, ""min_abs_return"": 0.006, ""name"": ""fresh_calendar_teacher_fade_both_lb72_fast24_z050_ret60_h168_fl0"", ""oi_rank_min"": 0.012, ""primary_symbol"": """", ""rv_lookback_bars"": 24, ""secondary_symbol"": """", ""sharpe_lookback_bars"": 12, ""sharpe_rank_min"": 0.5, ""short_allocation_scale"": 8.0, ""spread_hedge_ratio"": 1.0, ""stop_loss_pct"": 0.004, ""take_profit_pct"": 0.045, ""target_allocation"": 0.008, ""threshold"": 0.5, ""trailing_stop_cap_pct"": 0.012, ""trailing_stop_floor_pct"": 0.004, ""trailing_stop_rv_multiple"": 0.8}",fresh_calendar_teacher_fade_both_lb72_fast24_z050_ret60_h168_fl0,68,0,0.008008719166346963,34,-16.113944072606415,-6.716665020523145,-0.008008719166346934,0.0027455482700110743,"{""cooldown"": 1423, ""signal_missing"": 106, ""teacher_state_rank_gap_too_small"": 4}",False,False,384,0,0.053715862003392616,192,-15.355749548866125,-5.555997040274966,-0.05371586200339262,0.003595530283981852,64,0,0.00906325924711353,32,-16.624285955511517,-7.136485271894393,-0.009055624692874686,0.0033872818174379045
"train_positive,val_positive,oos_return_beats_incumbent,oos_mdd_beats_shadow,oos_sharpe_gt_1",calendar_teacher_state_fade,"{""adaptive_lookback_bars"": 24, ""allow_long"": true, ""allow_short"": true, ""broad_min_abs"": 0.006, ""calendar_long_months"": [], ""calendar_long_symbol"": """", ""calendar_short_months"": [], ""calendar_short_symbol"": """", ""calendar_veto_flow_abs"": 0.0, ""calendar_veto_funding_abs"": 0.0, ""calendar_veto_market_ret_abs"": 0.0, ""calendar_veto_resid_z"": 0.0, ""compression_lookback_bars"": 24, ""compression_quantile"": 0.0, ""cooldown_bars"": 42, ""entry_days_of_month"": [], ""entry_hours"": [], ""external_risk_max"": 1.25, ""family"": ""calendar_teacher_state_fade"", ""flow_lookback_bars"": 6, ""flow_persistence_bars"": 0, ""flow_persistence_threshold"": 0.0, ""flow_threshold"": 0.0, ""funding_abs_cap"": 0.00025, ""funding_rank_min"": 0.0001, ""hold_bars"": 168, ""long_allocation_scale"": 6.0, ""lookback_bars"": 72, ""max_order_value"": 175.0, ""max_rv"": 0.0, ""min_abs_return"": 0.006, ""name"": ""fresh_calendar_teacher_fade_both_lb72_fast24_z050_ret60_h168_fl0_xr125"", ""oi_rank_min"": 0.012, ""primary_symbol"": """", ""rv_lookback_bars"": 24, ""secondary_symbol"": """", ""sharpe_lookback_bars"": 12, ""sharpe_rank_min"": 0.5, ""short_allocation_scale"": 8.0, ""spread_hedge_ratio"": 1.0, ""stop_loss_pct"": 0.004, ""take_profit_pct"": 0.045, ""target_allocation"": 0.008, ""threshold"": 0.5, ""trailing_stop_cap_pct"": 0.012, ""trailing_stop_floor_pct"": 0.004, ""trailing_stop_rv_multiple"": 0.8}",fresh_calendar_teacher_fade_both_lb72_fast24_z050_ret60_h168_fl0_xr125,68,0,0.008008719166346963,34,-16.113944072606415,-6.716665020523145,-0.008008719166346934,0.0027455482700110743,"{""cooldown"": 1423, ""signal_missing"": 106, ""teacher_state_rank_gap_too_small"": 4}",False,False,384,0,0.054247701189101466,192,-15.331137314094413,-5.465818115444872,-0.054247701189101494,0.0036379660258213683,64,0,0.009327981378331551,32,-16.83993797807295,-7.481853499759189,-0.009320348863612882,0.003442114746277509
"train_positive,val_positive,oos_return_beats_incumbent,oos_mdd_beats_shadow,oos_sharpe_gt_1",calendar_teacher_state_fade,"{""adaptive_lookback_bars"": 72, ""allow_long"": true, ""allow_short"": true, ""broad_min_abs"": 0.006, ""calendar_long_months"": [], ""calendar_long_symbol"": """", ""calendar_short_months"": [], ""calendar_short_symbol"": """", ""calendar_veto_flow_abs"": 0.0, ""calendar_veto_funding_abs"": 0.0, ""calendar_veto_market_ret_abs"": 0.0, ""calendar_veto_resid_z"": 0.0, ""compression_lookback_bars"": 24, ""compression_quantile"": 0.0, ""cooldown_bars"": 30, ""entry_days_of_month"": [], ""entry_hours"": [], ""external_risk_max"": 1.25, ""family"": ""calendar_teacher_state_fade"", ""flow_lookback_bars"": 6, ""flow_persistence_bars"": 0, ""flow_persistence_threshold"": 0.0, ""flow_threshold"": 0.02, ""funding_abs_cap"": 0.00025, ""funding_rank_min"": 0.0001, ""hold_bars"": 120, ""long_allocation_scale"": 6.0, ""lookback_bars"": 336, ""max_order_value"": 175.0, ""max_rv"": 0.0, ""min_abs_return"": 0.006, ""name"": ""fresh_calendar_teacher_fade_both_lb336_fast72_z075_ret60_h120_fl2_xr125"", ""oi_rank_min"": 0.012, ""primary_symbol"": """", ""rv_lookback_bars"": 24, ""secondary_symbol"": """", ""sharpe_lookback_bars"": 24, ""sharpe_rank_min"": 0.75, ""short_allocation_scale"": 8.0, ""spread_hedge_ratio"": 1.0, ""stop_loss_pct"": 0.004, ""take_profit_pct"": 0.045, ""target_allocation"": 0.008, ""threshold"": 0.75, ""trailing_stop_cap_pct"": 0.012, ""trailing_stop_floor_pct"": 0.004, ""trailing_stop_rv_multiple"": 0.8}",fresh_calendar_teacher_fade_both_lb336_fast72_z075_ret60_h120_fl2_xr125,68,0,0.008026211416602019,34,-13.93369089798218,-6.420924914156646,-0.00802621141660198,0.0031820246138294776,"{""cooldown"": 991, ""signal_missing"": 475, ""teacher_state_rank_gap_too_small"": 71}",False,False,408,0,0.05384722270720358,204,-16.86312503423707,-6.672904781440259,-0.053847222707203546,0.003282427284347131,80,0,0.010258746290913598,40,-18.13023592774604,-9.114900155657732,-0.010170414755359958,0.0034902571287499396
"train_positive,val_positive,oos_return_beats_incumbent,oos_mdd_beats_shadow,oos_sharpe_gt_1",calendar_teacher_state_fade,"{""adaptive_lookback_bars"": 72, ""allow_long"": true, ""allow_short"": true, ""broad_min_abs"": 0.006, ""calendar_long_months"": [], ""calendar_long_symbol"": """", ""calendar_short_months"": [], ""calendar_short_symbol"": """", ""calendar_veto_flow_abs"": 0.0, ""calendar_veto_funding_abs"": 0.0, ""calendar_veto_market_ret_abs"": 0.0, ""calendar_veto_resid_z"": 0.0, ""compression_lookback_bars"": 24, ""compression_quantile"": 0.0, ""cooldown_bars"": 30, ""entry_days_of_month"": [], ""entry_hours"": [], ""external_risk_max"": 0.0, ""family"": ""calendar_teacher_state_fade"", ""flow_lookback_bars"": 6, ""flow_persistence_bars"": 0, ""flow_persistence_threshold"": 0.0, ""flow_threshold"": 0.02, ""funding_abs_cap"": 0.00025, ""funding_rank_min"": 0.0001, ""hold_bars"": 120, ""long_allocation_scale"": 6.0, ""lookback_bars"": 336, ""max_order_value"": 175.0, ""max_rv"": 0.0, ""min_abs_return"": 0.003, ""name"": ""fresh_calendar_teacher_fade_both_lb336_fast72_z075_ret30_h120_fl2"", ""oi_rank_min"": 0.012, ""primary_symbol"": """", ""rv_lookback_bars"": 24, ""secondary_symbol"": """", ""sharpe_lookback_bars"": 24, ""sharpe_rank_min"": 0.75, ""short_allocation_scale"": 8.0, ""spread_hedge_ratio"": 1.0, ""stop_loss_pct"": 0.004, ""take_profit_pct"": 0.045, ""target_allocation"": 0.008, ""threshold"": 0.75, ""trailing_stop_cap_pct"": 0.012, ""trailing_stop_floor_pct"": 0.004, ""trailing_stop_rv_multiple"": 0.8}",fresh_calendar_teacher_fade_both_lb336_fast72_z075_ret30_h120_fl2,68,0,0.008028613076024522,34,-13.758137235497738,-6.124444053277168,-0.008028613076024538,0.003223585837265619,"{""cooldown"": 1020, ""signal_missing"": 440, ""teacher_state_rank_gap_too_small"": 84}",False,False,414,0,0.05555938052660204,207,-17.06867436121427,-6.817241410837672,-0.05555938052660203,0.0033490119911104483,80,0,0.010210867988733375,40,-18.214641624540796,-9.23941072540075,-0.01012253218018011,0.0034576485911039213
"train_positive,val_positive,oos_return_beats_incumbent,oos_mdd_beats_shadow,oos_sharpe_gt_1",calendar_teacher_state_fade,"{""adaptive_lookback_bars"": 72, ""allow_long"": true, ""allow_short"": true, ""broad_min_abs"": 0.006, ""calendar_long_months"": [], ""calendar_long_symbol"": """", ""calendar_short_months"": [], ""calendar_short_symbol"": """", ""calendar_veto_flow_abs"": 0.0, ""calendar_veto_funding_abs"": 0.0, ""calendar_veto_market_ret_abs"": 0.0, ""calendar_veto_resid_z"": 0.0, ""compression_lookback_bars"": 24, ""compression_quantile"": 0.0, ""cooldown_bars"": 42, ""entry_days_of_month"": [], ""entry_hours"": [], ""external_risk_max"": 0.0, ""family"": ""calendar_teacher_state_fade"", ""flow_lookback_bars"": 6, ""flow_persistence_bars"": 0, ""flow_persistence_threshold"": 0.0, ""flow_threshold"": 0.02, ""funding_abs_cap"": 0.00025, ""funding_rank_min"": 0.0001, ""hold_bars"": 168, ""long_allocation_scale"": 6.0, ""lookback_bars"": 336, ""max_order_value"": 175.0, ""max_rv"": 0.0, ""min_abs_return"": 0.009, ""name"": ""fresh_calendar_teacher_fade_both_lb336_fast72_z050_ret90_h168_fl2"", ""oi_rank_min"": 0.012, ""primary_symbol"": """", ""rv_lookback_bars"": 24, ""secondary_symbol"": """", ""sharpe_lookback_bars"": 24, ""sharpe_rank_min"": 0.5, ""short_allocation_scale"": 8.0, ""spread_hedge_ratio"": 1.0, ""stop_loss_pct"": 0.004, ""take_profit_pct"": 0.045, ""target_allocation"": 0.008, ""threshold"": 0.5, ""trailing_stop_cap_pct"": 0.012, ""trailing_stop_floor_pct"": 0.004, ""trailing_stop_rv_multiple"": 0.8}",fresh_calendar_teacher_fade_both_lb336_fast72_z050_ret90_h168_fl2,58,0,0.008066045292854505,29,-13.51206207370566,-4.628908654044859,-0.008066045292854485,0.003297641413521724,"{""cooldown"": 1181, ""signal_missing"": 309, ""teacher_state_rank_gap_too_small"": 34}",False,False,320,0,0.04133746175778706,160,-14.114859853748465,-5.099529696328015,-0.041337461757787075,0.0029909188388854376,62,0,0.008713936277641608,31,-16.22052410634008,-6.418707045246621,-0.008625466872275944,0.003305975242751377
"train_positive,val_positive,oos_return_beats_incumbent,oos_mdd_beats_shadow,oos_sharpe_gt_1",calendar_teacher_state_fade,"{""adaptive_lookback_bars"": 72, ""allow_long"": true, ""allow_short"": true, ""broad_min_abs"": 0.006, ""calendar_long_months"": [], ""calendar_long_symbol"": """", ""calendar_short_months"": [], ""calendar_short_symbol"": """", ""calendar_veto_flow_abs"": 0.0, ""calendar_veto_funding_abs"": 0.0, ""calendar_veto_market_ret_abs"": 0.0, ""calendar_veto_resid_z"": 0.0, ""compression_lookback_bars"": 24, ""compression_quantile"": 0.0, ""cooldown_bars"": 42, ""entry_days_of_month"": [], ""entry_hours"": [], ""external_risk_max"": 0.0, ""family"": ""calendar_teacher_state_fade"", ""flow_lookback_bars"": 6, ""flow_persistence_bars"": 0, ""flow_persistence_threshold"": 0.0, ""flow_threshold"": 0.02, ""funding_abs_cap"": 0.00025, ""funding_rank_min"": 0.0001, ""hold_bars"": 168, ""long_allocation_scale"": 6.0, ""lookback_bars"": 168, ""max_order_value"": 175.0, ""max_rv"": 0.0, ""min_abs_return"": 0.003, ""name"": ""fresh_calendar_teacher_fade_both_lb168_fast72_z050_ret30_h168_fl2"", ""oi_rank_min"": 0.012, ""primary_symbol"": """", ""rv_lookback_bars"": 24, ""secondary_symbol"": """", ""sharpe_lookback_bars"": 24, ""sharpe_rank_min"": 0.5, ""short_allocation_scale"": 8.0, ""spread_hedge_ratio"": 1.0, ""stop_loss_pct"": 0.004, ""take_profit_pct"": 0.045, ""target_allocation"": 0.008, ""threshold"": 0.5, ""trailing_stop_cap_pct"": 0.012, ""trailing_stop_floor_pct"": 0.004, ""trailing_stop_rv_multiple"": 0.8}",fresh_calendar_teacher_fade_both_lb168_fast72_z050_ret30_h168_fl2,68,0,0.008101063166328411,34,-15.189234475326503,-6.454971943873987,-0.008101063166328415,0.0029463820300869967,"{""cooldown"": 1410, ""signal_missing"": 113}",False,False,360,0,0.047874197538914996,180,-15.162864562802472,-5.7465183751802185,-0.047874197538914975,0.0032354266879173954,60,0,0.00812581131962745,30,-16.55857832133276,-6.833601026559335,-0.008125811319627418,0.003050145995385641
"train_positive,val_positive,oos_return_beats_incumbent,oos_mdd_beats_shadow,oos_sharpe_gt_1",calendar_teacher_state_fade,"{""adaptive_lookback_bars"": 72, ""allow_long"": true, ""allow_short"": true, ""broad_min_abs"": 0.006, ""calendar_long_months"": [], ""calendar_long_symbol"": """", ""calendar_short_months"": [], ""calendar_short_symbol"": """", ""calendar_veto_flow_abs"": 0.0, ""calendar_veto_funding_abs"": 0.0, ""calendar_veto_market_ret_abs"": 0.0, ""calendar_veto_resid_z"": 0.0, ""compression_lookback_bars"": 24, ""compression_quantile"": 0.0, ""cooldown_bars"": 42, ""entry_days_of_month"": [], ""entry_hours"": [], ""external_risk_max"": 1.25, ""family"": ""calendar_teacher_state_fade"", ""flow_lookback_bars"": 6, ""flow_persistence_bars"": 0, ""flow_persistence_threshold"": 0.0, ""flow_threshold"": 0.0, ""funding_abs_cap"": 0.00025, ""funding_rank_min"": 0.0001, ""hold_bars"": 168, ""long_allocation_scale"": 6.0, ""lookback_bars"": 168, ""max_order_value"": 175.0, ""max_rv"": 0.0, ""min_abs_return"": 0.003, ""name"": ""fresh_calendar_teacher_fade_both_lb168_fast72_z075_ret30_h168_fl0_xr125"", ""oi_rank_min"": 0.012, ""primary_symbol"": """", ""rv_lookback_bars"": 24, ""secondary_symbol"": """", ""sharpe_lookback_bars"": 24, ""sharpe_rank_min"": 0.75, ""short_allocation_scale"": 8.0, ""spread_hedge_ratio"": 1.0, ""stop_loss_pct"": 0.004, ""take_profit_pct"": 0.045, ""target_allocation"": 0.008, ""threshold"": 0.75, ""trailing_stop_cap_pct"": 0.012, ""trailing_stop_floor_pct"": 0.004, ""trailing_stop_rv_multiple"": 0.8}",fresh_calendar_teacher_fade_both_lb168_fast72_z075_ret30_h168_fl0_xr125,66,0,0.008118049279174746,33,-15.367005760196038,-6.445378740343224,-0.0081180492791747,0.0029184344758716512,"{""cooldown"": 1368, ""signal_missing"": 147, ""teacher_state_rank_gap_too_small"": 12}",False,False,346,0,0.04762620826025013,173,-14.191735901617347,-5.059220952803918,-0.0476262082602501,0.0034384240664319474,62,0,0.008279032658455797,31,-17.176678928597447,-7.870918504966819,-0.008279032658455754,0.0029960767689267993
"train_positive,val_positive,oos_return_beats_incumbent,oos_mdd_beats_shadow,oos_sharpe_gt_1",calendar_teacher_state_fade,"{""adaptive_lookback_bars"": 72, ""allow_long"": true, ""allow_short"": true, ""broad_min_abs"": 0.006, ""calendar_long_months"": [], ""calendar_long_symbol"": """", ""calendar_short_months"": [], ""calendar_short_symbol"": """", ""calendar_veto_flow_abs"": 0.0, ""calendar_veto_funding_abs"": 0.0, ""calendar_veto_market_ret_abs"": 0.0, ""calendar_veto_resid_z"": 0.0, ""compression_lookback_bars"": 24, ""compression_quantile"": 0.0, ""cooldown_bars"": 42, ""entry_days_of_month"": [], ""entry_hours"": [], ""external_risk_max"": 0.0, ""family"": ""calendar_teacher_state_fade"", ""flow_lookback_bars"": 6, ""flow_persistence_bars"": 0, ""flow_persistence_threshold"": 0.0, ""flow_threshold"": 0.0, ""funding_abs_cap"": 0.00025, ""funding_rank_min"": 0.0001, ""hold_bars"": 168, ""long_allocation_scale"": 6.0, ""lookback_bars"": 168, ""max_order_value"": 175.0, ""max_rv"": 0.0, ""min_abs_return"": 0.003, ""name"": ""fresh_calendar_teacher_fade_both_lb168_fast72_z075_ret30_h168_fl0"", ""oi_rank_min"": 0.012, ""primary_symbol"": """", ""rv_lookback_bars"": 24, ""secondary_symbol"": """", ""sharpe_lookback_bars"": 24, ""sharpe_rank_min"": 0.75, ""short_allocation_scale"": 8.0, ""spread_hedge_ratio"": 1.0, ""stop_loss_pct"": 0.004, ""take_profit_pct"": 0.045, ""target_allocation"": 0.008, ""threshold"": 0.75, ""trailing_stop_cap_pct"": 0.012, ""trailing_stop_floor_pct"": 0.004, ""trailing_stop_rv_multiple"": 0.8}",fresh_calendar_teacher_fade_both_lb168_fast72_z075_ret30_h168_fl0,66,0,0.008129682156685395,33,-15.387145453514925,-6.47080821432088,-0.008129682156685414,0.002918808588572022,"{""cooldown"": 1368, ""signal_missing"": 147, ""teacher_state_rank_gap_too_small"": 12}",False,False,346,0,0.04770817790099991,173,-14.202243363621008,-5.067661963221667,-0.047708177900999904,0.0034419404554836743,62,0,0.008168165719292072,31,-17.191479958193366,-7.923777721400566,-0.00816816571929202,0.002953249668874161
"train_positive,val_positive,oos_return_beats_incumbent,oos_mdd_beats_shadow,oos_sharpe_gt_1",calendar_teacher_state_fade,"{""adaptive_lookback_bars"": 72, ""allow_long"": true, ""allow_short"": true, ""broad_min_abs"": 0.006, ""calendar_long_months"": [], ""calendar_long_symbol"": """", ""calendar_short_months"": [], ""calendar_short_symbol"": """", ""calendar_veto_flow_abs"": 0.0, ""calendar_veto_funding_abs"": 0.0, ""calendar_veto_market_ret_abs"": 0.0, ""calendar_veto_resid_z"": 0.0, ""compression_lookback_bars"": 24, ""compression_quantile"": 0.0, ""cooldown_bars"": 42, ""entry_days_of_month"": [], ""entry_hours"": [], ""external_risk_max"": 1.25, ""family"": ""calendar_teacher_state_fade"", ""flow_lookback_bars"": 6, ""flow_persistence_bars"": 0, ""flow_persistence_threshold"": 0.0, ""flow_threshold"": 0.02, ""funding_abs_cap"": 0.00025, ""funding_rank_min"": 0.0001, ""hold_bars"": 168, ""long_allocation_scale"": 6.0, ""lookback_bars"": 168, ""max_order_value"": 175.0, ""max_rv"": 0.0, ""min_abs_return"": 0.009, ""name"": ""fresh_calendar_teacher_fade_both_lb168_fast72_z035_ret90_h168_fl2_xr125"", ""oi_rank_min"": 0.012, ""primary_symbol"": """", ""rv_lookback_bars"": 24, ""secondary_symbol"": """", ""sharpe_lookback_bars"": 24, ""sharpe_rank_min"": 0.5, ""short_allocation_scale"": 8.0, ""spread_hedge_ratio"": 1.0, ""stop_loss_pct"": 0.004, ""take_profit_pct"": 0.045, ""target_allocation"": 0.008, ""threshold"": 0.35, ""trailing_stop_cap_pct"": 0.012, ""trailing_stop_floor_pct"": 0.004, ""trailing_stop_rv_multiple"": 0.8}",fresh_calendar_teacher_fade_both_lb168_fast72_z035_ret90_h168_fl2_xr125,68,0,0.008168690390114768,34,-15.93036983015665,-6.655581039065011,-0.008168690390114808,0.0028328774229681147,"{""cooldown"": 1418, ""signal_missing"": 110}",False,False,364,0,0.047550490713181716,182,-15.87380087980867,-6.363203163286207,-0.04755049071318174,0.003069138825497225,62,0,0.008273347530951377,31,-15.779065305659783,-6.497543758265026,-0.008273347530951325,0.003259149782253554
"train_positive,val_positive,oos_return_beats_incumbent,oos_mdd_beats_shadow,oos_sharpe_gt_1",calendar_teacher_state_fade,"{""adaptive_lookback_bars"": 24, ""allow_long"": true, ""allow_short"": true, ""broad_min_abs"": 0.006, ""calendar_long_months"": [], ""calendar_long_symbol"": """", ""calendar_short_months"": [], ""calendar_short_symbol"": """", ""calendar_veto_flow_abs"": 0.0, ""calendar_veto_funding_abs"": 0.0, ""calendar_veto_market_ret_abs"": 0.0, ""calendar_veto_resid_z"": 0.0, ""compression_lookback_bars"": 24, ""compression_quantile"": 0.0, ""cooldown_bars"": 42, ""entry_days_of_month"": [], ""entry_hours"": [], ""external_risk_max"": 0.0, ""family"": ""calendar_teacher_state_fade"", ""flow_lookback_bars"": 6, ""flow_persistence_bars"": 0, ""flow_persistence_threshold"": 0.0, ""flow_threshold"": 0.02, ""funding_abs_cap"": 0.00025, ""funding_rank_min"": 0.0001, ""hold_bars"": 168, ""long_allocation_scale"": 6.0, ""lookback_bars"": 72, ""max_order_value"": 175.0, ""max_rv"": 0.0, ""min_abs_return"": 0.009, ""name"": ""fresh_calendar_teacher_fade_both_lb72_fast24_z050_ret90_h168_fl2"", ""oi_rank_min"": 0.012, ""primary_symbol"": """", ""rv_lookback_bars"": 24, ""secondary_symbol"": """", ""sharpe_lookback_bars"": 12, ""sharpe_rank_min"": 0.5, ""short_allocation_scale"": 8.0, ""spread_hedge_ratio"": 1.0, ""stop_loss_pct"": 0.004, ""take_profit_pct"": 0.045, ""target_allocation"": 0.008, ""threshold"": 0.5, ""trailing_stop_cap_pct"": 0.012, ""trailing_stop_floor_pct"": 0.004, ""trailing_stop_rv_multiple"": 0.8}",fresh_calendar_teacher_fade_both_lb72_fast24_z050_ret90_h168_fl2,68,0,0.008181129966453227,34,-15.637811498210906,-5.916195291122376,-0.00818112996645326,0.002890278695987024,"{""cooldown"": 1412, ""signal_missing"": 116, ""teacher_state_rank_gap_too_small"": 8}",False,False,382,0,0.05120593104936888,191,-15.707620238262672,-5.852458116017494,-0.05120593104936888,0.0033463850510758687,62,0,0.008093803778654656,31,-15.454045610819682,-5.9893573458907925,-0.008093803778654651,0.0032551776266122787
"train_positive,val_positive,oos_return_beats_incumbent,oos_mdd_beats_shadow,oos_sharpe_gt_1",calendar_teacher_state_fade,"{""adaptive_lookback_bars"": 24, ""allow_long"": true, ""allow_short"": true, ""broad_min_abs"": 0.006, ""calendar_long_months"": [], ""calendar_long_symbol"": """", ""calendar_short_months"": [], ""calendar_short_symbol"": """", ""calendar_veto_flow_abs"": 0.0, ""calendar_veto_funding_abs"": 0.0, ""calendar_veto_market_ret_abs"": 0.0, ""calendar_veto_resid_z"": 0.0, ""compression_lookback_bars"": 24, ""compression_quantile"": 0.0, ""cooldown_bars"": 42, ""entry_days_of_month"": [], ""entry_hours"": [], ""external_risk_max"": 1.25, ""family"": ""calendar_teacher_state_fade"", ""flow_lookback_bars"": 6, ""flow_persistence_bars"": 0, ""flow_persistence_threshold"": 0.0, ""flow_threshold"": 0.0, ""funding_abs_cap"": 0.00025, ""funding_rank_min"": 0.0001, ""hold_bars"": 168, ""long_allocation_scale"": 6.0, ""lookback_bars"": 72, ""max_order_value"": 175.0, ""max_rv"": 0.0, ""min_abs_return"": 0.006, ""name"": ""fresh_calendar_teacher_fade_both_lb72_fast24_z035_ret60_h168_fl0_xr125"", ""oi_rank_min"": 0.012, ""primary_symbol"": """", ""rv_lookback_bars"": 24, ""secondary_symbol"": """", ""sharpe_lookback_bars"": 12, ""sharpe_rank_min"": 0.5, ""short_allocation_scale"": 8.0, ""spread_hedge_ratio"": 1.0, ""stop_loss_pct"": 0.004, ""take_profit_pct"": 0.045, ""target_allocation"": 0.008, ""threshold"": 0.35, ""trailing_stop_cap_pct"": 0.012, ""trailing_stop_floor_pct"": 0.004, ""trailing_stop_rv_multiple"": 0.8}",fresh_calendar_teacher_fade_both_lb72_fast24_z035_ret60_h168_fl0_xr125,70,0,0.008228189471714904,35,-14.99265040535279,-6.15117301010636,-0.008228189471714886,0.0030320389708528763,"{""cooldown"": 1454, ""signal_missing"": 61, ""teacher_state_rank_gap_too_small"": 6}",False,False,386,0,0.05322003204877929,193,-15.058193020476038,-5.355935529727126,-0.053100351495329434,0.0036233864964237235,64,0,0.00874728282738706,32,-16.095916733020243,-6.770068605565203,-0.008739645838745536,0.0033758540186654804
"train_positive,val_positive,oos_return_beats_incumbent,oos_mdd_beats_shadow,oos_sharpe_gt_1",calendar_teacher_state_fade,"{""adaptive_lookback_bars"": 24, ""allow_long"": true, ""allow_short"": true, ""broad_min_abs"": 0.006, ""calendar_long_months"": [], ""calendar_long_symbol"": """", ""calendar_short_months"": [], ""calendar_short_symbol"": """", ""calendar_veto_flow_abs"": 0.0, ""calendar_veto_funding_abs"": 0.0, ""calendar_veto_market_ret_abs"": 0.0, ""calendar_veto_resid_z"": 0.0, ""compression_lookback_bars"": 24, ""compression_quantile"": 0.0, ""cooldown_bars"": 42, ""entry_days_of_month"": [], ""entry_hours"": [], ""external_risk_max"": 0.0, ""family"": ""calendar_teacher_state_fade"", ""flow_lookback_bars"": 6, ""flow_persistence_bars"": 0, ""flow_persistence_threshold"": 0.0, ""flow_threshold"": 0.0, ""funding_abs_cap"": 0.00025, ""funding_rank_min"": 0.0001, ""hold_bars"": 168, ""long_allocation_scale"": 6.0, ""lookback_bars"": 72, ""max_order_value"": 175.0, ""max_rv"": 0.0, ""min_abs_return"": 0.009, ""name"": ""fresh_calendar_teacher_fade_both_lb72_fast24_z035_ret90_h168_fl0"", ""oi_rank_min"": 0.012, ""primary_symbol"": """", ""rv_lookback_bars"": 24, ""secondary_symbol"": """", ""sharpe_lookback_bars"": 12, ""sharpe_rank_min"": 0.5, ""short_allocation_scale"": 8.0, ""spread_hedge_ratio"": 1.0, ""stop_loss_pct"": 0.004, ""take_profit_pct"": 0.045, ""target_allocation"": 0.008, ""threshold"": 0.35, ""trailing_stop_cap_pct"": 0.012, ""trailing_stop_floor_pct"": 0.004, ""trailing_stop_rv_multiple"": 0.8}",fresh_calendar_teacher_fade_both_lb72_fast24_z035_ret90_h168_fl0,68,0,0.008251840791236646,34,-15.980547079887824,-6.792671374626181,-0.008251840791236642,0.002852846612081656,"{""cooldown"": 1422, ""signal_missing"": 98, ""teacher_state_rank_gap_too_small"": 9}",False,False,386,0,0.05416860722086039,193,-15.453587965660985,-5.42972206163384,-0.054168607220860365,0.0036037355482788185,62,0,0.007751379458956622,31,-14.988339025218256,-5.785839641351889,-0.007751379458956653,0.0032137647384434006
"train_positive,val_positive,oos_return_beats_incumbent,oos_mdd_beats_shadow,oos_sharpe_gt_1",calendar_teacher_state_fade,"{""adaptive_lookback_bars"": 24, ""allow_long"": true, ""allow_short"": true, ""broad_min_abs"": 0.006, ""calendar_long_months"": [], ""calendar_long_symbol"": """", ""calendar_short_months"": [], ""calendar_short_symbol"": """", ""calendar_veto_flow_abs"": 0.0, ""calendar_veto_funding_abs"": 0.0, ""calendar_veto_market_ret_abs"": 0.0, ""calendar_veto_resid_z"": 0.0, ""compression_lookback_bars"": 24, ""compression_quantile"": 0.0, ""cooldown_bars"": 42, ""entry_days_of_month"": [], ""entry_hours"": [], ""external_risk_max"": 1.25, ""family"": ""calendar_teacher_state_fade"", ""flow_lookback_bars"": 6, ""flow_persistence_bars"": 0, ""flow_persistence_threshold"": 0.0, ""flow_threshold"": 0.02, ""funding_abs_cap"": 0.00025, ""funding_rank_min"": 0.0001, ""hold_bars"": 168, ""long_allocation_scale"": 6.0, ""lookback_bars"": 72, ""max_order_value"": 175.0, ""max_rv"": 0.0, ""min_abs_return"": 0.006, ""name"": ""fresh_calendar_teacher_fade_both_lb72_fast24_z035_ret60_h168_fl2_xr125"", ""oi_rank_min"": 0.012, ""primary_symbol"": """", ""rv_lookback_bars"": 24, ""secondary_symbol"": """", ""sharpe_lookback_bars"": 12, ""sharpe_rank_min"": 0.5, ""short_allocation_scale"": 8.0, ""spread_hedge_ratio"": 1.0, ""stop_loss_pct"": 0.004, ""take_profit_pct"": 0.045, ""target_allocation"": 0.008, ""threshold"": 0.35, ""trailing_stop_cap_pct"": 0.012, ""trailing_stop_floor_pct"": 0.004, ""trailing_stop_rv_multiple"": 0.8}",fresh_calendar_teacher_fade_both_lb72_fast24_z035_ret60_h168_fl2_xr125,68,0,0.00826284769655158,34,-15.531050334145508,-6.533662390910531,-0.008262847696551612,0.0029393291440289026,"{""cooldown"": 1412, ""signal_missing"": 83, ""teacher_state_rank_gap_too_small"": 11}",False,False,382,0,0.049818318307888694,191,-15.051137755965662,-5.564511695827303,-0.049698048195062405,0.003386816160640096,62,0,0.00851913240946841,31,-15.570994363529344,-6.14748716740765,-0.008511493663069136,0.0033981556024686617
"train_positive,val_positive,oos_return_beats_incumbent,oos_mdd_beats_shadow,oos_sharpe_gt_1",calendar_teacher_state_fade,"{""adaptive_lookback_bars"": 72, ""allow_long"": true, ""allow_short"": true, ""broad_min_abs"": 0.006, ""calendar_long_months"": [], ""calendar_long_symbol"": """", ""calendar_short_months"": [], ""calendar_short_symbol"": """", ""calendar_veto_flow_abs"": 0.0, ""calendar_veto_funding_abs"": 0.0, ""calendar_veto_market_ret_abs"": 0.0, ""calendar_veto_resid_z"": 0.0, ""compression_lookback_bars"": 24, ""compression_quantile"": 0.0, ""cooldown_bars"": 30, ""entry_days_of_month"": [], ""entry_hours"": [], ""external_risk_max"": 0.0, ""family"": ""calendar_teacher_state_fade"", ""flow_lookback_bars"": 6, ""flow_persistence_bars"": 0, ""flow_persistence_threshold"": 0.0, ""flow_threshold"": 0.02, ""funding_abs_cap"": 0.00025, ""funding_rank_min"": 0.0001, ""hold_bars"": 120, ""long_allocation_scale"": 6.0, ""lookback_bars"": 336, ""max_order_value"": 175.0, ""max_rv"": 0.0, ""min_abs_return"": 0.006, ""name"": ""fresh_calendar_teacher_fade_both_lb336_fast72_z075_ret60_h120_fl2"", ""oi_rank_min"": 0.012, ""primary_symbol"": """", ""rv_lookback_bars"": 24, ""secondary_symbol"": """", ""sharpe_lookback_bars"": 24, ""sharpe_rank_min"": 0.75, ""short_allocation_scale"": 8.0, ""spread_hedge_ratio"": 1.0, ""stop_loss_pct"": 0.004, ""take_profit_pct"": 0.045, ""target_allocation"": 0.008, ""threshold"": 0.75, ""trailing_stop_cap_pct"": 0.012, ""trailing_stop_floor_pct"": 0.004, ""trailing_stop_rv_multiple"": 0.8}",fresh_calendar_teacher_fade_both_lb336_fast72_z075_ret60_h120_fl2,70,0,0.008275489305843257,35,-14.051880441514196,-6.425021628426599,-0.008275489305843209,0.0032536596643741138,"{""cooldown"": 1021, ""signal_missing"": 439, ""teacher_state_rank_gap_too_small"": 84}",False,False,410,0,0.054624871491755406,205,-16.967849392935022,-6.760326907943453,-0.05462487149175543,0.0033106270678647837,80,0,0.010153444644738871,40,-18.164103614315106,-9.238585991760269,-0.010065103711318746,0.003447498139819066
"train_positive,val_positive,oos_return_beats_incumbent,oos_mdd_beats_shadow,oos_sharpe_gt_1",calendar_teacher_state_fade,"{""adaptive_lookback_bars"": 24, ""allow_long"": true, ""allow_short"": true, ""broad_min_abs"": 0.006, ""calendar_long_months"": [], ""calendar_long_symbol"": """", ""calendar_short_months"": [], ""calendar_short_symbol"": """", ""calendar_veto_flow_abs"": 0.0, ""calendar_veto_funding_abs"": 0.0, ""calendar_veto_market_ret_abs"": 0.0, ""calendar_veto_resid_z"": 0.0, ""compression_lookback_bars"": 24, ""compression_quantile"": 0.0, ""cooldown_bars"": 42, ""entry_days_of_month"": [], ""entry_hours"": [], ""external_risk_max"": 1.25, ""family"": ""calendar_teacher_state_fade"", ""flow_lookback_bars"": 6, ""flow_persistence_bars"": 0, ""flow_persistence_threshold"": 0.0, ""flow_threshold"": 0.0, ""funding_abs_cap"": 0.00025, ""funding_rank_min"": 0.0001, ""hold_bars"": 168, ""long_allocation_scale"": 6.0, ""lookback_bars"": 72, ""max_order_value"": 175.0, ""max_rv"": 0.0, ""min_abs_return"": 0.003, ""name"": ""fresh_calendar_teacher_fade_both_lb72_fast24_z035_ret30_h168_fl0_xr125"", ""oi_rank_min"": 0.012, ""primary_symbol"": """", ""rv_lookback_bars"": 24, ""secondary_symbol"": """", ""sharpe_lookback_bars"": 12, ""sharpe_rank_min"": 0.5, ""short_allocation_scale"": 8.0, ""spread_hedge_ratio"": 1.0, ""stop_loss_pct"": 0.004, ""take_profit_pct"": 0.045, ""target_allocation"": 0.008, ""threshold"": 0.35, ""trailing_stop_cap_pct"": 0.012, ""trailing_stop_floor_pct"": 0.004, ""trailing_stop_rv_multiple"": 0.8}",fresh_calendar_teacher_fade_both_lb72_fast24_z035_ret30_h168_fl0_xr125,70,0,0.008278409242519047,35,-14.974071092416501,-6.132222749451926,-0.008278409242518991,0.0030544041833043085,"{""cooldown"": 1464, ""signal_missing"": 59, ""teacher_state_rank_gap_too_small"": 8}",False,False,384,0,0.05317305452103464,192,-15.132991556211227,-5.451448091707616,-0.0531730545210346,0.003610554518489033,64,0,0.008469337361215478,32,-16.008077223204218,-6.547504460083044,-0.008469337361215468,0.0032889528849567133
"train_positive,val_positive,oos_return_beats_incumbent,oos_mdd_beats_shadow,oos_sharpe_gt_1",calendar_teacher_state_fade,"{""adaptive_lookback_bars"": 72, ""allow_long"": true, ""allow_short"": true, ""broad_min_abs"": 0.006, ""calendar_long_months"": [], ""calendar_long_symbol"": """", ""calendar_short_months"": [], ""calendar_short_symbol"": """", ""calendar_veto_flow_abs"": 0.0, ""calendar_veto_funding_abs"": 0.0, ""calendar_veto_market_ret_abs"": 0.0, ""calendar_veto_resid_z"": 0.0, ""compression_lookback_bars"": 24, ""compression_quantile"": 0.0, ""cooldown_bars"": 42, ""entry_days_of_month"": [], ""entry_hours"": [], ""external_risk_max"": 0.0, ""family"": ""calendar_teacher_state_fade"", ""flow_lookback_bars"": 6, ""flow_persistence_bars"": 0, ""flow_persistence_threshold"": 0.0, ""flow_threshold"": 0.02, ""funding_abs_cap"": 0.00025, ""funding_rank_min"": 0.0001, ""hold_bars"": 168, ""long_allocation_scale"": 6.0, ""lookback_bars"": 168, ""max_order_value"": 175.0, ""max_rv"": 0.0, ""min_abs_return"": 0.009, ""name"": ""fresh_calendar_teacher_fade_both_lb168_fast72_z035_ret90_h168_fl2"", ""oi_rank_min"": 0.012, ""primary_symbol"": """", ""rv_lookback_bars"": 24, ""secondary_symbol"": """", ""sharpe_lookback_bars"": 24, ""sharpe_rank_min"": 0.5, ""short_allocation_scale"": 8.0, ""spread_hedge_ratio"": 1.0, ""stop_loss_pct"": 0.004, ""take_profit_pct"": 0.045, ""target_allocation"": 0.008, ""threshold"": 0.35, ""trailing_stop_cap_pct"": 0.012, ""trailing_stop_floor_pct"": 0.004, ""trailing_stop_rv_multiple"": 0.8}",fresh_calendar_teacher_fade_both_lb168_fast72_z035_ret90_h168_fl2,68,0,0.00828288742493479,34,-16.01268821731292,-6.73715006449247,-0.00828288742493477,0.00285787697607377,"{""cooldown"": 1418, ""signal_missing"": 110}",False,False,364,0,0.04816295559352784,182,-15.841115064097698,-6.283529353375597,-0.04816295559352779,0.0031160730623272116,62,0,0.008386503646900169,31,-16.135398432956215,-6.624867243732377,-0.00838650364690019,0.0032309606359798406
"train_positive,val_positive,oos_return_beats_incumbent,oos_mdd_beats_shadow,oos_sharpe_gt_1",calendar_teacher_state_fade,"{""adaptive_lookback_bars"": 72, ""allow_long"": true, ""allow_short"": true, ""broad_min_abs"": 0.006, ""calendar_long_months"": [], ""calendar_long_symbol"": """", ""calendar_short_months"": [], ""calendar_short_symbol"": """", ""calendar_veto_flow_abs"": 0.0, ""calendar_veto_funding_abs"": 0.0, ""calendar_veto_market_ret_abs"": 0.0, ""calendar_veto_resid_z"": 0.0, ""compression_lookback_bars"": 24, ""compression_quantile"": 0.0, ""cooldown_bars"": 42, ""entry_days_of_month"": [], ""entry_hours"": [], ""external_risk_max"": 1.25, ""family"": ""calendar_teacher_state_fade"", ""flow_lookback_bars"": 6, ""flow_persistence_bars"": 0, ""flow_persistence_threshold"": 0.0, ""flow_threshold"": 0.02, ""funding_abs_cap"": 0.00025, ""funding_rank_min"": 0.0001, ""hold_bars"": 168, ""long_allocation_scale"": 6.0, ""lookback_bars"": 168, ""max_order_value"": 175.0, ""max_rv"": 0.0, ""min_abs_return"": 0.003, ""name"": ""fresh_calendar_teacher_fade_both_lb168_fast72_z075_ret30_h168_fl2_xr125"", ""oi_rank_min"": 0.012, ""primary_symbol"": """", ""rv_lookback_bars"": 24, ""secondary_symbol"": """", ""sharpe_lookback_bars"": 24, ""sharpe_rank_min"": 0.75, ""short_allocation_scale"": 8.0, ""spread_hedge_ratio"": 1.0, ""stop_loss_pct"": 0.004, ""take_profit_pct"": 0.045, ""target_allocation"": 0.008, ""threshold"": 0.75, ""trailing_stop_cap_pct"": 0.012, ""trailing_stop_floor_pct"": 0.004, ""trailing_stop_rv_multiple"": 0.8}",fresh_calendar_teacher_fade_both_lb168_fast72_z075_ret30_h168_fl2_xr125,66,0,0.008336479751166068,33,-15.90238826292708,-6.60787203336015,-0.008336479751166026,0.002896391619598343,"{""cooldown"": 1368, ""signal_missing"": 148, ""teacher_state_rank_gap_too_small"": 12}",False,False,340,0,0.04586496300340241,170,-14.526156124647986,-5.1980660271022305,-0.04586496300340237,0.003232106255555989,58,0,0.007466594996964575,29,-16.229762734340447,-6.821337823944259,-0.0074665949969645595,0.00285854566925424
"train_positive,val_positive,oos_return_beats_incumbent,oos_mdd_beats_shadow,oos_sharpe_gt_1",calendar_teacher_state_fade,"{""adaptive_lookback_bars"": 72, ""allow_long"": true, ""allow_short"": true, ""broad_min_abs"": 0.006, ""calendar_long_months"": [], ""calendar_long_symbol"": """", ""calendar_short_months"": [], ""calendar_short_symbol"": """", ""calendar_veto_flow_abs"": 0.0, ""calendar_veto_funding_abs"": 0.0, ""calendar_veto_market_ret_abs"": 0.0, ""calendar_veto_resid_z"": 0.0, ""compression_lookback_bars"": 24, ""compression_quantile"": 0.0, ""cooldown_bars"": 42, ""entry_days_of_month"": [], ""entry_hours"": [], ""external_risk_max"": 1.25, ""family"": ""calendar_teacher_state_fade"", ""flow_lookback_bars"": 6, ""flow_persistence_bars"": 0, ""flow_persistence_threshold"": 0.0, ""flow_threshold"": 0.02, ""funding_abs_cap"": 0.00025, ""funding_rank_min"": 0.0001, ""hold_bars"": 168, ""long_allocation_scale"": 6.0, ""lookback_bars"": 168, ""max_order_value"": 175.0, ""max_rv"": 0.0, ""min_abs_return"": 0.006, ""name"": ""fresh_calendar_teacher_fade_both_lb168_fast72_z050_ret60_h168_fl2_xr125"", ""oi_rank_min"": 0.012, ""primary_symbol"": """", ""rv_lookback_bars"": 24, ""secondary_symbol"": """", ""sharpe_lookback_bars"": 24, ""sharpe_rank_min"": 0.5, ""short_allocation_scale"": 8.0, ""spread_hedge_ratio"": 1.0, ""stop_loss_pct"": 0.004, ""take_profit_pct"": 0.045, ""target_allocation"": 0.008, ""threshold"": 0.5, ""trailing_stop_cap_pct"": 0.012, ""trailing_stop_floor_pct"": 0.004, ""trailing_stop_rv_multiple"": 0.8}",fresh_calendar_teacher_fade_both_lb168_fast72_z050_ret60_h168_fl2_xr125,68,0,0.008365295220695396,34,-15.39734329769472,-6.282419692042282,-0.008365295220695401,0.0030017597501961796,"{""cooldown"": 1410, ""signal_missing"": 111}",False,False,360,0,0.04801554930135426,180,-15.232865538895577,-5.795393892769587,-0.04801554930135421,0.003230307479407035,60,0,0.008308489998036513,30,-16.544605841447183,-6.781934636139294,-0.008308489998036461,0.0031216309543875337
"train_positive,val_positive,oos_return_beats_incumbent,oos_mdd_beats_shadow,oos_sharpe_gt_1",calendar_teacher_state_fade,"{""adaptive_lookback_bars"": 72, ""allow_long"": true, ""allow_short"": true, ""broad_min_abs"": 0.006, ""calendar_long_months"": [], ""calendar_long_symbol"": """", ""calendar_short_months"": [], ""calendar_short_symbol"": """", ""calendar_veto_flow_abs"": 0.0, ""calendar_veto_funding_abs"": 0.0, ""calendar_veto_market_ret_abs"": 0.0, ""calendar_veto_resid_z"": 0.0, ""compression_lookback_bars"": 24, ""compression_quantile"": 0.0, ""cooldown_bars"": 30, ""entry_days_of_month"": [], ""entry_hours"": [], ""external_risk_max"": 0.0, ""family"": ""calendar_teacher_state_fade"", ""flow_lookback_bars"": 6, ""flow_persistence_bars"": 0, ""flow_persistence_threshold"": 0.0, ""flow_threshold"": 0.02, ""funding_abs_cap"": 0.00025, ""funding_rank_min"": 0.0001, ""hold_bars"": 120, ""long_allocation_scale"": 6.0, ""lookback_bars"": 336, ""max_order_value"": 175.0, ""max_rv"": 0.0, ""min_abs_return"": 0.009, ""name"": ""fresh_calendar_teacher_fade_both_lb336_fast72_z075_ret90_h120_fl2"", ""oi_rank_min"": 0.012, ""primary_symbol"": """", ""rv_lookback_bars"": 24, ""secondary_symbol"": """", ""sharpe_lookback_bars"": 24, ""sharpe_rank_min"": 0.75, ""short_allocation_scale"": 8.0, ""spread_hedge_ratio"": 1.0, ""stop_loss_pct"": 0.004, ""take_profit_pct"": 0.045, ""target_allocation"": 0.008, ""threshold"": 0.75, ""trailing_stop_cap_pct"": 0.012, ""trailing_stop_floor_pct"": 0.004, ""trailing_stop_rv_multiple"": 0.8}",fresh_calendar_teacher_fade_both_lb336_fast72_z075_ret90_h120_fl2,70,0,0.008386044052540637,35,-14.183596196010194,-6.421035868606522,-0.00838604405254062,0.0032666912935868414,"{""cooldown"": 1021, ""signal_missing"": 442, ""teacher_state_rank_gap_too_small"": 84}",False,False,410,0,0.0549235732704663,205,-16.94164098091696,-6.762991397761098,-0.054923573270466264,0.0033343988136338674,80,0,0.01088352777166983,40,-18.500338110587826,-8.707764413296367,-0.010795251996050803,0.0036317110731641073
"train_positive,val_positive,oos_return_beats_incumbent,oos_mdd_beats_shadow,oos_sharpe_gt_1",calendar_teacher_state_fade,"{""adaptive_lookback_bars"": 24, ""allow_long"": true, ""allow_short"": true, ""broad_min_abs"": 0.006, ""calendar_long_months"": [], ""calendar_long_symbol"": """", ""calendar_short_months"": [], ""calendar_short_symbol"": """", ""calendar_veto_flow_abs"": 0.0, ""calendar_veto_funding_abs"": 0.0, ""calendar_veto_market_ret_abs"": 0.0, ""calendar_veto_resid_z"": 0.0, ""compression_lookback_bars"": 24, ""compression_quantile"": 0.0, ""cooldown_bars"": 42, ""entry_days_of_month"": [], ""entry_hours"": [], ""external_risk_max"": 0.0, ""family"": ""calendar_teacher_state_fade"", ""flow_lookback_bars"": 6, ""flow_persistence_bars"": 0, ""flow_persistence_threshold"": 0.0, ""flow_threshold"": 0.0, ""funding_abs_cap"": 0.00025, ""funding_rank_min"": 0.0001, ""hold_bars"": 168, ""long_allocation_scale"": 6.0, ""lookback_bars"": 72, ""max_order_value"": 175.0, ""max_rv"": 0.0, ""min_abs_return"": 0.006, ""name"": ""fresh_calendar_teacher_fade_both_lb72_fast24_z075_ret60_h168_fl0"", ""oi_rank_min"": 0.012, ""primary_symbol"": """", ""rv_lookback_bars"": 24, ""secondary_symbol"": """", ""sharpe_lookback_bars"": 12, ""sharpe_rank_min"": 0.75, ""short_allocation_scale"": 8.0, ""spread_hedge_ratio"": 1.0, ""stop_loss_pct"": 0.004, ""take_profit_pct"": 0.045, ""target_allocation"": 0.008, ""threshold"": 0.75, ""trailing_stop_cap_pct"": 0.012, ""trailing_stop_floor_pct"": 0.004, ""trailing_stop_rv_multiple"": 0.8}",fresh_calendar_teacher_fade_both_lb72_fast24_z075_ret60_h168_fl0,68,0,0.0083882562821007,34,-16.974349655644474,-7.566788008190301,-0.008388256282100715,0.0027304323164902837,"{""cooldown"": 1390, ""signal_missing"": 109, ""teacher_state_rank_gap_too_small"": 40}",False,False,376,0,0.05243650655589481,188,-15.755726458525698,-5.97968706221293,-0.052436506555894824,0.0034185331181622127,60,0,0.008384171299878724,30,-15.762548125130305,-6.308393540232024,-0.008376531513687557,0.0033034216911188748
"train_positive,val_positive,oos_return_beats_incumbent,oos_mdd_beats_shadow,oos_sharpe_gt_1",calendar_teacher_state_fade,"{""adaptive_lookback_bars"": 24, ""allow_long"": true, ""allow_short"": true, ""broad_min_abs"": 0.006, ""calendar_long_months"": [], ""calendar_long_symbol"": """", ""calendar_short_months"": [], ""calendar_short_symbol"": """", ""calendar_veto_flow_abs"": 0.0, ""calendar_veto_funding_abs"": 0.0, ""calendar_veto_market_ret_abs"": 0.0, ""calendar_veto_resid_z"": 0.0, ""compression_lookback_bars"": 24, ""compression_quantile"": 0.0, ""cooldown_bars"": 42, ""entry_days_of_month"": [], ""entry_hours"": [], ""external_risk_max"": 1.25, ""family"": ""calendar_teacher_state_fade"", ""flow_lookback_bars"": 6, ""flow_persistence_bars"": 0, ""flow_persistence_threshold"": 0.0, ""flow_threshold"": 0.0, ""funding_abs_cap"": 0.00025, ""funding_rank_min"": 0.0001, ""hold_bars"": 168, ""long_allocation_scale"": 6.0, ""lookback_bars"": 72, ""max_order_value"": 175.0, ""max_rv"": 0.0, ""min_abs_return"": 0.006, ""name"": ""fresh_calendar_teacher_fade_both_lb72_fast24_z075_ret60_h168_fl0_xr125"", ""oi_rank_min"": 0.012, ""primary_symbol"": """", ""rv_lookback_bars"": 24, ""secondary_symbol"": """", ""sharpe_lookback_bars"": 12, ""sharpe_rank_min"": 0.75, ""short_allocation_scale"": 8.0, ""spread_hedge_ratio"": 1.0, ""stop_loss_pct"": 0.004, ""take_profit_pct"": 0.045, ""target_allocation"": 0.008, ""threshold"": 0.75, ""trailing_stop_cap_pct"": 0.012, ""trailing_stop_floor_pct"": 0.004, ""trailing_stop_rv_multiple"": 0.8}",fresh_calendar_teacher_fade_both_lb72_fast24_z075_ret60_h168_fl0_xr125,68,0,0.0083882562821007,34,-16.974349655644474,-7.566788008190301,-0.008388256282100715,0.0027304323164902837,"{""cooldown"": 1390, ""signal_missing"": 109, ""teacher_state_rank_gap_too_small"": 40}",False,False,376,0,0.05229877609149498,188,-15.679172888100874,-5.874731332829441,-0.052298776091495025,0.003425951757318657,60,0,0.008144093548080024,30,-15.930600193693248,-6.597237028992586,-0.00813645191223844,0.003174526215493253
"train_positive,val_positive,oos_return_beats_incumbent,oos_mdd_beats_shadow,oos_sharpe_gt_1",calendar_teacher_state_fade,"{""adaptive_lookback_bars"": 24, ""allow_long"": true, ""allow_short"": true, ""broad_min_abs"": 0.006, ""calendar_long_months"": [], ""calendar_long_symbol"": """", ""calendar_short_months"": [], ""calendar_short_symbol"": """", ""calendar_veto_flow_abs"": 0.0, ""calendar_veto_funding_abs"": 0.0, ""calendar_veto_market_ret_abs"": 0.0, ""calendar_veto_resid_z"": 0.0, ""compression_lookback_bars"": 24, ""compression_quantile"": 0.0, ""cooldown_bars"": 42, ""entry_days_of_month"": [], ""entry_hours"": [], ""external_risk_max"": 0.0, ""family"": ""calendar_teacher_state_fade"", ""flow_lookback_bars"": 6, ""flow_persistence_bars"": 0, ""flow_persistence_threshold"": 0.0, ""flow_threshold"": 0.0, ""funding_abs_cap"": 0.00025, ""funding_rank_min"": 0.0001, ""hold_bars"": 168, ""long_allocation_scale"": 6.0, ""lookback_bars"": 72, ""max_order_value"": 175.0, ""max_rv"": 0.0, ""min_abs_return"": 0.006, ""name"": ""fresh_calendar_teacher_fade_both_lb72_fast24_z035_ret60_h168_fl0"", ""oi_rank_min"": 0.012, ""primary_symbol"": """", ""rv_lookback_bars"": 24, ""secondary_symbol"": """", ""sharpe_lookback_bars"": 12, ""sharpe_rank_min"": 0.5, ""short_allocation_scale"": 8.0, ""spread_hedge_ratio"": 1.0, ""stop_loss_pct"": 0.004, ""take_profit_pct"": 0.045, ""target_allocation"": 0.008, ""threshold"": 0.35, ""trailing_stop_cap_pct"": 0.012, ""trailing_stop_floor_pct"": 0.004, ""trailing_stop_rv_multiple"": 0.8}",fresh_calendar_teacher_fade_both_lb72_fast24_z035_ret60_h168_fl0,70,0,0.008400076948196328,35,-14.996521959787797,-6.113475967636951,-0.008400076948196333,0.0030948406347152554,"{""cooldown"": 1454, ""signal_missing"": 60, ""teacher_state_rank_gap_too_small"": 6}",False,False,386,0,0.05268391514536215,193,-15.082748894951363,-5.4478514550577435,-0.052564234591912284,0.003579965949418039,64,0,0.008398066725347,32,-16.24044481036458,-6.967369611664142,-0.008390427046211513,0.003211574226432461
"train_positive,val_positive,oos_return_beats_incumbent,oos_mdd_beats_shadow,oos_sharpe_gt_1",calendar_teacher_state_fade,"{""adaptive_lookback_bars"": 72, ""allow_long"": true, ""allow_short"": true, ""broad_min_abs"": 0.006, ""calendar_long_months"": [], ""calendar_long_symbol"": """", ""calendar_short_months"": [], ""calendar_short_symbol"": """", ""calendar_veto_flow_abs"": 0.0, ""calendar_veto_funding_abs"": 0.0, ""calendar_veto_market_ret_abs"": 0.0, ""calendar_veto_resid_z"": 0.0, ""compression_lookback_bars"": 24, ""compression_quantile"": 0.0, ""cooldown_bars"": 42, ""entry_days_of_month"": [], ""entry_hours"": [], ""external_risk_max"": 1.25, ""family"": ""calendar_teacher_state_fade"", ""flow_lookback_bars"": 6, ""flow_persistence_bars"": 0, ""flow_persistence_threshold"": 0.0, ""flow_threshold"": 0.02, ""funding_abs_cap"": 0.00025, ""funding_rank_min"": 0.0001, ""hold_bars"": 168, ""long_allocation_scale"": 6.0, ""lookback_bars"": 168, ""max_order_value"": 175.0, ""max_rv"": 0.0, ""min_abs_return"": 0.006, ""name"": ""fresh_calendar_teacher_fade_both_lb168_fast72_z035_ret60_h168_fl2_xr125"", ""oi_rank_min"": 0.012, ""primary_symbol"": """", ""rv_lookback_bars"": 24, ""secondary_symbol"": """", ""sharpe_lookback_bars"": 24, ""sharpe_rank_min"": 0.5, ""short_allocation_scale"": 8.0, ""spread_hedge_ratio"": 1.0, ""stop_loss_pct"": 0.004, ""take_profit_pct"": 0.045, ""target_allocation"": 0.008, ""threshold"": 0.35, ""trailing_stop_cap_pct"": 0.012, ""trailing_stop_floor_pct"": 0.004, ""trailing_stop_rv_multiple"": 0.8}",fresh_calendar_teacher_fade_both_lb168_fast72_z035_ret60_h168_fl2_xr125,68,0,0.008422650837403864,34,-15.73392224696053,-6.562428628675364,-0.0084226508374039,0.002957782904162678,"{""cooldown"": 1410, ""signal_missing"": 105}",False,False,364,0,0.04721178596675072,182,-15.979074294166045,-6.308711799022089,-0.047211785966750686,0.0030266733439586017,62,0,0.008273347530951377,31,-15.779065305659783,-6.497543758265026,-0.008273347530951325,0.003259149782253554
"train_positive,val_positive,oos_return_beats_incumbent,oos_mdd_beats_shadow,oos_sharpe_gt_1",calendar_teacher_state_fade,"{""adaptive_lookback_bars"": 24, ""allow_long"": true, ""allow_short"": true, ""broad_min_abs"": 0.006, ""calendar_long_months"": [], ""calendar_long_symbol"": """", ""calendar_short_months"": [], ""calendar_short_symbol"": """", ""calendar_veto_flow_abs"": 0.0, ""calendar_veto_funding_abs"": 0.0, ""calendar_veto_market_ret_abs"": 0.0, ""calendar_veto_resid_z"": 0.0, ""compression_lookback_bars"": 24, ""compression_quantile"": 0.0, ""cooldown_bars"": 42, ""entry_days_of_month"": [], ""entry_hours"": [], ""external_risk_max"": 0.0, ""family"": ""calendar_teacher_state_fade"", ""flow_lookback_bars"": 6, ""flow_persistence_bars"": 0, ""flow_persistence_threshold"": 0.0, ""flow_threshold"": 0.0, ""funding_abs_cap"": 0.00025, ""funding_rank_min"": 0.0001, ""hold_bars"": 168, ""long_allocation_scale"": 6.0, ""lookback_bars"": 72, ""max_order_value"": 175.0, ""max_rv"": 0.0, ""min_abs_return"": 0.003, ""name"": ""fresh_calendar_teacher_fade_both_lb72_fast24_z035_ret30_h168_fl0"", ""oi_rank_min"": 0.012, ""primary_symbol"": """", ""rv_lookback_bars"": 24, ""secondary_symbol"": """", ""sharpe_lookback_bars"": 12, ""sharpe_rank_min"": 0.5, ""short_allocation_scale"": 8.0, ""spread_hedge_ratio"": 1.0, ""stop_loss_pct"": 0.004, ""take_profit_pct"": 0.045, ""target_allocation"": 0.008, ""threshold"": 0.35, ""trailing_stop_cap_pct"": 0.012, ""trailing_stop_floor_pct"": 0.004, ""trailing_stop_rv_multiple"": 0.8}",fresh_calendar_teacher_fade_both_lb72_fast24_z035_ret30_h168_fl0,70,0,0.008450417729611399,35,-14.980522683165974,-6.100768256931551,-0.008450417729611415,0.003116789133896868,"{""cooldown"": 1464, ""signal_missing"": 58, ""teacher_state_rank_gap_too_small"": 8}",False,False,384,0,0.05248538040823041,192,-15.148954410752301,-5.537217672559727,-0.052485380408230364,0.0035588309882357448,64,0,0.008505010533753007,32,-16.30066739624948,-6.956317000531539,-0.008505010533752966,0.003243590804786241
"train_positive,val_positive,oos_return_beats_incumbent,oos_mdd_beats_shadow,oos_sharpe_gt_1",calendar_teacher_state_fade,"{""adaptive_lookback_bars"": 72, ""allow_long"": true, ""allow_short"": true, ""broad_min_abs"": 0.006, ""calendar_long_months"": [], ""calendar_long_symbol"": """", ""calendar_short_months"": [], ""calendar_short_symbol"": """", ""calendar_veto_flow_abs"": 0.0, ""calendar_veto_funding_abs"": 0.0, ""calendar_veto_market_ret_abs"": 0.0, ""calendar_veto_resid_z"": 0.0, ""compression_lookback_bars"": 24, ""compression_quantile"": 0.0, ""cooldown_bars"": 42, ""entry_days_of_month"": [], ""entry_hours"": [], ""external_risk_max"": 0.0, ""family"": ""calendar_teacher_state_fade"", ""flow_lookback_bars"": 6, ""flow_persistence_bars"": 0, ""flow_persistence_threshold"": 0.0, ""flow_threshold"": 0.02, ""funding_abs_cap"": 0.00025, ""funding_rank_min"": 0.0001, ""hold_bars"": 168, ""long_allocation_scale"": 6.0, ""lookback_bars"": 336, ""max_order_value"": 175.0, ""max_rv"": 0.0, ""min_abs_return"": 0.006, ""name"": ""fresh_calendar_teacher_fade_both_lb336_fast72_z050_ret60_h168_fl2"", ""oi_rank_min"": 0.012, ""primary_symbol"": """", ""rv_lookback_bars"": 24, ""secondary_symbol"": """", ""sharpe_lookback_bars"": 24, ""sharpe_rank_min"": 0.5, ""short_allocation_scale"": 8.0, ""spread_hedge_ratio"": 1.0, ""stop_loss_pct"": 0.004, ""take_profit_pct"": 0.045, ""target_allocation"": 0.008, ""threshold"": 0.5, ""trailing_stop_cap_pct"": 0.012, ""trailing_stop_floor_pct"": 0.004, ""trailing_stop_rv_multiple"": 0.8}",fresh_calendar_teacher_fade_both_lb336_fast72_z050_ret60_h168_fl2,58,0,0.008470172558774356,29,-14.197205135916004,-4.8656589889167305,-0.008470172558774358,0.0032964362979223238,"{""cooldown"": 1181, ""signal_missing"": 316, ""teacher_state_rank_gap_too_small"": 34}",False,False,320,0,0.04162737604979738,160,-14.043700830663335,-5.01172304240853,-0.04162737604979738,0.003027605366241975,62,0,0.00883474817628718,31,-16.553758647242677,-6.623824391763793,-0.008746289553032915,0.0032850098370906244
"train_positive,val_positive,oos_return_beats_incumbent,oos_mdd_beats_shadow,oos_sharpe_gt_1",calendar_teacher_state_fade,"{""adaptive_lookback_bars"": 72, ""allow_long"": true, ""allow_short"": true, ""broad_min_abs"": 0.006, ""calendar_long_months"": [], ""calendar_long_symbol"": """", ""calendar_short_months"": [], ""calendar_short_symbol"": """", ""calendar_veto_flow_abs"": 0.0, ""calendar_veto_funding_abs"": 0.0, ""calendar_veto_market_ret_abs"": 0.0, ""calendar_veto_resid_z"": 0.0, ""compression_lookback_bars"": 24, ""compression_quantile"": 0.0, ""cooldown_bars"": 42, ""entry_days_of_month"": [], ""entry_hours"": [], ""external_risk_max"": 0.0, ""family"": ""calendar_teacher_state_fade"", ""flow_lookback_bars"": 6, ""flow_persistence_bars"": 0, ""flow_persistence_threshold"": 0.0, ""flow_threshold"": 0.02, ""funding_abs_cap"": 0.00025, ""funding_rank_min"": 0.0001, ""hold_bars"": 168, ""long_allocation_scale"": 6.0, ""lookback_bars"": 336, ""max_order_value"": 175.0, ""max_rv"": 0.0, ""min_abs_return"": 0.003, ""name"": ""fresh_calendar_teacher_fade_both_lb336_fast72_z050_ret30_h168_fl2"", ""oi_rank_min"": 0.012, ""primary_symbol"": """", ""rv_lookback_bars"": 24, ""secondary_symbol"": """", ""sharpe_lookback_bars"": 24, ""sharpe_rank_min"": 0.5, ""short_allocation_scale"": 8.0, ""spread_hedge_ratio"": 1.0, ""stop_loss_pct"": 0.004, ""take_profit_pct"": 0.045, ""target_allocation"": 0.008, ""threshold"": 0.5, ""trailing_stop_cap_pct"": 0.012, ""trailing_stop_floor_pct"": 0.004, ""trailing_stop_rv_multiple"": 0.8}",fresh_calendar_teacher_fade_both_lb336_fast72_z050_ret30_h168_fl2,60,0,0.008472392911313364,30,-14.071948953875562,-4.9006885329336685,-0.008472392911313409,0.0033266468167696414,"{""cooldown"": 1223, ""signal_missing"": 273, ""teacher_state_rank_gap_too_small"": 34}",False,False,322,0,0.0418599386585689,161,-14.06302841478387,-5.01230609320323,-0.04185993865856885,0.003040700981470636,62,0,0.00889281434670222,31,-16.60859142053218,-6.637953048304888,-0.00880436090568526,0.0032959997517160904
"train_positive,val_positive,oos_return_beats_incumbent,oos_mdd_beats_shadow,oos_sharpe_gt_1",calendar_teacher_state_fade,"{""adaptive_lookback_bars"": 72, ""allow_long"": true, ""allow_short"": true, ""broad_min_abs"": 0.006, ""calendar_long_months"": [], ""calendar_long_symbol"": """", ""calendar_short_months"": [], ""calendar_short_symbol"": """", ""calendar_veto_flow_abs"": 0.0, ""calendar_veto_funding_abs"": 0.0, ""calendar_veto_market_ret_abs"": 0.0, ""calendar_veto_resid_z"": 0.0, ""compression_lookback_bars"": 24, ""compression_quantile"": 0.0, ""cooldown_bars"": 42, ""entry_days_of_month"": [], ""entry_hours"": [], ""external_risk_max"": 0.0, ""family"": ""calendar_teacher_state_fade"", ""flow_lookback_bars"": 6, ""flow_persistence_bars"": 0, ""flow_persistence_threshold"": 0.0, ""flow_threshold"": 0.02, ""funding_abs_cap"": 0.00025, ""funding_rank_min"": 0.0001, ""hold_bars"": 168, ""long_allocation_scale"": 6.0, ""lookback_bars"": 168, ""max_order_value"": 175.0, ""max_rv"": 0.0, ""min_abs_return"": 0.006, ""name"": ""fresh_calendar_teacher_fade_both_lb168_fast72_z050_ret60_h168_fl2"", ""oi_rank_min"": 0.012, ""primary_symbol"": """", ""rv_lookback_bars"": 24, ""secondary_symbol"": """", ""sharpe_lookback_bars"": 24, ""sharpe_rank_min"": 0.5, ""short_allocation_scale"": 8.0, ""spread_hedge_ratio"": 1.0, ""stop_loss_pct"": 0.004, ""take_profit_pct"": 0.045, ""target_allocation"": 0.008, ""threshold"": 0.5, ""trailing_stop_cap_pct"": 0.012, ""trailing_stop_floor_pct"": 0.004, ""trailing_stop_rv_multiple"": 0.8}",fresh_calendar_teacher_fade_both_lb168_fast72_z050_ret60_h168_fl2,68,0,0.008479053855894297,34,-15.486384137987736,-6.363453755731749,-0.008479053855894314,0.003025259211487085,"{""cooldown"": 1410, ""signal_missing"": 111}",False,False,360,0,0.0483212354319483,180,-15.231668117813618,-5.788259540665517,-0.04832123543194833,0.0032516439094449545,60,0,0.008308489998036513,30,-16.544605841447183,-6.781934636139294,-0.008308489998036461,0.0031216309543875337
"train_positive,val_positive,oos_return_beats_incumbent,oos_mdd_beats_shadow,oos_sharpe_gt_1",calendar_teacher_state_fade,"{""adaptive_lookback_bars"": 72, ""allow_long"": true, ""allow_short"": true, ""broad_min_abs"": 0.006, ""calendar_long_months"": [], ""calendar_long_symbol"": """", ""calendar_short_months"": [], ""calendar_short_symbol"": """", ""calendar_veto_flow_abs"": 0.0, ""calendar_veto_funding_abs"": 0.0, ""calendar_veto_market_ret_abs"": 0.0, ""calendar_veto_resid_z"": 0.0, ""compression_lookback_bars"": 24, ""compression_quantile"": 0.0, ""cooldown_bars"": 42, ""entry_days_of_month"": [], ""entry_hours"": [], ""external_risk_max"": 0.0, ""family"": ""calendar_teacher_state_fade"", ""flow_lookback_bars"": 6, ""flow_persistence_bars"": 0, ""flow_persistence_threshold"": 0.0, ""flow_threshold"": 0.02, ""funding_abs_cap"": 0.00025, ""funding_rank_min"": 0.0001, ""hold_bars"": 168, ""long_allocation_scale"": 6.0, ""lookback_bars"": 168, ""max_order_value"": 175.0, ""max_rv"": 0.0, ""min_abs_return"": 0.006, ""name"": ""fresh_calendar_teacher_fade_both_lb168_fast72_z035_ret60_h168_fl2"", ""oi_rank_min"": 0.012, ""primary_symbol"": """", ""rv_lookback_bars"": 24, ""secondary_symbol"": """", ""sharpe_lookback_bars"": 24, ""sharpe_rank_min"": 0.5, ""short_allocation_scale"": 8.0, ""spread_hedge_ratio"": 1.0, ""stop_loss_pct"": 0.004, ""take_profit_pct"": 0.045, ""target_allocation"": 0.008, ""threshold"": 0.35, ""trailing_stop_cap_pct"": 0.012, ""trailing_stop_floor_pct"": 0.004, ""trailing_stop_rv_multiple"": 0.8}",fresh_calendar_teacher_fade_both_lb168_fast72_z035_ret60_h168_fl2,68,0,0.008537135965008892,34,-15.819901455709253,-6.639476231131067,-0.008537135965008935,0.0029818640141055135,"{""cooldown"": 1410, ""signal_missing"": 105}",False,False,364,0,0.04738942552608387,182,-15.965649741308912,-6.2910021841967945,-0.04738942552608383,0.0030408956296509434,62,0,0.008386503646900169,31,-16.135398432956215,-6.624867243732377,-0.00838650364690019,0.0032309606359798406
"train_positive,val_positive,oos_return_beats_incumbent,oos_mdd_beats_shadow,oos_sharpe_gt_1",calendar_teacher_state_fade,"{""adaptive_lookback_bars"": 24, ""allow_long"": true, ""allow_short"": true, ""broad_min_abs"": 0.006, ""calendar_long_months"": [], ""calendar_long_symbol"": """", ""calendar_short_months"": [], ""calendar_short_symbol"": """", ""calendar_veto_flow_abs"": 0.0, ""calendar_veto_funding_abs"": 0.0, ""calendar_veto_market_ret_abs"": 0.0, ""calendar_veto_resid_z"": 0.0, ""compression_lookback_bars"": 24, ""compression_quantile"": 0.0, ""cooldown_bars"": 42, ""entry_days_of_month"": [], ""entry_hours"": [], ""external_risk_max"": 0.0, ""family"": ""calendar_teacher_state_fade"", ""flow_lookback_bars"": 6, ""flow_persistence_bars"": 0, ""flow_persistence_threshold"": 0.0, ""flow_threshold"": 0.02, ""funding_abs_cap"": 0.00025, ""funding_rank_min"": 0.0001, ""hold_bars"": 168, ""long_allocation_scale"": 6.0, ""lookback_bars"": 72, ""max_order_value"": 175.0, ""max_rv"": 0.0, ""min_abs_return"": 0.003, ""name"": ""fresh_calendar_teacher_fade_both_lb72_fast24_z035_ret30_h168_fl2"", ""oi_rank_min"": 0.012, ""primary_symbol"": """", ""rv_lookback_bars"": 24, ""secondary_symbol"": """", ""sharpe_lookback_bars"": 12, ""sharpe_rank_min"": 0.5, ""short_allocation_scale"": 8.0, ""spread_hedge_ratio"": 1.0, ""stop_loss_pct"": 0.004, ""take_profit_pct"": 0.045, ""target_allocation"": 0.008, ""threshold"": 0.35, ""trailing_stop_cap_pct"": 0.012, ""trailing_stop_floor_pct"": 0.004, ""trailing_stop_rv_multiple"": 0.8}",fresh_calendar_teacher_fade_both_lb72_fast24_z035_ret30_h168_fl2,70,0,0.008547635168928173,35,-15.411153135122005,-6.426379646288883,-0.008547635168928203,0.0030647164113778123,"{""cooldown"": 1464, ""signal_missing"": 61, ""teacher_state_rank_gap_too_small"": 8}",False,False,382,0,0.05122769687428299,191,-15.431382670352484,-5.698777860156993,-0.05110742676145674,0.003399548890356189,62,0,0.008754371185447403,31,-15.872937422514365,-6.647098735410242,-0.008754371185447418,0.0034290596969312366
"train_positive,val_positive,oos_return_beats_incumbent,oos_mdd_beats_shadow,oos_sharpe_gt_1",calendar_teacher_state_fade,"{""adaptive_lookback_bars"": 24, ""allow_long"": true, ""allow_short"": true, ""broad_min_abs"": 0.006, ""calendar_long_months"": [], ""calendar_long_symbol"": """", ""calendar_short_months"": [], ""calendar_short_symbol"": """", ""calendar_veto_flow_abs"": 0.0, ""calendar_veto_funding_abs"": 0.0, ""calendar_veto_market_ret_abs"": 0.0, ""calendar_veto_resid_z"": 0.0, ""compression_lookback_bars"": 24, ""compression_quantile"": 0.0, ""cooldown_bars"": 42, ""entry_days_of_month"": [], ""entry_hours"": [], ""external_risk_max"": 1.25, ""family"": ""calendar_teacher_state_fade"", ""flow_lookback_bars"": 6, ""flow_persistence_bars"": 0, ""flow_persistence_threshold"": 0.0, ""flow_threshold"": 0.02, ""funding_abs_cap"": 0.00025, ""funding_rank_min"": 0.0001, ""hold_bars"": 168, ""long_allocation_scale"": 6.0, ""lookback_bars"": 72, ""max_order_value"": 175.0, ""max_rv"": 0.0, ""min_abs_return"": 0.006, ""name"": ""fresh_calendar_teacher_fade_both_lb72_fast24_z075_ret60_h168_fl2_xr125"", ""oi_rank_min"": 0.012, ""primary_symbol"": """", ""rv_lookback_bars"": 24, ""secondary_symbol"": """", ""sharpe_lookback_bars"": 12, ""sharpe_rank_min"": 0.75, ""short_allocation_scale"": 8.0, ""spread_hedge_ratio"": 1.0, ""stop_loss_pct"": 0.004, ""take_profit_pct"": 0.045, ""target_allocation"": 0.008, ""threshold"": 0.75, ""trailing_stop_cap_pct"": 0.012, ""trailing_stop_floor_pct"": 0.004, ""trailing_stop_rv_multiple"": 0.8}",fresh_calendar_teacher_fade_both_lb72_fast24_z075_ret60_h168_fl2_xr125,68,0,0.008580827995613254,34,-17.439759651721733,-7.946538025788189,-0.008580827995613216,0.0027188467794408834,"{""cooldown"": 1390, ""signal_missing"": 114, ""teacher_state_rank_gap_too_small"": 35}",False,False,370,0,0.05226915978904017,185,-15.57997670043198,-5.563230850521442,-0.05226915978904012,0.0034457540744971364,60,0,0.008141298048583049,30,-15.849894225249793,-6.374358362371973,-0.008133656391203892,0.003189586687938032
"train_positive,val_positive,oos_return_beats_incumbent,oos_mdd_beats_shadow,oos_sharpe_gt_1",calendar_teacher_state_fade,"{""adaptive_lookback_bars"": 24, ""allow_long"": true, ""allow_short"": true, ""broad_min_abs"": 0.006, ""calendar_long_months"": [], ""calendar_long_symbol"": """", ""calendar_short_months"": [], ""calendar_short_symbol"": """", ""calendar_veto_flow_abs"": 0.0, ""calendar_veto_funding_abs"": 0.0, ""calendar_veto_market_ret_abs"": 0.0, ""calendar_veto_resid_z"": 0.0, ""compression_lookback_bars"": 24, ""compression_quantile"": 0.0, ""cooldown_bars"": 42, ""entry_days_of_month"": [], ""entry_hours"": [], ""external_risk_max"": 0.0, ""family"": ""calendar_teacher_state_fade"", ""flow_lookback_bars"": 6, ""flow_persistence_bars"": 0, ""flow_persistence_threshold"": 0.0, ""flow_threshold"": 0.02, ""funding_abs_cap"": 0.00025, ""funding_rank_min"": 0.0001, ""hold_bars"": 168, ""long_allocation_scale"": 6.0, ""lookback_bars"": 72, ""max_order_value"": 175.0, ""max_rv"": 0.0, ""min_abs_return"": 0.006, ""name"": ""fresh_calendar_teacher_fade_both_lb72_fast24_z035_ret60_h168_fl2"", ""oi_rank_min"": 0.012, ""primary_symbol"": """", ""rv_lookback_bars"": 24, ""secondary_symbol"": """", ""sharpe_lookback_bars"": 12, ""sharpe_rank_min"": 0.5, ""short_allocation_scale"": 8.0, ""spread_hedge_ratio"": 1.0, ""stop_loss_pct"": 0.004, ""take_profit_pct"": 0.045, ""target_allocation"": 0.008, ""threshold"": 0.35, ""trailing_stop_cap_pct"": 0.012, ""trailing_stop_floor_pct"": 0.004, ""trailing_stop_rv_multiple"": 0.8}",fresh_calendar_teacher_fade_both_lb72_fast24_z035_ret60_h168_fl2,70,0,0.008678090645888915,35,-15.665613950388837,-6.517515459105547,-0.00867809064588887,0.0030611561262859155,"{""cooldown"": 1454, ""signal_missing"": 65, ""teacher_state_rank_gap_too_small"": 6}",False,False,384,0,0.050127037606902014,192,-15.576479731555418,-5.800024636959306,-0.05000676749407573,0.0032934720584456264,62,0,0.008399092360451622,31,-15.692599760452822,-6.2801376570066605,-0.008391452689218037,0.0033240782567061458
"train_positive,val_positive,oos_return_beats_incumbent,oos_mdd_beats_shadow,oos_sharpe_gt_1",calendar_teacher_state_fade,"{""adaptive_lookback_bars"": 24, ""allow_long"": true, ""allow_short"": true, ""broad_min_abs"": 0.006, ""calendar_long_months"": [], ""calendar_long_symbol"": """", ""calendar_short_months"": [], ""calendar_short_symbol"": """", ""calendar_veto_flow_abs"": 0.0, ""calendar_veto_funding_abs"": 0.0, ""calendar_veto_market_ret_abs"": 0.0, ""calendar_veto_resid_z"": 0.0, ""compression_lookback_bars"": 24, ""compression_quantile"": 0.0, ""cooldown_bars"": 42, ""entry_days_of_month"": [], ""entry_hours"": [], ""external_risk_max"": 0.0, ""family"": ""calendar_teacher_state_fade"", ""flow_lookback_bars"": 6, ""flow_persistence_bars"": 0, ""flow_persistence_threshold"": 0.0, ""flow_threshold"": 0.02, ""funding_abs_cap"": 0.00025, ""funding_rank_min"": 0.0001, ""hold_bars"": 168, ""long_allocation_scale"": 6.0, ""lookback_bars"": 72, ""max_order_value"": 175.0, ""max_rv"": 0.0, ""min_abs_return"": 0.006, ""name"": ""fresh_calendar_teacher_fade_both_lb72_fast24_z075_ret60_h168_fl2"", ""oi_rank_min"": 0.012, ""primary_symbol"": """", ""rv_lookback_bars"": 24, ""secondary_symbol"": """", ""sharpe_lookback_bars"": 12, ""sharpe_rank_min"": 0.75, ""short_allocation_scale"": 8.0, ""spread_hedge_ratio"": 1.0, ""stop_loss_pct"": 0.004, ""take_profit_pct"": 0.045, ""target_allocation"": 0.008, ""threshold"": 0.75, ""trailing_stop_cap_pct"": 0.012, ""trailing_stop_floor_pct"": 0.004, ""trailing_stop_rv_multiple"": 0.8}",fresh_calendar_teacher_fade_both_lb72_fast24_z075_ret60_h168_fl2,68,0,0.008699503715084938,34,-17.012611460733343,-7.267346182692976,-0.008699503715084989,0.0028258119210030856,"{""cooldown"": 1390, ""signal_missing"": 114, ""teacher_state_rank_gap_too_small"": 36}",False,False,370,0,0.05189451714015577,185,-15.650166829118092,-5.646789673522429,-0.051894517140155805,0.0034050524031002923,60,0,0.008176884105964215,30,-15.92742548882135,-6.402389504387803,-0.008169242722753545,0.0031880063929790848
"train_positive,val_positive,oos_return_beats_incumbent,oos_mdd_beats_shadow,oos_sharpe_gt_1",calendar_teacher_state_fade,"{""adaptive_lookback_bars"": 72, ""allow_long"": true, ""allow_short"": true, ""broad_min_abs"": 0.006, ""calendar_long_months"": [], ""calendar_long_symbol"": """", ""calendar_short_months"": [], ""calendar_short_symbol"": """", ""calendar_veto_flow_abs"": 0.0, ""calendar_veto_funding_abs"": 0.0, ""calendar_veto_market_ret_abs"": 0.0, ""calendar_veto_resid_z"": 0.0, ""compression_lookback_bars"": 24, ""compression_quantile"": 0.0, ""cooldown_bars"": 42, ""entry_days_of_month"": [], ""entry_hours"": [], ""external_risk_max"": 0.0, ""family"": ""calendar_teacher_state_fade"", ""flow_lookback_bars"": 6, ""flow_persistence_bars"": 0, ""flow_persistence_threshold"": 0.0, ""flow_threshold"": 0.02, ""funding_abs_cap"": 0.00025, ""funding_rank_min"": 0.0001, ""hold_bars"": 168, ""long_allocation_scale"": 6.0, ""lookback_bars"": 336, ""max_order_value"": 175.0, ""max_rv"": 0.0, ""min_abs_return"": 0.003, ""name"": ""fresh_calendar_teacher_fade_both_lb336_fast72_z035_ret30_h168_fl2"", ""oi_rank_min"": 0.012, ""primary_symbol"": """", ""rv_lookback_bars"": 24, ""secondary_symbol"": """", ""sharpe_lookback_bars"": 24, ""sharpe_rank_min"": 0.5, ""short_allocation_scale"": 8.0, ""spread_hedge_ratio"": 1.0, ""stop_loss_pct"": 0.004, ""take_profit_pct"": 0.045, ""target_allocation"": 0.008, ""threshold"": 0.35, ""trailing_stop_cap_pct"": 0.012, ""trailing_stop_floor_pct"": 0.004, ""trailing_stop_rv_multiple"": 0.8}",fresh_calendar_teacher_fade_both_lb336_fast72_z035_ret30_h168_fl2,64,0,0.008814987140056655,32,-14.858488717858856,-5.590608078480517,-0.008814987140056685,0.003278537894555816,"{""cooldown"": 1310, ""signal_missing"": 187, ""teacher_state_rank_gap_too_small"": 28}",False,False,326,0,0.045251725345272824,163,-14.139549575128928,-4.858329372598504,-0.045251725345272775,0.0032750237814970864,62,0,0.008668604418476085,31,-16.32254249244372,-6.966836875769192,-0.008580130967373423,0.003267975944052002
"train_positive,val_positive,oos_return_beats_incumbent,oos_mdd_beats_shadow,oos_sharpe_gt_1",calendar_teacher_state_fade,"{""adaptive_lookback_bars"": 72, ""allow_long"": true, ""allow_short"": true, ""broad_min_abs"": 0.006, ""calendar_long_months"": [], ""calendar_long_symbol"": """", ""calendar_short_months"": [], ""calendar_short_symbol"": """", ""calendar_veto_flow_abs"": 0.0, ""calendar_veto_funding_abs"": 0.0, ""calendar_veto_market_ret_abs"": 0.0, ""calendar_veto_resid_z"": 0.0, ""compression_lookback_bars"": 24, ""compression_quantile"": 0.0, ""cooldown_bars"": 42, ""entry_days_of_month"": [], ""entry_hours"": [], ""external_risk_max"": 0.0, ""family"": ""calendar_teacher_state_fade"", ""flow_lookback_bars"": 6, ""flow_persistence_bars"": 0, ""flow_persistence_threshold"": 0.0, ""flow_threshold"": 0.02, ""funding_abs_cap"": 0.00025, ""funding_rank_min"": 0.0001, ""hold_bars"": 168, ""long_allocation_scale"": 6.0, ""lookback_bars"": 336, ""max_order_value"": 175.0, ""max_rv"": 0.0, ""min_abs_return"": 0.006, ""name"": ""fresh_calendar_teacher_fade_both_lb336_fast72_z035_ret60_h168_fl2"", ""oi_rank_min"": 0.012, ""primary_symbol"": """", ""rv_lookback_bars"": 24, ""secondary_symbol"": """", ""sharpe_lookback_bars"": 24, ""sharpe_rank_min"": 0.5, ""short_allocation_scale"": 8.0, ""spread_hedge_ratio"": 1.0, ""stop_loss_pct"": 0.004, ""take_profit_pct"": 0.045, ""target_allocation"": 0.008, ""threshold"": 0.35, ""trailing_stop_cap_pct"": 0.012, ""trailing_stop_floor_pct"": 0.004, ""trailing_stop_rv_multiple"": 0.8}",fresh_calendar_teacher_fade_both_lb336_fast72_z035_ret60_h168_fl2,64,0,0.008895361796831093,32,-14.969225095670605,-5.665791656209927,-0.008895361796831147,0.003284091939058682,"{""cooldown"": 1310, ""signal_missing"": 186, ""teacher_state_rank_gap_too_small"": 28}",False,False,324,0,0.04478248114147191,162,-14.06049369201588,-4.813459921425785,-0.044782481141471875,0.0032584913894380747,62,0,0.00876677573859238,31,-16.3121219029527,-6.9854948495465905,-0.008678311048995302,0.003307641246976563
"train_positive,val_positive,oos_return_beats_incumbent,oos_mdd_beats_shadow,oos_sharpe_gt_1",calendar_teacher_state_fade,"{""adaptive_lookback_bars"": 72, ""allow_long"": true, ""allow_short"": true, ""broad_min_abs"": 0.006, ""calendar_long_months"": [], ""calendar_long_symbol"": """", ""calendar_short_months"": [], ""calendar_short_symbol"": """", ""calendar_veto_flow_abs"": 0.0, ""calendar_veto_funding_abs"": 0.0, ""calendar_veto_market_ret_abs"": 0.0, ""calendar_veto_resid_z"": 0.0, ""compression_lookback_bars"": 24, ""compression_quantile"": 0.0, ""cooldown_bars"": 30, ""entry_days_of_month"": [], ""entry_hours"": [], ""external_risk_max"": 1.25, ""family"": ""calendar_teacher_state_fade"", ""flow_lookback_bars"": 6, ""flow_persistence_bars"": 0, ""flow_persistence_threshold"": 0.0, ""flow_threshold"": 0.0, ""funding_abs_cap"": 0.00025, ""funding_rank_min"": 0.0001, ""hold_bars"": 120, ""long_allocation_scale"": 6.0, ""lookback_bars"": 336, ""max_order_value"": 175.0, ""max_rv"": 0.0, ""min_abs_return"": 0.003, ""name"": ""fresh_calendar_teacher_fade_both_lb336_fast72_z075_ret30_h120_fl0_xr125"", ""oi_rank_min"": 0.012, ""primary_symbol"": """", ""rv_lookback_bars"": 24, ""secondary_symbol"": """", ""sharpe_lookback_bars"": 24, ""sharpe_rank_min"": 0.75, ""short_allocation_scale"": 8.0, ""spread_hedge_ratio"": 1.0, ""stop_loss_pct"": 0.004, ""take_profit_pct"": 0.045, ""target_allocation"": 0.008, ""threshold"": 0.75, ""trailing_stop_cap_pct"": 0.012, ""trailing_stop_floor_pct"": 0.004, ""trailing_stop_rv_multiple"": 0.8}",fresh_calendar_teacher_fade_both_lb336_fast72_z075_ret30_h120_fl0_xr125,70,0,0.008949025718692974,35,-16.997691266885713,-7.321730134504161,-0.008949025718692938,0.002909772430145729,"{""cooldown"": 1050, ""signal_missing"": 404, ""teacher_state_rank_gap_too_small"": 82}",False,False,416,0,0.0589707393032053,208,-16.292832876900736,-6.406829968678346,-0.05897073930320529,0.003730524607575468,80,0,0.010550540386858834,40,-19.544592640695626,-10.28851168774378,-0.010462234893081734,0.0033311080514474697
"train_positive,val_positive,oos_return_beats_incumbent,oos_mdd_beats_shadow,oos_sharpe_gt_1",calendar_teacher_state_fade,"{""adaptive_lookback_bars"": 72, ""allow_long"": true, ""allow_short"": true, ""broad_min_abs"": 0.006, ""calendar_long_months"": [], ""calendar_long_symbol"": """", ""calendar_short_months"": [], ""calendar_short_symbol"": """", ""calendar_veto_flow_abs"": 0.0, ""calendar_veto_funding_abs"": 0.0, ""calendar_veto_market_ret_abs"": 0.0, ""calendar_veto_resid_z"": 0.0, ""compression_lookback_bars"": 24, ""compression_quantile"": 0.0, ""cooldown_bars"": 30, ""entry_days_of_month"": [], ""entry_hours"": [], ""external_risk_max"": 1.25, ""family"": ""calendar_teacher_state_fade"", ""flow_lookback_bars"": 6, ""flow_persistence_bars"": 0, ""flow_persistence_threshold"": 0.0, ""flow_threshold"": 0.0, ""funding_abs_cap"": 0.00025, ""funding_rank_min"": 0.0001, ""hold_bars"": 120, ""long_allocation_scale"": 6.0, ""lookback_bars"": 336, ""max_order_value"": 175.0, ""max_rv"": 0.0, ""min_abs_return"": 0.009, ""name"": ""fresh_calendar_teacher_fade_both_lb336_fast72_z075_ret90_h120_fl0_xr125"", ""oi_rank_min"": 0.012, ""primary_symbol"": """", ""rv_lookback_bars"": 24, ""secondary_symbol"": """", ""sharpe_lookback_bars"": 24, ""sharpe_rank_min"": 0.75, ""short_allocation_scale"": 8.0, ""spread_hedge_ratio"": 1.0, ""stop_loss_pct"": 0.004, ""take_profit_pct"": 0.045, ""target_allocation"": 0.008, ""threshold"": 0.75, ""trailing_stop_cap_pct"": 0.012, ""trailing_stop_floor_pct"": 0.004, ""trailing_stop_rv_multiple"": 0.8}",fresh_calendar_teacher_fade_both_lb336_fast72_z075_ret90_h120_fl0_xr125,72,0,0.00896280540492462,36,-17.681518964902818,-8.121994352040668,-0.008962805404924667,0.0028015822637782045,"{""cooldown"": 1051, ""signal_missing"": 413, ""teacher_state_rank_gap_too_small"": 80}",False,False,412,0,0.05748079056808292,206,-16.700419120044753,-6.667873100962284,-0.05748079056808297,0.0035447765420427977,80,0,0.011089541089598632,40,-19.242110049658855,-9.360760975654594,-0.011001283700070474,0.0035587413497201264
"train_positive,val_positive,oos_return_beats_incumbent,oos_mdd_beats_shadow,oos_sharpe_gt_1",calendar_teacher_state_fade,"{""adaptive_lookback_bars"": 72, ""allow_long"": true, ""allow_short"": true, ""broad_min_abs"": 0.006, ""calendar_long_months"": [], ""calendar_long_symbol"": """", ""calendar_short_months"": [], ""calendar_short_symbol"": """", ""calendar_veto_flow_abs"": 0.0, ""calendar_veto_funding_abs"": 0.0, ""calendar_veto_market_ret_abs"": 0.0, ""calendar_veto_resid_z"": 0.0, ""compression_lookback_bars"": 24, ""compression_quantile"": 0.0, ""cooldown_bars"": 30, ""entry_days_of_month"": [], ""entry_hours"": [], ""external_risk_max"": 1.25, ""family"": ""calendar_teacher_state_fade"", ""flow_lookback_bars"": 6, ""flow_persistence_bars"": 0, ""flow_persistence_threshold"": 0.0, ""flow_threshold"": 0.0, ""funding_abs_cap"": 0.00025, ""funding_rank_min"": 0.0001, ""hold_bars"": 120, ""long_allocation_scale"": 6.0, ""lookback_bars"": 336, ""max_order_value"": 175.0, ""max_rv"": 0.0, ""min_abs_return"": 0.006, ""name"": ""fresh_calendar_teacher_fade_both_lb336_fast72_z075_ret60_h120_fl0_xr125"", ""oi_rank_min"": 0.012, ""primary_symbol"": """", ""rv_lookback_bars"": 24, ""secondary_symbol"": """", ""sharpe_lookback_bars"": 24, ""sharpe_rank_min"": 0.75, ""short_allocation_scale"": 8.0, ""spread_hedge_ratio"": 1.0, ""stop_loss_pct"": 0.004, ""take_profit_pct"": 0.045, ""target_allocation"": 0.008, ""threshold"": 0.75, ""trailing_stop_cap_pct"": 0.012, ""trailing_stop_floor_pct"": 0.004, ""trailing_stop_rv_multiple"": 0.8}",fresh_calendar_teacher_fade_both_lb336_fast72_z075_ret60_h120_fl0_xr125,72,0,0.009079773064363326,36,-17.79863597894501,-8.047299471995156,-0.009079773064363361,0.0028196346445547448,"{""cooldown"": 1051, ""signal_missing"": 408, ""teacher_state_rank_gap_too_small"": 80}",False,False,412,0,0.05815804405962553,206,-16.111551582856993,-6.265181198945196,-0.05815804405962555,0.0037189164075922937,80,0,0.010428939918509721,40,-19.891341748786143,-10.480338806052451,-0.010340623572243524,0.00323480870155803
"train_positive,val_positive,oos_return_beats_incumbent,oos_mdd_beats_shadow,oos_sharpe_gt_1",calendar_teacher_state_fade,"{""adaptive_lookback_bars"": 24, ""allow_long"": true, ""allow_short"": true, ""broad_min_abs"": 0.006, ""calendar_long_months"": [], ""calendar_long_symbol"": """", ""calendar_short_months"": [], ""calendar_short_symbol"": """", ""calendar_veto_flow_abs"": 0.0, ""calendar_veto_funding_abs"": 0.0, ""calendar_veto_market_ret_abs"": 0.0, ""calendar_veto_resid_z"": 0.0, ""compression_lookback_bars"": 24, ""compression_quantile"": 0.0, ""cooldown_bars"": 30, ""entry_days_of_month"": [], ""entry_hours"": [], ""external_risk_max"": 1.25, ""family"": ""calendar_teacher_state_fade"", ""flow_lookback_bars"": 6, ""flow_persistence_bars"": 0, ""flow_persistence_threshold"": 0.0, ""flow_threshold"": 0.02, ""funding_abs_cap"": 0.00025, ""funding_rank_min"": 0.0001, ""hold_bars"": 120, ""long_allocation_scale"": 6.0, ""lookback_bars"": 72, ""max_order_value"": 175.0, ""max_rv"": 0.0, ""min_abs_return"": 0.003, ""name"": ""fresh_calendar_teacher_fade_both_lb72_fast24_z075_ret30_h120_fl2_xr125"", ""oi_rank_min"": 0.012, ""primary_symbol"": """", ""rv_lookback_bars"": 24, ""secondary_symbol"": """", ""sharpe_lookback_bars"": 12, ""sharpe_rank_min"": 0.75, ""short_allocation_scale"": 8.0, ""spread_hedge_ratio"": 1.0, ""stop_loss_pct"": 0.004, ""take_profit_pct"": 0.045, ""target_allocation"": 0.008, ""threshold"": 0.75, ""trailing_stop_cap_pct"": 0.012, ""trailing_stop_floor_pct"": 0.004, ""trailing_stop_rv_multiple"": 0.8}",fresh_calendar_teacher_fade_both_lb72_fast24_z075_ret30_h120_fl2_xr125,88,0,0.009161522406032782,44,-16.85347531112648,-8.70519649641486,-0.00916152240603274,0.0030046667470823574,"{""cooldown"": 1303, ""signal_missing"": 134, ""teacher_state_rank_gap_too_small"": 41}",False,False,504,0,0.0701304422848394,252,-17.356887870427716,-7.158121606775554,-0.07013044228483944,0.004189125837779162,78,0,0.009965342771535999,39,-19.51330363862388,-9.54809196840539,-0.00995771516729238,0.003174760993063679
"train_positive,val_positive,oos_return_beats_incumbent,oos_mdd_beats_shadow,oos_sharpe_gt_1",calendar_teacher_state_fade,"{""adaptive_lookback_bars"": 24, ""allow_long"": true, ""allow_short"": true, ""broad_min_abs"": 0.006, ""calendar_long_months"": [], ""calendar_long_symbol"": """", ""calendar_short_months"": [], ""calendar_short_symbol"": """", ""calendar_veto_flow_abs"": 0.0, ""calendar_veto_funding_abs"": 0.0, ""calendar_veto_market_ret_abs"": 0.0, ""calendar_veto_resid_z"": 0.0, ""compression_lookback_bars"": 24, ""compression_quantile"": 0.0, ""cooldown_bars"": 30, ""entry_days_of_month"": [], ""entry_hours"": [], ""external_risk_max"": 1.25, ""family"": ""calendar_teacher_state_fade"", ""flow_lookback_bars"": 6, ""flow_persistence_bars"": 0, ""flow_persistence_threshold"": 0.0, ""flow_threshold"": 0.0, ""funding_abs_cap"": 0.00025, ""funding_rank_min"": 0.0001, ""hold_bars"": 120, ""long_allocation_scale"": 6.0, ""lookback_bars"": 72, ""max_order_value"": 175.0, ""max_rv"": 0.0, ""min_abs_return"": 0.003, ""name"": ""fresh_calendar_teacher_fade_both_lb72_fast24_z075_ret30_h120_fl0_xr125"", ""oi_rank_min"": 0.012, ""primary_symbol"": """", ""rv_lookback_bars"": 24, ""secondary_symbol"": """", ""sharpe_lookback_bars"": 12, ""sharpe_rank_min"": 0.75, ""short_allocation_scale"": 8.0, ""spread_hedge_ratio"": 1.0, ""stop_loss_pct"": 0.004, ""take_profit_pct"": 0.045, ""target_allocation"": 0.008, ""threshold"": 0.75, ""trailing_stop_cap_pct"": 0.012, ""trailing_stop_floor_pct"": 0.004, ""trailing_stop_rv_multiple"": 0.8}",fresh_calendar_teacher_fade_both_lb72_fast24_z075_ret30_h120_fl0_xr125,90,0,0.009186932785373938,45,-16.972606966054375,-8.532743588081011,-0.009186932785373969,0.0029918933461539937,"{""cooldown"": 1333, ""signal_missing"": 108, ""teacher_state_rank_gap_too_small"": 47}",False,False,508,0,0.07456109117354681,254,-18.02601707420524,-7.551233394336684,-0.07456109117354681,0.004298588071273726,80,0,0.0099608100579737,40,-18.716221255133032,-9.260004466773273,-0.00995318241880827,0.0033084295171052942
"train_positive,val_positive,oos_return_beats_incumbent,oos_mdd_beats_shadow,oos_sharpe_gt_1",calendar_teacher_state_fade,"{""adaptive_lookback_bars"": 72, ""allow_long"": true, ""allow_short"": true, ""broad_min_abs"": 0.006, ""calendar_long_months"": [], ""calendar_long_symbol"": """", ""calendar_short_months"": [], ""calendar_short_symbol"": """", ""calendar_veto_flow_abs"": 0.0, ""calendar_veto_funding_abs"": 0.0, ""calendar_veto_market_ret_abs"": 0.0, ""calendar_veto_resid_z"": 0.0, ""compression_lookback_bars"": 24, ""compression_quantile"": 0.0, ""cooldown_bars"": 30, ""entry_days_of_month"": [], ""entry_hours"": [], ""external_risk_max"": 0.0, ""family"": ""calendar_teacher_state_fade"", ""flow_lookback_bars"": 6, ""flow_persistence_bars"": 0, ""flow_persistence_threshold"": 0.0, ""flow_threshold"": 0.0, ""funding_abs_cap"": 0.00025, ""funding_rank_min"": 0.0001, ""hold_bars"": 120, ""long_allocation_scale"": 6.0, ""lookback_bars"": 336, ""max_order_value"": 175.0, ""max_rv"": 0.0, ""min_abs_return"": 0.009, ""name"": ""fresh_calendar_teacher_fade_both_lb336_fast72_z075_ret90_h120_fl0"", ""oi_rank_min"": 0.012, ""primary_symbol"": """", ""rv_lookback_bars"": 24, ""secondary_symbol"": """", ""sharpe_lookback_bars"": 24, ""sharpe_rank_min"": 0.75, ""short_allocation_scale"": 8.0, ""spread_hedge_ratio"": 1.0, ""stop_loss_pct"": 0.004, ""take_profit_pct"": 0.045, ""target_allocation"": 0.008, ""threshold"": 0.75, ""trailing_stop_cap_pct"": 0.012, ""trailing_stop_floor_pct"": 0.004, ""trailing_stop_rv_multiple"": 0.8}",fresh_calendar_teacher_fade_both_lb336_fast72_z075_ret90_h120_fl0,72,0,0.009225442366825883,36,-17.061646428498296,-7.110621479079072,-0.009225442366825876,0.0029888150685106574,"{""cooldown"": 1051, ""signal_missing"": 414, ""teacher_state_rank_gap_too_small"": 80}",False,False,412,0,0.05744908970617016,206,-16.700488285776814,-6.668664745059504,-0.05744908970617013,0.00354274814526929,80,0,0.010953493286229585,40,-19.30121248626077,-9.504919525097801,-0.010865223754829678,0.0035037312167812877
"train_positive,val_positive,oos_return_beats_incumbent,oos_mdd_beats_shadow,oos_sharpe_gt_1",calendar_teacher_state_fade,"{""adaptive_lookback_bars"": 72, ""allow_long"": true, ""allow_short"": true, ""broad_min_abs"": 0.006, ""calendar_long_months"": [], ""calendar_long_symbol"": """", ""calendar_short_months"": [], ""calendar_short_symbol"": """", ""calendar_veto_flow_abs"": 0.0, ""calendar_veto_funding_abs"": 0.0, ""calendar_veto_market_ret_abs"": 0.0, ""calendar_veto_resid_z"": 0.0, ""compression_lookback_bars"": 24, ""compression_quantile"": 0.0, ""cooldown_bars"": 30, ""entry_days_of_month"": [], ""entry_hours"": [], ""external_risk_max"": 0.0, ""family"": ""calendar_teacher_state_fade"", ""flow_lookback_bars"": 6, ""flow_persistence_bars"": 0, ""flow_persistence_threshold"": 0.0, ""flow_threshold"": 0.0, ""funding_abs_cap"": 0.00025, ""funding_rank_min"": 0.0001, ""hold_bars"": 120, ""long_allocation_scale"": 6.0, ""lookback_bars"": 336, ""max_order_value"": 175.0, ""max_rv"": 0.0, ""min_abs_return"": 0.003, ""name"": ""fresh_calendar_teacher_fade_both_lb336_fast72_z075_ret30_h120_fl0"", ""oi_rank_min"": 0.012, ""primary_symbol"": """", ""rv_lookback_bars"": 24, ""secondary_symbol"": """", ""sharpe_lookback_bars"": 24, ""sharpe_rank_min"": 0.75, ""short_allocation_scale"": 8.0, ""spread_hedge_ratio"": 1.0, ""stop_loss_pct"": 0.004, ""take_profit_pct"": 0.045, ""target_allocation"": 0.008, ""threshold"": 0.75, ""trailing_stop_cap_pct"": 0.012, ""trailing_stop_floor_pct"": 0.004, ""trailing_stop_rv_multiple"": 0.8}",fresh_calendar_teacher_fade_both_lb336_fast72_z075_ret30_h120_fl0,70,0,0.009253285930925085,35,-16.413092199503552,-6.479536071364012,-0.009253285930925115,0.0031163143231035377,"{""cooldown"": 1050, ""signal_missing"": 411, ""teacher_state_rank_gap_too_small"": 82}",False,False,416,0,0.058939181034234754,208,-16.29223301622666,-6.406944153380359,-0.05893918103423479,0.0037286038162079845,80,0,0.010397321427815463,40,-19.622817540089105,-10.534605094478371,-0.01030900225969078,0.0032689888522986527
"train_positive,val_positive,oos_return_beats_incumbent,oos_mdd_beats_shadow,oos_sharpe_gt_1",calendar_teacher_state_fade,"{""adaptive_lookback_bars"": 72, ""allow_long"": true, ""allow_short"": true, ""broad_min_abs"": 0.006, ""calendar_long_months"": [], ""calendar_long_symbol"": """", ""calendar_short_months"": [], ""calendar_short_symbol"": """", ""calendar_veto_flow_abs"": 0.0, ""calendar_veto_funding_abs"": 0.0, ""calendar_veto_market_ret_abs"": 0.0, ""calendar_veto_resid_z"": 0.0, ""compression_lookback_bars"": 24, ""compression_quantile"": 0.0, ""cooldown_bars"": 30, ""entry_days_of_month"": [], ""entry_hours"": [], ""external_risk_max"": 1.25, ""family"": ""calendar_teacher_state_fade"", ""flow_lookback_bars"": 6, ""flow_persistence_bars"": 0, ""flow_persistence_threshold"": 0.0, ""flow_threshold"": 0.02, ""funding_abs_cap"": 0.00025, ""funding_rank_min"": 0.0001, ""hold_bars"": 120, ""long_allocation_scale"": 6.0, ""lookback_bars"": 336, ""max_order_value"": 175.0, ""max_rv"": 0.0, ""min_abs_return"": 0.006, ""name"": ""fresh_calendar_teacher_fade_both_lb336_fast72_z050_ret60_h120_fl2_xr125"", ""oi_rank_min"": 0.012, ""primary_symbol"": """", ""rv_lookback_bars"": 24, ""secondary_symbol"": """", ""sharpe_lookback_bars"": 24, ""sharpe_rank_min"": 0.5, ""short_allocation_scale"": 8.0, ""spread_hedge_ratio"": 1.0, ""stop_loss_pct"": 0.004, ""take_profit_pct"": 0.045, ""target_allocation"": 0.008, ""threshold"": 0.5, ""trailing_stop_cap_pct"": 0.012, ""trailing_stop_floor_pct"": 0.004, ""trailing_stop_rv_multiple"": 0.8}",fresh_calendar_teacher_fade_both_lb336_fast72_z050_ret60_h120_fl2_xr125,78,0,0.00932199869425658,39,-17.433654699549173,-8.03651903851311,-0.00932199869425654,0.002955804594115608,"{""cooldown"": 1145, ""signal_missing"": 339, ""teacher_state_rank_gap_too_small"": 36}",False,False,438,0,0.053859007090650994,219,-17.193201119465158,-7.276131613988833,-0.053859007090650945,0.0032201473352141317,82,0,0.010205164139287997,41,-18.959005186842198,-10.42883139934697,-0.010116827821682772,0.003320038161845088
"train_positive,val_positive,oos_return_beats_incumbent,oos_mdd_beats_shadow,oos_sharpe_gt_1",calendar_teacher_state_fade,"{""adaptive_lookback_bars"": 72, ""allow_long"": true, ""allow_short"": true, ""broad_min_abs"": 0.006, ""calendar_long_months"": [], ""calendar_long_symbol"": """", ""calendar_short_months"": [], ""calendar_short_symbol"": """", ""calendar_veto_flow_abs"": 0.0, ""calendar_veto_funding_abs"": 0.0, ""calendar_veto_market_ret_abs"": 0.0, ""calendar_veto_resid_z"": 0.0, ""compression_lookback_bars"": 24, ""compression_quantile"": 0.0, ""cooldown_bars"": 30, ""entry_days_of_month"": [], ""entry_hours"": [], ""external_risk_max"": 0.0, ""family"": ""calendar_teacher_state_fade"", ""flow_lookback_bars"": 6, ""flow_persistence_bars"": 0, ""flow_persistence_threshold"": 0.0, ""flow_threshold"": 0.0, ""funding_abs_cap"": 0.00025, ""funding_rank_min"": 0.0001, ""hold_bars"": 120, ""long_allocation_scale"": 6.0, ""lookback_bars"": 336, ""max_order_value"": 175.0, ""max_rv"": 0.0, ""min_abs_return"": 0.006, ""name"": ""fresh_calendar_teacher_fade_both_lb336_fast72_z075_ret60_h120_fl0"", ""oi_rank_min"": 0.012, ""primary_symbol"": """", ""rv_lookback_bars"": 24, ""secondary_symbol"": """", ""sharpe_lookback_bars"": 24, ""sharpe_rank_min"": 0.75, ""short_allocation_scale"": 8.0, ""spread_hedge_ratio"": 1.0, ""stop_loss_pct"": 0.004, ""take_profit_pct"": 0.045, ""target_allocation"": 0.008, ""threshold"": 0.75, ""trailing_stop_cap_pct"": 0.012, ""trailing_stop_floor_pct"": 0.004, ""trailing_stop_rv_multiple"": 0.8}",fresh_calendar_teacher_fade_both_lb336_fast72_z075_ret60_h120_fl0,72,0,0.009378992211242622,36,-17.09640217186066,-7.024998623788428,-0.00937899221124261,0.0030326153933849256,"{""cooldown"": 1051, ""signal_missing"": 416, ""teacher_state_rank_gap_too_small"": 80}",False,False,412,0,0.05812608123203354,206,-16.11076426196892,-6.2650800095612365,-0.058126081232033555,0.003716991952714364,80,0,0.010275682451223386,40,-19.990805152248065,-10.771175899801191,-0.010187352427172947,0.00317076694604122
"train_positive,val_positive,oos_return_beats_incumbent,oos_mdd_beats_shadow,oos_sharpe_gt_1",calendar_teacher_state_fade,"{""adaptive_lookback_bars"": 72, ""allow_long"": true, ""allow_short"": true, ""broad_min_abs"": 0.006, ""calendar_long_months"": [], ""calendar_long_symbol"": """", ""calendar_short_months"": [], ""calendar_short_symbol"": """", ""calendar_veto_flow_abs"": 0.0, ""calendar_veto_funding_abs"": 0.0, ""calendar_veto_market_ret_abs"": 0.0, ""calendar_veto_resid_z"": 0.0, ""compression_lookback_bars"": 24, ""compression_quantile"": 0.0, ""cooldown_bars"": 30, ""entry_days_of_month"": [], ""entry_hours"": [], ""external_risk_max"": 1.25, ""family"": ""calendar_teacher_state_fade"", ""flow_lookback_bars"": 6, ""flow_persistence_bars"": 0, ""flow_persistence_threshold"": 0.0, ""flow_threshold"": 0.02, ""funding_abs_cap"": 0.00025, ""funding_rank_min"": 0.0001, ""hold_bars"": 120, ""long_allocation_scale"": 6.0, ""lookback_bars"": 336, ""max_order_value"": 175.0, ""max_rv"": 0.0, ""min_abs_return"": 0.003, ""name"": ""fresh_calendar_teacher_fade_both_lb336_fast72_z050_ret30_h120_fl2_xr125"", ""oi_rank_min"": 0.012, ""primary_symbol"": """", ""rv_lookback_bars"": 24, ""secondary_symbol"": """", ""sharpe_lookback_bars"": 24, ""sharpe_rank_min"": 0.5, ""short_allocation_scale"": 8.0, ""spread_hedge_ratio"": 1.0, ""stop_loss_pct"": 0.004, ""take_profit_pct"": 0.045, ""target_allocation"": 0.008, ""threshold"": 0.5, ""trailing_stop_cap_pct"": 0.012, ""trailing_stop_floor_pct"": 0.004, ""trailing_stop_rv_multiple"": 0.8}",fresh_calendar_teacher_fade_both_lb336_fast72_z050_ret30_h120_fl2_xr125,80,0,0.0094451664064165,40,-17.630579042739377,-8.044811222708239,-0.009445166406416461,0.002961593435376908,"{""cooldown"": 1175, ""signal_missing"": 320, ""teacher_state_rank_gap_too_small"": 36}",False,False,440,0,0.05441669451616399,220,-16.886710163643986,-6.949665455622207,-0.054416694516164044,0.0033134936459795774,82,0,0.010262667830463682,41,-19.006706956926315,-10.41291556518676,-0.010174336644896087,0.0033306273705425112
"train_positive,val_positive,oos_return_beats_incumbent,oos_mdd_beats_shadow,oos_sharpe_gt_1",calendar_teacher_state_fade,"{""adaptive_lookback_bars"": 24, ""allow_long"": true, ""allow_short"": true, ""broad_min_abs"": 0.006, ""calendar_long_months"": [], ""calendar_long_symbol"": """", ""calendar_short_months"": [], ""calendar_short_symbol"": """", ""calendar_veto_flow_abs"": 0.0, ""calendar_veto_funding_abs"": 0.0, ""calendar_veto_market_ret_abs"": 0.0, ""calendar_veto_resid_z"": 0.0, ""compression_lookback_bars"": 24, ""compression_quantile"": 0.0, ""cooldown_bars"": 30, ""entry_days_of_month"": [], ""entry_hours"": [], ""external_risk_max"": 0.0, ""family"": ""calendar_teacher_state_fade"", ""flow_lookback_bars"": 6, ""flow_persistence_bars"": 0, ""flow_persistence_threshold"": 0.0, ""flow_threshold"": 0.0, ""funding_abs_cap"": 0.00025, ""funding_rank_min"": 0.0001, ""hold_bars"": 120, ""long_allocation_scale"": 6.0, ""lookback_bars"": 72, ""max_order_value"": 175.0, ""max_rv"": 0.0, ""min_abs_return"": 0.003, ""name"": ""fresh_calendar_teacher_fade_both_lb72_fast24_z075_ret30_h120_fl0"", ""oi_rank_min"": 0.012, ""primary_symbol"": """", ""rv_lookback_bars"": 24, ""secondary_symbol"": """", ""sharpe_lookback_bars"": 12, ""sharpe_rank_min"": 0.75, ""short_allocation_scale"": 8.0, ""spread_hedge_ratio"": 1.0, ""stop_loss_pct"": 0.004, ""take_profit_pct"": 0.045, ""target_allocation"": 0.008, ""threshold"": 0.75, ""trailing_stop_cap_pct"": 0.012, ""trailing_stop_floor_pct"": 0.004, ""trailing_stop_rv_multiple"": 0.8}",fresh_calendar_teacher_fade_both_lb72_fast24_z075_ret30_h120_fl0,90,0,0.009469048202063823,45,-16.841727136425988,-8.127192844854331,-0.009469048202063846,0.003108162596807966,"{""cooldown"": 1333, ""signal_missing"": 114, ""teacher_state_rank_gap_too_small"": 39}",False,False,508,0,0.07446305917666796,254,-18.026703388912157,-7.576720961715855,-0.07446305917666796,0.004292549249461428,80,0,0.010318538404944375,40,-18.7056364649536,-9.182827662517035,-0.010310913521854537,0.0034298853573660484
"train_positive,val_positive,oos_return_beats_incumbent,oos_mdd_beats_shadow,oos_sharpe_gt_1",calendar_teacher_state_fade,"{""adaptive_lookback_bars"": 72, ""allow_long"": true, ""allow_short"": true, ""broad_min_abs"": 0.006, ""calendar_long_months"": [], ""calendar_long_symbol"": """", ""calendar_short_months"": [], ""calendar_short_symbol"": """", ""calendar_veto_flow_abs"": 0.0, ""calendar_veto_funding_abs"": 0.0, ""calendar_veto_market_ret_abs"": 0.0, ""calendar_veto_resid_z"": 0.0, ""compression_lookback_bars"": 24, ""compression_quantile"": 0.0, ""cooldown_bars"": 30, ""entry_days_of_month"": [], ""entry_hours"": [], ""external_risk_max"": 1.25, ""family"": ""calendar_teacher_state_fade"", ""flow_lookback_bars"": 6, ""flow_persistence_bars"": 0, ""flow_persistence_threshold"": 0.0, ""flow_threshold"": 0.02, ""funding_abs_cap"": 0.00025, ""funding_rank_min"": 0.0001, ""hold_bars"": 120, ""long_allocation_scale"": 6.0, ""lookback_bars"": 336, ""max_order_value"": 175.0, ""max_rv"": 0.0, ""min_abs_return"": 0.003, ""name"": ""fresh_calendar_teacher_fade_both_lb336_fast72_z035_ret30_h120_fl2_xr125"", ""oi_rank_min"": 0.012, ""primary_symbol"": """", ""rv_lookback_bars"": 24, ""secondary_symbol"": """", ""sharpe_lookback_bars"": 24, ""sharpe_rank_min"": 0.5, ""short_allocation_scale"": 8.0, ""spread_hedge_ratio"": 1.0, ""stop_loss_pct"": 0.004, ""take_profit_pct"": 0.045, ""target_allocation"": 0.008, ""threshold"": 0.35, ""trailing_stop_cap_pct"": 0.012, ""trailing_stop_floor_pct"": 0.004, ""trailing_stop_rv_multiple"": 0.8}",fresh_calendar_teacher_fade_both_lb336_fast72_z035_ret30_h120_fl2_xr125,82,0,0.009636564264830304,41,-17.909504422282843,-8.178553163308452,-0.009636564264830283,0.002974838067813943,"{""cooldown"": 1208, ""signal_missing"": 279, ""teacher_state_rank_gap_too_small"": 32}",False,False,446,0,0.056475561182056114,223,-17.36824322517814,-7.253528488414216,-0.0564755611820561,0.0033471349690953763,84,0,0.010349646927540621,42,-19.362014082526848,-10.723290688865815,-0.010261323504605069,0.0032976136785586897
"train_positive,val_positive,oos_return_beats_incumbent,oos_mdd_beats_shadow,oos_sharpe_gt_1",calendar_teacher_state_fade,"{""adaptive_lookback_bars"": 24, ""allow_long"": true, ""allow_short"": true, ""broad_min_abs"": 0.006, ""calendar_long_months"": [], ""calendar_long_symbol"": """", ""calendar_short_months"": [], ""calendar_short_symbol"": """", ""calendar_veto_flow_abs"": 0.0, ""calendar_veto_funding_abs"": 0.0, ""calendar_veto_market_ret_abs"": 0.0, ""calendar_veto_resid_z"": 0.0, ""compression_lookback_bars"": 24, ""compression_quantile"": 0.0, ""cooldown_bars"": 30, ""entry_days_of_month"": [], ""entry_hours"": [], ""external_risk_max"": 0.0, ""family"": ""calendar_teacher_state_fade"", ""flow_lookback_bars"": 6, ""flow_persistence_bars"": 0, ""flow_persistence_threshold"": 0.0, ""flow_threshold"": 0.02, ""funding_abs_cap"": 0.00025, ""funding_rank_min"": 0.0001, ""hold_bars"": 120, ""long_allocation_scale"": 6.0, ""lookback_bars"": 72, ""max_order_value"": 175.0, ""max_rv"": 0.0, ""min_abs_return"": 0.003, ""name"": ""fresh_calendar_teacher_fade_both_lb72_fast24_z075_ret30_h120_fl2"", ""oi_rank_min"": 0.012, ""primary_symbol"": """", ""rv_lookback_bars"": 24, ""secondary_symbol"": """", ""sharpe_lookback_bars"": 12, ""sharpe_rank_min"": 0.75, ""short_allocation_scale"": 8.0, ""spread_hedge_ratio"": 1.0, ""stop_loss_pct"": 0.004, ""take_profit_pct"": 0.045, ""target_allocation"": 0.008, ""threshold"": 0.75, ""trailing_stop_cap_pct"": 0.012, ""trailing_stop_floor_pct"": 0.004, ""trailing_stop_rv_multiple"": 0.8}",fresh_calendar_teacher_fade_both_lb72_fast24_z075_ret30_h120_fl2,90,0,0.009688338978090724,45,-15.999044350582139,-7.451237695685809,-0.009688338978090738,0.0033479728028244296,"{""cooldown"": 1333, ""signal_missing"": 114, ""teacher_state_rank_gap_too_small"": 39}",False,False,504,0,0.07021533677931584,252,-17.52920338235486,-7.307780363022619,-0.0702153367793158,0.00415316354963505,80,0,0.010798534724716227,40,-19.60154431849586,-9.475883749848116,-0.010790913539700853,0.0034263349214397
"train_positive,val_positive,oos_return_beats_incumbent,oos_mdd_beats_shadow,oos_sharpe_gt_1",calendar_teacher_state_fade,"{""adaptive_lookback_bars"": 72, ""allow_long"": true, ""allow_short"": true, ""broad_min_abs"": 0.006, ""calendar_long_months"": [], ""calendar_long_symbol"": """", ""calendar_short_months"": [], ""calendar_short_symbol"": """", ""calendar_veto_flow_abs"": 0.0, ""calendar_veto_funding_abs"": 0.0, ""calendar_veto_market_ret_abs"": 0.0, ""calendar_veto_resid_z"": 0.0, ""compression_lookback_bars"": 24, ""compression_quantile"": 0.0, ""cooldown_bars"": 30, ""entry_days_of_month"": [], ""entry_hours"": [], ""external_risk_max"": 1.25, ""family"": ""calendar_teacher_state_fade"", ""flow_lookback_bars"": 6, ""flow_persistence_bars"": 0, ""flow_persistence_threshold"": 0.0, ""flow_threshold"": 0.0, ""funding_abs_cap"": 0.00025, ""funding_rank_min"": 0.0001, ""hold_bars"": 120, ""long_allocation_scale"": 6.0, ""lookback_bars"": 168, ""max_order_value"": 175.0, ""max_rv"": 0.0, ""min_abs_return"": 0.009, ""name"": ""fresh_calendar_teacher_fade_both_lb168_fast72_z075_ret90_h120_fl0_xr125"", ""oi_rank_min"": 0.012, ""primary_symbol"": """", ""rv_lookback_bars"": 24, ""secondary_symbol"": """", ""sharpe_lookback_bars"": 24, ""sharpe_rank_min"": 0.75, ""short_allocation_scale"": 8.0, ""spread_hedge_ratio"": 1.0, ""stop_loss_pct"": 0.004, ""take_profit_pct"": 0.045, ""target_allocation"": 0.008, ""threshold"": 0.75, ""trailing_stop_cap_pct"": 0.012, ""trailing_stop_floor_pct"": 0.004, ""trailing_stop_rv_multiple"": 0.8}",fresh_calendar_teacher_fade_both_lb168_fast72_z075_ret90_h120_fl0_xr125,82,0,0.009759041983559275,41,-18.75984449018573,-8.603426221080023,-0.009759041983559258,0.0028762868725716972,"{""cooldown"": 1224, ""signal_missing"": 268, ""teacher_state_rank_gap_too_small"": 18}",False,False,466,0,0.0638535813925635,233,-16.981977787462444,-7.091845117030025,-0.06385358139256347,0.003885479125196863,80,0,0.010043073387843661,40,-19.043324410370555,-8.624533794593846,-0.009977524401292959,0.003259602687149222
"train_positive,val_positive,oos_return_beats_incumbent,oos_mdd_beats_shadow,oos_sharpe_gt_1",calendar_teacher_state_fade,"{""adaptive_lookback_bars"": 72, ""allow_long"": true, ""allow_short"": true, ""broad_min_abs"": 0.006, ""calendar_long_months"": [], ""calendar_long_symbol"": """", ""calendar_short_months"": [], ""calendar_short_symbol"": """", ""calendar_veto_flow_abs"": 0.0, ""calendar_veto_funding_abs"": 0.0, ""calendar_veto_market_ret_abs"": 0.0, ""calendar_veto_resid_z"": 0.0, ""compression_lookback_bars"": 24, ""compression_quantile"": 0.0, ""cooldown_bars"": 30, ""entry_days_of_month"": [], ""entry_hours"": [], ""external_risk_max"": 1.25, ""family"": ""calendar_teacher_state_fade"", ""flow_lookback_bars"": 6, ""flow_persistence_bars"": 0, ""flow_persistence_threshold"": 0.0, ""flow_threshold"": 0.02, ""funding_abs_cap"": 0.00025, ""funding_rank_min"": 0.0001, ""hold_bars"": 120, ""long_allocation_scale"": 6.0, ""lookback_bars"": 336, ""max_order_value"": 175.0, ""max_rv"": 0.0, ""min_abs_return"": 0.009, ""name"": ""fresh_calendar_teacher_fade_both_lb336_fast72_z050_ret90_h120_fl2_xr125"", ""oi_rank_min"": 0.012, ""primary_symbol"": """", ""rv_lookback_bars"": 24, ""secondary_symbol"": """", ""sharpe_lookback_bars"": 24, ""sharpe_rank_min"": 0.5, ""short_allocation_scale"": 8.0, ""spread_hedge_ratio"": 1.0, ""stop_loss_pct"": 0.004, ""take_profit_pct"": 0.045, ""target_allocation"": 0.008, ""threshold"": 0.5, ""trailing_stop_cap_pct"": 0.012, ""trailing_stop_floor_pct"": 0.004, ""trailing_stop_rv_multiple"": 0.8}",fresh_calendar_teacher_fade_both_lb336_fast72_z050_ret90_h120_fl2_xr125,76,0,0.009763016902732671,38,-17.32197452523065,-7.248291558575664,-0.009763016902732624,0.0031162765532166676,"{""cooldown"": 1115, ""signal_missing"": 379, ""teacher_state_rank_gap_too_small"": 36}",False,False,438,0,0.05289422637361076,219,-16.80475865406527,-7.265321508882897,-0.05289422637361074,0.003233923573219668,80,0,0.010350387963656206,40,-18.696027047288613,-9.415683004027487,-0.01026206460685597,0.003415307592479598
"train_positive,val_positive,oos_return_beats_incumbent,oos_mdd_beats_shadow,oos_sharpe_gt_1",calendar_teacher_state_fade,"{""adaptive_lookback_bars"": 72, ""allow_long"": true, ""allow_short"": true, ""broad_min_abs"": 0.006, ""calendar_long_months"": [], ""calendar_long_symbol"": """", ""calendar_short_months"": [], ""calendar_short_symbol"": """", ""calendar_veto_flow_abs"": 0.0, ""calendar_veto_funding_abs"": 0.0, ""calendar_veto_market_ret_abs"": 0.0, ""calendar_veto_resid_z"": 0.0, ""compression_lookback_bars"": 24, ""compression_quantile"": 0.0, ""cooldown_bars"": 30, ""entry_days_of_month"": [], ""entry_hours"": [], ""external_risk_max"": 1.25, ""family"": ""calendar_teacher_state_fade"", ""flow_lookback_bars"": 6, ""flow_persistence_bars"": 0, ""flow_persistence_threshold"": 0.0, ""flow_threshold"": 0.0, ""funding_abs_cap"": 0.00025, ""funding_rank_min"": 0.0001, ""hold_bars"": 120, ""long_allocation_scale"": 6.0, ""lookback_bars"": 168, ""max_order_value"": 175.0, ""max_rv"": 0.0, ""min_abs_return"": 0.006, ""name"": ""fresh_calendar_teacher_fade_both_lb168_fast72_z075_ret60_h120_fl0_xr125"", ""oi_rank_min"": 0.012, ""primary_symbol"": """", ""rv_lookback_bars"": 24, ""secondary_symbol"": """", ""sharpe_lookback_bars"": 24, ""sharpe_rank_min"": 0.75, ""short_allocation_scale"": 8.0, ""spread_hedge_ratio"": 1.0, ""stop_loss_pct"": 0.004, ""take_profit_pct"": 0.045, ""target_allocation"": 0.008, ""threshold"": 0.75, ""trailing_stop_cap_pct"": 0.012, ""trailing_stop_floor_pct"": 0.004, ""trailing_stop_rv_multiple"": 0.8}",fresh_calendar_teacher_fade_both_lb168_fast72_z075_ret60_h120_fl0_xr125,82,0,0.009784478212163047,41,-19.109376548089003,-8.925288659814766,-0.009784478212162995,0.0028310796401108604,"{""cooldown"": 1224, ""signal_missing"": 263, ""teacher_state_rank_gap_too_small"": 18}",False,False,466,0,0.06422486330858847,233,-16.764086813152293,-6.813640223924849,-0.06422486330858845,0.003959628555366624,80,0,0.010073785092631179,40,-19.362526552991625,-8.624970407885685,-0.010073785092631127,0.003236959158691332
"train_positive,val_positive,oos_return_beats_incumbent,oos_mdd_beats_shadow,oos_sharpe_gt_1",calendar_teacher_state_fade,"{""adaptive_lookback_bars"": 24, ""allow_long"": true, ""allow_short"": true, ""broad_min_abs"": 0.006, ""calendar_long_months"": [], ""calendar_long_symbol"": """", ""calendar_short_months"": [], ""calendar_short_symbol"": """", ""calendar_veto_flow_abs"": 0.0, ""calendar_veto_funding_abs"": 0.0, ""calendar_veto_market_ret_abs"": 0.0, ""calendar_veto_resid_z"": 0.0, ""compression_lookback_bars"": 24, ""compression_quantile"": 0.0, ""cooldown_bars"": 30, ""entry_days_of_month"": [], ""entry_hours"": [], ""external_risk_max"": 1.25, ""family"": ""calendar_teacher_state_fade"", ""flow_lookback_bars"": 6, ""flow_persistence_bars"": 0, ""flow_persistence_threshold"": 0.0, ""flow_threshold"": 0.02, ""funding_abs_cap"": 0.00025, ""funding_rank_min"": 0.0001, ""hold_bars"": 120, ""long_allocation_scale"": 6.0, ""lookback_bars"": 72, ""max_order_value"": 175.0, ""max_rv"": 0.0, ""min_abs_return"": 0.009, ""name"": ""fresh_calendar_teacher_fade_both_lb72_fast24_z075_ret90_h120_fl2_xr125"", ""oi_rank_min"": 0.012, ""primary_symbol"": """", ""rv_lookback_bars"": 24, ""secondary_symbol"": """", ""sharpe_lookback_bars"": 12, ""sharpe_rank_min"": 0.75, ""short_allocation_scale"": 8.0, ""spread_hedge_ratio"": 1.0, ""stop_loss_pct"": 0.004, ""take_profit_pct"": 0.045, ""target_allocation"": 0.008, ""threshold"": 0.75, ""trailing_stop_cap_pct"": 0.012, ""trailing_stop_floor_pct"": 0.004, ""trailing_stop_rv_multiple"": 0.8}",fresh_calendar_teacher_fade_both_lb72_fast24_z075_ret90_h120_fl2_xr125,86,0,0.009870563156516618,43,-17.09755375942491,-8.496901342274443,-0.009870563156516576,0.003192121092890882,"{""cooldown"": 1285, ""signal_missing"": 177, ""teacher_state_rank_gap_too_small"": 46}",False,False,502,0,0.0687651309485209,251,-17.545745782360374,-7.463921052222278,-0.06876513094852088,0.0040604348242049525,78,0,0.009965342771535999,39,-19.51330363862388,-9.54809196840539,-0.00995771516729238,0.003174760993063679
"train_positive,val_positive,oos_return_beats_incumbent,oos_mdd_beats_shadow,oos_sharpe_gt_1",calendar_teacher_state_fade,"{""adaptive_lookback_bars"": 72, ""allow_long"": true, ""allow_short"": true, ""broad_min_abs"": 0.006, ""calendar_long_months"": [], ""calendar_long_symbol"": """", ""calendar_short_months"": [], ""calendar_short_symbol"": """", ""calendar_veto_flow_abs"": 0.0, ""calendar_veto_funding_abs"": 0.0, ""calendar_veto_market_ret_abs"": 0.0, ""calendar_veto_resid_z"": 0.0, ""compression_lookback_bars"": 24, ""compression_quantile"": 0.0, ""cooldown_bars"": 30, ""entry_days_of_month"": [], ""entry_hours"": [], ""external_risk_max"": 0.0, ""family"": ""calendar_teacher_state_fade"", ""flow_lookback_bars"": 6, ""flow_persistence_bars"": 0, ""flow_persistence_threshold"": 0.0, ""flow_threshold"": 0.0, ""funding_abs_cap"": 0.00025, ""funding_rank_min"": 0.0001, ""hold_bars"": 120, ""long_allocation_scale"": 6.0, ""lookback_bars"": 168, ""max_order_value"": 175.0, ""max_rv"": 0.0, ""min_abs_return"": 0.009, ""name"": ""fresh_calendar_teacher_fade_both_lb168_fast72_z075_ret90_h120_fl0"", ""oi_rank_min"": 0.012, ""primary_symbol"": """", ""rv_lookback_bars"": 24, ""secondary_symbol"": """", ""sharpe_lookback_bars"": 24, ""sharpe_rank_min"": 0.75, ""short_allocation_scale"": 8.0, ""spread_hedge_ratio"": 1.0, ""stop_loss_pct"": 0.004, ""take_profit_pct"": 0.045, ""target_allocation"": 0.008, ""threshold"": 0.75, ""trailing_stop_cap_pct"": 0.012, ""trailing_stop_floor_pct"": 0.004, ""trailing_stop_rv_multiple"": 0.8}",fresh_calendar_teacher_fade_both_lb168_fast72_z075_ret90_h120_fl0,82,0,0.009897146303910434,41,-18.792515203709755,-8.624449198113995,-0.009897146303910476,0.002912119473604535,"{""cooldown"": 1224, ""signal_missing"": 268, ""teacher_state_rank_gap_too_small"": 18}",False,False,466,0,0.06325894433008089,233,-17.056272806989316,-7.203639762139634,-0.06325894433008084,0.0038313333270111535,80,0,0.009715182420611652,40,-18.826592192392937,-9.099499958834762,-0.009649611693321458,0.0031882429635416323
"train_positive,val_positive,oos_return_beats_incumbent,oos_mdd_beats_shadow,oos_sharpe_gt_1",calendar_teacher_state_fade,"{""adaptive_lookback_bars"": 72, ""allow_long"": true, ""allow_short"": true, ""broad_min_abs"": 0.006, ""calendar_long_months"": [], ""calendar_long_symbol"": """", ""calendar_short_months"": [], ""calendar_short_symbol"": """", ""calendar_veto_flow_abs"": 0.0, ""calendar_veto_funding_abs"": 0.0, ""calendar_veto_market_ret_abs"": 0.0, ""calendar_veto_resid_z"": 0.0, ""compression_lookback_bars"": 24, ""compression_quantile"": 0.0, ""cooldown_bars"": 30, ""entry_days_of_month"": [], ""entry_hours"": [], ""external_risk_max"": 1.25, ""family"": ""calendar_teacher_state_fade"", ""flow_lookback_bars"": 6, ""flow_persistence_bars"": 0, ""flow_persistence_threshold"": 0.0, ""flow_threshold"": 0.0, ""funding_abs_cap"": 0.00025, ""funding_rank_min"": 0.0001, ""hold_bars"": 120, ""long_allocation_scale"": 6.0, ""lookback_bars"": 168, ""max_order_value"": 175.0, ""max_rv"": 0.0, ""min_abs_return"": 0.003, ""name"": ""fresh_calendar_teacher_fade_both_lb168_fast72_z075_ret30_h120_fl0_xr125"", ""oi_rank_min"": 0.012, ""primary_symbol"": """", ""rv_lookback_bars"": 24, ""secondary_symbol"": """", ""sharpe_lookback_bars"": 24, ""sharpe_rank_min"": 0.75, ""short_allocation_scale"": 8.0, ""spread_hedge_ratio"": 1.0, ""stop_loss_pct"": 0.004, ""take_profit_pct"": 0.045, ""target_allocation"": 0.008, ""threshold"": 0.75, ""trailing_stop_cap_pct"": 0.012, ""trailing_stop_floor_pct"": 0.004, ""trailing_stop_rv_multiple"": 0.8}",fresh_calendar_teacher_fade_both_lb168_fast72_z075_ret30_h120_fl0_xr125,82,0,0.009909010454183412,41,-19.04789100358969,-8.863882541002985,-0.009909010454183464,0.0028765435287308417,"{""cooldown"": 1224, ""signal_missing"": 266, ""teacher_state_rank_gap_too_small"": 18}",False,False,466,0,0.06448912599698961,233,-16.89602726197476,-6.74186592016566,-0.06448912599698964,0.003945429398588403,82,0,0.010174971899736578,41,-19.778180159191127,-9.168175958561315,-0.010174971899736596,0.003200934270595412
"train_positive,val_positive,oos_return_beats_incumbent,oos_mdd_beats_shadow,oos_sharpe_gt_1",calendar_teacher_state_fade,"{""adaptive_lookback_bars"": 24, ""allow_long"": true, ""allow_short"": true, ""broad_min_abs"": 0.006, ""calendar_long_months"": [], ""calendar_long_symbol"": """", ""calendar_short_months"": [], ""calendar_short_symbol"": """", ""calendar_veto_flow_abs"": 0.0, ""calendar_veto_funding_abs"": 0.0, ""calendar_veto_market_ret_abs"": 0.0, ""calendar_veto_resid_z"": 0.0, ""compression_lookback_bars"": 24, ""compression_quantile"": 0.0, ""cooldown_bars"": 30, ""entry_days_of_month"": [], ""entry_hours"": [], ""external_risk_max"": 1.25, ""family"": ""calendar_teacher_state_fade"", ""flow_lookback_bars"": 6, ""flow_persistence_bars"": 0, ""flow_persistence_threshold"": 0.0, ""flow_threshold"": 0.02, ""funding_abs_cap"": 0.00025, ""funding_rank_min"": 0.0001, ""hold_bars"": 120, ""long_allocation_scale"": 6.0, ""lookback_bars"": 72, ""max_order_value"": 175.0, ""max_rv"": 0.0, ""min_abs_return"": 0.003, ""name"": ""fresh_calendar_teacher_fade_both_lb72_fast24_z050_ret30_h120_fl2_xr125"", ""oi_rank_min"": 0.012, ""primary_symbol"": """", ""rv_lookback_bars"": 24, ""secondary_symbol"": """", ""sharpe_lookback_bars"": 12, ""sharpe_rank_min"": 0.5, ""short_allocation_scale"": 8.0, ""spread_hedge_ratio"": 1.0, ""stop_loss_pct"": 0.004, ""take_profit_pct"": 0.045, ""target_allocation"": 0.008, ""threshold"": 0.5, ""trailing_stop_cap_pct"": 0.012, ""trailing_stop_floor_pct"": 0.004, ""trailing_stop_rv_multiple"": 0.8}",fresh_calendar_teacher_fade_both_lb72_fast24_z050_ret30_h120_fl2_xr125,92,0,0.00995675931815349,46,-17.864980253687744,-9.456165953684746,-0.00995675931815354,0.0030818309718107597,"{""cooldown"": 1356, ""signal_missing"": 146, ""teacher_state_rank_gap_too_small"": 9}",False,False,524,0,0.07219222089436153,262,-18.1727394766587,-7.704242829691003,-0.0721922208943615,0.004123232780069638,84,0,0.011872844812108681,42,-19.195585266667013,-8.304380521250613,-0.011872844812108707,0.0038516491647195817
"train_positive,val_positive,oos_return_beats_incumbent,oos_mdd_beats_shadow,oos_sharpe_gt_1",calendar_teacher_state_fade,"{""adaptive_lookback_bars"": 72, ""allow_long"": true, ""allow_short"": true, ""broad_min_abs"": 0.006, ""calendar_long_months"": [], ""calendar_long_symbol"": """", ""calendar_short_months"": [], ""calendar_short_symbol"": """", ""calendar_veto_flow_abs"": 0.0, ""calendar_veto_funding_abs"": 0.0, ""calendar_veto_market_ret_abs"": 0.0, ""calendar_veto_resid_z"": 0.0, ""compression_lookback_bars"": 24, ""compression_quantile"": 0.0, ""cooldown_bars"": 30, ""entry_days_of_month"": [], ""entry_hours"": [], ""external_risk_max"": 1.25, ""family"": ""calendar_teacher_state_fade"", ""flow_lookback_bars"": 6, ""flow_persistence_bars"": 0, ""flow_persistence_threshold"": 0.0, ""flow_threshold"": 0.02, ""funding_abs_cap"": 0.00025, ""funding_rank_min"": 0.0001, ""hold_bars"": 120, ""long_allocation_scale"": 6.0, ""lookback_bars"": 336, ""max_order_value"": 175.0, ""max_rv"": 0.0, ""min_abs_return"": 0.006, ""name"": ""fresh_calendar_teacher_fade_both_lb336_fast72_z035_ret60_h120_fl2_xr125"", ""oi_rank_min"": 0.012, ""primary_symbol"": """", ""rv_lookback_bars"": 24, ""secondary_symbol"": """", ""sharpe_lookback_bars"": 24, ""sharpe_rank_min"": 0.5, ""short_allocation_scale"": 8.0, ""spread_hedge_ratio"": 1.0, ""stop_loss_pct"": 0.004, ""take_profit_pct"": 0.045, ""target_allocation"": 0.008, ""threshold"": 0.35, ""trailing_stop_cap_pct"": 0.012, ""trailing_stop_floor_pct"": 0.004, ""trailing_stop_rv_multiple"": 0.8}",fresh_calendar_teacher_fade_both_lb336_fast72_z035_ret60_h120_fl2_xr125,82,0,0.00995709141058942,41,-18.475816340695395,-8.74301121681785,-0.009957091410589425,0.0029800579466806804,"{""cooldown"": 1208, ""signal_missing"": 281, ""teacher_state_rank_gap_too_small"": 36}",False,False,444,0,0.0567657675119186,222,-17.432039715312794,-7.257073156923301,-0.05676576751191864,0.00335253328991568,82,0,0.01029095104908562,41,-19.08982374289331,-10.448416633038919,-0.01020262238771319,0.003325394179477481
"train_positive,val_positive,oos_return_beats_incumbent,oos_mdd_beats_shadow,oos_sharpe_gt_1",calendar_teacher_state_fade,"{""adaptive_lookback_bars"": 72, ""allow_long"": true, ""allow_short"": true, ""broad_min_abs"": 0.006, ""calendar_long_months"": [], ""calendar_long_symbol"": """", ""calendar_short_months"": [], ""calendar_short_symbol"": """", ""calendar_veto_flow_abs"": 0.0, ""calendar_veto_funding_abs"": 0.0, ""calendar_veto_market_ret_abs"": 0.0, ""calendar_veto_resid_z"": 0.0, ""compression_lookback_bars"": 24, ""compression_quantile"": 0.0, ""cooldown_bars"": 30, ""entry_days_of_month"": [], ""entry_hours"": [], ""external_risk_max"": 1.25, ""family"": ""calendar_teacher_state_fade"", ""flow_lookback_bars"": 6, ""flow_persistence_bars"": 0, ""flow_persistence_threshold"": 0.0, ""flow_threshold"": 0.02, ""funding_abs_cap"": 0.00025, ""funding_rank_min"": 0.0001, ""hold_bars"": 120, ""long_allocation_scale"": 6.0, ""lookback_bars"": 168, ""max_order_value"": 175.0, ""max_rv"": 0.0, ""min_abs_return"": 0.003, ""name"": ""fresh_calendar_teacher_fade_both_lb168_fast72_z075_ret30_h120_fl2_xr125"", ""oi_rank_min"": 0.012, ""primary_symbol"": """", ""rv_lookback_bars"": 24, ""secondary_symbol"": """", ""sharpe_lookback_bars"": 24, ""sharpe_rank_min"": 0.75, ""short_allocation_scale"": 8.0, ""spread_hedge_ratio"": 1.0, ""stop_loss_pct"": 0.004, ""take_profit_pct"": 0.045, ""target_allocation"": 0.008, ""threshold"": 0.75, ""trailing_stop_cap_pct"": 0.012, ""trailing_stop_floor_pct"": 0.004, ""trailing_stop_rv_multiple"": 0.8}",fresh_calendar_teacher_fade_both_lb168_fast72_z075_ret30_h120_fl2_xr125,82,0,0.009991575462590286,41,-18.891883594581987,-8.548580572134671,-0.00999157546259033,0.002924580078803141,"{""cooldown"": 1224, ""signal_missing"": 266, ""teacher_state_rank_gap_too_small"": 21}",False,False,462,0,0.06435653081143591,231,-16.89065963487348,-6.9399913028947555,-0.06435653081143589,0.003938293221465685,78,0,0.011256965320463027,39,-18.3707573996747,-7.337521138827697,-0.011256965320463053,0.003814618340952662
"train_positive,val_positive,oos_return_beats_incumbent,oos_mdd_beats_shadow,oos_sharpe_gt_1",calendar_teacher_state_fade,"{""adaptive_lookback_bars"": 72, ""allow_long"": true, ""allow_short"": true, ""broad_min_abs"": 0.006, ""calendar_long_months"": [], ""calendar_long_symbol"": """", ""calendar_short_months"": [], ""calendar_short_symbol"": """", ""calendar_veto_flow_abs"": 0.0, ""calendar_veto_funding_abs"": 0.0, ""calendar_veto_market_ret_abs"": 0.0, ""calendar_veto_resid_z"": 0.0, ""compression_lookback_bars"": 24, ""compression_quantile"": 0.0, ""cooldown_bars"": 30, ""entry_days_of_month"": [], ""entry_hours"": [], ""external_risk_max"": 1.25, ""family"": ""calendar_teacher_state_fade"", ""flow_lookback_bars"": 6, ""flow_persistence_bars"": 0, ""flow_persistence_threshold"": 0.0, ""flow_threshold"": 0.0, ""funding_abs_cap"": 0.00025, ""funding_rank_min"": 0.0001, ""hold_bars"": 120, ""long_allocation_scale"": 6.0, ""lookback_bars"": 336, ""max_order_value"": 175.0, ""max_rv"": 0.0, ""min_abs_return"": 0.006, ""name"": ""fresh_calendar_teacher_fade_both_lb336_fast72_z050_ret60_h120_fl0_xr125"", ""oi_rank_min"": 0.012, ""primary_symbol"": """", ""rv_lookback_bars"": 24, ""secondary_symbol"": """", ""sharpe_lookback_bars"": 24, ""sharpe_rank_min"": 0.5, ""short_allocation_scale"": 8.0, ""spread_hedge_ratio"": 1.0, ""stop_loss_pct"": 0.004, ""take_profit_pct"": 0.045, ""target_allocation"": 0.008, ""threshold"": 0.5, ""trailing_stop_cap_pct"": 0.012, ""trailing_stop_floor_pct"": 0.004, ""trailing_stop_rv_multiple"": 0.8}",fresh_calendar_teacher_fade_both_lb336_fast72_z050_ret60_h120_fl0_xr125,80,0,0.01006888987728653,40,-17.945953370674385,-8.132704337938211,-0.010068889877286491,0.0031026504988245574,"{""cooldown"": 1175, ""signal_missing"": 309, ""teacher_state_rank_gap_too_small"": 29}",False,False,444,0,0.05949265949188703,222,-17.097351905995307,-7.052525727361155,-0.05949265949188698,0.003587466534139259,84,0,0.011001086614561499,42,-20.427968009720068,-10.969508520964288,-0.010912821330728129,0.003325087435978373
"train_positive,val_positive,oos_return_beats_incumbent,oos_mdd_beats_shadow,oos_sharpe_gt_1",calendar_teacher_state_fade,"{""adaptive_lookback_bars"": 72, ""allow_long"": true, ""allow_short"": true, ""broad_min_abs"": 0.006, ""calendar_long_months"": [], ""calendar_long_symbol"": """", ""calendar_short_months"": [], ""calendar_short_symbol"": """", ""calendar_veto_flow_abs"": 0.0, ""calendar_veto_funding_abs"": 0.0, ""calendar_veto_market_ret_abs"": 0.0, ""calendar_veto_resid_z"": 0.0, ""compression_lookback_bars"": 24, ""compression_quantile"": 0.0, ""cooldown_bars"": 30, ""entry_days_of_month"": [], ""entry_hours"": [], ""external_risk_max"": 1.25, ""family"": ""calendar_teacher_state_fade"", ""flow_lookback_bars"": 6, ""flow_persistence_bars"": 0, ""flow_persistence_threshold"": 0.0, ""flow_threshold"": 0.0, ""funding_abs_cap"": 0.00025, ""funding_rank_min"": 0.0001, ""hold_bars"": 120, ""long_allocation_scale"": 6.0, ""lookback_bars"": 336, ""max_order_value"": 175.0, ""max_rv"": 0.0, ""min_abs_return"": 0.009, ""name"": ""fresh_calendar_teacher_fade_both_lb336_fast72_z050_ret90_h120_fl0_xr125"", ""oi_rank_min"": 0.012, ""primary_symbol"": """", ""rv_lookback_bars"": 24, ""secondary_symbol"": """", ""sharpe_lookback_bars"": 24, ""sharpe_rank_min"": 0.5, ""short_allocation_scale"": 8.0, ""spread_hedge_ratio"": 1.0, ""stop_loss_pct"": 0.004, ""take_profit_pct"": 0.045, ""target_allocation"": 0.008, ""threshold"": 0.5, ""trailing_stop_cap_pct"": 0.012, ""trailing_stop_floor_pct"": 0.004, ""trailing_stop_rv_multiple"": 0.8}",fresh_calendar_teacher_fade_both_lb336_fast72_z050_ret90_h120_fl0_xr125,80,0,0.010086306260300262,40,-17.667366600343062,-7.691616029180105,-0.01008630626030027,0.0031570443457846443,"{""cooldown"": 1175, ""signal_missing"": 317, ""teacher_state_rank_gap_too_small"": 29}",False,False,444,0,0.059847897742408715,222,-17.281661776485482,-7.146292946940968,-0.05984789774240873,0.003571071941342842,82,0,0.010741445173467047,41,-18.620974962015804,-9.359669582276618,-0.010653156717388312,0.0035604432361382083
"train_positive,val_positive,oos_return_beats_incumbent,oos_mdd_beats_shadow,oos_sharpe_gt_1",calendar_teacher_state_fade,"{""adaptive_lookback_bars"": 72, ""allow_long"": true, ""allow_short"": true, ""broad_min_abs"": 0.006, ""calendar_long_months"": [], ""calendar_long_symbol"": """", ""calendar_short_months"": [], ""calendar_short_symbol"": """", ""calendar_veto_flow_abs"": 0.0, ""calendar_veto_funding_abs"": 0.0, ""calendar_veto_market_ret_abs"": 0.0, ""calendar_veto_resid_z"": 0.0, ""compression_lookback_bars"": 24, ""compression_quantile"": 0.0, ""cooldown_bars"": 30, ""entry_days_of_month"": [], ""entry_hours"": [], ""external_risk_max"": 1.25, ""family"": ""calendar_teacher_state_fade"", ""flow_lookback_bars"": 6, ""flow_persistence_bars"": 0, ""flow_persistence_threshold"": 0.0, ""flow_threshold"": 0.0, ""funding_abs_cap"": 0.00025, ""funding_rank_min"": 0.0001, ""hold_bars"": 120, ""long_allocation_scale"": 6.0, ""lookback_bars"": 336, ""max_order_value"": 175.0, ""max_rv"": 0.0, ""min_abs_return"": 0.003, ""name"": ""fresh_calendar_teacher_fade_both_lb336_fast72_z050_ret30_h120_fl0_xr125"", ""oi_rank_min"": 0.012, ""primary_symbol"": """", ""rv_lookback_bars"": 24, ""secondary_symbol"": """", ""sharpe_lookback_bars"": 24, ""sharpe_rank_min"": 0.5, ""short_allocation_scale"": 8.0, ""spread_hedge_ratio"": 1.0, ""stop_loss_pct"": 0.004, ""take_profit_pct"": 0.045, ""target_allocation"": 0.008, ""threshold"": 0.5, ""trailing_stop_cap_pct"": 0.012, ""trailing_stop_floor_pct"": 0.004, ""trailing_stop_rv_multiple"": 0.8}",fresh_calendar_teacher_fade_both_lb336_fast72_z050_ret30_h120_fl0_xr125,82,0,0.010110600010335475,41,-18.06875504038595,-8.014157082176181,-0.01011060001033548,0.0030943966510627017,"{""cooldown"": 1205, ""signal_missing"": 290, ""teacher_state_rank_gap_too_small"": 29}",False,False,448,0,0.06055778783722635,224,-16.9902882643537,-6.857757119013848,-0.06055778783722632,0.0036767546002368437,84,0,0.010618616696557654,42,-19.40779452969538,-10.531137040413322,-0.010530317278393708,0.003376527441017708
"train_positive,val_positive,oos_return_beats_incumbent,oos_mdd_beats_shadow,oos_sharpe_gt_1",calendar_teacher_state_fade,"{""adaptive_lookback_bars"": 24, ""allow_long"": true, ""allow_short"": true, ""broad_min_abs"": 0.006, ""calendar_long_months"": [], ""calendar_long_symbol"": """", ""calendar_short_months"": [], ""calendar_short_symbol"": """", ""calendar_veto_flow_abs"": 0.0, ""calendar_veto_funding_abs"": 0.0, ""calendar_veto_market_ret_abs"": 0.0, ""calendar_veto_resid_z"": 0.0, ""compression_lookback_bars"": 24, ""compression_quantile"": 0.0, ""cooldown_bars"": 30, ""entry_days_of_month"": [], ""entry_hours"": [], ""external_risk_max"": 1.25, ""family"": ""calendar_teacher_state_fade"", ""flow_lookback_bars"": 6, ""flow_persistence_bars"": 0, ""flow_persistence_threshold"": 0.0, ""flow_threshold"": 0.02, ""funding_abs_cap"": 0.00025, ""funding_rank_min"": 0.0001, ""hold_bars"": 120, ""long_allocation_scale"": 6.0, ""lookback_bars"": 72, ""max_order_value"": 175.0, ""max_rv"": 0.0, ""min_abs_return"": 0.006, ""name"": ""fresh_calendar_teacher_fade_both_lb72_fast24_z050_ret60_h120_fl2_xr125"", ""oi_rank_min"": 0.012, ""primary_symbol"": """", ""rv_lookback_bars"": 24, ""secondary_symbol"": """", ""sharpe_lookback_bars"": 12, ""sharpe_rank_min"": 0.5, ""short_allocation_scale"": 8.0, ""spread_hedge_ratio"": 1.0, ""stop_loss_pct"": 0.004, ""take_profit_pct"": 0.045, ""target_allocation"": 0.008, ""threshold"": 0.5, ""trailing_stop_cap_pct"": 0.012, ""trailing_stop_floor_pct"": 0.004, ""trailing_stop_rv_multiple"": 0.8}",fresh_calendar_teacher_fade_both_lb72_fast24_z050_ret60_h120_fl2_xr125,92,0,0.010122167210549014,46,-18.1764934117842,-10.415329563051829,-0.010122167210549038,0.003079595082378465,"{""cooldown"": 1361, ""signal_missing"": 141, ""teacher_state_rank_gap_too_small"": 12}",False,False,522,0,0.07000509109523591,261,-17.804164225112896,-7.620542745488393,-0.0700050910952359,0.004076340930952814,82,0,0.01112786581224967,41,-18.277705965035892,-8.441277033505216,-0.011120247164526531,0.0037872130029477763
"train_positive,val_positive,oos_return_beats_incumbent,oos_mdd_beats_shadow,oos_sharpe_gt_1",calendar_teacher_state_fade,"{""adaptive_lookback_bars"": 72, ""allow_long"": true, ""allow_short"": true, ""broad_min_abs"": 0.006, ""calendar_long_months"": [], ""calendar_long_symbol"": """", ""calendar_short_months"": [], ""calendar_short_symbol"": """", ""calendar_veto_flow_abs"": 0.0, ""calendar_veto_funding_abs"": 0.0, ""calendar_veto_market_ret_abs"": 0.0, ""calendar_veto_resid_z"": 0.0, ""compression_lookback_bars"": 24, ""compression_quantile"": 0.0, ""cooldown_bars"": 30, ""entry_days_of_month"": [], ""entry_hours"": [], ""external_risk_max"": 0.0, ""family"": ""calendar_teacher_state_fade"", ""flow_lookback_bars"": 6, ""flow_persistence_bars"": 0, ""flow_persistence_threshold"": 0.0, ""flow_threshold"": 0.02, ""funding_abs_cap"": 0.00025, ""funding_rank_min"": 0.0001, ""hold_bars"": 120, ""long_allocation_scale"": 6.0, ""lookback_bars"": 336, ""max_order_value"": 175.0, ""max_rv"": 0.0, ""min_abs_return"": 0.006, ""name"": ""fresh_calendar_teacher_fade_both_lb336_fast72_z035_ret60_h120_fl2"", ""oi_rank_min"": 0.012, ""primary_symbol"": """", ""rv_lookback_bars"": 24, ""secondary_symbol"": """", ""sharpe_lookback_bars"": 24, ""sharpe_rank_min"": 0.5, ""short_allocation_scale"": 8.0, ""spread_hedge_ratio"": 1.0, ""stop_loss_pct"": 0.004, ""take_profit_pct"": 0.045, ""target_allocation"": 0.008, ""threshold"": 0.35, ""trailing_stop_cap_pct"": 0.012, ""trailing_stop_floor_pct"": 0.004, ""trailing_stop_rv_multiple"": 0.8}",fresh_calendar_teacher_fade_both_lb336_fast72_z035_ret60_h120_fl2,84,0,0.010147842805717846,42,-16.12442938520639,-6.693437767782726,-0.0101478428057179,0.003480287596657352,"{""cooldown"": 1238, ""signal_missing"": 243, ""teacher_state_rank_gap_too_small"": 29}",False,False,444,0,0.05800272569166082,222,-17.427817664831878,-7.1435578242396165,-0.05800272569166076,0.0034286357007287994,82,0,0.010185649402910894,41,-19.15040780204157,-10.675347811969145,-0.010097311343672088,0.0032804886569550566
"train_positive,val_positive,oos_return_beats_incumbent,oos_mdd_beats_shadow,oos_sharpe_gt_1",calendar_teacher_state_fade,"{""adaptive_lookback_bars"": 72, ""allow_long"": true, ""allow_short"": true, ""broad_min_abs"": 0.006, ""calendar_long_months"": [], ""calendar_long_symbol"": """", ""calendar_short_months"": [], ""calendar_short_symbol"": """", ""calendar_veto_flow_abs"": 0.0, ""calendar_veto_funding_abs"": 0.0, ""calendar_veto_market_ret_abs"": 0.0, ""calendar_veto_resid_z"": 0.0, ""compression_lookback_bars"": 24, ""compression_quantile"": 0.0, ""cooldown_bars"": 30, ""entry_days_of_month"": [], ""entry_hours"": [], ""external_risk_max"": 1.25, ""family"": ""calendar_teacher_state_fade"", ""flow_lookback_bars"": 6, ""flow_persistence_bars"": 0, ""flow_persistence_threshold"": 0.0, ""flow_threshold"": 0.02, ""funding_abs_cap"": 0.00025, ""funding_rank_min"": 0.0001, ""hold_bars"": 120, ""long_allocation_scale"": 6.0, ""lookback_bars"": 168, ""max_order_value"": 175.0, ""max_rv"": 0.0, ""min_abs_return"": 0.009, ""name"": ""fresh_calendar_teacher_fade_both_lb168_fast72_z075_ret90_h120_fl2_xr125"", ""oi_rank_min"": 0.012, ""primary_symbol"": """", ""rv_lookback_bars"": 24, ""secondary_symbol"": """", ""sharpe_lookback_bars"": 24, ""sharpe_rank_min"": 0.75, ""short_allocation_scale"": 8.0, ""spread_hedge_ratio"": 1.0, ""stop_loss_pct"": 0.004, ""take_profit_pct"": 0.045, ""target_allocation"": 0.008, ""threshold"": 0.75, ""trailing_stop_cap_pct"": 0.012, ""trailing_stop_floor_pct"": 0.004, ""trailing_stop_rv_multiple"": 0.8}",fresh_calendar_teacher_fade_both_lb168_fast72_z075_ret90_h120_fl2_xr125,82,0,0.01020236601838006,41,-17.947930874202576,-7.423715182519906,-0.010202366018380093,0.003143641638775575,"{""cooldown"": 1224, ""signal_missing"": 275, ""teacher_state_rank_gap_too_small"": 21}",False,False,460,0,0.0631941033174273,230,-17.10053301189304,-7.090417693387665,-0.06319410331742725,0.0038173719530976706,78,0,0.0112813483865261,39,-18.394953865320794,-7.362946603599033,-0.011281348386526058,0.0038178995373242004
"train_positive,val_positive,oos_return_beats_incumbent,oos_mdd_beats_shadow,oos_sharpe_gt_1",calendar_teacher_state_fade,"{""adaptive_lookback_bars"": 24, ""allow_long"": true, ""allow_short"": true, ""broad_min_abs"": 0.006, ""calendar_long_months"": [], ""calendar_long_symbol"": """", ""calendar_short_months"": [], ""calendar_short_symbol"": """", ""calendar_veto_flow_abs"": 0.0, ""calendar_veto_funding_abs"": 0.0, ""calendar_veto_market_ret_abs"": 0.0, ""calendar_veto_resid_z"": 0.0, ""compression_lookback_bars"": 24, ""compression_quantile"": 0.0, ""cooldown_bars"": 30, ""entry_days_of_month"": [], ""entry_hours"": [], ""external_risk_max"": 1.25, ""family"": ""calendar_teacher_state_fade"", ""flow_lookback_bars"": 6, ""flow_persistence_bars"": 0, ""flow_persistence_threshold"": 0.0, ""flow_threshold"": 0.02, ""funding_abs_cap"": 0.00025, ""funding_rank_min"": 0.0001, ""hold_bars"": 120, ""long_allocation_scale"": 6.0, ""lookback_bars"": 72, ""max_order_value"": 175.0, ""max_rv"": 0.0, ""min_abs_return"": 0.009, ""name"": ""fresh_calendar_teacher_fade_both_lb72_fast24_z035_ret90_h120_fl2_xr125"", ""oi_rank_min"": 0.012, ""primary_symbol"": """", ""rv_lookback_bars"": 24, ""secondary_symbol"": """", ""sharpe_lookback_bars"": 12, ""sharpe_rank_min"": 0.5, ""short_allocation_scale"": 8.0, ""spread_hedge_ratio"": 1.0, ""stop_loss_pct"": 0.004, ""take_profit_pct"": 0.045, ""target_allocation"": 0.008, ""threshold"": 0.35, ""trailing_stop_cap_pct"": 0.012, ""trailing_stop_floor_pct"": 0.004, ""trailing_stop_rv_multiple"": 0.8}",fresh_calendar_teacher_fade_both_lb72_fast24_z035_ret90_h120_fl2_xr125,94,0,0.010207612679534578,47,-19.791487278072335,-10.854238766596227,-0.010207612679534628,0.002852332545255425,"{""cooldown"": 1386, ""signal_missing"": 124, ""teacher_state_rank_gap_too_small"": 9}",False,False,526,0,0.07150088160832456,263,-17.64014245900995,-7.475907154891376,-0.07150088160832457,0.004205473935869611,84,0,0.011343854801701459,42,-18.48774304969173,-8.113807667947324,-0.011343854801701414,0.0038199075056682364
"train_positive,val_positive,oos_return_beats_incumbent,oos_mdd_beats_shadow,oos_sharpe_gt_1",calendar_teacher_state_fade,"{""adaptive_lookback_bars"": 72, ""allow_long"": true, ""allow_short"": true, ""broad_min_abs"": 0.006, ""calendar_long_months"": [], ""calendar_long_symbol"": """", ""calendar_short_months"": [], ""calendar_short_symbol"": """", ""calendar_veto_flow_abs"": 0.0, ""calendar_veto_funding_abs"": 0.0, ""calendar_veto_market_ret_abs"": 0.0, ""calendar_veto_resid_z"": 0.0, ""compression_lookback_bars"": 24, ""compression_quantile"": 0.0, ""cooldown_bars"": 30, ""entry_days_of_month"": [], ""entry_hours"": [], ""external_risk_max"": 0.0, ""family"": ""calendar_teacher_state_fade"", ""flow_lookback_bars"": 6, ""flow_persistence_bars"": 0, ""flow_persistence_threshold"": 0.0, ""flow_threshold"": 0.02, ""funding_abs_cap"": 0.00025, ""funding_rank_min"": 0.0001, ""hold_bars"": 120, ""long_allocation_scale"": 6.0, ""lookback_bars"": 336, ""max_order_value"": 175.0, ""max_rv"": 0.0, ""min_abs_return"": 0.003, ""name"": ""fresh_calendar_teacher_fade_both_lb336_fast72_z035_ret30_h120_fl2"", ""oi_rank_min"": 0.012, ""primary_symbol"": """", ""rv_lookback_bars"": 24, ""secondary_symbol"": """", ""sharpe_lookback_bars"": 24, ""sharpe_rank_min"": 0.5, ""short_allocation_scale"": 8.0, ""spread_hedge_ratio"": 1.0, ""stop_loss_pct"": 0.004, ""take_profit_pct"": 0.045, ""target_allocation"": 0.008, ""threshold"": 0.35, ""trailing_stop_cap_pct"": 0.012, ""trailing_stop_floor_pct"": 0.004, ""trailing_stop_rv_multiple"": 0.8}",fresh_calendar_teacher_fade_both_lb336_fast72_z035_ret30_h120_fl2,84,0,0.010256420115875516,42,-16.09641515678163,-6.6852114987363,-0.010256420115875464,0.003523834394243062,"{""cooldown"": 1238, ""signal_missing"": 241, ""teacher_state_rank_gap_too_small"": 25}",False,False,446,0,0.05788902688882936,223,-17.456807682887323,-7.177708327506992,-0.057889026888829354,0.0034160298190540556,84,0,0.010244398290638685,42,-19.429095420780573,-10.969753941127758,-0.0101560654745676,0.003252351196360921
"train_positive,val_positive,oos_return_beats_incumbent,oos_mdd_beats_shadow,oos_sharpe_gt_1",calendar_teacher_state_fade,"{""adaptive_lookback_bars"": 72, ""allow_long"": true, ""allow_short"": true, ""broad_min_abs"": 0.006, ""calendar_long_months"": [], ""calendar_long_symbol"": """", ""calendar_short_months"": [], ""calendar_short_symbol"": """", ""calendar_veto_flow_abs"": 0.0, ""calendar_veto_funding_abs"": 0.0, ""calendar_veto_market_ret_abs"": 0.0, ""calendar_veto_resid_z"": 0.0, ""compression_lookback_bars"": 24, ""compression_quantile"": 0.0, ""cooldown_bars"": 30, ""entry_days_of_month"": [], ""entry_hours"": [], ""external_risk_max"": 0.0, ""family"": ""calendar_teacher_state_fade"", ""flow_lookback_bars"": 6, ""flow_persistence_bars"": 0, ""flow_persistence_threshold"": 0.0, ""flow_threshold"": 0.0, ""funding_abs_cap"": 0.00025, ""funding_rank_min"": 0.0001, ""hold_bars"": 120, ""long_allocation_scale"": 6.0, ""lookback_bars"": 336, ""max_order_value"": 175.0, ""max_rv"": 0.0, ""min_abs_return"": 0.009, ""name"": ""fresh_calendar_teacher_fade_both_lb336_fast72_z035_ret90_h120_fl0"", ""oi_rank_min"": 0.012, ""primary_symbol"": """", ""rv_lookback_bars"": 24, ""secondary_symbol"": """", ""sharpe_lookback_bars"": 24, ""sharpe_rank_min"": 0.5, ""short_allocation_scale"": 8.0, ""spread_hedge_ratio"": 1.0, ""stop_loss_pct"": 0.004, ""take_profit_pct"": 0.045, ""target_allocation"": 0.008, ""threshold"": 0.35, ""trailing_stop_cap_pct"": 0.012, ""trailing_stop_floor_pct"": 0.004, ""trailing_stop_rv_multiple"": 0.8}",fresh_calendar_teacher_fade_both_lb336_fast72_z035_ret90_h120_fl0,84,0,0.010268683950497506,42,-17.847995477912523,-8.242878946074454,-0.010268683950497515,0.0031818939389010167,"{""cooldown"": 1237, ""signal_missing"": 245, ""teacher_state_rank_gap_too_small"": 29}",False,False,452,0,0.06344697742608969,226,-17.123696971781424,-6.978176033135027,-0.06332847599139313,0.0038205853257147725,82,0,0.011018194591111911,41,-18.878658904638826,-9.470660127166111,-0.010929930834115753,0.0036035878524172476
"train_positive,val_positive,oos_return_beats_incumbent,oos_mdd_beats_shadow,oos_sharpe_gt_1",calendar_teacher_state_fade,"{""adaptive_lookback_bars"": 72, ""allow_long"": true, ""allow_short"": true, ""broad_min_abs"": 0.006, ""calendar_long_months"": [], ""calendar_long_symbol"": """", ""calendar_short_months"": [], ""calendar_short_symbol"": """", ""calendar_veto_flow_abs"": 0.0, ""calendar_veto_funding_abs"": 0.0, ""calendar_veto_market_ret_abs"": 0.0, ""calendar_veto_resid_z"": 0.0, ""compression_lookback_bars"": 24, ""compression_quantile"": 0.0, ""cooldown_bars"": 30, ""entry_days_of_month"": [], ""entry_hours"": [], ""external_risk_max"": 0.0, ""family"": ""calendar_teacher_state_fade"", ""flow_lookback_bars"": 6, ""flow_persistence_bars"": 0, ""flow_persistence_threshold"": 0.0, ""flow_threshold"": 0.0, ""funding_abs_cap"": 0.00025, ""funding_rank_min"": 0.0001, ""hold_bars"": 120, ""long_allocation_scale"": 6.0, ""lookback_bars"": 336, ""max_order_value"": 175.0, ""max_rv"": 0.0, ""min_abs_return"": 0.006, ""name"": ""fresh_calendar_teacher_fade_both_lb336_fast72_z050_ret60_h120_fl0"", ""oi_rank_min"": 0.012, ""primary_symbol"": """", ""rv_lookback_bars"": 24, ""secondary_symbol"": """", ""sharpe_lookback_bars"": 24, ""sharpe_rank_min"": 0.5, ""short_allocation_scale"": 8.0, ""spread_hedge_ratio"": 1.0, ""stop_loss_pct"": 0.004, ""take_profit_pct"": 0.045, ""target_allocation"": 0.008, ""threshold"": 0.5, ""trailing_stop_cap_pct"": 0.012, ""trailing_stop_floor_pct"": 0.004, ""trailing_stop_rv_multiple"": 0.8}",fresh_calendar_teacher_fade_both_lb336_fast72_z050_ret60_h120_fl0,82,0,0.010285740028668442,41,-17.87905929730243,-7.83613516642706,-0.010285740028668444,0.0031816693261064043,"{""cooldown"": 1205, ""signal_missing"": 282, ""teacher_state_rank_gap_too_small"": 29}",False,False,444,0,0.05952286797779834,222,-17.101797851438818,-7.057344954850025,-0.05952286797779838,0.0035884120625960534,84,0,0.011339020811615412,42,-20.325673957924312,-10.760776024676382,-0.011250785687428766,0.0034458918569426123
"train_positive,val_positive,oos_return_beats_incumbent,oos_mdd_beats_shadow,oos_sharpe_gt_1",calendar_teacher_state_fade,"{""adaptive_lookback_bars"": 72, ""allow_long"": true, ""allow_short"": true, ""broad_min_abs"": 0.006, ""calendar_long_months"": [], ""calendar_long_symbol"": """", ""calendar_short_months"": [], ""calendar_short_symbol"": """", ""calendar_veto_flow_abs"": 0.0, ""calendar_veto_funding_abs"": 0.0, ""calendar_veto_market_ret_abs"": 0.0, ""calendar_veto_resid_z"": 0.0, ""compression_lookback_bars"": 24, ""compression_quantile"": 0.0, ""cooldown_bars"": 30, ""entry_days_of_month"": [], ""entry_hours"": [], ""external_risk_max"": 1.25, ""family"": ""calendar_teacher_state_fade"", ""flow_lookback_bars"": 6, ""flow_persistence_bars"": 0, ""flow_persistence_threshold"": 0.0, ""flow_threshold"": 0.02, ""funding_abs_cap"": 0.00025, ""funding_rank_min"": 0.0001, ""hold_bars"": 120, ""long_allocation_scale"": 6.0, ""lookback_bars"": 168, ""max_order_value"": 175.0, ""max_rv"": 0.0, ""min_abs_return"": 0.006, ""name"": ""fresh_calendar_teacher_fade_both_lb168_fast72_z075_ret60_h120_fl2_xr125"", ""oi_rank_min"": 0.012, ""primary_symbol"": """", ""rv_lookback_bars"": 24, ""secondary_symbol"": """", ""sharpe_lookback_bars"": 24, ""sharpe_rank_min"": 0.75, ""short_allocation_scale"": 8.0, ""spread_hedge_ratio"": 1.0, ""stop_loss_pct"": 0.004, ""take_profit_pct"": 0.045, ""target_allocation"": 0.008, ""threshold"": 0.75, ""trailing_stop_cap_pct"": 0.012, ""trailing_stop_floor_pct"": 0.004, ""trailing_stop_rv_multiple"": 0.8}",fresh_calendar_teacher_fade_both_lb168_fast72_z075_ret60_h120_fl2_xr125,82,0,0.010304581332724137,41,-18.208076544662305,-7.613212630578016,-0.010304581332724161,0.003129939054814761,"{""cooldown"": 1224, ""signal_missing"": 263, ""teacher_state_rank_gap_too_small"": 21}",False,False,460,0,0.06324223206800579,230,-16.966610648975532,-6.9847989726521105,-0.06324223206800583,0.0038505245092510486,78,0,0.0112813483865261,39,-18.394953865320794,-7.362946603599033,-0.011281348386526058,0.0038178995373242004
"train_positive,val_positive,oos_return_beats_incumbent,oos_mdd_beats_shadow,oos_sharpe_gt_1",calendar_teacher_state_fade,"{""adaptive_lookback_bars"": 72, ""allow_long"": true, ""allow_short"": true, ""broad_min_abs"": 0.006, ""calendar_long_months"": [], ""calendar_long_symbol"": """", ""calendar_short_months"": [], ""calendar_short_symbol"": """", ""calendar_veto_flow_abs"": 0.0, ""calendar_veto_funding_abs"": 0.0, ""calendar_veto_market_ret_abs"": 0.0, ""calendar_veto_resid_z"": 0.0, ""compression_lookback_bars"": 24, ""compression_quantile"": 0.0, ""cooldown_bars"": 30, ""entry_days_of_month"": [], ""entry_hours"": [], ""external_risk_max"": 0.0, ""family"": ""calendar_teacher_state_fade"", ""flow_lookback_bars"": 6, ""flow_persistence_bars"": 0, ""flow_persistence_threshold"": 0.0, ""flow_threshold"": 0.0, ""funding_abs_cap"": 0.00025, ""funding_rank_min"": 0.0001, ""hold_bars"": 120, ""long_allocation_scale"": 6.0, ""lookback_bars"": 168, ""max_order_value"": 175.0, ""max_rv"": 0.0, ""min_abs_return"": 0.006, ""name"": ""fresh_calendar_teacher_fade_both_lb168_fast72_z075_ret60_h120_fl0"", ""oi_rank_min"": 0.012, ""primary_symbol"": """", ""rv_lookback_bars"": 24, ""secondary_symbol"": """", ""sharpe_lookback_bars"": 24, ""sharpe_rank_min"": 0.75, ""short_allocation_scale"": 8.0, ""spread_hedge_ratio"": 1.0, ""stop_loss_pct"": 0.004, ""take_profit_pct"": 0.045, ""target_allocation"": 0.008, ""threshold"": 0.75, ""trailing_stop_cap_pct"": 0.012, ""trailing_stop_floor_pct"": 0.004, ""trailing_stop_rv_multiple"": 0.8}",fresh_calendar_teacher_fade_both_lb168_fast72_z075_ret60_h120_fl0,82,0,0.010335036959862867,41,-18.575762493801665,-8.094030975108284,-0.01033503695986282,0.0030771099006310855,"{""cooldown"": 1224, ""signal_missing"": 263, ""teacher_state_rank_gap_too_small"": 18}",False,False,466,0,0.06362539413900467,233,-16.830063795188444,-6.905924382434591,-0.0636253941390047,0.0039060631482780066,80,0,0.01027458402035528,40,-19.076273806426993,-8.269581546515983,-0.010274584020355304,0.003351346742323888
"train_positive,val_positive,oos_return_beats_incumbent,oos_mdd_beats_shadow,oos_sharpe_gt_1",calendar_teacher_state_fade,"{""adaptive_lookback_bars"": 24, ""allow_long"": true, ""allow_short"": true, ""broad_min_abs"": 0.006, ""calendar_long_months"": [], ""calendar_long_symbol"": """", ""calendar_short_months"": [], ""calendar_short_symbol"": """", ""calendar_veto_flow_abs"": 0.0, ""calendar_veto_funding_abs"": 0.0, ""calendar_veto_market_ret_abs"": 0.0, ""calendar_veto_resid_z"": 0.0, ""compression_lookback_bars"": 24, ""compression_quantile"": 0.0, ""cooldown_bars"": 30, ""entry_days_of_month"": [], ""entry_hours"": [], ""external_risk_max"": 1.25, ""family"": ""calendar_teacher_state_fade"", ""flow_lookback_bars"": 6, ""flow_persistence_bars"": 0, ""flow_persistence_threshold"": 0.0, ""flow_threshold"": 0.02, ""funding_abs_cap"": 0.00025, ""funding_rank_min"": 0.0001, ""hold_bars"": 120, ""long_allocation_scale"": 6.0, ""lookback_bars"": 72, ""max_order_value"": 175.0, ""max_rv"": 0.0, ""min_abs_return"": 0.006, ""name"": ""fresh_calendar_teacher_fade_both_lb72_fast24_z035_ret60_h120_fl2_xr125"", ""oi_rank_min"": 0.012, ""primary_symbol"": """", ""rv_lookback_bars"": 24, ""secondary_symbol"": """", ""sharpe_lookback_bars"": 12, ""sharpe_rank_min"": 0.5, ""short_allocation_scale"": 8.0, ""spread_hedge_ratio"": 1.0, ""stop_loss_pct"": 0.004, ""take_profit_pct"": 0.045, ""target_allocation"": 0.008, ""threshold"": 0.35, ""trailing_stop_cap_pct"": 0.012, ""trailing_stop_floor_pct"": 0.004, ""trailing_stop_rv_multiple"": 0.8}",fresh_calendar_teacher_fade_both_lb72_fast24_z035_ret60_h120_fl2_xr125,94,0,0.010351715178974336,47,-18.60318378187889,-10.51684483543784,-0.010351715178974374,0.0030775588152116506,"{""cooldown"": 1391, ""signal_missing"": 103, ""teacher_state_rank_gap_too_small"": 8}",False,False,528,0,0.07043003257975487,264,-17.892143828584285,-7.7646056367663014,-0.07043003257975489,0.004081841912543091,84,0,0.011249767730715841,42,-18.555696780594435,-8.19122099506481,-0.011242150022171549,0.0037716088328484196
"train_positive,val_positive,oos_return_beats_incumbent,oos_mdd_beats_shadow,oos_sharpe_gt_1",calendar_teacher_state_fade,"{""adaptive_lookback_bars"": 24, ""allow_long"": true, ""allow_short"": true, ""broad_min_abs"": 0.006, ""calendar_long_months"": [], ""calendar_long_symbol"": """", ""calendar_short_months"": [], ""calendar_short_symbol"": """", ""calendar_veto_flow_abs"": 0.0, ""calendar_veto_funding_abs"": 0.0, ""calendar_veto_market_ret_abs"": 0.0, ""calendar_veto_resid_z"": 0.0, ""compression_lookback_bars"": 24, ""compression_quantile"": 0.0, ""cooldown_bars"": 30, ""entry_days_of_month"": [], ""entry_hours"": [], ""external_risk_max"": 1.25, ""family"": ""calendar_teacher_state_fade"", ""flow_lookback_bars"": 6, ""flow_persistence_bars"": 0, ""flow_persistence_threshold"": 0.0, ""flow_threshold"": 0.02, ""funding_abs_cap"": 0.00025, ""funding_rank_min"": 0.0001, ""hold_bars"": 120, ""long_allocation_scale"": 6.0, ""lookback_bars"": 72, ""max_order_value"": 175.0, ""max_rv"": 0.0, ""min_abs_return"": 0.009, ""name"": ""fresh_calendar_teacher_fade_both_lb72_fast24_z050_ret90_h120_fl2_xr125"", ""oi_rank_min"": 0.012, ""primary_symbol"": """", ""rv_lookback_bars"": 24, ""secondary_symbol"": """", ""sharpe_lookback_bars"": 12, ""sharpe_rank_min"": 0.5, ""short_allocation_scale"": 8.0, ""spread_hedge_ratio"": 1.0, ""stop_loss_pct"": 0.004, ""take_profit_pct"": 0.045, ""target_allocation"": 0.008, ""threshold"": 0.5, ""trailing_stop_cap_pct"": 0.012, ""trailing_stop_floor_pct"": 0.004, ""trailing_stop_rv_multiple"": 0.8}",fresh_calendar_teacher_fade_both_lb72_fast24_z050_ret90_h120_fl2_xr125,90,0,0.01041133033929873,45,-19.301442225717953,-10.582538421601646,-0.010411330339298752,0.002983411748589425,"{""cooldown"": 1331, ""signal_missing"": 184, ""teacher_state_rank_gap_too_small"": 9}",False,False,518,0,0.06982791807867052,259,-17.527180682406392,-7.444341492537999,-0.0698279180786705,0.004129877662624774,82,0,0.011092086411006443,41,-18.093781975440045,-8.241262491659237,-0.011092086411006452,0.003815960754095368
"train_positive,val_positive,oos_return_beats_incumbent,oos_mdd_beats_shadow,oos_sharpe_gt_1",calendar_teacher_state_fade,"{""adaptive_lookback_bars"": 24, ""allow_long"": true, ""allow_short"": true, ""broad_min_abs"": 0.006, ""calendar_long_months"": [], ""calendar_long_symbol"": """", ""calendar_short_months"": [], ""calendar_short_symbol"": """", ""calendar_veto_flow_abs"": 0.0, ""calendar_veto_funding_abs"": 0.0, ""calendar_veto_market_ret_abs"": 0.0, ""calendar_veto_resid_z"": 0.0, ""compression_lookback_bars"": 24, ""compression_quantile"": 0.0, ""cooldown_bars"": 30, ""entry_days_of_month"": [], ""entry_hours"": [], ""external_risk_max"": 1.25, ""family"": ""calendar_teacher_state_fade"", ""flow_lookback_bars"": 6, ""flow_persistence_bars"": 0, ""flow_persistence_threshold"": 0.0, ""flow_threshold"": 0.02, ""funding_abs_cap"": 0.00025, ""funding_rank_min"": 0.0001, ""hold_bars"": 120, ""long_allocation_scale"": 6.0, ""lookback_bars"": 72, ""max_order_value"": 175.0, ""max_rv"": 0.0, ""min_abs_return"": 0.006, ""name"": ""fresh_calendar_teacher_fade_both_lb72_fast24_z075_ret60_h120_fl2_xr125"", ""oi_rank_min"": 0.012, ""primary_symbol"": """", ""rv_lookback_bars"": 24, ""secondary_symbol"": """", ""sharpe_lookback_bars"": 12, ""sharpe_rank_min"": 0.75, ""short_allocation_scale"": 8.0, ""spread_hedge_ratio"": 1.0, ""stop_loss_pct"": 0.004, ""take_profit_pct"": 0.045, ""target_allocation"": 0.008, ""threshold"": 0.75, ""trailing_stop_cap_pct"": 0.012, ""trailing_stop_floor_pct"": 0.004, ""trailing_stop_rv_multiple"": 0.8}",fresh_calendar_teacher_fade_both_lb72_fast24_z075_ret60_h120_fl2_xr125,86,0,0.01041669170533587,43,-17.978037450083306,-8.601817690427914,-0.010416691705335879,0.0032046477075776372,"{""cooldown"": 1285, ""signal_missing"": 188, ""teacher_state_rank_gap_too_small"": 44}",False,False,502,0,0.06961403071657224,251,-17.58238056600072,-7.322060597318705,-0.06961403071657224,0.0041038400396320686,78,0,0.009965342771535999,39,-19.51330363862388,-9.54809196840539,-0.00995771516729238,0.003174760993063679
"train_positive,val_positive,oos_return_beats_incumbent,oos_mdd_beats_shadow,oos_sharpe_gt_1",calendar_teacher_state_fade,"{""adaptive_lookback_bars"": 24, ""allow_long"": true, ""allow_short"": true, ""broad_min_abs"": 0.006, ""calendar_long_months"": [], ""calendar_long_symbol"": """", ""calendar_short_months"": [], ""calendar_short_symbol"": """", ""calendar_veto_flow_abs"": 0.0, ""calendar_veto_funding_abs"": 0.0, ""calendar_veto_market_ret_abs"": 0.0, ""calendar_veto_resid_z"": 0.0, ""compression_lookback_bars"": 24, ""compression_quantile"": 0.0, ""cooldown_bars"": 30, ""entry_days_of_month"": [], ""entry_hours"": [], ""external_risk_max"": 0.0, ""family"": ""calendar_teacher_state_fade"", ""flow_lookback_bars"": 6, ""flow_persistence_bars"": 0, ""flow_persistence_threshold"": 0.0, ""flow_threshold"": 0.0, ""funding_abs_cap"": 0.00025, ""funding_rank_min"": 0.0001, ""hold_bars"": 120, ""long_allocation_scale"": 6.0, ""lookback_bars"": 72, ""max_order_value"": 175.0, ""max_rv"": 0.0, ""min_abs_return"": 0.009, ""name"": ""fresh_calendar_teacher_fade_both_lb72_fast24_z075_ret90_h120_fl0"", ""oi_rank_min"": 0.012, ""primary_symbol"": """", ""rv_lookback_bars"": 24, ""secondary_symbol"": """", ""sharpe_lookback_bars"": 12, ""sharpe_rank_min"": 0.75, ""short_allocation_scale"": 8.0, ""spread_hedge_ratio"": 1.0, ""stop_loss_pct"": 0.004, ""take_profit_pct"": 0.045, ""target_allocation"": 0.008, ""threshold"": 0.75, ""trailing_stop_cap_pct"": 0.012, ""trailing_stop_floor_pct"": 0.004, ""trailing_stop_rv_multiple"": 0.8}",fresh_calendar_teacher_fade_both_lb72_fast24_z075_ret90_h120_fl0,90,0,0.010421633442049823,45,-18.2913061078558,-9.096515967301736,-0.010421633442049827,0.0031512743722264132,"{""cooldown"": 1345, ""signal_missing"": 131, ""teacher_state_rank_gap_too_small"": 29}",False,False,506,0,0.07296897166974504,253,-18.036227816599876,-7.623393934465522,-0.07296897166974503,0.004200864012745958,80,0,0.0099642020919192,40,-18.4289159610951,-9.242772728364516,-0.009956574478887315,0.0033611490705623783
"train_positive,val_positive,oos_return_beats_incumbent,oos_mdd_beats_shadow,oos_sharpe_gt_1",calendar_teacher_state_fade,"{""adaptive_lookback_bars"": 24, ""allow_long"": true, ""allow_short"": true, ""broad_min_abs"": 0.006, ""calendar_long_months"": [], ""calendar_long_symbol"": """", ""calendar_short_months"": [], ""calendar_short_symbol"": """", ""calendar_veto_flow_abs"": 0.0, ""calendar_veto_funding_abs"": 0.0, ""calendar_veto_market_ret_abs"": 0.0, ""calendar_veto_resid_z"": 0.0, ""compression_lookback_bars"": 24, ""compression_quantile"": 0.0, ""cooldown_bars"": 30, ""entry_days_of_month"": [], ""entry_hours"": [], ""external_risk_max"": 1.25, ""family"": ""calendar_teacher_state_fade"", ""flow_lookback_bars"": 6, ""flow_persistence_bars"": 0, ""flow_persistence_threshold"": 0.0, ""flow_threshold"": 0.0, ""funding_abs_cap"": 0.00025, ""funding_rank_min"": 0.0001, ""hold_bars"": 120, ""long_allocation_scale"": 6.0, ""lookback_bars"": 72, ""max_order_value"": 175.0, ""max_rv"": 0.0, ""min_abs_return"": 0.009, ""name"": ""fresh_calendar_teacher_fade_both_lb72_fast24_z075_ret90_h120_fl0_xr125"", ""oi_rank_min"": 0.012, ""primary_symbol"": """", ""rv_lookback_bars"": 24, ""secondary_symbol"": """", ""sharpe_lookback_bars"": 12, ""sharpe_rank_min"": 0.75, ""short_allocation_scale"": 8.0, ""spread_hedge_ratio"": 1.0, ""stop_loss_pct"": 0.004, ""take_profit_pct"": 0.045, ""target_allocation"": 0.008, ""threshold"": 0.75, ""trailing_stop_cap_pct"": 0.012, ""trailing_stop_floor_pct"": 0.004, ""trailing_stop_rv_multiple"": 0.8}",fresh_calendar_teacher_fade_both_lb72_fast24_z075_ret90_h120_fl0_xr125,90,0,0.010421633442049823,45,-18.2913061078558,-9.096515967301736,-0.010421633442049827,0.0031512743722264132,"{""cooldown"": 1345, ""signal_missing"": 131, ""teacher_state_rank_gap_too_small"": 29}",False,False,506,0,0.07202492729485366,253,-18.050580055995926,-7.639065500310527,-0.07202492729485366,0.004141143800651762,80,0,0.010014598740966212,40,-18.63897611196023,-9.26092498134579,-0.010006971516209329,0.003340180580833346
"train_positive,val_positive,oos_return_beats_incumbent,oos_mdd_beats_shadow,oos_sharpe_gt_1",calendar_teacher_state_fade,"{""adaptive_lookback_bars"": 72, ""allow_long"": true, ""allow_short"": true, ""broad_min_abs"": 0.006, ""calendar_long_months"": [], ""calendar_long_symbol"": """", ""calendar_short_months"": [], ""calendar_short_symbol"": """", ""calendar_veto_flow_abs"": 0.0, ""calendar_veto_funding_abs"": 0.0, ""calendar_veto_market_ret_abs"": 0.0, ""calendar_veto_resid_z"": 0.0, ""compression_lookback_bars"": 24, ""compression_quantile"": 0.0, ""cooldown_bars"": 30, ""entry_days_of_month"": [], ""entry_hours"": [], ""external_risk_max"": 0.0, ""family"": ""calendar_teacher_state_fade"", ""flow_lookback_bars"": 6, ""flow_persistence_bars"": 0, ""flow_persistence_threshold"": 0.0, ""flow_threshold"": 0.0, ""funding_abs_cap"": 0.00025, ""funding_rank_min"": 0.0001, ""hold_bars"": 120, ""long_allocation_scale"": 6.0, ""lookback_bars"": 336, ""max_order_value"": 175.0, ""max_rv"": 0.0, ""min_abs_return"": 0.009, ""name"": ""fresh_calendar_teacher_fade_both_lb336_fast72_z050_ret90_h120_fl0"", ""oi_rank_min"": 0.012, ""primary_symbol"": """", ""rv_lookback_bars"": 24, ""secondary_symbol"": """", ""sharpe_lookback_bars"": 24, ""sharpe_rank_min"": 0.5, ""short_allocation_scale"": 8.0, ""spread_hedge_ratio"": 1.0, ""stop_loss_pct"": 0.004, ""take_profit_pct"": 0.045, ""target_allocation"": 0.008, ""threshold"": 0.5, ""trailing_stop_cap_pct"": 0.012, ""trailing_stop_floor_pct"": 0.004, ""trailing_stop_rv_multiple"": 0.8}",fresh_calendar_teacher_fade_both_lb336_fast72_z050_ret90_h120_fl0,80,0,0.010424725914757618,40,-17.59107253134622,-7.5041032045292395,-0.010424725914757627,0.0032776690155829676,"{""cooldown"": 1175, ""signal_missing"": 317, ""teacher_state_rank_gap_too_small"": 29}",False,False,444,0,0.059878632481178466,222,-17.285904500929334,-7.150976507844023,-0.05987863248117842,0.0035720866743992035,82,0,0.010905182655322788,41,-18.713458143296304,-9.470863030371529,-0.010816908812339321,0.0035976003201191498
"train_positive,val_positive,oos_return_beats_incumbent,oos_mdd_beats_shadow,oos_sharpe_gt_1",calendar_teacher_state_fade,"{""adaptive_lookback_bars"": 72, ""allow_long"": true, ""allow_short"": true, ""broad_min_abs"": 0.006, ""calendar_long_months"": [], ""calendar_long_symbol"": """", ""calendar_short_months"": [], ""calendar_short_symbol"": """", ""calendar_veto_flow_abs"": 0.0, ""calendar_veto_funding_abs"": 0.0, ""calendar_veto_market_ret_abs"": 0.0, ""calendar_veto_resid_z"": 0.0, ""compression_lookback_bars"": 24, ""compression_quantile"": 0.0, ""cooldown_bars"": 30, ""entry_days_of_month"": [], ""entry_hours"": [], ""external_risk_max"": 0.0, ""family"": ""calendar_teacher_state_fade"", ""flow_lookback_bars"": 6, ""flow_persistence_bars"": 0, ""flow_persistence_threshold"": 0.0, ""flow_threshold"": 0.0, ""funding_abs_cap"": 0.00025, ""funding_rank_min"": 0.0001, ""hold_bars"": 120, ""long_allocation_scale"": 6.0, ""lookback_bars"": 168, ""max_order_value"": 175.0, ""max_rv"": 0.0, ""min_abs_return"": 0.003, ""name"": ""fresh_calendar_teacher_fade_both_lb168_fast72_z075_ret30_h120_fl0"", ""oi_rank_min"": 0.012, ""primary_symbol"": """", ""rv_lookback_bars"": 24, ""secondary_symbol"": """", ""sharpe_lookback_bars"": 24, ""sharpe_rank_min"": 0.75, ""short_allocation_scale"": 8.0, ""spread_hedge_ratio"": 1.0, ""stop_loss_pct"": 0.004, ""take_profit_pct"": 0.045, ""target_allocation"": 0.008, ""threshold"": 0.75, ""trailing_stop_cap_pct"": 0.012, ""trailing_stop_floor_pct"": 0.004, ""trailing_stop_rv_multiple"": 0.8}",fresh_calendar_teacher_fade_both_lb168_fast72_z075_ret30_h120_fl0,82,0,0.010460910237719702,41,-18.549568174524413,-8.076372826573811,-0.010460910237719667,0.0031191790592632147,"{""cooldown"": 1224, ""signal_missing"": 266, ""teacher_state_rank_gap_too_small"": 18}",False,False,466,0,0.06469784660378172,233,-16.85181756286627,-6.690255312601309,-0.06469784660378175,0.003969016778285311,82,0,0.010569726277365365,41,-19.359319363036875,-8.520606436595768,-0.01056972627736541,0.003397715118854858
"train_positive,val_positive,oos_return_beats_incumbent,oos_mdd_beats_shadow,oos_sharpe_gt_1",calendar_teacher_state_fade,"{""adaptive_lookback_bars"": 72, ""allow_long"": true, ""allow_short"": true, ""broad_min_abs"": 0.006, ""calendar_long_months"": [], ""calendar_long_symbol"": """", ""calendar_short_months"": [], ""calendar_short_symbol"": """", ""calendar_veto_flow_abs"": 0.0, ""calendar_veto_funding_abs"": 0.0, ""calendar_veto_market_ret_abs"": 0.0, ""calendar_veto_resid_z"": 0.0, ""compression_lookback_bars"": 24, ""compression_quantile"": 0.0, ""cooldown_bars"": 30, ""entry_days_of_month"": [], ""entry_hours"": [], ""external_risk_max"": 0.0, ""family"": ""calendar_teacher_state_fade"", ""flow_lookback_bars"": 6, ""flow_persistence_bars"": 0, ""flow_persistence_threshold"": 0.0, ""flow_threshold"": 0.0, ""funding_abs_cap"": 0.00025, ""funding_rank_min"": 0.0001, ""hold_bars"": 120, ""long_allocation_scale"": 6.0, ""lookback_bars"": 336, ""max_order_value"": 175.0, ""max_rv"": 0.0, ""min_abs_return"": 0.003, ""name"": ""fresh_calendar_teacher_fade_both_lb336_fast72_z050_ret30_h120_fl0"", ""oi_rank_min"": 0.012, ""primary_symbol"": """", ""rv_lookback_bars"": 24, ""secondary_symbol"": """", ""sharpe_lookback_bars"": 24, ""sharpe_rank_min"": 0.5, ""short_allocation_scale"": 8.0, ""spread_hedge_ratio"": 1.0, ""stop_loss_pct"": 0.004, ""take_profit_pct"": 0.045, ""target_allocation"": 0.008, ""threshold"": 0.5, ""trailing_stop_cap_pct"": 0.012, ""trailing_stop_floor_pct"": 0.004, ""trailing_stop_rv_multiple"": 0.8}",fresh_calendar_teacher_fade_both_lb336_fast72_z050_ret30_h120_fl0,84,0,0.010496027700230115,42,-18.128776392177574,-7.749957989908081,-0.01049602770023017,0.003202336432729181,"{""cooldown"": 1235, ""signal_missing"": 264, ""teacher_state_rank_gap_too_small"": 29}",False,False,448,0,0.06058904942125082,224,-16.994660052714952,-6.862102550460289,-0.06058904942125087,0.00367776686823667,84,0,0.010782399604359009,42,-19.48514372407188,-10.641490900955509,-0.010694114803344368,0.0034157164779703452
"train_positive,val_positive,oos_return_beats_incumbent,oos_mdd_beats_shadow,oos_sharpe_gt_1",calendar_teacher_state_fade,"{""adaptive_lookback_bars"": 72, ""allow_long"": true, ""allow_short"": true, ""broad_min_abs"": 0.006, ""calendar_long_months"": [], ""calendar_long_symbol"": """", ""calendar_short_months"": [], ""calendar_short_symbol"": """", ""calendar_veto_flow_abs"": 0.0, ""calendar_veto_funding_abs"": 0.0, ""calendar_veto_market_ret_abs"": 0.0, ""calendar_veto_resid_z"": 0.0, ""compression_lookback_bars"": 24, ""compression_quantile"": 0.0, ""cooldown_bars"": 30, ""entry_days_of_month"": [], ""entry_hours"": [], ""external_risk_max"": 1.25, ""family"": ""calendar_teacher_state_fade"", ""flow_lookback_bars"": 6, ""flow_persistence_bars"": 0, ""flow_persistence_threshold"": 0.0, ""flow_threshold"": 0.0, ""funding_abs_cap"": 0.00025, ""funding_rank_min"": 0.0001, ""hold_bars"": 120, ""long_allocation_scale"": 6.0, ""lookback_bars"": 168, ""max_order_value"": 175.0, ""max_rv"": 0.0, ""min_abs_return"": 0.009, ""name"": ""fresh_calendar_teacher_fade_both_lb168_fast72_z035_ret90_h120_fl0_xr125"", ""oi_rank_min"": 0.012, ""primary_symbol"": """", ""rv_lookback_bars"": 24, ""secondary_symbol"": """", ""sharpe_lookback_bars"": 24, ""sharpe_rank_min"": 0.5, ""short_allocation_scale"": 8.0, ""spread_hedge_ratio"": 1.0, ""stop_loss_pct"": 0.004, ""take_profit_pct"": 0.045, ""target_allocation"": 0.008, ""threshold"": 0.35, ""trailing_stop_cap_pct"": 0.012, ""trailing_stop_floor_pct"": 0.004, ""trailing_stop_rv_multiple"": 0.8}",fresh_calendar_teacher_fade_both_lb168_fast72_z035_ret90_h120_fl0_xr125,92,0,0.010532932382683755,46,-19.326642626448873,-9.937182918504192,-0.010532932382683713,0.0030145044315109935,"{""cooldown"": 1379, ""signal_missing"": 113, ""teacher_state_rank_gap_too_small"": 12}",False,False,496,0,0.0702141902479394,248,-17.999940236036522,-7.595679905257975,-0.0702141902479394,0.0040445056917319,84,0,0.009961684781999738,42,-18.385600859207525,-8.553183918512223,-0.009733668857735744,0.00329327725454613
"train_positive,val_positive,oos_return_beats_incumbent,oos_mdd_beats_shadow,oos_sharpe_gt_1",calendar_teacher_state_fade,"{""adaptive_lookback_bars"": 24, ""allow_long"": true, ""allow_short"": true, ""broad_min_abs"": 0.006, ""calendar_long_months"": [], ""calendar_long_symbol"": """", ""calendar_short_months"": [], ""calendar_short_symbol"": """", ""calendar_veto_flow_abs"": 0.0, ""calendar_veto_funding_abs"": 0.0, ""calendar_veto_market_ret_abs"": 0.0, ""calendar_veto_resid_z"": 0.0, ""compression_lookback_bars"": 24, ""compression_quantile"": 0.0, ""cooldown_bars"": 30, ""entry_days_of_month"": [], ""entry_hours"": [], ""external_risk_max"": 1.25, ""family"": ""calendar_teacher_state_fade"", ""flow_lookback_bars"": 6, ""flow_persistence_bars"": 0, ""flow_persistence_threshold"": 0.0, ""flow_threshold"": 0.02, ""funding_abs_cap"": 0.00025, ""funding_rank_min"": 0.0001, ""hold_bars"": 120, ""long_allocation_scale"": 6.0, ""lookback_bars"": 72, ""max_order_value"": 175.0, ""max_rv"": 0.0, ""min_abs_return"": 0.003, ""name"": ""fresh_calendar_teacher_fade_both_lb72_fast24_z035_ret30_h120_fl2_xr125"", ""oi_rank_min"": 0.012, ""primary_symbol"": """", ""rv_lookback_bars"": 24, ""secondary_symbol"": """", ""sharpe_lookback_bars"": 12, ""sharpe_rank_min"": 0.5, ""short_allocation_scale"": 8.0, ""spread_hedge_ratio"": 1.0, ""stop_loss_pct"": 0.004, ""take_profit_pct"": 0.045, ""target_allocation"": 0.008, ""threshold"": 0.35, ""trailing_stop_cap_pct"": 0.012, ""trailing_stop_floor_pct"": 0.004, ""trailing_stop_rv_multiple"": 0.8}",fresh_calendar_teacher_fade_both_lb72_fast24_z035_ret30_h120_fl2_xr125,94,0,0.010555299820977415,47,-18.560242654720465,-9.951780579842996,-0.01055529982097747,0.003145661137828561,"{""cooldown"": 1385, ""signal_missing"": 93, ""teacher_state_rank_gap_too_small"": 11}",False,False,526,0,0.07004820512372917,263,-17.854088276043477,-7.726149250208554,-0.07004820512372911,0.004067541478414898,84,0,0.012453293185000455,42,-19.24991436220008,-8.332095154693112,-0.012453293185000436,0.004029712469255065
"train_positive,val_positive,oos_return_beats_incumbent,oos_mdd_beats_shadow,oos_sharpe_gt_1",calendar_teacher_state_fade,"{""adaptive_lookback_bars"": 72, ""allow_long"": true, ""allow_short"": true, ""broad_min_abs"": 0.006, ""calendar_long_months"": [], ""calendar_long_symbol"": """", ""calendar_short_months"": [], ""calendar_short_symbol"": """", ""calendar_veto_flow_abs"": 0.0, ""calendar_veto_funding_abs"": 0.0, ""calendar_veto_market_ret_abs"": 0.0, ""calendar_veto_resid_z"": 0.0, ""compression_lookback_bars"": 24, ""compression_quantile"": 0.0, ""cooldown_bars"": 30, ""entry_days_of_month"": [], ""entry_hours"": [], ""external_risk_max"": 1.25, ""family"": ""calendar_teacher_state_fade"", ""flow_lookback_bars"": 6, ""flow_persistence_bars"": 0, ""flow_persistence_threshold"": 0.0, ""flow_threshold"": 0.0, ""funding_abs_cap"": 0.00025, ""funding_rank_min"": 0.0001, ""hold_bars"": 120, ""long_allocation_scale"": 6.0, ""lookback_bars"": 168, ""max_order_value"": 175.0, ""max_rv"": 0.0, ""min_abs_return"": 0.009, ""name"": ""fresh_calendar_teacher_fade_both_lb168_fast72_z050_ret90_h120_fl0_xr125"", ""oi_rank_min"": 0.012, ""primary_symbol"": """", ""rv_lookback_bars"": 24, ""secondary_symbol"": """", ""sharpe_lookback_bars"": 24, ""sharpe_rank_min"": 0.5, ""short_allocation_scale"": 8.0, ""spread_hedge_ratio"": 1.0, ""stop_loss_pct"": 0.004, ""take_profit_pct"": 0.045, ""target_allocation"": 0.008, ""threshold"": 0.5, ""trailing_stop_cap_pct"": 0.012, ""trailing_stop_floor_pct"": 0.004, ""trailing_stop_rv_multiple"": 0.8}",fresh_calendar_teacher_fade_both_lb168_fast72_z050_ret90_h120_fl0_xr125,90,0,0.010585745622599238,45,-19.416855992859713,-9.778279909478025,-0.010585745622599285,0.003015624742862955,"{""cooldown"": 1349, ""signal_missing"": 146, ""teacher_state_rank_gap_too_small"": 10}",False,False,490,0,0.06862350880901795,245,-17.711224051384033,-7.437879578436993,-0.06862350880901791,0.004013921356503459,84,0,0.010011384701497913,42,-18.53794687238378,-8.600428552441644,-0.009858705459035555,0.003308379427922981
"train_positive,val_positive,oos_return_beats_incumbent,oos_mdd_beats_shadow,oos_sharpe_gt_1",calendar_teacher_state_fade,"{""adaptive_lookback_bars"": 24, ""allow_long"": true, ""allow_short"": true, ""broad_min_abs"": 0.006, ""calendar_long_months"": [], ""calendar_long_symbol"": """", ""calendar_short_months"": [], ""calendar_short_symbol"": """", ""calendar_veto_flow_abs"": 0.0, ""calendar_veto_funding_abs"": 0.0, ""calendar_veto_market_ret_abs"": 0.0, ""calendar_veto_resid_z"": 0.0, ""compression_lookback_bars"": 24, ""compression_quantile"": 0.0, ""cooldown_bars"": 30, ""entry_days_of_month"": [], ""entry_hours"": [], ""external_risk_max"": 1.25, ""family"": ""calendar_teacher_state_fade"", ""flow_lookback_bars"": 6, ""flow_persistence_bars"": 0, ""flow_persistence_threshold"": 0.0, ""flow_threshold"": 0.0, ""funding_abs_cap"": 0.00025, ""funding_rank_min"": 0.0001, ""hold_bars"": 120, ""long_allocation_scale"": 6.0, ""lookback_bars"": 72, ""max_order_value"": 175.0, ""max_rv"": 0.0, ""min_abs_return"": 0.003, ""name"": ""fresh_calendar_teacher_fade_both_lb72_fast24_z050_ret30_h120_fl0_xr125"", ""oi_rank_min"": 0.012, ""primary_symbol"": """", ""rv_lookback_bars"": 24, ""secondary_symbol"": """", ""sharpe_lookback_bars"": 12, ""sharpe_rank_min"": 0.5, ""short_allocation_scale"": 8.0, ""spread_hedge_ratio"": 1.0, ""stop_loss_pct"": 0.004, ""take_profit_pct"": 0.045, ""target_allocation"": 0.008, ""threshold"": 0.5, ""trailing_stop_cap_pct"": 0.012, ""trailing_stop_floor_pct"": 0.004, ""trailing_stop_rv_multiple"": 0.8}",fresh_calendar_teacher_fade_both_lb72_fast24_z050_ret30_h120_fl0_xr125,94,0,0.010596069878192792,47,-19.83409245782021,-10.578108671982244,-0.010596069878192838,0.002955091048032674,"{""cooldown"": 1386, ""signal_missing"": 128, ""teacher_state_rank_gap_too_small"": 5}",False,False,524,0,0.0747211516190002,262,-18.417283452347007,-8.051925510117206,-0.07472115161900017,0.004216678339730305,86,0,0.012878052620607282,43,-19.315741865354344,-8.771891460535146,-0.012878052620607261,0.004153836185461738
"train_positive,val_positive,oos_return_beats_incumbent,oos_mdd_beats_shadow,oos_sharpe_gt_1",calendar_teacher_state_fade,"{""adaptive_lookback_bars"": 24, ""allow_long"": true, ""allow_short"": true, ""broad_min_abs"": 0.006, ""calendar_long_months"": [], ""calendar_long_symbol"": """", ""calendar_short_months"": [], ""calendar_short_symbol"": """", ""calendar_veto_flow_abs"": 0.0, ""calendar_veto_funding_abs"": 0.0, ""calendar_veto_market_ret_abs"": 0.0, ""calendar_veto_resid_z"": 0.0, ""compression_lookback_bars"": 24, ""compression_quantile"": 0.0, ""cooldown_bars"": 30, ""entry_days_of_month"": [], ""entry_hours"": [], ""external_risk_max"": 0.0, ""family"": ""calendar_teacher_state_fade"", ""flow_lookback_bars"": 6, ""flow_persistence_bars"": 0, ""flow_persistence_threshold"": 0.0, ""flow_threshold"": 0.02, ""funding_abs_cap"": 0.00025, ""funding_rank_min"": 0.0001, ""hold_bars"": 120, ""long_allocation_scale"": 6.0, ""lookback_bars"": 72, ""max_order_value"": 175.0, ""max_rv"": 0.0, ""min_abs_return"": 0.009, ""name"": ""fresh_calendar_teacher_fade_both_lb72_fast24_z075_ret90_h120_fl2"", ""oi_rank_min"": 0.012, ""primary_symbol"": """", ""rv_lookback_bars"": 24, ""secondary_symbol"": """", ""sharpe_lookback_bars"": 12, ""sharpe_rank_min"": 0.75, ""short_allocation_scale"": 8.0, ""spread_hedge_ratio"": 1.0, ""stop_loss_pct"": 0.004, ""take_profit_pct"": 0.045, ""target_allocation"": 0.008, ""threshold"": 0.75, ""trailing_stop_cap_pct"": 0.012, ""trailing_stop_floor_pct"": 0.004, ""trailing_stop_rv_multiple"": 0.8}",fresh_calendar_teacher_fade_both_lb72_fast24_z075_ret90_h120_fl2,86,0,0.010598822737579758,43,-16.786221949942437,-7.789452073581326,-0.010598822737579727,0.0034924551466658646,"{""cooldown"": 1285, ""signal_missing"": 174, ""teacher_state_rank_gap_too_small"": 43}",False,False,502,0,0.06928795920240736,251,-17.60608636148915,-7.4907387938402605,-0.06928795920240738,0.00407841556383654,80,0,0.010670381292425162,40,-19.32693196259112,-9.220092196573304,-0.010662759120066978,0.003433522437651599
"train_positive,val_positive,oos_return_beats_incumbent,oos_mdd_beats_shadow,oos_sharpe_gt_1",calendar_teacher_state_fade,"{""adaptive_lookback_bars"": 72, ""allow_long"": true, ""allow_short"": true, ""broad_min_abs"": 0.006, ""calendar_long_months"": [], ""calendar_long_symbol"": """", ""calendar_short_months"": [], ""calendar_short_symbol"": """", ""calendar_veto_flow_abs"": 0.0, ""calendar_veto_funding_abs"": 0.0, ""calendar_veto_market_ret_abs"": 0.0, ""calendar_veto_resid_z"": 0.0, ""compression_lookback_bars"": 24, ""compression_quantile"": 0.0, ""cooldown_bars"": 30, ""entry_days_of_month"": [], ""entry_hours"": [], ""external_risk_max"": 0.0, ""family"": ""calendar_teacher_state_fade"", ""flow_lookback_bars"": 6, ""flow_persistence_bars"": 0, ""flow_persistence_threshold"": 0.0, ""flow_threshold"": 0.02, ""funding_abs_cap"": 0.00025, ""funding_rank_min"": 0.0001, ""hold_bars"": 120, ""long_allocation_scale"": 6.0, ""lookback_bars"": 336, ""max_order_value"": 175.0, ""max_rv"": 0.0, ""min_abs_return"": 0.006, ""name"": ""fresh_calendar_teacher_fade_both_lb336_fast72_z050_ret60_h120_fl2"", ""oi_rank_min"": 0.012, ""primary_symbol"": """", ""rv_lookback_bars"": 24, ""secondary_symbol"": """", ""sharpe_lookback_bars"": 24, ""sharpe_rank_min"": 0.5, ""short_allocation_scale"": 8.0, ""spread_hedge_ratio"": 1.0, ""stop_loss_pct"": 0.004, ""take_profit_pct"": 0.045, ""target_allocation"": 0.008, ""threshold"": 0.5, ""trailing_stop_cap_pct"": 0.012, ""trailing_stop_floor_pct"": 0.004, ""trailing_stop_rv_multiple"": 0.8}",fresh_calendar_teacher_fade_both_lb336_fast72_z050_ret60_h120_fl2,80,0,0.010602230844111,40,-17.483023540860717,-7.340602109169933,-0.010602230844111049,0.00335437136598486,"{""cooldown"": 1175, ""signal_missing"": 315, ""teacher_state_rank_gap_too_small"": 31}",False,False,438,0,0.05483910054552798,219,-17.194560805731776,-7.155807766359829,-0.054839100545527986,0.0032801640074694906,82,0,0.010099898831975151,41,-19.018381844098467,-10.659819774554448,-0.010011553119746552,0.0032750636904034683
"train_positive,val_positive,oos_return_beats_incumbent,oos_mdd_beats_shadow,oos_sharpe_gt_1",calendar_teacher_state_fade,"{""adaptive_lookback_bars"": 72, ""allow_long"": true, ""allow_short"": true, ""broad_min_abs"": 0.006, ""calendar_long_months"": [], ""calendar_long_symbol"": """", ""calendar_short_months"": [], ""calendar_short_symbol"": """", ""calendar_veto_flow_abs"": 0.0, ""calendar_veto_funding_abs"": 0.0, ""calendar_veto_market_ret_abs"": 0.0, ""calendar_veto_resid_z"": 0.0, ""compression_lookback_bars"": 24, ""compression_quantile"": 0.0, ""cooldown_bars"": 30, ""entry_days_of_month"": [], ""entry_hours"": [], ""external_risk_max"": 1.25, ""family"": ""calendar_teacher_state_fade"", ""flow_lookback_bars"": 6, ""flow_persistence_bars"": 0, ""flow_persistence_threshold"": 0.0, ""flow_threshold"": 0.0, ""funding_abs_cap"": 0.00025, ""funding_rank_min"": 0.0001, ""hold_bars"": 120, ""long_allocation_scale"": 6.0, ""lookback_bars"": 336, ""max_order_value"": 175.0, ""max_rv"": 0.0, ""min_abs_return"": 0.006, ""name"": ""fresh_calendar_teacher_fade_both_lb336_fast72_z035_ret60_h120_fl0_xr125"", ""oi_rank_min"": 0.012, ""primary_symbol"": """", ""rv_lookback_bars"": 24, ""secondary_symbol"": """", ""sharpe_lookback_bars"": 24, ""sharpe_rank_min"": 0.5, ""short_allocation_scale"": 8.0, ""spread_hedge_ratio"": 1.0, ""stop_loss_pct"": 0.004, ""take_profit_pct"": 0.045, ""target_allocation"": 0.008, ""threshold"": 0.35, ""trailing_stop_cap_pct"": 0.012, ""trailing_stop_floor_pct"": 0.004, ""trailing_stop_rv_multiple"": 0.8}",fresh_calendar_teacher_fade_both_lb336_fast72_z035_ret60_h120_fl0_xr125,84,0,0.010668660784495297,42,-18.30344364114399,-8.672815149563208,-0.010668660784495243,0.00322422606271082,"{""cooldown"": 1238, ""signal_missing"": 243, ""teacher_state_rank_gap_too_small"": 34}",False,False,452,0,0.06256958303373249,226,-16.952443960279734,-6.92021196010044,-0.062451081599035896,0.003803948995731004,84,0,0.011040746849782297,42,-20.371838867964307,-10.958920660455568,-0.010952485105509835,0.0033464319209889157
"train_positive,val_positive,oos_return_beats_incumbent,oos_mdd_beats_shadow,oos_sharpe_gt_1",calendar_teacher_state_fade,"{""adaptive_lookback_bars"": 72, ""allow_long"": true, ""allow_short"": true, ""broad_min_abs"": 0.006, ""calendar_long_months"": [], ""calendar_long_symbol"": """", ""calendar_short_months"": [], ""calendar_short_symbol"": """", ""calendar_veto_flow_abs"": 0.0, ""calendar_veto_funding_abs"": 0.0, ""calendar_veto_market_ret_abs"": 0.0, ""calendar_veto_resid_z"": 0.0, ""compression_lookback_bars"": 24, ""compression_quantile"": 0.0, ""cooldown_bars"": 30, ""entry_days_of_month"": [], ""entry_hours"": [], ""external_risk_max"": 0.0, ""family"": ""calendar_teacher_state_fade"", ""flow_lookback_bars"": 6, ""flow_persistence_bars"": 0, ""flow_persistence_threshold"": 0.0, ""flow_threshold"": 0.0, ""funding_abs_cap"": 0.00025, ""funding_rank_min"": 0.0001, ""hold_bars"": 120, ""long_allocation_scale"": 6.0, ""lookback_bars"": 336, ""max_order_value"": 175.0, ""max_rv"": 0.0, ""min_abs_return"": 0.003, ""name"": ""fresh_calendar_teacher_fade_both_lb336_fast72_z035_ret30_h120_fl0"", ""oi_rank_min"": 0.012, ""primary_symbol"": """", ""rv_lookback_bars"": 24, ""secondary_symbol"": """", ""sharpe_lookback_bars"": 24, ""sharpe_rank_min"": 0.5, ""short_allocation_scale"": 8.0, ""spread_hedge_ratio"": 1.0, ""stop_loss_pct"": 0.004, ""take_profit_pct"": 0.045, ""target_allocation"": 0.008, ""threshold"": 0.35, ""trailing_stop_cap_pct"": 0.012, ""trailing_stop_floor_pct"": 0.004, ""trailing_stop_rv_multiple"": 0.8}",fresh_calendar_teacher_fade_both_lb336_fast72_z035_ret30_h120_fl0,86,0,0.010672443149924948,43,-18.09158701292432,-7.859843911378586,-0.010672443149924993,0.0032631383105703364,"{""cooldown"": 1268, ""signal_missing"": 221, ""teacher_state_rank_gap_too_small"": 25}",False,False,454,0,0.06321464519392121,227,-17.100400784540035,-7.061456184874184,-0.06309614375922468,0.0038112875695597227,86,0,0.011052387746525241,43,-19.878983652169826,-10.805845224295165,-0.010964127041169003,0.0034330502322577113
"train_positive,val_positive,oos_return_beats_incumbent,oos_mdd_beats_shadow,oos_sharpe_gt_1",calendar_teacher_state_fade,"{""adaptive_lookback_bars"": 72, ""allow_long"": true, ""allow_short"": true, ""broad_min_abs"": 0.006, ""calendar_long_months"": [], ""calendar_long_symbol"": """", ""calendar_short_months"": [], ""calendar_short_symbol"": """", ""calendar_veto_flow_abs"": 0.0, ""calendar_veto_funding_abs"": 0.0, ""calendar_veto_market_ret_abs"": 0.0, ""calendar_veto_resid_z"": 0.0, ""compression_lookback_bars"": 24, ""compression_quantile"": 0.0, ""cooldown_bars"": 30, ""entry_days_of_month"": [], ""entry_hours"": [], ""external_risk_max"": 0.0, ""family"": ""calendar_teacher_state_fade"", ""flow_lookback_bars"": 6, ""flow_persistence_bars"": 0, ""flow_persistence_threshold"": 0.0, ""flow_threshold"": 0.0, ""funding_abs_cap"": 0.00025, ""funding_rank_min"": 0.0001, ""hold_bars"": 120, ""long_allocation_scale"": 6.0, ""lookback_bars"": 336, ""max_order_value"": 175.0, ""max_rv"": 0.0, ""min_abs_return"": 0.006, ""name"": ""fresh_calendar_teacher_fade_both_lb336_fast72_z035_ret60_h120_fl0"", ""oi_rank_min"": 0.012, ""primary_symbol"": """", ""rv_lookback_bars"": 24, ""secondary_symbol"": """", ""sharpe_lookback_bars"": 24, ""sharpe_rank_min"": 0.5, ""short_allocation_scale"": 8.0, ""spread_hedge_ratio"": 1.0, ""stop_loss_pct"": 0.004, ""take_profit_pct"": 0.045, ""target_allocation"": 0.008, ""threshold"": 0.35, ""trailing_stop_cap_pct"": 0.012, ""trailing_stop_floor_pct"": 0.004, ""trailing_stop_rv_multiple"": 0.8}",fresh_calendar_teacher_fade_both_lb336_fast72_z035_ret60_h120_fl0,86,0,0.010698401508772803,43,-18.292850766193578,-8.297667208804699,-0.01069840150877277,0.0032351337894015748,"{""cooldown"": 1268, ""signal_missing"": 215, ""teacher_state_rank_gap_too_small"": 29}",False,False,452,0,0.06288223130685165,226,-16.960173721870536,-6.921530585038281,-0.06276372987215506,0.003821878843291674,84,0,0.011339020811615412,42,-20.325673957924312,-10.760776024676382,-0.011250785687428766,0.0034458918569426123
"train_positive,val_positive,oos_return_beats_incumbent,oos_mdd_beats_shadow,oos_sharpe_gt_1",calendar_teacher_state_fade,"{""adaptive_lookback_bars"": 24, ""allow_long"": true, ""allow_short"": true, ""broad_min_abs"": 0.006, ""calendar_long_months"": [], ""calendar_long_symbol"": """", ""calendar_short_months"": [], ""calendar_short_symbol"": """", ""calendar_veto_flow_abs"": 0.0, ""calendar_veto_funding_abs"": 0.0, ""calendar_veto_market_ret_abs"": 0.0, ""calendar_veto_resid_z"": 0.0, ""compression_lookback_bars"": 24, ""compression_quantile"": 0.0, ""cooldown_bars"": 30, ""entry_days_of_month"": [], ""entry_hours"": [], ""external_risk_max"": 0.0, ""family"": ""calendar_teacher_state_fade"", ""flow_lookback_bars"": 6, ""flow_persistence_bars"": 0, ""flow_persistence_threshold"": 0.0, ""flow_threshold"": 0.0, ""funding_abs_cap"": 0.00025, ""funding_rank_min"": 0.0001, ""hold_bars"": 120, ""long_allocation_scale"": 6.0, ""lookback_bars"": 72, ""max_order_value"": 175.0, ""max_rv"": 0.0, ""min_abs_return"": 0.006, ""name"": ""fresh_calendar_teacher_fade_both_lb72_fast24_z075_ret60_h120_fl0"", ""oi_rank_min"": 0.012, ""primary_symbol"": """", ""rv_lookback_bars"": 24, ""secondary_symbol"": """", ""sharpe_lookback_bars"": 12, ""sharpe_rank_min"": 0.75, ""short_allocation_scale"": 8.0, ""spread_hedge_ratio"": 1.0, ""stop_loss_pct"": 0.004, ""take_profit_pct"": 0.045, ""target_allocation"": 0.008, ""threshold"": 0.75, ""trailing_stop_cap_pct"": 0.012, ""trailing_stop_floor_pct"": 0.004, ""trailing_stop_rv_multiple"": 0.8}",fresh_calendar_teacher_fade_both_lb72_fast24_z075_ret60_h120_fl0,88,0,0.010704199217769928,44,-18.558726374058534,-9.046733762256746,-0.010704199217769883,0.0031905319662267435,"{""cooldown"": 1315, ""signal_missing"": 145, ""teacher_state_rank_gap_too_small"": 43}",False,False,508,0,0.07423540154108432,254,-18.096018934754575,-7.5559470211433615,-0.07423540154108432,0.0042625215816397815,80,0,0.009910900312833735,40,-18.503134732949114,-9.2429491935289,-0.009903272289144671,0.00332966001825137
"train_positive,val_positive,oos_return_beats_incumbent,oos_mdd_beats_shadow,oos_sharpe_gt_1",calendar_teacher_state_fade,"{""adaptive_lookback_bars"": 24, ""allow_long"": true, ""allow_short"": true, ""broad_min_abs"": 0.006, ""calendar_long_months"": [], ""calendar_long_symbol"": """", ""calendar_short_months"": [], ""calendar_short_symbol"": """", ""calendar_veto_flow_abs"": 0.0, ""calendar_veto_funding_abs"": 0.0, ""calendar_veto_market_ret_abs"": 0.0, ""calendar_veto_resid_z"": 0.0, ""compression_lookback_bars"": 24, ""compression_quantile"": 0.0, ""cooldown_bars"": 30, ""entry_days_of_month"": [], ""entry_hours"": [], ""external_risk_max"": 1.25, ""family"": ""calendar_teacher_state_fade"", ""flow_lookback_bars"": 6, ""flow_persistence_bars"": 0, ""flow_persistence_threshold"": 0.0, ""flow_threshold"": 0.0, ""funding_abs_cap"": 0.00025, ""funding_rank_min"": 0.0001, ""hold_bars"": 120, ""long_allocation_scale"": 6.0, ""lookback_bars"": 72, ""max_order_value"": 175.0, ""max_rv"": 0.0, ""min_abs_return"": 0.006, ""name"": ""fresh_calendar_teacher_fade_both_lb72_fast24_z075_ret60_h120_fl0_xr125"", ""oi_rank_min"": 0.012, ""primary_symbol"": """", ""rv_lookback_bars"": 24, ""secondary_symbol"": """", ""sharpe_lookback_bars"": 12, ""sharpe_rank_min"": 0.75, ""short_allocation_scale"": 8.0, ""spread_hedge_ratio"": 1.0, ""stop_loss_pct"": 0.004, ""take_profit_pct"": 0.045, ""target_allocation"": 0.008, ""threshold"": 0.75, ""trailing_stop_cap_pct"": 0.012, ""trailing_stop_floor_pct"": 0.004, ""trailing_stop_rv_multiple"": 0.8}",fresh_calendar_teacher_fade_both_lb72_fast24_z075_ret60_h120_fl0_xr125,88,0,0.010704199217769928,44,-18.558726374058534,-9.046733762256746,-0.010704199217769883,0.0031905319662267435,"{""cooldown"": 1315, ""signal_missing"": 145, ""teacher_state_rank_gap_too_small"": 43}",False,False,508,0,0.07407173414176232,254,-18.21011813627857,-7.628623569241732,-0.07407173414176227,0.0042261137826868815,80,0,0.0099608100579737,40,-18.716221255133032,-9.260004466773273,-0.00995318241880827,0.0033084295171052942
"train_positive,val_positive,oos_return_beats_incumbent,oos_mdd_beats_shadow,oos_sharpe_gt_1",calendar_teacher_state_fade,"{""adaptive_lookback_bars"": 72, ""allow_long"": true, ""allow_short"": true, ""broad_min_abs"": 0.006, ""calendar_long_months"": [], ""calendar_long_symbol"": """", ""calendar_short_months"": [], ""calendar_short_symbol"": """", ""calendar_veto_flow_abs"": 0.0, ""calendar_veto_funding_abs"": 0.0, ""calendar_veto_market_ret_abs"": 0.0, ""calendar_veto_resid_z"": 0.0, ""compression_lookback_bars"": 24, ""compression_quantile"": 0.0, ""cooldown_bars"": 18, ""entry_days_of_month"": [], ""entry_hours"": [], ""external_risk_max"": 1.25, ""family"": ""calendar_teacher_state_fade"", ""flow_lookback_bars"": 6, ""flow_persistence_bars"": 0, ""flow_persistence_threshold"": 0.0, ""flow_threshold"": 0.02, ""funding_abs_cap"": 0.00025, ""funding_rank_min"": 0.0001, ""hold_bars"": 72, ""long_allocation_scale"": 6.0, ""lookback_bars"": 336, ""max_order_value"": 175.0, ""max_rv"": 0.0, ""min_abs_return"": 0.009, ""name"": ""fresh_calendar_teacher_fade_both_lb336_fast72_z075_ret90_h72_fl2_xr125"", ""oi_rank_min"": 0.012, ""primary_symbol"": """", ""rv_lookback_bars"": 24, ""secondary_symbol"": """", ""sharpe_lookback_bars"": 24, ""sharpe_rank_min"": 0.75, ""short_allocation_scale"": 8.0, ""spread_hedge_ratio"": 1.0, ""stop_loss_pct"": 0.004, ""take_profit_pct"": 0.045, ""target_allocation"": 0.008, ""threshold"": 0.75, ""trailing_stop_cap_pct"": 0.012, ""trailing_stop_floor_pct"": 0.004, ""trailing_stop_rv_multiple"": 0.8}",fresh_calendar_teacher_fade_both_lb336_fast72_z075_ret90_h72_fl2_xr125,98,0,0.01075211494729665,49,-15.527917055124757,-8.137831054122268,-0.010752114947296665,0.003830293493058972,"{""cooldown"": 865, ""signal_missing"": 552, ""teacher_state_rank_gap_too_small"": 88}",False,False,638,0,0.08363471395812994,319,-20.33049402441146,-10.194134040475491,-0.08363471395812994,0.004296035173946577,128,0,0.015056878777381693,64,-23.673291013023533,-14.635520461365475,-0.014968975461232548,0.003943788064582816
"train_positive,val_positive,oos_return_beats_incumbent,oos_mdd_beats_shadow,oos_sharpe_gt_1",calendar_teacher_state_fade,"{""adaptive_lookback_bars"": 24, ""allow_long"": true, ""allow_short"": true, ""broad_min_abs"": 0.006, ""calendar_long_months"": [], ""calendar_long_symbol"": """", ""calendar_short_months"": [], ""calendar_short_symbol"": """", ""calendar_veto_flow_abs"": 0.0, ""calendar_veto_funding_abs"": 0.0, ""calendar_veto_market_ret_abs"": 0.0, ""calendar_veto_resid_z"": 0.0, ""compression_lookback_bars"": 24, ""compression_quantile"": 0.0, ""cooldown_bars"": 30, ""entry_days_of_month"": [], ""entry_hours"": [], ""external_risk_max"": 0.0, ""family"": ""calendar_teacher_state_fade"", ""flow_lookback_bars"": 6, ""flow_persistence_bars"": 0, ""flow_persistence_threshold"": 0.0, ""flow_threshold"": 0.02, ""funding_abs_cap"": 0.00025, ""funding_rank_min"": 0.0001, ""hold_bars"": 120, ""long_allocation_scale"": 6.0, ""lookback_bars"": 72, ""max_order_value"": 175.0, ""max_rv"": 0.0, ""min_abs_return"": 0.006, ""name"": ""fresh_calendar_teacher_fade_both_lb72_fast24_z075_ret60_h120_fl2"", ""oi_rank_min"": 0.012, ""primary_symbol"": """", ""rv_lookback_bars"": 24, ""secondary_symbol"": """", ""sharpe_lookback_bars"": 12, ""sharpe_rank_min"": 0.75, ""short_allocation_scale"": 8.0, ""spread_hedge_ratio"": 1.0, ""stop_loss_pct"": 0.004, ""take_profit_pct"": 0.045, ""target_allocation"": 0.008, ""threshold"": 0.75, ""trailing_stop_cap_pct"": 0.012, ""trailing_stop_floor_pct"": 0.004, ""trailing_stop_rv_multiple"": 0.8}",fresh_calendar_teacher_fade_both_lb72_fast24_z075_ret60_h120_fl2,86,0,0.010760308007491767,43,-19.004188710315702,-9.021625165309764,-0.010760308007491726,0.0031321768912983224,"{""cooldown"": 1285, ""signal_missing"": 195, ""teacher_state_rank_gap_too_small"": 41}",False,False,502,0,0.06936417164510131,251,-17.660354534548897,-7.383086224291067,-0.06936417164510134,0.004070522299475306,80,0,0.010798534724716227,40,-19.60154431849586,-9.475883749848116,-0.010790913539700853,0.0034263349214397
"train_positive,val_positive,oos_return_beats_incumbent,oos_mdd_beats_shadow,oos_sharpe_gt_1",calendar_teacher_state_fade,"{""adaptive_lookback_bars"": 24, ""allow_long"": true, ""allow_short"": true, ""broad_min_abs"": 0.006, ""calendar_long_months"": [], ""calendar_long_symbol"": """", ""calendar_short_months"": [], ""calendar_short_symbol"": """", ""calendar_veto_flow_abs"": 0.0, ""calendar_veto_funding_abs"": 0.0, ""calendar_veto_market_ret_abs"": 0.0, ""calendar_veto_resid_z"": 0.0, ""compression_lookback_bars"": 24, ""compression_quantile"": 0.0, ""cooldown_bars"": 30, ""entry_days_of_month"": [], ""entry_hours"": [], ""external_risk_max"": 0.0, ""family"": ""calendar_teacher_state_fade"", ""flow_lookback_bars"": 6, ""flow_persistence_bars"": 0, ""flow_persistence_threshold"": 0.0, ""flow_threshold"": 0.0, ""funding_abs_cap"": 0.00025, ""funding_rank_min"": 0.0001, ""hold_bars"": 120, ""long_allocation_scale"": 6.0, ""lookback_bars"": 72, ""max_order_value"": 175.0, ""max_rv"": 0.0, ""min_abs_return"": 0.003, ""name"": ""fresh_calendar_teacher_fade_both_lb72_fast24_z050_ret30_h120_fl0"", ""oi_rank_min"": 0.012, ""primary_symbol"": """", ""rv_lookback_bars"": 24, ""secondary_symbol"": """", ""sharpe_lookback_bars"": 12, ""sharpe_rank_min"": 0.5, ""short_allocation_scale"": 8.0, ""spread_hedge_ratio"": 1.0, ""stop_loss_pct"": 0.004, ""take_profit_pct"": 0.045, ""target_allocation"": 0.008, ""threshold"": 0.5, ""trailing_stop_cap_pct"": 0.012, ""trailing_stop_floor_pct"": 0.004, ""trailing_stop_rv_multiple"": 0.8}",fresh_calendar_teacher_fade_both_lb72_fast24_z050_ret30_h120_fl0,96,0,0.010763567544512444,48,-19.98129929688954,-11.067089015171215,-0.010763567544512465,0.002979940174795106,"{""cooldown"": 1416, ""signal_missing"": 92, ""teacher_state_rank_gap_too_small"": 5}",False,False,526,0,0.07667446371878049,263,-18.501275872913023,-7.990158259735371,-0.0766744637187805,0.004311749162804908,86,0,0.01269244858665749,43,-19.388623981914876,-8.898569941607851,-0.012692448586657523,0.004078207328490957
"train_positive,val_positive,oos_return_beats_incumbent,oos_mdd_beats_shadow,oos_sharpe_gt_1",calendar_teacher_state_fade,"{""adaptive_lookback_bars"": 72, ""allow_long"": true, ""allow_short"": true, ""broad_min_abs"": 0.006, ""calendar_long_months"": [], ""calendar_long_symbol"": """", ""calendar_short_months"": [], ""calendar_short_symbol"": """", ""calendar_veto_flow_abs"": 0.0, ""calendar_veto_funding_abs"": 0.0, ""calendar_veto_market_ret_abs"": 0.0, ""calendar_veto_resid_z"": 0.0, ""compression_lookback_bars"": 24, ""compression_quantile"": 0.0, ""cooldown_bars"": 30, ""entry_days_of_month"": [], ""entry_hours"": [], ""external_risk_max"": 1.25, ""family"": ""calendar_teacher_state_fade"", ""flow_lookback_bars"": 6, ""flow_persistence_bars"": 0, ""flow_persistence_threshold"": 0.0, ""flow_threshold"": 0.0, ""funding_abs_cap"": 0.00025, ""funding_rank_min"": 0.0001, ""hold_bars"": 120, ""long_allocation_scale"": 6.0, ""lookback_bars"": 336, ""max_order_value"": 175.0, ""max_rv"": 0.0, ""min_abs_return"": 0.003, ""name"": ""fresh_calendar_teacher_fade_both_lb336_fast72_z035_ret30_h120_fl0_xr125"", ""oi_rank_min"": 0.012, ""primary_symbol"": """", ""rv_lookback_bars"": 24, ""secondary_symbol"": """", ""sharpe_lookback_bars"": 24, ""sharpe_rank_min"": 0.5, ""short_allocation_scale"": 8.0, ""spread_hedge_ratio"": 1.0, ""stop_loss_pct"": 0.004, ""take_profit_pct"": 0.045, ""target_allocation"": 0.008, ""threshold"": 0.35, ""trailing_stop_cap_pct"": 0.012, ""trailing_stop_floor_pct"": 0.004, ""trailing_stop_rv_multiple"": 0.8}",fresh_calendar_teacher_fade_both_lb336_fast72_z035_ret30_h120_fl0_xr125,84,0,0.010765995957386804,42,-17.740664324841134,-7.76685736071322,-0.01076599595738681,0.0033569988577761786,"{""cooldown"": 1238, ""signal_missing"": 255, ""teacher_state_rank_gap_too_small"": 30}",False,False,454,0,0.06278483665562344,227,-17.09498690557022,-7.059474670189411,-0.0626663352209269,0.0037856679683752276,86,0,0.0111261429726897,43,-19.85697179136484,-10.722767690561803,-0.011037888849773525,0.003460103501478624
"train_positive,val_positive,oos_return_beats_incumbent,oos_mdd_beats_shadow,oos_sharpe_gt_1",calendar_teacher_state_fade,"{""adaptive_lookback_bars"": 72, ""allow_long"": true, ""allow_short"": true, ""broad_min_abs"": 0.006, ""calendar_long_months"": [], ""calendar_long_symbol"": """", ""calendar_short_months"": [], ""calendar_short_symbol"": """", ""calendar_veto_flow_abs"": 0.0, ""calendar_veto_funding_abs"": 0.0, ""calendar_veto_market_ret_abs"": 0.0, ""calendar_veto_resid_z"": 0.0, ""compression_lookback_bars"": 24, ""compression_quantile"": 0.0, ""cooldown_bars"": 30, ""entry_days_of_month"": [], ""entry_hours"": [], ""external_risk_max"": 0.0, ""family"": ""calendar_teacher_state_fade"", ""flow_lookback_bars"": 6, ""flow_persistence_bars"": 0, ""flow_persistence_threshold"": 0.0, ""flow_threshold"": 0.0, ""funding_abs_cap"": 0.00025, ""funding_rank_min"": 0.0001, ""hold_bars"": 120, ""long_allocation_scale"": 6.0, ""lookback_bars"": 168, ""max_order_value"": 175.0, ""max_rv"": 0.0, ""min_abs_return"": 0.009, ""name"": ""fresh_calendar_teacher_fade_both_lb168_fast72_z035_ret90_h120_fl0"", ""oi_rank_min"": 0.012, ""primary_symbol"": """", ""rv_lookback_bars"": 24, ""secondary_symbol"": """", ""sharpe_lookback_bars"": 24, ""sharpe_rank_min"": 0.5, ""short_allocation_scale"": 8.0, ""spread_hedge_ratio"": 1.0, ""stop_loss_pct"": 0.004, ""take_profit_pct"": 0.045, ""target_allocation"": 0.008, ""threshold"": 0.35, ""trailing_stop_cap_pct"": 0.012, ""trailing_stop_floor_pct"": 0.004, ""trailing_stop_rv_multiple"": 0.8}",fresh_calendar_teacher_fade_both_lb168_fast72_z035_ret90_h120_fl0,92,0,0.010847395849160679,46,-19.102547417503676,-9.422101399608948,-0.010847395849160724,0.0031414074230129902,"{""cooldown"": 1379, ""signal_missing"": 113, ""teacher_state_rank_gap_too_small"": 12}",False,False,496,0,0.07029859049894494,248,-18.049829840102625,-7.655629079123093,-0.07029859049894494,0.004038357914664319,84,0,0.00963386645356674,42,-18.152963298581813,-8.985474713877634,-0.009405774898585073,0.0032225913004554885
"train_positive,val_positive,oos_return_beats_incumbent,oos_mdd_beats_shadow,oos_sharpe_gt_1",calendar_teacher_state_fade,"{""adaptive_lookback_bars"": 72, ""allow_long"": true, ""allow_short"": true, ""broad_min_abs"": 0.006, ""calendar_long_months"": [], ""calendar_long_symbol"": """", ""calendar_short_months"": [], ""calendar_short_symbol"": """", ""calendar_veto_flow_abs"": 0.0, ""calendar_veto_funding_abs"": 0.0, ""calendar_veto_market_ret_abs"": 0.0, ""calendar_veto_resid_z"": 0.0, ""compression_lookback_bars"": 24, ""compression_quantile"": 0.0, ""cooldown_bars"": 30, ""entry_days_of_month"": [], ""entry_hours"": [], ""external_risk_max"": 0.0, ""family"": ""calendar_teacher_state_fade"", ""flow_lookback_bars"": 6, ""flow_persistence_bars"": 0, ""flow_persistence_threshold"": 0.0, ""flow_threshold"": 0.02, ""funding_abs_cap"": 0.00025, ""funding_rank_min"": 0.0001, ""hold_bars"": 120, ""long_allocation_scale"": 6.0, ""lookback_bars"": 336, ""max_order_value"": 175.0, ""max_rv"": 0.0, ""min_abs_return"": 0.003, ""name"": ""fresh_calendar_teacher_fade_both_lb336_fast72_z050_ret30_h120_fl2"", ""oi_rank_min"": 0.012, ""primary_symbol"": """", ""rv_lookback_bars"": 24, ""secondary_symbol"": """", ""sharpe_lookback_bars"": 24, ""sharpe_rank_min"": 0.5, ""short_allocation_scale"": 8.0, ""spread_hedge_ratio"": 1.0, ""stop_loss_pct"": 0.004, ""take_profit_pct"": 0.045, ""target_allocation"": 0.008, ""threshold"": 0.5, ""trailing_stop_cap_pct"": 0.012, ""trailing_stop_floor_pct"": 0.004, ""trailing_stop_rv_multiple"": 0.8}",fresh_calendar_teacher_fade_both_lb336_fast72_z050_ret30_h120_fl2,82,0,0.010894950784034881,41,-17.796342460961345,-7.386257780092718,-0.010894950784034907,0.0033867986833699907,"{""cooldown"": 1205, ""signal_missing"": 297, ""teacher_state_rank_gap_too_small"": 31}",False,False,440,0,0.05557588669788238,220,-16.993902127643135,-6.895445610825773,-0.05557588669788238,0.0033647729040664695,82,0,0.010157366184288955,41,-19.065657595738827,-10.638064768296067,-0.010069025600854875,0.0032857919387719145
"train_positive,val_positive,oos_return_beats_incumbent,oos_mdd_beats_shadow,oos_sharpe_gt_1",calendar_teacher_state_fade,"{""adaptive_lookback_bars"": 72, ""allow_long"": true, ""allow_short"": true, ""broad_min_abs"": 0.006, ""calendar_long_months"": [], ""calendar_long_symbol"": """", ""calendar_short_months"": [], ""calendar_short_symbol"": """", ""calendar_veto_flow_abs"": 0.0, ""calendar_veto_funding_abs"": 0.0, ""calendar_veto_market_ret_abs"": 0.0, ""calendar_veto_resid_z"": 0.0, ""compression_lookback_bars"": 24, ""compression_quantile"": 0.0, ""cooldown_bars"": 30, ""entry_days_of_month"": [], ""entry_hours"": [], ""external_risk_max"": 0.0, ""family"": ""calendar_teacher_state_fade"", ""flow_lookback_bars"": 6, ""flow_persistence_bars"": 0, ""flow_persistence_threshold"": 0.0, ""flow_threshold"": 0.0, ""funding_abs_cap"": 0.00025, ""funding_rank_min"": 0.0001, ""hold_bars"": 120, ""long_allocation_scale"": 6.0, ""lookback_bars"": 168, ""max_order_value"": 175.0, ""max_rv"": 0.0, ""min_abs_return"": 0.009, ""name"": ""fresh_calendar_teacher_fade_both_lb168_fast72_z050_ret90_h120_fl0"", ""oi_rank_min"": 0.012, ""primary_symbol"": """", ""rv_lookback_bars"": 24, ""secondary_symbol"": """", ""sharpe_lookback_bars"": 24, ""sharpe_rank_min"": 0.5, ""short_allocation_scale"": 8.0, ""spread_hedge_ratio"": 1.0, ""stop_loss_pct"": 0.004, ""take_profit_pct"": 0.045, ""target_allocation"": 0.008, ""threshold"": 0.5, ""trailing_stop_cap_pct"": 0.012, ""trailing_stop_floor_pct"": 0.004, ""trailing_stop_rv_multiple"": 0.8}",fresh_calendar_teacher_fade_both_lb168_fast72_z050_ret90_h120_fl0,90,0,0.010899907177200232,45,-19.189246861678136,-9.28899462300244,-0.010899907177200241,0.0031424370167629366,"{""cooldown"": 1349, ""signal_missing"": 146, ""teacher_state_rank_gap_too_small"": 10}",False,False,490,0,0.06882477447425699,245,-17.66559586486132,-7.378205419661441,-0.06882477447425694,0.004036518843362584,84,0,0.009683456445019438,42,-18.30758231696045,-9.039229597767754,-0.009530726567372194,0.003238028487780889
"train_positive,val_positive,oos_return_beats_incumbent,oos_mdd_beats_shadow,oos_sharpe_gt_1",calendar_teacher_state_fade,"{""adaptive_lookback_bars"": 72, ""allow_long"": true, ""allow_short"": true, ""broad_min_abs"": 0.006, ""calendar_long_months"": [], ""calendar_long_symbol"": """", ""calendar_short_months"": [], ""calendar_short_symbol"": """", ""calendar_veto_flow_abs"": 0.0, ""calendar_veto_funding_abs"": 0.0, ""calendar_veto_market_ret_abs"": 0.0, ""calendar_veto_resid_z"": 0.0, ""compression_lookback_bars"": 24, ""compression_quantile"": 0.0, ""cooldown_bars"": 30, ""entry_days_of_month"": [], ""entry_hours"": [], ""external_risk_max"": 1.25, ""family"": ""calendar_teacher_state_fade"", ""flow_lookback_bars"": 6, ""flow_persistence_bars"": 0, ""flow_persistence_threshold"": 0.0, ""flow_threshold"": 0.02, ""funding_abs_cap"": 0.00025, ""funding_rank_min"": 0.0001, ""hold_bars"": 120, ""long_allocation_scale"": 6.0, ""lookback_bars"": 336, ""max_order_value"": 175.0, ""max_rv"": 0.0, ""min_abs_return"": 0.009, ""name"": ""fresh_calendar_teacher_fade_both_lb336_fast72_z035_ret90_h120_fl2_xr125"", ""oi_rank_min"": 0.012, ""primary_symbol"": """", ""rv_lookback_bars"": 24, ""secondary_symbol"": """", ""sharpe_lookback_bars"": 24, ""sharpe_rank_min"": 0.5, ""short_allocation_scale"": 8.0, ""spread_hedge_ratio"": 1.0, ""stop_loss_pct"": 0.004, ""take_profit_pct"": 0.045, ""target_allocation"": 0.008, ""threshold"": 0.35, ""trailing_stop_cap_pct"": 0.012, ""trailing_stop_floor_pct"": 0.004, ""trailing_stop_rv_multiple"": 0.8}",fresh_calendar_teacher_fade_both_lb336_fast72_z035_ret90_h120_fl2_xr125,82,0,0.010908934174813294,41,-18.710175342166817,-8.399108392310664,-0.010908934174813312,0.0032255685632728436,"{""cooldown"": 1207, ""signal_missing"": 296, ""teacher_state_rank_gap_too_small"": 33}",False,False,444,0,0.05610688882538289,222,-17.333460711482484,-7.188681012542621,-0.05610688882538284,0.003331314083484175,80,0,0.010436158661222527,40,-18.82453572783038,-9.445343201949333,-0.010347842959208209,0.0034204949017416415
"train_positive,val_positive,oos_return_beats_incumbent,oos_mdd_beats_shadow,oos_sharpe_gt_1",calendar_teacher_state_fade,"{""adaptive_lookback_bars"": 72, ""allow_long"": true, ""allow_short"": true, ""broad_min_abs"": 0.006, ""calendar_long_months"": [], ""calendar_long_symbol"": """", ""calendar_short_months"": [], ""calendar_short_symbol"": """", ""calendar_veto_flow_abs"": 0.0, ""calendar_veto_funding_abs"": 0.0, ""calendar_veto_market_ret_abs"": 0.0, ""calendar_veto_resid_z"": 0.0, ""compression_lookback_bars"": 24, ""compression_quantile"": 0.0, ""cooldown_bars"": 30, ""entry_days_of_month"": [], ""entry_hours"": [], ""external_risk_max"": 0.0, ""family"": ""calendar_teacher_state_fade"", ""flow_lookback_bars"": 6, ""flow_persistence_bars"": 0, ""flow_persistence_threshold"": 0.0, ""flow_threshold"": 0.02, ""funding_abs_cap"": 0.00025, ""funding_rank_min"": 0.0001, ""hold_bars"": 120, ""long_allocation_scale"": 6.0, ""lookback_bars"": 168, ""max_order_value"": 175.0, ""max_rv"": 0.0, ""min_abs_return"": 0.003, ""name"": ""fresh_calendar_teacher_fade_both_lb168_fast72_z075_ret30_h120_fl2"", ""oi_rank_min"": 0.012, ""primary_symbol"": """", ""rv_lookback_bars"": 24, ""secondary_symbol"": """", ""sharpe_lookback_bars"": 24, ""sharpe_rank_min"": 0.75, ""short_allocation_scale"": 8.0, ""spread_hedge_ratio"": 1.0, ""stop_loss_pct"": 0.004, ""take_profit_pct"": 0.045, ""target_allocation"": 0.008, ""threshold"": 0.75, ""trailing_stop_cap_pct"": 0.012, ""trailing_stop_floor_pct"": 0.004, ""trailing_stop_rv_multiple"": 0.8}",fresh_calendar_teacher_fade_both_lb168_fast72_z075_ret30_h120_fl2,82,0,0.010923994783789975,41,-18.271700719898668,-7.770090846415906,-0.010923994783790025,0.003307544921348365,"{""cooldown"": 1224, ""signal_missing"": 274, ""teacher_state_rank_gap_too_small"": 17}",False,False,462,0,0.06435614337272255,231,-16.89061274337045,-6.939946456954496,-0.06435614337272255,0.003938279639599314,80,0,0.011220226409932475,40,-18.005151883467533,-7.572978436165483,-0.01115475535022492,0.00385652613688825
"train_positive,val_positive,oos_return_beats_incumbent,oos_mdd_beats_shadow,oos_sharpe_gt_1",calendar_teacher_state_fade,"{""adaptive_lookback_bars"": 72, ""allow_long"": true, ""allow_short"": true, ""broad_min_abs"": 0.006, ""calendar_long_months"": [], ""calendar_long_symbol"": """", ""calendar_short_months"": [], ""calendar_short_symbol"": """", ""calendar_veto_flow_abs"": 0.0, ""calendar_veto_funding_abs"": 0.0, ""calendar_veto_market_ret_abs"": 0.0, ""calendar_veto_resid_z"": 0.0, ""compression_lookback_bars"": 24, ""compression_quantile"": 0.0, ""cooldown_bars"": 30, ""entry_days_of_month"": [], ""entry_hours"": [], ""external_risk_max"": 1.25, ""family"": ""calendar_teacher_state_fade"", ""flow_lookback_bars"": 6, ""flow_persistence_bars"": 0, ""flow_persistence_threshold"": 0.0, ""flow_threshold"": 0.0, ""funding_abs_cap"": 0.00025, ""funding_rank_min"": 0.0001, ""hold_bars"": 120, ""long_allocation_scale"": 6.0, ""lookback_bars"": 336, ""max_order_value"": 175.0, ""max_rv"": 0.0, ""min_abs_return"": 0.009, ""name"": ""fresh_calendar_teacher_fade_both_lb336_fast72_z035_ret90_h120_fl0_xr125"", ""oi_rank_min"": 0.012, ""primary_symbol"": """", ""rv_lookback_bars"": 24, ""secondary_symbol"": """", ""sharpe_lookback_bars"": 24, ""sharpe_rank_min"": 0.5, ""short_allocation_scale"": 8.0, ""spread_hedge_ratio"": 1.0, ""stop_loss_pct"": 0.004, ""take_profit_pct"": 0.045, ""target_allocation"": 0.008, ""threshold"": 0.35, ""trailing_stop_cap_pct"": 0.012, ""trailing_stop_floor_pct"": 0.004, ""trailing_stop_rv_multiple"": 0.8}",fresh_calendar_teacher_fade_both_lb336_fast72_z035_ret90_h120_fl0_xr125,84,0,0.010930539871370092,42,-18.12563566277493,-8.384450934575982,-0.010930539871370049,0.0033362023307597906,"{""cooldown"": 1237, ""signal_missing"": 250, ""teacher_state_rank_gap_too_small"": 34}",False,False,452,0,0.06322488028093867,226,-17.117654018854438,-6.975822673868936,-0.06310637884624215,0.003808085070210444,82,0,0.011091559140187203,41,-18.871708289426728,-9.430412838189225,-0.011003301930764264,0.0036292460549120623
"train_positive,val_positive,oos_return_beats_incumbent,oos_mdd_beats_shadow,oos_sharpe_gt_1",calendar_teacher_state_fade,"{""adaptive_lookback_bars"": 24, ""allow_long"": true, ""allow_short"": true, ""broad_min_abs"": 0.006, ""calendar_long_months"": [], ""calendar_long_symbol"": """", ""calendar_short_months"": [], ""calendar_short_symbol"": """", ""calendar_veto_flow_abs"": 0.0, ""calendar_veto_funding_abs"": 0.0, ""calendar_veto_market_ret_abs"": 0.0, ""calendar_veto_resid_z"": 0.0, ""compression_lookback_bars"": 24, ""compression_quantile"": 0.0, ""cooldown_bars"": 30, ""entry_days_of_month"": [], ""entry_hours"": [], ""external_risk_max"": 1.25, ""family"": ""calendar_teacher_state_fade"", ""flow_lookback_bars"": 6, ""flow_persistence_bars"": 0, ""flow_persistence_threshold"": 0.0, ""flow_threshold"": 0.0, ""funding_abs_cap"": 0.00025, ""funding_rank_min"": 0.0001, ""hold_bars"": 120, ""long_allocation_scale"": 6.0, ""lookback_bars"": 72, ""max_order_value"": 175.0, ""max_rv"": 0.0, ""min_abs_return"": 0.009, ""name"": ""fresh_calendar_teacher_fade_both_lb72_fast24_z035_ret90_h120_fl0_xr125"", ""oi_rank_min"": 0.012, ""primary_symbol"": """", ""rv_lookback_bars"": 24, ""secondary_symbol"": """", ""sharpe_lookback_bars"": 12, ""sharpe_rank_min"": 0.5, ""short_allocation_scale"": 8.0, ""spread_hedge_ratio"": 1.0, ""stop_loss_pct"": 0.004, ""take_profit_pct"": 0.045, ""target_allocation"": 0.008, ""threshold"": 0.35, ""trailing_stop_cap_pct"": 0.012, ""trailing_stop_floor_pct"": 0.004, ""trailing_stop_rv_multiple"": 0.8}",fresh_calendar_teacher_fade_both_lb72_fast24_z035_ret90_h120_fl0_xr125,96,0,0.01101988072547847,48,-20.357899976671728,-11.186913701751743,-0.011019880725478437,0.002994853063225866,"{""cooldown"": 1416, ""signal_missing"": 99, ""teacher_state_rank_gap_too_small"": 5}",False,False,526,0,0.07218053855607014,263,-17.594517732180833,-7.4918851852044,-0.0721805385560701,0.004257989836491663,88,0,0.011570526828748689,44,-19.492891924172397,-9.256610153590364,-0.011570526828748706,0.0036957815996015177
"train_positive,val_positive,oos_return_beats_incumbent,oos_mdd_beats_shadow,oos_sharpe_gt_1",calendar_teacher_state_fade,"{""adaptive_lookback_bars"": 72, ""allow_long"": true, ""allow_short"": true, ""broad_min_abs"": 0.006, ""calendar_long_months"": [], ""calendar_long_symbol"": """", ""calendar_short_months"": [], ""calendar_short_symbol"": """", ""calendar_veto_flow_abs"": 0.0, ""calendar_veto_funding_abs"": 0.0, ""calendar_veto_market_ret_abs"": 0.0, ""calendar_veto_resid_z"": 0.0, ""compression_lookback_bars"": 24, ""compression_quantile"": 0.0, ""cooldown_bars"": 30, ""entry_days_of_month"": [], ""entry_hours"": [], ""external_risk_max"": 0.0, ""family"": ""calendar_teacher_state_fade"", ""flow_lookback_bars"": 6, ""flow_persistence_bars"": 0, ""flow_persistence_threshold"": 0.0, ""flow_threshold"": 0.02, ""funding_abs_cap"": 0.00025, ""funding_rank_min"": 0.0001, ""hold_bars"": 120, ""long_allocation_scale"": 6.0, ""lookback_bars"": 168, ""max_order_value"": 175.0, ""max_rv"": 0.0, ""min_abs_return"": 0.009, ""name"": ""fresh_calendar_teacher_fade_both_lb168_fast72_z075_ret90_h120_fl2"", ""oi_rank_min"": 0.012, ""primary_symbol"": """", ""rv_lookback_bars"": 24, ""secondary_symbol"": """", ""sharpe_lookback_bars"": 24, ""sharpe_rank_min"": 0.75, ""short_allocation_scale"": 8.0, ""spread_hedge_ratio"": 1.0, ""stop_loss_pct"": 0.004, ""take_profit_pct"": 0.045, ""target_allocation"": 0.008, ""threshold"": 0.75, ""trailing_stop_cap_pct"": 0.012, ""trailing_stop_floor_pct"": 0.004, ""trailing_stop_rv_multiple"": 0.8}",fresh_calendar_teacher_fade_both_lb168_fast72_z075_ret90_h120_fl2,82,0,0.01112179281435577,41,-17.637510512799683,-7.1064341638888235,-0.011121792814355769,0.003488835021638462,"{""cooldown"": 1224, ""signal_missing"": 276, ""teacher_state_rank_gap_too_small"": 17}",False,False,460,0,0.0631927680485178,230,-17.10037521810866,-7.0902607419263015,-0.06319276804851781,0.003817323828309388,80,0,0.011279540159508241,40,-18.13329573557243,-7.618911293586013,-0.011214073038620431,0.0038497546902928176
"train_positive,val_positive,oos_return_beats_incumbent,oos_mdd_beats_shadow,oos_sharpe_gt_1",calendar_teacher_state_fade,"{""adaptive_lookback_bars"": 72, ""allow_long"": true, ""allow_short"": true, ""broad_min_abs"": 0.006, ""calendar_long_months"": [], ""calendar_long_symbol"": """", ""calendar_short_months"": [], ""calendar_short_symbol"": """", ""calendar_veto_flow_abs"": 0.0, ""calendar_veto_funding_abs"": 0.0, ""calendar_veto_market_ret_abs"": 0.0, ""calendar_veto_resid_z"": 0.0, ""compression_lookback_bars"": 24, ""compression_quantile"": 0.0, ""cooldown_bars"": 30, ""entry_days_of_month"": [], ""entry_hours"": [], ""external_risk_max"": 1.25, ""family"": ""calendar_teacher_state_fade"", ""flow_lookback_bars"": 6, ""flow_persistence_bars"": 0, ""flow_persistence_threshold"": 0.0, ""flow_threshold"": 0.02, ""funding_abs_cap"": 0.00025, ""funding_rank_min"": 0.0001, ""hold_bars"": 120, ""long_allocation_scale"": 6.0, ""lookback_bars"": 168, ""max_order_value"": 175.0, ""max_rv"": 0.0, ""min_abs_return"": 0.003, ""name"": ""fresh_calendar_teacher_fade_both_lb168_fast72_z035_ret30_h120_fl2_xr125"", ""oi_rank_min"": 0.012, ""primary_symbol"": """", ""rv_lookback_bars"": 24, ""secondary_symbol"": """", ""sharpe_lookback_bars"": 24, ""sharpe_rank_min"": 0.5, ""short_allocation_scale"": 8.0, ""spread_hedge_ratio"": 1.0, ""stop_loss_pct"": 0.004, ""take_profit_pct"": 0.045, ""target_allocation"": 0.008, ""threshold"": 0.35, ""trailing_stop_cap_pct"": 0.012, ""trailing_stop_floor_pct"": 0.004, ""trailing_stop_rv_multiple"": 0.8}",fresh_calendar_teacher_fade_both_lb168_fast72_z035_ret30_h120_fl2_xr125,92,0,0.011142447757183701,46,-17.42662288488932,-8.691378923347976,-0.011142447757183649,0.0035376404600660307,"{""cooldown"": 1374, ""signal_missing"": 114}",False,False,492,0,0.06682725609623813,246,-18.243363559344264,-7.856201765304145,-0.06682725609623807,0.003791262623588108,82,0,0.010711450460223072,41,-17.843629528257786,-8.217211028235063,-0.010711450460223038,0.003735958747703028
"train_positive,val_positive,oos_return_beats_incumbent,oos_mdd_beats_shadow,oos_sharpe_gt_1",calendar_teacher_state_fade,"{""adaptive_lookback_bars"": 24, ""allow_long"": true, ""allow_short"": true, ""broad_min_abs"": 0.006, ""calendar_long_months"": [], ""calendar_long_symbol"": """", ""calendar_short_months"": [], ""calendar_short_symbol"": """", ""calendar_veto_flow_abs"": 0.0, ""calendar_veto_funding_abs"": 0.0, ""calendar_veto_market_ret_abs"": 0.0, ""calendar_veto_resid_z"": 0.0, ""compression_lookback_bars"": 24, ""compression_quantile"": 0.0, ""cooldown_bars"": 30, ""entry_days_of_month"": [], ""entry_hours"": [], ""external_risk_max"": 1.25, ""family"": ""calendar_teacher_state_fade"", ""flow_lookback_bars"": 6, ""flow_persistence_bars"": 0, ""flow_persistence_threshold"": 0.0, ""flow_threshold"": 0.0, ""funding_abs_cap"": 0.00025, ""funding_rank_min"": 0.0001, ""hold_bars"": 120, ""long_allocation_scale"": 6.0, ""lookback_bars"": 72, ""max_order_value"": 175.0, ""max_rv"": 0.0, ""min_abs_return"": 0.006, ""name"": ""fresh_calendar_teacher_fade_both_lb72_fast24_z035_ret60_h120_fl0_xr125"", ""oi_rank_min"": 0.012, ""primary_symbol"": """", ""rv_lookback_bars"": 24, ""secondary_symbol"": """", ""sharpe_lookback_bars"": 12, ""sharpe_rank_min"": 0.5, ""short_allocation_scale"": 8.0, ""spread_hedge_ratio"": 1.0, ""stop_loss_pct"": 0.004, ""take_profit_pct"": 0.045, ""target_allocation"": 0.008, ""threshold"": 0.35, ""trailing_stop_cap_pct"": 0.012, ""trailing_stop_floor_pct"": 0.004, ""trailing_stop_rv_multiple"": 0.8}",fresh_calendar_teacher_fade_both_lb72_fast24_z035_ret60_h120_fl0_xr125,96,0,0.011146110605605462,48,-19.83564724555938,-10.568468412212324,-0.011146110605605442,0.0031090960009931023,"{""cooldown"": 1421, ""signal_missing"": 83, ""teacher_state_rank_gap_too_small"": 4}",False,False,528,0,0.07469500833204838,264,-18.069028233442882,-7.613076495826101,-0.07469500833204834,0.004296366290106585,88,0,0.01160813410065376,44,-19.675955446991644,-9.49661471388123,-0.011600519153100453,0.0036709482611855864
"train_positive,val_positive,oos_return_beats_incumbent,oos_mdd_beats_shadow,oos_sharpe_gt_1",calendar_teacher_state_fade,"{""adaptive_lookback_bars"": 72, ""allow_long"": true, ""allow_short"": true, ""broad_min_abs"": 0.006, ""calendar_long_months"": [], ""calendar_long_symbol"": """", ""calendar_short_months"": [], ""calendar_short_symbol"": """", ""calendar_veto_flow_abs"": 0.0, ""calendar_veto_funding_abs"": 0.0, ""calendar_veto_market_ret_abs"": 0.0, ""calendar_veto_resid_z"": 0.0, ""compression_lookback_bars"": 24, ""compression_quantile"": 0.0, ""cooldown_bars"": 30, ""entry_days_of_month"": [], ""entry_hours"": [], ""external_risk_max"": 0.0, ""family"": ""calendar_teacher_state_fade"", ""flow_lookback_bars"": 6, ""flow_persistence_bars"": 0, ""flow_persistence_threshold"": 0.0, ""flow_threshold"": 0.02, ""funding_abs_cap"": 0.00025, ""funding_rank_min"": 0.0001, ""hold_bars"": 120, ""long_allocation_scale"": 6.0, ""lookback_bars"": 336, ""max_order_value"": 175.0, ""max_rv"": 0.0, ""min_abs_return"": 0.009, ""name"": ""fresh_calendar_teacher_fade_both_lb336_fast72_z035_ret90_h120_fl2"", ""oi_rank_min"": 0.012, ""primary_symbol"": """", ""rv_lookback_bars"": 24, ""secondary_symbol"": """", ""sharpe_lookback_bars"": 24, ""sharpe_rank_min"": 0.5, ""short_allocation_scale"": 8.0, ""spread_hedge_ratio"": 1.0, ""stop_loss_pct"": 0.004, ""take_profit_pct"": 0.045, ""target_allocation"": 0.008, ""threshold"": 0.35, ""trailing_stop_cap_pct"": 0.012, ""trailing_stop_floor_pct"": 0.004, ""trailing_stop_rv_multiple"": 0.8}",fresh_calendar_teacher_fade_both_lb336_fast72_z035_ret90_h120_fl2,84,0,0.011192314597609766,42,-18.577323097422358,-8.399491623654175,-0.01119231459760972,0.003333489785482676,"{""cooldown"": 1237, ""signal_missing"": 267, ""teacher_state_rank_gap_too_small"": 29}",False,False,444,0,0.05741919383155982,222,-17.299797685375328,-7.035822042466111,-0.0574191938315598,0.0034182097104390953,80,0,0.010883527759175032,40,-18.500338110214457,-8.707764416121092,-0.010795251983554799,0.0036317110690110787
"train_positive,val_positive,oos_return_beats_incumbent,oos_mdd_beats_shadow,oos_sharpe_gt_1",calendar_teacher_state_fade,"{""adaptive_lookback_bars"": 72, ""allow_long"": true, ""allow_short"": true, ""broad_min_abs"": 0.006, ""calendar_long_months"": [], ""calendar_long_symbol"": """", ""calendar_short_months"": [], ""calendar_short_symbol"": """", ""calendar_veto_flow_abs"": 0.0, ""calendar_veto_funding_abs"": 0.0, ""calendar_veto_market_ret_abs"": 0.0, ""calendar_veto_resid_z"": 0.0, ""compression_lookback_bars"": 24, ""compression_quantile"": 0.0, ""cooldown_bars"": 30, ""entry_days_of_month"": [], ""entry_hours"": [], ""external_risk_max"": 1.25, ""family"": ""calendar_teacher_state_fade"", ""flow_lookback_bars"": 6, ""flow_persistence_bars"": 0, ""flow_persistence_threshold"": 0.0, ""flow_threshold"": 0.0, ""funding_abs_cap"": 0.00025, ""funding_rank_min"": 0.0001, ""hold_bars"": 120, ""long_allocation_scale"": 6.0, ""lookback_bars"": 168, ""max_order_value"": 175.0, ""max_rv"": 0.0, ""min_abs_return"": 0.003, ""name"": ""fresh_calendar_teacher_fade_both_lb168_fast72_z035_ret30_h120_fl0_xr125"", ""oi_rank_min"": 0.012, ""primary_symbol"": """", ""rv_lookback_bars"": 24, ""secondary_symbol"": """", ""sharpe_lookback_bars"": 24, ""sharpe_rank_min"": 0.5, ""short_allocation_scale"": 8.0, ""spread_hedge_ratio"": 1.0, ""stop_loss_pct"": 0.004, ""take_profit_pct"": 0.045, ""target_allocation"": 0.008, ""threshold"": 0.35, ""trailing_stop_cap_pct"": 0.012, ""trailing_stop_floor_pct"": 0.004, ""trailing_stop_rv_multiple"": 0.8}",fresh_calendar_teacher_fade_both_lb168_fast72_z035_ret30_h120_fl0_xr125,94,0,0.011232573401748226,47,-19.54849205861768,-9.415073098334588,-0.011232573401748214,0.003179368175432763,"{""cooldown"": 1404, ""signal_missing"": 96}",False,False,494,0,0.06904689635532305,247,-18.146049030273886,-7.571080325207494,-0.06904689635532302,0.003942812972663315,88,0,0.010955342188393969,44,-19.68495301341111,-9.732368032385613,-0.010955342188394002,0.0034640903003681054
"train_positive,val_positive,oos_return_beats_incumbent,oos_mdd_beats_shadow,oos_sharpe_gt_1",calendar_teacher_state_fade,"{""adaptive_lookback_bars"": 72, ""allow_long"": true, ""allow_short"": true, ""broad_min_abs"": 0.006, ""calendar_long_months"": [], ""calendar_long_symbol"": """", ""calendar_short_months"": [], ""calendar_short_symbol"": """", ""calendar_veto_flow_abs"": 0.0, ""calendar_veto_funding_abs"": 0.0, ""calendar_veto_market_ret_abs"": 0.0, ""calendar_veto_resid_z"": 0.0, ""compression_lookback_bars"": 24, ""compression_quantile"": 0.0, ""cooldown_bars"": 30, ""entry_days_of_month"": [], ""entry_hours"": [], ""external_risk_max"": 1.25, ""family"": ""calendar_teacher_state_fade"", ""flow_lookback_bars"": 6, ""flow_persistence_bars"": 0, ""flow_persistence_threshold"": 0.0, ""flow_threshold"": 0.0, ""funding_abs_cap"": 0.00025, ""funding_rank_min"": 0.0001, ""hold_bars"": 120, ""long_allocation_scale"": 6.0, ""lookback_bars"": 168, ""max_order_value"": 175.0, ""max_rv"": 0.0, ""min_abs_return"": 0.003, ""name"": ""fresh_calendar_teacher_fade_both_lb168_fast72_z050_ret30_h120_fl0_xr125"", ""oi_rank_min"": 0.012, ""primary_symbol"": """", ""rv_lookback_bars"": 24, ""secondary_symbol"": """", ""sharpe_lookback_bars"": 24, ""sharpe_rank_min"": 0.5, ""short_allocation_scale"": 8.0, ""spread_hedge_ratio"": 1.0, ""stop_loss_pct"": 0.004, ""take_profit_pct"": 0.045, ""target_allocation"": 0.008, ""threshold"": 0.5, ""trailing_stop_cap_pct"": 0.012, ""trailing_stop_floor_pct"": 0.004, ""trailing_stop_rv_multiple"": 0.8}",fresh_calendar_teacher_fade_both_lb168_fast72_z050_ret30_h120_fl0_xr125,92,0,0.011232613536894474,46,-19.60089677134483,-9.559006983865563,-0.01123261353689442,0.003170880627437411,"{""cooldown"": 1374, ""signal_missing"": 125}",False,False,490,0,0.06715255000691087,245,-17.897266231261124,-7.566753462806649,-0.0671525500069109,0.003884040854639277,84,0,0.010636257330701128,42,-20.313912410488037,-10.508376154228307,-0.010636257330701171,0.0032585651638383124
"train_positive,val_positive,oos_return_beats_incumbent,oos_mdd_beats_shadow,oos_sharpe_gt_1",calendar_teacher_state_fade,"{""adaptive_lookback_bars"": 72, ""allow_long"": true, ""allow_short"": true, ""broad_min_abs"": 0.006, ""calendar_long_months"": [], ""calendar_long_symbol"": """", ""calendar_short_months"": [], ""calendar_short_symbol"": """", ""calendar_veto_flow_abs"": 0.0, ""calendar_veto_funding_abs"": 0.0, ""calendar_veto_market_ret_abs"": 0.0, ""calendar_veto_resid_z"": 0.0, ""compression_lookback_bars"": 24, ""compression_quantile"": 0.0, ""cooldown_bars"": 30, ""entry_days_of_month"": [], ""entry_hours"": [], ""external_risk_max"": 0.0, ""family"": ""calendar_teacher_state_fade"", ""flow_lookback_bars"": 6, ""flow_persistence_bars"": 0, ""flow_persistence_threshold"": 0.0, ""flow_threshold"": 0.02, ""funding_abs_cap"": 0.00025, ""funding_rank_min"": 0.0001, ""hold_bars"": 120, ""long_allocation_scale"": 6.0, ""lookback_bars"": 168, ""max_order_value"": 175.0, ""max_rv"": 0.0, ""min_abs_return"": 0.006, ""name"": ""fresh_calendar_teacher_fade_both_lb168_fast72_z075_ret60_h120_fl2"", ""oi_rank_min"": 0.012, ""primary_symbol"": """", ""rv_lookback_bars"": 24, ""secondary_symbol"": """", ""sharpe_lookback_bars"": 24, ""sharpe_rank_min"": 0.75, ""short_allocation_scale"": 8.0, ""spread_hedge_ratio"": 1.0, ""stop_loss_pct"": 0.004, ""take_profit_pct"": 0.045, ""target_allocation"": 0.008, ""threshold"": 0.75, ""trailing_stop_cap_pct"": 0.012, ""trailing_stop_floor_pct"": 0.004, ""trailing_stop_rv_multiple"": 0.8}",fresh_calendar_teacher_fade_both_lb168_fast72_z075_ret60_h120_fl2,82,0,0.011234466041513342,41,-17.81775134469075,-7.204746131630837,-0.011234466041513347,0.0034887317472282135,"{""cooldown"": 1224, ""signal_missing"": 271, ""teacher_state_rank_gap_too_small"": 17}",False,False,460,0,0.06324089658247685,230,-16.966450789620595,-6.984644556718962,-0.06324089658247689,0.003850476763761232,80,0,0.011279540159508241,40,-18.13329573557243,-7.618911293586013,-0.011214073038620431,0.0038497546902928176
"train_positive,val_positive,oos_return_beats_incumbent,oos_mdd_beats_shadow,oos_sharpe_gt_1",calendar_teacher_state_fade,"{""adaptive_lookback_bars"": 24, ""allow_long"": true, ""allow_short"": true, ""broad_min_abs"": 0.006, ""calendar_long_months"": [], ""calendar_long_symbol"": """", ""calendar_short_months"": [], ""calendar_short_symbol"": """", ""calendar_veto_flow_abs"": 0.0, ""calendar_veto_funding_abs"": 0.0, ""calendar_veto_market_ret_abs"": 0.0, ""calendar_veto_resid_z"": 0.0, ""compression_lookback_bars"": 24, ""compression_quantile"": 0.0, ""cooldown_bars"": 30, ""entry_days_of_month"": [], ""entry_hours"": [], ""external_risk_max"": 0.0, ""family"": ""calendar_teacher_state_fade"", ""flow_lookback_bars"": 6, ""flow_persistence_bars"": 0, ""flow_persistence_threshold"": 0.0, ""flow_threshold"": 0.02, ""funding_abs_cap"": 0.00025, ""funding_rank_min"": 0.0001, ""hold_bars"": 120, ""long_allocation_scale"": 6.0, ""lookback_bars"": 72, ""max_order_value"": 175.0, ""max_rv"": 0.0, ""min_abs_return"": 0.003, ""name"": ""fresh_calendar_teacher_fade_both_lb72_fast24_z050_ret30_h120_fl2"", ""oi_rank_min"": 0.012, ""primary_symbol"": """", ""rv_lookback_bars"": 24, ""secondary_symbol"": """", ""sharpe_lookback_bars"": 12, ""sharpe_rank_min"": 0.5, ""short_allocation_scale"": 8.0, ""spread_hedge_ratio"": 1.0, ""stop_loss_pct"": 0.004, ""take_profit_pct"": 0.045, ""target_allocation"": 0.008, ""threshold"": 0.5, ""trailing_stop_cap_pct"": 0.012, ""trailing_stop_floor_pct"": 0.004, ""trailing_stop_rv_multiple"": 0.8}",fresh_calendar_teacher_fade_both_lb72_fast24_z050_ret30_h120_fl2,94,0,0.011238202956796521,47,-18.177408910977586,-8.58375229643857,-0.011238202956796561,0.0034208607902480406,"{""cooldown"": 1386, ""signal_missing"": 123, ""teacher_state_rank_gap_too_small"": 5}",False,False,526,0,0.07385400285883224,263,-18.029547232927392,-7.711934492410157,-0.07385400285883226,0.004255390322944219,84,0,0.011924869376770843,42,-19.264455228875608,-8.387426707819186,-0.011924869376770841,0.0038547987472791084
"train_positive,val_positive,oos_return_beats_incumbent,oos_mdd_beats_shadow,oos_sharpe_gt_1",calendar_teacher_state_fade,"{""adaptive_lookback_bars"": 72, ""allow_long"": true, ""allow_short"": true, ""broad_min_abs"": 0.006, ""calendar_long_months"": [], ""calendar_long_symbol"": """", ""calendar_short_months"": [], ""calendar_short_symbol"": """", ""calendar_veto_flow_abs"": 0.0, ""calendar_veto_funding_abs"": 0.0, ""calendar_veto_market_ret_abs"": 0.0, ""calendar_veto_resid_z"": 0.0, ""compression_lookback_bars"": 24, ""compression_quantile"": 0.0, ""cooldown_bars"": 30, ""entry_days_of_month"": [], ""entry_hours"": [], ""external_risk_max"": 1.25, ""family"": ""calendar_teacher_state_fade"", ""flow_lookback_bars"": 6, ""flow_persistence_bars"": 0, ""flow_persistence_threshold"": 0.0, ""flow_threshold"": 0.0, ""funding_abs_cap"": 0.00025, ""funding_rank_min"": 0.0001, ""hold_bars"": 120, ""long_allocation_scale"": 6.0, ""lookback_bars"": 168, ""max_order_value"": 175.0, ""max_rv"": 0.0, ""min_abs_return"": 0.006, ""name"": ""fresh_calendar_teacher_fade_both_lb168_fast72_z050_ret60_h120_fl0_xr125"", ""oi_rank_min"": 0.012, ""primary_symbol"": """", ""rv_lookback_bars"": 24, ""secondary_symbol"": """", ""sharpe_lookback_bars"": 24, ""sharpe_rank_min"": 0.5, ""short_allocation_scale"": 8.0, ""spread_hedge_ratio"": 1.0, ""stop_loss_pct"": 0.004, ""take_profit_pct"": 0.045, ""target_allocation"": 0.008, ""threshold"": 0.5, ""trailing_stop_cap_pct"": 0.012, ""trailing_stop_floor_pct"": 0.004, ""trailing_stop_rv_multiple"": 0.8}",fresh_calendar_teacher_fade_both_lb168_fast72_z050_ret60_h120_fl0_xr125,92,0,0.011241062640567574,46,-19.60980594465779,-9.517141560283042,-0.011241062640567567,0.0031718376159734726,"{""cooldown"": 1374, ""signal_missing"": 122}",False,False,488,0,0.06663896571710975,244,-17.41846021640218,-7.4514681715641755,-0.0666389657171097,0.003959187849707564,84,0,0.010130319716423392,42,-19.293420826984303,-8.767851872131667,-0.01013031971642342,0.003266874003660894
"train_positive,val_positive,oos_return_beats_incumbent,oos_mdd_beats_shadow,oos_sharpe_gt_1",calendar_teacher_state_fade,"{""adaptive_lookback_bars"": 24, ""allow_long"": true, ""allow_short"": true, ""broad_min_abs"": 0.006, ""calendar_long_months"": [], ""calendar_long_symbol"": """", ""calendar_short_months"": [], ""calendar_short_symbol"": """", ""calendar_veto_flow_abs"": 0.0, ""calendar_veto_funding_abs"": 0.0, ""calendar_veto_market_ret_abs"": 0.0, ""calendar_veto_resid_z"": 0.0, ""compression_lookback_bars"": 24, ""compression_quantile"": 0.0, ""cooldown_bars"": 30, ""entry_days_of_month"": [], ""entry_hours"": [], ""external_risk_max"": 0.0, ""family"": ""calendar_teacher_state_fade"", ""flow_lookback_bars"": 6, ""flow_persistence_bars"": 0, ""flow_persistence_threshold"": 0.0, ""flow_threshold"": 0.0, ""funding_abs_cap"": 0.00025, ""funding_rank_min"": 0.0001, ""hold_bars"": 120, ""long_allocation_scale"": 6.0, ""lookback_bars"": 72, ""max_order_value"": 175.0, ""max_rv"": 0.0, ""min_abs_return"": 0.003, ""name"": ""fresh_calendar_teacher_fade_both_lb72_fast24_z035_ret30_h120_fl0"", ""oi_rank_min"": 0.012, ""primary_symbol"": """", ""rv_lookback_bars"": 24, ""secondary_symbol"": """", ""sharpe_lookback_bars"": 12, ""sharpe_rank_min"": 0.5, ""short_allocation_scale"": 8.0, ""spread_hedge_ratio"": 1.0, ""stop_loss_pct"": 0.004, ""take_profit_pct"": 0.045, ""target_allocation"": 0.008, ""threshold"": 0.35, ""trailing_stop_cap_pct"": 0.012, ""trailing_stop_floor_pct"": 0.004, ""trailing_stop_rv_multiple"": 0.8}",fresh_calendar_teacher_fade_both_lb72_fast24_z035_ret30_h120_fl0,96,0,0.011282579536934463,48,-19.61655632409764,-9.643161972983957,-0.011282579536934456,0.003182522599578799,"{""cooldown"": 1415, ""signal_missing"": 81, ""teacher_state_rank_gap_too_small"": 5}",False,False,528,0,0.07648055933979177,264,-18.392759761134442,-7.9640366076337,-0.07648055933979181,0.004325767025733048,88,0,0.012943966369043842,44,-19.615539241265548,-9.095231050853045,-0.012943966369043824,0.004111434048162261
"train_positive,val_positive,oos_return_beats_incumbent,oos_mdd_beats_shadow,oos_sharpe_gt_1",calendar_teacher_state_fade,"{""adaptive_lookback_bars"": 24, ""allow_long"": true, ""allow_short"": true, ""broad_min_abs"": 0.006, ""calendar_long_months"": [], ""calendar_long_symbol"": """", ""calendar_short_months"": [], ""calendar_short_symbol"": """", ""calendar_veto_flow_abs"": 0.0, ""calendar_veto_funding_abs"": 0.0, ""calendar_veto_market_ret_abs"": 0.0, ""calendar_veto_resid_z"": 0.0, ""compression_lookback_bars"": 24, ""compression_quantile"": 0.0, ""cooldown_bars"": 30, ""entry_days_of_month"": [], ""entry_hours"": [], ""external_risk_max"": 1.25, ""family"": ""calendar_teacher_state_fade"", ""flow_lookback_bars"": 6, ""flow_persistence_bars"": 0, ""flow_persistence_threshold"": 0.0, ""flow_threshold"": 0.0, ""funding_abs_cap"": 0.00025, ""funding_rank_min"": 0.0001, ""hold_bars"": 120, ""long_allocation_scale"": 6.0, ""lookback_bars"": 72, ""max_order_value"": 175.0, ""max_rv"": 0.0, ""min_abs_return"": 0.003, ""name"": ""fresh_calendar_teacher_fade_both_lb72_fast24_z035_ret30_h120_fl0_xr125"", ""oi_rank_min"": 0.012, ""primary_symbol"": """", ""rv_lookback_bars"": 24, ""secondary_symbol"": """", ""sharpe_lookback_bars"": 12, ""sharpe_rank_min"": 0.5, ""short_allocation_scale"": 8.0, ""spread_hedge_ratio"": 1.0, ""stop_loss_pct"": 0.004, ""take_profit_pct"": 0.045, ""target_allocation"": 0.008, ""threshold"": 0.35, ""trailing_stop_cap_pct"": 0.012, ""trailing_stop_floor_pct"": 0.004, ""trailing_stop_rv_multiple"": 0.8}",fresh_calendar_teacher_fade_both_lb72_fast24_z035_ret30_h120_fl0_xr125,96,0,0.011282579536934463,48,-19.61655632409764,-9.643161972983957,-0.011282579536934456,0.003182522599578799,"{""cooldown"": 1415, ""signal_missing"": 81, ""teacher_state_rank_gap_too_small"": 5}",False,False,528,0,0.07558701812727632,264,-18.374795710623847,-7.965671155818955,-0.0755870181272763,0.004277371573832857,88,0,0.012456561713826959,44,-19.690899468436193,-9.270079597418043,-0.012456561713826919,0.003940524164448297
"train_positive,val_positive,oos_return_beats_incumbent,oos_mdd_beats_shadow,oos_sharpe_gt_1",calendar_teacher_state_fade,"{""adaptive_lookback_bars"": 24, ""allow_long"": true, ""allow_short"": true, ""broad_min_abs"": 0.006, ""calendar_long_months"": [], ""calendar_long_symbol"": """", ""calendar_short_months"": [], ""calendar_short_symbol"": """", ""calendar_veto_flow_abs"": 0.0, ""calendar_veto_funding_abs"": 0.0, ""calendar_veto_market_ret_abs"": 0.0, ""calendar_veto_resid_z"": 0.0, ""compression_lookback_bars"": 24, ""compression_quantile"": 0.0, ""cooldown_bars"": 30, ""entry_days_of_month"": [], ""entry_hours"": [], ""external_risk_max"": 0.0, ""family"": ""calendar_teacher_state_fade"", ""flow_lookback_bars"": 6, ""flow_persistence_bars"": 0, ""flow_persistence_threshold"": 0.0, ""flow_threshold"": 0.0, ""funding_abs_cap"": 0.00025, ""funding_rank_min"": 0.0001, ""hold_bars"": 120, ""long_allocation_scale"": 6.0, ""lookback_bars"": 72, ""max_order_value"": 175.0, ""max_rv"": 0.0, ""min_abs_return"": 0.009, ""name"": ""fresh_calendar_teacher_fade_both_lb72_fast24_z035_ret90_h120_fl0"", ""oi_rank_min"": 0.012, ""primary_symbol"": """", ""rv_lookback_bars"": 24, ""secondary_symbol"": """", ""sharpe_lookback_bars"": 12, ""sharpe_rank_min"": 0.5, ""short_allocation_scale"": 8.0, ""spread_hedge_ratio"": 1.0, ""stop_loss_pct"": 0.004, ""take_profit_pct"": 0.045, ""target_allocation"": 0.008, ""threshold"": 0.35, ""trailing_stop_cap_pct"": 0.012, ""trailing_stop_floor_pct"": 0.004, ""trailing_stop_rv_multiple"": 0.8}",fresh_calendar_teacher_fade_both_lb72_fast24_z035_ret90_h120_fl0,96,0,0.011315470880284374,48,-20.259366865774734,-11.258838852482308,-0.011315470880284395,0.003090593824766699,"{""cooldown"": 1416, ""signal_missing"": 101, ""teacher_state_rank_gap_too_small"": 5}",False,False,526,0,0.07379235316676296,263,-17.64872556718963,-7.513936909474552,-0.07379235316676291,0.004343419090703572,88,0,0.011949577257496903,44,-19.286421025025835,-8.877225576187879,-0.011949577257496902,0.0038584345104998733
"train_positive,val_positive,oos_return_beats_incumbent,oos_mdd_beats_shadow,oos_sharpe_gt_1",calendar_teacher_state_fade,"{""adaptive_lookback_bars"": 72, ""allow_long"": true, ""allow_short"": true, ""broad_min_abs"": 0.006, ""calendar_long_months"": [], ""calendar_long_symbol"": """", ""calendar_short_months"": [], ""calendar_short_symbol"": """", ""calendar_veto_flow_abs"": 0.0, ""calendar_veto_funding_abs"": 0.0, ""calendar_veto_market_ret_abs"": 0.0, ""calendar_veto_resid_z"": 0.0, ""compression_lookback_bars"": 24, ""compression_quantile"": 0.0, ""cooldown_bars"": 30, ""entry_days_of_month"": [], ""entry_hours"": [], ""external_risk_max"": 1.25, ""family"": ""calendar_teacher_state_fade"", ""flow_lookback_bars"": 6, ""flow_persistence_bars"": 0, ""flow_persistence_threshold"": 0.0, ""flow_threshold"": 0.02, ""funding_abs_cap"": 0.00025, ""funding_rank_min"": 0.0001, ""hold_bars"": 120, ""long_allocation_scale"": 6.0, ""lookback_bars"": 168, ""max_order_value"": 175.0, ""max_rv"": 0.0, ""min_abs_return"": 0.006, ""name"": ""fresh_calendar_teacher_fade_both_lb168_fast72_z035_ret60_h120_fl2_xr125"", ""oi_rank_min"": 0.012, ""primary_symbol"": """", ""rv_lookback_bars"": 24, ""secondary_symbol"": """", ""sharpe_lookback_bars"": 24, ""sharpe_rank_min"": 0.5, ""short_allocation_scale"": 8.0, ""spread_hedge_ratio"": 1.0, ""stop_loss_pct"": 0.004, ""take_profit_pct"": 0.045, ""target_allocation"": 0.008, ""threshold"": 0.35, ""trailing_stop_cap_pct"": 0.012, ""trailing_stop_floor_pct"": 0.004, ""trailing_stop_rv_multiple"": 0.8}",fresh_calendar_teacher_fade_both_lb168_fast72_z035_ret60_h120_fl2_xr125,92,0,0.011321631367984149,46,-17.785924100180946,-8.784852843947956,-0.011321631367984142,0.003522242268665626,"{""cooldown"": 1374, ""signal_missing"": 113}",False,False,490,0,0.065291908494565,245,-17.162388459696974,-7.559971900372695,-0.06529190849456501,0.003934225655729149,82,0,0.009928193231816472,41,-18.426245246233623,-8.129514173393282,-0.009928193231816484,0.0033520067317152793
"train_positive,val_positive,oos_return_beats_incumbent,oos_mdd_beats_shadow,oos_sharpe_gt_1",calendar_teacher_state_fade,"{""adaptive_lookback_bars"": 24, ""allow_long"": true, ""allow_short"": true, ""broad_min_abs"": 0.006, ""calendar_long_months"": [], ""calendar_long_symbol"": """", ""calendar_short_months"": [], ""calendar_short_symbol"": """", ""calendar_veto_flow_abs"": 0.0, ""calendar_veto_funding_abs"": 0.0, ""calendar_veto_market_ret_abs"": 0.0, ""calendar_veto_resid_z"": 0.0, ""compression_lookback_bars"": 24, ""compression_quantile"": 0.0, ""cooldown_bars"": 30, ""entry_days_of_month"": [], ""entry_hours"": [], ""external_risk_max"": 0.0, ""family"": ""calendar_teacher_state_fade"", ""flow_lookback_bars"": 6, ""flow_persistence_bars"": 0, ""flow_persistence_threshold"": 0.0, ""flow_threshold"": 0.0, ""funding_abs_cap"": 0.00025, ""funding_rank_min"": 0.0001, ""hold_bars"": 120, ""long_allocation_scale"": 6.0, ""lookback_bars"": 72, ""max_order_value"": 175.0, ""max_rv"": 0.0, ""min_abs_return"": 0.006, ""name"": ""fresh_calendar_teacher_fade_both_lb72_fast24_z035_ret60_h120_fl0"", ""oi_rank_min"": 0.012, ""primary_symbol"": """", ""rv_lookback_bars"": 24, ""secondary_symbol"": """", ""sharpe_lookback_bars"": 12, ""sharpe_rank_min"": 0.5, ""short_allocation_scale"": 8.0, ""spread_hedge_ratio"": 1.0, ""stop_loss_pct"": 0.004, ""take_profit_pct"": 0.045, ""target_allocation"": 0.008, ""threshold"": 0.35, ""trailing_stop_cap_pct"": 0.012, ""trailing_stop_floor_pct"": 0.004, ""trailing_stop_rv_multiple"": 0.8}",fresh_calendar_teacher_fade_both_lb72_fast24_z035_ret60_h120_fl0,96,0,0.011342701961839884,48,-20.044298697335904,-10.715564397149311,-0.01134270196183984,0.0031313094942221555,"{""cooldown"": 1421, ""signal_missing"": 86, ""teacher_state_rank_gap_too_small"": 4}",False,False,528,0,0.07432722377776736,264,-18.041152218065186,-7.683039697598789,-0.07432722377776735,0.0042809789612384685,88,0,0.011987229545884619,44,-19.455028927144323,-9.072963574859472,-0.011979617519027097,0.003834674735807873
"train_positive,val_positive,oos_return_beats_incumbent,oos_mdd_beats_shadow,oos_sharpe_gt_1",calendar_teacher_state_fade,"{""adaptive_lookback_bars"": 72, ""allow_long"": true, ""allow_short"": true, ""broad_min_abs"": 0.006, ""calendar_long_months"": [], ""calendar_long_symbol"": """", ""calendar_short_months"": [], ""calendar_short_symbol"": """", ""calendar_veto_flow_abs"": 0.0, ""calendar_veto_funding_abs"": 0.0, ""calendar_veto_market_ret_abs"": 0.0, ""calendar_veto_resid_z"": 0.0, ""compression_lookback_bars"": 24, ""compression_quantile"": 0.0, ""cooldown_bars"": 30, ""entry_days_of_month"": [], ""entry_hours"": [], ""external_risk_max"": 0.0, ""family"": ""calendar_teacher_state_fade"", ""flow_lookback_bars"": 6, ""flow_persistence_bars"": 0, ""flow_persistence_threshold"": 0.0, ""flow_threshold"": 0.02, ""funding_abs_cap"": 0.00025, ""funding_rank_min"": 0.0001, ""hold_bars"": 120, ""long_allocation_scale"": 6.0, ""lookback_bars"": 336, ""max_order_value"": 175.0, ""max_rv"": 0.0, ""min_abs_return"": 0.009, ""name"": ""fresh_calendar_teacher_fade_both_lb336_fast72_z050_ret90_h120_fl2"", ""oi_rank_min"": 0.012, ""primary_symbol"": """", ""rv_lookback_bars"": 24, ""secondary_symbol"": """", ""sharpe_lookback_bars"": 24, ""sharpe_rank_min"": 0.5, ""short_allocation_scale"": 8.0, ""spread_hedge_ratio"": 1.0, ""stop_loss_pct"": 0.004, ""take_profit_pct"": 0.045, ""target_allocation"": 0.008, ""threshold"": 0.5, ""trailing_stop_cap_pct"": 0.012, ""trailing_stop_floor_pct"": 0.004, ""trailing_stop_rv_multiple"": 0.8}",fresh_calendar_teacher_fade_both_lb336_fast72_z050_ret90_h120_fl2,78,0,0.011342932949549503,39,-17.03045050350236,-6.778300917371223,-0.011342932949549467,0.0036854163261609645,"{""cooldown"": 1145, ""signal_missing"": 350, ""teacher_state_rank_gap_too_small"": 31}",False,False,438,0,0.053957859839489176,219,-16.784274322154282,-7.093696380450003,-0.0539578598394892,0.0033048114061386565,80,0,0.010797840203288639,40,-18.377040577167254,-8.671681359394654,-0.01070955678030272,0.003626895997122939
"train_positive,val_positive,oos_return_beats_incumbent,oos_mdd_beats_shadow,oos_sharpe_gt_1",calendar_teacher_state_fade,"{""adaptive_lookback_bars"": 72, ""allow_long"": true, ""allow_short"": true, ""broad_min_abs"": 0.006, ""calendar_long_months"": [], ""calendar_long_symbol"": """", ""calendar_short_months"": [], ""calendar_short_symbol"": """", ""calendar_veto_flow_abs"": 0.0, ""calendar_veto_funding_abs"": 0.0, ""calendar_veto_market_ret_abs"": 0.0, ""calendar_veto_resid_z"": 0.0, ""compression_lookback_bars"": 24, ""compression_quantile"": 0.0, ""cooldown_bars"": 30, ""entry_days_of_month"": [], ""entry_hours"": [], ""external_risk_max"": 1.25, ""family"": ""calendar_teacher_state_fade"", ""flow_lookback_bars"": 6, ""flow_persistence_bars"": 0, ""flow_persistence_threshold"": 0.0, ""flow_threshold"": 0.02, ""funding_abs_cap"": 0.00025, ""funding_rank_min"": 0.0001, ""hold_bars"": 120, ""long_allocation_scale"": 6.0, ""lookback_bars"": 168, ""max_order_value"": 175.0, ""max_rv"": 0.0, ""min_abs_return"": 0.009, ""name"": ""fresh_calendar_teacher_fade_both_lb168_fast72_z050_ret90_h120_fl2_xr125"", ""oi_rank_min"": 0.012, ""primary_symbol"": """", ""rv_lookback_bars"": 24, ""secondary_symbol"": """", ""sharpe_lookback_bars"": 24, ""sharpe_rank_min"": 0.5, ""short_allocation_scale"": 8.0, ""spread_hedge_ratio"": 1.0, ""stop_loss_pct"": 0.004, ""take_profit_pct"": 0.045, ""target_allocation"": 0.008, ""threshold"": 0.5, ""trailing_stop_cap_pct"": 0.012, ""trailing_stop_floor_pct"": 0.004, ""trailing_stop_rv_multiple"": 0.8}",fresh_calendar_teacher_fade_both_lb168_fast72_z050_ret90_h120_fl2_xr125,90,0,0.011376884135201609,45,-19.292716374365675,-9.101807859892771,-0.01137688413520166,0.0032631345363090965,"{""cooldown"": 1349, ""signal_missing"": 149, ""teacher_state_rank_gap_too_small"": 10}",False,False,482,0,0.06533863718654356,241,-16.763220526146128,-7.118899035802112,-0.06533863718654354,0.004030867651649375,80,0,0.009255765092308256,40,-18.15964540459474,-8.143853454585486,-0.009255765092308299,0.0031697935471276103
"train_positive,val_positive,oos_return_beats_incumbent,oos_mdd_beats_shadow,oos_sharpe_gt_1",calendar_teacher_state_fade,"{""adaptive_lookback_bars"": 72, ""allow_long"": true, ""allow_short"": true, ""broad_min_abs"": 0.006, ""calendar_long_months"": [], ""calendar_long_symbol"": """", ""calendar_short_months"": [], ""calendar_short_symbol"": """", ""calendar_veto_flow_abs"": 0.0, ""calendar_veto_funding_abs"": 0.0, ""calendar_veto_market_ret_abs"": 0.0, ""calendar_veto_resid_z"": 0.0, ""compression_lookback_bars"": 24, ""compression_quantile"": 0.0, ""cooldown_bars"": 18, ""entry_days_of_month"": [], ""entry_hours"": [], ""external_risk_max"": 0.0, ""family"": ""calendar_teacher_state_fade"", ""flow_lookback_bars"": 6, ""flow_persistence_bars"": 0, ""flow_persistence_threshold"": 0.0, ""flow_threshold"": 0.02, ""funding_abs_cap"": 0.00025, ""funding_rank_min"": 0.0001, ""hold_bars"": 72, ""long_allocation_scale"": 6.0, ""lookback_bars"": 336, ""max_order_value"": 175.0, ""max_rv"": 0.0, ""min_abs_return"": 0.009, ""name"": ""fresh_calendar_teacher_fade_both_lb336_fast72_z075_ret90_h72_fl2"", ""oi_rank_min"": 0.012, ""primary_symbol"": """", ""rv_lookback_bars"": 24, ""secondary_symbol"": """", ""sharpe_lookback_bars"": 24, ""sharpe_rank_min"": 0.75, ""short_allocation_scale"": 8.0, ""spread_hedge_ratio"": 1.0, ""stop_loss_pct"": 0.004, ""take_profit_pct"": 0.045, ""target_allocation"": 0.008, ""threshold"": 0.75, ""trailing_stop_cap_pct"": 0.012, ""trailing_stop_floor_pct"": 0.004, ""trailing_stop_rv_multiple"": 0.8}",fresh_calendar_teacher_fade_both_lb336_fast72_z075_ret90_h72_fl2,104,0,0.011379607943180235,52,-15.207732482099905,-7.439031114706998,-0.01137960794318027,0.004140436030645684,"{""cooldown"": 919, ""signal_missing"": 508, ""teacher_state_rank_gap_too_small"": 84}",False,False,638,0,0.083369735311548,319,-20.327021248205114,-10.226981001683734,-0.08336973531154801,0.00428254702086106,128,0,0.014669017742791115,64,-23.907526589562593,-15.419047402348111,-0.01458107981116985,0.003803221133907938
"train_positive,val_positive,oos_return_beats_incumbent,oos_mdd_beats_shadow,oos_sharpe_gt_1",calendar_teacher_state_fade,"{""adaptive_lookback_bars"": 24, ""allow_long"": true, ""allow_short"": true, ""broad_min_abs"": 0.006, ""calendar_long_months"": [], ""calendar_long_symbol"": """", ""calendar_short_months"": [], ""calendar_short_symbol"": """", ""calendar_veto_flow_abs"": 0.0, ""calendar_veto_funding_abs"": 0.0, ""calendar_veto_market_ret_abs"": 0.0, ""calendar_veto_resid_z"": 0.0, ""compression_lookback_bars"": 24, ""compression_quantile"": 0.0, ""cooldown_bars"": 30, ""entry_days_of_month"": [], ""entry_hours"": [], ""external_risk_max"": 1.25, ""family"": ""calendar_teacher_state_fade"", ""flow_lookback_bars"": 6, ""flow_persistence_bars"": 0, ""flow_persistence_threshold"": 0.0, ""flow_threshold"": 0.0, ""funding_abs_cap"": 0.00025, ""funding_rank_min"": 0.0001, ""hold_bars"": 120, ""long_allocation_scale"": 6.0, ""lookback_bars"": 72, ""max_order_value"": 175.0, ""max_rv"": 0.0, ""min_abs_return"": 0.006, ""name"": ""fresh_calendar_teacher_fade_both_lb72_fast24_z050_ret60_h120_fl0_xr125"", ""oi_rank_min"": 0.012, ""primary_symbol"": """", ""rv_lookback_bars"": 24, ""secondary_symbol"": """", ""sharpe_lookback_bars"": 12, ""sharpe_rank_min"": 0.5, ""short_allocation_scale"": 8.0, ""spread_hedge_ratio"": 1.0, ""stop_loss_pct"": 0.004, ""take_profit_pct"": 0.045, ""target_allocation"": 0.008, ""threshold"": 0.5, ""trailing_stop_cap_pct"": 0.012, ""trailing_stop_floor_pct"": 0.004, ""trailing_stop_rv_multiple"": 0.8}",fresh_calendar_teacher_fade_both_lb72_fast24_z050_ret60_h120_fl0_xr125,94,0,0.011440647826536952,47,-19.95879810910588,-10.43552831656512,-0.011440647826536976,0.003172031144196104,"{""cooldown"": 1391, ""signal_missing"": 123, ""teacher_state_rank_gap_too_small"": 8}",False,False,524,0,0.07355655983841207,262,-17.728585022736777,-7.522798233043794,-0.07355655983841203,0.004309502673439504,84,0,0.011864425992007098,42,-18.578935160131667,-8.688502316536175,-0.011856813019024193,0.003974056641526094
"train_positive,val_positive,oos_return_beats_incumbent,oos_mdd_beats_shadow,oos_sharpe_gt_1",calendar_teacher_state_fade,"{""adaptive_lookback_bars"": 72, ""allow_long"": true, ""allow_short"": true, ""broad_min_abs"": 0.006, ""calendar_long_months"": [], ""calendar_long_symbol"": """", ""calendar_short_months"": [], ""calendar_short_symbol"": """", ""calendar_veto_flow_abs"": 0.0, ""calendar_veto_funding_abs"": 0.0, ""calendar_veto_market_ret_abs"": 0.0, ""calendar_veto_resid_z"": 0.0, ""compression_lookback_bars"": 24, ""compression_quantile"": 0.0, ""cooldown_bars"": 30, ""entry_days_of_month"": [], ""entry_hours"": [], ""external_risk_max"": 1.25, ""family"": ""calendar_teacher_state_fade"", ""flow_lookback_bars"": 6, ""flow_persistence_bars"": 0, ""flow_persistence_threshold"": 0.0, ""flow_threshold"": 0.02, ""funding_abs_cap"": 0.00025, ""funding_rank_min"": 0.0001, ""hold_bars"": 120, ""long_allocation_scale"": 6.0, ""lookback_bars"": 168, ""max_order_value"": 175.0, ""max_rv"": 0.0, ""min_abs_return"": 0.009, ""name"": ""fresh_calendar_teacher_fade_both_lb168_fast72_z035_ret90_h120_fl2_xr125"", ""oi_rank_min"": 0.012, ""primary_symbol"": """", ""rv_lookback_bars"": 24, ""secondary_symbol"": """", ""sharpe_lookback_bars"": 24, ""sharpe_rank_min"": 0.5, ""short_allocation_scale"": 8.0, ""spread_hedge_ratio"": 1.0, ""stop_loss_pct"": 0.004, ""take_profit_pct"": 0.045, ""target_allocation"": 0.008, ""threshold"": 0.35, ""trailing_stop_cap_pct"": 0.012, ""trailing_stop_floor_pct"": 0.004, ""trailing_stop_rv_multiple"": 0.8}",fresh_calendar_teacher_fade_both_lb168_fast72_z035_ret90_h120_fl2_xr125,92,0,0.011459731551764564,46,-19.2359382299906,-9.217051166272519,-0.011459731551764607,0.0032967328760747884,"{""cooldown"": 1379, ""signal_missing"": 116, ""teacher_state_rank_gap_too_small"": 12}",False,False,490,0,0.06744544460202123,245,-17.269792465599927,-7.39268045715124,-0.06744544460202129,0.004043311104924507,82,0,0.0095599178106502,41,-18.311527874662087,-8.136399250640821,-0.009559917810650242,0.003247293250350351
"train_positive,val_positive,oos_return_beats_incumbent,oos_mdd_beats_shadow,oos_sharpe_gt_1",calendar_teacher_state_fade,"{""adaptive_lookback_bars"": 24, ""allow_long"": true, ""allow_short"": true, ""broad_min_abs"": 0.006, ""calendar_long_months"": [], ""calendar_long_symbol"": """", ""calendar_short_months"": [], ""calendar_short_symbol"": """", ""calendar_veto_flow_abs"": 0.0, ""calendar_veto_funding_abs"": 0.0, ""calendar_veto_market_ret_abs"": 0.0, ""calendar_veto_resid_z"": 0.0, ""compression_lookback_bars"": 24, ""compression_quantile"": 0.0, ""cooldown_bars"": 30, ""entry_days_of_month"": [], ""entry_hours"": [], ""external_risk_max"": 0.0, ""family"": ""calendar_teacher_state_fade"", ""flow_lookback_bars"": 6, ""flow_persistence_bars"": 0, ""flow_persistence_threshold"": 0.0, ""flow_threshold"": 0.02, ""funding_abs_cap"": 0.00025, ""funding_rank_min"": 0.0001, ""hold_bars"": 120, ""long_allocation_scale"": 6.0, ""lookback_bars"": 72, ""max_order_value"": 175.0, ""max_rv"": 0.0, ""min_abs_return"": 0.009, ""name"": ""fresh_calendar_teacher_fade_both_lb72_fast24_z035_ret90_h120_fl2"", ""oi_rank_min"": 0.012, ""primary_symbol"": """", ""rv_lookback_bars"": 24, ""secondary_symbol"": """", ""sharpe_lookback_bars"": 12, ""sharpe_rank_min"": 0.5, ""short_allocation_scale"": 8.0, ""spread_hedge_ratio"": 1.0, ""stop_loss_pct"": 0.004, ""take_profit_pct"": 0.045, ""target_allocation"": 0.008, ""threshold"": 0.35, ""trailing_stop_cap_pct"": 0.012, ""trailing_stop_floor_pct"": 0.004, ""trailing_stop_rv_multiple"": 0.8}",fresh_calendar_teacher_fade_both_lb72_fast24_z035_ret90_h120_fl2,96,0,0.011463144043903048,48,-19.485796740693715,-9.903104015616833,-0.011463144043903029,0.0032554419441385915,"{""cooldown"": 1416, ""signal_missing"": 94, ""teacher_state_rank_gap_too_small"": 5}",False,False,526,0,0.07324852744487907,263,-17.563402457015243,-7.515554805188418,-0.07324852744487909,0.004331098292919668,86,0,0.011389332633985524,43,-18.95495400015064,-8.598117800969696,-0.01138933263398556,0.0037407923459642873
"train_positive,val_positive,oos_return_beats_incumbent,oos_mdd_beats_shadow,oos_sharpe_gt_1",calendar_teacher_state_fade,"{""adaptive_lookback_bars"": 24, ""allow_long"": true, ""allow_short"": true, ""broad_min_abs"": 0.006, ""calendar_long_months"": [], ""calendar_long_symbol"": """", ""calendar_short_months"": [], ""calendar_short_symbol"": """", ""calendar_veto_flow_abs"": 0.0, ""calendar_veto_funding_abs"": 0.0, ""calendar_veto_market_ret_abs"": 0.0, ""calendar_veto_resid_z"": 0.0, ""compression_lookback_bars"": 24, ""compression_quantile"": 0.0, ""cooldown_bars"": 30, ""entry_days_of_month"": [], ""entry_hours"": [], ""external_risk_max"": 0.0, ""family"": ""calendar_teacher_state_fade"", ""flow_lookback_bars"": 6, ""flow_persistence_bars"": 0, ""flow_persistence_threshold"": 0.0, ""flow_threshold"": 0.02, ""funding_abs_cap"": 0.00025, ""funding_rank_min"": 0.0001, ""hold_bars"": 120, ""long_allocation_scale"": 6.0, ""lookback_bars"": 72, ""max_order_value"": 175.0, ""max_rv"": 0.0, ""min_abs_return"": 0.003, ""name"": ""fresh_calendar_teacher_fade_both_lb72_fast24_z035_ret30_h120_fl2"", ""oi_rank_min"": 0.012, ""primary_symbol"": """", ""rv_lookback_bars"": 24, ""secondary_symbol"": """", ""sharpe_lookback_bars"": 12, ""sharpe_rank_min"": 0.5, ""short_allocation_scale"": 8.0, ""spread_hedge_ratio"": 1.0, ""stop_loss_pct"": 0.004, ""take_profit_pct"": 0.045, ""target_allocation"": 0.008, ""threshold"": 0.35, ""trailing_stop_cap_pct"": 0.012, ""trailing_stop_floor_pct"": 0.004, ""trailing_stop_rv_multiple"": 0.8}",fresh_calendar_teacher_fade_both_lb72_fast24_z035_ret30_h120_fl2,96,0,0.011540397432280042,48,-20.472707387106674,-11.23488480629785,-0.01154039743228008,0.0031195358142868668,"{""cooldown"": 1415, ""signal_missing"": 82, ""teacher_state_rank_gap_too_small"": 5}",False,False,526,0,0.07073558177779324,263,-18.147283760747364,-7.975317136371102,-0.07073558177779327,0.004042580223582427,86,0,0.012254011048069087,43,-19.66434010396057,-8.735657734005372,-0.012254011048069113,0.003881293110451315
"train_positive,val_positive,oos_return_beats_incumbent,oos_mdd_beats_shadow,oos_sharpe_gt_1",calendar_teacher_state_fade,"{""adaptive_lookback_bars"": 24, ""allow_long"": true, ""allow_short"": true, ""broad_min_abs"": 0.006, ""calendar_long_months"": [], ""calendar_long_symbol"": """", ""calendar_short_months"": [], ""calendar_short_symbol"": """", ""calendar_veto_flow_abs"": 0.0, ""calendar_veto_funding_abs"": 0.0, ""calendar_veto_market_ret_abs"": 0.0, ""calendar_veto_resid_z"": 0.0, ""compression_lookback_bars"": 24, ""compression_quantile"": 0.0, ""cooldown_bars"": 30, ""entry_days_of_month"": [], ""entry_hours"": [], ""external_risk_max"": 1.25, ""family"": ""calendar_teacher_state_fade"", ""flow_lookback_bars"": 6, ""flow_persistence_bars"": 0, ""flow_persistence_threshold"": 0.0, ""flow_threshold"": 0.0, ""funding_abs_cap"": 0.00025, ""funding_rank_min"": 0.0001, ""hold_bars"": 120, ""long_allocation_scale"": 6.0, ""lookback_bars"": 72, ""max_order_value"": 175.0, ""max_rv"": 0.0, ""min_abs_return"": 0.009, ""name"": ""fresh_calendar_teacher_fade_both_lb72_fast24_z050_ret90_h120_fl0_xr125"", ""oi_rank_min"": 0.012, ""primary_symbol"": """", ""rv_lookback_bars"": 24, ""secondary_symbol"": """", ""sharpe_lookback_bars"": 12, ""sharpe_rank_min"": 0.5, ""short_allocation_scale"": 8.0, ""spread_hedge_ratio"": 1.0, ""stop_loss_pct"": 0.004, ""take_profit_pct"": 0.045, ""target_allocation"": 0.008, ""threshold"": 0.5, ""trailing_stop_cap_pct"": 0.012, ""trailing_stop_floor_pct"": 0.004, ""trailing_stop_rv_multiple"": 0.8}",fresh_calendar_teacher_fade_both_lb72_fast24_z050_ret90_h120_fl0_xr125,92,0,0.01154193221559708,46,-19.491987281693024,-9.873371040822757,-0.011541932215597073,0.0032769046862249763,"{""cooldown"": 1361, ""signal_missing"": 159, ""teacher_state_rank_gap_too_small"": 5}",False,False,522,0,0.07180157645945856,261,-17.638414272066456,-7.631760377313296,-0.0718015764594585,0.004224246931499092,84,0,0.01187619242524977,42,-18.43973959590312,-8.52050244831893,-0.011876192425249732,0.0040106319470611575
"train_positive,val_positive,oos_return_beats_incumbent,oos_mdd_beats_shadow,oos_sharpe_gt_1",calendar_teacher_state_fade,"{""adaptive_lookback_bars"": 72, ""allow_long"": true, ""allow_short"": true, ""broad_min_abs"": 0.006, ""calendar_long_months"": [], ""calendar_long_symbol"": """", ""calendar_short_months"": [], ""calendar_short_symbol"": """", ""calendar_veto_flow_abs"": 0.0, ""calendar_veto_funding_abs"": 0.0, ""calendar_veto_market_ret_abs"": 0.0, ""calendar_veto_resid_z"": 0.0, ""compression_lookback_bars"": 24, ""compression_quantile"": 0.0, ""cooldown_bars"": 30, ""entry_days_of_month"": [], ""entry_hours"": [], ""external_risk_max"": 1.25, ""family"": ""calendar_teacher_state_fade"", ""flow_lookback_bars"": 6, ""flow_persistence_bars"": 0, ""flow_persistence_threshold"": 0.0, ""flow_threshold"": 0.0, ""funding_abs_cap"": 0.00025, ""funding_rank_min"": 0.0001, ""hold_bars"": 120, ""long_allocation_scale"": 6.0, ""lookback_bars"": 168, ""max_order_value"": 175.0, ""max_rv"": 0.0, ""min_abs_return"": 0.006, ""name"": ""fresh_calendar_teacher_fade_both_lb168_fast72_z035_ret60_h120_fl0_xr125"", ""oi_rank_min"": 0.012, ""primary_symbol"": """", ""rv_lookback_bars"": 24, ""secondary_symbol"": """", ""sharpe_lookback_bars"": 24, ""sharpe_rank_min"": 0.5, ""short_allocation_scale"": 8.0, ""spread_hedge_ratio"": 1.0, ""stop_loss_pct"": 0.004, ""take_profit_pct"": 0.045, ""target_allocation"": 0.008, ""threshold"": 0.35, ""trailing_stop_cap_pct"": 0.012, ""trailing_stop_floor_pct"": 0.004, ""trailing_stop_rv_multiple"": 0.8}",fresh_calendar_teacher_fade_both_lb168_fast72_z035_ret60_h120_fl0_xr125,94,0,0.01161984859705034,47,-20.01094159041386,-9.563122737511067,-0.011619848597050342,0.0032136091875813646,"{""cooldown"": 1404, ""signal_missing"": 94}",False,False,494,0,0.06767488698310535,247,-17.687501958671742,-7.613130139042112,-0.06767488698310531,0.003961755769323308,84,0,0.010080600471918217,42,-19.327955036261496,-8.794382725618494,-0.010080600471918166,0.003244952899703806
"train_positive,val_positive,oos_return_beats_incumbent,oos_mdd_beats_shadow,oos_sharpe_gt_1",calendar_teacher_state_fade,"{""adaptive_lookback_bars"": 72, ""allow_long"": true, ""allow_short"": true, ""broad_min_abs"": 0.006, ""calendar_long_months"": [], ""calendar_long_symbol"": """", ""calendar_short_months"": [], ""calendar_short_symbol"": """", ""calendar_veto_flow_abs"": 0.0, ""calendar_veto_funding_abs"": 0.0, ""calendar_veto_market_ret_abs"": 0.0, ""calendar_veto_resid_z"": 0.0, ""compression_lookback_bars"": 24, ""compression_quantile"": 0.0, ""cooldown_bars"": 30, ""entry_days_of_month"": [], ""entry_hours"": [], ""external_risk_max"": 0.0, ""family"": ""calendar_teacher_state_fade"", ""flow_lookback_bars"": 6, ""flow_persistence_bars"": 0, ""flow_persistence_threshold"": 0.0, ""flow_threshold"": 0.0, ""funding_abs_cap"": 0.00025, ""funding_rank_min"": 0.0001, ""hold_bars"": 120, ""long_allocation_scale"": 6.0, ""lookback_bars"": 168, ""max_order_value"": 175.0, ""max_rv"": 0.0, ""min_abs_return"": 0.003, ""name"": ""fresh_calendar_teacher_fade_both_lb168_fast72_z035_ret30_h120_fl0"", ""oi_rank_min"": 0.012, ""primary_symbol"": """", ""rv_lookback_bars"": 24, ""secondary_symbol"": """", ""sharpe_lookback_bars"": 24, ""sharpe_rank_min"": 0.5, ""short_allocation_scale"": 8.0, ""spread_hedge_ratio"": 1.0, ""stop_loss_pct"": 0.004, ""take_profit_pct"": 0.045, ""target_allocation"": 0.008, ""threshold"": 0.35, ""trailing_stop_cap_pct"": 0.012, ""trailing_stop_floor_pct"": 0.004, ""trailing_stop_rv_multiple"": 0.8}",fresh_calendar_teacher_fade_both_lb168_fast72_z035_ret30_h120_fl0,94,0,0.01164504445700583,47,-19.12789444471515,-8.732614570393924,-0.011645044457005871,0.0033692733373412963,"{""cooldown"": 1404, ""signal_missing"": 96}",False,False,494,0,0.06924684244419169,247,-18.096344897970287,-7.509829373177441,-0.06924684244419166,0.003965508485613169,88,0,0.011349802709806603,44,-19.37831620751939,-9.138105765594526,-0.011349802709806567,0.0036463106610205073
"train_positive,val_positive,oos_return_beats_incumbent,oos_mdd_beats_shadow,oos_sharpe_gt_1",calendar_teacher_state_fade,"{""adaptive_lookback_bars"": 72, ""allow_long"": true, ""allow_short"": true, ""broad_min_abs"": 0.006, ""calendar_long_months"": [], ""calendar_long_symbol"": """", ""calendar_short_months"": [], ""calendar_short_symbol"": """", ""calendar_veto_flow_abs"": 0.0, ""calendar_veto_funding_abs"": 0.0, ""calendar_veto_market_ret_abs"": 0.0, ""calendar_veto_resid_z"": 0.0, ""compression_lookback_bars"": 24, ""compression_quantile"": 0.0, ""cooldown_bars"": 18, ""entry_days_of_month"": [], ""entry_hours"": [], ""external_risk_max"": 1.25, ""family"": ""calendar_teacher_state_fade"", ""flow_lookback_bars"": 6, ""flow_persistence_bars"": 0, ""flow_persistence_threshold"": 0.0, ""flow_threshold"": 0.02, ""funding_abs_cap"": 0.00025, ""funding_rank_min"": 0.0001, ""hold_bars"": 72, ""long_allocation_scale"": 6.0, ""lookback_bars"": 336, ""max_order_value"": 175.0, ""max_rv"": 0.0, ""min_abs_return"": 0.006, ""name"": ""fresh_calendar_teacher_fade_both_lb336_fast72_z075_ret60_h72_fl2_xr125"", ""oi_rank_min"": 0.012, ""primary_symbol"": """", ""rv_lookback_bars"": 24, ""secondary_symbol"": """", ""sharpe_lookback_bars"": 24, ""sharpe_rank_min"": 0.75, ""short_allocation_scale"": 8.0, ""spread_hedge_ratio"": 1.0, ""stop_loss_pct"": 0.004, ""take_profit_pct"": 0.045, ""target_allocation"": 0.008, ""threshold"": 0.75, ""trailing_stop_cap_pct"": 0.012, ""trailing_stop_floor_pct"": 0.004, ""trailing_stop_rv_multiple"": 0.8}",fresh_calendar_teacher_fade_both_lb336_fast72_z075_ret60_h72_fl2_xr125,102,0,0.011750700032253189,51,-16.582741652456093,-8.904809589223257,-0.011750700032253203,0.003921748380242972,"{""cooldown"": 901, ""signal_missing"": 515, ""teacher_state_rank_gap_too_small"": 88}",False,False,638,0,0.08113649222452841,319,-19.88999064480786,-10.224018906431311,-0.08113649222452846,0.004254295223128997,128,0,0.015245282910229464,64,-22.8306949407758,-12.986259086404512,-0.015157396408602586,0.004141177076906028
"train_positive,val_positive,oos_return_beats_incumbent,oos_mdd_beats_shadow,oos_sharpe_gt_1",calendar_teacher_state_fade,"{""adaptive_lookback_bars"": 72, ""allow_long"": true, ""allow_short"": true, ""broad_min_abs"": 0.006, ""calendar_long_months"": [], ""calendar_long_symbol"": """", ""calendar_short_months"": [], ""calendar_short_symbol"": """", ""calendar_veto_flow_abs"": 0.0, ""calendar_veto_funding_abs"": 0.0, ""calendar_veto_market_ret_abs"": 0.0, ""calendar_veto_resid_z"": 0.0, ""compression_lookback_bars"": 24, ""compression_quantile"": 0.0, ""cooldown_bars"": 30, ""entry_days_of_month"": [], ""entry_hours"": [], ""external_risk_max"": 0.0, ""family"": ""calendar_teacher_state_fade"", ""flow_lookback_bars"": 6, ""flow_persistence_bars"": 0, ""flow_persistence_threshold"": 0.0, ""flow_threshold"": 0.02, ""funding_abs_cap"": 0.00025, ""funding_rank_min"": 0.0001, ""hold_bars"": 120, ""long_allocation_scale"": 6.0, ""lookback_bars"": 168, ""max_order_value"": 175.0, ""max_rv"": 0.0, ""min_abs_return"": 0.009, ""name"": ""fresh_calendar_teacher_fade_both_lb168_fast72_z050_ret90_h120_fl2"", ""oi_rank_min"": 0.012, ""primary_symbol"": """", ""rv_lookback_bars"": 24, ""secondary_symbol"": """", ""sharpe_lookback_bars"": 24, ""sharpe_rank_min"": 0.5, ""short_allocation_scale"": 8.0, ""spread_hedge_ratio"": 1.0, ""stop_loss_pct"": 0.004, ""take_profit_pct"": 0.045, ""target_allocation"": 0.008, ""threshold"": 0.5, ""trailing_stop_cap_pct"": 0.012, ""trailing_stop_floor_pct"": 0.004, ""trailing_stop_rv_multiple"": 0.8}",fresh_calendar_teacher_fade_both_lb168_fast72_z050_ret90_h120_fl2,90,0,0.011908479934100448,45,-19.300865479119764,-8.92896812778875,-0.011908479934100491,0.0034150681077733417,"{""cooldown"": 1349, ""signal_missing"": 150, ""teacher_state_rank_gap_too_small"": 10}",False,False,482,0,0.06513774324955084,241,-16.70513570439712,-7.076420308758423,-0.0651377432495508,0.004032016407774274,82,0,0.009260279959877535,41,-17.560097898437927,-8.49245705409341,-0.009107484839018465,0.003225248182266835
"train_positive,val_positive,oos_return_beats_incumbent,oos_mdd_beats_shadow,oos_sharpe_gt_1",calendar_teacher_state_fade,"{""adaptive_lookback_bars"": 72, ""allow_long"": true, ""allow_short"": true, ""broad_min_abs"": 0.006, ""calendar_long_months"": [], ""calendar_long_symbol"": """", ""calendar_short_months"": [], ""calendar_short_symbol"": """", ""calendar_veto_flow_abs"": 0.0, ""calendar_veto_funding_abs"": 0.0, ""calendar_veto_market_ret_abs"": 0.0, ""calendar_veto_resid_z"": 0.0, ""compression_lookback_bars"": 24, ""compression_quantile"": 0.0, ""cooldown_bars"": 30, ""entry_days_of_month"": [], ""entry_hours"": [], ""external_risk_max"": 0.0, ""family"": ""calendar_teacher_state_fade"", ""flow_lookback_bars"": 6, ""flow_persistence_bars"": 0, ""flow_persistence_threshold"": 0.0, ""flow_threshold"": 0.0, ""funding_abs_cap"": 0.00025, ""funding_rank_min"": 0.0001, ""hold_bars"": 120, ""long_allocation_scale"": 6.0, ""lookback_bars"": 168, ""max_order_value"": 175.0, ""max_rv"": 0.0, ""min_abs_return"": 0.003, ""name"": ""fresh_calendar_teacher_fade_both_lb168_fast72_z050_ret30_h120_fl0"", ""oi_rank_min"": 0.012, ""primary_symbol"": """", ""rv_lookback_bars"": 24, ""secondary_symbol"": """", ""sharpe_lookback_bars"": 24, ""sharpe_rank_min"": 0.5, ""short_allocation_scale"": 8.0, ""spread_hedge_ratio"": 1.0, ""stop_loss_pct"": 0.004, ""take_profit_pct"": 0.045, ""target_allocation"": 0.008, ""threshold"": 0.5, ""trailing_stop_cap_pct"": 0.012, ""trailing_stop_floor_pct"": 0.004, ""trailing_stop_rv_multiple"": 0.8}",fresh_calendar_teacher_fade_both_lb168_fast72_z050_ret30_h120_fl0,92,0,0.011960965546279059,46,-19.047458876514444,-8.627486256584435,-0.011960965546279012,0.003475836342412234,"{""cooldown"": 1374, ""signal_missing"": 125}",False,False,490,0,0.0673603458082207,245,-17.84501043271179,-7.49767508858433,-0.0673603458082207,0.003907894776123863,84,0,0.011031294226246349,42,-19.89196514649341,-9.636385357238037,-0.01103129422624638,0.003451942728156013
"train_positive,val_positive,oos_return_beats_incumbent,oos_mdd_beats_shadow,oos_sharpe_gt_1",calendar_teacher_state_fade,"{""adaptive_lookback_bars"": 72, ""allow_long"": true, ""allow_short"": true, ""broad_min_abs"": 0.006, ""calendar_long_months"": [], ""calendar_long_symbol"": """", ""calendar_short_months"": [], ""calendar_short_symbol"": """", ""calendar_veto_flow_abs"": 0.0, ""calendar_veto_funding_abs"": 0.0, ""calendar_veto_market_ret_abs"": 0.0, ""calendar_veto_resid_z"": 0.0, ""compression_lookback_bars"": 24, ""compression_quantile"": 0.0, ""cooldown_bars"": 30, ""entry_days_of_month"": [], ""entry_hours"": [], ""external_risk_max"": 0.0, ""family"": ""calendar_teacher_state_fade"", ""flow_lookback_bars"": 6, ""flow_persistence_bars"": 0, ""flow_persistence_threshold"": 0.0, ""flow_threshold"": 0.0, ""funding_abs_cap"": 0.00025, ""funding_rank_min"": 0.0001, ""hold_bars"": 120, ""long_allocation_scale"": 6.0, ""lookback_bars"": 168, ""max_order_value"": 175.0, ""max_rv"": 0.0, ""min_abs_return"": 0.006, ""name"": ""fresh_calendar_teacher_fade_both_lb168_fast72_z050_ret60_h120_fl0"", ""oi_rank_min"": 0.012, ""primary_symbol"": """", ""rv_lookback_bars"": 24, ""secondary_symbol"": """", ""sharpe_lookback_bars"": 24, ""sharpe_rank_min"": 0.5, ""short_allocation_scale"": 8.0, ""spread_hedge_ratio"": 1.0, ""stop_loss_pct"": 0.004, ""take_profit_pct"": 0.045, ""target_allocation"": 0.008, ""threshold"": 0.5, ""trailing_stop_cap_pct"": 0.012, ""trailing_stop_floor_pct"": 0.004, ""trailing_stop_rv_multiple"": 0.8}",fresh_calendar_teacher_fade_both_lb168_fast72_z050_ret60_h120_fl0,92,0,0.01196941100143576,46,-19.056226834315755,-8.609929202478412,-0.011969411001435781,0.0034767050680966,"{""cooldown"": 1374, ""signal_missing"": 122}",False,False,488,0,0.06684673835549401,244,-17.37140397772612,-7.385416798952627,-0.06684673835549404,0.00398272459770786,84,0,0.01033112602501437,42,-19.017954992242892,-8.409005086218583,-0.010331126025014403,0.003380215872352116
"train_positive,val_positive,oos_return_beats_incumbent,oos_mdd_beats_shadow,oos_sharpe_gt_1",calendar_teacher_state_fade,"{""adaptive_lookback_bars"": 72, ""allow_long"": true, ""allow_short"": true, ""broad_min_abs"": 0.006, ""calendar_long_months"": [], ""calendar_long_symbol"": """", ""calendar_short_months"": [], ""calendar_short_symbol"": """", ""calendar_veto_flow_abs"": 0.0, ""calendar_veto_funding_abs"": 0.0, ""calendar_veto_market_ret_abs"": 0.0, ""calendar_veto_resid_z"": 0.0, ""compression_lookback_bars"": 24, ""compression_quantile"": 0.0, ""cooldown_bars"": 30, ""entry_days_of_month"": [], ""entry_hours"": [], ""external_risk_max"": 0.0, ""family"": ""calendar_teacher_state_fade"", ""flow_lookback_bars"": 6, ""flow_persistence_bars"": 0, ""flow_persistence_threshold"": 0.0, ""flow_threshold"": 0.02, ""funding_abs_cap"": 0.00025, ""funding_rank_min"": 0.0001, ""hold_bars"": 120, ""long_allocation_scale"": 6.0, ""lookback_bars"": 168, ""max_order_value"": 175.0, ""max_rv"": 0.0, ""min_abs_return"": 0.009, ""name"": ""fresh_calendar_teacher_fade_both_lb168_fast72_z035_ret90_h120_fl2"", ""oi_rank_min"": 0.012, ""primary_symbol"": """", ""rv_lookback_bars"": 24, ""secondary_symbol"": """", ""sharpe_lookback_bars"": 24, ""sharpe_rank_min"": 0.5, ""short_allocation_scale"": 8.0, ""spread_hedge_ratio"": 1.0, ""stop_loss_pct"": 0.004, ""take_profit_pct"": 0.045, ""target_allocation"": 0.008, ""threshold"": 0.35, ""trailing_stop_cap_pct"": 0.012, ""trailing_stop_floor_pct"": 0.004, ""trailing_stop_rv_multiple"": 0.8}",fresh_calendar_teacher_fade_both_lb168_fast72_z035_ret90_h120_fl2,92,0,0.011991019643731402,46,-19.255080364083867,-9.043557851422843,-0.011991019643731393,0.0034470552423845847,"{""cooldown"": 1379, ""signal_missing"": 117, ""teacher_state_rank_gap_too_small"": 12}",False,False,490,0,0.06711546396154063,245,-17.276415068807697,-7.417987822185738,-0.06711546396154067,0.004021286319100731,84,0,0.009564551244485513,42,-17.553244955112095,-8.382704205832551,-0.00933644378834586,0.003307994031518486
"train_positive,val_positive,oos_return_beats_incumbent,oos_mdd_beats_shadow,oos_sharpe_gt_1",calendar_teacher_state_fade,"{""adaptive_lookback_bars"": 72, ""allow_long"": true, ""allow_short"": true, ""broad_min_abs"": 0.006, ""calendar_long_months"": [], ""calendar_long_symbol"": """", ""calendar_short_months"": [], ""calendar_short_symbol"": """", ""calendar_veto_flow_abs"": 0.0, ""calendar_veto_funding_abs"": 0.0, ""calendar_veto_market_ret_abs"": 0.0, ""calendar_veto_resid_z"": 0.0, ""compression_lookback_bars"": 24, ""compression_quantile"": 0.0, ""cooldown_bars"": 18, ""entry_days_of_month"": [], ""entry_hours"": [], ""external_risk_max"": 1.25, ""family"": ""calendar_teacher_state_fade"", ""flow_lookback_bars"": 6, ""flow_persistence_bars"": 0, ""flow_persistence_threshold"": 0.0, ""flow_threshold"": 0.02, ""funding_abs_cap"": 0.00025, ""funding_rank_min"": 0.0001, ""hold_bars"": 72, ""long_allocation_scale"": 6.0, ""lookback_bars"": 336, ""max_order_value"": 175.0, ""max_rv"": 0.0, ""min_abs_return"": 0.003, ""name"": ""fresh_calendar_teacher_fade_both_lb336_fast72_z075_ret30_h72_fl2_xr125"", ""oi_rank_min"": 0.012, ""primary_symbol"": """", ""rv_lookback_bars"": 24, ""secondary_symbol"": """", ""sharpe_lookback_bars"": 24, ""sharpe_rank_min"": 0.75, ""short_allocation_scale"": 8.0, ""spread_hedge_ratio"": 1.0, ""stop_loss_pct"": 0.004, ""take_profit_pct"": 0.045, ""target_allocation"": 0.008, ""threshold"": 0.75, ""trailing_stop_cap_pct"": 0.012, ""trailing_stop_floor_pct"": 0.004, ""trailing_stop_rv_multiple"": 0.8}",fresh_calendar_teacher_fade_both_lb336_fast72_z075_ret30_h72_fl2_xr125,100,0,0.012003241902189257,50,-17.176558835986445,-9.016549492059589,-0.012003241902189266,0.003868053951541339,"{""cooldown"": 900, ""signal_missing"": 525, ""teacher_state_rank_gap_too_small"": 89}",False,False,644,0,0.08333560884377111,322,-19.78169665910797,-9.986703960032878,-0.08333560884377111,0.004398696838698305,128,0,0.016367760630057016,64,-23.660967017593727,-12.930261758305337,-0.01627997430631023,0.004294240404994937
"train_positive,val_positive,oos_return_beats_incumbent,oos_mdd_beats_shadow,oos_sharpe_gt_1",calendar_teacher_state_fade,"{""adaptive_lookback_bars"": 72, ""allow_long"": true, ""allow_short"": true, ""broad_min_abs"": 0.006, ""calendar_long_months"": [], ""calendar_long_symbol"": """", ""calendar_short_months"": [], ""calendar_short_symbol"": """", ""calendar_veto_flow_abs"": 0.0, ""calendar_veto_funding_abs"": 0.0, ""calendar_veto_market_ret_abs"": 0.0, ""calendar_veto_resid_z"": 0.0, ""compression_lookback_bars"": 24, ""compression_quantile"": 0.0, ""cooldown_bars"": 30, ""entry_days_of_month"": [], ""entry_hours"": [], ""external_risk_max"": 0.0, ""family"": ""calendar_teacher_state_fade"", ""flow_lookback_bars"": 6, ""flow_persistence_bars"": 0, ""flow_persistence_threshold"": 0.0, ""flow_threshold"": 0.0, ""funding_abs_cap"": 0.00025, ""funding_rank_min"": 0.0001, ""hold_bars"": 120, ""long_allocation_scale"": 6.0, ""lookback_bars"": 168, ""max_order_value"": 175.0, ""max_rv"": 0.0, ""min_abs_return"": 0.006, ""name"": ""fresh_calendar_teacher_fade_both_lb168_fast72_z035_ret60_h120_fl0"", ""oi_rank_min"": 0.012, ""primary_symbol"": """", ""rv_lookback_bars"": 24, ""secondary_symbol"": """", ""sharpe_lookback_bars"": 24, ""sharpe_rank_min"": 0.5, ""short_allocation_scale"": 8.0, ""spread_hedge_ratio"": 1.0, ""stop_loss_pct"": 0.004, ""take_profit_pct"": 0.045, ""target_allocation"": 0.008, ""threshold"": 0.35, ""trailing_stop_cap_pct"": 0.012, ""trailing_stop_floor_pct"": 0.004, ""trailing_stop_rv_multiple"": 0.8}",fresh_calendar_teacher_fade_both_lb168_fast72_z035_ret60_h120_fl0,94,0,0.012033621839496318,47,-19.58092789588968,-8.909323142772068,-0.0120336218394963,0.0034018177443742056,"{""cooldown"": 1404, ""signal_missing"": 94}",False,False,494,0,0.06775533514316612,247,-17.738743574604314,-7.677180358023506,-0.06775533514316612,0.003955178067874427,84,0,0.010281570589385608,42,-19.045150782425868,-8.427541790552612,-0.010281570589385614,0.0033591166681208808
"train_positive,val_positive,oos_return_beats_incumbent,oos_mdd_beats_shadow,oos_sharpe_gt_1",calendar_teacher_state_fade,"{""adaptive_lookback_bars"": 24, ""allow_long"": true, ""allow_short"": true, ""broad_min_abs"": 0.006, ""calendar_long_months"": [], ""calendar_long_symbol"": """", ""calendar_short_months"": [], ""calendar_short_symbol"": """", ""calendar_veto_flow_abs"": 0.0, ""calendar_veto_funding_abs"": 0.0, ""calendar_veto_market_ret_abs"": 0.0, ""calendar_veto_resid_z"": 0.0, ""compression_lookback_bars"": 24, ""compression_quantile"": 0.0, ""cooldown_bars"": 30, ""entry_days_of_month"": [], ""entry_hours"": [], ""external_risk_max"": 0.0, ""family"": ""calendar_teacher_state_fade"", ""flow_lookback_bars"": 6, ""flow_persistence_bars"": 0, ""flow_persistence_threshold"": 0.0, ""flow_threshold"": 0.02, ""funding_abs_cap"": 0.00025, ""funding_rank_min"": 0.0001, ""hold_bars"": 120, ""long_allocation_scale"": 6.0, ""lookback_bars"": 72, ""max_order_value"": 175.0, ""max_rv"": 0.0, ""min_abs_return"": 0.009, ""name"": ""fresh_calendar_teacher_fade_both_lb72_fast24_z050_ret90_h120_fl2"", ""oi_rank_min"": 0.012, ""primary_symbol"": """", ""rv_lookback_bars"": 24, ""secondary_symbol"": """", ""sharpe_lookback_bars"": 12, ""sharpe_rank_min"": 0.5, ""short_allocation_scale"": 8.0, ""spread_hedge_ratio"": 1.0, ""stop_loss_pct"": 0.004, ""take_profit_pct"": 0.045, ""target_allocation"": 0.008, ""threshold"": 0.5, ""trailing_stop_cap_pct"": 0.012, ""trailing_stop_floor_pct"": 0.004, ""trailing_stop_rv_multiple"": 0.8}",fresh_calendar_teacher_fade_both_lb72_fast24_z050_ret90_h120_fl2,92,0,0.012075795443885363,46,-18.797520312657344,-8.675833460985544,-0.012075795443885373,0.003556059578532533,"{""cooldown"": 1361, ""signal_missing"": 152, ""teacher_state_rank_gap_too_small"": 5}",False,False,522,0,0.07163584095612932,261,-17.854911033852243,-7.599956921746816,-0.07163584095612929,0.004163040347203441,82,0,0.01086704019716682,41,-18.154619711891627,-8.387786703788521,-0.010867040197166777,0.0037255987091280945
"train_positive,val_positive,oos_return_beats_incumbent,oos_mdd_beats_shadow,oos_sharpe_gt_1",calendar_teacher_state_fade,"{""adaptive_lookback_bars"": 72, ""allow_long"": true, ""allow_short"": true, ""broad_min_abs"": 0.006, ""calendar_long_months"": [], ""calendar_long_symbol"": """", ""calendar_short_months"": [], ""calendar_short_symbol"": """", ""calendar_veto_flow_abs"": 0.0, ""calendar_veto_funding_abs"": 0.0, ""calendar_veto_market_ret_abs"": 0.0, ""calendar_veto_resid_z"": 0.0, ""compression_lookback_bars"": 24, ""compression_quantile"": 0.0, ""cooldown_bars"": 30, ""entry_days_of_month"": [], ""entry_hours"": [], ""external_risk_max"": 1.25, ""family"": ""calendar_teacher_state_fade"", ""flow_lookback_bars"": 6, ""flow_persistence_bars"": 0, ""flow_persistence_threshold"": 0.0, ""flow_threshold"": 0.02, ""funding_abs_cap"": 0.00025, ""funding_rank_min"": 0.0001, ""hold_bars"": 120, ""long_allocation_scale"": 6.0, ""lookback_bars"": 168, ""max_order_value"": 175.0, ""max_rv"": 0.0, ""min_abs_return"": 0.003, ""name"": ""fresh_calendar_teacher_fade_both_lb168_fast72_z050_ret30_h120_fl2_xr125"", ""oi_rank_min"": 0.012, ""primary_symbol"": """", ""rv_lookback_bars"": 24, ""secondary_symbol"": """", ""sharpe_lookback_bars"": 24, ""sharpe_rank_min"": 0.5, ""short_allocation_scale"": 8.0, ""spread_hedge_ratio"": 1.0, ""stop_loss_pct"": 0.004, ""take_profit_pct"": 0.045, ""target_allocation"": 0.008, ""threshold"": 0.5, ""trailing_stop_cap_pct"": 0.012, ""trailing_stop_floor_pct"": 0.004, ""trailing_stop_rv_multiple"": 0.8}",fresh_calendar_teacher_fade_both_lb168_fast72_z050_ret30_h120_fl2_xr125,92,0,0.012090683526723841,46,-18.698151734301053,-8.766832859329188,-0.012090683526723822,0.0035793881283184494,"{""cooldown"": 1374, ""signal_missing"": 121}",False,False,482,0,0.06385265228680127,241,-17.58247571642838,-7.550448453924241,-0.06385265228680126,0.003752749937531745,78,0,0.00885271396079867,39,-16.22562402700315,-7.7907443370009455,-0.008852713960798675,0.003392387270138548
"train_positive,val_positive,oos_return_beats_incumbent,oos_mdd_beats_shadow,oos_sharpe_gt_1",calendar_teacher_state_fade,"{""adaptive_lookback_bars"": 72, ""allow_long"": true, ""allow_short"": true, ""broad_min_abs"": 0.006, ""calendar_long_months"": [], ""calendar_long_symbol"": """", ""calendar_short_months"": [], ""calendar_short_symbol"": """", ""calendar_veto_flow_abs"": 0.0, ""calendar_veto_funding_abs"": 0.0, ""calendar_veto_market_ret_abs"": 0.0, ""calendar_veto_resid_z"": 0.0, ""compression_lookback_bars"": 24, ""compression_quantile"": 0.0, ""cooldown_bars"": 30, ""entry_days_of_month"": [], ""entry_hours"": [], ""external_risk_max"": 1.25, ""family"": ""calendar_teacher_state_fade"", ""flow_lookback_bars"": 6, ""flow_persistence_bars"": 0, ""flow_persistence_threshold"": 0.0, ""flow_threshold"": 0.02, ""funding_abs_cap"": 0.00025, ""funding_rank_min"": 0.0001, ""hold_bars"": 120, ""long_allocation_scale"": 6.0, ""lookback_bars"": 168, ""max_order_value"": 175.0, ""max_rv"": 0.0, ""min_abs_return"": 0.006, ""name"": ""fresh_calendar_teacher_fade_both_lb168_fast72_z050_ret60_h120_fl2_xr125"", ""oi_rank_min"": 0.012, ""primary_symbol"": """", ""rv_lookback_bars"": 24, ""secondary_symbol"": """", ""sharpe_lookback_bars"": 24, ""sharpe_rank_min"": 0.5, ""short_allocation_scale"": 8.0, ""spread_hedge_ratio"": 1.0, ""stop_loss_pct"": 0.004, ""take_profit_pct"": 0.045, ""target_allocation"": 0.008, ""threshold"": 0.5, ""trailing_stop_cap_pct"": 0.012, ""trailing_stop_floor_pct"": 0.004, ""trailing_stop_rv_multiple"": 0.8}",fresh_calendar_teacher_fade_both_lb168_fast72_z050_ret60_h120_fl2_xr125,92,0,0.012099130766074787,46,-18.706873248308977,-8.747287109582995,-0.012099130766074828,0.0035802342898673283,"{""cooldown"": 1374, ""signal_missing"": 118}",False,False,482,0,0.06277330222254059,241,-16.889899953508234,-7.388769389604991,-0.06277330222254063,0.003838381563199018,80,0,0.010425911793056677,40,-18.727489175472435,-8.269120459816584,-0.01042591179305663,0.0034642901547808688
"train_positive,val_positive,oos_return_beats_incumbent,oos_mdd_beats_shadow,oos_sharpe_gt_1",calendar_teacher_state_fade,"{""adaptive_lookback_bars"": 72, ""allow_long"": true, ""allow_short"": true, ""broad_min_abs"": 0.006, ""calendar_long_months"": [], ""calendar_long_symbol"": """", ""calendar_short_months"": [], ""calendar_short_symbol"": """", ""calendar_veto_flow_abs"": 0.0, ""calendar_veto_funding_abs"": 0.0, ""calendar_veto_market_ret_abs"": 0.0, ""calendar_veto_resid_z"": 0.0, ""compression_lookback_bars"": 24, ""compression_quantile"": 0.0, ""cooldown_bars"": 30, ""entry_days_of_month"": [], ""entry_hours"": [], ""external_risk_max"": 0.0, ""family"": ""calendar_teacher_state_fade"", ""flow_lookback_bars"": 6, ""flow_persistence_bars"": 0, ""flow_persistence_threshold"": 0.0, ""flow_threshold"": 0.02, ""funding_abs_cap"": 0.00025, ""funding_rank_min"": 0.0001, ""hold_bars"": 120, ""long_allocation_scale"": 6.0, ""lookback_bars"": 168, ""max_order_value"": 175.0, ""max_rv"": 0.0, ""min_abs_return"": 0.003, ""name"": ""fresh_calendar_teacher_fade_both_lb168_fast72_z035_ret30_h120_fl2"", ""oi_rank_min"": 0.012, ""primary_symbol"": """", ""rv_lookback_bars"": 24, ""secondary_symbol"": """", ""sharpe_lookback_bars"": 24, ""sharpe_rank_min"": 0.5, ""short_allocation_scale"": 8.0, ""spread_hedge_ratio"": 1.0, ""stop_loss_pct"": 0.004, ""take_profit_pct"": 0.045, ""target_allocation"": 0.008, ""threshold"": 0.35, ""trailing_stop_cap_pct"": 0.012, ""trailing_stop_floor_pct"": 0.004, ""trailing_stop_rv_multiple"": 0.8}",fresh_calendar_teacher_fade_both_lb168_fast72_z035_ret30_h120_fl2,94,0,0.012144365282427981,47,-17.741345966867804,-8.061323105613502,-0.012144365282428016,0.003789237583088507,"{""cooldown"": 1404, ""signal_missing"": 95}",False,False,492,0,0.06662543472839043,246,-18.181632400189933,-7.807944456569508,-0.06662543472839044,0.0037922395065295485,84,0,0.010680764608835321,42,-17.12124543069077,-8.37357846314566,-0.010452914243686773,0.0037990910679880797
"train_positive,val_positive,oos_return_beats_incumbent,oos_mdd_beats_shadow,oos_sharpe_gt_1",calendar_teacher_state_fade,"{""adaptive_lookback_bars"": 24, ""allow_long"": true, ""allow_short"": true, ""broad_min_abs"": 0.006, ""calendar_long_months"": [], ""calendar_long_symbol"": """", ""calendar_short_months"": [], ""calendar_short_symbol"": """", ""calendar_veto_flow_abs"": 0.0, ""calendar_veto_funding_abs"": 0.0, ""calendar_veto_market_ret_abs"": 0.0, ""calendar_veto_resid_z"": 0.0, ""compression_lookback_bars"": 24, ""compression_quantile"": 0.0, ""cooldown_bars"": 30, ""entry_days_of_month"": [], ""entry_hours"": [], ""external_risk_max"": 0.0, ""family"": ""calendar_teacher_state_fade"", ""flow_lookback_bars"": 6, ""flow_persistence_bars"": 0, ""flow_persistence_threshold"": 0.0, ""flow_threshold"": 0.0, ""funding_abs_cap"": 0.00025, ""funding_rank_min"": 0.0001, ""hold_bars"": 120, ""long_allocation_scale"": 6.0, ""lookback_bars"": 72, ""max_order_value"": 175.0, ""max_rv"": 0.0, ""min_abs_return"": 0.006, ""name"": ""fresh_calendar_teacher_fade_both_lb72_fast24_z050_ret60_h120_fl0"", ""oi_rank_min"": 0.012, ""primary_symbol"": """", ""rv_lookback_bars"": 24, ""secondary_symbol"": """", ""sharpe_lookback_bars"": 12, ""sharpe_rank_min"": 0.5, ""short_allocation_scale"": 8.0, ""spread_hedge_ratio"": 1.0, ""stop_loss_pct"": 0.004, ""take_profit_pct"": 0.045, ""target_allocation"": 0.008, ""threshold"": 0.5, ""trailing_stop_cap_pct"": 0.012, ""trailing_stop_floor_pct"": 0.004, ""trailing_stop_rv_multiple"": 0.8}",fresh_calendar_teacher_fade_both_lb72_fast24_z050_ret60_h120_fl0,94,0,0.012171563494027033,47,-20.08178421674337,-10.473195913010754,-0.012171563494027038,0.003355240910545215,"{""cooldown"": 1391, ""signal_missing"": 120, ""teacher_state_rank_gap_too_small"": 8}",False,False,524,0,0.07539226496175998,262,-18.207327394022094,-7.811107060218714,-0.07539226496175999,0.004305136626706866,84,0,0.011678634057021003,42,-18.65862307408139,-8.862035549767548,-0.011671019652626291,0.003894722461523814
"train_positive,val_positive,oos_return_beats_incumbent,oos_mdd_beats_shadow,oos_sharpe_gt_1",calendar_teacher_state_fade,"{""adaptive_lookback_bars"": 24, ""allow_long"": true, ""allow_short"": true, ""broad_min_abs"": 0.006, ""calendar_long_months"": [], ""calendar_long_symbol"": """", ""calendar_short_months"": [], ""calendar_short_symbol"": """", ""calendar_veto_flow_abs"": 0.0, ""calendar_veto_funding_abs"": 0.0, ""calendar_veto_market_ret_abs"": 0.0, ""calendar_veto_resid_z"": 0.0, ""compression_lookback_bars"": 24, ""compression_quantile"": 0.0, ""cooldown_bars"": 30, ""entry_days_of_month"": [], ""entry_hours"": [], ""external_risk_max"": 0.0, ""family"": ""calendar_teacher_state_fade"", ""flow_lookback_bars"": 6, ""flow_persistence_bars"": 0, ""flow_persistence_threshold"": 0.0, ""flow_threshold"": 0.0, ""funding_abs_cap"": 0.00025, ""funding_rank_min"": 0.0001, ""hold_bars"": 120, ""long_allocation_scale"": 6.0, ""lookback_bars"": 72, ""max_order_value"": 175.0, ""max_rv"": 0.0, ""min_abs_return"": 0.009, ""name"": ""fresh_calendar_teacher_fade_both_lb72_fast24_z050_ret90_h120_fl0"", ""oi_rank_min"": 0.012, ""primary_symbol"": """", ""rv_lookback_bars"": 24, ""secondary_symbol"": """", ""sharpe_lookback_bars"": 12, ""sharpe_rank_min"": 0.5, ""short_allocation_scale"": 8.0, ""spread_hedge_ratio"": 1.0, ""stop_loss_pct"": 0.004, ""take_profit_pct"": 0.045, ""target_allocation"": 0.008, ""threshold"": 0.5, ""trailing_stop_cap_pct"": 0.012, ""trailing_stop_floor_pct"": 0.004, ""trailing_stop_rv_multiple"": 0.8}",fresh_calendar_teacher_fade_both_lb72_fast24_z050_ret90_h120_fl0,92,0,0.012269748935372445,46,-19.66613777802485,-10.004344004132824,-0.012269748935372471,0.0034539488789863525,"{""cooldown"": 1361, ""signal_missing"": 156, ""teacher_state_rank_gap_too_small"": 5}",False,False,522,0,0.07312649319253542,261,-17.78026528674943,-7.607935346308605,-0.07312649319253539,0.00427088096233069,84,0,0.01169047051034559,42,-18.512372136374164,-8.674532682031233,-0.011690470510345552,0.0039320650294208314
"train_positive,val_positive,oos_return_beats_incumbent,oos_mdd_beats_shadow,oos_sharpe_gt_1",calendar_teacher_state_fade,"{""adaptive_lookback_bars"": 24, ""allow_long"": true, ""allow_short"": true, ""broad_min_abs"": 0.006, ""calendar_long_months"": [], ""calendar_long_symbol"": """", ""calendar_short_months"": [], ""calendar_short_symbol"": """", ""calendar_veto_flow_abs"": 0.0, ""calendar_veto_funding_abs"": 0.0, ""calendar_veto_market_ret_abs"": 0.0, ""calendar_veto_resid_z"": 0.0, ""compression_lookback_bars"": 24, ""compression_quantile"": 0.0, ""cooldown_bars"": 30, ""entry_days_of_month"": [], ""entry_hours"": [], ""external_risk_max"": 0.0, ""family"": ""calendar_teacher_state_fade"", ""flow_lookback_bars"": 6, ""flow_persistence_bars"": 0, ""flow_persistence_threshold"": 0.0, ""flow_threshold"": 0.02, ""funding_abs_cap"": 0.00025, ""funding_rank_min"": 0.0001, ""hold_bars"": 120, ""long_allocation_scale"": 6.0, ""lookback_bars"": 72, ""max_order_value"": 175.0, ""max_rv"": 0.0, ""min_abs_return"": 0.006, ""name"": ""fresh_calendar_teacher_fade_both_lb72_fast24_z050_ret60_h120_fl2"", ""oi_rank_min"": 0.012, ""primary_symbol"": """", ""rv_lookback_bars"": 24, ""secondary_symbol"": """", ""sharpe_lookback_bars"": 12, ""sharpe_rank_min"": 0.5, ""short_allocation_scale"": 8.0, ""spread_hedge_ratio"": 1.0, ""stop_loss_pct"": 0.004, ""take_profit_pct"": 0.045, ""target_allocation"": 0.008, ""threshold"": 0.5, ""trailing_stop_cap_pct"": 0.012, ""trailing_stop_floor_pct"": 0.004, ""trailing_stop_rv_multiple"": 0.8}",fresh_calendar_teacher_fade_both_lb72_fast24_z050_ret60_h120_fl2,94,0,0.012279301007805407,47,-19.26442960505303,-9.445527444882023,-0.012279301007805388,0.003528720449290375,"{""cooldown"": 1391, ""signal_missing"": 121, ""teacher_state_rank_gap_too_small"": 8}",False,False,524,0,0.07095511102392665,262,-17.81509413852126,-7.6670824005407034,-0.07095511102392671,0.004131203593145963,82,0,0.011180096051723579,41,-18.34781992444213,-8.536693992582002,-0.01117247780640207,0.003790561802146313
"train_positive,val_positive,oos_return_beats_incumbent,oos_mdd_beats_shadow,oos_sharpe_gt_1",calendar_teacher_state_fade,"{""adaptive_lookback_bars"": 24, ""allow_long"": true, ""allow_short"": true, ""broad_min_abs"": 0.006, ""calendar_long_months"": [], ""calendar_long_symbol"": """", ""calendar_short_months"": [], ""calendar_short_symbol"": """", ""calendar_veto_flow_abs"": 0.0, ""calendar_veto_funding_abs"": 0.0, ""calendar_veto_market_ret_abs"": 0.0, ""calendar_veto_resid_z"": 0.0, ""compression_lookback_bars"": 24, ""compression_quantile"": 0.0, ""cooldown_bars"": 30, ""entry_days_of_month"": [], ""entry_hours"": [], ""external_risk_max"": 0.0, ""family"": ""calendar_teacher_state_fade"", ""flow_lookback_bars"": 6, ""flow_persistence_bars"": 0, ""flow_persistence_threshold"": 0.0, ""flow_threshold"": 0.02, ""funding_abs_cap"": 0.00025, ""funding_rank_min"": 0.0001, ""hold_bars"": 120, ""long_allocation_scale"": 6.0, ""lookback_bars"": 72, ""max_order_value"": 175.0, ""max_rv"": 0.0, ""min_abs_return"": 0.006, ""name"": ""fresh_calendar_teacher_fade_both_lb72_fast24_z035_ret60_h120_fl2"", ""oi_rank_min"": 0.012, ""primary_symbol"": """", ""rv_lookback_bars"": 24, ""secondary_symbol"": """", ""sharpe_lookback_bars"": 12, ""sharpe_rank_min"": 0.5, ""short_allocation_scale"": 8.0, ""spread_hedge_ratio"": 1.0, ""stop_loss_pct"": 0.004, ""take_profit_pct"": 0.045, ""target_allocation"": 0.008, ""threshold"": 0.35, ""trailing_stop_cap_pct"": 0.012, ""trailing_stop_floor_pct"": 0.004, ""trailing_stop_rv_multiple"": 0.8}",fresh_calendar_teacher_fade_both_lb72_fast24_z035_ret60_h120_fl2,96,0,0.012297791371748462,48,-20.320295191727908,-10.499057759462076,-0.012297791371748468,0.0033504635355705516,"{""cooldown"": 1421, ""signal_missing"": 87, ""teacher_state_rank_gap_too_small"": 4}",False,False,528,0,0.07094827129542701,264,-18.012889493974058,-7.833533304571225,-0.07094827129542702,0.004085441488524419,86,0,0.011050283894270386,43,-19.028439143044167,-8.728226234967147,-0.011042664648826528,0.003612305500897247
"train_positive,val_positive,oos_return_beats_incumbent,oos_mdd_beats_shadow,oos_sharpe_gt_1",calendar_teacher_state_fade,"{""adaptive_lookback_bars"": 72, ""allow_long"": true, ""allow_short"": true, ""broad_min_abs"": 0.006, ""calendar_long_months"": [], ""calendar_long_symbol"": """", ""calendar_short_months"": [], ""calendar_short_symbol"": """", ""calendar_veto_flow_abs"": 0.0, ""calendar_veto_funding_abs"": 0.0, ""calendar_veto_market_ret_abs"": 0.0, ""calendar_veto_resid_z"": 0.0, ""compression_lookback_bars"": 24, ""compression_quantile"": 0.0, ""cooldown_bars"": 30, ""entry_days_of_month"": [], ""entry_hours"": [], ""external_risk_max"": 0.0, ""family"": ""calendar_teacher_state_fade"", ""flow_lookback_bars"": 6, ""flow_persistence_bars"": 0, ""flow_persistence_threshold"": 0.0, ""flow_threshold"": 0.02, ""funding_abs_cap"": 0.00025, ""funding_rank_min"": 0.0001, ""hold_bars"": 120, ""long_allocation_scale"": 6.0, ""lookback_bars"": 168, ""max_order_value"": 175.0, ""max_rv"": 0.0, ""min_abs_return"": 0.006, ""name"": ""fresh_calendar_teacher_fade_both_lb168_fast72_z035_ret60_h120_fl2"", ""oi_rank_min"": 0.012, ""primary_symbol"": """", ""rv_lookback_bars"": 24, ""secondary_symbol"": """", ""sharpe_lookback_bars"": 24, ""sharpe_rank_min"": 0.5, ""short_allocation_scale"": 8.0, ""spread_hedge_ratio"": 1.0, ""stop_loss_pct"": 0.004, ""take_profit_pct"": 0.045, ""target_allocation"": 0.008, ""threshold"": 0.35, ""trailing_stop_cap_pct"": 0.012, ""trailing_stop_floor_pct"": 0.004, ""trailing_stop_rv_multiple"": 0.8}",fresh_calendar_teacher_fade_both_lb168_fast72_z035_ret60_h120_fl2,94,0,0.012445361760743316,47,-18.138447848121796,-8.224526699074499,-0.01244536176074329,0.0037987252309742035,"{""cooldown"": 1404, ""signal_missing"": 93}",False,False,490,0,0.06496512096386578,245,-17.17109664877716,-7.593835145097142,-0.06496512096386575,0.003911876300733922,84,0,0.009932729113676996,42,-17.698380167315403,-8.347856693036357,-0.00970470650825428,0.00341090130973789
"train_positive,val_positive,oos_return_beats_incumbent,oos_mdd_beats_shadow,oos_sharpe_gt_1",calendar_teacher_state_fade,"{""adaptive_lookback_bars"": 72, ""allow_long"": true, ""allow_short"": true, ""broad_min_abs"": 0.006, ""calendar_long_months"": [], ""calendar_long_symbol"": """", ""calendar_short_months"": [], ""calendar_short_symbol"": """", ""calendar_veto_flow_abs"": 0.0, ""calendar_veto_funding_abs"": 0.0, ""calendar_veto_market_ret_abs"": 0.0, ""calendar_veto_resid_z"": 0.0, ""compression_lookback_bars"": 24, ""compression_quantile"": 0.0, ""cooldown_bars"": 18, ""entry_days_of_month"": [], ""entry_hours"": [], ""external_risk_max"": 0.0, ""family"": ""calendar_teacher_state_fade"", ""flow_lookback_bars"": 6, ""flow_persistence_bars"": 0, ""flow_persistence_threshold"": 0.0, ""flow_threshold"": 0.02, ""funding_abs_cap"": 0.00025, ""funding_rank_min"": 0.0001, ""hold_bars"": 72, ""long_allocation_scale"": 6.0, ""lookback_bars"": 336, ""max_order_value"": 175.0, ""max_rv"": 0.0, ""min_abs_return"": 0.003, ""name"": ""fresh_calendar_teacher_fade_both_lb336_fast72_z075_ret30_h72_fl2"", ""oi_rank_min"": 0.012, ""primary_symbol"": """", ""rv_lookback_bars"": 24, ""secondary_symbol"": """", ""sharpe_lookback_bars"": 24, ""sharpe_rank_min"": 0.75, ""short_allocation_scale"": 8.0, ""spread_hedge_ratio"": 1.0, ""stop_loss_pct"": 0.004, ""take_profit_pct"": 0.045, ""target_allocation"": 0.008, ""threshold"": 0.75, ""trailing_stop_cap_pct"": 0.012, ""trailing_stop_floor_pct"": 0.004, ""trailing_stop_rv_multiple"": 0.8}",fresh_calendar_teacher_fade_both_lb336_fast72_z075_ret30_h72_fl2,104,0,0.01248547858441143,52,-16.4175686692403,-7.719407241580805,-0.012485478584411402,0.004210420013806605,"{""cooldown"": 936, ""signal_missing"": 499, ""teacher_state_rank_gap_too_small"": 84}",False,False,646,0,0.08360506957138059,323,-19.9099051197378,-10.12505922393742,-0.08360506957138059,0.004385142838351225,128,0,0.0160786526346173,64,-23.348679333576722,-12.875326710189322,-0.015961866521165158,0.004265954814578136
"train_positive,val_positive,oos_return_beats_incumbent,oos_mdd_beats_shadow,oos_sharpe_gt_1",calendar_teacher_state_fade,"{""adaptive_lookback_bars"": 72, ""allow_long"": true, ""allow_short"": true, ""broad_min_abs"": 0.006, ""calendar_long_months"": [], ""calendar_long_symbol"": """", ""calendar_short_months"": [], ""calendar_short_symbol"": """", ""calendar_veto_flow_abs"": 0.0, ""calendar_veto_funding_abs"": 0.0, ""calendar_veto_market_ret_abs"": 0.0, ""calendar_veto_resid_z"": 0.0, ""compression_lookback_bars"": 24, ""compression_quantile"": 0.0, ""cooldown_bars"": 30, ""entry_days_of_month"": [], ""entry_hours"": [], ""external_risk_max"": 0.0, ""family"": ""calendar_teacher_state_fade"", ""flow_lookback_bars"": 6, ""flow_persistence_bars"": 0, ""flow_persistence_threshold"": 0.0, ""flow_threshold"": 0.02, ""funding_abs_cap"": 0.00025, ""funding_rank_min"": 0.0001, ""hold_bars"": 120, ""long_allocation_scale"": 6.0, ""lookback_bars"": 168, ""max_order_value"": 175.0, ""max_rv"": 0.0, ""min_abs_return"": 0.003, ""name"": ""fresh_calendar_teacher_fade_both_lb168_fast72_z050_ret30_h120_fl2"", ""oi_rank_min"": 0.012, ""primary_symbol"": """", ""rv_lookback_bars"": 24, ""secondary_symbol"": """", ""sharpe_lookback_bars"": 24, ""sharpe_rank_min"": 0.5, ""short_allocation_scale"": 8.0, ""spread_hedge_ratio"": 1.0, ""stop_loss_pct"": 0.004, ""take_profit_pct"": 0.045, ""target_allocation"": 0.008, ""threshold"": 0.5, ""trailing_stop_cap_pct"": 0.012, ""trailing_stop_floor_pct"": 0.004, ""trailing_stop_rv_multiple"": 0.8}",fresh_calendar_teacher_fade_both_lb168_fast72_z050_ret30_h120_fl2,92,0,0.012514728274794693,46,-18.69294356081385,-8.600402235555315,-0.012514728274794717,0.003706737526095773,"{""cooldown"": 1374, ""signal_missing"": 129}",False,False,482,0,0.06364616217857984,241,-17.520325151824522,-7.502883146336505,-0.06364616217857988,0.0037534724833309645,80,0,0.008822628596969357,40,-15.59925148094318,-8.050663395387256,-0.008669765992403877,0.0034553443120294153
"train_positive,val_positive,oos_return_beats_incumbent,oos_mdd_beats_shadow,oos_sharpe_gt_1",calendar_teacher_state_fade,"{""adaptive_lookback_bars"": 72, ""allow_long"": true, ""allow_short"": true, ""broad_min_abs"": 0.006, ""calendar_long_months"": [], ""calendar_long_symbol"": """", ""calendar_short_months"": [], ""calendar_short_symbol"": """", ""calendar_veto_flow_abs"": 0.0, ""calendar_veto_funding_abs"": 0.0, ""calendar_veto_market_ret_abs"": 0.0, ""calendar_veto_resid_z"": 0.0, ""compression_lookback_bars"": 24, ""compression_quantile"": 0.0, ""cooldown_bars"": 30, ""entry_days_of_month"": [], ""entry_hours"": [], ""external_risk_max"": 0.0, ""family"": ""calendar_teacher_state_fade"", ""flow_lookback_bars"": 6, ""flow_persistence_bars"": 0, ""flow_persistence_threshold"": 0.0, ""flow_threshold"": 0.02, ""funding_abs_cap"": 0.00025, ""funding_rank_min"": 0.0001, ""hold_bars"": 120, ""long_allocation_scale"": 6.0, ""lookback_bars"": 168, ""max_order_value"": 175.0, ""max_rv"": 0.0, ""min_abs_return"": 0.006, ""name"": ""fresh_calendar_teacher_fade_both_lb168_fast72_z050_ret60_h120_fl2"", ""oi_rank_min"": 0.012, ""primary_symbol"": """", ""rv_lookback_bars"": 24, ""secondary_symbol"": """", ""sharpe_lookback_bars"": 24, ""sharpe_rank_min"": 0.5, ""short_allocation_scale"": 8.0, ""spread_hedge_ratio"": 1.0, ""stop_loss_pct"": 0.004, ""take_profit_pct"": 0.045, ""target_allocation"": 0.008, ""threshold"": 0.5, ""trailing_stop_cap_pct"": 0.012, ""trailing_stop_floor_pct"": 0.004, ""trailing_stop_rv_multiple"": 0.8}",fresh_calendar_teacher_fade_both_lb168_fast72_z050_ret60_h120_fl2,92,0,0.012523175153584962,46,-18.701532803590446,-8.579969601120771,-0.01252317515358492,0.0037075517291461084,"{""cooldown"": 1374, ""signal_missing"": 126}",False,False,482,0,0.06256862775400532,241,-16.82972583699505,-7.342144944315305,-0.06256862775400529,0.003839129392635364,82,0,0.010429897698528576,41,-18.192109745255163,-8.540827197567083,-0.010277282982319558,0.003515124373876968
"train_positive,val_positive,oos_return_beats_incumbent,oos_mdd_beats_shadow,oos_sharpe_gt_1",calendar_teacher_state_fade,"{""adaptive_lookback_bars"": 72, ""allow_long"": true, ""allow_short"": true, ""broad_min_abs"": 0.006, ""calendar_long_months"": [], ""calendar_long_symbol"": """", ""calendar_short_months"": [], ""calendar_short_symbol"": """", ""calendar_veto_flow_abs"": 0.0, ""calendar_veto_funding_abs"": 0.0, ""calendar_veto_market_ret_abs"": 0.0, ""calendar_veto_resid_z"": 0.0, ""compression_lookback_bars"": 24, ""compression_quantile"": 0.0, ""cooldown_bars"": 18, ""entry_days_of_month"": [], ""entry_hours"": [], ""external_risk_max"": 1.25, ""family"": ""calendar_teacher_state_fade"", ""flow_lookback_bars"": 6, ""flow_persistence_bars"": 0, ""flow_persistence_threshold"": 0.0, ""flow_threshold"": 0.0, ""funding_abs_cap"": 0.00025, ""funding_rank_min"": 0.0001, ""hold_bars"": 72, ""long_allocation_scale"": 6.0, ""lookback_bars"": 336, ""max_order_value"": 175.0, ""max_rv"": 0.0, ""min_abs_return"": 0.009, ""name"": ""fresh_calendar_teacher_fade_both_lb336_fast72_z075_ret90_h72_fl0_xr125"", ""oi_rank_min"": 0.012, ""primary_symbol"": """", ""rv_lookback_bars"": 24, ""secondary_symbol"": """", ""sharpe_lookback_bars"": 24, ""sharpe_rank_min"": 0.75, ""short_allocation_scale"": 8.0, ""spread_hedge_ratio"": 1.0, ""stop_loss_pct"": 0.004, ""take_profit_pct"": 0.045, ""target_allocation"": 0.008, ""threshold"": 0.75, ""trailing_stop_cap_pct"": 0.012, ""trailing_stop_floor_pct"": 0.004, ""trailing_stop_rv_multiple"": 0.8}",fresh_calendar_teacher_fade_both_lb336_fast72_z075_ret90_h72_fl0_xr125,106,0,0.012699950755465943,53,-21.018617939027692,-11.104294145907858,-0.012699950755465927,0.0033457624132201286,"{""cooldown"": 937, ""signal_missing"": 496, ""teacher_state_rank_gap_too_small"": 87}",False,False,656,0,0.08622971552722683,328,-20.58196929281299,-10.625746499024656,-0.0862297155272268,0.0043813252405027845,130,0,0.017116513242808728,65,-23.65109108763185,-14.349533192463737,-0.017028793743060433,0.004495321434588549
"train_positive,val_positive,oos_return_beats_incumbent,oos_mdd_beats_shadow,oos_sharpe_gt_1",calendar_teacher_state_fade,"{""adaptive_lookback_bars"": 72, ""allow_long"": true, ""allow_short"": true, ""broad_min_abs"": 0.006, ""calendar_long_months"": [], ""calendar_long_symbol"": """", ""calendar_short_months"": [], ""calendar_short_symbol"": """", ""calendar_veto_flow_abs"": 0.0, ""calendar_veto_funding_abs"": 0.0, ""calendar_veto_market_ret_abs"": 0.0, ""calendar_veto_resid_z"": 0.0, ""compression_lookback_bars"": 24, ""compression_quantile"": 0.0, ""cooldown_bars"": 18, ""entry_days_of_month"": [], ""entry_hours"": [], ""external_risk_max"": 1.25, ""family"": ""calendar_teacher_state_fade"", ""flow_lookback_bars"": 6, ""flow_persistence_bars"": 0, ""flow_persistence_threshold"": 0.0, ""flow_threshold"": 0.0, ""funding_abs_cap"": 0.00025, ""funding_rank_min"": 0.0001, ""hold_bars"": 72, ""long_allocation_scale"": 6.0, ""lookback_bars"": 336, ""max_order_value"": 175.0, ""max_rv"": 0.0, ""min_abs_return"": 0.003, ""name"": ""fresh_calendar_teacher_fade_both_lb336_fast72_z075_ret30_h72_fl0_xr125"", ""oi_rank_min"": 0.012, ""primary_symbol"": """", ""rv_lookback_bars"": 24, ""secondary_symbol"": """", ""sharpe_lookback_bars"": 24, ""sharpe_rank_min"": 0.75, ""short_allocation_scale"": 8.0, ""spread_hedge_ratio"": 1.0, ""stop_loss_pct"": 0.004, ""take_profit_pct"": 0.045, ""target_allocation"": 0.008, ""threshold"": 0.75, ""trailing_stop_cap_pct"": 0.012, ""trailing_stop_floor_pct"": 0.004, ""trailing_stop_rv_multiple"": 0.8}",fresh_calendar_teacher_fade_both_lb336_fast72_z075_ret30_h72_fl0_xr125,104,0,0.013000183211456351,52,-21.588085606663768,-11.381342564395622,-0.013000183211456351,0.0033350276337118425,"{""cooldown"": 936, ""signal_missing"": 497, ""teacher_state_rank_gap_too_small"": 87}",False,False,658,0,0.08718546557315039,329,-19.863247223470957,-10.087613871216606,-0.08718546557315043,0.0045924994102815135,130,0,0.016961587211069423,65,-22.822418533322175,-13.765428808680271,-0.01687385388462226,0.004615767439331966
"train_positive,val_positive,oos_return_beats_incumbent,oos_mdd_beats_shadow,oos_sharpe_gt_1",calendar_teacher_state_fade,"{""adaptive_lookback_bars"": 72, ""allow_long"": true, ""allow_short"": true, ""broad_min_abs"": 0.006, ""calendar_long_months"": [], ""calendar_long_symbol"": """", ""calendar_short_months"": [], ""calendar_short_symbol"": """", ""calendar_veto_flow_abs"": 0.0, ""calendar_veto_funding_abs"": 0.0, ""calendar_veto_market_ret_abs"": 0.0, ""calendar_veto_resid_z"": 0.0, ""compression_lookback_bars"": 24, ""compression_quantile"": 0.0, ""cooldown_bars"": 18, ""entry_days_of_month"": [], ""entry_hours"": [], ""external_risk_max"": 0.0, ""family"": ""calendar_teacher_state_fade"", ""flow_lookback_bars"": 6, ""flow_persistence_bars"": 0, ""flow_persistence_threshold"": 0.0, ""flow_threshold"": 0.02, ""funding_abs_cap"": 0.00025, ""funding_rank_min"": 0.0001, ""hold_bars"": 72, ""long_allocation_scale"": 6.0, ""lookback_bars"": 336, ""max_order_value"": 175.0, ""max_rv"": 0.0, ""min_abs_return"": 0.006, ""name"": ""fresh_calendar_teacher_fade_both_lb336_fast72_z075_ret60_h72_fl2"", ""oi_rank_min"": 0.012, ""primary_symbol"": """", ""rv_lookback_bars"": 24, ""secondary_symbol"": """", ""sharpe_lookback_bars"": 24, ""sharpe_rank_min"": 0.75, ""short_allocation_scale"": 8.0, ""spread_hedge_ratio"": 1.0, ""stop_loss_pct"": 0.004, ""take_profit_pct"": 0.045, ""target_allocation"": 0.008, ""threshold"": 0.75, ""trailing_stop_cap_pct"": 0.012, ""trailing_stop_floor_pct"": 0.004, ""trailing_stop_rv_multiple"": 0.8}",fresh_calendar_teacher_fade_both_lb336_fast72_z075_ret60_h72_fl2,108,0,0.013035949026020899,54,-16.946275831788316,-8.144047494898878,-0.013035949026020899,0.004260095103942393,"{""cooldown"": 955, ""signal_missing"": 477, ""teacher_state_rank_gap_too_small"": 84}",False,False,640,0,0.08145535060715448,320,-20.03087761550456,-10.38572483368102,-0.08145535060715448,0.004241704117321642,128,0,0.014956285057271566,64,-22.508803818603358,-12.958525557314093,-0.014839367092896238,0.004111602523584748
"train_positive,val_positive,oos_return_beats_incumbent,oos_mdd_beats_shadow,oos_sharpe_gt_1",calendar_teacher_state_fade,"{""adaptive_lookback_bars"": 72, ""allow_long"": true, ""allow_short"": true, ""broad_min_abs"": 0.006, ""calendar_long_months"": [], ""calendar_long_symbol"": """", ""calendar_short_months"": [], ""calendar_short_symbol"": """", ""calendar_veto_flow_abs"": 0.0, ""calendar_veto_funding_abs"": 0.0, ""calendar_veto_market_ret_abs"": 0.0, ""calendar_veto_resid_z"": 0.0, ""compression_lookback_bars"": 24, ""compression_quantile"": 0.0, ""cooldown_bars"": 18, ""entry_days_of_month"": [], ""entry_hours"": [], ""external_risk_max"": 1.25, ""family"": ""calendar_teacher_state_fade"", ""flow_lookback_bars"": 6, ""flow_persistence_bars"": 0, ""flow_persistence_threshold"": 0.0, ""flow_threshold"": 0.02, ""funding_abs_cap"": 0.00025, ""funding_rank_min"": 0.0001, ""hold_bars"": 72, ""long_allocation_scale"": 6.0, ""lookback_bars"": 336, ""max_order_value"": 175.0, ""max_rv"": 0.0, ""min_abs_return"": 0.009, ""name"": ""fresh_calendar_teacher_fade_both_lb336_fast72_z050_ret90_h72_fl2_xr125"", ""oi_rank_min"": 0.012, ""primary_symbol"": """", ""rv_lookback_bars"": 24, ""secondary_symbol"": """", ""sharpe_lookback_bars"": 24, ""sharpe_rank_min"": 0.5, ""short_allocation_scale"": 8.0, ""spread_hedge_ratio"": 1.0, ""stop_loss_pct"": 0.004, ""take_profit_pct"": 0.045, ""target_allocation"": 0.008, ""threshold"": 0.5, ""trailing_stop_cap_pct"": 0.012, ""trailing_stop_floor_pct"": 0.004, ""trailing_stop_rv_multiple"": 0.8}",fresh_calendar_teacher_fade_both_lb336_fast72_z050_ret90_h72_fl2_xr125,114,0,0.013053849332376558,57,-19.406415708823204,-10.576431661172688,-0.013053849332376521,0.0037252978529743164,"{""cooldown"": 1013, ""signal_missing"": 454, ""teacher_state_rank_gap_too_small"": 30}",False,False,684,0,0.08636373318607711,342,-21.035642468684017,-10.782694364438962,-0.08636373318607715,0.00429382518935404,130,0,0.015525803958344778,65,-22.02536021126646,-12.476924006153414,-0.015437942492407708,0.0043726293558681
"train_positive,val_positive,oos_return_beats_incumbent,oos_mdd_beats_shadow,oos_sharpe_gt_1",calendar_teacher_state_fade,"{""adaptive_lookback_bars"": 72, ""allow_long"": true, ""allow_short"": true, ""broad_min_abs"": 0.006, ""calendar_long_months"": [], ""calendar_long_symbol"": """", ""calendar_short_months"": [], ""calendar_short_symbol"": """", ""calendar_veto_flow_abs"": 0.0, ""calendar_veto_funding_abs"": 0.0, ""calendar_veto_market_ret_abs"": 0.0, ""calendar_veto_resid_z"": 0.0, ""compression_lookback_bars"": 24, ""compression_quantile"": 0.0, ""cooldown_bars"": 18, ""entry_days_of_month"": [], ""entry_hours"": [], ""external_risk_max"": 0.0, ""family"": ""calendar_teacher_state_fade"", ""flow_lookback_bars"": 6, ""flow_persistence_bars"": 0, ""flow_persistence_threshold"": 0.0, ""flow_threshold"": 0.0, ""funding_abs_cap"": 0.00025, ""funding_rank_min"": 0.0001, ""hold_bars"": 72, ""long_allocation_scale"": 6.0, ""lookback_bars"": 336, ""max_order_value"": 175.0, ""max_rv"": 0.0, ""min_abs_return"": 0.003, ""name"": ""fresh_calendar_teacher_fade_both_lb336_fast72_z075_ret30_h72_fl0"", ""oi_rank_min"": 0.012, ""primary_symbol"": """", ""rv_lookback_bars"": 24, ""secondary_symbol"": """", ""sharpe_lookback_bars"": 24, ""sharpe_rank_min"": 0.75, ""short_allocation_scale"": 8.0, ""spread_hedge_ratio"": 1.0, ""stop_loss_pct"": 0.004, ""take_profit_pct"": 0.045, ""target_allocation"": 0.008, ""threshold"": 0.75, ""trailing_stop_cap_pct"": 0.012, ""trailing_stop_floor_pct"": 0.004, ""trailing_stop_rv_multiple"": 0.8}",fresh_calendar_teacher_fade_both_lb336_fast72_z075_ret30_h72_fl0,106,0,0.013410315737874226,53,-19.918210454021867,-9.654232142411804,-0.013410315737874212,0.0037293716697564196,"{""cooldown"": 954, ""signal_missing"": 476, ""teacher_state_rank_gap_too_small"": 87}",False,False,660,0,0.08825662795351509,330,-20.007907332946306,-10.164462286588046,-0.08825662795351508,0.004617980038896755,130,0,0.016798500874621355,65,-22.6779912780741,-14.105496811865649,-0.016681767124459013,0.004591836833159156
"train_positive,val_positive,oos_return_beats_incumbent,oos_mdd_beats_shadow,oos_sharpe_gt_1",calendar_teacher_state_fade,"{""adaptive_lookback_bars"": 72, ""allow_long"": true, ""allow_short"": true, ""broad_min_abs"": 0.006, ""calendar_long_months"": [], ""calendar_long_symbol"": """", ""calendar_short_months"": [], ""calendar_short_symbol"": """", ""calendar_veto_flow_abs"": 0.0, ""calendar_veto_funding_abs"": 0.0, ""calendar_veto_market_ret_abs"": 0.0, ""calendar_veto_resid_z"": 0.0, ""compression_lookback_bars"": 24, ""compression_quantile"": 0.0, ""cooldown_bars"": 18, ""entry_days_of_month"": [], ""entry_hours"": [], ""external_risk_max"": 1.25, ""family"": ""calendar_teacher_state_fade"", ""flow_lookback_bars"": 6, ""flow_persistence_bars"": 0, ""flow_persistence_threshold"": 0.0, ""flow_threshold"": 0.0, ""funding_abs_cap"": 0.00025, ""funding_rank_min"": 0.0001, ""hold_bars"": 72, ""long_allocation_scale"": 6.0, ""lookback_bars"": 336, ""max_order_value"": 175.0, ""max_rv"": 0.0, ""min_abs_return"": 0.006, ""name"": ""fresh_calendar_teacher_fade_both_lb336_fast72_z075_ret60_h72_fl0_xr125"", ""oi_rank_min"": 0.012, ""primary_symbol"": """", ""rv_lookback_bars"": 24, ""secondary_symbol"": """", ""sharpe_lookback_bars"": 24, ""sharpe_rank_min"": 0.75, ""short_allocation_scale"": 8.0, ""spread_hedge_ratio"": 1.0, ""stop_loss_pct"": 0.004, ""take_profit_pct"": 0.045, ""target_allocation"": 0.008, ""threshold"": 0.75, ""trailing_stop_cap_pct"": 0.012, ""trailing_stop_floor_pct"": 0.004, ""trailing_stop_rv_multiple"": 0.8}",fresh_calendar_teacher_fade_both_lb336_fast72_z075_ret60_h72_fl0_xr125,108,0,0.013550653653066184,54,-22.095898119800534,-11.861143947818833,-0.01355065365306618,0.003397297943080684,"{""cooldown"": 955, ""signal_missing"": 475, ""teacher_state_rank_gap_too_small"": 87}",False,False,652,0,0.08474225367926647,326,-20.0701824684468,-10.513813668798042,-0.08474225367926647,0.004411992378142062,130,0,0.017030990049561205,65,-22.792598735585337,-13.73058598235095,-0.01694326291711601,0.004640977738155109
"train_positive,val_positive,oos_return_beats_incumbent,oos_mdd_beats_shadow,oos_sharpe_gt_1",calendar_teacher_state_fade,"{""adaptive_lookback_bars"": 72, ""allow_long"": true, ""allow_short"": true, ""broad_min_abs"": 0.006, ""calendar_long_months"": [], ""calendar_long_symbol"": """", ""calendar_short_months"": [], ""calendar_short_symbol"": """", ""calendar_veto_flow_abs"": 0.0, ""calendar_veto_funding_abs"": 0.0, ""calendar_veto_market_ret_abs"": 0.0, ""calendar_veto_resid_z"": 0.0, ""compression_lookback_bars"": 24, ""compression_quantile"": 0.0, ""cooldown_bars"": 18, ""entry_days_of_month"": [], ""entry_hours"": [], ""external_risk_max"": 0.0, ""family"": ""calendar_teacher_state_fade"", ""flow_lookback_bars"": 6, ""flow_persistence_bars"": 0, ""flow_persistence_threshold"": 0.0, ""flow_threshold"": 0.0, ""funding_abs_cap"": 0.00025, ""funding_rank_min"": 0.0001, ""hold_bars"": 72, ""long_allocation_scale"": 6.0, ""lookback_bars"": 336, ""max_order_value"": 175.0, ""max_rv"": 0.0, ""min_abs_return"": 0.009, ""name"": ""fresh_calendar_teacher_fade_both_lb336_fast72_z075_ret90_h72_fl0"", ""oi_rank_min"": 0.012, ""primary_symbol"": """", ""rv_lookback_bars"": 24, ""secondary_symbol"": """", ""sharpe_lookback_bars"": 24, ""sharpe_rank_min"": 0.75, ""short_allocation_scale"": 8.0, ""spread_hedge_ratio"": 1.0, ""stop_loss_pct"": 0.004, ""take_profit_pct"": 0.045, ""target_allocation"": 0.008, ""threshold"": 0.75, ""trailing_stop_cap_pct"": 0.012, ""trailing_stop_floor_pct"": 0.004, ""trailing_stop_rv_multiple"": 0.8}",fresh_calendar_teacher_fade_both_lb336_fast72_z075_ret90_h72_fl0,108,0,0.013591113333248358,54,-20.84371989042052,-10.457841509410057,-0.013591113333248361,0.0036121809142178538,"{""cooldown"": 955, ""signal_missing"": 477, ""teacher_state_rank_gap_too_small"": 87}",False,False,656,0,0.0867420289184658,328,-20.59632796324952,-10.586034848364179,-0.08674202891846583,0.004405497417051119,130,0,0.017130303871562346,65,-23.556582573235275,-14.593798783927424,-0.017013575971699835,0.004509285378847656
"train_positive,val_positive,oos_return_beats_incumbent,oos_mdd_beats_shadow,oos_sharpe_gt_1",calendar_teacher_state_fade,"{""adaptive_lookback_bars"": 72, ""allow_long"": true, ""allow_short"": true, ""broad_min_abs"": 0.006, ""calendar_long_months"": [], ""calendar_long_symbol"": """", ""calendar_short_months"": [], ""calendar_short_symbol"": """", ""calendar_veto_flow_abs"": 0.0, ""calendar_veto_funding_abs"": 0.0, ""calendar_veto_market_ret_abs"": 0.0, ""calendar_veto_resid_z"": 0.0, ""compression_lookback_bars"": 24, ""compression_quantile"": 0.0, ""cooldown_bars"": 18, ""entry_days_of_month"": [], ""entry_hours"": [], ""external_risk_max"": 1.25, ""family"": ""calendar_teacher_state_fade"", ""flow_lookback_bars"": 6, ""flow_persistence_bars"": 0, ""flow_persistence_threshold"": 0.0, ""flow_threshold"": 0.02, ""funding_abs_cap"": 0.00025, ""funding_rank_min"": 0.0001, ""hold_bars"": 72, ""long_allocation_scale"": 6.0, ""lookback_bars"": 336, ""max_order_value"": 175.0, ""max_rv"": 0.0, ""min_abs_return"": 0.009, ""name"": ""fresh_calendar_teacher_fade_both_lb336_fast72_z035_ret90_h72_fl2_xr125"", ""oi_rank_min"": 0.012, ""primary_symbol"": """", ""rv_lookback_bars"": 24, ""secondary_symbol"": """", ""sharpe_lookback_bars"": 24, ""sharpe_rank_min"": 0.5, ""short_allocation_scale"": 8.0, ""spread_hedge_ratio"": 1.0, ""stop_loss_pct"": 0.004, ""take_profit_pct"": 0.045, ""target_allocation"": 0.008, ""threshold"": 0.35, ""trailing_stop_cap_pct"": 0.012, ""trailing_stop_floor_pct"": 0.004, ""trailing_stop_rv_multiple"": 0.8}",fresh_calendar_teacher_fade_both_lb336_fast72_z035_ret90_h72_fl2_xr125,124,0,0.013892155555053614,62,-19.8921235926164,-10.994334211126233,-0.013892155555053631,0.0038693646477775652,"{""cooldown"": 1105, ""signal_missing"": 347, ""teacher_state_rank_gap_too_small"": 26}",False,False,704,0,0.09067988762764198,352,-21.17757600258284,-10.847886191000205,-0.09067988762764201,0.004488632229103903,132,0,0.016572398211618416,66,-23.14523917027509,-12.987432651729906,-0.016484630151182178,0.004445548900679915
"train_positive,val_positive,oos_return_beats_incumbent,oos_mdd_beats_shadow,oos_sharpe_gt_1",calendar_teacher_state_fade,"{""adaptive_lookback_bars"": 72, ""allow_long"": true, ""allow_short"": true, ""broad_min_abs"": 0.006, ""calendar_long_months"": [], ""calendar_long_symbol"": """", ""calendar_short_months"": [], ""calendar_short_symbol"": """", ""calendar_veto_flow_abs"": 0.0, ""calendar_veto_funding_abs"": 0.0, ""calendar_veto_market_ret_abs"": 0.0, ""calendar_veto_resid_z"": 0.0, ""compression_lookback_bars"": 24, ""compression_quantile"": 0.0, ""cooldown_bars"": 18, ""entry_days_of_month"": [], ""entry_hours"": [], ""external_risk_max"": 1.25, ""family"": ""calendar_teacher_state_fade"", ""flow_lookback_bars"": 6, ""flow_persistence_bars"": 0, ""flow_persistence_threshold"": 0.0, ""flow_threshold"": 0.02, ""funding_abs_cap"": 0.00025, ""funding_rank_min"": 0.0001, ""hold_bars"": 72, ""long_allocation_scale"": 6.0, ""lookback_bars"": 336, ""max_order_value"": 175.0, ""max_rv"": 0.0, ""min_abs_return"": 0.006, ""name"": ""fresh_calendar_teacher_fade_both_lb336_fast72_z050_ret60_h72_fl2_xr125"", ""oi_rank_min"": 0.012, ""primary_symbol"": """", ""rv_lookback_bars"": 24, ""secondary_symbol"": """", ""sharpe_lookback_bars"": 24, ""sharpe_rank_min"": 0.5, ""short_allocation_scale"": 8.0, ""spread_hedge_ratio"": 1.0, ""stop_loss_pct"": 0.004, ""take_profit_pct"": 0.045, ""target_allocation"": 0.008, ""threshold"": 0.5, ""trailing_stop_cap_pct"": 0.012, ""trailing_stop_floor_pct"": 0.004, ""trailing_stop_rv_multiple"": 0.8}",fresh_calendar_teacher_fade_both_lb336_fast72_z050_ret60_h72_fl2_xr125,118,0,0.0139311420744305,59,-20.430805200665446,-11.22592633294401,-0.01393114207443047,0.003778009558286675,"{""cooldown"": 1049, ""signal_missing"": 419, ""teacher_state_rank_gap_too_small"": 30}",False,False,686,0,0.08518803655680131,343,-21.187382785124033,-11.133604530347368,-0.0851880365568013,0.004202388860443175,132,0,0.01541183927156206,66,-22.058738810475514,-13.265531153167444,-0.015323967634607305,0.004333534038693993
"train_positive,val_positive,oos_return_beats_incumbent,oos_mdd_beats_shadow,oos_sharpe_gt_1",calendar_teacher_state_fade,"{""adaptive_lookback_bars"": 72, ""allow_long"": true, ""allow_short"": true, ""broad_min_abs"": 0.006, ""calendar_long_months"": [], ""calendar_long_symbol"": """", ""calendar_short_months"": [], ""calendar_short_symbol"": """", ""calendar_veto_flow_abs"": 0.0, ""calendar_veto_funding_abs"": 0.0, ""calendar_veto_market_ret_abs"": 0.0, ""calendar_veto_resid_z"": 0.0, ""compression_lookback_bars"": 24, ""compression_quantile"": 0.0, ""cooldown_bars"": 18, ""entry_days_of_month"": [], ""entry_hours"": [], ""external_risk_max"": 0.0, ""family"": ""calendar_teacher_state_fade"", ""flow_lookback_bars"": 6, ""flow_persistence_bars"": 0, ""flow_persistence_threshold"": 0.0, ""flow_threshold"": 0.0, ""funding_abs_cap"": 0.00025, ""funding_rank_min"": 0.0001, ""hold_bars"": 72, ""long_allocation_scale"": 6.0, ""lookback_bars"": 336, ""max_order_value"": 175.0, ""max_rv"": 0.0, ""min_abs_return"": 0.006, ""name"": ""fresh_calendar_teacher_fade_both_lb336_fast72_z075_ret60_h72_fl0"", ""oi_rank_min"": 0.012, ""primary_symbol"": """", ""rv_lookback_bars"": 24, ""secondary_symbol"": """", ""sharpe_lookback_bars"": 24, ""sharpe_rank_min"": 0.75, ""short_allocation_scale"": 8.0, ""spread_hedge_ratio"": 1.0, ""stop_loss_pct"": 0.004, ""take_profit_pct"": 0.045, ""target_allocation"": 0.008, ""threshold"": 0.75, ""trailing_stop_cap_pct"": 0.012, ""trailing_stop_floor_pct"": 0.004, ""trailing_stop_rv_multiple"": 0.8}",fresh_calendar_teacher_fade_both_lb336_fast72_z075_ret60_h72_fl0,110,0,0.013975609666878153,55,-20.43771324210396,-10.113856103889335,-0.013975609666878164,0.0037888720136103515,"{""cooldown"": 973, ""signal_missing"": 454, ""teacher_state_rank_gap_too_small"": 87}",False,False,654,0,0.08582197559579327,327,-20.214669372532647,-10.58340992596881,-0.0858219755957933,0.004438849942271214,130,0,0.016867866588841304,65,-22.648079373935296,-14.06314019714376,-0.016751139029367756,0.004617181077333021
"train_positive,val_positive,oos_return_beats_incumbent,oos_mdd_beats_shadow,oos_sharpe_gt_1",calendar_teacher_state_fade,"{""adaptive_lookback_bars"": 72, ""allow_long"": true, ""allow_short"": true, ""broad_min_abs"": 0.006, ""calendar_long_months"": [], ""calendar_long_symbol"": """", ""calendar_short_months"": [], ""calendar_short_symbol"": """", ""calendar_veto_flow_abs"": 0.0, ""calendar_veto_funding_abs"": 0.0, ""calendar_veto_market_ret_abs"": 0.0, ""calendar_veto_resid_z"": 0.0, ""compression_lookback_bars"": 24, ""compression_quantile"": 0.0, ""cooldown_bars"": 18, ""entry_days_of_month"": [], ""entry_hours"": [], ""external_risk_max"": 1.25, ""family"": ""calendar_teacher_state_fade"", ""flow_lookback_bars"": 6, ""flow_persistence_bars"": 0, ""flow_persistence_threshold"": 0.0, ""flow_threshold"": 0.02, ""funding_abs_cap"": 0.00025, ""funding_rank_min"": 0.0001, ""hold_bars"": 72, ""long_allocation_scale"": 6.0, ""lookback_bars"": 336, ""max_order_value"": 175.0, ""max_rv"": 0.0, ""min_abs_return"": 0.003, ""name"": ""fresh_calendar_teacher_fade_both_lb336_fast72_z050_ret30_h72_fl2_xr125"", ""oi_rank_min"": 0.012, ""primary_symbol"": """", ""rv_lookback_bars"": 24, ""secondary_symbol"": """", ""sharpe_lookback_bars"": 24, ""sharpe_rank_min"": 0.5, ""short_allocation_scale"": 8.0, ""spread_hedge_ratio"": 1.0, ""stop_loss_pct"": 0.004, ""take_profit_pct"": 0.045, ""target_allocation"": 0.008, ""threshold"": 0.5, ""trailing_stop_cap_pct"": 0.012, ""trailing_stop_floor_pct"": 0.004, ""trailing_stop_rv_multiple"": 0.8}",fresh_calendar_teacher_fade_both_lb336_fast72_z050_ret30_h72_fl2_xr125,120,0,0.014310697450826774,60,-20.973072305126426,-11.112786908814474,-0.014310697450826804,0.0037813328842480317,"{""cooldown"": 1067, ""signal_missing"": 405, ""teacher_state_rank_gap_too_small"": 30}",False,False,692,0,0.08725830071766413,346,-21.209042840484233,-11.041169581347807,-0.08725830071766416,0.004304910630606743,132,0,0.01653377120867127,66,-22.91405479322455,-13.232410595345309,-0.016445999700887004,0.004479782657231439
"train_positive,val_positive,oos_return_beats_incumbent,oos_mdd_beats_shadow,oos_sharpe_gt_1",calendar_teacher_state_fade,"{""adaptive_lookback_bars"": 72, ""allow_long"": true, ""allow_short"": true, ""broad_min_abs"": 0.006, ""calendar_long_months"": [], ""calendar_long_symbol"": """", ""calendar_short_months"": [], ""calendar_short_symbol"": """", ""calendar_veto_flow_abs"": 0.0, ""calendar_veto_funding_abs"": 0.0, ""calendar_veto_market_ret_abs"": 0.0, ""calendar_veto_resid_z"": 0.0, ""compression_lookback_bars"": 24, ""compression_quantile"": 0.0, ""cooldown_bars"": 18, ""entry_days_of_month"": [], ""entry_hours"": [], ""external_risk_max"": 1.25, ""family"": ""calendar_teacher_state_fade"", ""flow_lookback_bars"": 6, ""flow_persistence_bars"": 0, ""flow_persistence_threshold"": 0.0, ""flow_threshold"": 0.02, ""funding_abs_cap"": 0.00025, ""funding_rank_min"": 0.0001, ""hold_bars"": 72, ""long_allocation_scale"": 6.0, ""lookback_bars"": 336, ""max_order_value"": 175.0, ""max_rv"": 0.0, ""min_abs_return"": 0.006, ""name"": ""fresh_calendar_teacher_fade_both_lb336_fast72_z035_ret60_h72_fl2_xr125"", ""oi_rank_min"": 0.012, ""primary_symbol"": """", ""rv_lookback_bars"": 24, ""secondary_symbol"": """", ""sharpe_lookback_bars"": 24, ""sharpe_rank_min"": 0.5, ""short_allocation_scale"": 8.0, ""spread_hedge_ratio"": 1.0, ""stop_loss_pct"": 0.004, ""take_profit_pct"": 0.045, ""target_allocation"": 0.008, ""threshold"": 0.35, ""trailing_stop_cap_pct"": 0.012, ""trailing_stop_floor_pct"": 0.004, ""trailing_stop_rv_multiple"": 0.8}",fresh_calendar_teacher_fade_both_lb336_fast72_z035_ret60_h72_fl2_xr125,128,0,0.014462232941709771,64,-20.42636099971806,-11.427973299619314,-0.014462232941709785,0.003923929877028501,"{""cooldown"": 1142, ""signal_missing"": 308, ""teacher_state_rank_gap_too_small"": 26}",False,False,704,0,0.08996211338152044,352,-21.327514229850824,-11.088424847100397,-0.08996211338152038,0.004420090017085144,134,0,0.016481630520231022,67,-23.27324978508542,-13.863533930588002,-0.016393854359041615,0.004396556049214414
"train_positive,val_positive,oos_return_beats_incumbent,oos_mdd_beats_shadow,oos_sharpe_gt_1",calendar_teacher_state_fade,"{""adaptive_lookback_bars"": 72, ""allow_long"": true, ""allow_short"": true, ""broad_min_abs"": 0.006, ""calendar_long_months"": [], ""calendar_long_symbol"": """", ""calendar_short_months"": [], ""calendar_short_symbol"": """", ""calendar_veto_flow_abs"": 0.0, ""calendar_veto_funding_abs"": 0.0, ""calendar_veto_market_ret_abs"": 0.0, ""calendar_veto_resid_z"": 0.0, ""compression_lookback_bars"": 24, ""compression_quantile"": 0.0, ""cooldown_bars"": 18, ""entry_days_of_month"": [], ""entry_hours"": [], ""external_risk_max"": 1.25, ""family"": ""calendar_teacher_state_fade"", ""flow_lookback_bars"": 6, ""flow_persistence_bars"": 0, ""flow_persistence_threshold"": 0.0, ""flow_threshold"": 0.02, ""funding_abs_cap"": 0.00025, ""funding_rank_min"": 0.0001, ""hold_bars"": 72, ""long_allocation_scale"": 6.0, ""lookback_bars"": 168, ""max_order_value"": 175.0, ""max_rv"": 0.0, ""min_abs_return"": 0.003, ""name"": ""fresh_calendar_teacher_fade_both_lb168_fast72_z075_ret30_h72_fl2_xr125"", ""oi_rank_min"": 0.012, ""primary_symbol"": """", ""rv_lookback_bars"": 24, ""secondary_symbol"": """", ""sharpe_lookback_bars"": 24, ""sharpe_rank_min"": 0.75, ""short_allocation_scale"": 8.0, ""spread_hedge_ratio"": 1.0, ""stop_loss_pct"": 0.004, ""take_profit_pct"": 0.045, ""target_allocation"": 0.008, ""threshold"": 0.75, ""trailing_stop_cap_pct"": 0.012, ""trailing_stop_floor_pct"": 0.004, ""trailing_stop_rv_multiple"": 0.8}",fresh_calendar_teacher_fade_both_lb168_fast72_z075_ret30_h72_fl2_xr125,126,0,0.014613000781604263,63,-21.80390273360356,-12.344377375195682,-0.014613000781604213,0.003714667074523388,"{""cooldown"": 1126, ""signal_missing"": 315, ""teacher_state_rank_gap_too_small"": 17}",False,False,726,0,0.09599974712909043,363,-21.860036166599375,-11.523295438542418,-0.09599483424306332,0.004616666066497701,124,0,0.01564701965434571,62,-23.378492804652577,-14.670102596174281,-0.015581841727772883,0.004158288961928077
"train_positive,val_positive,oos_return_beats_incumbent,oos_mdd_beats_shadow,oos_sharpe_gt_1",calendar_teacher_state_fade,"{""adaptive_lookback_bars"": 72, ""allow_long"": true, ""allow_short"": true, ""broad_min_abs"": 0.006, ""calendar_long_months"": [], ""calendar_long_symbol"": """", ""calendar_short_months"": [], ""calendar_short_symbol"": """", ""calendar_veto_flow_abs"": 0.0, ""calendar_veto_funding_abs"": 0.0, ""calendar_veto_market_ret_abs"": 0.0, ""calendar_veto_resid_z"": 0.0, ""compression_lookback_bars"": 24, ""compression_quantile"": 0.0, ""cooldown_bars"": 18, ""entry_days_of_month"": [], ""entry_hours"": [], ""external_risk_max"": 0.0, ""family"": ""calendar_teacher_state_fade"", ""flow_lookback_bars"": 6, ""flow_persistence_bars"": 0, ""flow_persistence_threshold"": 0.0, ""flow_threshold"": 0.02, ""funding_abs_cap"": 0.00025, ""funding_rank_min"": 0.0001, ""hold_bars"": 72, ""long_allocation_scale"": 6.0, ""lookback_bars"": 336, ""max_order_value"": 175.0, ""max_rv"": 0.0, ""min_abs_return"": 0.009, ""name"": ""fresh_calendar_teacher_fade_both_lb336_fast72_z050_ret90_h72_fl2"", ""oi_rank_min"": 0.012, ""primary_symbol"": """", ""rv_lookback_bars"": 24, ""secondary_symbol"": """", ""sharpe_lookback_bars"": 24, ""sharpe_rank_min"": 0.5, ""short_allocation_scale"": 8.0, ""spread_hedge_ratio"": 1.0, ""stop_loss_pct"": 0.004, ""take_profit_pct"": 0.045, ""target_allocation"": 0.008, ""threshold"": 0.5, ""trailing_stop_cap_pct"": 0.012, ""trailing_stop_floor_pct"": 0.004, ""trailing_stop_rv_multiple"": 0.8}",fresh_calendar_teacher_fade_both_lb336_fast72_z050_ret90_h72_fl2,118,0,0.014618713413988734,59,-19.440409054287006,-9.872850340988569,-0.014618713413988682,0.00416783174403094,"{""cooldown"": 1049, ""signal_missing"": 416, ""teacher_state_rank_gap_too_small"": 30}",False,False,686,0,0.08630214201552117,343,-21.02152694542938,-10.832141695216814,-0.08630214201552122,0.004293501380310364,132,0,0.01579042535745107,66,-22.261584330156445,-12.714086293919896,-0.01570258750820608,0.004400983929909434
"train_positive,val_positive,oos_return_beats_incumbent,oos_mdd_beats_shadow,oos_sharpe_gt_1",calendar_teacher_state_fade,"{""adaptive_lookback_bars"": 72, ""allow_long"": true, ""allow_short"": true, ""broad_min_abs"": 0.006, ""calendar_long_months"": [], ""calendar_long_symbol"": """", ""calendar_short_months"": [], ""calendar_short_symbol"": """", ""calendar_veto_flow_abs"": 0.0, ""calendar_veto_funding_abs"": 0.0, ""calendar_veto_market_ret_abs"": 0.0, ""calendar_veto_resid_z"": 0.0, ""compression_lookback_bars"": 24, ""compression_quantile"": 0.0, ""cooldown_bars"": 18, ""entry_days_of_month"": [], ""entry_hours"": [], ""external_risk_max"": 1.25, ""family"": ""calendar_teacher_state_fade"", ""flow_lookback_bars"": 6, ""flow_persistence_bars"": 0, ""flow_persistence_threshold"": 0.0, ""flow_threshold"": 0.0, ""funding_abs_cap"": 0.00025, ""funding_rank_min"": 0.0001, ""hold_bars"": 72, ""long_allocation_scale"": 6.0, ""lookback_bars"": 336, ""max_order_value"": 175.0, ""max_rv"": 0.0, ""min_abs_return"": 0.009, ""name"": ""fresh_calendar_teacher_fade_both_lb336_fast72_z050_ret90_h72_fl0_xr125"", ""oi_rank_min"": 0.012, ""primary_symbol"": """", ""rv_lookback_bars"": 24, ""secondary_symbol"": """", ""sharpe_lookback_bars"": 24, ""sharpe_rank_min"": 0.5, ""short_allocation_scale"": 8.0, ""spread_hedge_ratio"": 1.0, ""stop_loss_pct"": 0.004, ""take_profit_pct"": 0.045, ""target_allocation"": 0.008, ""threshold"": 0.5, ""trailing_stop_cap_pct"": 0.012, ""trailing_stop_floor_pct"": 0.004, ""trailing_stop_rv_multiple"": 0.8}",fresh_calendar_teacher_fade_both_lb336_fast72_z050_ret90_h72_fl0_xr125,122,0,0.014669636673750392,61,-21.81819343671458,-12.224673490995679,-0.01466963667375043,0.003726727528295004,"{""cooldown"": 1085, ""signal_missing"": 382, ""teacher_state_rank_gap_too_small"": 34}",False,False,694,0,0.09268602809170297,347,-20.481887111474414,-10.07226628393577,-0.09268602809170301,0.004748879373862036,134,0,0.01753705704942752,67,-23.21960572715583,-14.090531383576431,-0.017449375081993956,0.00469291907615174
"train_positive,val_positive,oos_return_beats_incumbent,oos_mdd_beats_shadow,oos_sharpe_gt_1",calendar_teacher_state_fade,"{""adaptive_lookback_bars"": 72, ""allow_long"": true, ""allow_short"": true, ""broad_min_abs"": 0.006, ""calendar_long_months"": [], ""calendar_long_symbol"": """", ""calendar_short_months"": [], ""calendar_short_symbol"": """", ""calendar_veto_flow_abs"": 0.0, ""calendar_veto_funding_abs"": 0.0, ""calendar_veto_market_ret_abs"": 0.0, ""calendar_veto_resid_z"": 0.0, ""compression_lookback_bars"": 24, ""compression_quantile"": 0.0, ""cooldown_bars"": 18, ""entry_days_of_month"": [], ""entry_hours"": [], ""external_risk_max"": 1.25, ""family"": ""calendar_teacher_state_fade"", ""flow_lookback_bars"": 6, ""flow_persistence_bars"": 0, ""flow_persistence_threshold"": 0.0, ""flow_threshold"": 0.02, ""funding_abs_cap"": 0.00025, ""funding_rank_min"": 0.0001, ""hold_bars"": 72, ""long_allocation_scale"": 6.0, ""lookback_bars"": 168, ""max_order_value"": 175.0, ""max_rv"": 0.0, ""min_abs_return"": 0.009, ""name"": ""fresh_calendar_teacher_fade_both_lb168_fast72_z075_ret90_h72_fl2_xr125"", ""oi_rank_min"": 0.012, ""primary_symbol"": """", ""rv_lookback_bars"": 24, ""secondary_symbol"": """", ""sharpe_lookback_bars"": 24, ""sharpe_rank_min"": 0.75, ""short_allocation_scale"": 8.0, ""spread_hedge_ratio"": 1.0, ""stop_loss_pct"": 0.004, ""take_profit_pct"": 0.045, ""target_allocation"": 0.008, ""threshold"": 0.75, ""trailing_stop_cap_pct"": 0.012, ""trailing_stop_floor_pct"": 0.004, ""trailing_stop_rv_multiple"": 0.8}",fresh_calendar_teacher_fade_both_lb168_fast72_z075_ret90_h72_fl2_xr125,124,0,0.01468599500293961,62,-21.895966188577834,-12.146300891763653,-0.014685995002939656,0.0037176641133925886,"{""cooldown"": 1108, ""signal_missing"": 347, ""teacher_state_rank_gap_too_small"": 16}",False,False,724,0,0.09662279584422503,362,-21.946140728921673,-11.59127872287984,-0.09662279584422506,0.004630216414319425,124,0,0.01573492697885303,62,-23.339143765706922,-14.6774418290962,-0.01566975484466182,0.004188983469475984
"train_positive,val_positive,oos_return_beats_incumbent,oos_mdd_beats_shadow,oos_sharpe_gt_1",calendar_teacher_state_fade,"{""adaptive_lookback_bars"": 72, ""allow_long"": true, ""allow_short"": true, ""broad_min_abs"": 0.006, ""calendar_long_months"": [], ""calendar_long_symbol"": """", ""calendar_short_months"": [], ""calendar_short_symbol"": """", ""calendar_veto_flow_abs"": 0.0, ""calendar_veto_funding_abs"": 0.0, ""calendar_veto_market_ret_abs"": 0.0, ""calendar_veto_resid_z"": 0.0, ""compression_lookback_bars"": 24, ""compression_quantile"": 0.0, ""cooldown_bars"": 18, ""entry_days_of_month"": [], ""entry_hours"": [], ""external_risk_max"": 1.25, ""family"": ""calendar_teacher_state_fade"", ""flow_lookback_bars"": 6, ""flow_persistence_bars"": 0, ""flow_persistence_threshold"": 0.0, ""flow_threshold"": 0.02, ""funding_abs_cap"": 0.00025, ""funding_rank_min"": 0.0001, ""hold_bars"": 72, ""long_allocation_scale"": 6.0, ""lookback_bars"": 168, ""max_order_value"": 175.0, ""max_rv"": 0.0, ""min_abs_return"": 0.006, ""name"": ""fresh_calendar_teacher_fade_both_lb168_fast72_z075_ret60_h72_fl2_xr125"", ""oi_rank_min"": 0.012, ""primary_symbol"": """", ""rv_lookback_bars"": 24, ""secondary_symbol"": """", ""sharpe_lookback_bars"": 24, ""sharpe_rank_min"": 0.75, ""short_allocation_scale"": 8.0, ""spread_hedge_ratio"": 1.0, ""stop_loss_pct"": 0.004, ""take_profit_pct"": 0.045, ""target_allocation"": 0.008, ""threshold"": 0.75, ""trailing_stop_cap_pct"": 0.012, ""trailing_stop_floor_pct"": 0.004, ""trailing_stop_rv_multiple"": 0.8}",fresh_calendar_teacher_fade_both_lb168_fast72_z075_ret60_h72_fl2_xr125,126,0,0.014867386828657249,63,-22.031116626763012,-12.249212539439382,-0.014867386828657292,0.0037408377459268558,"{""cooldown"": 1126, ""signal_missing"": 322, ""teacher_state_rank_gap_too_small"": 16}",False,False,724,0,0.09619423414738885,362,-21.763174282472203,-11.457474754714953,-0.09619423414738881,0.00464734438911389,124,0,0.015671500640560034,62,-23.39908319522643,-14.713670800059468,-0.015606324335854183,0.004161209315264278
"train_positive,val_positive,oos_return_beats_incumbent,oos_mdd_beats_shadow,oos_sharpe_gt_1",calendar_teacher_state_fade,"{""adaptive_lookback_bars"": 24, ""allow_long"": true, ""allow_short"": true, ""broad_min_abs"": 0.006, ""calendar_long_months"": [], ""calendar_long_symbol"": """", ""calendar_short_months"": [], ""calendar_short_symbol"": """", ""calendar_veto_flow_abs"": 0.0, ""calendar_veto_funding_abs"": 0.0, ""calendar_veto_market_ret_abs"": 0.0, ""calendar_veto_resid_z"": 0.0, ""compression_lookback_bars"": 24, ""compression_quantile"": 0.0, ""cooldown_bars"": 18, ""entry_days_of_month"": [], ""entry_hours"": [], ""external_risk_max"": 1.25, ""family"": ""calendar_teacher_state_fade"", ""flow_lookback_bars"": 6, ""flow_persistence_bars"": 0, ""flow_persistence_threshold"": 0.0, ""flow_threshold"": 0.02, ""funding_abs_cap"": 0.00025, ""funding_rank_min"": 0.0001, ""hold_bars"": 72, ""long_allocation_scale"": 6.0, ""lookback_bars"": 72, ""max_order_value"": 175.0, ""max_rv"": 0.0, ""min_abs_return"": 0.009, ""name"": ""fresh_calendar_teacher_fade_both_lb72_fast24_z075_ret90_h72_fl2_xr125"", ""oi_rank_min"": 0.012, ""primary_symbol"": """", ""rv_lookback_bars"": 24, ""secondary_symbol"": """", ""sharpe_lookback_bars"": 12, ""sharpe_rank_min"": 0.75, ""short_allocation_scale"": 8.0, ""spread_hedge_ratio"": 1.0, ""stop_loss_pct"": 0.004, ""take_profit_pct"": 0.045, ""target_allocation"": 0.008, ""threshold"": 0.75, ""trailing_stop_cap_pct"": 0.012, ""trailing_stop_floor_pct"": 0.004, ""trailing_stop_rv_multiple"": 0.8}",fresh_calendar_teacher_fade_both_lb72_fast24_z075_ret90_h72_fl2_xr125,130,0,0.014898848647998784,65,-23.207508119980076,-13.983533132001762,-0.01489884864799873,0.003558815069978171,"{""cooldown"": 1158, ""signal_missing"": 253, ""teacher_state_rank_gap_too_small"": 77}",False,False,776,0,0.10241088893798933,388,-22.093294435117254,-11.972530833977912,-0.10241088893798933,0.004890288598125012,122,0,0.01581087201187569,61,-24.3080376536079,-14.153366940444386,-0.015803289443816704,0.0040565894173534706
"train_positive,val_positive,oos_return_beats_incumbent,oos_mdd_beats_shadow,oos_sharpe_gt_1",calendar_teacher_state_fade,"{""adaptive_lookback_bars"": 72, ""allow_long"": true, ""allow_short"": true, ""broad_min_abs"": 0.006, ""calendar_long_months"": [], ""calendar_long_symbol"": """", ""calendar_short_months"": [], ""calendar_short_symbol"": """", ""calendar_veto_flow_abs"": 0.0, ""calendar_veto_funding_abs"": 0.0, ""calendar_veto_market_ret_abs"": 0.0, ""calendar_veto_resid_z"": 0.0, ""compression_lookback_bars"": 24, ""compression_quantile"": 0.0, ""cooldown_bars"": 18, ""entry_days_of_month"": [], ""entry_hours"": [], ""external_risk_max"": 1.25, ""family"": ""calendar_teacher_state_fade"", ""flow_lookback_bars"": 6, ""flow_persistence_bars"": 0, ""flow_persistence_threshold"": 0.0, ""flow_threshold"": 0.02, ""funding_abs_cap"": 0.00025, ""funding_rank_min"": 0.0001, ""hold_bars"": 72, ""long_allocation_scale"": 6.0, ""lookback_bars"": 336, ""max_order_value"": 175.0, ""max_rv"": 0.0, ""min_abs_return"": 0.003, ""name"": ""fresh_calendar_teacher_fade_both_lb336_fast72_z035_ret30_h72_fl2_xr125"", ""oi_rank_min"": 0.012, ""primary_symbol"": """", ""rv_lookback_bars"": 24, ""secondary_symbol"": """", ""sharpe_lookback_bars"": 24, ""sharpe_rank_min"": 0.5, ""short_allocation_scale"": 8.0, ""spread_hedge_ratio"": 1.0, ""stop_loss_pct"": 0.004, ""take_profit_pct"": 0.045, ""target_allocation"": 0.008, ""threshold"": 0.35, ""trailing_stop_cap_pct"": 0.012, ""trailing_stop_floor_pct"": 0.004, ""trailing_stop_rv_multiple"": 0.8}",fresh_calendar_teacher_fade_both_lb336_fast72_z035_ret30_h72_fl2_xr125,130,0,0.01492334215856572,65,-21.04147025042613,-11.42863653238848,-0.014923342158565722,0.0039316001973925515,"{""cooldown"": 1160, ""signal_missing"": 293, ""teacher_state_rank_gap_too_small"": 26}",False,False,708,0,0.09131406599047659,354,-21.29800114550939,-10.950605746248627,-0.09131406599047664,0.004496011250953808,136,0,0.01669481113988332,68,-23.496288036257695,-14.069384669934582,-0.01660705400444573,0.004411934624257584
"train_positive,val_positive,oos_return_beats_incumbent,oos_mdd_beats_shadow,oos_sharpe_gt_1",calendar_teacher_state_fade,"{""adaptive_lookback_bars"": 72, ""allow_long"": true, ""allow_short"": true, ""broad_min_abs"": 0.006, ""calendar_long_months"": [], ""calendar_long_symbol"": """", ""calendar_short_months"": [], ""calendar_short_symbol"": """", ""calendar_veto_flow_abs"": 0.0, ""calendar_veto_funding_abs"": 0.0, ""calendar_veto_market_ret_abs"": 0.0, ""calendar_veto_resid_z"": 0.0, ""compression_lookback_bars"": 24, ""compression_quantile"": 0.0, ""cooldown_bars"": 18, ""entry_days_of_month"": [], ""entry_hours"": [], ""external_risk_max"": 0.0, ""family"": ""calendar_teacher_state_fade"", ""flow_lookback_bars"": 6, ""flow_persistence_bars"": 0, ""flow_persistence_threshold"": 0.0, ""flow_threshold"": 0.0, ""funding_abs_cap"": 0.00025, ""funding_rank_min"": 0.0001, ""hold_bars"": 72, ""long_allocation_scale"": 6.0, ""lookback_bars"": 336, ""max_order_value"": 175.0, ""max_rv"": 0.0, ""min_abs_return"": 0.009, ""name"": ""fresh_calendar_teacher_fade_both_lb336_fast72_z050_ret90_h72_fl0"", ""oi_rank_min"": 0.012, ""primary_symbol"": """", ""rv_lookback_bars"": 24, ""secondary_symbol"": """", ""sharpe_lookback_bars"": 24, ""sharpe_rank_min"": 0.5, ""short_allocation_scale"": 8.0, ""spread_hedge_ratio"": 1.0, ""stop_loss_pct"": 0.004, ""take_profit_pct"": 0.045, ""target_allocation"": 0.008, ""threshold"": 0.5, ""trailing_stop_cap_pct"": 0.012, ""trailing_stop_floor_pct"": 0.004, ""trailing_stop_rv_multiple"": 0.8}",fresh_calendar_teacher_fade_both_lb336_fast72_z050_ret90_h72_fl0,122,0,0.014977547930461878,61,-22.15706519622175,-12.409327462472215,-0.01497754793046191,0.0037473441126916946,"{""cooldown"": 1085, ""signal_missing"": 382, ""teacher_state_rank_gap_too_small"": 34}",False,False,694,0,0.0931254580257837,347,-20.516814465137024,-10.084981059325761,-0.09312545802578365,0.004764405525238074,134,0,0.017468204287462256,67,-23.23421704439833,-14.146933549813788,-0.017380516175119376,0.0046712996168181845
"train_positive,val_positive,oos_return_beats_incumbent,oos_mdd_beats_shadow,oos_sharpe_gt_1",calendar_teacher_state_fade,"{""adaptive_lookback_bars"": 72, ""allow_long"": true, ""allow_short"": true, ""broad_min_abs"": 0.006, ""calendar_long_months"": [], ""calendar_long_symbol"": """", ""calendar_short_months"": [], ""calendar_short_symbol"": """", ""calendar_veto_flow_abs"": 0.0, ""calendar_veto_funding_abs"": 0.0, ""calendar_veto_market_ret_abs"": 0.0, ""calendar_veto_resid_z"": 0.0, ""compression_lookback_bars"": 24, ""compression_quantile"": 0.0, ""cooldown_bars"": 18, ""entry_days_of_month"": [], ""entry_hours"": [], ""external_risk_max"": 1.25, ""family"": ""calendar_teacher_state_fade"", ""flow_lookback_bars"": 6, ""flow_persistence_bars"": 0, ""flow_persistence_threshold"": 0.0, ""flow_threshold"": 0.0, ""funding_abs_cap"": 0.00025, ""funding_rank_min"": 0.0001, ""hold_bars"": 72, ""long_allocation_scale"": 6.0, ""lookback_bars"": 168, ""max_order_value"": 175.0, ""max_rv"": 0.0, ""min_abs_return"": 0.003, ""name"": ""fresh_calendar_teacher_fade_both_lb168_fast72_z075_ret30_h72_fl0_xr125"", ""oi_rank_min"": 0.012, ""primary_symbol"": """", ""rv_lookback_bars"": 24, ""secondary_symbol"": """", ""sharpe_lookback_bars"": 24, ""sharpe_rank_min"": 0.75, ""short_allocation_scale"": 8.0, ""spread_hedge_ratio"": 1.0, ""stop_loss_pct"": 0.004, ""take_profit_pct"": 0.045, ""target_allocation"": 0.008, ""threshold"": 0.75, ""trailing_stop_cap_pct"": 0.012, ""trailing_stop_floor_pct"": 0.004, ""trailing_stop_rv_multiple"": 0.8}",fresh_calendar_teacher_fade_both_lb168_fast72_z075_ret30_h72_fl0_xr125,130,0,0.015023667769727033,65,-22.790653367722026,-12.935547805259038,-0.015023667769727078,0.0036544862179122657,"{""cooldown"": 1162, ""signal_missing"": 292, ""teacher_state_rank_gap_too_small"": 18}",False,False,736,0,0.10160141595538244,368,-22.29055496197086,-11.745353988381144,-0.1015965327416608,0.004806342476311493,130,0,0.016896749936689687,65,-24.29714872844143,-15.909180947270642,-0.01689674993668966,0.004341595097838291
"train_positive,val_positive,oos_return_beats_incumbent,oos_mdd_beats_shadow,oos_sharpe_gt_1",calendar_teacher_state_fade,"{""adaptive_lookback_bars"": 72, ""allow_long"": true, ""allow_short"": true, ""broad_min_abs"": 0.006, ""calendar_long_months"": [], ""calendar_long_symbol"": """", ""calendar_short_months"": [], ""calendar_short_symbol"": """", ""calendar_veto_flow_abs"": 0.0, ""calendar_veto_funding_abs"": 0.0, ""calendar_veto_market_ret_abs"": 0.0, ""calendar_veto_resid_z"": 0.0, ""compression_lookback_bars"": 24, ""compression_quantile"": 0.0, ""cooldown_bars"": 18, ""entry_days_of_month"": [], ""entry_hours"": [], ""external_risk_max"": 1.25, ""family"": ""calendar_teacher_state_fade"", ""flow_lookback_bars"": 6, ""flow_persistence_bars"": 0, ""flow_persistence_threshold"": 0.0, ""flow_threshold"": 0.0, ""funding_abs_cap"": 0.00025, ""funding_rank_min"": 0.0001, ""hold_bars"": 72, ""long_allocation_scale"": 6.0, ""lookback_bars"": 168, ""max_order_value"": 175.0, ""max_rv"": 0.0, ""min_abs_return"": 0.009, ""name"": ""fresh_calendar_teacher_fade_both_lb168_fast72_z075_ret90_h72_fl0_xr125"", ""oi_rank_min"": 0.012, ""primary_symbol"": """", ""rv_lookback_bars"": 24, ""secondary_symbol"": """", ""sharpe_lookback_bars"": 24, ""sharpe_rank_min"": 0.75, ""short_allocation_scale"": 8.0, ""spread_hedge_ratio"": 1.0, ""stop_loss_pct"": 0.004, ""take_profit_pct"": 0.045, ""target_allocation"": 0.008, ""threshold"": 0.75, ""trailing_stop_cap_pct"": 0.012, ""trailing_stop_floor_pct"": 0.004, ""trailing_stop_rv_multiple"": 0.8}",fresh_calendar_teacher_fade_both_lb168_fast72_z075_ret90_h72_fl0_xr125,132,0,0.015024006213731051,66,-22.9816370863819,-13.234940527119095,-0.015024006213731012,0.0036242034958471,"{""cooldown"": 1180, ""signal_missing"": 286, ""teacher_state_rank_gap_too_small"": 17}",False,False,730,0,0.10121260482264788,365,-22.29710078802808,-11.668622390231143,-0.10121260482264793,0.00478577209933505,126,0,0.01608046003553572,63,-23.8695814346917,-15.351743874668683,-0.01608046003553576,0.004204129394001004
"train_positive,val_positive,oos_return_beats_incumbent,oos_mdd_beats_shadow,oos_sharpe_gt_1",calendar_teacher_state_fade,"{""adaptive_lookback_bars"": 72, ""allow_long"": true, ""allow_short"": true, ""broad_min_abs"": 0.006, ""calendar_long_months"": [], ""calendar_long_symbol"": """", ""calendar_short_months"": [], ""calendar_short_symbol"": """", ""calendar_veto_flow_abs"": 0.0, ""calendar_veto_funding_abs"": 0.0, ""calendar_veto_market_ret_abs"": 0.0, ""calendar_veto_resid_z"": 0.0, ""compression_lookback_bars"": 24, ""compression_quantile"": 0.0, ""cooldown_bars"": 18, ""entry_days_of_month"": [], ""entry_hours"": [], ""external_risk_max"": 0.0, ""family"": ""calendar_teacher_state_fade"", ""flow_lookback_bars"": 6, ""flow_persistence_bars"": 0, ""flow_persistence_threshold"": 0.0, ""flow_threshold"": 0.02, ""funding_abs_cap"": 0.00025, ""funding_rank_min"": 0.0001, ""hold_bars"": 72, ""long_allocation_scale"": 6.0, ""lookback_bars"": 336, ""max_order_value"": 175.0, ""max_rv"": 0.0, ""min_abs_return"": 0.006, ""name"": ""fresh_calendar_teacher_fade_both_lb336_fast72_z050_ret60_h72_fl2"", ""oi_rank_min"": 0.012, ""primary_symbol"": """", ""rv_lookback_bars"": 24, ""secondary_symbol"": """", ""sharpe_lookback_bars"": 24, ""sharpe_rank_min"": 0.5, ""short_allocation_scale"": 8.0, ""spread_hedge_ratio"": 1.0, ""stop_loss_pct"": 0.004, ""take_profit_pct"": 0.045, ""target_allocation"": 0.008, ""threshold"": 0.5, ""trailing_stop_cap_pct"": 0.012, ""trailing_stop_floor_pct"": 0.004, ""trailing_stop_rv_multiple"": 0.8}",fresh_calendar_teacher_fade_both_lb336_fast72_z050_ret60_h72_fl2,120,0,0.015078356734653608,60,-19.566643140218492,-9.653606875132681,-0.01507835673465363,0.004272127989425659,"{""cooldown"": 1067, ""signal_missing"": 396, ""teacher_state_rank_gap_too_small"": 30}",False,False,688,0,0.0851265766106013,344,-21.172573064963416,-11.187126497090075,-0.0851265766106013,0.004202155035572525,134,0,0.015676562436888513,67,-22.295379932126384,-13.507824211983557,-0.015588714425708194,0.004362198864145199
"train_positive,val_positive,oos_return_beats_incumbent,oos_mdd_beats_shadow,oos_sharpe_gt_1",calendar_teacher_state_fade,"{""adaptive_lookback_bars"": 72, ""allow_long"": true, ""allow_short"": true, ""broad_min_abs"": 0.006, ""calendar_long_months"": [], ""calendar_long_symbol"": """", ""calendar_short_months"": [], ""calendar_short_symbol"": """", ""calendar_veto_flow_abs"": 0.0, ""calendar_veto_funding_abs"": 0.0, ""calendar_veto_market_ret_abs"": 0.0, ""calendar_veto_resid_z"": 0.0, ""compression_lookback_bars"": 24, ""compression_quantile"": 0.0, ""cooldown_bars"": 18, ""entry_days_of_month"": [], ""entry_hours"": [], ""external_risk_max"": 1.25, ""family"": ""calendar_teacher_state_fade"", ""flow_lookback_bars"": 6, ""flow_persistence_bars"": 0, ""flow_persistence_threshold"": 0.0, ""flow_threshold"": 0.0, ""funding_abs_cap"": 0.00025, ""funding_rank_min"": 0.0001, ""hold_bars"": 72, ""long_allocation_scale"": 6.0, ""lookback_bars"": 336, ""max_order_value"": 175.0, ""max_rv"": 0.0, ""min_abs_return"": 0.006, ""name"": ""fresh_calendar_teacher_fade_both_lb336_fast72_z050_ret60_h72_fl0_xr125"", ""oi_rank_min"": 0.012, ""primary_symbol"": """", ""rv_lookback_bars"": 24, ""secondary_symbol"": """", ""sharpe_lookback_bars"": 24, ""sharpe_rank_min"": 0.5, ""short_allocation_scale"": 8.0, ""spread_hedge_ratio"": 1.0, ""stop_loss_pct"": 0.004, ""take_profit_pct"": 0.045, ""target_allocation"": 0.008, ""threshold"": 0.5, ""trailing_stop_cap_pct"": 0.012, ""trailing_stop_floor_pct"": 0.004, ""trailing_stop_rv_multiple"": 0.8}",fresh_calendar_teacher_fade_both_lb336_fast72_z050_ret60_h72_fl0_xr125,124,0,0.015089602484117677,62,-23.57398885234941,-13.376595442062532,-0.015089602484117726,0.0035486934018301697,"{""cooldown"": 1103, ""signal_missing"": 364, ""teacher_state_rank_gap_too_small"": 34}",False,False,694,0,0.09058523111166851,347,-20.488454943999095,-10.251680778758484,-0.0905852311116685,0.004634492138665452,134,0,0.017650143522265346,67,-22.597670000974666,-13.818203760041518,-0.017562471647471378,0.004853579610462311
"train_positive,val_positive,oos_return_beats_incumbent,oos_mdd_beats_shadow,oos_sharpe_gt_1",calendar_teacher_state_fade,"{""adaptive_lookback_bars"": 72, ""allow_long"": true, ""allow_short"": true, ""broad_min_abs"": 0.006, ""calendar_long_months"": [], ""calendar_long_symbol"": """", ""calendar_short_months"": [], ""calendar_short_symbol"": """", ""calendar_veto_flow_abs"": 0.0, ""calendar_veto_funding_abs"": 0.0, ""calendar_veto_market_ret_abs"": 0.0, ""calendar_veto_resid_z"": 0.0, ""compression_lookback_bars"": 24, ""compression_quantile"": 0.0, ""cooldown_bars"": 18, ""entry_days_of_month"": [], ""entry_hours"": [], ""external_risk_max"": 1.25, ""family"": ""calendar_teacher_state_fade"", ""flow_lookback_bars"": 6, ""flow_persistence_bars"": 0, ""flow_persistence_threshold"": 0.0, ""flow_threshold"": 0.0, ""funding_abs_cap"": 0.00025, ""funding_rank_min"": 0.0001, ""hold_bars"": 72, ""long_allocation_scale"": 6.0, ""lookback_bars"": 336, ""max_order_value"": 175.0, ""max_rv"": 0.0, ""min_abs_return"": 0.003, ""name"": ""fresh_calendar_teacher_fade_both_lb336_fast72_z050_ret30_h72_fl0_xr125"", ""oi_rank_min"": 0.012, ""primary_symbol"": """", ""rv_lookback_bars"": 24, ""secondary_symbol"": """", ""sharpe_lookback_bars"": 24, ""sharpe_rank_min"": 0.5, ""short_allocation_scale"": 8.0, ""spread_hedge_ratio"": 1.0, ""stop_loss_pct"": 0.004, ""take_profit_pct"": 0.045, ""target_allocation"": 0.008, ""threshold"": 0.5, ""trailing_stop_cap_pct"": 0.012, ""trailing_stop_floor_pct"": 0.004, ""trailing_stop_rv_multiple"": 0.8}",fresh_calendar_teacher_fade_both_lb336_fast72_z050_ret30_h72_fl0_xr125,126,0,0.015128289030159977,63,-23.157819687546997,-13.025861912740135,-0.015128289030159947,0.0036217888647174577,"{""cooldown"": 1121, ""signal_missing"": 351, ""teacher_state_rank_gap_too_small"": 34}",False,False,700,0,0.09229125244910556,350,-20.560279610150044,-10.263605815273339,-0.09229125244910552,0.004709621898355569,134,0,0.017707723853572173,67,-22.639887913219486,-13.832764855593576,-0.017620057117655685,0.004860555706888554
"train_positive,val_positive,oos_return_beats_incumbent,oos_mdd_beats_shadow,oos_sharpe_gt_1",calendar_teacher_state_fade,"{""adaptive_lookback_bars"": 72, ""allow_long"": true, ""allow_short"": true, ""broad_min_abs"": 0.006, ""calendar_long_months"": [], ""calendar_long_symbol"": """", ""calendar_short_months"": [], ""calendar_short_symbol"": """", ""calendar_veto_flow_abs"": 0.0, ""calendar_veto_funding_abs"": 0.0, ""calendar_veto_market_ret_abs"": 0.0, ""calendar_veto_resid_z"": 0.0, ""compression_lookback_bars"": 24, ""compression_quantile"": 0.0, ""cooldown_bars"": 18, ""entry_days_of_month"": [], ""entry_hours"": [], ""external_risk_max"": 0.0, ""family"": ""calendar_teacher_state_fade"", ""flow_lookback_bars"": 6, ""flow_persistence_bars"": 0, ""flow_persistence_threshold"": 0.0, ""flow_threshold"": 0.0, ""funding_abs_cap"": 0.00025, ""funding_rank_min"": 0.0001, ""hold_bars"": 72, ""long_allocation_scale"": 6.0, ""lookback_bars"": 336, ""max_order_value"": 175.0, ""max_rv"": 0.0, ""min_abs_return"": 0.003, ""name"": ""fresh_calendar_teacher_fade_both_lb336_fast72_z050_ret30_h72_fl0"", ""oi_rank_min"": 0.012, ""primary_symbol"": """", ""rv_lookback_bars"": 24, ""secondary_symbol"": """", ""sharpe_lookback_bars"": 24, ""sharpe_rank_min"": 0.5, ""short_allocation_scale"": 8.0, ""spread_hedge_ratio"": 1.0, ""stop_loss_pct"": 0.004, ""take_profit_pct"": 0.045, ""target_allocation"": 0.008, ""threshold"": 0.5, ""trailing_stop_cap_pct"": 0.012, ""trailing_stop_floor_pct"": 0.004, ""trailing_stop_rv_multiple"": 0.8}",fresh_calendar_teacher_fade_both_lb336_fast72_z050_ret30_h72_fl0,126,0,0.015160337568822615,63,-21.28615199455802,-11.035334373912738,-0.015160337568822624,0.003948602560783122,"{""cooldown"": 1121, ""signal_missing"": 348, ""teacher_state_rank_gap_too_small"": 34}",False,False,700,0,0.09271317552228028,350,-20.6179410130503,-10.302225422305662,-0.09271317552228031,0.004719000645544793,134,0,0.01763877164094932,67,-22.647813565520345,-13.879347338068854,-0.01755109875124794,0.004839672165955058
"train_positive,val_positive,oos_return_beats_incumbent,oos_mdd_beats_shadow,oos_sharpe_gt_1",calendar_teacher_state_fade,"{""adaptive_lookback_bars"": 72, ""allow_long"": true, ""allow_short"": true, ""broad_min_abs"": 0.006, ""calendar_long_months"": [], ""calendar_long_symbol"": """", ""calendar_short_months"": [], ""calendar_short_symbol"": """", ""calendar_veto_flow_abs"": 0.0, ""calendar_veto_funding_abs"": 0.0, ""calendar_veto_market_ret_abs"": 0.0, ""calendar_veto_resid_z"": 0.0, ""compression_lookback_bars"": 24, ""compression_quantile"": 0.0, ""cooldown_bars"": 18, ""entry_days_of_month"": [], ""entry_hours"": [], ""external_risk_max"": 0.0, ""family"": ""calendar_teacher_state_fade"", ""flow_lookback_bars"": 6, ""flow_persistence_bars"": 0, ""flow_persistence_threshold"": 0.0, ""flow_threshold"": 0.02, ""funding_abs_cap"": 0.00025, ""funding_rank_min"": 0.0001, ""hold_bars"": 72, ""long_allocation_scale"": 6.0, ""lookback_bars"": 336, ""max_order_value"": 175.0, ""max_rv"": 0.0, ""min_abs_return"": 0.009, ""name"": ""fresh_calendar_teacher_fade_both_lb336_fast72_z035_ret90_h72_fl2"", ""oi_rank_min"": 0.012, ""primary_symbol"": """", ""rv_lookback_bars"": 24, ""secondary_symbol"": """", ""sharpe_lookback_bars"": 24, ""sharpe_rank_min"": 0.5, ""short_allocation_scale"": 8.0, ""spread_hedge_ratio"": 1.0, ""stop_loss_pct"": 0.004, ""take_profit_pct"": 0.045, ""target_allocation"": 0.008, ""threshold"": 0.35, ""trailing_stop_cap_pct"": 0.012, ""trailing_stop_floor_pct"": 0.004, ""trailing_stop_rv_multiple"": 0.8}",fresh_calendar_teacher_fade_both_lb336_fast72_z035_ret90_h72_fl2,130,0,0.015211842023298413,65,-19.401234405908916,-10.440350483924547,-0.015211842023298394,0.0043469746520783175,"{""cooldown"": 1159, ""signal_missing"": 284, ""teacher_state_rank_gap_too_small"": 26}",False,False,704,0,0.09068286191641255,352,-21.073847793942114,-10.759418065523034,-0.0906828619164125,0.00451087633427805,132,0,0.01618411716544411,66,-23.243329512152467,-13.260831109900577,-0.01609631445205084,0.004321672726483789
"train_positive,val_positive,oos_return_beats_incumbent,oos_mdd_beats_shadow,oos_sharpe_gt_1",calendar_teacher_state_fade,"{""adaptive_lookback_bars"": 72, ""allow_long"": true, ""allow_short"": true, ""broad_min_abs"": 0.006, ""calendar_long_months"": [], ""calendar_long_symbol"": """", ""calendar_short_months"": [], ""calendar_short_symbol"": """", ""calendar_veto_flow_abs"": 0.0, ""calendar_veto_funding_abs"": 0.0, ""calendar_veto_market_ret_abs"": 0.0, ""calendar_veto_resid_z"": 0.0, ""compression_lookback_bars"": 24, ""compression_quantile"": 0.0, ""cooldown_bars"": 18, ""entry_days_of_month"": [], ""entry_hours"": [], ""external_risk_max"": 1.25, ""family"": ""calendar_teacher_state_fade"", ""flow_lookback_bars"": 6, ""flow_persistence_bars"": 0, ""flow_persistence_threshold"": 0.0, ""flow_threshold"": 0.0, ""funding_abs_cap"": 0.00025, ""funding_rank_min"": 0.0001, ""hold_bars"": 72, ""long_allocation_scale"": 6.0, ""lookback_bars"": 168, ""max_order_value"": 175.0, ""max_rv"": 0.0, ""min_abs_return"": 0.006, ""name"": ""fresh_calendar_teacher_fade_both_lb168_fast72_z075_ret60_h72_fl0_xr125"", ""oi_rank_min"": 0.012, ""primary_symbol"": """", ""rv_lookback_bars"": 24, ""secondary_symbol"": """", ""sharpe_lookback_bars"": 24, ""sharpe_rank_min"": 0.75, ""short_allocation_scale"": 8.0, ""spread_hedge_ratio"": 1.0, ""stop_loss_pct"": 0.004, ""take_profit_pct"": 0.045, ""target_allocation"": 0.008, ""threshold"": 0.75, ""trailing_stop_cap_pct"": 0.012, ""trailing_stop_floor_pct"": 0.004, ""trailing_stop_rv_multiple"": 0.8}",fresh_calendar_teacher_fade_both_lb168_fast72_z075_ret60_h72_fl0_xr125,130,0,0.015251586406934215,65,-23.054201695187704,-12.897349880886694,-0.015251586406934248,0.003667941736983216,"{""cooldown"": 1162, ""signal_missing"": 299, ""teacher_state_rank_gap_too_small"": 17}",False,False,732,0,0.10077853921684182,366,-22.19163051011703,-11.592517806695549,-0.10077853921684177,0.004786757763663854,126,0,0.01612935254303415,63,-23.83416829526417,-15.24360029938408,-0.01612935254303416,0.004223279887659182
"train_positive,val_positive,oos_return_beats_incumbent,oos_mdd_beats_shadow,oos_sharpe_gt_1",calendar_teacher_state_fade,"{""adaptive_lookback_bars"": 24, ""allow_long"": true, ""allow_short"": true, ""broad_min_abs"": 0.006, ""calendar_long_months"": [], ""calendar_long_symbol"": """", ""calendar_short_months"": [], ""calendar_short_symbol"": """", ""calendar_veto_flow_abs"": 0.0, ""calendar_veto_funding_abs"": 0.0, ""calendar_veto_market_ret_abs"": 0.0, ""calendar_veto_resid_z"": 0.0, ""compression_lookback_bars"": 24, ""compression_quantile"": 0.0, ""cooldown_bars"": 18, ""entry_days_of_month"": [], ""entry_hours"": [], ""external_risk_max"": 0.0, ""family"": ""calendar_teacher_state_fade"", ""flow_lookback_bars"": 6, ""flow_persistence_bars"": 0, ""flow_persistence_threshold"": 0.0, ""flow_threshold"": 0.0, ""funding_abs_cap"": 0.00025, ""funding_rank_min"": 0.0001, ""hold_bars"": 72, ""long_allocation_scale"": 6.0, ""lookback_bars"": 72, ""max_order_value"": 175.0, ""max_rv"": 0.0, ""min_abs_return"": 0.009, ""name"": ""fresh_calendar_teacher_fade_both_lb72_fast24_z075_ret90_h72_fl0"", ""oi_rank_min"": 0.012, ""primary_symbol"": """", ""rv_lookback_bars"": 24, ""secondary_symbol"": """", ""sharpe_lookback_bars"": 12, ""sharpe_rank_min"": 0.75, ""short_allocation_scale"": 8.0, ""spread_hedge_ratio"": 1.0, ""stop_loss_pct"": 0.004, ""take_profit_pct"": 0.045, ""target_allocation"": 0.008, ""threshold"": 0.75, ""trailing_stop_cap_pct"": 0.012, ""trailing_stop_floor_pct"": 0.004, ""trailing_stop_rv_multiple"": 0.8}",fresh_calendar_teacher_fade_both_lb72_fast24_z075_ret90_h72_fl0,134,0,0.015256614847131277,67,-23.023532119345607,-15.369121627544414,-0.015256614847131256,0.0036740472069404246,"{""cooldown"": 1194, ""signal_missing"": 210, ""teacher_state_rank_gap_too_small"": 74}",False,False,798,0,0.11105337040174781,399,-22.3060951331991,-11.944194430019547,-0.11105337040174779,0.005277337921956916,124,0,0.017382165143776072,62,-22.95033749062004,-11.980892523238909,-0.01737459468155811,0.0047274432617138
"train_positive,val_positive,oos_return_beats_incumbent,oos_mdd_beats_shadow,oos_sharpe_gt_1",calendar_teacher_state_fade,"{""adaptive_lookback_bars"": 24, ""allow_long"": true, ""allow_short"": true, ""broad_min_abs"": 0.006, ""calendar_long_months"": [], ""calendar_long_symbol"": """", ""calendar_short_months"": [], ""calendar_short_symbol"": """", ""calendar_veto_flow_abs"": 0.0, ""calendar_veto_funding_abs"": 0.0, ""calendar_veto_market_ret_abs"": 0.0, ""calendar_veto_resid_z"": 0.0, ""compression_lookback_bars"": 24, ""compression_quantile"": 0.0, ""cooldown_bars"": 18, ""entry_days_of_month"": [], ""entry_hours"": [], ""external_risk_max"": 1.25, ""family"": ""calendar_teacher_state_fade"", ""flow_lookback_bars"": 6, ""flow_persistence_bars"": 0, ""flow_persistence_threshold"": 0.0, ""flow_threshold"": 0.0, ""funding_abs_cap"": 0.00025, ""funding_rank_min"": 0.0001, ""hold_bars"": 72, ""long_allocation_scale"": 6.0, ""lookback_bars"": 72, ""max_order_value"": 175.0, ""max_rv"": 0.0, ""min_abs_return"": 0.009, ""name"": ""fresh_calendar_teacher_fade_both_lb72_fast24_z075_ret90_h72_fl0_xr125"", ""oi_rank_min"": 0.012, ""primary_symbol"": """", ""rv_lookback_bars"": 24, ""secondary_symbol"": """", ""sharpe_lookback_bars"": 12, ""sharpe_rank_min"": 0.75, ""short_allocation_scale"": 8.0, ""spread_hedge_ratio"": 1.0, ""stop_loss_pct"": 0.004, ""take_profit_pct"": 0.045, ""target_allocation"": 0.008, ""threshold"": 0.75, ""trailing_stop_cap_pct"": 0.012, ""trailing_stop_floor_pct"": 0.004, ""trailing_stop_rv_multiple"": 0.8}",fresh_calendar_teacher_fade_both_lb72_fast24_z075_ret90_h72_fl0_xr125,134,0,0.015256614847131277,67,-23.023532119345607,-15.369121627544414,-0.015256614847131256,0.0036740472069404246,"{""cooldown"": 1194, ""signal_missing"": 210, ""teacher_state_rank_gap_too_small"": 74}",False,False,794,0,0.11025569786303022,397,-22.34529665663309,-11.92369274634711,-0.11025569786303024,0.005227948038593423,124,0,0.016564628680221617,62,-23.664059014698125,-13.060532144317053,-0.016557051919391275,0.00436736202500029
"train_positive,val_positive,oos_return_beats_incumbent,oos_mdd_beats_shadow,oos_sharpe_gt_1",calendar_teacher_state_fade,"{""adaptive_lookback_bars"": 72, ""allow_long"": true, ""allow_short"": true, ""broad_min_abs"": 0.006, ""calendar_long_months"": [], ""calendar_long_symbol"": """", ""calendar_short_months"": [], ""calendar_short_symbol"": """", ""calendar_veto_flow_abs"": 0.0, ""calendar_veto_funding_abs"": 0.0, ""calendar_veto_market_ret_abs"": 0.0, ""calendar_veto_resid_z"": 0.0, ""compression_lookback_bars"": 24, ""compression_quantile"": 0.0, ""cooldown_bars"": 18, ""entry_days_of_month"": [], ""entry_hours"": [], ""external_risk_max"": 0.0, ""family"": ""calendar_teacher_state_fade"", ""flow_lookback_bars"": 6, ""flow_persistence_bars"": 0, ""flow_persistence_threshold"": 0.0, ""flow_threshold"": 0.0, ""funding_abs_cap"": 0.00025, ""funding_rank_min"": 0.0001, ""hold_bars"": 72, ""long_allocation_scale"": 6.0, ""lookback_bars"": 168, ""max_order_value"": 175.0, ""max_rv"": 0.0, ""min_abs_return"": 0.003, ""name"": ""fresh_calendar_teacher_fade_both_lb168_fast72_z075_ret30_h72_fl0"", ""oi_rank_min"": 0.012, ""primary_symbol"": """", ""rv_lookback_bars"": 24, ""secondary_symbol"": """", ""sharpe_lookback_bars"": 24, ""sharpe_rank_min"": 0.75, ""short_allocation_scale"": 8.0, ""spread_hedge_ratio"": 1.0, ""stop_loss_pct"": 0.004, ""take_profit_pct"": 0.045, ""target_allocation"": 0.008, ""threshold"": 0.75, ""trailing_stop_cap_pct"": 0.012, ""trailing_stop_floor_pct"": 0.004, ""trailing_stop_rv_multiple"": 0.8}",fresh_calendar_teacher_fade_both_lb168_fast72_z075_ret30_h72_fl0,130,0,0.015271804888944876,65,-22.495834635640616,-12.343638623704898,-0.015271804888944862,0.0037639895894290556,"{""cooldown"": 1162, ""signal_missing"": 292, ""teacher_state_rank_gap_too_small"": 18}",False,False,736,0,0.10191540228197554,368,-22.31446763272198,-11.76334454494379,-0.10191052118770416,0.004816856268112584,130,0,0.017102142764213474,65,-24.31898673299563,-15.797647792397072,-0.017102142764213513,0.0043908773904244415
"train_positive,val_positive,oos_return_beats_incumbent,oos_mdd_beats_shadow,oos_sharpe_gt_1",calendar_teacher_state_fade,"{""adaptive_lookback_bars"": 72, ""allow_long"": true, ""allow_short"": true, ""broad_min_abs"": 0.006, ""calendar_long_months"": [], ""calendar_long_symbol"": """", ""calendar_short_months"": [], ""calendar_short_symbol"": """", ""calendar_veto_flow_abs"": 0.0, ""calendar_veto_funding_abs"": 0.0, ""calendar_veto_market_ret_abs"": 0.0, ""calendar_veto_resid_z"": 0.0, ""compression_lookback_bars"": 24, ""compression_quantile"": 0.0, ""cooldown_bars"": 18, ""entry_days_of_month"": [], ""entry_hours"": [], ""external_risk_max"": 0.0, ""family"": ""calendar_teacher_state_fade"", ""flow_lookback_bars"": 6, ""flow_persistence_bars"": 0, ""flow_persistence_threshold"": 0.0, ""flow_threshold"": 0.0, ""funding_abs_cap"": 0.00025, ""funding_rank_min"": 0.0001, ""hold_bars"": 72, ""long_allocation_scale"": 6.0, ""lookback_bars"": 168, ""max_order_value"": 175.0, ""max_rv"": 0.0, ""min_abs_return"": 0.009, ""name"": ""fresh_calendar_teacher_fade_both_lb168_fast72_z075_ret90_h72_fl0"", ""oi_rank_min"": 0.012, ""primary_symbol"": """", ""rv_lookback_bars"": 24, ""secondary_symbol"": """", ""sharpe_lookback_bars"": 24, ""sharpe_rank_min"": 0.75, ""short_allocation_scale"": 8.0, ""spread_hedge_ratio"": 1.0, ""stop_loss_pct"": 0.004, ""take_profit_pct"": 0.045, ""target_allocation"": 0.008, ""threshold"": 0.75, ""trailing_stop_cap_pct"": 0.012, ""trailing_stop_floor_pct"": 0.004, ""trailing_stop_rv_multiple"": 0.8}",fresh_calendar_teacher_fade_both_lb168_fast72_z075_ret90_h72_fl0,132,0,0.015273798826010713,66,-22.67394440429297,-12.58188480552818,-0.015273798826010765,0.0037349186598374736,"{""cooldown"": 1180, ""signal_missing"": 286, ""teacher_state_rank_gap_too_small"": 17}",False,False,730,0,0.10152719419416008,365,-22.320765835955495,-11.68639245276508,-0.10152719419416012,0.004796381320462204,128,0,0.017104127810365598,64,-23.750358543531153,-14.433527208820687,-0.017104127810365632,0.004496509905227403
"train_positive,val_positive,oos_return_beats_incumbent,oos_mdd_beats_shadow,oos_sharpe_gt_1",calendar_teacher_state_fade,"{""adaptive_lookback_bars"": 24, ""allow_long"": true, ""allow_short"": true, ""broad_min_abs"": 0.006, ""calendar_long_months"": [], ""calendar_long_symbol"": """", ""calendar_short_months"": [], ""calendar_short_symbol"": """", ""calendar_veto_flow_abs"": 0.0, ""calendar_veto_funding_abs"": 0.0, ""calendar_veto_market_ret_abs"": 0.0, ""calendar_veto_resid_z"": 0.0, ""compression_lookback_bars"": 24, ""compression_quantile"": 0.0, ""cooldown_bars"": 18, ""entry_days_of_month"": [], ""entry_hours"": [], ""external_risk_max"": 1.25, ""family"": ""calendar_teacher_state_fade"", ""flow_lookback_bars"": 6, ""flow_persistence_bars"": 0, ""flow_persistence_threshold"": 0.0, ""flow_threshold"": 0.02, ""funding_abs_cap"": 0.00025, ""funding_rank_min"": 0.0001, ""hold_bars"": 72, ""long_allocation_scale"": 6.0, ""lookback_bars"": 72, ""max_order_value"": 175.0, ""max_rv"": 0.0, ""min_abs_return"": 0.003, ""name"": ""fresh_calendar_teacher_fade_both_lb72_fast24_z075_ret30_h72_fl2_xr125"", ""oi_rank_min"": 0.012, ""primary_symbol"": """", ""rv_lookback_bars"": 24, ""secondary_symbol"": """", ""sharpe_lookback_bars"": 12, ""sharpe_rank_min"": 0.75, ""short_allocation_scale"": 8.0, ""spread_hedge_ratio"": 1.0, ""stop_loss_pct"": 0.004, ""take_profit_pct"": 0.045, ""target_allocation"": 0.008, ""threshold"": 0.75, ""trailing_stop_cap_pct"": 0.012, ""trailing_stop_floor_pct"": 0.004, ""trailing_stop_rv_multiple"": 0.8}",fresh_calendar_teacher_fade_both_lb72_fast24_z075_ret30_h72_fl2_xr125,136,0,0.015466327633290712,68,-22.595653604246877,-14.065770345828664,-0.0154663276332907,0.0037954657471122037,"{""cooldown"": 1212, ""signal_missing"": 182, ""teacher_state_rank_gap_too_small"": 55}",False,False,792,0,0.10428876265793552,396,-22.2217067859672,-12.09307849631817,-0.10428876265793552,0.004956270788921866,124,0,0.01629386074678983,62,-25.40153966784271,-15.071373981193195,-0.016286281899860144,0.004001599521613703
"train_positive,val_positive,oos_return_beats_incumbent,oos_mdd_beats_shadow,oos_sharpe_gt_1",calendar_teacher_state_fade,"{""adaptive_lookback_bars"": 72, ""allow_long"": true, ""allow_short"": true, ""broad_min_abs"": 0.006, ""calendar_long_months"": [], ""calendar_long_symbol"": """", ""calendar_short_months"": [], ""calendar_short_symbol"": """", ""calendar_veto_flow_abs"": 0.0, ""calendar_veto_funding_abs"": 0.0, ""calendar_veto_market_ret_abs"": 0.0, ""calendar_veto_resid_z"": 0.0, ""compression_lookback_bars"": 24, ""compression_quantile"": 0.0, ""cooldown_bars"": 18, ""entry_days_of_month"": [], ""entry_hours"": [], ""external_risk_max"": 0.0, ""family"": ""calendar_teacher_state_fade"", ""flow_lookback_bars"": 6, ""flow_persistence_bars"": 0, ""flow_persistence_threshold"": 0.0, ""flow_threshold"": 0.02, ""funding_abs_cap"": 0.00025, ""funding_rank_min"": 0.0001, ""hold_bars"": 72, ""long_allocation_scale"": 6.0, ""lookback_bars"": 336, ""max_order_value"": 175.0, ""max_rv"": 0.0, ""min_abs_return"": 0.003, ""name"": ""fresh_calendar_teacher_fade_both_lb336_fast72_z050_ret30_h72_fl2"", ""oi_rank_min"": 0.012, ""primary_symbol"": """", ""rv_lookback_bars"": 24, ""secondary_symbol"": """", ""sharpe_lookback_bars"": 24, ""sharpe_rank_min"": 0.5, ""short_allocation_scale"": 8.0, ""spread_hedge_ratio"": 1.0, ""stop_loss_pct"": 0.004, ""take_profit_pct"": 0.045, ""target_allocation"": 0.008, ""threshold"": 0.5, ""trailing_stop_cap_pct"": 0.012, ""trailing_stop_floor_pct"": 0.004, ""trailing_stop_rv_multiple"": 0.8}",fresh_calendar_teacher_fade_both_lb336_fast72_z050_ret30_h72_fl2,122,0,0.015483562829221045,61,-20.186789553636967,-9.746549466706737,-0.015483562829221031,0.004253054422703356,"{""cooldown"": 1085, ""signal_missing"": 383, ""teacher_state_rank_gap_too_small"": 30}",False,False,694,0,0.0871727017815958,347,-21.194312288602674,-11.09147448715178,-0.08717270178159575,0.004303477809848134,134,0,0.01679775418983521,67,-23.1440132433249,-13.470980933060957,-0.016710006241766218,0.004507075290797084
"train_positive,val_positive,oos_return_beats_incumbent,oos_mdd_beats_shadow,oos_sharpe_gt_1",calendar_teacher_state_fade,"{""adaptive_lookback_bars"": 72, ""allow_long"": true, ""allow_short"": true, ""broad_min_abs"": 0.006, ""calendar_long_months"": [], ""calendar_long_symbol"": """", ""calendar_short_months"": [], ""calendar_short_symbol"": """", ""calendar_veto_flow_abs"": 0.0, ""calendar_veto_funding_abs"": 0.0, ""calendar_veto_market_ret_abs"": 0.0, ""calendar_veto_resid_z"": 0.0, ""compression_lookback_bars"": 24, ""compression_quantile"": 0.0, ""cooldown_bars"": 18, ""entry_days_of_month"": [], ""entry_hours"": [], ""external_risk_max"": 0.0, ""family"": ""calendar_teacher_state_fade"", ""flow_lookback_bars"": 6, ""flow_persistence_bars"": 0, ""flow_persistence_threshold"": 0.0, ""flow_threshold"": 0.0, ""funding_abs_cap"": 0.00025, ""funding_rank_min"": 0.0001, ""hold_bars"": 72, ""long_allocation_scale"": 6.0, ""lookback_bars"": 336, ""max_order_value"": 175.0, ""max_rv"": 0.0, ""min_abs_return"": 0.006, ""name"": ""fresh_calendar_teacher_fade_both_lb336_fast72_z050_ret60_h72_fl0"", ""oi_rank_min"": 0.012, ""primary_symbol"": """", ""rv_lookback_bars"": 24, ""secondary_symbol"": """", ""sharpe_lookback_bars"": 24, ""sharpe_rank_min"": 0.5, ""short_allocation_scale"": 8.0, ""spread_hedge_ratio"": 1.0, ""stop_loss_pct"": 0.004, ""take_profit_pct"": 0.045, ""target_allocation"": 0.008, ""threshold"": 0.5, ""trailing_stop_cap_pct"": 0.012, ""trailing_stop_floor_pct"": 0.004, ""trailing_stop_rv_multiple"": 0.8}",fresh_calendar_teacher_fade_both_lb336_fast72_z050_ret60_h72_fl0,124,0,0.015498281769312235,62,-21.417621983771888,-10.926053858220117,-0.015498281769312228,0.004012526374766663,"{""cooldown"": 1103, ""signal_missing"": 363, ""teacher_state_rank_gap_too_small"": 34}",False,False,694,0,0.0910221404796017,347,-20.523715916099896,-10.262266531444844,-0.09102214047960167,0.0046499428394894396,134,0,0.01758122683539322,67,-22.60559722035668,-13.86521842903387,-0.017493548809984882,0.0048326702066850405
"train_positive,val_positive,oos_return_beats_incumbent,oos_mdd_beats_shadow,oos_sharpe_gt_1",calendar_teacher_state_fade,"{""adaptive_lookback_bars"": 72, ""allow_long"": true, ""allow_short"": true, ""broad_min_abs"": 0.006, ""calendar_long_months"": [], ""calendar_long_symbol"": """", ""calendar_short_months"": [], ""calendar_short_symbol"": """", ""calendar_veto_flow_abs"": 0.0, ""calendar_veto_funding_abs"": 0.0, ""calendar_veto_market_ret_abs"": 0.0, ""calendar_veto_resid_z"": 0.0, ""compression_lookback_bars"": 24, ""compression_quantile"": 0.0, ""cooldown_bars"": 18, ""entry_days_of_month"": [], ""entry_hours"": [], ""external_risk_max"": 0.0, ""family"": ""calendar_teacher_state_fade"", ""flow_lookback_bars"": 6, ""flow_persistence_bars"": 0, ""flow_persistence_threshold"": 0.0, ""flow_threshold"": 0.0, ""funding_abs_cap"": 0.00025, ""funding_rank_min"": 0.0001, ""hold_bars"": 72, ""long_allocation_scale"": 6.0, ""lookback_bars"": 168, ""max_order_value"": 175.0, ""max_rv"": 0.0, ""min_abs_return"": 0.006, ""name"": ""fresh_calendar_teacher_fade_both_lb168_fast72_z075_ret60_h72_fl0"", ""oi_rank_min"": 0.012, ""primary_symbol"": """", ""rv_lookback_bars"": 24, ""secondary_symbol"": """", ""sharpe_lookback_bars"": 24, ""sharpe_rank_min"": 0.75, ""short_allocation_scale"": 8.0, ""spread_hedge_ratio"": 1.0, ""stop_loss_pct"": 0.004, ""take_profit_pct"": 0.045, ""target_allocation"": 0.008, ""threshold"": 0.75, ""trailing_stop_cap_pct"": 0.012, ""trailing_stop_floor_pct"": 0.004, ""trailing_stop_rv_multiple"": 0.8}",fresh_calendar_teacher_fade_both_lb168_fast72_z075_ret60_h72_fl0,130,0,0.01550123686569758,65,-22.755945771508742,-12.329396185026871,-0.015501236865697599,0.0037773075296529913,"{""cooldown"": 1162, ""signal_missing"": 299, ""teacher_state_rank_gap_too_small"": 17}",False,False,732,0,0.10109341662394872,366,-22.21552759830187,-11.610339880817742,-0.10109341662394877,0.004797373010196769,128,0,0.016656197649934062,64,-24.079471583778627,-15.414163896389548,-0.01665619764993409,0.004317946830032283
"train_positive,val_positive,oos_return_beats_incumbent,oos_mdd_beats_shadow,oos_sharpe_gt_1",calendar_teacher_state_fade,"{""adaptive_lookback_bars"": 72, ""allow_long"": true, ""allow_short"": true, ""broad_min_abs"": 0.006, ""calendar_long_months"": [], ""calendar_long_symbol"": """", ""calendar_short_months"": [], ""calendar_short_symbol"": """", ""calendar_veto_flow_abs"": 0.0, ""calendar_veto_funding_abs"": 0.0, ""calendar_veto_market_ret_abs"": 0.0, ""calendar_veto_resid_z"": 0.0, ""compression_lookback_bars"": 24, ""compression_quantile"": 0.0, ""cooldown_bars"": 18, ""entry_days_of_month"": [], ""entry_hours"": [], ""external_risk_max"": 1.25, ""family"": ""calendar_teacher_state_fade"", ""flow_lookback_bars"": 6, ""flow_persistence_bars"": 0, ""flow_persistence_threshold"": 0.0, ""flow_threshold"": 0.0, ""funding_abs_cap"": 0.00025, ""funding_rank_min"": 0.0001, ""hold_bars"": 72, ""long_allocation_scale"": 6.0, ""lookback_bars"": 168, ""max_order_value"": 175.0, ""max_rv"": 0.0, ""min_abs_return"": 0.003, ""name"": ""fresh_calendar_teacher_fade_both_lb168_fast72_z050_ret30_h72_fl0_xr125"", ""oi_rank_min"": 0.012, ""primary_symbol"": """", ""rv_lookback_bars"": 24, ""secondary_symbol"": """", ""sharpe_lookback_bars"": 24, ""sharpe_rank_min"": 0.5, ""short_allocation_scale"": 8.0, ""spread_hedge_ratio"": 1.0, ""stop_loss_pct"": 0.004, ""take_profit_pct"": 0.045, ""target_allocation"": 0.008, ""threshold"": 0.5, ""trailing_stop_cap_pct"": 0.012, ""trailing_stop_floor_pct"": 0.004, ""trailing_stop_rv_multiple"": 0.8}",fresh_calendar_teacher_fade_both_lb168_fast72_z050_ret30_h72_fl0_xr125,138,0,0.01551351824131167,69,-22.525418389844496,-13.989499060547605,-0.015513518241311641,0.003819005178878225,"{""cooldown"": 1235, ""signal_missing"": 215}",False,False,782,0,0.10540017512668001,391,-23.04281136931044,-12.564484124620568,-0.10537404168880005,0.004832305326545431,134,0,0.017900425257208887,67,-25.873342645647273,-16.07604511229118,-0.01790042525720892,0.004321512671576826
"train_positive,val_positive,oos_return_beats_incumbent,oos_mdd_beats_shadow,oos_sharpe_gt_1",calendar_teacher_state_fade,"{""adaptive_lookback_bars"": 24, ""allow_long"": true, ""allow_short"": true, ""broad_min_abs"": 0.006, ""calendar_long_months"": [], ""calendar_long_symbol"": """", ""calendar_short_months"": [], ""calendar_short_symbol"": """", ""calendar_veto_flow_abs"": 0.0, ""calendar_veto_funding_abs"": 0.0, ""calendar_veto_market_ret_abs"": 0.0, ""calendar_veto_resid_z"": 0.0, ""compression_lookback_bars"": 24, ""compression_quantile"": 0.0, ""cooldown_bars"": 18, ""entry_days_of_month"": [], ""entry_hours"": [], ""external_risk_max"": 0.0, ""family"": ""calendar_teacher_state_fade"", ""flow_lookback_bars"": 6, ""flow_persistence_bars"": 0, ""flow_persistence_threshold"": 0.0, ""flow_threshold"": 0.02, ""funding_abs_cap"": 0.00025, ""funding_rank_min"": 0.0001, ""hold_bars"": 72, ""long_allocation_scale"": 6.0, ""lookback_bars"": 72, ""max_order_value"": 175.0, ""max_rv"": 0.0, ""min_abs_return"": 0.009, ""name"": ""fresh_calendar_teacher_fade_both_lb72_fast24_z075_ret90_h72_fl2"", ""oi_rank_min"": 0.012, ""primary_symbol"": """", ""rv_lookback_bars"": 24, ""secondary_symbol"": """", ""sharpe_lookback_bars"": 12, ""sharpe_rank_min"": 0.75, ""short_allocation_scale"": 8.0, ""spread_hedge_ratio"": 1.0, ""stop_loss_pct"": 0.004, ""take_profit_pct"": 0.045, ""target_allocation"": 0.008, ""threshold"": 0.75, ""trailing_stop_cap_pct"": 0.012, ""trailing_stop_floor_pct"": 0.004, ""trailing_stop_rv_multiple"": 0.8}",fresh_calendar_teacher_fade_both_lb72_fast24_z075_ret90_h72_fl2,132,0,0.015572936294654028,66,-21.88231987831456,-12.432320249686512,-0.01557293629465406,0.003946396122702337,"{""cooldown"": 1176, ""signal_missing"": 227, ""teacher_state_rank_gap_too_small"": 77}",False,False,780,0,0.10395054754389112,390,-22.180204901825007,-11.973359057631232,-0.1039505475438911,0.004948523877918247,124,0,0.01789791411075914,62,-23.431997386970338,-12.241170938927544,-0.01789034762206776,0.004768966905461646
"train_positive,val_positive,oos_return_beats_incumbent,oos_mdd_beats_shadow,oos_sharpe_gt_1",calendar_teacher_state_fade,"{""adaptive_lookback_bars"": 72, ""allow_long"": true, ""allow_short"": true, ""broad_min_abs"": 0.006, ""calendar_long_months"": [], ""calendar_long_symbol"": """", ""calendar_short_months"": [], ""calendar_short_symbol"": """", ""calendar_veto_flow_abs"": 0.0, ""calendar_veto_funding_abs"": 0.0, ""calendar_veto_market_ret_abs"": 0.0, ""calendar_veto_resid_z"": 0.0, ""compression_lookback_bars"": 24, ""compression_quantile"": 0.0, ""cooldown_bars"": 18, ""entry_days_of_month"": [], ""entry_hours"": [], ""external_risk_max"": 1.25, ""family"": ""calendar_teacher_state_fade"", ""flow_lookback_bars"": 6, ""flow_persistence_bars"": 0, ""flow_persistence_threshold"": 0.0, ""flow_threshold"": 0.0, ""funding_abs_cap"": 0.00025, ""funding_rank_min"": 0.0001, ""hold_bars"": 72, ""long_allocation_scale"": 6.0, ""lookback_bars"": 168, ""max_order_value"": 175.0, ""max_rv"": 0.0, ""min_abs_return"": 0.009, ""name"": ""fresh_calendar_teacher_fade_both_lb168_fast72_z050_ret90_h72_fl0_xr125"", ""oi_rank_min"": 0.012, ""primary_symbol"": """", ""rv_lookback_bars"": 24, ""secondary_symbol"": """", ""sharpe_lookback_bars"": 24, ""sharpe_rank_min"": 0.5, ""short_allocation_scale"": 8.0, ""spread_hedge_ratio"": 1.0, ""stop_loss_pct"": 0.004, ""take_profit_pct"": 0.045, ""target_allocation"": 0.008, ""threshold"": 0.5, ""trailing_stop_cap_pct"": 0.012, ""trailing_stop_floor_pct"": 0.004, ""trailing_stop_rv_multiple"": 0.8}",fresh_calendar_teacher_fade_both_lb168_fast72_z050_ret90_h72_fl0_xr125,140,0,0.015683203418881714,70,-22.399903191164487,-13.486109160632475,-0.01568320341888174,0.0038827366224924477,"{""cooldown"": 1248, ""signal_missing"": 218, ""teacher_state_rank_gap_too_small"": 2}",False,False,770,0,0.10570899183148849,385,-22.552926439535238,-12.03503915073185,-0.10570899183148852,0.0049538500506176525,132,0,0.016665222026551428,66,-25.648206484153164,-16.326350588308685,-0.016665222026551407,0.0040561037982892595
"train_positive,val_positive,oos_return_beats_incumbent,oos_mdd_beats_shadow,oos_sharpe_gt_1",calendar_teacher_state_fade,"{""adaptive_lookback_bars"": 72, ""allow_long"": true, ""allow_short"": true, ""broad_min_abs"": 0.006, ""calendar_long_months"": [], ""calendar_long_symbol"": """", ""calendar_short_months"": [], ""calendar_short_symbol"": """", ""calendar_veto_flow_abs"": 0.0, ""calendar_veto_funding_abs"": 0.0, ""calendar_veto_market_ret_abs"": 0.0, ""calendar_veto_resid_z"": 0.0, ""compression_lookback_bars"": 24, ""compression_quantile"": 0.0, ""cooldown_bars"": 18, ""entry_days_of_month"": [], ""entry_hours"": [], ""external_risk_max"": 0.0, ""family"": ""calendar_teacher_state_fade"", ""flow_lookback_bars"": 6, ""flow_persistence_bars"": 0, ""flow_persistence_threshold"": 0.0, ""flow_threshold"": 0.02, ""funding_abs_cap"": 0.00025, ""funding_rank_min"": 0.0001, ""hold_bars"": 72, ""long_allocation_scale"": 6.0, ""lookback_bars"": 168, ""max_order_value"": 175.0, ""max_rv"": 0.0, ""min_abs_return"": 0.003, ""name"": ""fresh_calendar_teacher_fade_both_lb168_fast72_z075_ret30_h72_fl2"", ""oi_rank_min"": 0.012, ""primary_symbol"": """", ""rv_lookback_bars"": 24, ""secondary_symbol"": """", ""sharpe_lookback_bars"": 24, ""sharpe_rank_min"": 0.75, ""short_allocation_scale"": 8.0, ""spread_hedge_ratio"": 1.0, ""stop_loss_pct"": 0.004, ""take_profit_pct"": 0.045, ""target_allocation"": 0.008, ""threshold"": 0.75, ""trailing_stop_cap_pct"": 0.012, ""trailing_stop_floor_pct"": 0.004, ""trailing_stop_rv_multiple"": 0.8}",fresh_calendar_teacher_fade_both_lb168_fast72_z075_ret30_h72_fl2,128,0,0.01570520396102973,64,-22.145209456103643,-11.850464047951366,-0.0157052039610297,0.003932937078932893,"{""cooldown"": 1144, ""signal_missing"": 310, ""teacher_state_rank_gap_too_small"": 17}",False,False,726,0,0.09626269888280167,363,-21.874015827923206,-11.536927629372096,-0.09625778705649968,0.004627014429319909,126,0,0.016341509367976105,63,-23.427341906398173,-13.802416689165058,-0.01634150936797607,0.004353583468725591
"train_positive,val_positive,oos_return_beats_incumbent,oos_mdd_beats_shadow,oos_sharpe_gt_1",calendar_teacher_state_fade,"{""adaptive_lookback_bars"": 72, ""allow_long"": true, ""allow_short"": true, ""broad_min_abs"": 0.006, ""calendar_long_months"": [], ""calendar_long_symbol"": """", ""calendar_short_months"": [], ""calendar_short_symbol"": """", ""calendar_veto_flow_abs"": 0.0, ""calendar_veto_funding_abs"": 0.0, ""calendar_veto_market_ret_abs"": 0.0, ""calendar_veto_resid_z"": 0.0, ""compression_lookback_bars"": 24, ""compression_quantile"": 0.0, ""cooldown_bars"": 18, ""entry_days_of_month"": [], ""entry_hours"": [], ""external_risk_max"": 0.0, ""family"": ""calendar_teacher_state_fade"", ""flow_lookback_bars"": 6, ""flow_persistence_bars"": 0, ""flow_persistence_threshold"": 0.0, ""flow_threshold"": 0.02, ""funding_abs_cap"": 0.00025, ""funding_rank_min"": 0.0001, ""hold_bars"": 72, ""long_allocation_scale"": 6.0, ""lookback_bars"": 168, ""max_order_value"": 175.0, ""max_rv"": 0.0, ""min_abs_return"": 0.009, ""name"": ""fresh_calendar_teacher_fade_both_lb168_fast72_z075_ret90_h72_fl2"", ""oi_rank_min"": 0.012, ""primary_symbol"": """", ""rv_lookback_bars"": 24, ""secondary_symbol"": """", ""sharpe_lookback_bars"": 24, ""sharpe_rank_min"": 0.75, ""short_allocation_scale"": 8.0, ""spread_hedge_ratio"": 1.0, ""stop_loss_pct"": 0.004, ""take_profit_pct"": 0.045, ""target_allocation"": 0.008, ""threshold"": 0.75, ""trailing_stop_cap_pct"": 0.012, ""trailing_stop_floor_pct"": 0.004, ""trailing_stop_rv_multiple"": 0.8}",fresh_calendar_teacher_fade_both_lb168_fast72_z075_ret90_h72_fl2,128,0,0.015714214106075118,64,-22.11308252077986,-11.706710432007124,-0.015714214106075097,0.003940927415591971,"{""cooldown"": 1144, ""signal_missing"": 321, ""teacher_state_rank_gap_too_small"": 16}",False,False,724,0,0.09688459122736294,362,-21.960122206680214,-11.605059810535089,-0.09688459122736293,0.004640466050021629,126,0,0.015715190453729915,63,-23.845284710835283,-15.241426267507194,-0.015715190453729933,0.004112065436323393
"train_positive,val_positive,oos_return_beats_incumbent,oos_mdd_beats_shadow,oos_sharpe_gt_1",calendar_teacher_state_fade,"{""adaptive_lookback_bars"": 24, ""allow_long"": true, ""allow_short"": true, ""broad_min_abs"": 0.006, ""calendar_long_months"": [], ""calendar_long_symbol"": """", ""calendar_short_months"": [], ""calendar_short_symbol"": """", ""calendar_veto_flow_abs"": 0.0, ""calendar_veto_funding_abs"": 0.0, ""calendar_veto_market_ret_abs"": 0.0, ""calendar_veto_resid_z"": 0.0, ""compression_lookback_bars"": 24, ""compression_quantile"": 0.0, ""cooldown_bars"": 18, ""entry_days_of_month"": [], ""entry_hours"": [], ""external_risk_max"": 1.25, ""family"": ""calendar_teacher_state_fade"", ""flow_lookback_bars"": 6, ""flow_persistence_bars"": 0, ""flow_persistence_threshold"": 0.0, ""flow_threshold"": 0.0, ""funding_abs_cap"": 0.00025, ""funding_rank_min"": 0.0001, ""hold_bars"": 72, ""long_allocation_scale"": 6.0, ""lookback_bars"": 72, ""max_order_value"": 175.0, ""max_rv"": 0.0, ""min_abs_return"": 0.003, ""name"": ""fresh_calendar_teacher_fade_both_lb72_fast24_z075_ret30_h72_fl0_xr125"", ""oi_rank_min"": 0.012, ""primary_symbol"": """", ""rv_lookback_bars"": 24, ""secondary_symbol"": """", ""sharpe_lookback_bars"": 12, ""sharpe_rank_min"": 0.75, ""short_allocation_scale"": 8.0, ""spread_hedge_ratio"": 1.0, ""stop_loss_pct"": 0.004, ""take_profit_pct"": 0.045, ""target_allocation"": 0.008, ""threshold"": 0.75, ""trailing_stop_cap_pct"": 0.012, ""trailing_stop_floor_pct"": 0.004, ""trailing_stop_rv_multiple"": 0.8}",fresh_calendar_teacher_fade_both_lb72_fast24_z075_ret30_h72_fl0_xr125,140,0,0.015849389499567042,70,-23.31544744630899,-14.677540782240142,-0.015849389499567046,0.003770137178280274,"{""cooldown"": 1248, ""signal_missing"": 147, ""teacher_state_rank_gap_too_small"": 55}",False,False,800,0,0.11097234742305082,400,-22.419926492529097,-12.00181161828411,-0.11097234742305084,0.005246485270244744,126,0,0.017538988464079072,63,-24.056648007970047,-13.032113522496902,-0.017531419210087718,0.004551146964558917
"train_positive,val_positive,oos_return_beats_incumbent,oos_mdd_beats_shadow,oos_sharpe_gt_1",calendar_teacher_state_fade,"{""adaptive_lookback_bars"": 72, ""allow_long"": true, ""allow_short"": true, ""broad_min_abs"": 0.006, ""calendar_long_months"": [], ""calendar_long_symbol"": """", ""calendar_short_months"": [], ""calendar_short_symbol"": """", ""calendar_veto_flow_abs"": 0.0, ""calendar_veto_funding_abs"": 0.0, ""calendar_veto_market_ret_abs"": 0.0, ""calendar_veto_resid_z"": 0.0, ""compression_lookback_bars"": 24, ""compression_quantile"": 0.0, ""cooldown_bars"": 18, ""entry_days_of_month"": [], ""entry_hours"": [], ""external_risk_max"": 0.0, ""family"": ""calendar_teacher_state_fade"", ""flow_lookback_bars"": 6, ""flow_persistence_bars"": 0, ""flow_persistence_threshold"": 0.0, ""flow_threshold"": 0.0, ""funding_abs_cap"": 0.00025, ""funding_rank_min"": 0.0001, ""hold_bars"": 72, ""long_allocation_scale"": 6.0, ""lookback_bars"": 168, ""max_order_value"": 175.0, ""max_rv"": 0.0, ""min_abs_return"": 0.003, ""name"": ""fresh_calendar_teacher_fade_both_lb168_fast72_z050_ret30_h72_fl0"", ""oi_rank_min"": 0.012, ""primary_symbol"": """", ""rv_lookback_bars"": 24, ""secondary_symbol"": """", ""sharpe_lookback_bars"": 24, ""sharpe_rank_min"": 0.5, ""short_allocation_scale"": 8.0, ""spread_hedge_ratio"": 1.0, ""stop_loss_pct"": 0.004, ""take_profit_pct"": 0.045, ""target_allocation"": 0.008, ""threshold"": 0.5, ""trailing_stop_cap_pct"": 0.012, ""trailing_stop_floor_pct"": 0.004, ""trailing_stop_rv_multiple"": 0.8}",fresh_calendar_teacher_fade_both_lb168_fast72_z050_ret30_h72_fl0,138,0,0.01587275739724495,69,-22.27701739184412,-13.284963666773722,-0.01587275739724492,0.003951713372938139,"{""cooldown"": 1235, ""signal_missing"": 215}",False,False,782,0,0.10522637518725314,391,-23.06895063692265,-12.613929334970242,-0.10520024174937315,0.00481841142301077,134,0,0.01810535065313636,67,-25.877268779741197,-15.98519306979082,-0.018105350653136343,0.004370772718764798
"train_positive,val_positive,oos_return_beats_incumbent,oos_mdd_beats_shadow,oos_sharpe_gt_1",calendar_teacher_state_fade,"{""adaptive_lookback_bars"": 72, ""allow_long"": true, ""allow_short"": true, ""broad_min_abs"": 0.006, ""calendar_long_months"": [], ""calendar_long_symbol"": """", ""calendar_short_months"": [], ""calendar_short_symbol"": """", ""calendar_veto_flow_abs"": 0.0, ""calendar_veto_funding_abs"": 0.0, ""calendar_veto_market_ret_abs"": 0.0, ""calendar_veto_resid_z"": 0.0, ""compression_lookback_bars"": 24, ""compression_quantile"": 0.0, ""cooldown_bars"": 18, ""entry_days_of_month"": [], ""entry_hours"": [], ""external_risk_max"": 0.0, ""family"": ""calendar_teacher_state_fade"", ""flow_lookback_bars"": 6, ""flow_persistence_bars"": 0, ""flow_persistence_threshold"": 0.0, ""flow_threshold"": 0.02, ""funding_abs_cap"": 0.00025, ""funding_rank_min"": 0.0001, ""hold_bars"": 72, ""long_allocation_scale"": 6.0, ""lookback_bars"": 168, ""max_order_value"": 175.0, ""max_rv"": 0.0, ""min_abs_return"": 0.006, ""name"": ""fresh_calendar_teacher_fade_both_lb168_fast72_z075_ret60_h72_fl2"", ""oi_rank_min"": 0.012, ""primary_symbol"": """", ""rv_lookback_bars"": 24, ""secondary_symbol"": """", ""sharpe_lookback_bars"": 24, ""sharpe_rank_min"": 0.75, ""short_allocation_scale"": 8.0, ""spread_hedge_ratio"": 1.0, ""stop_loss_pct"": 0.004, ""take_profit_pct"": 0.045, ""target_allocation"": 0.008, ""threshold"": 0.75, ""trailing_stop_cap_pct"": 0.012, ""trailing_stop_floor_pct"": 0.004, ""trailing_stop_rv_multiple"": 0.8}",fresh_calendar_teacher_fade_both_lb168_fast72_z075_ret60_h72_fl2,128,0,0.015959894681942276,64,-22.367944763643457,-11.80519121549016,-0.015959894681942255,0.003957430583466545,"{""cooldown"": 1144, ""signal_missing"": 317, ""teacher_state_rank_gap_too_small"": 16}",False,False,724,0,0.09645669679895291,362,-21.777774463844867,-11.471592502588813,-0.09645669679895286,0.004657564420421882,126,0,0.015651762751851008,63,-23.91277557469675,-15.292045175194154,-0.015651762751850984,0.004083782139943853
"train_positive,val_positive,oos_return_beats_incumbent,oos_mdd_beats_shadow,oos_sharpe_gt_1",calendar_teacher_state_fade,"{""adaptive_lookback_bars"": 24, ""allow_long"": true, ""allow_short"": true, ""broad_min_abs"": 0.006, ""calendar_long_months"": [], ""calendar_long_symbol"": """", ""calendar_short_months"": [], ""calendar_short_symbol"": """", ""calendar_veto_flow_abs"": 0.0, ""calendar_veto_funding_abs"": 0.0, ""calendar_veto_market_ret_abs"": 0.0, ""calendar_veto_resid_z"": 0.0, ""compression_lookback_bars"": 24, ""compression_quantile"": 0.0, ""cooldown_bars"": 18, ""entry_days_of_month"": [], ""entry_hours"": [], ""external_risk_max"": 1.25, ""family"": ""calendar_teacher_state_fade"", ""flow_lookback_bars"": 6, ""flow_persistence_bars"": 0, ""flow_persistence_threshold"": 0.0, ""flow_threshold"": 0.02, ""funding_abs_cap"": 0.00025, ""funding_rank_min"": 0.0001, ""hold_bars"": 72, ""long_allocation_scale"": 6.0, ""lookback_bars"": 72, ""max_order_value"": 175.0, ""max_rv"": 0.0, ""min_abs_return"": 0.009, ""name"": ""fresh_calendar_teacher_fade_both_lb72_fast24_z050_ret90_h72_fl2_xr125"", ""oi_rank_min"": 0.012, ""primary_symbol"": """", ""rv_lookback_bars"": 24, ""secondary_symbol"": """", ""sharpe_lookback_bars"": 12, ""sharpe_rank_min"": 0.5, ""short_allocation_scale"": 8.0, ""spread_hedge_ratio"": 1.0, ""stop_loss_pct"": 0.004, ""take_profit_pct"": 0.045, ""target_allocation"": 0.008, ""threshold"": 0.5, ""trailing_stop_cap_pct"": 0.012, ""trailing_stop_floor_pct"": 0.004, ""trailing_stop_rv_multiple"": 0.8}",fresh_calendar_teacher_fade_both_lb72_fast24_z050_ret90_h72_fl2_xr125,136,0,0.01601389466362125,68,-23.196137434383953,-13.719973016653704,-0.016013894663621242,0.003829174069424694,"{""cooldown"": 1213, ""signal_missing"": 232, ""teacher_state_rank_gap_too_small"": 28}",False,False,818,0,0.11072238214738372,409,-23.401580492164967,-12.77639653480443,-0.11072238214738372,0.005014441182396821,128,0,0.016438366795663448,64,-25.221143096835252,-15.098576229115823,-0.01643836679566346,0.004068162176984857
"train_positive,val_positive,oos_return_beats_incumbent,oos_mdd_beats_shadow,oos_sharpe_gt_1",calendar_teacher_state_fade,"{""adaptive_lookback_bars"": 72, ""allow_long"": true, ""allow_short"": true, ""broad_min_abs"": 0.006, ""calendar_long_months"": [], ""calendar_long_symbol"": """", ""calendar_short_months"": [], ""calendar_short_symbol"": """", ""calendar_veto_flow_abs"": 0.0, ""calendar_veto_funding_abs"": 0.0, ""calendar_veto_market_ret_abs"": 0.0, ""calendar_veto_resid_z"": 0.0, ""compression_lookback_bars"": 24, ""compression_quantile"": 0.0, ""cooldown_bars"": 18, ""entry_days_of_month"": [], ""entry_hours"": [], ""external_risk_max"": 0.0, ""family"": ""calendar_teacher_state_fade"", ""flow_lookback_bars"": 6, ""flow_persistence_bars"": 0, ""flow_persistence_threshold"": 0.0, ""flow_threshold"": 0.0, ""funding_abs_cap"": 0.00025, ""funding_rank_min"": 0.0001, ""hold_bars"": 72, ""long_allocation_scale"": 6.0, ""lookback_bars"": 168, ""max_order_value"": 175.0, ""max_rv"": 0.0, ""min_abs_return"": 0.009, ""name"": ""fresh_calendar_teacher_fade_both_lb168_fast72_z050_ret90_h72_fl0"", ""oi_rank_min"": 0.012, ""primary_symbol"": """", ""rv_lookback_bars"": 24, ""secondary_symbol"": """", ""sharpe_lookback_bars"": 24, ""sharpe_rank_min"": 0.5, ""short_allocation_scale"": 8.0, ""spread_hedge_ratio"": 1.0, ""stop_loss_pct"": 0.004, ""take_profit_pct"": 0.045, ""target_allocation"": 0.008, ""threshold"": 0.5, ""trailing_stop_cap_pct"": 0.012, ""trailing_stop_floor_pct"": 0.004, ""trailing_stop_rv_multiple"": 0.8}",fresh_calendar_teacher_fade_both_lb168_fast72_z050_ret90_h72_fl0,140,0,0.016041933723601565,70,-22.16853044933732,-12.8640830303393,-0.01604193372360152,0.004013713117633057,"{""cooldown"": 1248, ""signal_missing"": 218, ""teacher_state_rank_gap_too_small"": 2}",False,False,770,0,0.10553124718850922,385,-22.57566215364244,-12.076177354292852,-0.10553124718850926,0.004940060142416819,134,0,0.017688153687722887,67,-25.350794319854028,-15.250956896036795,-0.01768815368772292,0.0043578080776565525
"train_positive,val_positive,oos_return_beats_incumbent,oos_mdd_beats_shadow,oos_sharpe_gt_1",calendar_teacher_state_fade,"{""adaptive_lookback_bars"": 24, ""allow_long"": true, ""allow_short"": true, ""broad_min_abs"": 0.006, ""calendar_long_months"": [], ""calendar_long_symbol"": """", ""calendar_short_months"": [], ""calendar_short_symbol"": """", ""calendar_veto_flow_abs"": 0.0, ""calendar_veto_funding_abs"": 0.0, ""calendar_veto_market_ret_abs"": 0.0, ""calendar_veto_resid_z"": 0.0, ""compression_lookback_bars"": 24, ""compression_quantile"": 0.0, ""cooldown_bars"": 18, ""entry_days_of_month"": [], ""entry_hours"": [], ""external_risk_max"": 0.0, ""family"": ""calendar_teacher_state_fade"", ""flow_lookback_bars"": 6, ""flow_persistence_bars"": 0, ""flow_persistence_threshold"": 0.0, ""flow_threshold"": 0.0, ""funding_abs_cap"": 0.00025, ""funding_rank_min"": 0.0001, ""hold_bars"": 72, ""long_allocation_scale"": 6.0, ""lookback_bars"": 72, ""max_order_value"": 175.0, ""max_rv"": 0.0, ""min_abs_return"": 0.003, ""name"": ""fresh_calendar_teacher_fade_both_lb72_fast24_z075_ret30_h72_fl0"", ""oi_rank_min"": 0.012, ""primary_symbol"": """", ""rv_lookback_bars"": 24, ""secondary_symbol"": """", ""sharpe_lookback_bars"": 12, ""sharpe_rank_min"": 0.75, ""short_allocation_scale"": 8.0, ""spread_hedge_ratio"": 1.0, ""stop_loss_pct"": 0.004, ""take_profit_pct"": 0.045, ""target_allocation"": 0.008, ""threshold"": 0.75, ""trailing_stop_cap_pct"": 0.012, ""trailing_stop_floor_pct"": 0.004, ""trailing_stop_rv_multiple"": 0.8}",fresh_calendar_teacher_fade_both_lb72_fast24_z075_ret30_h72_fl0,140,0,0.016120296143877205,70,-23.223173925875408,-14.339245480068268,-0.016120296143877222,0.0038503348904862593,"{""cooldown"": 1248, ""signal_missing"": 147, ""teacher_state_rank_gap_too_small"": 55}",False,False,800,0,0.11020314865871751,400,-22.194445435372373,-11.922172835927267,-0.1102031486587175,0.0052608123315919944,126,0,0.01756090169595831,63,-24.201746706824075,-13.21043681599086,-0.017553332610794836,0.004529570620649071
"train_positive,val_positive,oos_return_beats_incumbent,oos_mdd_beats_shadow,oos_sharpe_gt_1",calendar_teacher_state_fade,"{""adaptive_lookback_bars"": 72, ""allow_long"": true, ""allow_short"": true, ""broad_min_abs"": 0.006, ""calendar_long_months"": [], ""calendar_long_symbol"": """", ""calendar_short_months"": [], ""calendar_short_symbol"": """", ""calendar_veto_flow_abs"": 0.0, ""calendar_veto_funding_abs"": 0.0, ""calendar_veto_market_ret_abs"": 0.0, ""calendar_veto_resid_z"": 0.0, ""compression_lookback_bars"": 24, ""compression_quantile"": 0.0, ""cooldown_bars"": 18, ""entry_days_of_month"": [], ""entry_hours"": [], ""external_risk_max"": 1.25, ""family"": ""calendar_teacher_state_fade"", ""flow_lookback_bars"": 6, ""flow_persistence_bars"": 0, ""flow_persistence_threshold"": 0.0, ""flow_threshold"": 0.02, ""funding_abs_cap"": 0.00025, ""funding_rank_min"": 0.0001, ""hold_bars"": 72, ""long_allocation_scale"": 6.0, ""lookback_bars"": 168, ""max_order_value"": 175.0, ""max_rv"": 0.0, ""min_abs_return"": 0.003, ""name"": ""fresh_calendar_teacher_fade_both_lb168_fast72_z050_ret30_h72_fl2_xr125"", ""oi_rank_min"": 0.012, ""primary_symbol"": """", ""rv_lookback_bars"": 24, ""secondary_symbol"": """", ""sharpe_lookback_bars"": 24, ""sharpe_rank_min"": 0.5, ""short_allocation_scale"": 8.0, ""spread_hedge_ratio"": 1.0, ""stop_loss_pct"": 0.004, ""take_profit_pct"": 0.045, ""target_allocation"": 0.008, ""threshold"": 0.5, ""trailing_stop_cap_pct"": 0.012, ""trailing_stop_floor_pct"": 0.004, ""trailing_stop_rv_multiple"": 0.8}",fresh_calendar_teacher_fade_both_lb168_fast72_z050_ret30_h72_fl2_xr125,138,0,0.01627926108881814,69,-23.004884602066504,-14.46904865375149,-0.016279261088818164,0.0039255056976215865,"{""cooldown"": 1235, ""signal_missing"": 205}",False,False,766,0,0.10031291018589382,383,-21.376481781367037,-11.448546052408233,-0.10030802061382105,0.0049447811014191505,126,0,0.016419253558437374,63,-24.261284163569247,-14.89921861506591,-0.01641925355843743,0.0042241272975615096
"train_positive,val_positive,oos_return_beats_incumbent,oos_mdd_beats_shadow,oos_sharpe_gt_1",calendar_teacher_state_fade,"{""adaptive_lookback_bars"": 24, ""allow_long"": true, ""allow_short"": true, ""broad_min_abs"": 0.006, ""calendar_long_months"": [], ""calendar_long_symbol"": """", ""calendar_short_months"": [], ""calendar_short_symbol"": """", ""calendar_veto_flow_abs"": 0.0, ""calendar_veto_funding_abs"": 0.0, ""calendar_veto_market_ret_abs"": 0.0, ""calendar_veto_resid_z"": 0.0, ""compression_lookback_bars"": 24, ""compression_quantile"": 0.0, ""cooldown_bars"": 18, ""entry_days_of_month"": [], ""entry_hours"": [], ""external_risk_max"": 0.0, ""family"": ""calendar_teacher_state_fade"", ""flow_lookback_bars"": 6, ""flow_persistence_bars"": 0, ""flow_persistence_threshold"": 0.0, ""flow_threshold"": 0.02, ""funding_abs_cap"": 0.00025, ""funding_rank_min"": 0.0001, ""hold_bars"": 72, ""long_allocation_scale"": 6.0, ""lookback_bars"": 72, ""max_order_value"": 175.0, ""max_rv"": 0.0, ""min_abs_return"": 0.003, ""name"": ""fresh_calendar_teacher_fade_both_lb72_fast24_z075_ret30_h72_fl2"", ""oi_rank_min"": 0.012, ""primary_symbol"": """", ""rv_lookback_bars"": 24, ""secondary_symbol"": """", ""sharpe_lookback_bars"": 12, ""sharpe_rank_min"": 0.75, ""short_allocation_scale"": 8.0, ""spread_hedge_ratio"": 1.0, ""stop_loss_pct"": 0.004, ""take_profit_pct"": 0.045, ""target_allocation"": 0.008, ""threshold"": 0.75, ""trailing_stop_cap_pct"": 0.012, ""trailing_stop_floor_pct"": 0.004, ""trailing_stop_rv_multiple"": 0.8}",fresh_calendar_teacher_fade_both_lb72_fast24_z075_ret30_h72_fl2,138,0,0.016294745287653678,69,-22.386634736219897,-13.151331899681333,-0.016294745287653623,0.004037765011545972,"{""cooldown"": 1230, ""signal_missing"": 163, ""teacher_state_rank_gap_too_small"": 55}",False,False,792,0,0.10415299846638736,396,-22.106647601793423,-12.022887661438814,-0.10415299846638737,0.004975206049952233,126,0,0.01770825849355431,63,-24.733806398650096,-13.555333433079054,-0.017700690543683728,0.004469688615233405
"train_positive,val_positive,oos_return_beats_incumbent,oos_mdd_beats_shadow,oos_sharpe_gt_1",calendar_teacher_state_fade,"{""adaptive_lookback_bars"": 72, ""allow_long"": true, ""allow_short"": true, ""broad_min_abs"": 0.006, ""calendar_long_months"": [], ""calendar_long_symbol"": """", ""calendar_short_months"": [], ""calendar_short_symbol"": """", ""calendar_veto_flow_abs"": 0.0, ""calendar_veto_funding_abs"": 0.0, ""calendar_veto_market_ret_abs"": 0.0, ""calendar_veto_resid_z"": 0.0, ""compression_lookback_bars"": 24, ""compression_quantile"": 0.0, ""cooldown_bars"": 18, ""entry_days_of_month"": [], ""entry_hours"": [], ""external_risk_max"": 0.0, ""family"": ""calendar_teacher_state_fade"", ""flow_lookback_bars"": 6, ""flow_persistence_bars"": 0, ""flow_persistence_threshold"": 0.0, ""flow_threshold"": 0.02, ""funding_abs_cap"": 0.00025, ""funding_rank_min"": 0.0001, ""hold_bars"": 72, ""long_allocation_scale"": 6.0, ""lookback_bars"": 336, ""max_order_value"": 175.0, ""max_rv"": 0.0, ""min_abs_return"": 0.006, ""name"": ""fresh_calendar_teacher_fade_both_lb336_fast72_z035_ret60_h72_fl2"", ""oi_rank_min"": 0.012, ""primary_symbol"": """", ""rv_lookback_bars"": 24, ""secondary_symbol"": """", ""sharpe_lookback_bars"": 24, ""sharpe_rank_min"": 0.5, ""short_allocation_scale"": 8.0, ""spread_hedge_ratio"": 1.0, ""stop_loss_pct"": 0.004, ""take_profit_pct"": 0.045, ""target_allocation"": 0.008, ""threshold"": 0.35, ""trailing_stop_cap_pct"": 0.012, ""trailing_stop_floor_pct"": 0.004, ""trailing_stop_rv_multiple"": 0.8}",fresh_calendar_teacher_fade_both_lb336_fast72_z035_ret60_h72_fl2,134,0,0.01631347917306575,67,-20.523893846516604,-10.916744225594583,-0.016313479173065804,0.004409260419722527,"{""cooldown"": 1196, ""signal_missing"": 253, ""teacher_state_rank_gap_too_small"": 26}",False,False,704,0,0.08913248719846106,352,-21.3833160826349,-11.253905226716872,-0.08913248719846101,0.004365948299208496,134,0,0.016093263755844314,67,-23.384154226116994,-14.249810417032315,-0.01600545293404787,0.0042712087443021575
"train_positive,val_positive,oos_return_beats_incumbent,oos_mdd_beats_shadow,oos_sharpe_gt_1",calendar_teacher_state_fade,"{""adaptive_lookback_bars"": 24, ""allow_long"": true, ""allow_short"": true, ""broad_min_abs"": 0.006, ""calendar_long_months"": [], ""calendar_long_symbol"": """", ""calendar_short_months"": [], ""calendar_short_symbol"": """", ""calendar_veto_flow_abs"": 0.0, ""calendar_veto_funding_abs"": 0.0, ""calendar_veto_market_ret_abs"": 0.0, ""calendar_veto_resid_z"": 0.0, ""compression_lookback_bars"": 24, ""compression_quantile"": 0.0, ""cooldown_bars"": 18, ""entry_days_of_month"": [], ""entry_hours"": [], ""external_risk_max"": 1.25, ""family"": ""calendar_teacher_state_fade"", ""flow_lookback_bars"": 6, ""flow_persistence_bars"": 0, ""flow_persistence_threshold"": 0.0, ""flow_threshold"": 0.02, ""funding_abs_cap"": 0.00025, ""funding_rank_min"": 0.0001, ""hold_bars"": 72, ""long_allocation_scale"": 6.0, ""lookback_bars"": 72, ""max_order_value"": 175.0, ""max_rv"": 0.0, ""min_abs_return"": 0.006, ""name"": ""fresh_calendar_teacher_fade_both_lb72_fast24_z075_ret60_h72_fl2_xr125"", ""oi_rank_min"": 0.012, ""primary_symbol"": """", ""rv_lookback_bars"": 24, ""secondary_symbol"": """", ""sharpe_lookback_bars"": 12, ""sharpe_rank_min"": 0.75, ""short_allocation_scale"": 8.0, ""spread_hedge_ratio"": 1.0, ""stop_loss_pct"": 0.004, ""take_profit_pct"": 0.045, ""target_allocation"": 0.008, ""threshold"": 0.75, ""trailing_stop_cap_pct"": 0.012, ""trailing_stop_floor_pct"": 0.004, ""trailing_stop_rv_multiple"": 0.8}",fresh_calendar_teacher_fade_both_lb72_fast24_z075_ret60_h72_fl2_xr125,136,0,0.01634036164918998,68,-23.977337346280233,-14.688540462164097,-0.01634036164918995,0.0037805757923510684,"{""cooldown"": 1212, ""signal_missing"": 205, ""teacher_state_rank_gap_too_small"": 61}",False,False,784,0,0.10176033588702812,392,-22.142173331815968,-11.965537013949616,-0.10176033588702815,0.004846778433269181,124,0,0.016344175545879854,62,-25.27960106305567,-14.581242605172823,-0.016336597086594518,0.004033422611341435
"train_positive,val_positive,oos_return_beats_incumbent,oos_mdd_beats_shadow,oos_sharpe_gt_1",calendar_teacher_state_fade,"{""adaptive_lookback_bars"": 72, ""allow_long"": true, ""allow_short"": true, ""broad_min_abs"": 0.006, ""calendar_long_months"": [], ""calendar_long_symbol"": """", ""calendar_short_months"": [], ""calendar_short_symbol"": """", ""calendar_veto_flow_abs"": 0.0, ""calendar_veto_funding_abs"": 0.0, ""calendar_veto_market_ret_abs"": 0.0, ""calendar_veto_resid_z"": 0.0, ""compression_lookback_bars"": 24, ""compression_quantile"": 0.0, ""cooldown_bars"": 18, ""entry_days_of_month"": [], ""entry_hours"": [], ""external_risk_max"": 1.25, ""family"": ""calendar_teacher_state_fade"", ""flow_lookback_bars"": 6, ""flow_persistence_bars"": 0, ""flow_persistence_threshold"": 0.0, ""flow_threshold"": 0.0, ""funding_abs_cap"": 0.00025, ""funding_rank_min"": 0.0001, ""hold_bars"": 72, ""long_allocation_scale"": 6.0, ""lookback_bars"": 168, ""max_order_value"": 175.0, ""max_rv"": 0.0, ""min_abs_return"": 0.003, ""name"": ""fresh_calendar_teacher_fade_both_lb168_fast72_z035_ret30_h72_fl0_xr125"", ""oi_rank_min"": 0.012, ""primary_symbol"": """", ""rv_lookback_bars"": 24, ""secondary_symbol"": """", ""sharpe_lookback_bars"": 24, ""sharpe_rank_min"": 0.5, ""short_allocation_scale"": 8.0, ""spread_hedge_ratio"": 1.0, ""stop_loss_pct"": 0.004, ""take_profit_pct"": 0.045, ""target_allocation"": 0.008, ""threshold"": 0.35, ""trailing_stop_cap_pct"": 0.012, ""trailing_stop_floor_pct"": 0.004, ""trailing_stop_rv_multiple"": 0.8}",fresh_calendar_teacher_fade_both_lb168_fast72_z035_ret30_h72_fl0_xr125,142,0,0.016407343181146398,71,-22.503942836576343,-13.885429011783534,-0.01640734318114645,0.004044704833349693,"{""cooldown"": 1276, ""signal_missing"": 170, ""teacher_state_rank_gap_too_small"": 1}",False,False,790,0,0.10893095342719662,395,-23.10282491901708,-12.436042289514718,-0.10890489918155255,0.004990907916894834,136,0,0.01831588530418753,68,-26.254415617861856,-16.311521232614407,-0.018315885304187485,0.004358552648431148
"train_positive,val_positive,oos_return_beats_incumbent,oos_mdd_beats_shadow,oos_sharpe_gt_1",calendar_teacher_state_fade,"{""adaptive_lookback_bars"": 24, ""allow_long"": true, ""allow_short"": true, ""broad_min_abs"": 0.006, ""calendar_long_months"": [], ""calendar_long_symbol"": """", ""calendar_short_months"": [], ""calendar_short_symbol"": """", ""calendar_veto_flow_abs"": 0.0, ""calendar_veto_funding_abs"": 0.0, ""calendar_veto_market_ret_abs"": 0.0, ""calendar_veto_resid_z"": 0.0, ""compression_lookback_bars"": 24, ""compression_quantile"": 0.0, ""cooldown_bars"": 18, ""entry_days_of_month"": [], ""entry_hours"": [], ""external_risk_max"": 1.25, ""family"": ""calendar_teacher_state_fade"", ""flow_lookback_bars"": 6, ""flow_persistence_bars"": 0, ""flow_persistence_threshold"": 0.0, ""flow_threshold"": 0.0, ""funding_abs_cap"": 0.00025, ""funding_rank_min"": 0.0001, ""hold_bars"": 72, ""long_allocation_scale"": 6.0, ""lookback_bars"": 72, ""max_order_value"": 175.0, ""max_rv"": 0.0, ""min_abs_return"": 0.009, ""name"": ""fresh_calendar_teacher_fade_both_lb72_fast24_z035_ret90_h72_fl0_xr125"", ""oi_rank_min"": 0.012, ""primary_symbol"": """", ""rv_lookback_bars"": 24, ""secondary_symbol"": """", ""sharpe_lookback_bars"": 12, ""sharpe_rank_min"": 0.5, ""short_allocation_scale"": 8.0, ""spread_hedge_ratio"": 1.0, ""stop_loss_pct"": 0.004, ""take_profit_pct"": 0.045, ""target_allocation"": 0.008, ""threshold"": 0.35, ""trailing_stop_cap_pct"": 0.012, ""trailing_stop_floor_pct"": 0.004, ""trailing_stop_rv_multiple"": 0.8}",fresh_calendar_teacher_fade_both_lb72_fast24_z035_ret90_h72_fl0_xr125,142,0,0.01640836622188817,71,-24.491426811534076,-14.753466314040706,-0.016408366221888127,0.0037167618771332574,"{""cooldown"": 1271, ""signal_missing"": 163, ""teacher_state_rank_gap_too_small"": 27}",False,False,840,0,0.11414519342956755,420,-23.37432428257235,-12.739747071809658,-0.11414519342956753,0.005185252407421435,134,0,0.016996141085577735,67,-24.853341880972728,-14.863453757114724,-0.016996141085577787,0.004269631153807823
"train_positive,val_positive,oos_return_beats_incumbent,oos_mdd_beats_shadow,oos_sharpe_gt_1",calendar_teacher_state_fade,"{""adaptive_lookback_bars"": 24, ""allow_long"": true, ""allow_short"": true, ""broad_min_abs"": 0.006, ""calendar_long_months"": [], ""calendar_long_symbol"": """", ""calendar_short_months"": [], ""calendar_short_symbol"": """", ""calendar_veto_flow_abs"": 0.0, ""calendar_veto_funding_abs"": 0.0, ""calendar_veto_market_ret_abs"": 0.0, ""calendar_veto_resid_z"": 0.0, ""compression_lookback_bars"": 24, ""compression_quantile"": 0.0, ""cooldown_bars"": 18, ""entry_days_of_month"": [], ""entry_hours"": [], ""external_risk_max"": 0.0, ""family"": ""calendar_teacher_state_fade"", ""flow_lookback_bars"": 6, ""flow_persistence_bars"": 0, ""flow_persistence_threshold"": 0.0, ""flow_threshold"": 0.0, ""funding_abs_cap"": 0.00025, ""funding_rank_min"": 0.0001, ""hold_bars"": 72, ""long_allocation_scale"": 6.0, ""lookback_bars"": 72, ""max_order_value"": 175.0, ""max_rv"": 0.0, ""min_abs_return"": 0.009, ""name"": ""fresh_calendar_teacher_fade_both_lb72_fast24_z035_ret90_h72_fl0"", ""oi_rank_min"": 0.012, ""primary_symbol"": """", ""rv_lookback_bars"": 24, ""secondary_symbol"": """", ""sharpe_lookback_bars"": 12, ""sharpe_rank_min"": 0.5, ""short_allocation_scale"": 8.0, ""spread_hedge_ratio"": 1.0, ""stop_loss_pct"": 0.004, ""take_profit_pct"": 0.045, ""target_allocation"": 0.008, ""threshold"": 0.35, ""trailing_stop_cap_pct"": 0.012, ""trailing_stop_floor_pct"": 0.004, ""trailing_stop_rv_multiple"": 0.8}",fresh_calendar_teacher_fade_both_lb72_fast24_z035_ret90_h72_fl0,142,0,0.01644605700714037,71,-24.29951143530684,-14.366403663216467,-0.016446057007140413,0.0037547880463962313,"{""cooldown"": 1271, ""signal_missing"": 163, ""teacher_state_rank_gap_too_small"": 27}",False,False,840,0,0.11228069654161373,420,-23.002607386830473,-12.670650498325154,-0.11228069654161377,0.005177633399587568,134,0,0.018297213989569176,67,-24.15521405316544,-13.498218132966873,-0.018297213989569183,0.004732386522469341
"train_positive,val_positive,oos_return_beats_incumbent,oos_mdd_beats_shadow,oos_sharpe_gt_1",calendar_teacher_state_fade,"{""adaptive_lookback_bars"": 72, ""allow_long"": true, ""allow_short"": true, ""broad_min_abs"": 0.006, ""calendar_long_months"": [], ""calendar_long_symbol"": """", ""calendar_short_months"": [], ""calendar_short_symbol"": """", ""calendar_veto_flow_abs"": 0.0, ""calendar_veto_funding_abs"": 0.0, ""calendar_veto_market_ret_abs"": 0.0, ""calendar_veto_resid_z"": 0.0, ""compression_lookback_bars"": 24, ""compression_quantile"": 0.0, ""cooldown_bars"": 18, ""entry_days_of_month"": [], ""entry_hours"": [], ""external_risk_max"": 1.25, ""family"": ""calendar_teacher_state_fade"", ""flow_lookback_bars"": 6, ""flow_persistence_bars"": 0, ""flow_persistence_threshold"": 0.0, ""flow_threshold"": 0.0, ""funding_abs_cap"": 0.00025, ""funding_rank_min"": 0.0001, ""hold_bars"": 72, ""long_allocation_scale"": 6.0, ""lookback_bars"": 168, ""max_order_value"": 175.0, ""max_rv"": 0.0, ""min_abs_return"": 0.006, ""name"": ""fresh_calendar_teacher_fade_both_lb168_fast72_z050_ret60_h72_fl0_xr125"", ""oi_rank_min"": 0.012, ""primary_symbol"": """", ""rv_lookback_bars"": 24, ""secondary_symbol"": """", ""sharpe_lookback_bars"": 24, ""sharpe_rank_min"": 0.5, ""short_allocation_scale"": 8.0, ""spread_hedge_ratio"": 1.0, ""stop_loss_pct"": 0.004, ""take_profit_pct"": 0.045, ""target_allocation"": 0.008, ""threshold"": 0.5, ""trailing_stop_cap_pct"": 0.012, ""trailing_stop_floor_pct"": 0.004, ""trailing_stop_rv_multiple"": 0.8}",fresh_calendar_teacher_fade_both_lb168_fast72_z050_ret60_h72_fl0_xr125,138,0,0.01650964119004127,69,-23.008309949897352,-13.891955138237925,-0.01650964119004128,0.0039809256697110875,"{""cooldown"": 1235, ""signal_missing"": 221}",False,False,772,0,0.10321971550950257,386,-22.559372953300084,-12.436144939970276,-0.10319350287938667,0.0048279384765708665,132,0,0.01719073777241337,66,-25.512127286734646,-15.633332052406358,-0.017190737772413422,0.0042074309443473085
"train_positive,val_positive,oos_return_beats_incumbent,oos_mdd_beats_shadow,oos_sharpe_gt_1",calendar_teacher_state_fade,"{""adaptive_lookback_bars"": 24, ""allow_long"": true, ""allow_short"": true, ""broad_min_abs"": 0.006, ""calendar_long_months"": [], ""calendar_long_symbol"": """", ""calendar_short_months"": [], ""calendar_short_symbol"": """", ""calendar_veto_flow_abs"": 0.0, ""calendar_veto_funding_abs"": 0.0, ""calendar_veto_market_ret_abs"": 0.0, ""calendar_veto_resid_z"": 0.0, ""compression_lookback_bars"": 24, ""compression_quantile"": 0.0, ""cooldown_bars"": 18, ""entry_days_of_month"": [], ""entry_hours"": [], ""external_risk_max"": 1.25, ""family"": ""calendar_teacher_state_fade"", ""flow_lookback_bars"": 6, ""flow_persistence_bars"": 0, ""flow_persistence_threshold"": 0.0, ""flow_threshold"": 0.0, ""funding_abs_cap"": 0.00025, ""funding_rank_min"": 0.0001, ""hold_bars"": 72, ""long_allocation_scale"": 6.0, ""lookback_bars"": 72, ""max_order_value"": 175.0, ""max_rv"": 0.0, ""min_abs_return"": 0.003, ""name"": ""fresh_calendar_teacher_fade_both_lb72_fast24_z050_ret30_h72_fl0_xr125"", ""oi_rank_min"": 0.012, ""primary_symbol"": """", ""rv_lookback_bars"": 24, ""secondary_symbol"": """", ""sharpe_lookback_bars"": 12, ""sharpe_rank_min"": 0.5, ""short_allocation_scale"": 8.0, ""spread_hedge_ratio"": 1.0, ""stop_loss_pct"": 0.004, ""take_profit_pct"": 0.045, ""target_allocation"": 0.008, ""threshold"": 0.5, ""trailing_stop_cap_pct"": 0.012, ""trailing_stop_floor_pct"": 0.004, ""trailing_stop_rv_multiple"": 0.8}",fresh_calendar_teacher_fade_both_lb72_fast24_z050_ret30_h72_fl0_xr125,148,0,0.016525799104321958,74,-23.067087934249503,-13.68715807757657,-0.016525799104321948,0.003974701881243184,"{""cooldown"": 1318, ""signal_missing"": 116, ""teacher_state_rank_gap_too_small"": 21}",False,False,834,0,0.11290054639142781,417,-23.352053277623323,-12.393572142626747,-0.11290054639142777,0.005130078952395612,132,0,0.017898549533909625,66,-23.75218172696431,-13.575342084545648,-0.01789854953390968,0.0047068693229910565
"train_positive,val_positive,oos_return_beats_incumbent,oos_mdd_beats_shadow,oos_sharpe_gt_1",calendar_teacher_state_fade,"{""adaptive_lookback_bars"": 24, ""allow_long"": true, ""allow_short"": true, ""broad_min_abs"": 0.006, ""calendar_long_months"": [], ""calendar_long_symbol"": """", ""calendar_short_months"": [], ""calendar_short_symbol"": """", ""calendar_veto_flow_abs"": 0.0, ""calendar_veto_funding_abs"": 0.0, ""calendar_veto_market_ret_abs"": 0.0, ""calendar_veto_resid_z"": 0.0, ""compression_lookback_bars"": 24, ""compression_quantile"": 0.0, ""cooldown_bars"": 18, ""entry_days_of_month"": [], ""entry_hours"": [], ""external_risk_max"": 1.25, ""family"": ""calendar_teacher_state_fade"", ""flow_lookback_bars"": 6, ""flow_persistence_bars"": 0, ""flow_persistence_threshold"": 0.0, ""flow_threshold"": 0.02, ""funding_abs_cap"": 0.00025, ""funding_rank_min"": 0.0001, ""hold_bars"": 72, ""long_allocation_scale"": 6.0, ""lookback_bars"": 72, ""max_order_value"": 175.0, ""max_rv"": 0.0, ""min_abs_return"": 0.009, ""name"": ""fresh_calendar_teacher_fade_both_lb72_fast24_z035_ret90_h72_fl2_xr125"", ""oi_rank_min"": 0.012, ""primary_symbol"": """", ""rv_lookback_bars"": 24, ""secondary_symbol"": """", ""sharpe_lookback_bars"": 12, ""sharpe_rank_min"": 0.5, ""short_allocation_scale"": 8.0, ""spread_hedge_ratio"": 1.0, ""stop_loss_pct"": 0.004, ""take_profit_pct"": 0.045, ""target_allocation"": 0.008, ""threshold"": 0.35, ""trailing_stop_cap_pct"": 0.012, ""trailing_stop_floor_pct"": 0.004, ""trailing_stop_rv_multiple"": 0.8}",fresh_calendar_teacher_fade_both_lb72_fast24_z035_ret90_h72_fl2_xr125,140,0,0.01656434219086459,70,-23.363340056895417,-13.57043580547654,-0.016564342190864556,0.003933539029494174,"{""cooldown"": 1253, ""signal_missing"": 174, ""teacher_state_rank_gap_too_small"": 31}",False,False,832,0,0.10968095834075811,416,-23.42578513069783,-13.220880023265087,-0.10968095834075808,0.004959304501424299,130,0,0.01672017977762373,65,-25.430614507652106,-15.26857409994572,-0.016720179777623745,0.004104407130310229
"train_positive,val_positive,oos_return_beats_incumbent,oos_mdd_beats_shadow,oos_sharpe_gt_1",calendar_teacher_state_fade,"{""adaptive_lookback_bars"": 24, ""allow_long"": true, ""allow_short"": true, ""broad_min_abs"": 0.006, ""calendar_long_months"": [], ""calendar_long_symbol"": """", ""calendar_short_months"": [], ""calendar_short_symbol"": """", ""calendar_veto_flow_abs"": 0.0, ""calendar_veto_funding_abs"": 0.0, ""calendar_veto_market_ret_abs"": 0.0, ""calendar_veto_resid_z"": 0.0, ""compression_lookback_bars"": 24, ""compression_quantile"": 0.0, ""cooldown_bars"": 18, ""entry_days_of_month"": [], ""entry_hours"": [], ""external_risk_max"": 0.0, ""family"": ""calendar_teacher_state_fade"", ""flow_lookback_bars"": 6, ""flow_persistence_bars"": 0, ""flow_persistence_threshold"": 0.0, ""flow_threshold"": 0.0, ""funding_abs_cap"": 0.00025, ""funding_rank_min"": 0.0001, ""hold_bars"": 72, ""long_allocation_scale"": 6.0, ""lookback_bars"": 72, ""max_order_value"": 175.0, ""max_rv"": 0.0, ""min_abs_return"": 0.009, ""name"": ""fresh_calendar_teacher_fade_both_lb72_fast24_z050_ret90_h72_fl0"", ""oi_rank_min"": 0.012, ""primary_symbol"": """", ""rv_lookback_bars"": 24, ""secondary_symbol"": """", ""sharpe_lookback_bars"": 12, ""sharpe_rank_min"": 0.5, ""short_allocation_scale"": 8.0, ""spread_hedge_ratio"": 1.0, ""stop_loss_pct"": 0.004, ""take_profit_pct"": 0.045, ""target_allocation"": 0.008, ""threshold"": 0.5, ""trailing_stop_cap_pct"": 0.012, ""trailing_stop_floor_pct"": 0.004, ""trailing_stop_rv_multiple"": 0.8}",fresh_calendar_teacher_fade_both_lb72_fast24_z050_ret90_h72_fl0,140,0,0.016573523808041318,70,-23.925766627876452,-14.399657806045967,-0.016573523808041335,0.0038432345804003754,"{""cooldown"": 1249, ""signal_missing"": 190, ""teacher_state_rank_gap_too_small"": 25}",False,False,826,0,0.11270838773815103,413,-22.804306398834207,-11.987820772884781,-0.11270838773815106,0.005243775989601924,132,0,0.017809192849436977,66,-23.571194837244832,-13.074769186840278,-0.01780919284943694,0.004719112416946933
"train_positive,val_positive,oos_return_beats_incumbent,oos_mdd_beats_shadow,oos_sharpe_gt_1",calendar_teacher_state_fade,"{""adaptive_lookback_bars"": 24, ""allow_long"": true, ""allow_short"": true, ""broad_min_abs"": 0.006, ""calendar_long_months"": [], ""calendar_long_symbol"": """", ""calendar_short_months"": [], ""calendar_short_symbol"": """", ""calendar_veto_flow_abs"": 0.0, ""calendar_veto_funding_abs"": 0.0, ""calendar_veto_market_ret_abs"": 0.0, ""calendar_veto_resid_z"": 0.0, ""compression_lookback_bars"": 24, ""compression_quantile"": 0.0, ""cooldown_bars"": 18, ""entry_days_of_month"": [], ""entry_hours"": [], ""external_risk_max"": 1.25, ""family"": ""calendar_teacher_state_fade"", ""flow_lookback_bars"": 6, ""flow_persistence_bars"": 0, ""flow_persistence_threshold"": 0.0, ""flow_threshold"": 0.0, ""funding_abs_cap"": 0.00025, ""funding_rank_min"": 0.0001, ""hold_bars"": 72, ""long_allocation_scale"": 6.0, ""lookback_bars"": 72, ""max_order_value"": 175.0, ""max_rv"": 0.0, ""min_abs_return"": 0.009, ""name"": ""fresh_calendar_teacher_fade_both_lb72_fast24_z050_ret90_h72_fl0_xr125"", ""oi_rank_min"": 0.012, ""primary_symbol"": """", ""rv_lookback_bars"": 24, ""secondary_symbol"": """", ""sharpe_lookback_bars"": 12, ""sharpe_rank_min"": 0.5, ""short_allocation_scale"": 8.0, ""spread_hedge_ratio"": 1.0, ""stop_loss_pct"": 0.004, ""take_profit_pct"": 0.045, ""target_allocation"": 0.008, ""threshold"": 0.5, ""trailing_stop_cap_pct"": 0.012, ""trailing_stop_floor_pct"": 0.004, ""trailing_stop_rv_multiple"": 0.8}",fresh_calendar_teacher_fade_both_lb72_fast24_z050_ret90_h72_fl0_xr125,140,0,0.016573523808041318,70,-23.925766627876452,-14.399657806045967,-0.016573523808041335,0.0038432345804003754,"{""cooldown"": 1249, ""signal_missing"": 190, ""teacher_state_rank_gap_too_small"": 25}",False,False,826,0,0.11377003582324906,413,-23.09606434446325,-12.118813981736242,-0.11377003582324907,0.005229379720172667,132,0,0.016790589522720684,66,-24.351780732316755,-14.57738649573538,-0.016790589522720722,0.0043044109396093684
"train_positive,val_positive,oos_return_beats_incumbent,oos_mdd_beats_shadow,oos_sharpe_gt_1",calendar_teacher_state_fade,"{""adaptive_lookback_bars"": 24, ""allow_long"": true, ""allow_short"": true, ""broad_min_abs"": 0.006, ""calendar_long_months"": [], ""calendar_long_symbol"": """", ""calendar_short_months"": [], ""calendar_short_symbol"": """", ""calendar_veto_flow_abs"": 0.0, ""calendar_veto_funding_abs"": 0.0, ""calendar_veto_market_ret_abs"": 0.0, ""calendar_veto_resid_z"": 0.0, ""compression_lookback_bars"": 24, ""compression_quantile"": 0.0, ""cooldown_bars"": 18, ""entry_days_of_month"": [], ""entry_hours"": [], ""external_risk_max"": 0.0, ""family"": ""calendar_teacher_state_fade"", ""flow_lookback_bars"": 6, ""flow_persistence_bars"": 0, ""flow_persistence_threshold"": 0.0, ""flow_threshold"": 0.0, ""funding_abs_cap"": 0.00025, ""funding_rank_min"": 0.0001, ""hold_bars"": 72, ""long_allocation_scale"": 6.0, ""lookback_bars"": 72, ""max_order_value"": 175.0, ""max_rv"": 0.0, ""min_abs_return"": 0.006, ""name"": ""fresh_calendar_teacher_fade_both_lb72_fast24_z075_ret60_h72_fl0"", ""oi_rank_min"": 0.012, ""primary_symbol"": """", ""rv_lookback_bars"": 24, ""secondary_symbol"": """", ""sharpe_lookback_bars"": 12, ""sharpe_rank_min"": 0.75, ""short_allocation_scale"": 8.0, ""spread_hedge_ratio"": 1.0, ""stop_loss_pct"": 0.004, ""take_profit_pct"": 0.045, ""target_allocation"": 0.008, ""threshold"": 0.75, ""trailing_stop_cap_pct"": 0.012, ""trailing_stop_floor_pct"": 0.004, ""trailing_stop_rv_multiple"": 0.8}",fresh_calendar_teacher_fade_both_lb72_fast24_z075_ret60_h72_fl0,140,0,0.016609461630735494,70,-24.85499207046922,-15.682543331456564,-0.01660946163073551,0.0037076627322871016,"{""cooldown"": 1248, ""signal_missing"": 170, ""teacher_state_rank_gap_too_small"": 61}",False,False,796,0,0.10948791502842013,398,-22.11050394707558,-11.740223278514842,-0.10948791502842015,0.005244445061868203,126,0,0.017978524965900314,63,-23.491546196609814,-12.290809656264576,-0.017970959098265626,0.004778507526468096
"train_positive,val_positive,oos_return_beats_incumbent,oos_mdd_beats_shadow,oos_sharpe_gt_1",calendar_teacher_state_fade,"{""adaptive_lookback_bars"": 24, ""allow_long"": true, ""allow_short"": true, ""broad_min_abs"": 0.006, ""calendar_long_months"": [], ""calendar_long_symbol"": """", ""calendar_short_months"": [], ""calendar_short_symbol"": """", ""calendar_veto_flow_abs"": 0.0, ""calendar_veto_funding_abs"": 0.0, ""calendar_veto_market_ret_abs"": 0.0, ""calendar_veto_resid_z"": 0.0, ""compression_lookback_bars"": 24, ""compression_quantile"": 0.0, ""cooldown_bars"": 18, ""entry_days_of_month"": [], ""entry_hours"": [], ""external_risk_max"": 1.25, ""family"": ""calendar_teacher_state_fade"", ""flow_lookback_bars"": 6, ""flow_persistence_bars"": 0, ""flow_persistence_threshold"": 0.0, ""flow_threshold"": 0.0, ""funding_abs_cap"": 0.00025, ""funding_rank_min"": 0.0001, ""hold_bars"": 72, ""long_allocation_scale"": 6.0, ""lookback_bars"": 72, ""max_order_value"": 175.0, ""max_rv"": 0.0, ""min_abs_return"": 0.006, ""name"": ""fresh_calendar_teacher_fade_both_lb72_fast24_z075_ret60_h72_fl0_xr125"", ""oi_rank_min"": 0.012, ""primary_symbol"": """", ""rv_lookback_bars"": 24, ""secondary_symbol"": """", ""sharpe_lookback_bars"": 12, ""sharpe_rank_min"": 0.75, ""short_allocation_scale"": 8.0, ""spread_hedge_ratio"": 1.0, ""stop_loss_pct"": 0.004, ""take_profit_pct"": 0.045, ""target_allocation"": 0.008, ""threshold"": 0.75, ""trailing_stop_cap_pct"": 0.012, ""trailing_stop_floor_pct"": 0.004, ""trailing_stop_rv_multiple"": 0.8}",fresh_calendar_teacher_fade_both_lb72_fast24_z075_ret60_h72_fl0_xr125,140,0,0.016609461630735494,70,-24.85499207046922,-15.682543331456564,-0.01660946163073551,0.0037076627322871016,"{""cooldown"": 1248, ""signal_missing"": 170, ""teacher_state_rank_gap_too_small"": 61}",False,False,792,0,0.1090445785560065,396,-22.17265554697648,-11.743783717436093,-0.10904457855600647,0.005207303487850049,126,0,0.01715999791963222,63,-24.216385571298694,-13.347382910616062,-0.017152425745753264,0.004422553560464624
"train_positive,val_positive,oos_return_beats_incumbent,oos_mdd_beats_shadow,oos_sharpe_gt_1",calendar_teacher_state_fade,"{""adaptive_lookback_bars"": 72, ""allow_long"": true, ""allow_short"": true, ""broad_min_abs"": 0.006, ""calendar_long_months"": [], ""calendar_long_symbol"": """", ""calendar_short_months"": [], ""calendar_short_symbol"": """", ""calendar_veto_flow_abs"": 0.0, ""calendar_veto_funding_abs"": 0.0, ""calendar_veto_market_ret_abs"": 0.0, ""calendar_veto_resid_z"": 0.0, ""compression_lookback_bars"": 24, ""compression_quantile"": 0.0, ""cooldown_bars"": 18, ""entry_days_of_month"": [], ""entry_hours"": [], ""external_risk_max"": 0.0, ""family"": ""calendar_teacher_state_fade"", ""flow_lookback_bars"": 6, ""flow_persistence_bars"": 0, ""flow_persistence_threshold"": 0.0, ""flow_threshold"": 0.02, ""funding_abs_cap"": 0.00025, ""funding_rank_min"": 0.0001, ""hold_bars"": 72, ""long_allocation_scale"": 6.0, ""lookback_bars"": 336, ""max_order_value"": 175.0, ""max_rv"": 0.0, ""min_abs_return"": 0.003, ""name"": ""fresh_calendar_teacher_fade_both_lb336_fast72_z035_ret30_h72_fl2"", ""oi_rank_min"": 0.012, ""primary_symbol"": """", ""rv_lookback_bars"": 24, ""secondary_symbol"": """", ""sharpe_lookback_bars"": 24, ""sharpe_rank_min"": 0.5, ""short_allocation_scale"": 8.0, ""spread_hedge_ratio"": 1.0, ""stop_loss_pct"": 0.004, ""take_profit_pct"": 0.045, ""target_allocation"": 0.008, ""threshold"": 0.35, ""trailing_stop_cap_pct"": 0.012, ""trailing_stop_floor_pct"": 0.004, ""trailing_stop_rv_multiple"": 0.8}",fresh_calendar_teacher_fade_both_lb336_fast72_z035_ret30_h72_fl2,136,0,0.016632730515924597,68,-21.210803545303758,-11.114506935120772,-0.01663273051592462,0.004350685606917218,"{""cooldown"": 1214, ""signal_missing"": 239, ""teacher_state_rank_gap_too_small"": 26}",False,False,708,0,0.09047451023494377,354,-21.34935964524836,-11.100866438102141,-0.0904745102349438,0.004441946000811533,136,0,0.016306591746288873,68,-23.610330267568695,-14.458882319489048,-0.0162187999633967,0.0042871463487910155
"train_positive,val_positive,oos_return_beats_incumbent,oos_mdd_beats_shadow,oos_sharpe_gt_1",calendar_teacher_state_fade,"{""adaptive_lookback_bars"": 72, ""allow_long"": true, ""allow_short"": true, ""broad_min_abs"": 0.006, ""calendar_long_months"": [], ""calendar_long_symbol"": """", ""calendar_short_months"": [], ""calendar_short_symbol"": """", ""calendar_veto_flow_abs"": 0.0, ""calendar_veto_funding_abs"": 0.0, ""calendar_veto_market_ret_abs"": 0.0, ""calendar_veto_resid_z"": 0.0, ""compression_lookback_bars"": 24, ""compression_quantile"": 0.0, ""cooldown_bars"": 18, ""entry_days_of_month"": [], ""entry_hours"": [], ""external_risk_max"": 1.25, ""family"": ""calendar_teacher_state_fade"", ""flow_lookback_bars"": 6, ""flow_persistence_bars"": 0, ""flow_persistence_threshold"": 0.0, ""flow_threshold"": 0.02, ""funding_abs_cap"": 0.00025, ""funding_rank_min"": 0.0001, ""hold_bars"": 72, ""long_allocation_scale"": 6.0, ""lookback_bars"": 168, ""max_order_value"": 175.0, ""max_rv"": 0.0, ""min_abs_return"": 0.003, ""name"": ""fresh_calendar_teacher_fade_both_lb168_fast72_z035_ret30_h72_fl2_xr125"", ""oi_rank_min"": 0.012, ""primary_symbol"": """", ""rv_lookback_bars"": 24, ""secondary_symbol"": """", ""sharpe_lookback_bars"": 24, ""sharpe_rank_min"": 0.5, ""short_allocation_scale"": 8.0, ""spread_hedge_ratio"": 1.0, ""stop_loss_pct"": 0.004, ""take_profit_pct"": 0.045, ""target_allocation"": 0.008, ""threshold"": 0.35, ""trailing_stop_cap_pct"": 0.012, ""trailing_stop_floor_pct"": 0.004, ""trailing_stop_rv_multiple"": 0.8}",fresh_calendar_teacher_fade_both_lb168_fast72_z035_ret30_h72_fl2_xr125,142,0,0.016665348974051284,71,-23.004699173869376,-14.435608172405393,-0.016665348974051253,0.004019415497328501,"{""cooldown"": 1276, ""signal_missing"": 169}",False,False,776,0,0.10158514167114317,388,-21.607254905470818,-11.772759395314782,-0.1015588894449092,0.004956363302453446,130,0,0.017201414799170835,65,-24.284916183996568,-14.70654727662376,-0.01720141479917081,0.004422779944144071
"train_positive,val_positive,oos_return_beats_incumbent,oos_mdd_beats_shadow,oos_sharpe_gt_1",calendar_teacher_state_fade,"{""adaptive_lookback_bars"": 72, ""allow_long"": true, ""allow_short"": true, ""broad_min_abs"": 0.006, ""calendar_long_months"": [], ""calendar_long_symbol"": """", ""calendar_short_months"": [], ""calendar_short_symbol"": """", ""calendar_veto_flow_abs"": 0.0, ""calendar_veto_funding_abs"": 0.0, ""calendar_veto_market_ret_abs"": 0.0, ""calendar_veto_resid_z"": 0.0, ""compression_lookback_bars"": 24, ""compression_quantile"": 0.0, ""cooldown_bars"": 18, ""entry_days_of_month"": [], ""entry_hours"": [], ""external_risk_max"": 1.25, ""family"": ""calendar_teacher_state_fade"", ""flow_lookback_bars"": 6, ""flow_persistence_bars"": 0, ""flow_persistence_threshold"": 0.0, ""flow_threshold"": 0.0, ""funding_abs_cap"": 0.00025, ""funding_rank_min"": 0.0001, ""hold_bars"": 72, ""long_allocation_scale"": 6.0, ""lookback_bars"": 168, ""max_order_value"": 175.0, ""max_rv"": 0.0, ""min_abs_return"": 0.009, ""name"": ""fresh_calendar_teacher_fade_both_lb168_fast72_z035_ret90_h72_fl0_xr125"", ""oi_rank_min"": 0.012, ""primary_symbol"": """", ""rv_lookback_bars"": 24, ""secondary_symbol"": """", ""sharpe_lookback_bars"": 24, ""sharpe_rank_min"": 0.5, ""short_allocation_scale"": 8.0, ""spread_hedge_ratio"": 1.0, ""stop_loss_pct"": 0.004, ""take_profit_pct"": 0.045, ""target_allocation"": 0.008, ""threshold"": 0.35, ""trailing_stop_cap_pct"": 0.012, ""trailing_stop_floor_pct"": 0.004, ""trailing_stop_rv_multiple"": 0.8}",fresh_calendar_teacher_fade_both_lb168_fast72_z035_ret90_h72_fl0_xr125,146,0,0.016726010866633157,73,-22.681167909013602,-13.558302990475552,-0.016726010866633167,0.004091703230570522,"{""cooldown"": 1302, ""signal_missing"": 165, ""teacher_state_rank_gap_too_small"": 1}",False,False,784,0,0.11011893573155485,392,-22.888497447000194,-12.211680040820928,-0.11011893573155485,0.0050971896265192265,134,0,0.0173579921372348,67,-25.971063594692485,-16.315254523357076,-0.017357992137234768,0.0041736559359247145
"train_positive,val_positive,oos_return_beats_incumbent,oos_mdd_beats_shadow,oos_sharpe_gt_1",calendar_teacher_state_fade,"{""adaptive_lookback_bars"": 24, ""allow_long"": true, ""allow_short"": true, ""broad_min_abs"": 0.006, ""calendar_long_months"": [], ""calendar_long_symbol"": """", ""calendar_short_months"": [], ""calendar_short_symbol"": """", ""calendar_veto_flow_abs"": 0.0, ""calendar_veto_funding_abs"": 0.0, ""calendar_veto_market_ret_abs"": 0.0, ""calendar_veto_resid_z"": 0.0, ""compression_lookback_bars"": 24, ""compression_quantile"": 0.0, ""cooldown_bars"": 18, ""entry_days_of_month"": [], ""entry_hours"": [], ""external_risk_max"": 1.25, ""family"": ""calendar_teacher_state_fade"", ""flow_lookback_bars"": 6, ""flow_persistence_bars"": 0, ""flow_persistence_threshold"": 0.0, ""flow_threshold"": 0.0, ""funding_abs_cap"": 0.00025, ""funding_rank_min"": 0.0001, ""hold_bars"": 72, ""long_allocation_scale"": 6.0, ""lookback_bars"": 72, ""max_order_value"": 175.0, ""max_rv"": 0.0, ""min_abs_return"": 0.006, ""name"": ""fresh_calendar_teacher_fade_both_lb72_fast24_z035_ret60_h72_fl0_xr125"", ""oi_rank_min"": 0.012, ""primary_symbol"": """", ""rv_lookback_bars"": 24, ""secondary_symbol"": """", ""sharpe_lookback_bars"": 12, ""sharpe_rank_min"": 0.5, ""short_allocation_scale"": 8.0, ""spread_hedge_ratio"": 1.0, ""stop_loss_pct"": 0.004, ""take_profit_pct"": 0.045, ""target_allocation"": 0.008, ""threshold"": 0.35, ""trailing_stop_cap_pct"": 0.012, ""trailing_stop_floor_pct"": 0.004, ""trailing_stop_rv_multiple"": 0.8}",fresh_calendar_teacher_fade_both_lb72_fast24_z035_ret60_h72_fl0_xr125,146,0,0.01672825374244949,73,-24.80021872398031,-15.29783265388385,-0.01672825374244946,0.003742649490162105,"{""cooldown"": 1307, ""signal_missing"": 114, ""teacher_state_rank_gap_too_small"": 26}",False,False,846,0,0.1167090312889417,423,-23.689652395056385,-12.825298791517541,-0.11670903128894172,0.0052385815634597935,132,0,0.017624993268458008,66,-24.221068381821006,-14.4568267764195,-0.017617424677080495,0.004542629564540249
"train_positive,val_positive,oos_return_beats_incumbent,oos_mdd_beats_shadow,oos_sharpe_gt_1",calendar_teacher_state_fade,"{""adaptive_lookback_bars"": 72, ""allow_long"": true, ""allow_short"": true, ""broad_min_abs"": 0.006, ""calendar_long_months"": [], ""calendar_long_symbol"": """", ""calendar_short_months"": [], ""calendar_short_symbol"": """", ""calendar_veto_flow_abs"": 0.0, ""calendar_veto_funding_abs"": 0.0, ""calendar_veto_market_ret_abs"": 0.0, ""calendar_veto_resid_z"": 0.0, ""compression_lookback_bars"": 24, ""compression_quantile"": 0.0, ""cooldown_bars"": 18, ""entry_days_of_month"": [], ""entry_hours"": [], ""external_risk_max"": 1.25, ""family"": ""calendar_teacher_state_fade"", ""flow_lookback_bars"": 6, ""flow_persistence_bars"": 0, ""flow_persistence_threshold"": 0.0, ""flow_threshold"": 0.02, ""funding_abs_cap"": 0.00025, ""funding_rank_min"": 0.0001, ""hold_bars"": 72, ""long_allocation_scale"": 6.0, ""lookback_bars"": 168, ""max_order_value"": 175.0, ""max_rv"": 0.0, ""min_abs_return"": 0.009, ""name"": ""fresh_calendar_teacher_fade_both_lb168_fast72_z050_ret90_h72_fl2_xr125"", ""oi_rank_min"": 0.012, ""primary_symbol"": """", ""rv_lookback_bars"": 24, ""secondary_symbol"": """", ""sharpe_lookback_bars"": 24, ""sharpe_rank_min"": 0.5, ""short_allocation_scale"": 8.0, ""spread_hedge_ratio"": 1.0, ""stop_loss_pct"": 0.004, ""take_profit_pct"": 0.045, ""target_allocation"": 0.008, ""threshold"": 0.5, ""trailing_stop_cap_pct"": 0.012, ""trailing_stop_floor_pct"": 0.004, ""trailing_stop_rv_multiple"": 0.8}",fresh_calendar_teacher_fade_both_lb168_fast72_z050_ret90_h72_fl2_xr125,136,0,0.01676203818235917,68,-23.08429101174545,-13.72474943628104,-0.016762038182359218,0.004028994304047526,"{""cooldown"": 1212, ""signal_missing"": 246, ""teacher_state_rank_gap_too_small"": 2}",False,False,764,0,0.10044163144852755,382,-21.64845290626009,-11.47229223259038,-0.10044163144852758,0.004889533157296518,126,0,0.015587415076843147,63,-22.57576259149891,-13.605452537128297,-0.015435595736326468,0.004265390523814234
"train_positive,val_positive,oos_return_beats_incumbent,oos_mdd_beats_shadow,oos_sharpe_gt_1",calendar_teacher_state_fade,"{""adaptive_lookback_bars"": 24, ""allow_long"": true, ""allow_short"": true, ""broad_min_abs"": 0.006, ""calendar_long_months"": [], ""calendar_long_symbol"": """", ""calendar_short_months"": [], ""calendar_short_symbol"": """", ""calendar_veto_flow_abs"": 0.0, ""calendar_veto_funding_abs"": 0.0, ""calendar_veto_market_ret_abs"": 0.0, ""calendar_veto_resid_z"": 0.0, ""compression_lookback_bars"": 24, ""compression_quantile"": 0.0, ""cooldown_bars"": 18, ""entry_days_of_month"": [], ""entry_hours"": [], ""external_risk_max"": 0.0, ""family"": ""calendar_teacher_state_fade"", ""flow_lookback_bars"": 6, ""flow_persistence_bars"": 0, ""flow_persistence_threshold"": 0.0, ""flow_threshold"": 0.0, ""funding_abs_cap"": 0.00025, ""funding_rank_min"": 0.0001, ""hold_bars"": 72, ""long_allocation_scale"": 6.0, ""lookback_bars"": 72, ""max_order_value"": 175.0, ""max_rv"": 0.0, ""min_abs_return"": 0.006, ""name"": ""fresh_calendar_teacher_fade_both_lb72_fast24_z035_ret60_h72_fl0"", ""oi_rank_min"": 0.012, ""primary_symbol"": """", ""rv_lookback_bars"": 24, ""secondary_symbol"": """", ""sharpe_lookback_bars"": 12, ""sharpe_rank_min"": 0.5, ""short_allocation_scale"": 8.0, ""spread_hedge_ratio"": 1.0, ""stop_loss_pct"": 0.004, ""take_profit_pct"": 0.045, ""target_allocation"": 0.008, ""threshold"": 0.35, ""trailing_stop_cap_pct"": 0.012, ""trailing_stop_floor_pct"": 0.004, ""trailing_stop_rv_multiple"": 0.8}",fresh_calendar_teacher_fade_both_lb72_fast24_z035_ret60_h72_fl0,146,0,0.016766295229138632,73,-24.60856418174262,-14.903912298598593,-0.01676629522913864,0.0037804428544790146,"{""cooldown"": 1307, ""signal_missing"": 114, ""teacher_state_rank_gap_too_small"": 26}",False,False,846,0,0.11486442586856119,423,-23.328345254277476,-12.835337119932632,-0.11486442586856116,0.0052302833516714355,132,0,0.018442306776016423,66,-23.6354869724794,-13.361231034387947,-0.018434744481533594,0.004873116346610952
"train_positive,val_positive,oos_return_beats_incumbent,oos_mdd_beats_shadow,oos_sharpe_gt_1",calendar_teacher_state_fade,"{""adaptive_lookback_bars"": 24, ""allow_long"": true, ""allow_short"": true, ""broad_min_abs"": 0.006, ""calendar_long_months"": [], ""calendar_long_symbol"": """", ""calendar_short_months"": [], ""calendar_short_symbol"": """", ""calendar_veto_flow_abs"": 0.0, ""calendar_veto_funding_abs"": 0.0, ""calendar_veto_market_ret_abs"": 0.0, ""calendar_veto_resid_z"": 0.0, ""compression_lookback_bars"": 24, ""compression_quantile"": 0.0, ""cooldown_bars"": 18, ""entry_days_of_month"": [], ""entry_hours"": [], ""external_risk_max"": 1.25, ""family"": ""calendar_teacher_state_fade"", ""flow_lookback_bars"": 6, ""flow_persistence_bars"": 0, ""flow_persistence_threshold"": 0.0, ""flow_threshold"": 0.0, ""funding_abs_cap"": 0.00025, ""funding_rank_min"": 0.0001, ""hold_bars"": 72, ""long_allocation_scale"": 6.0, ""lookback_bars"": 72, ""max_order_value"": 175.0, ""max_rv"": 0.0, ""min_abs_return"": 0.003, ""name"": ""fresh_calendar_teacher_fade_both_lb72_fast24_z035_ret30_h72_fl0_xr125"", ""oi_rank_min"": 0.012, ""primary_symbol"": """", ""rv_lookback_bars"": 24, ""secondary_symbol"": """", ""sharpe_lookback_bars"": 12, ""sharpe_rank_min"": 0.5, ""short_allocation_scale"": 8.0, ""spread_hedge_ratio"": 1.0, ""stop_loss_pct"": 0.004, ""take_profit_pct"": 0.045, ""target_allocation"": 0.008, ""threshold"": 0.35, ""trailing_stop_cap_pct"": 0.012, ""trailing_stop_floor_pct"": 0.004, ""trailing_stop_rv_multiple"": 0.8}",fresh_calendar_teacher_fade_both_lb72_fast24_z035_ret30_h72_fl0_xr125,150,0,0.01686387828926727,75,-25.034610832178497,-15.784330333989985,-0.016863878289267276,0.003737927486270928,"{""cooldown"": 1336, ""signal_missing"": 95, ""teacher_state_rank_gap_too_small"": 26}",False,False,850,0,0.11522071599003247,425,-23.677808875939448,-12.96278064287274,-0.11522071599003247,0.005170107452299695,134,0,0.01868813616312467,67,-24.240299273586913,-13.87491158948577,-0.018688136163124702,0.004817477435233855
"train_positive,val_positive,oos_return_beats_incumbent,oos_mdd_beats_shadow,oos_sharpe_gt_1",calendar_teacher_state_fade,"{""adaptive_lookback_bars"": 72, ""allow_long"": true, ""allow_short"": true, ""broad_min_abs"": 0.006, ""calendar_long_months"": [], ""calendar_long_symbol"": """", ""calendar_short_months"": [], ""calendar_short_symbol"": """", ""calendar_veto_flow_abs"": 0.0, ""calendar_veto_funding_abs"": 0.0, ""calendar_veto_market_ret_abs"": 0.0, ""calendar_veto_resid_z"": 0.0, ""compression_lookback_bars"": 24, ""compression_quantile"": 0.0, ""cooldown_bars"": 18, ""entry_days_of_month"": [], ""entry_hours"": [], ""external_risk_max"": 0.0, ""family"": ""calendar_teacher_state_fade"", ""flow_lookback_bars"": 6, ""flow_persistence_bars"": 0, ""flow_persistence_threshold"": 0.0, ""flow_threshold"": 0.0, ""funding_abs_cap"": 0.00025, ""funding_rank_min"": 0.0001, ""hold_bars"": 72, ""long_allocation_scale"": 6.0, ""lookback_bars"": 168, ""max_order_value"": 175.0, ""max_rv"": 0.0, ""min_abs_return"": 0.006, ""name"": ""fresh_calendar_teacher_fade_both_lb168_fast72_z050_ret60_h72_fl0"", ""oi_rank_min"": 0.012, ""primary_symbol"": """", ""rv_lookback_bars"": 24, ""secondary_symbol"": """", ""sharpe_lookback_bars"": 24, ""sharpe_rank_min"": 0.5, ""short_allocation_scale"": 8.0, ""spread_hedge_ratio"": 1.0, ""stop_loss_pct"": 0.004, ""take_profit_pct"": 0.045, ""target_allocation"": 0.008, ""threshold"": 0.5, ""trailing_stop_cap_pct"": 0.012, ""trailing_stop_floor_pct"": 0.004, ""trailing_stop_rv_multiple"": 0.8}",fresh_calendar_teacher_fade_both_lb168_fast72_z050_ret60_h72_fl0,138,0,0.016867718232368212,69,-22.782017885793532,-13.313546472840851,-0.016867718232368212,0.0041083980866653234,"{""cooldown"": 1235, ""signal_missing"": 221}",False,False,772,0,0.10304481431135919,386,-22.583831546679644,-12.485280781530731,-0.10301860168124333,0.004814076999827737,134,0,0.01771684768705487,67,-25.722870345223665,-15.811762700962488,-0.017716847687054837,0.004301812955471231
"train_positive,val_positive,oos_return_beats_incumbent,oos_mdd_beats_shadow,oos_sharpe_gt_1",calendar_teacher_state_fade,"{""adaptive_lookback_bars"": 72, ""allow_long"": true, ""allow_short"": true, ""broad_min_abs"": 0.006, ""calendar_long_months"": [], ""calendar_long_symbol"": """", ""calendar_short_months"": [], ""calendar_short_symbol"": """", ""calendar_veto_flow_abs"": 0.0, ""calendar_veto_funding_abs"": 0.0, ""calendar_veto_market_ret_abs"": 0.0, ""calendar_veto_resid_z"": 0.0, ""compression_lookback_bars"": 24, ""compression_quantile"": 0.0, ""cooldown_bars"": 18, ""entry_days_of_month"": [], ""entry_hours"": [], ""external_risk_max"": 0.0, ""family"": ""calendar_teacher_state_fade"", ""flow_lookback_bars"": 6, ""flow_persistence_bars"": 0, ""flow_persistence_threshold"": 0.0, ""flow_threshold"": 0.02, ""funding_abs_cap"": 0.00025, ""funding_rank_min"": 0.0001, ""hold_bars"": 72, ""long_allocation_scale"": 6.0, ""lookback_bars"": 168, ""max_order_value"": 175.0, ""max_rv"": 0.0, ""min_abs_return"": 0.003, ""name"": ""fresh_calendar_teacher_fade_both_lb168_fast72_z050_ret30_h72_fl2"", ""oi_rank_min"": 0.012, ""primary_symbol"": """", ""rv_lookback_bars"": 24, ""secondary_symbol"": """", ""sharpe_lookback_bars"": 24, ""sharpe_rank_min"": 0.5, ""short_allocation_scale"": 8.0, ""spread_hedge_ratio"": 1.0, ""stop_loss_pct"": 0.004, ""take_profit_pct"": 0.045, ""target_allocation"": 0.008, ""threshold"": 0.5, ""trailing_stop_cap_pct"": 0.012, ""trailing_stop_floor_pct"": 0.004, ""trailing_stop_rv_multiple"": 0.8}",fresh_calendar_teacher_fade_both_lb168_fast72_z050_ret30_h72_fl2,138,0,0.01687070737514549,69,-21.99254296326381,-12.860769292326506,-0.01687070737514551,0.004256611392308015,"{""cooldown"": 1235, ""signal_missing"": 203}",False,False,768,0,0.0996985266558031,384,-21.655688573036866,-11.66976598526886,-0.09969363390455455,0.004849523349953296,128,0,0.01698295826631277,64,-24.048388223296996,-14.13597885735558,-0.016982958266312798,0.004409067880762485
"train_positive,val_positive,oos_return_beats_incumbent,oos_mdd_beats_shadow,oos_sharpe_gt_1",calendar_teacher_state_fade,"{""adaptive_lookback_bars"": 72, ""allow_long"": true, ""allow_short"": true, ""broad_min_abs"": 0.006, ""calendar_long_months"": [], ""calendar_long_symbol"": """", ""calendar_short_months"": [], ""calendar_short_symbol"": """", ""calendar_veto_flow_abs"": 0.0, ""calendar_veto_funding_abs"": 0.0, ""calendar_veto_market_ret_abs"": 0.0, ""calendar_veto_resid_z"": 0.0, ""compression_lookback_bars"": 24, ""compression_quantile"": 0.0, ""cooldown_bars"": 18, ""entry_days_of_month"": [], ""entry_hours"": [], ""external_risk_max"": 1.25, ""family"": ""calendar_teacher_state_fade"", ""flow_lookback_bars"": 6, ""flow_persistence_bars"": 0, ""flow_persistence_threshold"": 0.0, ""flow_threshold"": 0.0, ""funding_abs_cap"": 0.00025, ""funding_rank_min"": 0.0001, ""hold_bars"": 72, ""long_allocation_scale"": 6.0, ""lookback_bars"": 336, ""max_order_value"": 175.0, ""max_rv"": 0.0, ""min_abs_return"": 0.009, ""name"": ""fresh_calendar_teacher_fade_both_lb336_fast72_z035_ret90_h72_fl0_xr125"", ""oi_rank_min"": 0.012, ""primary_symbol"": """", ""rv_lookback_bars"": 24, ""secondary_symbol"": """", ""sharpe_lookback_bars"": 24, ""sharpe_rank_min"": 0.5, ""short_allocation_scale"": 8.0, ""spread_hedge_ratio"": 1.0, ""stop_loss_pct"": 0.004, ""take_profit_pct"": 0.045, ""target_allocation"": 0.008, ""threshold"": 0.35, ""trailing_stop_cap_pct"": 0.012, ""trailing_stop_floor_pct"": 0.004, ""trailing_stop_rv_multiple"": 0.8}",fresh_calendar_teacher_fade_both_lb336_fast72_z035_ret90_h72_fl0_xr125,132,0,0.01687673942180936,66,-22.796518894630232,-12.744035246234382,-0.01687673942180934,0.00410799961369616,"{""cooldown"": 1177, ""signal_missing"": 286, ""teacher_state_rank_gap_too_small"": 30}",False,False,716,0,0.09607843663435414,358,-21.621462583707117,-11.184430570972793,-0.09607843663435411,0.004671872873064429,134,0,0.017748366826542822,67,-24.05213753278047,-14.54828014838991,-0.017660703717893855,0.004585866175180011
"train_positive,val_positive,oos_return_beats_incumbent,oos_mdd_beats_shadow,oos_sharpe_gt_1",calendar_teacher_state_fade,"{""adaptive_lookback_bars"": 24, ""allow_long"": true, ""allow_short"": true, ""broad_min_abs"": 0.006, ""calendar_long_months"": [], ""calendar_long_symbol"": """", ""calendar_short_months"": [], ""calendar_short_symbol"": """", ""calendar_veto_flow_abs"": 0.0, ""calendar_veto_funding_abs"": 0.0, ""calendar_veto_market_ret_abs"": 0.0, ""calendar_veto_resid_z"": 0.0, ""compression_lookback_bars"": 24, ""compression_quantile"": 0.0, ""cooldown_bars"": 18, ""entry_days_of_month"": [], ""entry_hours"": [], ""external_risk_max"": 0.0, ""family"": ""calendar_teacher_state_fade"", ""flow_lookback_bars"": 6, ""flow_persistence_bars"": 0, ""flow_persistence_threshold"": 0.0, ""flow_threshold"": 0.0, ""funding_abs_cap"": 0.00025, ""funding_rank_min"": 0.0001, ""hold_bars"": 72, ""long_allocation_scale"": 6.0, ""lookback_bars"": 72, ""max_order_value"": 175.0, ""max_rv"": 0.0, ""min_abs_return"": 0.003, ""name"": ""fresh_calendar_teacher_fade_both_lb72_fast24_z050_ret30_h72_fl0"", ""oi_rank_min"": 0.012, ""primary_symbol"": """", ""rv_lookback_bars"": 24, ""secondary_symbol"": """", ""sharpe_lookback_bars"": 12, ""sharpe_rank_min"": 0.5, ""short_allocation_scale"": 8.0, ""spread_hedge_ratio"": 1.0, ""stop_loss_pct"": 0.004, ""take_profit_pct"": 0.045, ""target_allocation"": 0.008, ""threshold"": 0.5, ""trailing_stop_cap_pct"": 0.012, ""trailing_stop_floor_pct"": 0.004, ""trailing_stop_rv_multiple"": 0.8}",fresh_calendar_teacher_fade_both_lb72_fast24_z050_ret30_h72_fl0,148,0,0.01688924297484391,74,-23.00445445563836,-13.445331684043063,-0.016889242974843954,0.004073915865861333,"{""cooldown"": 1318, ""signal_missing"": 116, ""teacher_state_rank_gap_too_small"": 21}",False,False,834,0,0.11432946346011795,417,-23.220365788283182,-12.272729554613713,-0.11432946346011796,0.005228582648812247,132,0,0.01835867477357583,66,-23.595553232420833,-13.221818193686548,-0.018358674773575778,0.004861033879650522
"train_positive,val_positive,oos_return_beats_incumbent,oos_mdd_beats_shadow,oos_sharpe_gt_1",calendar_teacher_state_fade,"{""adaptive_lookback_bars"": 24, ""allow_long"": true, ""allow_short"": true, ""broad_min_abs"": 0.006, ""calendar_long_months"": [], ""calendar_long_symbol"": """", ""calendar_short_months"": [], ""calendar_short_symbol"": """", ""calendar_veto_flow_abs"": 0.0, ""calendar_veto_funding_abs"": 0.0, ""calendar_veto_market_ret_abs"": 0.0, ""calendar_veto_resid_z"": 0.0, ""compression_lookback_bars"": 24, ""compression_quantile"": 0.0, ""cooldown_bars"": 18, ""entry_days_of_month"": [], ""entry_hours"": [], ""external_risk_max"": 1.25, ""family"": ""calendar_teacher_state_fade"", ""flow_lookback_bars"": 6, ""flow_persistence_bars"": 0, ""flow_persistence_threshold"": 0.0, ""flow_threshold"": 0.02, ""funding_abs_cap"": 0.00025, ""funding_rank_min"": 0.0001, ""hold_bars"": 72, ""long_allocation_scale"": 6.0, ""lookback_bars"": 72, ""max_order_value"": 175.0, ""max_rv"": 0.0, ""min_abs_return"": 0.003, ""name"": ""fresh_calendar_teacher_fade_both_lb72_fast24_z050_ret30_h72_fl2_xr125"", ""oi_rank_min"": 0.012, ""primary_symbol"": """", ""rv_lookback_bars"": 24, ""secondary_symbol"": """", ""sharpe_lookback_bars"": 12, ""sharpe_rank_min"": 0.5, ""short_allocation_scale"": 8.0, ""spread_hedge_ratio"": 1.0, ""stop_loss_pct"": 0.004, ""take_profit_pct"": 0.045, ""target_allocation"": 0.008, ""threshold"": 0.5, ""trailing_stop_cap_pct"": 0.012, ""trailing_stop_floor_pct"": 0.004, ""trailing_stop_rv_multiple"": 0.8}",fresh_calendar_teacher_fade_both_lb72_fast24_z050_ret30_h72_fl2_xr125,144,0,0.016936753028114798,72,-22.595892869517265,-13.352907020773996,-0.016936753028114815,0.0041593302170104315,"{""cooldown"": 1282, ""signal_missing"": 156, ""teacher_state_rank_gap_too_small"": 26}",False,False,828,0,0.11109501346694069,414,-23.59851369443879,-12.844628214401455,-0.11109501346694073,0.0049903620152474465,128,0,0.017017351878907613,64,-25.343692587906418,-15.239671996396188,-0.017017351878907627,0.004192305900808604
"train_positive,val_positive,oos_return_beats_incumbent,oos_mdd_beats_shadow,oos_sharpe_gt_1",calendar_teacher_state_fade,"{""adaptive_lookback_bars"": 24, ""allow_long"": true, ""allow_short"": true, ""broad_min_abs"": 0.006, ""calendar_long_months"": [], ""calendar_long_symbol"": """", ""calendar_short_months"": [], ""calendar_short_symbol"": """", ""calendar_veto_flow_abs"": 0.0, ""calendar_veto_funding_abs"": 0.0, ""calendar_veto_market_ret_abs"": 0.0, ""calendar_veto_resid_z"": 0.0, ""compression_lookback_bars"": 24, ""compression_quantile"": 0.0, ""cooldown_bars"": 18, ""entry_days_of_month"": [], ""entry_hours"": [], ""external_risk_max"": 0.0, ""family"": ""calendar_teacher_state_fade"", ""flow_lookback_bars"": 6, ""flow_persistence_bars"": 0, ""flow_persistence_threshold"": 0.0, ""flow_threshold"": 0.02, ""funding_abs_cap"": 0.00025, ""funding_rank_min"": 0.0001, ""hold_bars"": 72, ""long_allocation_scale"": 6.0, ""lookback_bars"": 72, ""max_order_value"": 175.0, ""max_rv"": 0.0, ""min_abs_return"": 0.009, ""name"": ""fresh_calendar_teacher_fade_both_lb72_fast24_z050_ret90_h72_fl2"", ""oi_rank_min"": 0.012, ""primary_symbol"": """", ""rv_lookback_bars"": 24, ""secondary_symbol"": """", ""sharpe_lookback_bars"": 12, ""sharpe_rank_min"": 0.5, ""short_allocation_scale"": 8.0, ""spread_hedge_ratio"": 1.0, ""stop_loss_pct"": 0.004, ""take_profit_pct"": 0.045, ""target_allocation"": 0.008, ""threshold"": 0.5, ""trailing_stop_cap_pct"": 0.012, ""trailing_stop_floor_pct"": 0.004, ""trailing_stop_rv_multiple"": 0.8}",fresh_calendar_teacher_fade_both_lb72_fast24_z050_ret90_h72_fl2,138,0,0.01704038824683739,69,-22.334066008335924,-12.153880223082245,-0.0170403882468374,0.004234050767608995,"{""cooldown"": 1231, ""signal_missing"": 211, ""teacher_state_rank_gap_too_small"": 25}",False,False,820,0,0.1094231063771631,410,-23.010023165016086,-12.593063948569572,-0.10942310637716313,0.005036310089915467,130,0,0.01774078457580512,65,-24.061007066946498,-13.135372852507011,-0.01774078457580508,0.004605147556048943
"train_positive,val_positive,oos_return_beats_incumbent,oos_mdd_beats_shadow,oos_sharpe_gt_1",calendar_teacher_state_fade,"{""adaptive_lookback_bars"": 24, ""allow_long"": true, ""allow_short"": true, ""broad_min_abs"": 0.006, ""calendar_long_months"": [], ""calendar_long_symbol"": """", ""calendar_short_months"": [], ""calendar_short_symbol"": """", ""calendar_veto_flow_abs"": 0.0, ""calendar_veto_funding_abs"": 0.0, ""calendar_veto_market_ret_abs"": 0.0, ""calendar_veto_resid_z"": 0.0, ""compression_lookback_bars"": 24, ""compression_quantile"": 0.0, ""cooldown_bars"": 18, ""entry_days_of_month"": [], ""entry_hours"": [], ""external_risk_max"": 1.25, ""family"": ""calendar_teacher_state_fade"", ""flow_lookback_bars"": 6, ""flow_persistence_bars"": 0, ""flow_persistence_threshold"": 0.0, ""flow_threshold"": 0.02, ""funding_abs_cap"": 0.00025, ""funding_rank_min"": 0.0001, ""hold_bars"": 72, ""long_allocation_scale"": 6.0, ""lookback_bars"": 72, ""max_order_value"": 175.0, ""max_rv"": 0.0, ""min_abs_return"": 0.006, ""name"": ""fresh_calendar_teacher_fade_both_lb72_fast24_z050_ret60_h72_fl2_xr125"", ""oi_rank_min"": 0.012, ""primary_symbol"": """", ""rv_lookback_bars"": 24, ""secondary_symbol"": """", ""sharpe_lookback_bars"": 12, ""sharpe_rank_min"": 0.5, ""short_allocation_scale"": 8.0, ""spread_hedge_ratio"": 1.0, ""stop_loss_pct"": 0.004, ""take_profit_pct"": 0.045, ""target_allocation"": 0.008, ""threshold"": 0.5, ""trailing_stop_cap_pct"": 0.012, ""trailing_stop_floor_pct"": 0.004, ""trailing_stop_rv_multiple"": 0.8}",fresh_calendar_teacher_fade_both_lb72_fast24_z050_ret60_h72_fl2_xr125,140,0,0.017050773492227927,70,-23.44199148306857,-13.931014543338376,-0.017050773492227944,0.004036454057225447,"{""cooldown"": 1249, ""signal_missing"": 197, ""teacher_state_rank_gap_too_small"": 27}",False,False,820,0,0.11094874839092918,410,-23.67014652318018,-12.79627122118055,-0.11094874839092916,0.004968312627957288,128,0,0.01643936031599122,64,-24.966706322103907,-14.97488648549429,-0.01643178259004563,0.004107954581294536
"train_positive,val_positive,oos_return_beats_incumbent,oos_mdd_beats_shadow,oos_sharpe_gt_1",calendar_teacher_state_fade,"{""adaptive_lookback_bars"": 24, ""allow_long"": true, ""allow_short"": true, ""broad_min_abs"": 0.006, ""calendar_long_months"": [], ""calendar_long_symbol"": """", ""calendar_short_months"": [], ""calendar_short_symbol"": """", ""calendar_veto_flow_abs"": 0.0, ""calendar_veto_funding_abs"": 0.0, ""calendar_veto_market_ret_abs"": 0.0, ""calendar_veto_resid_z"": 0.0, ""compression_lookback_bars"": 24, ""compression_quantile"": 0.0, ""cooldown_bars"": 18, ""entry_days_of_month"": [], ""entry_hours"": [], ""external_risk_max"": 0.0, ""family"": ""calendar_teacher_state_fade"", ""flow_lookback_bars"": 6, ""flow_persistence_bars"": 0, ""flow_persistence_threshold"": 0.0, ""flow_threshold"": 0.02, ""funding_abs_cap"": 0.00025, ""funding_rank_min"": 0.0001, ""hold_bars"": 72, ""long_allocation_scale"": 6.0, ""lookback_bars"": 72, ""max_order_value"": 175.0, ""max_rv"": 0.0, ""min_abs_return"": 0.006, ""name"": ""fresh_calendar_teacher_fade_both_lb72_fast24_z075_ret60_h72_fl2"", ""oi_rank_min"": 0.012, ""primary_symbol"": """", ""rv_lookback_bars"": 24, ""secondary_symbol"": """", ""sharpe_lookback_bars"": 12, ""sharpe_rank_min"": 0.75, ""short_allocation_scale"": 8.0, ""spread_hedge_ratio"": 1.0, ""stop_loss_pct"": 0.004, ""take_profit_pct"": 0.045, ""target_allocation"": 0.008, ""threshold"": 0.75, ""trailing_stop_cap_pct"": 0.012, ""trailing_stop_floor_pct"": 0.004, ""trailing_stop_rv_multiple"": 0.8}",fresh_calendar_teacher_fade_both_lb72_fast24_z075_ret60_h72_fl2,138,0,0.017053752689135764,69,-23.680744840802618,-13.708028522105622,-0.01705375268913578,0.003996468858264832,"{""cooldown"": 1230, ""signal_missing"": 186, ""teacher_state_rank_gap_too_small"": 61}",False,False,788,0,0.10324480322115469,394,-22.20132384840599,-11.93885285110892,-0.1032448032211547,0.004908359727131432,126,0,0.01817881924078063,63,-24.212834690400303,-12.572330255331531,-0.018171254916289348,0.004688329822611644
"train_positive,val_positive,oos_return_beats_incumbent,oos_mdd_beats_shadow,oos_sharpe_gt_1",calendar_teacher_state_fade,"{""adaptive_lookback_bars"": 24, ""allow_long"": true, ""allow_short"": true, ""broad_min_abs"": 0.006, ""calendar_long_months"": [], ""calendar_long_symbol"": """", ""calendar_short_months"": [], ""calendar_short_symbol"": """", ""calendar_veto_flow_abs"": 0.0, ""calendar_veto_funding_abs"": 0.0, ""calendar_veto_market_ret_abs"": 0.0, ""calendar_veto_resid_z"": 0.0, ""compression_lookback_bars"": 24, ""compression_quantile"": 0.0, ""cooldown_bars"": 18, ""entry_days_of_month"": [], ""entry_hours"": [], ""external_risk_max"": 0.0, ""family"": ""calendar_teacher_state_fade"", ""flow_lookback_bars"": 6, ""flow_persistence_bars"": 0, ""flow_persistence_threshold"": 0.0, ""flow_threshold"": 0.02, ""funding_abs_cap"": 0.00025, ""funding_rank_min"": 0.0001, ""hold_bars"": 72, ""long_allocation_scale"": 6.0, ""lookback_bars"": 72, ""max_order_value"": 175.0, ""max_rv"": 0.0, ""min_abs_return"": 0.009, ""name"": ""fresh_calendar_teacher_fade_both_lb72_fast24_z035_ret90_h72_fl2"", ""oi_rank_min"": 0.012, ""primary_symbol"": """", ""rv_lookback_bars"": 24, ""secondary_symbol"": """", ""sharpe_lookback_bars"": 12, ""sharpe_rank_min"": 0.5, ""short_allocation_scale"": 8.0, ""spread_hedge_ratio"": 1.0, ""stop_loss_pct"": 0.004, ""take_profit_pct"": 0.045, ""target_allocation"": 0.008, ""threshold"": 0.35, ""trailing_stop_cap_pct"": 0.012, ""trailing_stop_floor_pct"": 0.004, ""trailing_stop_rv_multiple"": 0.8}",fresh_calendar_teacher_fade_both_lb72_fast24_z035_ret90_h72_fl2,142,0,0.017055910993257022,71,-23.697218722837505,-13.716332035648437,-0.017055910993256984,0.003994200815730966,"{""cooldown"": 1271, ""signal_missing"": 160, ""teacher_state_rank_gap_too_small"": 27}",False,False,834,0,0.10941440071888374,417,-23.395381586612228,-13.28531529945542,-0.10941440071888375,0.004952954141750483,132,0,0.018208154680151297,66,-24.36024843922136,-13.437888253514746,-0.018208154680151245,0.004669513620994468
"train_positive,val_positive,oos_return_beats_incumbent,oos_mdd_beats_shadow,oos_sharpe_gt_1",calendar_teacher_state_fade,"{""adaptive_lookback_bars"": 24, ""allow_long"": true, ""allow_short"": true, ""broad_min_abs"": 0.006, ""calendar_long_months"": [], ""calendar_long_symbol"": """", ""calendar_short_months"": [], ""calendar_short_symbol"": """", ""calendar_veto_flow_abs"": 0.0, ""calendar_veto_funding_abs"": 0.0, ""calendar_veto_market_ret_abs"": 0.0, ""calendar_veto_resid_z"": 0.0, ""compression_lookback_bars"": 24, ""compression_quantile"": 0.0, ""cooldown_bars"": 18, ""entry_days_of_month"": [], ""entry_hours"": [], ""external_risk_max"": 0.0, ""family"": ""calendar_teacher_state_fade"", ""flow_lookback_bars"": 6, ""flow_persistence_bars"": 0, ""flow_persistence_threshold"": 0.0, ""flow_threshold"": 0.0, ""funding_abs_cap"": 0.00025, ""funding_rank_min"": 0.0001, ""hold_bars"": 72, ""long_allocation_scale"": 6.0, ""lookback_bars"": 72, ""max_order_value"": 175.0, ""max_rv"": 0.0, ""min_abs_return"": 0.003, ""name"": ""fresh_calendar_teacher_fade_both_lb72_fast24_z035_ret30_h72_fl0"", ""oi_rank_min"": 0.012, ""primary_symbol"": """", ""rv_lookback_bars"": 24, ""secondary_symbol"": """", ""sharpe_lookback_bars"": 12, ""sharpe_rank_min"": 0.5, ""short_allocation_scale"": 8.0, ""spread_hedge_ratio"": 1.0, ""stop_loss_pct"": 0.004, ""take_profit_pct"": 0.045, ""target_allocation"": 0.008, ""threshold"": 0.35, ""trailing_stop_cap_pct"": 0.012, ""trailing_stop_floor_pct"": 0.004, ""trailing_stop_rv_multiple"": 0.8}",fresh_calendar_teacher_fade_both_lb72_fast24_z035_ret30_h72_fl0,150,0,0.017171083110896324,75,-24.925829102995262,-15.272808565736769,-0.017171083110896324,0.003823218131349514,"{""cooldown"": 1336, ""signal_missing"": 91, ""teacher_state_rank_gap_too_small"": 26}",False,False,850,0,0.11402366754621161,425,-23.305428729181877,-12.980686264398274,-0.11402366754621163,0.0051946923840149985,134,0,0.019148186665381827,67,-24.090568479162634,-13.545807483422372,-0.019148186665381872,0.004967891317930976
"train_positive,val_positive,oos_return_beats_incumbent,oos_mdd_beats_shadow,oos_sharpe_gt_1",calendar_teacher_state_fade,"{""adaptive_lookback_bars"": 72, ""allow_long"": true, ""allow_short"": true, ""broad_min_abs"": 0.006, ""calendar_long_months"": [], ""calendar_long_symbol"": """", ""calendar_short_months"": [], ""calendar_short_symbol"": """", ""calendar_veto_flow_abs"": 0.0, ""calendar_veto_funding_abs"": 0.0, ""calendar_veto_market_ret_abs"": 0.0, ""calendar_veto_resid_z"": 0.0, ""compression_lookback_bars"": 24, ""compression_quantile"": 0.0, ""cooldown_bars"": 18, ""entry_days_of_month"": [], ""entry_hours"": [], ""external_risk_max"": 1.25, ""family"": ""calendar_teacher_state_fade"", ""flow_lookback_bars"": 6, ""flow_persistence_bars"": 0, ""flow_persistence_threshold"": 0.0, ""flow_threshold"": 0.0, ""funding_abs_cap"": 0.00025, ""funding_rank_min"": 0.0001, ""hold_bars"": 72, ""long_allocation_scale"": 6.0, ""lookback_bars"": 336, ""max_order_value"": 175.0, ""max_rv"": 0.0, ""min_abs_return"": 0.003, ""name"": ""fresh_calendar_teacher_fade_both_lb336_fast72_z035_ret30_h72_fl0_xr125"", ""oi_rank_min"": 0.012, ""primary_symbol"": """", ""rv_lookback_bars"": 24, ""secondary_symbol"": """", ""sharpe_lookback_bars"": 24, ""sharpe_rank_min"": 0.5, ""short_allocation_scale"": 8.0, ""spread_hedge_ratio"": 1.0, ""stop_loss_pct"": 0.004, ""take_profit_pct"": 0.045, ""target_allocation"": 0.008, ""threshold"": 0.35, ""trailing_stop_cap_pct"": 0.012, ""trailing_stop_floor_pct"": 0.004, ""trailing_stop_rv_multiple"": 0.8}",fresh_calendar_teacher_fade_both_lb336_fast72_z035_ret30_h72_fl0_xr125,136,0,0.01717987287120941,68,-23.184338160310205,-12.563647129749507,-0.017179872871209367,0.004112472143186561,"{""cooldown"": 1214, ""signal_missing"": 256, ""teacher_state_rank_gap_too_small"": 30}",False,False,718,0,0.09606564047259926,359,-21.82778147750407,-11.557346568742489,-0.09606564047259925,0.004627074693597841,136,0,0.018079625055005568,68,-23.588316134692622,-14.436500798401898,-0.017991991510192484,0.004764527788378455
"train_positive,val_positive,oos_return_beats_incumbent,oos_mdd_beats_shadow,oos_sharpe_gt_1",calendar_teacher_state_fade,"{""adaptive_lookback_bars"": 72, ""allow_long"": true, ""allow_short"": true, ""broad_min_abs"": 0.006, ""calendar_long_months"": [], ""calendar_long_symbol"": """", ""calendar_short_months"": [], ""calendar_short_symbol"": """", ""calendar_veto_flow_abs"": 0.0, ""calendar_veto_funding_abs"": 0.0, ""calendar_veto_market_ret_abs"": 0.0, ""calendar_veto_resid_z"": 0.0, ""compression_lookback_bars"": 24, ""compression_quantile"": 0.0, ""cooldown_bars"": 18, ""entry_days_of_month"": [], ""entry_hours"": [], ""external_risk_max"": 1.25, ""family"": ""calendar_teacher_state_fade"", ""flow_lookback_bars"": 6, ""flow_persistence_bars"": 0, ""flow_persistence_threshold"": 0.0, ""flow_threshold"": 0.0, ""funding_abs_cap"": 0.00025, ""funding_rank_min"": 0.0001, ""hold_bars"": 72, ""long_allocation_scale"": 6.0, ""lookback_bars"": 336, ""max_order_value"": 175.0, ""max_rv"": 0.0, ""min_abs_return"": 0.006, ""name"": ""fresh_calendar_teacher_fade_both_lb336_fast72_z035_ret60_h72_fl0_xr125"", ""oi_rank_min"": 0.012, ""primary_symbol"": """", ""rv_lookback_bars"": 24, ""secondary_symbol"": """", ""sharpe_lookback_bars"": 24, ""sharpe_rank_min"": 0.5, ""short_allocation_scale"": 8.0, ""spread_hedge_ratio"": 1.0, ""stop_loss_pct"": 0.004, ""take_profit_pct"": 0.045, ""target_allocation"": 0.008, ""threshold"": 0.35, ""trailing_stop_cap_pct"": 0.012, ""trailing_stop_floor_pct"": 0.004, ""trailing_stop_rv_multiple"": 0.8}",fresh_calendar_teacher_fade_both_lb336_fast72_z035_ret60_h72_fl0_xr125,134,0,0.017187603831217167,67,-23.67500360146681,-12.860380558386776,-0.017187603831217202,0.004029083534549458,"{""cooldown"": 1196, ""signal_missing"": 270, ""teacher_state_rank_gap_too_small"": 30}",False,False,716,0,0.09494608292474095,358,-21.71042103492464,-11.410124798282336,-0.09494608292474094,0.004595075487083135,134,0,0.017861400651324272,67,-23.370241813801027,-14.240549593639047,-0.017773747630616232,0.004750124795574666
"train_positive,val_positive,oos_return_beats_incumbent,oos_mdd_beats_shadow,oos_sharpe_gt_1",calendar_teacher_state_fade,"{""adaptive_lookback_bars"": 24, ""allow_long"": true, ""allow_short"": true, ""broad_min_abs"": 0.006, ""calendar_long_months"": [], ""calendar_long_symbol"": """", ""calendar_short_months"": [], ""calendar_short_symbol"": """", ""calendar_veto_flow_abs"": 0.0, ""calendar_veto_funding_abs"": 0.0, ""calendar_veto_market_ret_abs"": 0.0, ""calendar_veto_resid_z"": 0.0, ""compression_lookback_bars"": 24, ""compression_quantile"": 0.0, ""cooldown_bars"": 18, ""entry_days_of_month"": [], ""entry_hours"": [], ""external_risk_max"": 1.25, ""family"": ""calendar_teacher_state_fade"", ""flow_lookback_bars"": 6, ""flow_persistence_bars"": 0, ""flow_persistence_threshold"": 0.0, ""flow_threshold"": 0.02, ""funding_abs_cap"": 0.00025, ""funding_rank_min"": 0.0001, ""hold_bars"": 72, ""long_allocation_scale"": 6.0, ""lookback_bars"": 72, ""max_order_value"": 175.0, ""max_rv"": 0.0, ""min_abs_return"": 0.006, ""name"": ""fresh_calendar_teacher_fade_both_lb72_fast24_z035_ret60_h72_fl2_xr125"", ""oi_rank_min"": 0.012, ""primary_symbol"": """", ""rv_lookback_bars"": 24, ""secondary_symbol"": """", ""sharpe_lookback_bars"": 12, ""sharpe_rank_min"": 0.5, ""short_allocation_scale"": 8.0, ""spread_hedge_ratio"": 1.0, ""stop_loss_pct"": 0.004, ""take_profit_pct"": 0.045, ""target_allocation"": 0.008, ""threshold"": 0.35, ""trailing_stop_cap_pct"": 0.012, ""trailing_stop_floor_pct"": 0.004, ""trailing_stop_rv_multiple"": 0.8}",fresh_calendar_teacher_fade_both_lb72_fast24_z035_ret60_h72_fl2_xr125,144,0,0.017250235910856462,72,-23.85769039331061,-14.759755338596381,-0.017250235910856504,0.0040129324763071555,"{""cooldown"": 1289, ""signal_missing"": 128, ""teacher_state_rank_gap_too_small"": 30}",False,False,838,0,0.11138024112080712,419,-23.85861906181575,-13.335388695227286,-0.11138024112080713,0.004949418440952451,128,0,0.016365825176312142,64,-24.9379592051424,-15.073659069171987,-0.016358246883823813,0.004094133079866257
"train_positive,val_positive,oos_return_beats_incumbent,oos_mdd_beats_shadow,oos_sharpe_gt_1",calendar_teacher_state_fade,"{""adaptive_lookback_bars"": 72, ""allow_long"": true, ""allow_short"": true, ""broad_min_abs"": 0.006, ""calendar_long_months"": [], ""calendar_long_symbol"": """", ""calendar_short_months"": [], ""calendar_short_symbol"": """", ""calendar_veto_flow_abs"": 0.0, ""calendar_veto_funding_abs"": 0.0, ""calendar_veto_market_ret_abs"": 0.0, ""calendar_veto_resid_z"": 0.0, ""compression_lookback_bars"": 24, ""compression_quantile"": 0.0, ""cooldown_bars"": 18, ""entry_days_of_month"": [], ""entry_hours"": [], ""external_risk_max"": 1.25, ""family"": ""calendar_teacher_state_fade"", ""flow_lookback_bars"": 6, ""flow_persistence_bars"": 0, ""flow_persistence_threshold"": 0.0, ""flow_threshold"": 0.02, ""funding_abs_cap"": 0.00025, ""funding_rank_min"": 0.0001, ""hold_bars"": 72, ""long_allocation_scale"": 6.0, ""lookback_bars"": 168, ""max_order_value"": 175.0, ""max_rv"": 0.0, ""min_abs_return"": 0.009, ""name"": ""fresh_calendar_teacher_fade_both_lb168_fast72_z035_ret90_h72_fl2_xr125"", ""oi_rank_min"": 0.012, ""primary_symbol"": """", ""rv_lookback_bars"": 24, ""secondary_symbol"": """", ""sharpe_lookback_bars"": 24, ""sharpe_rank_min"": 0.5, ""short_allocation_scale"": 8.0, ""spread_hedge_ratio"": 1.0, ""stop_loss_pct"": 0.004, ""take_profit_pct"": 0.045, ""target_allocation"": 0.008, ""threshold"": 0.35, ""trailing_stop_cap_pct"": 0.012, ""trailing_stop_floor_pct"": 0.004, ""trailing_stop_rv_multiple"": 0.8}",fresh_calendar_teacher_fade_both_lb168_fast72_z035_ret90_h72_fl2_xr125,144,0,0.017285799447753537,72,-23.15447816685464,-13.810564422861766,-0.017285799447753547,0.0041433839789409834,"{""cooldown"": 1284, ""signal_missing"": 179}",False,False,776,0,0.10131304057465713,388,-21.98384239764823,-11.960419931932417,-0.10131304057465718,0.004859034704366338,130,0,0.01638122623263746,65,-23.03658163286273,-14.375566496312688,-0.016154688715196097,0.004376392740207316
"train_positive,val_positive,oos_return_beats_incumbent,oos_mdd_beats_shadow,oos_sharpe_gt_1",calendar_teacher_state_fade,"{""adaptive_lookback_bars"": 72, ""allow_long"": true, ""allow_short"": true, ""broad_min_abs"": 0.006, ""calendar_long_months"": [], ""calendar_long_symbol"": """", ""calendar_short_months"": [], ""calendar_short_symbol"": """", ""calendar_veto_flow_abs"": 0.0, ""calendar_veto_funding_abs"": 0.0, ""calendar_veto_market_ret_abs"": 0.0, ""calendar_veto_resid_z"": 0.0, ""compression_lookback_bars"": 24, ""compression_quantile"": 0.0, ""cooldown_bars"": 18, ""entry_days_of_month"": [], ""entry_hours"": [], ""external_risk_max"": 1.25, ""family"": ""calendar_teacher_state_fade"", ""flow_lookback_bars"": 6, ""flow_persistence_bars"": 0, ""flow_persistence_threshold"": 0.0, ""flow_threshold"": 0.02, ""funding_abs_cap"": 0.00025, ""funding_rank_min"": 0.0001, ""hold_bars"": 72, ""long_allocation_scale"": 6.0, ""lookback_bars"": 168, ""max_order_value"": 175.0, ""max_rv"": 0.0, ""min_abs_return"": 0.006, ""name"": ""fresh_calendar_teacher_fade_both_lb168_fast72_z050_ret60_h72_fl2_xr125"", ""oi_rank_min"": 0.012, ""primary_symbol"": """", ""rv_lookback_bars"": 24, ""secondary_symbol"": """", ""sharpe_lookback_bars"": 24, ""sharpe_rank_min"": 0.5, ""short_allocation_scale"": 8.0, ""spread_hedge_ratio"": 1.0, ""stop_loss_pct"": 0.004, ""take_profit_pct"": 0.045, ""target_allocation"": 0.008, ""threshold"": 0.5, ""trailing_stop_cap_pct"": 0.012, ""trailing_stop_floor_pct"": 0.004, ""trailing_stop_rv_multiple"": 0.8}",fresh_calendar_teacher_fade_both_lb168_fast72_z050_ret60_h72_fl2_xr125,138,0,0.017402978156679016,69,-23.58959260354019,-14.251698940516723,-0.017402978156679016,0.004094782237375897,"{""cooldown"": 1235, ""signal_missing"": 212}",False,False,762,0,0.0996057312810075,381,-21.222091259204362,-11.34092117573584,-0.09960573128100747,0.004943983227909217,126,0,0.016323837570413398,63,-24.221288378907218,-14.911107444333375,-0.016323837570413446,0.004206312190866801
"train_positive,val_positive,oos_return_beats_incumbent,oos_mdd_beats_shadow,oos_sharpe_gt_1",calendar_teacher_state_fade,"{""adaptive_lookback_bars"": 72, ""allow_long"": true, ""allow_short"": true, ""broad_min_abs"": 0.006, ""calendar_long_months"": [], ""calendar_long_symbol"": """", ""calendar_short_months"": [], ""calendar_short_symbol"": """", ""calendar_veto_flow_abs"": 0.0, ""calendar_veto_funding_abs"": 0.0, ""calendar_veto_market_ret_abs"": 0.0, ""calendar_veto_resid_z"": 0.0, ""compression_lookback_bars"": 24, ""compression_quantile"": 0.0, ""cooldown_bars"": 18, ""entry_days_of_month"": [], ""entry_hours"": [], ""external_risk_max"": 0.0, ""family"": ""calendar_teacher_state_fade"", ""flow_lookback_bars"": 6, ""flow_persistence_bars"": 0, ""flow_persistence_threshold"": 0.0, ""flow_threshold"": 0.02, ""funding_abs_cap"": 0.00025, ""funding_rank_min"": 0.0001, ""hold_bars"": 72, ""long_allocation_scale"": 6.0, ""lookback_bars"": 168, ""max_order_value"": 175.0, ""max_rv"": 0.0, ""min_abs_return"": 0.003, ""name"": ""fresh_calendar_teacher_fade_both_lb168_fast72_z035_ret30_h72_fl2"", ""oi_rank_min"": 0.012, ""primary_symbol"": """", ""rv_lookback_bars"": 24, ""secondary_symbol"": """", ""sharpe_lookback_bars"": 24, ""sharpe_rank_min"": 0.5, ""short_allocation_scale"": 8.0, ""spread_hedge_ratio"": 1.0, ""stop_loss_pct"": 0.004, ""take_profit_pct"": 0.045, ""target_allocation"": 0.008, ""threshold"": 0.35, ""trailing_stop_cap_pct"": 0.012, ""trailing_stop_floor_pct"": 0.004, ""trailing_stop_rv_multiple"": 0.8}",fresh_calendar_teacher_fade_both_lb168_fast72_z035_ret30_h72_fl2,142,0,0.017437977513809433,71,-22.27745390620929,-13.481290457470449,-0.017437977513809377,0.00434471495812003,"{""cooldown"": 1276, ""signal_missing"": 158}",False,False,778,0,0.10219245347439046,389,-21.852862163910203,-11.862016863684683,-0.10216620124815656,0.004931609691534598,132,0,0.01776458856433326,66,-24.123663086149712,-14.101919218265268,-0.017764588564333272,0.0045994068853747235
"train_positive,val_positive,oos_return_beats_incumbent,oos_mdd_beats_shadow,oos_sharpe_gt_1",calendar_teacher_state_fade,"{""adaptive_lookback_bars"": 72, ""allow_long"": true, ""allow_short"": true, ""broad_min_abs"": 0.006, ""calendar_long_months"": [], ""calendar_long_symbol"": """", ""calendar_short_months"": [], ""calendar_short_symbol"": """", ""calendar_veto_flow_abs"": 0.0, ""calendar_veto_funding_abs"": 0.0, ""calendar_veto_market_ret_abs"": 0.0, ""calendar_veto_resid_z"": 0.0, ""compression_lookback_bars"": 24, ""compression_quantile"": 0.0, ""cooldown_bars"": 18, ""entry_days_of_month"": [], ""entry_hours"": [], ""external_risk_max"": 0.0, ""family"": ""calendar_teacher_state_fade"", ""flow_lookback_bars"": 6, ""flow_persistence_bars"": 0, ""flow_persistence_threshold"": 0.0, ""flow_threshold"": 0.02, ""funding_abs_cap"": 0.00025, ""funding_rank_min"": 0.0001, ""hold_bars"": 72, ""long_allocation_scale"": 6.0, ""lookback_bars"": 168, ""max_order_value"": 175.0, ""max_rv"": 0.0, ""min_abs_return"": 0.009, ""name"": ""fresh_calendar_teacher_fade_both_lb168_fast72_z050_ret90_h72_fl2"", ""oi_rank_min"": 0.012, ""primary_symbol"": """", ""rv_lookback_bars"": 24, ""secondary_symbol"": """", ""sharpe_lookback_bars"": 24, ""sharpe_rank_min"": 0.5, ""short_allocation_scale"": 8.0, ""spread_hedge_ratio"": 1.0, ""stop_loss_pct"": 0.004, ""take_profit_pct"": 0.045, ""target_allocation"": 0.008, ""threshold"": 0.5, ""trailing_stop_cap_pct"": 0.012, ""trailing_stop_floor_pct"": 0.004, ""trailing_stop_rv_multiple"": 0.8}",fresh_calendar_teacher_fade_both_lb168_fast72_z050_ret90_h72_fl2,138,0,0.017465215999697158,69,-22.18495080241232,-12.485655813978097,-0.017465215999697192,0.004369701769466609,"{""cooldown"": 1230, ""signal_missing"": 224, ""teacher_state_rank_gap_too_small"": 2}",False,False,766,0,0.0999470932395272,383,-21.939437409089248,-11.691288203155684,-0.09994709323952722,0.004799649147782245,128,0,0.01565539196772412,64,-23.402437171929385,-14.270670114385531,-0.01565539196772414,0.004173796876284745
"train_positive,val_positive,oos_return_beats_incumbent,oos_mdd_beats_shadow,oos_sharpe_gt_1",calendar_teacher_state_fade,"{""adaptive_lookback_bars"": 72, ""allow_long"": true, ""allow_short"": true, ""broad_min_abs"": 0.006, ""calendar_long_months"": [], ""calendar_long_symbol"": """", ""calendar_short_months"": [], ""calendar_short_symbol"": """", ""calendar_veto_flow_abs"": 0.0, ""calendar_veto_funding_abs"": 0.0, ""calendar_veto_market_ret_abs"": 0.0, ""calendar_veto_resid_z"": 0.0, ""compression_lookback_bars"": 24, ""compression_quantile"": 0.0, ""cooldown_bars"": 18, ""entry_days_of_month"": [], ""entry_hours"": [], ""external_risk_max"": 0.0, ""family"": ""calendar_teacher_state_fade"", ""flow_lookback_bars"": 6, ""flow_persistence_bars"": 0, ""flow_persistence_threshold"": 0.0, ""flow_threshold"": 0.0, ""funding_abs_cap"": 0.00025, ""funding_rank_min"": 0.0001, ""hold_bars"": 72, ""long_allocation_scale"": 6.0, ""lookback_bars"": 336, ""max_order_value"": 175.0, ""max_rv"": 0.0, ""min_abs_return"": 0.009, ""name"": ""fresh_calendar_teacher_fade_both_lb336_fast72_z035_ret90_h72_fl0"", ""oi_rank_min"": 0.012, ""primary_symbol"": """", ""rv_lookback_bars"": 24, ""secondary_symbol"": """", ""sharpe_lookback_bars"": 24, ""sharpe_rank_min"": 0.5, ""short_allocation_scale"": 8.0, ""spread_hedge_ratio"": 1.0, ""stop_loss_pct"": 0.004, ""take_profit_pct"": 0.045, ""target_allocation"": 0.008, ""threshold"": 0.35, ""trailing_stop_cap_pct"": 0.012, ""trailing_stop_floor_pct"": 0.004, ""trailing_stop_rv_multiple"": 0.8}",fresh_calendar_teacher_fade_both_lb336_fast72_z035_ret90_h72_fl0,132,0,0.017483592232543744,66,-23.110129943785175,-12.8761427709246,-0.0174835922325437,0.004199252085719496,"{""cooldown"": 1177, ""signal_missing"": 286, ""teacher_state_rank_gap_too_small"": 30}",False,False,716,0,0.09732236402442832,358,-21.554369491096928,-11.017676979068195,-0.09732236402442829,0.004750293868200528,134,0,0.01784632613057282,67,-24.140477350802154,-14.71011643209064,-0.017758671764507516,0.004594659444634927
"train_positive,val_positive,oos_return_beats_incumbent,oos_mdd_beats_shadow,oos_sharpe_gt_1",calendar_teacher_state_fade,"{""adaptive_lookback_bars"": 72, ""allow_long"": true, ""allow_short"": true, ""broad_min_abs"": 0.006, ""calendar_long_months"": [], ""calendar_long_symbol"": """", ""calendar_short_months"": [], ""calendar_short_symbol"": """", ""calendar_veto_flow_abs"": 0.0, ""calendar_veto_funding_abs"": 0.0, ""calendar_veto_market_ret_abs"": 0.0, ""calendar_veto_resid_z"": 0.0, ""compression_lookback_bars"": 24, ""compression_quantile"": 0.0, ""cooldown_bars"": 18, ""entry_days_of_month"": [], ""entry_hours"": [], ""external_risk_max"": 1.25, ""family"": ""calendar_teacher_state_fade"", ""flow_lookback_bars"": 6, ""flow_persistence_bars"": 0, ""flow_persistence_threshold"": 0.0, ""flow_threshold"": 0.0, ""funding_abs_cap"": 0.00025, ""funding_rank_min"": 0.0001, ""hold_bars"": 72, ""long_allocation_scale"": 6.0, ""lookback_bars"": 168, ""max_order_value"": 175.0, ""max_rv"": 0.0, ""min_abs_return"": 0.006, ""name"": ""fresh_calendar_teacher_fade_both_lb168_fast72_z035_ret60_h72_fl0_xr125"", ""oi_rank_min"": 0.012, ""primary_symbol"": """", ""rv_lookback_bars"": 24, ""secondary_symbol"": """", ""sharpe_lookback_bars"": 24, ""sharpe_rank_min"": 0.5, ""short_allocation_scale"": 8.0, ""spread_hedge_ratio"": 1.0, ""stop_loss_pct"": 0.004, ""take_profit_pct"": 0.045, ""target_allocation"": 0.008, ""threshold"": 0.35, ""trailing_stop_cap_pct"": 0.012, ""trailing_stop_floor_pct"": 0.004, ""trailing_stop_rv_multiple"": 0.8}",fresh_calendar_teacher_fade_both_lb168_fast72_z035_ret60_h72_fl0_xr125,144,0,0.01748446346000758,72,-23.336359182010682,-14.097877655335157,-0.017484463460007538,0.004158759690574817,"{""cooldown"": 1294, ""signal_missing"": 159, ""teacher_state_rank_gap_too_small"": 1}",False,False,784,0,0.10878771234775086,392,-22.786794737380166,-12.341816686283211,-0.1087616581021068,0.005053058600270794,134,0,0.017884939481730824,67,-25.852868552701622,-15.726507974216707,-0.017884939481730866,0.004321159349767346
"train_positive,val_positive,oos_return_beats_incumbent,oos_mdd_beats_shadow,oos_sharpe_gt_1",calendar_teacher_state_fade,"{""adaptive_lookback_bars"": 24, ""allow_long"": true, ""allow_short"": true, ""broad_min_abs"": 0.006, ""calendar_long_months"": [], ""calendar_long_symbol"": """", ""calendar_short_months"": [], ""calendar_short_symbol"": """", ""calendar_veto_flow_abs"": 0.0, ""calendar_veto_funding_abs"": 0.0, ""calendar_veto_market_ret_abs"": 0.0, ""calendar_veto_resid_z"": 0.0, ""compression_lookback_bars"": 24, ""compression_quantile"": 0.0, ""cooldown_bars"": 18, ""entry_days_of_month"": [], ""entry_hours"": [], ""external_risk_max"": 1.25, ""family"": ""calendar_teacher_state_fade"", ""flow_lookback_bars"": 6, ""flow_persistence_bars"": 0, ""flow_persistence_threshold"": 0.0, ""flow_threshold"": 0.02, ""funding_abs_cap"": 0.00025, ""funding_rank_min"": 0.0001, ""hold_bars"": 72, ""long_allocation_scale"": 6.0, ""lookback_bars"": 72, ""max_order_value"": 175.0, ""max_rv"": 0.0, ""min_abs_return"": 0.003, ""name"": ""fresh_calendar_teacher_fade_both_lb72_fast24_z035_ret30_h72_fl2_xr125"", ""oi_rank_min"": 0.012, ""primary_symbol"": """", ""rv_lookback_bars"": 24, ""secondary_symbol"": """", ""sharpe_lookback_bars"": 12, ""sharpe_rank_min"": 0.5, ""short_allocation_scale"": 8.0, ""spread_hedge_ratio"": 1.0, ""stop_loss_pct"": 0.004, ""take_profit_pct"": 0.045, ""target_allocation"": 0.008, ""threshold"": 0.35, ""trailing_stop_cap_pct"": 0.012, ""trailing_stop_floor_pct"": 0.004, ""trailing_stop_rv_multiple"": 0.8}",fresh_calendar_teacher_fade_both_lb72_fast24_z035_ret30_h72_fl2_xr125,148,0,0.017581070459689364,74,-24.054558902869626,-14.784467843841188,-0.017581070459689374,0.004057101583424319,"{""cooldown"": 1318, ""signal_missing"": 106, ""teacher_state_rank_gap_too_small"": 30}",False,False,844,0,0.1107659754964965,422,-23.720093485477076,-13.313965497463347,-0.11076597549649647,0.004949187973219042,130,0,0.017085496342730978,65,-25.337326949328247,-15.279835165106068,-0.017085496342730933,0.00421029492702967
"train_positive,val_positive,oos_return_beats_incumbent,oos_mdd_beats_shadow,oos_sharpe_gt_1",calendar_teacher_state_fade,"{""adaptive_lookback_bars"": 72, ""allow_long"": true, ""allow_short"": true, ""broad_min_abs"": 0.006, ""calendar_long_months"": [], ""calendar_long_symbol"": """", ""calendar_short_months"": [], ""calendar_short_symbol"": """", ""calendar_veto_flow_abs"": 0.0, ""calendar_veto_funding_abs"": 0.0, ""calendar_veto_market_ret_abs"": 0.0, ""calendar_veto_resid_z"": 0.0, ""compression_lookback_bars"": 24, ""compression_quantile"": 0.0, ""cooldown_bars"": 18, ""entry_days_of_month"": [], ""entry_hours"": [], ""external_risk_max"": 0.0, ""family"": ""calendar_teacher_state_fade"", ""flow_lookback_bars"": 6, ""flow_persistence_bars"": 0, ""flow_persistence_threshold"": 0.0, ""flow_threshold"": 0.0, ""funding_abs_cap"": 0.00025, ""funding_rank_min"": 0.0001, ""hold_bars"": 72, ""long_allocation_scale"": 6.0, ""lookback_bars"": 336, ""max_order_value"": 175.0, ""max_rv"": 0.0, ""min_abs_return"": 0.003, ""name"": ""fresh_calendar_teacher_fade_both_lb336_fast72_z035_ret30_h72_fl0"", ""oi_rank_min"": 0.012, ""primary_symbol"": """", ""rv_lookback_bars"": 24, ""secondary_symbol"": """", ""sharpe_lookback_bars"": 24, ""sharpe_rank_min"": 0.5, ""short_allocation_scale"": 8.0, ""spread_hedge_ratio"": 1.0, ""stop_loss_pct"": 0.004, ""take_profit_pct"": 0.045, ""target_allocation"": 0.008, ""threshold"": 0.35, ""trailing_stop_cap_pct"": 0.012, ""trailing_stop_floor_pct"": 0.004, ""trailing_stop_rv_multiple"": 0.8}",fresh_calendar_teacher_fade_both_lb336_fast72_z035_ret30_h72_fl0,136,0,0.017589955739399556,68,-21.737356106072188,-11.201675834594386,-0.017589955739399588,0.00449179268816632,"{""cooldown"": 1214, ""signal_missing"": 253, ""teacher_state_rank_gap_too_small"": 30}",False,False,718,0,0.09765216085252905,359,-21.752528898081003,-11.354931961134067,-0.09765216085252904,0.004723826517804884,136,0,0.018177529237239656,68,-23.675992115150176,-14.589880682917357,-0.01808990443009073,0.004772954655235843
"train_positive,val_positive,oos_return_beats_incumbent,oos_mdd_beats_shadow,oos_sharpe_gt_1",calendar_teacher_state_fade,"{""adaptive_lookback_bars"": 24, ""allow_long"": true, ""allow_short"": true, ""broad_min_abs"": 0.006, ""calendar_long_months"": [], ""calendar_long_symbol"": """", ""calendar_short_months"": [], ""calendar_short_symbol"": """", ""calendar_veto_flow_abs"": 0.0, ""calendar_veto_funding_abs"": 0.0, ""calendar_veto_market_ret_abs"": 0.0, ""calendar_veto_resid_z"": 0.0, ""compression_lookback_bars"": 24, ""compression_quantile"": 0.0, ""cooldown_bars"": 18, ""entry_days_of_month"": [], ""entry_hours"": [], ""external_risk_max"": 0.0, ""family"": ""calendar_teacher_state_fade"", ""flow_lookback_bars"": 6, ""flow_persistence_bars"": 0, ""flow_persistence_threshold"": 0.0, ""flow_threshold"": 0.0, ""funding_abs_cap"": 0.00025, ""funding_rank_min"": 0.0001, ""hold_bars"": 72, ""long_allocation_scale"": 6.0, ""lookback_bars"": 72, ""max_order_value"": 175.0, ""max_rv"": 0.0, ""min_abs_return"": 0.006, ""name"": ""fresh_calendar_teacher_fade_both_lb72_fast24_z050_ret60_h72_fl0"", ""oi_rank_min"": 0.012, ""primary_symbol"": """", ""rv_lookback_bars"": 24, ""secondary_symbol"": """", ""sharpe_lookback_bars"": 12, ""sharpe_rank_min"": 0.5, ""short_allocation_scale"": 8.0, ""spread_hedge_ratio"": 1.0, ""stop_loss_pct"": 0.004, ""take_profit_pct"": 0.045, ""target_allocation"": 0.008, ""threshold"": 0.5, ""trailing_stop_cap_pct"": 0.012, ""trailing_stop_floor_pct"": 0.004, ""trailing_stop_rv_multiple"": 0.8}",fresh_calendar_teacher_fade_both_lb72_fast24_z050_ret60_h72_fl0,144,0,0.017618075475977456,72,-24.14446623942095,-13.87313319427366,-0.01761807547597749,0.004050579555963153,"{""cooldown"": 1285, ""signal_missing"": 156, ""teacher_state_rank_gap_too_small"": 24}",False,False,828,0,0.11439056273051483,414,-23.084267576857222,-12.136131239693716,-0.11439056273051484,0.005262390051621113,132,0,0.018312466161779374,66,-23.530498430093907,-13.264751975006696,-0.018304902866954964,0.004860062140948867
"train_positive,val_positive,oos_return_beats_incumbent,oos_mdd_beats_shadow,oos_sharpe_gt_1",calendar_teacher_state_fade,"{""adaptive_lookback_bars"": 24, ""allow_long"": true, ""allow_short"": true, ""broad_min_abs"": 0.006, ""calendar_long_months"": [], ""calendar_long_symbol"": """", ""calendar_short_months"": [], ""calendar_short_symbol"": """", ""calendar_veto_flow_abs"": 0.0, ""calendar_veto_funding_abs"": 0.0, ""calendar_veto_market_ret_abs"": 0.0, ""calendar_veto_resid_z"": 0.0, ""compression_lookback_bars"": 24, ""compression_quantile"": 0.0, ""cooldown_bars"": 18, ""entry_days_of_month"": [], ""entry_hours"": [], ""external_risk_max"": 1.25, ""family"": ""calendar_teacher_state_fade"", ""flow_lookback_bars"": 6, ""flow_persistence_bars"": 0, ""flow_persistence_threshold"": 0.0, ""flow_threshold"": 0.0, ""funding_abs_cap"": 0.00025, ""funding_rank_min"": 0.0001, ""hold_bars"": 72, ""long_allocation_scale"": 6.0, ""lookback_bars"": 72, ""max_order_value"": 175.0, ""max_rv"": 0.0, ""min_abs_return"": 0.006, ""name"": ""fresh_calendar_teacher_fade_both_lb72_fast24_z050_ret60_h72_fl0_xr125"", ""oi_rank_min"": 0.012, ""primary_symbol"": """", ""rv_lookback_bars"": 24, ""secondary_symbol"": """", ""sharpe_lookback_bars"": 12, ""sharpe_rank_min"": 0.5, ""short_allocation_scale"": 8.0, ""spread_hedge_ratio"": 1.0, ""stop_loss_pct"": 0.004, ""take_profit_pct"": 0.045, ""target_allocation"": 0.008, ""threshold"": 0.5, ""trailing_stop_cap_pct"": 0.012, ""trailing_stop_floor_pct"": 0.004, ""trailing_stop_rv_multiple"": 0.8}",fresh_calendar_teacher_fade_both_lb72_fast24_z050_ret60_h72_fl0_xr125,144,0,0.017618075475977456,72,-24.14446623942095,-13.87313319427366,-0.01761807547597749,0.004050579555963153,"{""cooldown"": 1285, ""signal_missing"": 156, ""teacher_state_rank_gap_too_small"": 24}",False,False,828,0,0.11526301742834712,414,-23.410233443409815,-12.255550343128535,-0.1152630174283471,0.005231229936497294,132,0,0.017495612688033468,66,-24.11541773989082,-14.365860335155007,-0.01748804309985863,0.004528726314516856
"train_positive,val_positive,oos_return_beats_incumbent,oos_mdd_beats_shadow,oos_sharpe_gt_1",calendar_teacher_state_fade,"{""adaptive_lookback_bars"": 72, ""allow_long"": true, ""allow_short"": true, ""broad_min_abs"": 0.006, ""calendar_long_months"": [], ""calendar_long_symbol"": """", ""calendar_short_months"": [], ""calendar_short_symbol"": """", ""calendar_veto_flow_abs"": 0.0, ""calendar_veto_funding_abs"": 0.0, ""calendar_veto_market_ret_abs"": 0.0, ""calendar_veto_resid_z"": 0.0, ""compression_lookback_bars"": 24, ""compression_quantile"": 0.0, ""cooldown_bars"": 18, ""entry_days_of_month"": [], ""entry_hours"": [], ""external_risk_max"": 0.0, ""family"": ""calendar_teacher_state_fade"", ""flow_lookback_bars"": 6, ""flow_persistence_bars"": 0, ""flow_persistence_threshold"": 0.0, ""flow_threshold"": 0.0, ""funding_abs_cap"": 0.00025, ""funding_rank_min"": 0.0001, ""hold_bars"": 72, ""long_allocation_scale"": 6.0, ""lookback_bars"": 336, ""max_order_value"": 175.0, ""max_rv"": 0.0, ""min_abs_return"": 0.006, ""name"": ""fresh_calendar_teacher_fade_both_lb336_fast72_z035_ret60_h72_fl0"", ""oi_rank_min"": 0.012, ""primary_symbol"": """", ""rv_lookback_bars"": 24, ""secondary_symbol"": """", ""sharpe_lookback_bars"": 24, ""sharpe_rank_min"": 0.5, ""short_allocation_scale"": 8.0, ""spread_hedge_ratio"": 1.0, ""stop_loss_pct"": 0.004, ""take_profit_pct"": 0.045, ""target_allocation"": 0.008, ""threshold"": 0.35, ""trailing_stop_cap_pct"": 0.012, ""trailing_stop_floor_pct"": 0.004, ""trailing_stop_rv_multiple"": 0.8}",fresh_calendar_teacher_fade_both_lb336_fast72_z035_ret60_h72_fl0,134,0,0.017739424259153567,67,-21.873752309952483,-11.183147139446568,-0.017739424259153536,0.004502057184140902,"{""cooldown"": 1196, ""signal_missing"": 268, ""teacher_state_rank_gap_too_small"": 30}",False,False,716,0,0.09620234216269018,358,-21.630909449473624,-11.214408615814886,-0.09620234216269019,0.00467616970310606,134,0,0.017959341063291497,67,-23.4583655855793,-14.395659688274527,-0.017871696783481106,0.004758596885997887
"train_positive,val_positive,oos_return_beats_incumbent,oos_mdd_beats_shadow,oos_sharpe_gt_1",calendar_teacher_state_fade,"{""adaptive_lookback_bars"": 72, ""allow_long"": true, ""allow_short"": true, ""broad_min_abs"": 0.006, ""calendar_long_months"": [], ""calendar_long_symbol"": """", ""calendar_short_months"": [], ""calendar_short_symbol"": """", ""calendar_veto_flow_abs"": 0.0, ""calendar_veto_funding_abs"": 0.0, ""calendar_veto_market_ret_abs"": 0.0, ""calendar_veto_resid_z"": 0.0, ""compression_lookback_bars"": 24, ""compression_quantile"": 0.0, ""cooldown_bars"": 18, ""entry_days_of_month"": [], ""entry_hours"": [], ""external_risk_max"": 0.0, ""family"": ""calendar_teacher_state_fade"", ""flow_lookback_bars"": 6, ""flow_persistence_bars"": 0, ""flow_persistence_threshold"": 0.0, ""flow_threshold"": 0.0, ""funding_abs_cap"": 0.00025, ""funding_rank_min"": 0.0001, ""hold_bars"": 72, ""long_allocation_scale"": 6.0, ""lookback_bars"": 168, ""max_order_value"": 175.0, ""max_rv"": 0.0, ""min_abs_return"": 0.003, ""name"": ""fresh_calendar_teacher_fade_both_lb168_fast72_z035_ret30_h72_fl0"", ""oi_rank_min"": 0.012, ""primary_symbol"": """", ""rv_lookback_bars"": 24, ""secondary_symbol"": """", ""sharpe_lookback_bars"": 24, ""sharpe_rank_min"": 0.5, ""short_allocation_scale"": 8.0, ""spread_hedge_ratio"": 1.0, ""stop_loss_pct"": 0.004, ""take_profit_pct"": 0.045, ""target_allocation"": 0.008, ""threshold"": 0.35, ""trailing_stop_cap_pct"": 0.012, ""trailing_stop_floor_pct"": 0.004, ""trailing_stop_rv_multiple"": 0.8}",fresh_calendar_teacher_fade_both_lb168_fast72_z035_ret30_h72_fl0,144,0,0.01774486023363232,72,-23.025012418311114,-13.115949989209895,-0.01774486023363231,0.00427831766263834,"{""cooldown"": 1294, ""signal_missing"": 166, ""teacher_state_rank_gap_too_small"": 1}",False,False,790,0,0.1088140285681975,395,-23.12356476995855,-12.500731346262613,-0.10878797432255338,0.004980758984379645,136,0,0.018520807667141575,68,-26.25711986038356,-16.22471015561272,-0.018520807667141592,0.004407317455319185
"train_positive,val_positive,oos_return_beats_incumbent,oos_mdd_beats_shadow,oos_sharpe_gt_1",calendar_teacher_state_fade,"{""adaptive_lookback_bars"": 24, ""allow_long"": true, ""allow_short"": true, ""broad_min_abs"": 0.006, ""calendar_long_months"": [], ""calendar_long_symbol"": """", ""calendar_short_months"": [], ""calendar_short_symbol"": """", ""calendar_veto_flow_abs"": 0.0, ""calendar_veto_funding_abs"": 0.0, ""calendar_veto_market_ret_abs"": 0.0, ""calendar_veto_resid_z"": 0.0, ""compression_lookback_bars"": 24, ""compression_quantile"": 0.0, ""cooldown_bars"": 18, ""entry_days_of_month"": [], ""entry_hours"": [], ""external_risk_max"": 0.0, ""family"": ""calendar_teacher_state_fade"", ""flow_lookback_bars"": 6, ""flow_persistence_bars"": 0, ""flow_persistence_threshold"": 0.0, ""flow_threshold"": 0.02, ""funding_abs_cap"": 0.00025, ""funding_rank_min"": 0.0001, ""hold_bars"": 72, ""long_allocation_scale"": 6.0, ""lookback_bars"": 72, ""max_order_value"": 175.0, ""max_rv"": 0.0, ""min_abs_return"": 0.003, ""name"": ""fresh_calendar_teacher_fade_both_lb72_fast24_z050_ret30_h72_fl2"", ""oi_rank_min"": 0.012, ""primary_symbol"": """", ""rv_lookback_bars"": 24, ""secondary_symbol"": """", ""sharpe_lookback_bars"": 12, ""sharpe_rank_min"": 0.5, ""short_allocation_scale"": 8.0, ""spread_hedge_ratio"": 1.0, ""stop_loss_pct"": 0.004, ""take_profit_pct"": 0.045, ""target_allocation"": 0.008, ""threshold"": 0.5, ""trailing_stop_cap_pct"": 0.012, ""trailing_stop_floor_pct"": 0.004, ""trailing_stop_rv_multiple"": 0.8}",fresh_calendar_teacher_fade_both_lb72_fast24_z050_ret30_h72_fl2,146,0,0.01779464792504714,73,-22.872112123478573,-12.82866721511172,-0.017794647925047147,0.0043191049416991326,"{""cooldown"": 1300, ""signal_missing"": 135, ""teacher_state_rank_gap_too_small"": 23}",False,False,828,0,0.1089908371855532,414,-23.28948259767958,-12.803243700806702,-0.10899083718555325,0.004955056641136214,130,0,0.018324515923868592,65,-24.264090717756503,-13.399747013570803,-0.018324515923868634,0.00471825006931796
"train_positive,val_positive,oos_return_beats_incumbent,oos_mdd_beats_shadow,oos_sharpe_gt_1",calendar_teacher_state_fade,"{""adaptive_lookback_bars"": 72, ""allow_long"": true, ""allow_short"": true, ""broad_min_abs"": 0.006, ""calendar_long_months"": [], ""calendar_long_symbol"": """", ""calendar_short_months"": [], ""calendar_short_symbol"": """", ""calendar_veto_flow_abs"": 0.0, ""calendar_veto_funding_abs"": 0.0, ""calendar_veto_market_ret_abs"": 0.0, ""calendar_veto_resid_z"": 0.0, ""compression_lookback_bars"": 24, ""compression_quantile"": 0.0, ""cooldown_bars"": 18, ""entry_days_of_month"": [], ""entry_hours"": [], ""external_risk_max"": 0.0, ""family"": ""calendar_teacher_state_fade"", ""flow_lookback_bars"": 6, ""flow_persistence_bars"": 0, ""flow_persistence_threshold"": 0.0, ""flow_threshold"": 0.02, ""funding_abs_cap"": 0.00025, ""funding_rank_min"": 0.0001, ""hold_bars"": 72, ""long_allocation_scale"": 6.0, ""lookback_bars"": 168, ""max_order_value"": 175.0, ""max_rv"": 0.0, ""min_abs_return"": 0.009, ""name"": ""fresh_calendar_teacher_fade_both_lb168_fast72_z035_ret90_h72_fl2"", ""oi_rank_min"": 0.012, ""primary_symbol"": """", ""rv_lookback_bars"": 24, ""secondary_symbol"": """", ""sharpe_lookback_bars"": 24, ""sharpe_rank_min"": 0.5, ""short_allocation_scale"": 8.0, ""spread_hedge_ratio"": 1.0, ""stop_loss_pct"": 0.004, ""take_profit_pct"": 0.045, ""target_allocation"": 0.008, ""threshold"": 0.35, ""trailing_stop_cap_pct"": 0.012, ""trailing_stop_floor_pct"": 0.004, ""trailing_stop_rv_multiple"": 0.8}",fresh_calendar_teacher_fade_both_lb168_fast72_z035_ret90_h72_fl2,146,0,0.017800262310051447,73,-22.48874572948207,-13.255460342105932,-0.017800262310051496,0.004394116943079748,"{""cooldown"": 1302, ""signal_missing"": 148}",False,False,778,0,0.10081785549691795,389,-22.28520973200399,-12.20400231902959,-0.10081785549691791,0.0047686234829896704,132,0,0.016448304296042403,66,-23.980951528505752,-15.111573812684398,-0.016448304296042382,0.004281121242720048
"train_positive,val_positive,oos_return_beats_incumbent,oos_mdd_beats_shadow,oos_sharpe_gt_1",calendar_teacher_state_fade,"{""adaptive_lookback_bars"": 72, ""allow_long"": true, ""allow_short"": true, ""broad_min_abs"": 0.006, ""calendar_long_months"": [], ""calendar_long_symbol"": """", ""calendar_short_months"": [], ""calendar_short_symbol"": """", ""calendar_veto_flow_abs"": 0.0, ""calendar_veto_funding_abs"": 0.0, ""calendar_veto_market_ret_abs"": 0.0, ""calendar_veto_resid_z"": 0.0, ""compression_lookback_bars"": 24, ""compression_quantile"": 0.0, ""cooldown_bars"": 18, ""entry_days_of_month"": [], ""entry_hours"": [], ""external_risk_max"": 1.25, ""family"": ""calendar_teacher_state_fade"", ""flow_lookback_bars"": 6, ""flow_persistence_bars"": 0, ""flow_persistence_threshold"": 0.0, ""flow_threshold"": 0.02, ""funding_abs_cap"": 0.00025, ""funding_rank_min"": 0.0001, ""hold_bars"": 72, ""long_allocation_scale"": 6.0, ""lookback_bars"": 168, ""max_order_value"": 175.0, ""max_rv"": 0.0, ""min_abs_return"": 0.006, ""name"": ""fresh_calendar_teacher_fade_both_lb168_fast72_z035_ret60_h72_fl2_xr125"", ""oi_rank_min"": 0.012, ""primary_symbol"": """", ""rv_lookback_bars"": 24, ""secondary_symbol"": """", ""sharpe_lookback_bars"": 24, ""sharpe_rank_min"": 0.5, ""short_allocation_scale"": 8.0, ""spread_hedge_ratio"": 1.0, ""stop_loss_pct"": 0.004, ""take_profit_pct"": 0.045, ""target_allocation"": 0.008, ""threshold"": 0.35, ""trailing_stop_cap_pct"": 0.012, ""trailing_stop_floor_pct"": 0.004, ""trailing_stop_rv_multiple"": 0.8}",fresh_calendar_teacher_fade_both_lb168_fast72_z035_ret60_h72_fl2_xr125,144,0,0.01781065951437691,72,-23.675354091088224,-14.366629036567181,-0.01781065951437688,0.004176383516200901,"{""cooldown"": 1294, ""signal_missing"": 158}",False,False,774,0,0.10130027669209539,387,-21.543330868722002,-11.74318073222015,-0.10127402446586142,0.004956353225854715,130,0,0.017163701184790537,65,-24.28223405238465,-14.711589734977151,-0.017163701184790492,0.004413487002476934
"train_positive,val_positive,oos_return_beats_incumbent,oos_mdd_beats_shadow,oos_sharpe_gt_1",calendar_teacher_state_fade,"{""adaptive_lookback_bars"": 72, ""allow_long"": true, ""allow_short"": true, ""broad_min_abs"": 0.006, ""calendar_long_months"": [], ""calendar_long_symbol"": """", ""calendar_short_months"": [], ""calendar_short_symbol"": """", ""calendar_veto_flow_abs"": 0.0, ""calendar_veto_funding_abs"": 0.0, ""calendar_veto_market_ret_abs"": 0.0, ""calendar_veto_resid_z"": 0.0, ""compression_lookback_bars"": 24, ""compression_quantile"": 0.0, ""cooldown_bars"": 18, ""entry_days_of_month"": [], ""entry_hours"": [], ""external_risk_max"": 0.0, ""family"": ""calendar_teacher_state_fade"", ""flow_lookback_bars"": 6, ""flow_persistence_bars"": 0, ""flow_persistence_threshold"": 0.0, ""flow_threshold"": 0.0, ""funding_abs_cap"": 0.00025, ""funding_rank_min"": 0.0001, ""hold_bars"": 72, ""long_allocation_scale"": 6.0, ""lookback_bars"": 168, ""max_order_value"": 175.0, ""max_rv"": 0.0, ""min_abs_return"": 0.009, ""name"": ""fresh_calendar_teacher_fade_both_lb168_fast72_z035_ret90_h72_fl0"", ""oi_rank_min"": 0.012, ""primary_symbol"": """", ""rv_lookback_bars"": 24, ""secondary_symbol"": """", ""sharpe_lookback_bars"": 24, ""sharpe_rank_min"": 0.5, ""short_allocation_scale"": 8.0, ""spread_hedge_ratio"": 1.0, ""stop_loss_pct"": 0.004, ""take_profit_pct"": 0.045, ""target_allocation"": 0.008, ""threshold"": 0.35, ""trailing_stop_cap_pct"": 0.012, ""trailing_stop_floor_pct"": 0.004, ""trailing_stop_rv_multiple"": 0.8}",fresh_calendar_teacher_fade_both_lb168_fast72_z035_ret90_h72_fl0,148,0,0.01788943577610651,74,-23.131791866526108,-12.841423035377309,-0.017889435776106466,0.004293580160261405,"{""cooldown"": 1320, ""signal_missing"": 160, ""teacher_state_rank_gap_too_small"": 1}",False,False,784,0,0.1095857179137276,392,-22.955912128969942,-12.329568690801734,-0.10958571791372762,0.005056132702813598,136,0,0.018380412991911448,68,-25.709564737823744,-15.405804053205111,-0.0183804129919114,0.004466731228078703
"train_positive,val_positive,oos_return_beats_incumbent,oos_mdd_beats_shadow,oos_sharpe_gt_1",calendar_teacher_state_fade,"{""adaptive_lookback_bars"": 72, ""allow_long"": true, ""allow_short"": true, ""broad_min_abs"": 0.006, ""calendar_long_months"": [], ""calendar_long_symbol"": """", ""calendar_short_months"": [], ""calendar_short_symbol"": """", ""calendar_veto_flow_abs"": 0.0, ""calendar_veto_funding_abs"": 0.0, ""calendar_veto_market_ret_abs"": 0.0, ""calendar_veto_resid_z"": 0.0, ""compression_lookback_bars"": 24, ""compression_quantile"": 0.0, ""cooldown_bars"": 18, ""entry_days_of_month"": [], ""entry_hours"": [], ""external_risk_max"": 0.0, ""family"": ""calendar_teacher_state_fade"", ""flow_lookback_bars"": 6, ""flow_persistence_bars"": 0, ""flow_persistence_threshold"": 0.0, ""flow_threshold"": 0.02, ""funding_abs_cap"": 0.00025, ""funding_rank_min"": 0.0001, ""hold_bars"": 72, ""long_allocation_scale"": 6.0, ""lookback_bars"": 168, ""max_order_value"": 175.0, ""max_rv"": 0.0, ""min_abs_return"": 0.006, ""name"": ""fresh_calendar_teacher_fade_both_lb168_fast72_z050_ret60_h72_fl2"", ""oi_rank_min"": 0.012, ""primary_symbol"": """", ""rv_lookback_bars"": 24, ""secondary_symbol"": """", ""sharpe_lookback_bars"": 24, ""sharpe_rank_min"": 0.5, ""short_allocation_scale"": 8.0, ""spread_hedge_ratio"": 1.0, ""stop_loss_pct"": 0.004, ""take_profit_pct"": 0.045, ""target_allocation"": 0.008, ""threshold"": 0.5, ""trailing_stop_cap_pct"": 0.012, ""trailing_stop_floor_pct"": 0.004, ""trailing_stop_rv_multiple"": 0.8}",fresh_calendar_teacher_fade_both_lb168_fast72_z050_ret60_h72_fl2,138,0,0.017992136072138405,69,-22.63914608596024,-12.93348231563054,-0.017992136072138454,0.004412406377981559,"{""cooldown"": 1235, ""signal_missing"": 210}",False,False,764,0,0.09898805795033586,382,-21.497960874504642,-11.559401020171848,-0.09898805795033583,0.004848659486984857,128,0,0.016175215508842333,64,-24.48279310109275,-15.441039817865526,-0.016175215508842378,0.004123196550452203
"train_positive,val_positive,oos_return_beats_incumbent,oos_mdd_beats_shadow,oos_sharpe_gt_1",calendar_teacher_state_fade,"{""adaptive_lookback_bars"": 72, ""allow_long"": true, ""allow_short"": true, ""broad_min_abs"": 0.006, ""calendar_long_months"": [], ""calendar_long_symbol"": """", ""calendar_short_months"": [], ""calendar_short_symbol"": """", ""calendar_veto_flow_abs"": 0.0, ""calendar_veto_funding_abs"": 0.0, ""calendar_veto_market_ret_abs"": 0.0, ""calendar_veto_resid_z"": 0.0, ""compression_lookback_bars"": 24, ""compression_quantile"": 0.0, ""cooldown_bars"": 18, ""entry_days_of_month"": [], ""entry_hours"": [], ""external_risk_max"": 0.0, ""family"": ""calendar_teacher_state_fade"", ""flow_lookback_bars"": 6, ""flow_persistence_bars"": 0, ""flow_persistence_threshold"": 0.0, ""flow_threshold"": 0.02, ""funding_abs_cap"": 0.00025, ""funding_rank_min"": 0.0001, ""hold_bars"": 72, ""long_allocation_scale"": 6.0, ""lookback_bars"": 168, ""max_order_value"": 175.0, ""max_rv"": 0.0, ""min_abs_return"": 0.006, ""name"": ""fresh_calendar_teacher_fade_both_lb168_fast72_z035_ret60_h72_fl2"", ""oi_rank_min"": 0.012, ""primary_symbol"": """", ""rv_lookback_bars"": 24, ""secondary_symbol"": """", ""sharpe_lookback_bars"": 24, ""sharpe_rank_min"": 0.5, ""short_allocation_scale"": 8.0, ""spread_hedge_ratio"": 1.0, ""stop_loss_pct"": 0.004, ""take_profit_pct"": 0.045, ""target_allocation"": 0.008, ""threshold"": 0.35, ""trailing_stop_cap_pct"": 0.012, ""trailing_stop_floor_pct"": 0.004, ""trailing_stop_rv_multiple"": 0.8}",fresh_calendar_teacher_fade_both_lb168_fast72_z035_ret60_h72_fl2,144,0,0.018216366053080888,72,-22.93839622657769,-13.695522176371727,-0.018216366053080857,0.0044096233753647225,"{""cooldown"": 1294, ""signal_missing"": 147}",False,False,776,0,0.1019059883166663,388,-21.790073471216942,-11.83493971987288,-0.10187973609043233,0.004931178636976997,132,0,0.01701479797239332,66,-24.509274583898538,-15.135886898130424,-0.01701479797239336,0.004334351969802474
"train_positive,val_positive,oos_return_beats_incumbent,oos_mdd_beats_shadow,oos_sharpe_gt_1",calendar_teacher_state_fade,"{""adaptive_lookback_bars"": 24, ""allow_long"": true, ""allow_short"": true, ""broad_min_abs"": 0.006, ""calendar_long_months"": [], ""calendar_long_symbol"": """", ""calendar_short_months"": [], ""calendar_short_symbol"": """", ""calendar_veto_flow_abs"": 0.0, ""calendar_veto_funding_abs"": 0.0, ""calendar_veto_market_ret_abs"": 0.0, ""calendar_veto_resid_z"": 0.0, ""compression_lookback_bars"": 24, ""compression_quantile"": 0.0, ""cooldown_bars"": 18, ""entry_days_of_month"": [], ""entry_hours"": [], ""external_risk_max"": 0.0, ""family"": ""calendar_teacher_state_fade"", ""flow_lookback_bars"": 6, ""flow_persistence_bars"": 0, ""flow_persistence_threshold"": 0.0, ""flow_threshold"": 0.02, ""funding_abs_cap"": 0.00025, ""funding_rank_min"": 0.0001, ""hold_bars"": 72, ""long_allocation_scale"": 6.0, ""lookback_bars"": 72, ""max_order_value"": 175.0, ""max_rv"": 0.0, ""min_abs_return"": 0.006, ""name"": ""fresh_calendar_teacher_fade_both_lb72_fast24_z050_ret60_h72_fl2"", ""oi_rank_min"": 0.012, ""primary_symbol"": """", ""rv_lookback_bars"": 24, ""secondary_symbol"": """", ""sharpe_lookback_bars"": 12, ""sharpe_rank_min"": 0.5, ""short_allocation_scale"": 8.0, ""spread_hedge_ratio"": 1.0, ""stop_loss_pct"": 0.004, ""take_profit_pct"": 0.045, ""target_allocation"": 0.008, ""threshold"": 0.5, ""trailing_stop_cap_pct"": 0.012, ""trailing_stop_floor_pct"": 0.004, ""trailing_stop_rv_multiple"": 0.8}",fresh_calendar_teacher_fade_both_lb72_fast24_z050_ret60_h72_fl2,142,0,0.018312920854190087,71,-23.276322822917447,-12.726703100759822,-0.018312920854190118,0.00436886185633402,"{""cooldown"": 1267, ""signal_missing"": 180, ""teacher_state_rank_gap_too_small"": 24}",False,False,820,0,0.1093757392722262,410,-23.290846887354785,-12.62926403272658,-0.10937573927222621,0.004973315769263887,130,0,0.01774167306657413,65,-23.869750450863954,-13.118364033837183,-0.017734105374142217,0.004640275983974465
"train_positive,val_positive,oos_return_beats_incumbent,oos_mdd_beats_shadow,oos_sharpe_gt_1",calendar_teacher_state_fade,"{""adaptive_lookback_bars"": 24, ""allow_long"": true, ""allow_short"": true, ""broad_min_abs"": 0.006, ""calendar_long_months"": [], ""calendar_long_symbol"": """", ""calendar_short_months"": [], ""calendar_short_symbol"": """", ""calendar_veto_flow_abs"": 0.0, ""calendar_veto_funding_abs"": 0.0, ""calendar_veto_market_ret_abs"": 0.0, ""calendar_veto_resid_z"": 0.0, ""compression_lookback_bars"": 24, ""compression_quantile"": 0.0, ""cooldown_bars"": 18, ""entry_days_of_month"": [], ""entry_hours"": [], ""external_risk_max"": 0.0, ""family"": ""calendar_teacher_state_fade"", ""flow_lookback_bars"": 6, ""flow_persistence_bars"": 0, ""flow_persistence_threshold"": 0.0, ""flow_threshold"": 0.02, ""funding_abs_cap"": 0.00025, ""funding_rank_min"": 0.0001, ""hold_bars"": 72, ""long_allocation_scale"": 6.0, ""lookback_bars"": 72, ""max_order_value"": 175.0, ""max_rv"": 0.0, ""min_abs_return"": 0.006, ""name"": ""fresh_calendar_teacher_fade_both_lb72_fast24_z035_ret60_h72_fl2"", ""oi_rank_min"": 0.012, ""primary_symbol"": """", ""rv_lookback_bars"": 24, ""secondary_symbol"": """", ""sharpe_lookback_bars"": 12, ""sharpe_rank_min"": 0.5, ""short_allocation_scale"": 8.0, ""spread_hedge_ratio"": 1.0, ""stop_loss_pct"": 0.004, ""take_profit_pct"": 0.045, ""target_allocation"": 0.008, ""threshold"": 0.35, ""trailing_stop_cap_pct"": 0.012, ""trailing_stop_floor_pct"": 0.004, ""trailing_stop_rv_multiple"": 0.8}",fresh_calendar_teacher_fade_both_lb72_fast24_z035_ret60_h72_fl2,146,0,0.01853637870366456,73,-24.144734635699603,-13.947781384550188,-0.018536378703664536,0.0042636268097495005,"{""cooldown"": 1307, ""signal_missing"": 123, ""teacher_state_rank_gap_too_small"": 26}",False,False,838,0,0.1107162593219402,419,-23.839103201102535,-13.462584422565463,-0.11071625932194018,0.004922140774451859,130,0,0.01785338637370587,65,-23.916916557520402,-13.271860968898544,-0.017845819541955854,0.004660561246955371
"train_positive,val_positive,oos_return_beats_incumbent,oos_mdd_beats_shadow,oos_sharpe_gt_1",calendar_teacher_state_fade,"{""adaptive_lookback_bars"": 72, ""allow_long"": true, ""allow_short"": true, ""broad_min_abs"": 0.006, ""calendar_long_months"": [], ""calendar_long_symbol"": """", ""calendar_short_months"": [], ""calendar_short_symbol"": """", ""calendar_veto_flow_abs"": 0.0, ""calendar_veto_funding_abs"": 0.0, ""calendar_veto_market_ret_abs"": 0.0, ""calendar_veto_resid_z"": 0.0, ""compression_lookback_bars"": 24, ""compression_quantile"": 0.0, ""cooldown_bars"": 18, ""entry_days_of_month"": [], ""entry_hours"": [], ""external_risk_max"": 0.0, ""family"": ""calendar_teacher_state_fade"", ""flow_lookback_bars"": 6, ""flow_persistence_bars"": 0, ""flow_persistence_threshold"": 0.0, ""flow_threshold"": 0.0, ""funding_abs_cap"": 0.00025, ""funding_rank_min"": 0.0001, ""hold_bars"": 72, ""long_allocation_scale"": 6.0, ""lookback_bars"": 168, ""max_order_value"": 175.0, ""max_rv"": 0.0, ""min_abs_return"": 0.006, ""name"": ""fresh_calendar_teacher_fade_both_lb168_fast72_z035_ret60_h72_fl0"", ""oi_rank_min"": 0.012, ""primary_symbol"": """", ""rv_lookback_bars"": 24, ""secondary_symbol"": """", ""sharpe_lookback_bars"": 24, ""sharpe_rank_min"": 0.5, ""short_allocation_scale"": 8.0, ""spread_hedge_ratio"": 1.0, ""stop_loss_pct"": 0.004, ""take_profit_pct"": 0.045, ""target_allocation"": 0.008, ""threshold"": 0.35, ""trailing_stop_cap_pct"": 0.012, ""trailing_stop_floor_pct"": 0.004, ""trailing_stop_rv_multiple"": 0.8}",fresh_calendar_teacher_fade_both_lb168_fast72_z035_ret60_h72_fl0,146,0,0.01864604683627673,73,-23.770980638144888,-13.386324040948349,-0.018646046836276686,0.0043565140908692354,"{""cooldown"": 1312, ""signal_missing"": 154, ""teacher_state_rank_gap_too_small"": 1}",False,False,784,0,0.1087338703830981,392,-22.82860024425444,-12.410962112929992,-0.10870781613745406,0.005041161137812686,136,0,0.01841088667143837,68,-26.067400608749484,-15.927216261277012,-0.01841088667143842,0.004412796912596997
"train_positive,val_positive,oos_return_beats_incumbent,oos_mdd_beats_shadow,oos_sharpe_gt_1",calendar_teacher_state_fade,"{""adaptive_lookback_bars"": 24, ""allow_long"": true, ""allow_short"": true, ""broad_min_abs"": 0.006, ""calendar_long_months"": [], ""calendar_long_symbol"": """", ""calendar_short_months"": [], ""calendar_short_symbol"": """", ""calendar_veto_flow_abs"": 0.0, ""calendar_veto_funding_abs"": 0.0, ""calendar_veto_market_ret_abs"": 0.0, ""calendar_veto_resid_z"": 0.0, ""compression_lookback_bars"": 24, ""compression_quantile"": 0.0, ""cooldown_bars"": 18, ""entry_days_of_month"": [], ""entry_hours"": [], ""external_risk_max"": 0.0, ""family"": ""calendar_teacher_state_fade"", ""flow_lookback_bars"": 6, ""flow_persistence_bars"": 0, ""flow_persistence_threshold"": 0.0, ""flow_threshold"": 0.02, ""funding_abs_cap"": 0.00025, ""funding_rank_min"": 0.0001, ""hold_bars"": 72, ""long_allocation_scale"": 6.0, ""lookback_bars"": 72, ""max_order_value"": 175.0, ""max_rv"": 0.0, ""min_abs_return"": 0.003, ""name"": ""fresh_calendar_teacher_fade_both_lb72_fast24_z035_ret30_h72_fl2"", ""oi_rank_min"": 0.012, ""primary_symbol"": """", ""rv_lookback_bars"": 24, ""secondary_symbol"": """", ""sharpe_lookback_bars"": 12, ""sharpe_rank_min"": 0.5, ""short_allocation_scale"": 8.0, ""spread_hedge_ratio"": 1.0, ""stop_loss_pct"": 0.004, ""take_profit_pct"": 0.045, ""target_allocation"": 0.008, ""threshold"": 0.35, ""trailing_stop_cap_pct"": 0.012, ""trailing_stop_floor_pct"": 0.004, ""trailing_stop_rv_multiple"": 0.8}",fresh_calendar_teacher_fade_both_lb72_fast24_z035_ret30_h72_fl2,150,0,0.018668604446411153,75,-24.79631235895004,-14.548262781746224,-0.018668604446411163,0.004181502449240964,"{""cooldown"": 1336, ""signal_missing"": 94, ""teacher_state_rank_gap_too_small"": 26}",False,False,844,0,0.10995978563644948,422,-23.73041344970021,-13.521049416505594,-0.10995978563644948,0.004908852867126595,132,0,0.01857750079995513,66,-24.356777208362125,-13.574421853472654,-0.018577500799955127,0.004765795705954215
