rank,model_id,family,symbol,timeframe,side,lookback_bars,threshold,exit_threshold,min_hold_bars,cooldown_bars,filter_label,feature_backed,feature_train_coverage,feature_validation_coverage,feature_locked_oos_coverage,max_asof_feature_age_hours,leverage,allocation_fraction,notional_fraction,train_return,validation_return,locked_oos_return,train_mdd,validation_mdd,locked_oos_mdd,train_sharpe,validation_sharpe,locked_oos_sharpe,train_trade_event_count,validation_trade_event_count,locked_oos_trade_event_count,train_exposure_bar_count,validation_exposure_bar_count,locked_oos_exposure_bar_count,train_validation_return_ratio,train_minus_validation_return,train_return_per_turnover_proxy_bps,validation_return_per_turnover_proxy_bps,locked_oos_return_per_turnover_proxy_bps,train_dominant_sample_gate_pass,execution_efficiency_proxy_gate_pass,primary_10bps_promotion_gate_pass,paper_candidate_gate_pass,decision,ready_for_paper,ready_for_real,real_money_execution,replay_live_notional_parity,locked_oos_liquidation_count,locked_oos_account_wipeout_count,rejection_reasons
1,a30fb_donchian_atr_2h_solusdt_lb12_atr0p5_hold4_3p0x_0p15_4ee824f8,donchian_atr_volatility_breakout,SOLUSDT,2h,long_short,12,0.5,0.0,4,2,btc_regime_mid_exit,False,,,,,3.0,0.15,0.44999999999999996,0.37159208103659314,0.3438555036641264,-0.05206271535044571,0.16333360484796022,0.0491420589522753,0.07400728790138722,1.407175582516888,5.544701884606965,-2.812442328582913,252,52,40,1654,408,210,1.080663467872131,0.02773657737246671,32.76826111433802,146.94679643766088,-28.923730750247614,False,False,False,False,no_promotion_shadow_or_reject,False,False,False,"{""live_notional_fraction"": 0.44999999999999996, ""parity"": true, ""recorded"": true, ""replay_notional_fraction"": 0.44999999999999996, ""sizing_mode"": ""notional_fraction_equals_leverage_times_allocation_fraction""}",0,0,locked_oos_return_not_positive;locked_oos_return_per_turnover_proxy_bps_-28.924_not_above_10.000
2,a30fb_donchian_atr_2h_solusdt_lb12_atr0p5_hold8_3p0x_0p15_57756910,donchian_atr_volatility_breakout,SOLUSDT,2h,long_short,12,0.5,0.0,8,2,btc_regime_mid_exit,False,,,,,3.0,0.15,0.44999999999999996,0.3061937585844712,0.31686017074192296,-0.04808445482640955,0.18834052997694406,0.06663532810413253,0.08237401102027808,1.1726287525956867,5.202821551072315,-2.5155952684941982,242,49,36,1793,419,221,0.9663371633851091,-0.010666412157451788,28.11696589389084,143.70075770608753,-29.681762238524417,False,False,False,False,no_promotion_shadow_or_reject,False,False,False,"{""live_notional_fraction"": 0.44999999999999996, ""parity"": true, ""recorded"": true, ""replay_notional_fraction"": 0.44999999999999996, ""sizing_mode"": ""notional_fraction_equals_leverage_times_allocation_fraction""}",0,0,train_return_below_validation_return;train_validation_return_ratio_0.9663_below_1.00;locked_oos_return_not_positive;locked_oos_return_per_turnover_proxy_bps_-29.682_not_above_10.000
3,a30fb_voladj_trend_4h_ethusdt_lb6_z1p0_hold12_cool2_adx20_low_vol_q75_3p0x_0p15_6f053d44,volatility_adjusted_trend_persistence,ETHUSDT,4h,long_short,6,1.0,0.25,12,2,adx20_low_vol_q75,False,,,,,3.0,0.15,0.44999999999999996,0.3334865431937457,0.2850697772163153,-0.07646702582753273,0.1385850347048363,0.10202581267971345,0.09765851131561887,1.1931454841855558,4.261541590948517,-3.037177942727084,235,60,32,1511,380,219,1.1698418066278944,0.04841676597743039,31.535370514775014,105.58139896900569,-53.10210126911996,False,False,False,False,no_promotion_shadow_or_reject,False,False,False,"{""live_notional_fraction"": 0.44999999999999996, ""parity"": true, ""recorded"": true, ""replay_notional_fraction"": 0.44999999999999996, ""sizing_mode"": ""notional_fraction_equals_leverage_times_allocation_fraction""}",0,0,locked_oos_return_not_positive;locked_oos_return_per_turnover_proxy_bps_-53.102_not_above_10.000
4,a30fb_donchian_atr_2h_solusdt_lb12_atr0p5_hold4_3p0x_0p1_da028a8b,donchian_atr_volatility_breakout,SOLUSDT,2h,long_short,12,0.5,0.0,4,2,btc_regime_mid_exit,False,,,,,3.0,0.1,0.30000000000000004,0.24276072824379025,0.21940816240057281,-0.034728271130099686,0.11139867076233145,0.032945787653336445,0.0497046350552911,1.4071755825168875,5.544701884606963,-2.8124423285829128,252,52,40,1654,408,210,1.1064343531604022,0.023352565843217432,32.11120743965479,140.64625794908514,-28.940225941749734,False,False,False,False,no_promotion_shadow_or_reject,False,False,False,"{""live_notional_fraction"": 0.30000000000000004, ""parity"": true, ""recorded"": true, ""replay_notional_fraction"": 0.30000000000000004, ""sizing_mode"": ""notional_fraction_equals_leverage_times_allocation_fraction""}",0,0,locked_oos_return_not_positive;locked_oos_return_per_turnover_proxy_bps_-28.940_not_above_10.000
5,a30fb_donchian_atr_2h_solusdt_lb12_atr0p5_hold4_2p0x_0p15_d9c47291,donchian_atr_volatility_breakout,SOLUSDT,2h,long_short,12,0.5,0.0,4,2,btc_regime_mid_exit,False,,,,,2.0,0.15,0.3,0.24276072824379002,0.2194081624005726,-0.034728271130099686,0.11139867076233156,0.032945787653336445,0.0497046350552911,1.4071755825168877,5.544701884606964,-2.8124423285829137,252,52,40,1654,408,210,1.1064343531604022,0.023352565843217432,32.11120743965477,140.646257949085,-28.94022594174974,False,False,False,False,no_promotion_shadow_or_reject,False,False,False,"{""live_notional_fraction"": 0.3, ""parity"": true, ""recorded"": true, ""replay_notional_fraction"": 0.3, ""sizing_mode"": ""notional_fraction_equals_leverage_times_allocation_fraction""}",0,0,locked_oos_return_not_positive;locked_oos_return_per_turnover_proxy_bps_-28.940_not_above_10.000
6,a30fb_donchian_atr_1h_solusdt_lb24_atr0p5_hold4_3p0x_0p15_ec23855f,donchian_atr_volatility_breakout,SOLUSDT,1h,long_short,24,0.5,0.0,4,2,btc_regime_mid_exit,False,,,,,3.0,0.15,0.44999999999999996,0.2425764533388226,0.2288348858724043,-0.05353375248085812,0.20070136662682625,0.052319338583201924,0.06689458505874424,0.9670519031283504,3.8565695297035067,-2.828614091279623,300,66,48,3394,813,457,1.0600501423287376,0.013741567466418303,17.96862617324612,77.04878312202166,-24.784144667063945,False,False,False,False,no_promotion_shadow_or_reject,False,False,False,"{""live_notional_fraction"": 0.44999999999999996, ""parity"": true, ""recorded"": true, ""replay_notional_fraction"": 0.44999999999999996, ""sizing_mode"": ""notional_fraction_equals_leverage_times_allocation_fraction""}",0,0,locked_oos_return_not_positive;locked_oos_return_per_turnover_proxy_bps_-24.784_not_above_10.000
7,a30fb_donchian_atr_1h_solusdt_lb24_atr0p5_hold8_3p0x_0p15_fb1a9c9c,donchian_atr_volatility_breakout,SOLUSDT,1h,long_short,24,0.5,0.0,8,2,btc_regime_mid_exit,False,,,,,3.0,0.15,0.44999999999999996,0.24388344516412896,0.2974783507991672,-0.059834618480185675,0.18949465723949666,0.04305818877534828,0.07310650460495394,0.968638197845344,4.731574727652319,-3.2187513640532983,300,64,46,3446,878,462,0.8198359460745395,-0.053594905635038215,18.06544038252807,103.29109402748861,-28.905612792360234,False,False,False,False,no_promotion_shadow_or_reject,False,False,False,"{""live_notional_fraction"": 0.44999999999999996, ""parity"": true, ""recorded"": true, ""replay_notional_fraction"": 0.44999999999999996, ""sizing_mode"": ""notional_fraction_equals_leverage_times_allocation_fraction""}",0,0,train_return_below_validation_return;train_validation_return_ratio_0.8198_below_1.00;locked_oos_return_not_positive;locked_oos_return_per_turnover_proxy_bps_-28.906_not_above_10.000
8,a30fb_donchian_atr_2h_solusdt_lb12_atr0p5_hold12_3p0x_0p15_e7f253e9,donchian_atr_volatility_breakout,SOLUSDT,2h,long_short,12,0.5,0.0,12,2,btc_regime_mid_exit,False,,,,,3.0,0.15,0.44999999999999996,0.4803266591710089,0.2192393055187447,-0.03587503252508073,0.12639937014599922,0.08586363974162181,0.0776336844794201,1.604210728696685,3.7724395700869855,-1.7899262952819577,226,49,36,1998,443,261,2.190878401272538,0.2610873536522642,47.22975999714936,99.42825647108606,-22.14508180560539,False,False,False,False,no_promotion_shadow_or_reject,False,False,False,"{""live_notional_fraction"": 0.44999999999999996, ""parity"": true, ""recorded"": true, ""replay_notional_fraction"": 0.44999999999999996, ""sizing_mode"": ""notional_fraction_equals_leverage_times_allocation_fraction""}",0,0,locked_oos_return_not_positive;locked_oos_return_per_turnover_proxy_bps_-22.145_not_above_10.000
9,a30fb_donchian_atr_2h_solusdt_lb12_atr0p5_hold8_3p0x_0p1_7418ea24,donchian_atr_volatility_breakout,SOLUSDT,2h,long_short,12,0.5,0.0,8,2,btc_regime_mid_exit,False,,,,,3.0,0.1,0.30000000000000004,0.20358108871158342,0.20300159482505498,-0.03201399511463454,0.1291482342602288,0.04486703194093,0.055530808323182135,1.1726287525956864,5.202821551072315,-2.515595268494198,242,49,36,1793,419,221,1.0028546272605783,0.0005794938865284482,28.041472274322782,138.09632301024146,-29.642588069106054,False,False,False,False,no_promotion_shadow_or_reject,False,False,False,"{""live_notional_fraction"": 0.30000000000000004, ""parity"": true, ""recorded"": true, ""replay_notional_fraction"": 0.30000000000000004, ""sizing_mode"": ""notional_fraction_equals_leverage_times_allocation_fraction""}",0,0,locked_oos_return_not_positive;locked_oos_return_per_turnover_proxy_bps_-29.643_not_above_10.000
10,a30fb_donchian_atr_2h_solusdt_lb12_atr0p5_hold8_2p0x_0p15_272b8c55,donchian_atr_volatility_breakout,SOLUSDT,2h,long_short,12,0.5,0.0,8,2,btc_regime_mid_exit,False,,,,,2.0,0.15,0.3,0.20358108871158254,0.20300159482505475,-0.03201399511463454,0.12914823426022903,0.04486703194093,0.055530808323182135,1.1726287525956864,5.202821551072314,-2.5155952684941982,242,49,36,1793,419,221,1.002854627260575,0.0005794938865277821,28.041472274322665,138.09632301024135,-29.64258806910606,False,False,False,False,no_promotion_shadow_or_reject,False,False,False,"{""live_notional_fraction"": 0.3, ""parity"": true, ""recorded"": true, ""replay_notional_fraction"": 0.3, ""sizing_mode"": ""notional_fraction_equals_leverage_times_allocation_fraction""}",0,0,locked_oos_return_not_positive;locked_oos_return_per_turnover_proxy_bps_-29.643_not_above_10.000
11,a30fb_voladj_trend_4h_ethusdt_lb6_z1p0_hold12_cool2_adx20_low_vol_q75_2p0x_0p15_dbbfdf4d,volatility_adjusted_trend_persistence,ETHUSDT,4h,long_short,6,1.0,0.25,12,2,adx20_low_vol_q75,False,,,,,2.0,0.15,0.3,0.2214237223564628,0.18396672139881298,-0.05111993407180071,0.09314799571462529,0.06890694316895929,0.06570467291603144,1.1931454841855558,4.261541590948517,-3.037177942727085,235,60,32,1511,380,219,1.2036074822274432,0.03745700095764981,31.40762019240607,102.20373411045165,-53.249931324792406,False,False,False,False,no_promotion_shadow_or_reject,False,False,False,"{""live_notional_fraction"": 0.3, ""parity"": true, ""recorded"": true, ""replay_notional_fraction"": 0.3, ""sizing_mode"": ""notional_fraction_equals_leverage_times_allocation_fraction""}",0,0,locked_oos_return_not_positive;locked_oos_return_per_turnover_proxy_bps_-53.250_not_above_10.000
12,a30fb_voladj_trend_4h_ethusdt_lb6_z1p0_hold12_cool2_adx20_low_vol_q75_3p0x_0p1_d44b8900,volatility_adjusted_trend_persistence,ETHUSDT,4h,long_short,6,1.0,0.25,12,2,adx20_low_vol_q75,False,,,,,3.0,0.1,0.30000000000000004,0.22142372235646235,0.18396672139881298,-0.05111993407180071,0.09314799571462529,0.06890694316895929,0.06570467291603144,1.1931454841855558,4.261541590948517,-3.037177942727085,235,60,32,1511,380,219,1.2036074822274407,0.03745700095764937,31.407620192406,102.20373411045163,-53.2499313247924,False,False,False,False,no_promotion_shadow_or_reject,False,False,False,"{""live_notional_fraction"": 0.30000000000000004, ""parity"": true, ""recorded"": true, ""replay_notional_fraction"": 0.30000000000000004, ""sizing_mode"": ""notional_fraction_equals_leverage_times_allocation_fraction""}",0,0,locked_oos_return_not_positive;locked_oos_return_per_turnover_proxy_bps_-53.250_not_above_10.000
13,a30fb_donchian_atr_1h_solusdt_lb24_atr0p5_hold8_3p0x_0p1_c1ed07ee,donchian_atr_volatility_breakout,SOLUSDT,1h,long_short,24,0.5,0.0,8,2,btc_regime_mid_exit,False,,,,,3.0,0.1,0.30000000000000004,0.1653072812363494,0.19130641924199598,-0.04000451752028866,0.1297354785819541,0.02873929970920197,0.04907192555419848,0.9686381978453441,4.731574727652319,-3.2187513640532983,300,64,46,3446,878,462,0.8640968865098114,-0.02599913800564657,18.367475692927712,99.6387600218729,-28.988780811803373,False,False,False,False,no_promotion_shadow_or_reject,False,False,False,"{""live_notional_fraction"": 0.30000000000000004, ""parity"": true, ""recorded"": true, ""replay_notional_fraction"": 0.30000000000000004, ""sizing_mode"": ""notional_fraction_equals_leverage_times_allocation_fraction""}",0,0,train_return_below_validation_return;train_validation_return_ratio_0.8641_below_1.00;locked_oos_return_not_positive;locked_oos_return_per_turnover_proxy_bps_-28.989_not_above_10.000
14,a30fb_donchian_atr_1h_solusdt_lb24_atr0p5_hold8_2p0x_0p15_3f7fee50,donchian_atr_volatility_breakout,SOLUSDT,1h,long_short,24,0.5,0.0,8,2,btc_regime_mid_exit,False,,,,,2.0,0.15,0.3,0.16530728123634852,0.19130641924199598,-0.040004517520288885,0.12973547858195478,0.02873929970920197,0.0490719255541987,0.9686381978453438,4.731574727652318,-3.218751364053298,300,64,46,3446,878,462,0.8640968865098068,-0.02599913800564746,18.367475692927616,99.63876002187291,-28.988780811803544,False,False,False,False,no_promotion_shadow_or_reject,False,False,False,"{""live_notional_fraction"": 0.3, ""parity"": true, ""recorded"": true, ""replay_notional_fraction"": 0.3, ""sizing_mode"": ""notional_fraction_equals_leverage_times_allocation_fraction""}",0,0,train_return_below_validation_return;train_validation_return_ratio_0.8641_below_1.00;locked_oos_return_not_positive;locked_oos_return_per_turnover_proxy_bps_-28.989_not_above_10.000
15,a30fb_voladj_trend_4h_ethusdt_lb6_z1p5_hold12_cool0_adx20_low_vol_q75_3p0x_0p15_9f5581c8,volatility_adjusted_trend_persistence,ETHUSDT,4h,long_short,6,1.5,0.25,12,0,adx20_low_vol_q75,False,,,,,3.0,0.15,0.44999999999999996,0.5380969131655582,0.18790247031868512,-0.08298903666367963,0.17598155763349943,0.15332659531846737,0.11405655909161405,1.7836572473516294,2.958687073078699,-3.6581629754121634,199,58,27,1302,368,185,2.8637032405850684,0.35019444284687307,60.08899086159221,71.9932836470058,-68.30373387957171,False,False,False,False,no_promotion_shadow_or_reject,False,False,False,"{""live_notional_fraction"": 0.44999999999999996, ""parity"": true, ""recorded"": true, ""replay_notional_fraction"": 0.44999999999999996, ""sizing_mode"": ""notional_fraction_equals_leverage_times_allocation_fraction""}",0,0,validation_mdd_0.1533_above_0.12;locked_oos_return_not_positive;locked_oos_return_per_turnover_proxy_bps_-68.304_not_above_10.000
16,a30fb_ma_slope_adx_6h_bnbusdt_fast12_slow48_adx15p0_3p0x_0p15_b2b87090,ma_slope_adx_trend_filter,BNBUSDT,6h,long_short,48,15.0,0.0,8,2,btc_regime_ema_cross,False,,,,,3.0,0.15,0.44999999999999996,0.15245758849542712,0.16164084943128576,0.008599209759897253,0.08619467909531864,0.0674870591546185,0.03883775015221813,0.7317102597500418,2.808538550555418,0.5477485545848023,75,13,11,1344,345,175,0.9431872514394173,-0.00918326093585864,45.17261881345989,276.3091443269842,17.37214092908536,False,True,False,False,no_promotion_shadow_or_reject,False,False,False,"{""live_notional_fraction"": 0.44999999999999996, ""parity"": true, ""recorded"": true, ""replay_notional_fraction"": 0.44999999999999996, ""sizing_mode"": ""notional_fraction_equals_leverage_times_allocation_fraction""}",0,0,train_trade_event_count_75_below_80;validation_trade_event_count_13_below_30;locked_oos_trade_event_count_11_below_20;train_return_below_validation_return;train_validation_return_ratio_0.9432_below_1.00
17,a30fb_voladj_trend_1h_ethusdt_lb6_z2p0_hold8_cool0_none_3p0x_0p15_401ba955,volatility_adjusted_trend_persistence,ETHUSDT,1h,long_short,6,2.0,0.25,8,0,none,False,,,,,3.0,0.15,0.44999999999999996,0.2538271732384323,0.17942483364485673,-0.047648144164183615,0.21161044325307143,0.06284518513755799,0.06272584399968495,1.1320849991072488,3.1412229840308727,-2.7874697458296174,749,185,95,3730,919,465,1.4146713589315252,0.07440233959357556,7.53084626133904,21.552532569952763,-11.145764716768099,False,False,False,False,no_promotion_shadow_or_reject,False,False,False,"{""live_notional_fraction"": 0.44999999999999996, ""parity"": true, ""recorded"": true, ""replay_notional_fraction"": 0.44999999999999996, ""sizing_mode"": ""notional_fraction_equals_leverage_times_allocation_fraction""}",0,0,locked_oos_return_not_positive;train_return_per_turnover_proxy_bps_7.531_not_above_10.000;locked_oos_return_per_turnover_proxy_bps_-11.146_not_above_10.000
18,a30fb_donchian_atr_1h_solusdt_lb24_atr0p5_hold4_3p0x_0p1_22fb2800,donchian_atr_volatility_breakout,SOLUSDT,1h,long_short,24,0.5,0.0,4,2,btc_regime_mid_exit,False,,,,,3.0,0.1,0.30000000000000004,0.1644302719599764,0.1488283901282319,-0.03571342260685262,0.13779891832164937,0.03502806237479816,0.044821361152835415,0.9670519031283509,3.8565695297035067,-2.828614091279623,300,66,48,3394,813,457,1.1048313552159086,0.01560188183174449,18.270030217775155,75.1658536001171,-24.800987921425424,False,False,False,False,no_promotion_shadow_or_reject,False,False,False,"{""live_notional_fraction"": 0.30000000000000004, ""parity"": true, ""recorded"": true, ""replay_notional_fraction"": 0.30000000000000004, ""sizing_mode"": ""notional_fraction_equals_leverage_times_allocation_fraction""}",0,0,locked_oos_return_not_positive;locked_oos_return_per_turnover_proxy_bps_-24.801_not_above_10.000
19,a30fb_donchian_atr_1h_solusdt_lb24_atr0p5_hold4_2p0x_0p15_e2ef9371,donchian_atr_volatility_breakout,SOLUSDT,1h,long_short,24,0.5,0.0,4,2,btc_regime_mid_exit,False,,,,,2.0,0.15,0.3,0.16443027195997573,0.1488283901282319,-0.03571342260685284,0.13779891832164992,0.03502806237479816,0.04482136115283564,0.9670519031283507,3.856569529703506,-2.828614091279622,300,66,48,3394,813,457,1.1048313552159041,0.015601881831743825,18.27003021777508,75.16585360011712,-24.800987921425584,False,False,False,False,no_promotion_shadow_or_reject,False,False,False,"{""live_notional_fraction"": 0.3, ""parity"": true, ""recorded"": true, ""replay_notional_fraction"": 0.3, ""sizing_mode"": ""notional_fraction_equals_leverage_times_allocation_fraction""}",0,0,locked_oos_return_not_positive;locked_oos_return_per_turnover_proxy_bps_-24.801_not_above_10.000
20,a30fb_voladj_trend_4h_solusdt_lb6_z2p0_hold8_cool0_adx20_low_vol_q75_3p0x_0p15_26080cd3,volatility_adjusted_trend_persistence,SOLUSDT,4h,long_short,6,2.0,0.25,8,0,adx20_low_vol_q75,False,,,,,3.0,0.15,0.44999999999999996,0.15699377257630265,0.1611964336297993,-0.02954808310693846,0.17060582095225374,0.061985133823676986,0.05065029312948066,0.6955794206165935,2.983928674521487,-1.2906288277848128,218,52,21,939,254,105,0.9739283248465137,-0.004202661053496648,16.003442668328507,68.88736479905954,-31.267812811575094,False,False,False,False,no_promotion_shadow_or_reject,False,False,False,"{""live_notional_fraction"": 0.44999999999999996, ""parity"": true, ""recorded"": true, ""replay_notional_fraction"": 0.44999999999999996, ""sizing_mode"": ""notional_fraction_equals_leverage_times_allocation_fraction""}",0,0,train_return_below_validation_return;train_validation_return_ratio_0.9739_below_1.00;locked_oos_return_not_positive;locked_oos_return_per_turnover_proxy_bps_-31.268_not_above_10.000
21,a30fb_donchian_atr_2h_solusdt_lb12_atr0p5_hold12_3p0x_0p1_9b890e18,donchian_atr_volatility_breakout,SOLUSDT,2h,long_short,12,0.5,0.0,12,2,btc_regime_mid_exit,False,,,,,3.0,0.1,0.30000000000000004,0.30914477536012264,0.14279109226607845,-0.02373682157331647,0.08546584614094432,0.057884905935551956,0.052274171395713886,1.604210728696685,3.772439570086985,-1.7899262952819586,226,49,36,1998,443,261,2.165014430900626,0.1663536830940442,45.59657453689124,97.13679745991729,-21.97853849381154,False,False,False,False,no_promotion_shadow_or_reject,False,False,False,"{""live_notional_fraction"": 0.30000000000000004, ""parity"": true, ""recorded"": true, ""replay_notional_fraction"": 0.30000000000000004, ""sizing_mode"": ""notional_fraction_equals_leverage_times_allocation_fraction""}",0,0,locked_oos_return_not_positive;locked_oos_return_per_turnover_proxy_bps_-21.979_not_above_10.000
22,a30fb_donchian_atr_2h_solusdt_lb12_atr0p5_hold12_2p0x_0p15_bc6550db,donchian_atr_volatility_breakout,SOLUSDT,2h,long_short,12,0.5,0.0,12,2,btc_regime_mid_exit,False,,,,,2.0,0.15,0.3,0.30914477536012197,0.14279109226607822,-0.02373682157331647,0.08546584614094443,0.057884905935551956,0.052274171395713886,1.604210728696685,3.7724395700869846,-1.7899262952819586,226,49,36,1998,443,261,2.1650144309006247,0.16635368309404375,45.59657453689115,97.13679745991716,-21.978538493811545,False,False,False,False,no_promotion_shadow_or_reject,False,False,False,"{""live_notional_fraction"": 0.3, ""parity"": true, ""recorded"": true, ""replay_notional_fraction"": 0.3, ""sizing_mode"": ""notional_fraction_equals_leverage_times_allocation_fraction""}",0,0,locked_oos_return_not_positive;locked_oos_return_per_turnover_proxy_bps_-21.979_not_above_10.000
23,a30fb_voladj_trend_1h_ethusdt_lb6_z1p5_hold8_cool2_low_vol_q70_3p0x_0p15_722119b7,volatility_adjusted_trend_persistence,ETHUSDT,1h,long_short,6,1.5,0.25,8,2,low_vol_q70,False,,,,,3.0,0.15,0.44999999999999996,0.16766140724186784,0.1623414137802075,-0.018510034818397414,0.22232542596420424,0.05234981217978829,0.049111968717931886,0.795236096435742,2.898343368531595,-0.9423044680918393,979,239,123,4313,1053,526,1.0327704024363311,0.005319993461660344,3.8057293665161245,15.094506162734312,-3.3441797323211233,False,False,False,False,no_promotion_shadow_or_reject,False,False,False,"{""live_notional_fraction"": 0.44999999999999996, ""parity"": true, ""recorded"": true, ""replay_notional_fraction"": 0.44999999999999996, ""sizing_mode"": ""notional_fraction_equals_leverage_times_allocation_fraction""}",0,0,locked_oos_return_not_positive;train_return_per_turnover_proxy_bps_3.806_not_above_10.000;locked_oos_return_per_turnover_proxy_bps_-3.344_not_above_10.000
24,a30fb_voladj_trend_1h_ethusdt_lb6_z1p5_hold8_cool2_none_3p0x_0p15_c3e3b688,volatility_adjusted_trend_persistence,ETHUSDT,1h,long_short,6,1.5,0.25,8,2,none,False,,,,,3.0,0.15,0.44999999999999996,0.3743533288415548,0.16219046707772722,-0.02131880482666071,0.2097032126202082,0.06530539101331534,0.05863987413265148,1.4161359121657964,2.674165668552853,-1.0906416790602786,963,229,117,4785,1158,578,2.3081093210130033,0.2121628617638276,8.638590719777428,15.739006994442237,-4.0491557125661375,False,False,False,False,no_promotion_shadow_or_reject,False,False,False,"{""live_notional_fraction"": 0.44999999999999996, ""parity"": true, ""recorded"": true, ""replay_notional_fraction"": 0.44999999999999996, ""sizing_mode"": ""notional_fraction_equals_leverage_times_allocation_fraction""}",0,0,locked_oos_return_not_positive;train_return_per_turnover_proxy_bps_8.639_not_above_10.000;locked_oos_return_per_turnover_proxy_bps_-4.049_not_above_10.000
25,a30fb_voladj_trend_4h_ethusdt_lb6_z1p5_hold12_cool2_adx20_low_vol_q75_3p0x_0p15_445f5c19,volatility_adjusted_trend_persistence,ETHUSDT,4h,long_short,6,1.5,0.25,12,2,adx20_low_vol_q75,False,,,,,3.0,0.15,0.44999999999999996,0.469843097981296,0.15604478193643145,-0.0824583853571279,0.19056752430424606,0.15791401125146287,0.11354388578317498,1.625784270002687,2.535437970095828,-3.6326588697635724,195,58,27,1272,365,185,3.010950396102945,0.3137983160448645,53.54337298932149,59.7872727725791,-67.86698383302709,False,False,False,False,no_promotion_shadow_or_reject,False,False,False,"{""live_notional_fraction"": 0.44999999999999996, ""parity"": true, ""recorded"": true, ""replay_notional_fraction"": 0.44999999999999996, ""sizing_mode"": ""notional_fraction_equals_leverage_times_allocation_fraction""}",0,0,validation_mdd_0.1579_above_0.12;locked_oos_return_not_positive;locked_oos_return_per_turnover_proxy_bps_-67.867_not_above_10.000
26,a30fb_voladj_trend_4h_ethusdt_lb6_z2p0_hold8_cool0_adx20_low_vol_q75_3p0x_0p15_8dac0b97,volatility_adjusted_trend_persistence,ETHUSDT,4h,long_short,6,2.0,0.25,8,0,adx20_low_vol_q75,False,,,,,3.0,0.15,0.44999999999999996,0.22692477414335088,0.14395556633617956,-0.06847576641234088,0.09420980710646665,0.11722247974601341,0.08518969200575988,1.1072757296561664,2.56476148079709,-3.347945531434147,180,52,28,810,232,124,1.5763528977643926,0.08296920780717132,28.01540421522851,61.51947279323914,-54.3458463590007,False,False,False,False,no_promotion_shadow_or_reject,False,False,False,"{""live_notional_fraction"": 0.44999999999999996, ""parity"": true, ""recorded"": true, ""replay_notional_fraction"": 0.44999999999999996, ""sizing_mode"": ""notional_fraction_equals_leverage_times_allocation_fraction""}",0,0,locked_oos_return_not_positive;locked_oos_return_per_turnover_proxy_bps_-54.346_not_above_10.000
27,a30fb_voladj_trend_1h_ethusdt_lb6_z2p0_hold8_cool0_adx15_3p0x_0p15_a7a51cc3,volatility_adjusted_trend_persistence,ETHUSDT,1h,long_short,6,2.0,0.25,8,0,adx15,False,,,,,3.0,0.15,0.44999999999999996,0.1597623777877326,0.15178842498906597,-0.047648144164183615,0.20227264521676847,0.06284518513755755,0.06272584399968495,0.7923106642417529,2.687949208842353,-2.7874697458296174,749,185,95,3713,919,465,1.052533339081956,0.00797395279866664,4.740020109412034,18.23284384253045,-11.145764716768099,False,False,False,False,no_promotion_shadow_or_reject,False,False,False,"{""live_notional_fraction"": 0.44999999999999996, ""parity"": true, ""recorded"": true, ""replay_notional_fraction"": 0.44999999999999996, ""sizing_mode"": ""notional_fraction_equals_leverage_times_allocation_fraction""}",0,0,locked_oos_return_not_positive;train_return_per_turnover_proxy_bps_4.740_not_above_10.000;locked_oos_return_per_turnover_proxy_bps_-11.146_not_above_10.000
28,a30fb_voladj_trend_4h_ethusdt_lb6_z2p0_hold8_cool2_adx20_low_vol_q75_3p0x_0p15_445f45c1,volatility_adjusted_trend_persistence,ETHUSDT,4h,long_short,6,2.0,0.25,8,2,adx20_low_vol_q75,False,,,,,3.0,0.15,0.44999999999999996,0.23304142657700178,0.14535152390681838,-0.06847576641234088,0.09795463491610401,0.1329661608125674,0.08518969200575988,1.1629518696431718,2.586712623152052,-3.347945531434147,174,50,28,786,227,124,1.603295378770156,0.0876899026701834,29.762634301021937,64.60067729191928,-54.3458463590007,False,False,False,False,no_promotion_shadow_or_reject,False,False,False,"{""live_notional_fraction"": 0.44999999999999996, ""parity"": true, ""recorded"": true, ""replay_notional_fraction"": 0.44999999999999996, ""sizing_mode"": ""notional_fraction_equals_leverage_times_allocation_fraction""}",0,0,validation_mdd_0.1330_above_0.12;locked_oos_return_not_positive;locked_oos_return_per_turnover_proxy_bps_-54.346_not_above_10.000
29,a30fb_ma_slope_adx_6h_bnbusdt_fast12_slow48_adx15p0_2p0x_0p15_44fd2aa6,ma_slope_adx_trend_filter,BNBUSDT,6h,long_short,48,15.0,0.0,8,2,btc_regime_ema_cross,False,,,,,2.0,0.15,0.3,0.10567928316641995,0.1065822736696056,0.006004565716199117,0.0579733936142931,0.04520897782817024,0.02592382663621884,0.7317102597500416,2.8085385505554186,0.5477485545848031,75,13,11,1344,345,175,0.9915277609296943,-0.0009029905031856522,46.96857029618664,273.2878812041169,18.195653685451873,False,True,False,False,no_promotion_shadow_or_reject,False,False,False,"{""live_notional_fraction"": 0.3, ""parity"": true, ""recorded"": true, ""replay_notional_fraction"": 0.3, ""sizing_mode"": ""notional_fraction_equals_leverage_times_allocation_fraction""}",0,0,train_trade_event_count_75_below_80;validation_trade_event_count_13_below_30;locked_oos_trade_event_count_11_below_20;train_return_below_validation_return;train_validation_return_ratio_0.9915_below_1.00
30,a30fb_ma_slope_adx_6h_bnbusdt_fast12_slow48_adx15p0_3p0x_0p1_f2c7647a,ma_slope_adx_trend_filter,BNBUSDT,6h,long_short,48,15.0,0.0,8,2,btc_regime_ema_cross,False,,,,,3.0,0.1,0.30000000000000004,0.10567928316641995,0.10658227366960582,0.006004565716199117,0.0579733936142931,0.045208977828170016,0.02592382663621884,0.7317102597500418,2.808538550555418,0.5477485545848034,75,13,11,1344,345,175,0.9915277609296922,-0.0009029905031858743,46.968570296186634,273.28788120411747,18.195653685451866,False,True,False,False,no_promotion_shadow_or_reject,False,False,False,"{""live_notional_fraction"": 0.30000000000000004, ""parity"": true, ""recorded"": true, ""replay_notional_fraction"": 0.30000000000000004, ""sizing_mode"": ""notional_fraction_equals_leverage_times_allocation_fraction""}",0,0,train_trade_event_count_75_below_80;validation_trade_event_count_13_below_30;locked_oos_trade_event_count_11_below_20;train_return_below_validation_return;train_validation_return_ratio_0.9915_below_1.00
31,a30fb_voladj_trend_4h_ethusdt_lb6_z1p5_hold12_cool0_low_vol_q70_3p0x_0p15_ff54045e,volatility_adjusted_trend_persistence,ETHUSDT,4h,long_short,6,1.5,0.25,12,0,low_vol_q70,False,,,,,3.0,0.15,0.44999999999999996,0.5151580475492543,0.145843562886959,-0.080741700684834,0.17119524237560046,0.15332659531846704,0.11188536087307566,1.7141799170041738,2.358105199147097,-3.554291114735977,197,58,27,1289,367,184,3.5322645535514314,0.36931448466229533,58.11145488429265,55.87875972680421,-66.45407463772347,False,False,False,False,no_promotion_shadow_or_reject,False,False,False,"{""live_notional_fraction"": 0.44999999999999996, ""parity"": true, ""recorded"": true, ""replay_notional_fraction"": 0.44999999999999996, ""sizing_mode"": ""notional_fraction_equals_leverage_times_allocation_fraction""}",0,0,validation_mdd_0.1533_above_0.12;locked_oos_return_not_positive;locked_oos_return_per_turnover_proxy_bps_-66.454_not_above_10.000
32,a30fb_voladj_trend_4h_solusdt_lb6_z2p0_hold8_cool0_none_3p0x_0p15_324d5d68,volatility_adjusted_trend_persistence,SOLUSDT,4h,long_short,6,2.0,0.25,8,0,none,False,,,,,3.0,0.15,0.44999999999999996,0.15154206959775207,0.12126215403514773,-0.07465884370853049,0.23469974515901182,0.059422291230327495,0.08241859181455047,0.6398526203093052,2.175918613315116,-3.3514171741010927,218,54,21,1109,293,109,1.2497062319528625,0.030279915562604343,15.447713516590426,49.90212100211841,-79.0040674164344,False,False,False,False,no_promotion_shadow_or_reject,False,False,False,"{""live_notional_fraction"": 0.44999999999999996, ""parity"": true, ""recorded"": true, ""replay_notional_fraction"": 0.44999999999999996, ""sizing_mode"": ""notional_fraction_equals_leverage_times_allocation_fraction""}",0,0,locked_oos_return_not_positive;locked_oos_return_per_turnover_proxy_bps_-79.004_not_above_10.000
33,a30fb_voladj_trend_4h_bnbusdt_lb6_z1p0_hold4_cool0_adx20_low_vol_q75_3p0x_0p15_44805c63,volatility_adjusted_trend_persistence,BNBUSDT,4h,long_short,6,1.0,0.25,4,0,adx20_low_vol_q75,False,,,,,3.0,0.15,0.44999999999999996,0.1296534983200257,0.12499011460182041,-0.07579576770477103,0.15353799512535937,0.03334894040407865,0.0799387570410669,0.8164215235171212,3.120995038967703,-5.600520198216875,419,104,50,1091,279,124,1.0373100203408996,0.004663383718205294,6.876345707771186,26.707289444833425,-33.687007868787134,False,False,False,False,no_promotion_shadow_or_reject,False,False,False,"{""live_notional_fraction"": 0.44999999999999996, ""parity"": true, ""recorded"": true, ""replay_notional_fraction"": 0.44999999999999996, ""sizing_mode"": ""notional_fraction_equals_leverage_times_allocation_fraction""}",0,0,locked_oos_return_not_positive;train_return_per_turnover_proxy_bps_6.876_not_above_10.000;locked_oos_return_per_turnover_proxy_bps_-33.687_not_above_10.000
34,a30fb_voladj_trend_4h_solusdt_lb6_z2p0_hold8_cool0_adx15_3p0x_0p15_7da92294,volatility_adjusted_trend_persistence,SOLUSDT,4h,long_short,6,2.0,0.25,8,0,adx15,False,,,,,3.0,0.15,0.44999999999999996,0.1318134933594557,0.12126215403514773,-0.07465884370853049,0.2312939718611131,0.059422291230327495,0.08241859181455047,0.5798604773770564,2.175918613315116,-3.3514171741010927,216,54,21,1096,293,109,1.0870126331522172,0.010551339324307962,13.561058987598324,49.90212100211841,-79.0040674164344,False,False,False,False,no_promotion_shadow_or_reject,False,False,False,"{""live_notional_fraction"": 0.44999999999999996, ""parity"": true, ""recorded"": true, ""replay_notional_fraction"": 0.44999999999999996, ""sizing_mode"": ""notional_fraction_equals_leverage_times_allocation_fraction""}",0,0,locked_oos_return_not_positive;locked_oos_return_per_turnover_proxy_bps_-79.004_not_above_10.000
35,a30fb_voladj_trend_4h_ethusdt_lb6_z2p0_hold8_cool2_low_vol_q70_3p0x_0p15_59b88ed3,volatility_adjusted_trend_persistence,ETHUSDT,4h,long_short,6,2.0,0.25,8,2,low_vol_q70,False,,,,,3.0,0.15,0.44999999999999996,0.14645362077543456,0.14535152390681838,-0.07848590630840813,0.14420379579936193,0.1329661608125674,0.09502022440760372,0.7957020221863744,2.586712623152052,-3.9025934374565203,178,50,28,791,227,118,1.007582286301468,0.0011020968686161758,18.283847787195324,64.60067729191928,-62.29040183206995,False,False,False,False,no_promotion_shadow_or_reject,False,False,False,"{""live_notional_fraction"": 0.44999999999999996, ""parity"": true, ""recorded"": true, ""replay_notional_fraction"": 0.44999999999999996, ""sizing_mode"": ""notional_fraction_equals_leverage_times_allocation_fraction""}",0,0,validation_mdd_0.1330_above_0.12;locked_oos_return_not_positive;locked_oos_return_per_turnover_proxy_bps_-62.290_not_above_10.000
36,a30fb_voladj_trend_4h_bnbusdt_lb6_z1p0_hold4_cool2_adx20_low_vol_q75_3p0x_0p15_894c7050,volatility_adjusted_trend_persistence,BNBUSDT,4h,long_short,6,1.0,0.25,4,2,adx20_low_vol_q75,False,,,,,3.0,0.15,0.44999999999999996,0.1838544535035762,0.12154983253206786,-0.0808741065849915,0.09993827075904382,0.033348940404077654,0.0849943309272615,1.14378705496519,3.0549374757666055,-6.055922661548955,389,104,48,1013,268,118,1.512585000518786,0.06230462097150835,10.50296792365474,25.97218643847604,-37.44171601157014,False,False,False,False,no_promotion_shadow_or_reject,False,False,False,"{""live_notional_fraction"": 0.44999999999999996, ""parity"": true, ""recorded"": true, ""replay_notional_fraction"": 0.44999999999999996, ""sizing_mode"": ""notional_fraction_equals_leverage_times_allocation_fraction""}",0,0,locked_oos_return_not_positive;locked_oos_return_per_turnover_proxy_bps_-37.442_not_above_10.000
37,a30fb_voladj_trend_4h_ethusdt_lb6_z1p5_hold12_cool0_adx20_low_vol_q75_2p0x_0p15_d4234e7d,volatility_adjusted_trend_persistence,ETHUSDT,4h,long_short,6,1.5,0.25,12,0,adx20_low_vol_q75,False,,,,,2.0,0.15,0.3,0.34243978734976754,0.12351013067499994,-0.05567983986546343,0.1195067301123105,0.10456571051135011,0.0772030325787938,1.7836572473516288,2.9586870730787,-3.6581629754121634,199,58,27,1302,368,185,2.7725643676213987,0.2189296566747676,57.360098383545655,70.98283372126434,-68.74054304378201,False,False,False,False,no_promotion_shadow_or_reject,False,False,False,"{""live_notional_fraction"": 0.3, ""parity"": true, ""recorded"": true, ""replay_notional_fraction"": 0.3, ""sizing_mode"": ""notional_fraction_equals_leverage_times_allocation_fraction""}",0,0,locked_oos_return_not_positive;locked_oos_return_per_turnover_proxy_bps_-68.741_not_above_10.000
38,a30fb_voladj_trend_4h_ethusdt_lb6_z1p5_hold12_cool0_adx20_low_vol_q75_3p0x_0p1_95c23a97,volatility_adjusted_trend_persistence,ETHUSDT,4h,long_short,6,1.5,0.25,12,0,adx20_low_vol_q75,False,,,,,3.0,0.1,0.30000000000000004,0.3424397873497671,0.12351013067499994,-0.05567983986546343,0.11950673011231083,0.10456571051135011,0.0772030325787938,1.7836572473516288,2.958687073078699,-3.658162975412164,199,58,27,1302,368,185,2.772564367621395,0.21892965667476716,57.36009838354556,70.98283372126433,-68.740543043782,False,False,False,False,no_promotion_shadow_or_reject,False,False,False,"{""live_notional_fraction"": 0.30000000000000004, ""parity"": true, ""recorded"": true, ""replay_notional_fraction"": 0.30000000000000004, ""sizing_mode"": ""notional_fraction_equals_leverage_times_allocation_fraction""}",0,0,locked_oos_return_not_positive;locked_oos_return_per_turnover_proxy_bps_-68.741_not_above_10.000
39,a30fb_voladj_trend_1h_ethusdt_lb6_z1p5_hold8_cool0_low_vol_q70_3p0x_0p15_cc24e98f,volatility_adjusted_trend_persistence,ETHUSDT,1h,long_short,6,1.5,0.25,8,0,low_vol_q70,False,,,,,3.0,0.15,0.44999999999999996,0.2785409375143697,0.14515806254162622,-0.049474691456887876,0.21060530086635343,0.06039448340453224,0.06914831890605333,1.1828798788970065,2.562493638908798,-2.6119254545518658,1013,253,131,4471,1122,562,1.918880237427349,0.13338287497274348,6.1103638809777285,12.749939617182804,-8.392653342983525,False,False,False,False,no_promotion_shadow_or_reject,False,False,False,"{""live_notional_fraction"": 0.44999999999999996, ""parity"": true, ""recorded"": true, ""replay_notional_fraction"": 0.44999999999999996, ""sizing_mode"": ""notional_fraction_equals_leverage_times_allocation_fraction""}",0,0,locked_oos_return_not_positive;train_return_per_turnover_proxy_bps_6.110_not_above_10.000;locked_oos_return_per_turnover_proxy_bps_-8.393_not_above_10.000
40,a30fb_voladj_trend_4h_solusdt_lb6_z2p0_hold8_cool0_adx20_low_vol_q75_2p0x_0p15_9725f6bc,volatility_adjusted_trend_persistence,SOLUSDT,4h,long_short,6,2.0,0.25,8,0,adx20_low_vol_q75,False,,,,,2.0,0.15,0.3,0.11018652933961848,0.10610634124952889,-0.019393391282326422,0.11286320205709033,0.041666165890941076,0.033993114312348305,0.6955794206165938,2.9839286745214872,-1.290628827784813,218,52,21,939,254,105,1.0384537629140775,0.004080188090089587,16.84809317119549,68.01688541636467,-30.783160765597497,False,False,False,False,no_promotion_shadow_or_reject,False,False,False,"{""live_notional_fraction"": 0.3, ""parity"": true, ""recorded"": true, ""replay_notional_fraction"": 0.3, ""sizing_mode"": ""notional_fraction_equals_leverage_times_allocation_fraction""}",0,0,locked_oos_return_not_positive;locked_oos_return_per_turnover_proxy_bps_-30.783_not_above_10.000
41,a30fb_voladj_trend_4h_solusdt_lb6_z2p0_hold8_cool0_adx20_low_vol_q75_3p0x_0p1_44d653ce,volatility_adjusted_trend_persistence,SOLUSDT,4h,long_short,6,2.0,0.25,8,0,adx20_low_vol_q75,False,,,,,3.0,0.1,0.30000000000000004,0.11018652933961826,0.10610634124952889,-0.019393391282326422,0.11286320205709033,0.041666165890941076,0.033993114312348305,0.6955794206165934,2.983928674521487,-1.290628827784813,218,52,21,939,254,105,1.0384537629140753,0.004080188090089365,16.84809317119545,68.01688541636467,-30.783160765597493,False,False,False,False,no_promotion_shadow_or_reject,False,False,False,"{""live_notional_fraction"": 0.30000000000000004, ""parity"": true, ""recorded"": true, ""replay_notional_fraction"": 0.30000000000000004, ""sizing_mode"": ""notional_fraction_equals_leverage_times_allocation_fraction""}",0,0,locked_oos_return_not_positive;locked_oos_return_per_turnover_proxy_bps_-30.783_not_above_10.000
42,a30fb_voladj_trend_4h_ethusdt_lb6_z1p0_hold12_cool2_none_3p0x_0p15_6ef53f13,volatility_adjusted_trend_persistence,ETHUSDT,4h,long_short,6,1.0,0.25,12,2,none,False,,,,,3.0,0.15,0.44999999999999996,0.35758113148544335,0.13521514800211532,-0.13022638400896702,0.16867038610063645,0.14598780933772604,0.15548493859694001,1.2177797443161769,2.1081123732377796,-5.469925895010041,231,59,32,1617,400,212,2.6445345567336087,0.22236598348332803,34.3993392482389,50.92849265616397,-90.43498889511599,False,False,False,False,no_promotion_shadow_or_reject,False,False,False,"{""live_notional_fraction"": 0.44999999999999996, ""parity"": true, ""recorded"": true, ""replay_notional_fraction"": 0.44999999999999996, ""sizing_mode"": ""notional_fraction_equals_leverage_times_allocation_fraction""}",0,0,validation_mdd_0.1460_above_0.12;locked_oos_return_not_positive;locked_oos_return_per_turnover_proxy_bps_-90.435_not_above_10.000
43,a30fb_voladj_trend_4h_ethusdt_lb6_z1p0_hold12_cool2_adx15_3p0x_0p15_07e42ba2,volatility_adjusted_trend_persistence,ETHUSDT,4h,long_short,6,1.0,0.25,12,2,adx15,False,,,,,3.0,0.15,0.44999999999999996,0.3538360753076306,0.13521514800211532,-0.13022638400896702,0.16279576107068305,0.14598780933772604,0.15548493859694001,1.2096830260618046,2.1081123732377796,-5.469925895010041,231,59,32,1611,400,212,2.6168375402887194,0.2186209273055153,34.03906448365855,50.92849265616397,-90.43498889511599,False,False,False,False,no_promotion_shadow_or_reject,False,False,False,"{""live_notional_fraction"": 0.44999999999999996, ""parity"": true, ""recorded"": true, ""replay_notional_fraction"": 0.44999999999999996, ""sizing_mode"": ""notional_fraction_equals_leverage_times_allocation_fraction""}",0,0,validation_mdd_0.1460_above_0.12;locked_oos_return_not_positive;locked_oos_return_per_turnover_proxy_bps_-90.435_not_above_10.000
44,a30fb_voladj_trend_1h_ethusdt_lb6_z1p5_hold8_cool2_adx15_3p0x_0p15_15496d61,volatility_adjusted_trend_persistence,ETHUSDT,1h,long_short,6,1.5,0.25,8,2,adx15,False,,,,,3.0,0.15,0.44999999999999996,0.3852336281004871,0.13805094320695677,-0.03325071005588087,0.20034282507304457,0.06530539101331545,0.06677077075854765,1.4495251025722746,2.304437513194958,-1.781434145194351,961,229,117,4776,1158,572,2.7905178997797253,0.24718268489353035,8.908165755589945,13.396501039005997,-6.315424512038153,False,False,False,False,no_promotion_shadow_or_reject,False,False,False,"{""live_notional_fraction"": 0.44999999999999996, ""parity"": true, ""recorded"": true, ""replay_notional_fraction"": 0.44999999999999996, ""sizing_mode"": ""notional_fraction_equals_leverage_times_allocation_fraction""}",0,0,locked_oos_return_not_positive;train_return_per_turnover_proxy_bps_8.908_not_above_10.000;locked_oos_return_per_turnover_proxy_bps_-6.315_not_above_10.000
45,a30fb_donchian_atr_1h_solusdt_lb24_atr0p5_hold12_3p0x_0p15_d39848d5,donchian_atr_volatility_breakout,SOLUSDT,1h,long_short,24,0.5,0.0,12,2,btc_regime_mid_exit,False,,,,,3.0,0.15,0.44999999999999996,0.15540681650352783,0.29769337419264863,-0.07247126308455876,0.2649138851710391,0.041410821809931386,0.08556476345775066,0.679388138633083,4.704450008098593,-3.800899867378459,290,64,44,3543,904,473,0.5220365314646144,-0.1422865576891208,11.908568314446576,103.365754928003,-36.60164802250443,False,False,False,False,no_promotion_shadow_or_reject,False,False,False,"{""live_notional_fraction"": 0.44999999999999996, ""parity"": true, ""recorded"": true, ""replay_notional_fraction"": 0.44999999999999996, ""sizing_mode"": ""notional_fraction_equals_leverage_times_allocation_fraction""}",0,0,train_return_below_validation_return;train_validation_return_ratio_0.5220_below_1.00;locked_oos_return_not_positive;locked_oos_return_per_turnover_proxy_bps_-36.602_not_above_10.000
46,a30fb_voladj_trend_1h_ethusdt_lb6_z1p5_hold8_cool0_none_3p0x_0p15_80d7d304,volatility_adjusted_trend_persistence,ETHUSDT,1h,long_short,6,1.5,0.25,8,0,none,False,,,,,3.0,0.15,0.44999999999999996,0.45241067369356935,0.14061747878037645,-0.0494632853783481,0.2321299722542013,0.08350842745968734,0.08634055167632582,1.624779168618261,2.3546567421775935,-2.601604511977899,993,237,121,4955,1192,593,3.217314644078973,0.3117931949131929,10.124441617848705,13.184948783907778,-9.084166277015262,False,False,False,False,no_promotion_shadow_or_reject,False,False,False,"{""live_notional_fraction"": 0.44999999999999996, ""parity"": true, ""recorded"": true, ""replay_notional_fraction"": 0.44999999999999996, ""sizing_mode"": ""notional_fraction_equals_leverage_times_allocation_fraction""}",0,0,locked_oos_return_not_positive;locked_oos_return_per_turnover_proxy_bps_-9.084_not_above_10.000
47,a30fb_voladj_trend_1h_ethusdt_lb6_z2p0_hold8_cool0_none_3p0x_0p1_451bf79e,volatility_adjusted_trend_persistence,ETHUSDT,1h,long_short,6,2.0,0.25,8,0,none,False,,,,,3.0,0.1,0.30000000000000004,0.16906443070295274,0.1177916088204023,-0.03177634454995559,0.1454002331512224,0.04221030311666274,0.042052920725695,1.132084999107249,3.1412229840308727,-2.787469745829617,749,185,95,3730,919,465,1.435284163243975,0.051272821882550446,7.524006706851478,21.223713300973387,-11.149594578931785,False,False,False,False,no_promotion_shadow_or_reject,False,False,False,"{""live_notional_fraction"": 0.30000000000000004, ""parity"": true, ""recorded"": true, ""replay_notional_fraction"": 0.30000000000000004, ""sizing_mode"": ""notional_fraction_equals_leverage_times_allocation_fraction""}",0,0,locked_oos_return_not_positive;train_return_per_turnover_proxy_bps_7.524_not_above_10.000;locked_oos_return_per_turnover_proxy_bps_-11.150_not_above_10.000
48,a30fb_voladj_trend_1h_ethusdt_lb6_z2p0_hold8_cool0_none_2p0x_0p15_fddbf5bf,volatility_adjusted_trend_persistence,ETHUSDT,1h,long_short,6,2.0,0.25,8,0,none,False,,,,,2.0,0.15,0.3,0.16906443070295385,0.11779160882040118,-0.03177634454995559,0.14540023315122286,0.04221030311666296,0.042052920725695,1.1320849991072492,3.1412229840308736,-2.7874697458296174,749,185,95,3730,919,465,1.435284163243998,0.051272821882552666,7.524006706851529,21.223713300973188,-11.149594578931787,False,False,False,False,no_promotion_shadow_or_reject,False,False,False,"{""live_notional_fraction"": 0.3, ""parity"": true, ""recorded"": true, ""replay_notional_fraction"": 0.3, ""sizing_mode"": ""notional_fraction_equals_leverage_times_allocation_fraction""}",0,0,locked_oos_return_not_positive;train_return_per_turnover_proxy_bps_7.524_not_above_10.000;locked_oos_return_per_turnover_proxy_bps_-11.150_not_above_10.000
49,a30fb_voladj_trend_6h_solusdt_lb24_z1p0_hold8_cool2_none_3p0x_0p15_ef2052f8,volatility_adjusted_trend_persistence,SOLUSDT,6h,long_short,24,1.0,0.25,8,2,none,False,,,,,3.0,0.15,0.44999999999999996,0.12987065263721131,0.1120418392042064,-0.028326625271741124,0.2627716978640485,0.11692068183987192,0.08739177665135855,0.5485881878413208,1.8370107727828915,-1.2269305093469542,82,17,15,829,187,107,1.159126390280958,0.01782881343300491,35.195298817672445,146.45992052837443,-41.96537077294982,False,False,False,False,no_promotion_shadow_or_reject,False,False,False,"{""live_notional_fraction"": 0.44999999999999996, ""parity"": true, ""recorded"": true, ""replay_notional_fraction"": 0.44999999999999996, ""sizing_mode"": ""notional_fraction_equals_leverage_times_allocation_fraction""}",0,0,validation_trade_event_count_17_below_30;locked_oos_trade_event_count_15_below_20;locked_oos_return_not_positive;locked_oos_return_per_turnover_proxy_bps_-41.965_not_above_10.000
50,a30fb_voladj_trend_6h_solusdt_lb24_z1p0_hold8_cool0_none_3p0x_0p15_160ba328,volatility_adjusted_trend_persistence,SOLUSDT,6h,long_short,24,1.0,0.25,8,0,none,False,,,,,3.0,0.15,0.44999999999999996,0.12591615198700534,0.1120418392042064,-0.020574037189937444,0.2627716978640481,0.11692068183987192,0.08011044547598534,0.5370441333391366,1.8370107727828915,-0.8624952328066123,82,17,15,831,187,109,1.1238315336604905,0.013874312782798937,34.123618424662695,146.45992052837443,-30.480055096203625,False,False,False,False,no_promotion_shadow_or_reject,False,False,False,"{""live_notional_fraction"": 0.44999999999999996, ""parity"": true, ""recorded"": true, ""replay_notional_fraction"": 0.44999999999999996, ""sizing_mode"": ""notional_fraction_equals_leverage_times_allocation_fraction""}",0,0,validation_trade_event_count_17_below_30;locked_oos_trade_event_count_15_below_20;locked_oos_return_not_positive;locked_oos_return_per_turnover_proxy_bps_-30.480_not_above_10.000
51,a30fb_voladj_trend_4h_ethusdt_lb6_z2p0_hold8_cool0_low_vol_q70_3p0x_0p15_6c8fd1a9,volatility_adjusted_trend_persistence,ETHUSDT,4h,long_short,6,2.0,0.25,8,0,low_vol_q70,False,,,,,3.0,0.15,0.44999999999999996,0.16894205359195236,0.12355396890365267,-0.07848590630840813,0.14816706705595906,0.13296616081256762,0.09502022440760372,0.872219070253355,2.2151416085990143,-3.9025934374565203,184,52,28,813,232,118,1.3673543237100971,0.04538808468829969,20.403629660863814,52.80084141181738,-62.29040183206995,False,False,False,False,no_promotion_shadow_or_reject,False,False,False,"{""live_notional_fraction"": 0.44999999999999996, ""parity"": true, ""recorded"": true, ""replay_notional_fraction"": 0.44999999999999996, ""sizing_mode"": ""notional_fraction_equals_leverage_times_allocation_fraction""}",0,0,validation_mdd_0.1330_above_0.12;locked_oos_return_not_positive;locked_oos_return_per_turnover_proxy_bps_-62.290_not_above_10.000
52,a30fb_voladj_trend_4h_bnbusdt_lb6_z1p0_hold12_cool0_adx20_low_vol_q75_3p0x_0p15_d320b504,volatility_adjusted_trend_persistence,BNBUSDT,4h,long_short,6,1.0,0.25,12,0,adx20_low_vol_q75,False,,,,,3.0,0.15,0.44999999999999996,0.2634506915745727,0.10047540367754348,-0.05128692779311539,0.11893470546594631,0.07344989712352923,0.053259624730390365,1.215519517776251,2.2336711335717356,-3.04698043515787,241,60,29,1557,391,192,2.622041633393851,0.1629752878970292,24.29236436833312,37.21311247316426,-39.30032781081639,False,False,False,False,no_promotion_shadow_or_reject,False,False,False,"{""live_notional_fraction"": 0.44999999999999996, ""parity"": true, ""recorded"": true, ""replay_notional_fraction"": 0.44999999999999996, ""sizing_mode"": ""notional_fraction_equals_leverage_times_allocation_fraction""}",0,0,locked_oos_return_not_positive;locked_oos_return_per_turnover_proxy_bps_-39.300_not_above_10.000
53,a30fb_voladj_trend_4h_ethusdt_lb6_z1p5_hold12_cool2_adx20_low_vol_q75_2p0x_0p15_042316a4,volatility_adjusted_trend_persistence,ETHUSDT,4h,long_short,6,1.5,0.25,12,2,adx20_low_vol_q75,False,,,,,2.0,0.15,0.3,0.3021862653128513,0.10329154735808754,-0.05531549909029898,0.1298924073823553,0.10780451800382962,0.07684699595411604,1.6257842700026857,2.535437970095827,-3.6326588697635738,195,58,27,1272,365,185,2.925566254373579,0.19889471795476377,51.65577184835065,59.36295825177445,-68.29073961765306,False,False,False,False,no_promotion_shadow_or_reject,False,False,False,"{""live_notional_fraction"": 0.3, ""parity"": true, ""recorded"": true, ""replay_notional_fraction"": 0.3, ""sizing_mode"": ""notional_fraction_equals_leverage_times_allocation_fraction""}",0,0,locked_oos_return_not_positive;locked_oos_return_per_turnover_proxy_bps_-68.291_not_above_10.000
54,a30fb_voladj_trend_4h_ethusdt_lb6_z1p5_hold12_cool2_adx20_low_vol_q75_3p0x_0p1_068bfdda,volatility_adjusted_trend_persistence,ETHUSDT,4h,long_short,6,1.5,0.25,12,2,adx20_low_vol_q75,False,,,,,3.0,0.1,0.30000000000000004,0.30218626531285064,0.10329154735808754,-0.05531549909029898,0.12989240738235552,0.10780451800382962,0.07684699595411604,1.6257842700026859,2.535437970095826,-3.6326588697635738,195,58,27,1272,365,185,2.9255662543735723,0.1988947179547631,51.655771848350525,59.362958251774444,-68.29073961765305,False,False,False,False,no_promotion_shadow_or_reject,False,False,False,"{""live_notional_fraction"": 0.30000000000000004, ""parity"": true, ""recorded"": true, ""replay_notional_fraction"": 0.30000000000000004, ""sizing_mode"": ""notional_fraction_equals_leverage_times_allocation_fraction""}",0,0,locked_oos_return_not_positive;locked_oos_return_per_turnover_proxy_bps_-68.291_not_above_10.000
55,a30fb_voladj_trend_4h_btcusdt_lb12_z1p0_hold4_cool0_low_vol_q70_3p0x_0p15_6ee8568c,volatility_adjusted_trend_persistence,BTCUSDT,4h,long_short,12,1.0,0.25,4,0,low_vol_q70,False,,,,,3.0,0.15,0.44999999999999996,0.1641505744105054,0.10186602158880165,-0.02792265779831138,0.05819961953378128,0.05802862364817862,0.04578756206146173,1.350928969027922,2.6445053967798535,-1.746363355979306,276,74,43,897,239,130,1.6114360004469914,0.062284552821703754,13.216632400201725,30.590396873514013,-14.43031410765446,False,False,False,False,no_promotion_shadow_or_reject,False,False,False,"{""live_notional_fraction"": 0.44999999999999996, ""parity"": true, ""recorded"": true, ""replay_notional_fraction"": 0.44999999999999996, ""sizing_mode"": ""notional_fraction_equals_leverage_times_allocation_fraction""}",0,0,locked_oos_return_not_positive;locked_oos_return_per_turnover_proxy_bps_-14.430_not_above_10.000
56,a30fb_voladj_trend_1h_ethusdt_lb6_z2p0_hold8_cool2_adx15_3p0x_0p15_969eb4e7,volatility_adjusted_trend_persistence,ETHUSDT,1h,long_short,6,2.0,0.25,8,2,adx15,False,,,,,3.0,0.15,0.44999999999999996,0.14219423306504386,0.12371770507632984,-0.026517416829976548,0.20887366656188744,0.07161405625070805,0.054827980114116825,0.7212220965913195,2.2339758554534854,-1.5291632669347457,733,185,91,3620,912,449,1.149344250908264,0.01847652798871402,4.3108756424145485,14.860985594754338,-6.475559665439939,False,False,False,False,no_promotion_shadow_or_reject,False,False,False,"{""live_notional_fraction"": 0.44999999999999996, ""parity"": true, ""recorded"": true, ""replay_notional_fraction"": 0.44999999999999996, ""sizing_mode"": ""notional_fraction_equals_leverage_times_allocation_fraction""}",0,0,locked_oos_return_not_positive;train_return_per_turnover_proxy_bps_4.311_not_above_10.000;locked_oos_return_per_turnover_proxy_bps_-6.476_not_above_10.000
57,a30fb_voladj_trend_4h_ethusdt_lb6_z2p0_hold8_cool0_adx20_low_vol_q75_3p0x_0p1_3264ff82,volatility_adjusted_trend_persistence,ETHUSDT,4h,long_short,6,2.0,0.25,8,0,adx20_low_vol_q75,False,,,,,3.0,0.1,0.30000000000000004,0.15130594599977254,0.09528516440756207,-0.04583136386595166,0.06302132457953424,0.07943159294789137,0.05732109183275691,1.1072757296561666,2.564761480797091,-3.347945531434149,180,52,28,810,232,124,1.5879276374294058,0.05602078159221047,28.019619629587503,61.080233594591064,-54.56114745946625,False,False,False,False,no_promotion_shadow_or_reject,False,False,False,"{""live_notional_fraction"": 0.30000000000000004, ""parity"": true, ""recorded"": true, ""replay_notional_fraction"": 0.30000000000000004, ""sizing_mode"": ""notional_fraction_equals_leverage_times_allocation_fraction""}",0,0,locked_oos_return_not_positive;locked_oos_return_per_turnover_proxy_bps_-54.561_not_above_10.000
58,a30fb_voladj_trend_4h_ethusdt_lb6_z2p0_hold8_cool0_adx20_low_vol_q75_2p0x_0p15_d36d50fe,volatility_adjusted_trend_persistence,ETHUSDT,4h,long_short,6,2.0,0.25,8,0,adx20_low_vol_q75,False,,,,,2.0,0.15,0.3,0.1513059459997732,0.09528516440756207,-0.04583136386595166,0.06302132457953413,0.0794315929478916,0.05732109183275691,1.1072757296561666,2.56476148079709,-3.3479455314341484,180,52,28,810,232,124,1.5879276374294127,0.05602078159221113,28.01961962958763,61.08023359459107,-54.561147459466255,False,False,False,False,no_promotion_shadow_or_reject,False,False,False,"{""live_notional_fraction"": 0.3, ""parity"": true, ""recorded"": true, ""replay_notional_fraction"": 0.3, ""sizing_mode"": ""notional_fraction_equals_leverage_times_allocation_fraction""}",0,0,locked_oos_return_not_positive;locked_oos_return_per_turnover_proxy_bps_-54.561_not_above_10.000
59,a30fb_voladj_trend_1h_ethusdt_lb6_z2p0_hold8_cool2_none_3p0x_0p15_4a3109fd,volatility_adjusted_trend_persistence,ETHUSDT,1h,long_short,6,2.0,0.25,8,2,none,False,,,,,3.0,0.15,0.44999999999999996,0.12882427777563765,0.1506805751985345,-0.026517416829976548,0.21813419633882014,0.07161405625070894,0.054827980114116825,0.6662561864493048,2.6829461429446355,-1.5291632669347457,735,185,91,3628,912,449,0.8549494691396067,-0.021856297422896853,3.8949139161190525,18.09976879261676,-6.475559665439939,False,False,False,False,no_promotion_shadow_or_reject,False,False,False,"{""live_notional_fraction"": 0.44999999999999996, ""parity"": true, ""recorded"": true, ""replay_notional_fraction"": 0.44999999999999996, ""sizing_mode"": ""notional_fraction_equals_leverage_times_allocation_fraction""}",0,0,train_return_below_validation_return;train_validation_return_ratio_0.8549_below_1.00;locked_oos_return_not_positive;train_return_per_turnover_proxy_bps_3.895_not_above_10.000;locked_oos_return_per_turnover_proxy_bps_-6.476_not_above_10.000
60,a30fb_voladj_trend_6h_solusdt_lb24_z1p0_hold12_cool0_none_3p0x_0p15_1f2e1a68,volatility_adjusted_trend_persistence,SOLUSDT,6h,long_short,24,1.0,0.25,12,0,none,False,,,,,3.0,0.15,0.44999999999999996,0.1448608120514301,0.09672209458568015,-0.0035219127810893758,0.22328300230294396,0.1061379019183678,0.06409486928976849,0.5862943355197975,1.5743842049469647,-0.07288943421205542,76,17,13,885,197,112,1.497701354297149,0.048138717465749936,42.356962588137456,126.43411056951655,-6.020363728357908,False,False,False,False,no_promotion_shadow_or_reject,False,False,False,"{""live_notional_fraction"": 0.44999999999999996, ""parity"": true, ""recorded"": true, ""replay_notional_fraction"": 0.44999999999999996, ""sizing_mode"": ""notional_fraction_equals_leverage_times_allocation_fraction""}",0,0,train_trade_event_count_76_below_80;validation_trade_event_count_17_below_30;locked_oos_trade_event_count_13_below_20;locked_oos_return_not_positive;locked_oos_return_per_turnover_proxy_bps_-6.020_not_above_10.000
61,a30fb_voladj_trend_4h_ethusdt_lb6_z2p0_hold8_cool2_adx20_low_vol_q75_3p0x_0p1_15177fe7,volatility_adjusted_trend_persistence,ETHUSDT,4h,long_short,6,2.0,0.25,8,2,adx20_low_vol_q75,False,,,,,3.0,0.1,0.30000000000000004,0.15479643710918412,0.0961767361802337,-0.04583136386595166,0.06628909183375642,0.09038339899425041,0.05732109183275691,1.1629518696431722,2.5867126231520516,-3.347945531434149,174,50,28,786,227,124,1.6094997944107607,0.05861970092895041,29.654489867659787,64.1178241201558,-54.56114745946625,False,False,False,False,no_promotion_shadow_or_reject,False,False,False,"{""live_notional_fraction"": 0.30000000000000004, ""parity"": true, ""recorded"": true, ""replay_notional_fraction"": 0.30000000000000004, ""sizing_mode"": ""notional_fraction_equals_leverage_times_allocation_fraction""}",0,0,locked_oos_return_not_positive;locked_oos_return_per_turnover_proxy_bps_-54.561_not_above_10.000
62,a30fb_voladj_trend_4h_ethusdt_lb6_z2p0_hold8_cool2_adx20_low_vol_q75_2p0x_0p15_3c88f9f5,volatility_adjusted_trend_persistence,ETHUSDT,4h,long_short,6,2.0,0.25,8,2,adx20_low_vol_q75,False,,,,,2.0,0.15,0.3,0.15479643710918523,0.09617673618023348,-0.04583136386595166,0.0662890918337562,0.09038339899425052,0.05732109183275691,1.162951869643172,2.5867126231520516,-3.3479455314341484,174,50,28,786,227,124,1.609499794410776,0.058619700928951746,29.654489867660004,64.11782412015565,-54.561147459466255,False,False,False,False,no_promotion_shadow_or_reject,False,False,False,"{""live_notional_fraction"": 0.3, ""parity"": true, ""recorded"": true, ""replay_notional_fraction"": 0.3, ""sizing_mode"": ""notional_fraction_equals_leverage_times_allocation_fraction""}",0,0,locked_oos_return_not_positive;locked_oos_return_per_turnover_proxy_bps_-54.561_not_above_10.000
63,a30fb_voladj_trend_4h_ethusdt_lb6_z1p5_hold12_cool0_low_vol_q70_2p0x_0p15_b75785d3,volatility_adjusted_trend_persistence,ETHUSDT,4h,long_short,6,1.5,0.25,12,0,low_vol_q70,False,,,,,2.0,0.15,0.3,0.3292179275185043,0.09684120184945932,-0.05413825710073861,0.11610088988470024,0.10456571051135011,0.0756965859726828,1.7141799170041732,2.358105199147097,-3.554291114735976,197,58,27,1289,367,184,3.399564660817377,0.232376725669045,55.705233082657244,55.655863131873176,-66.83735444535631,False,False,False,False,no_promotion_shadow_or_reject,False,False,False,"{""live_notional_fraction"": 0.3, ""parity"": true, ""recorded"": true, ""replay_notional_fraction"": 0.3, ""sizing_mode"": ""notional_fraction_equals_leverage_times_allocation_fraction""}",0,0,locked_oos_return_not_positive;locked_oos_return_per_turnover_proxy_bps_-66.837_not_above_10.000
64,a30fb_voladj_trend_4h_ethusdt_lb6_z1p5_hold12_cool0_low_vol_q70_3p0x_0p1_15a3d70f,volatility_adjusted_trend_persistence,ETHUSDT,4h,long_short,6,1.5,0.25,12,0,low_vol_q70,False,,,,,3.0,0.1,0.30000000000000004,0.32921792751850454,0.09684120184945932,-0.05413825710073861,0.11610088988470035,0.10456571051135011,0.0756965859726828,1.7141799170041732,2.3581051991470967,-3.5542911147359755,197,58,27,1289,367,184,3.3995646608173793,0.23237672566904521,55.70523308265727,55.65586313187317,-66.8373544453563,False,False,False,False,no_promotion_shadow_or_reject,False,False,False,"{""live_notional_fraction"": 0.30000000000000004, ""parity"": true, ""recorded"": true, ""replay_notional_fraction"": 0.30000000000000004, ""sizing_mode"": ""notional_fraction_equals_leverage_times_allocation_fraction""}",0,0,locked_oos_return_not_positive;locked_oos_return_per_turnover_proxy_bps_-66.837_not_above_10.000
65,a30fb_voladj_trend_6h_solusdt_lb24_z1p0_hold12_cool2_none_3p0x_0p15_9da290b0,volatility_adjusted_trend_persistence,SOLUSDT,6h,long_short,24,1.0,0.25,12,2,none,False,,,,,3.0,0.15,0.44999999999999996,0.1448608120514301,0.09517348795415348,-0.0035219127810893758,0.22328300230294396,0.10613790191836758,0.06409486928976849,0.5862943355197975,1.5525275354989414,-0.07288943421205542,76,17,13,885,196,112,1.5220710637526678,0.04968732409727661,42.356962588137456,124.40978817536404,-6.020363728357908,False,False,False,False,no_promotion_shadow_or_reject,False,False,False,"{""live_notional_fraction"": 0.44999999999999996, ""parity"": true, ""recorded"": true, ""replay_notional_fraction"": 0.44999999999999996, ""sizing_mode"": ""notional_fraction_equals_leverage_times_allocation_fraction""}",0,0,train_trade_event_count_76_below_80;validation_trade_event_count_17_below_30;locked_oos_trade_event_count_13_below_20;locked_oos_return_not_positive;locked_oos_return_per_turnover_proxy_bps_-6.020_not_above_10.000
66,a30fb_voladj_trend_4h_ethusdt_lb6_z1p5_hold12_cool2_low_vol_q70_3p0x_0p15_e99e3ffb,volatility_adjusted_trend_persistence,ETHUSDT,4h,long_short,6,1.5,0.25,12,2,low_vol_q70,False,,,,,3.0,0.15,0.44999999999999996,0.48047460534285635,0.11511382869298048,-0.08020974890116506,0.1858659317069553,0.15791401125146298,0.11137143114653725,1.656205140273983,1.929951831035349,-3.5287902595302114,193,58,27,1258,364,184,4.1739086502311356,0.3653607766498759,55.32234949255687,44.1049152080385,-66.01625423964204,False,False,False,False,no_promotion_shadow_or_reject,False,False,False,"{""live_notional_fraction"": 0.44999999999999996, ""parity"": true, ""recorded"": true, ""replay_notional_fraction"": 0.44999999999999996, ""sizing_mode"": ""notional_fraction_equals_leverage_times_allocation_fraction""}",0,0,validation_mdd_0.1579_above_0.12;locked_oos_return_not_positive;locked_oos_return_per_turnover_proxy_bps_-66.016_not_above_10.000
67,a30fb_voladj_trend_4h_ethusdt_lb6_z1p5_hold12_cool0_none_3p0x_0p15_842ad312,volatility_adjusted_trend_persistence,ETHUSDT,4h,long_short,6,1.5,0.25,12,0,none,False,,,,,3.0,0.15,0.44999999999999996,0.49908394794657496,0.1187907199381677,-0.074728142605619,0.16591279739064924,0.16824304974101223,0.11166745283257917,1.6315252018310724,1.8642802509851366,-3.248024287102678,199,56,27,1391,377,188,4.201371523014217,0.38029322800840726,55.73243416488833,47.139174578637984,-61.50464411985103,False,False,False,False,no_promotion_shadow_or_reject,False,False,False,"{""live_notional_fraction"": 0.44999999999999996, ""parity"": true, ""recorded"": true, ""replay_notional_fraction"": 0.44999999999999996, ""sizing_mode"": ""notional_fraction_equals_leverage_times_allocation_fraction""}",0,0,validation_mdd_0.1682_above_0.12;locked_oos_return_not_positive;locked_oos_return_per_turnover_proxy_bps_-61.505_not_above_10.000
68,a30fb_voladj_trend_4h_ethusdt_lb6_z1p5_hold12_cool0_adx15_3p0x_0p15_5dfd0236,volatility_adjusted_trend_persistence,ETHUSDT,4h,long_short,6,1.5,0.25,12,0,adx15,False,,,,,3.0,0.15,0.44999999999999996,0.4533290102358809,0.1187907199381677,-0.074728142605619,0.165912797390651,0.16824304974101223,0.11166745283257917,1.5127938289303882,1.8642802509851366,-3.248024287102678,199,56,27,1385,377,188,3.81619886193,0.3345382902977132,50.62300505146632,47.139174578637984,-61.50464411985103,False,False,False,False,no_promotion_shadow_or_reject,False,False,False,"{""live_notional_fraction"": 0.44999999999999996, ""parity"": true, ""recorded"": true, ""replay_notional_fraction"": 0.44999999999999996, ""sizing_mode"": ""notional_fraction_equals_leverage_times_allocation_fraction""}",0,0,validation_mdd_0.1682_above_0.12;locked_oos_return_not_positive;locked_oos_return_per_turnover_proxy_bps_-61.505_not_above_10.000
69,a30fb_donchian_atr_1h_solusdt_lb24_atr0p5_hold12_3p0x_0p1_b69455a3,donchian_atr_volatility_breakout,SOLUSDT,1h,long_short,24,0.5,0.0,12,2,btc_regime_mid_exit,False,,,,,3.0,0.1,0.30000000000000004,0.10960286324365498,0.19146109096608188,-0.048604619620105316,0.18450103924969274,0.027608102526859968,0.057590797443774155,0.6793881386330831,4.704450008098592,-3.800899867378459,290,64,44,3543,904,473,0.5724550230577741,-0.0818582277224269,12.598030257891374,99.71931821150096,-36.821681530382804,False,False,False,False,no_promotion_shadow_or_reject,False,False,False,"{""live_notional_fraction"": 0.30000000000000004, ""parity"": true, ""recorded"": true, ""replay_notional_fraction"": 0.30000000000000004, ""sizing_mode"": ""notional_fraction_equals_leverage_times_allocation_fraction""}",0,0,train_return_below_validation_return;train_validation_return_ratio_0.5725_below_1.00;locked_oos_return_not_positive;locked_oos_return_per_turnover_proxy_bps_-36.822_not_above_10.000
70,a30fb_donchian_atr_1h_solusdt_lb24_atr0p5_hold12_2p0x_0p15_992d7052,donchian_atr_volatility_breakout,SOLUSDT,1h,long_short,24,0.5,0.0,12,2,btc_regime_mid_exit,False,,,,,2.0,0.15,0.3,0.10960286324365431,0.19146109096608188,-0.04860461962010554,0.1845010392496933,0.027608102526859746,0.05759079744377438,0.6793881386330832,4.704450008098592,-3.800899867378459,290,64,44,3543,904,473,0.5724550230577706,-0.08185822772242757,12.5980302578913,99.71931821150099,-36.82168153038299,False,False,False,False,no_promotion_shadow_or_reject,False,False,False,"{""live_notional_fraction"": 0.3, ""parity"": true, ""recorded"": true, ""replay_notional_fraction"": 0.3, ""sizing_mode"": ""notional_fraction_equals_leverage_times_allocation_fraction""}",0,0,train_return_below_validation_return;train_validation_return_ratio_0.5725_below_1.00;locked_oos_return_not_positive;locked_oos_return_per_turnover_proxy_bps_-36.822_not_above_10.000
71,a30fb_voladj_trend_6h_solusdt_lb6_z1p0_hold8_cool0_none_3p0x_0p15_e8c08a4c,volatility_adjusted_trend_persistence,SOLUSDT,6h,long_short,6,1.0,0.25,8,0,none,False,,,,,3.0,0.15,0.44999999999999996,0.20597040379023857,0.11385448732689984,-0.10058281048093476,0.1983529152974315,0.1344488000443369,0.14392527850877923,0.7339555280154925,1.6795713703761113,-4.312607402978534,213,54,31,1053,276,134,1.8090670699597007,0.09211591646333872,21.488826686514198,46.85369848843615,-72.10237310461274,False,False,False,False,no_promotion_shadow_or_reject,False,False,False,"{""live_notional_fraction"": 0.44999999999999996, ""parity"": true, ""recorded"": true, ""replay_notional_fraction"": 0.44999999999999996, ""sizing_mode"": ""notional_fraction_equals_leverage_times_allocation_fraction""}",0,0,validation_mdd_0.1344_above_0.12;locked_oos_return_not_positive;locked_oos_return_per_turnover_proxy_bps_-72.102_not_above_10.000
72,a30fb_voladj_trend_1h_ethusdt_lb6_z1p5_hold8_cool2_low_vol_q70_3p0x_0p1_ae3cff79,volatility_adjusted_trend_persistence,ETHUSDT,1h,long_short,6,1.5,0.25,8,2,low_vol_q70,False,,,,,3.0,0.1,0.30000000000000004,0.11520201936596108,0.10694381219371829,-0.0120865157477692,0.1527267424045462,0.03507068742993691,0.03280581977622177,0.7952360964357419,2.8983433685315942,-0.94230446809184,979,239,123,4313,1053,526,1.077220056054144,0.008258207172242793,3.922438521142699,14.915454978203384,-3.275478522430677,False,False,False,False,no_promotion_shadow_or_reject,False,False,False,"{""live_notional_fraction"": 0.30000000000000004, ""parity"": true, ""recorded"": true, ""replay_notional_fraction"": 0.30000000000000004, ""sizing_mode"": ""notional_fraction_equals_leverage_times_allocation_fraction""}",0,0,locked_oos_return_not_positive;train_return_per_turnover_proxy_bps_3.922_not_above_10.000;locked_oos_return_per_turnover_proxy_bps_-3.275_not_above_10.000
73,a30fb_voladj_trend_1h_ethusdt_lb6_z1p5_hold8_cool2_low_vol_q70_2p0x_0p15_f80a1626,volatility_adjusted_trend_persistence,ETHUSDT,1h,long_short,6,1.5,0.25,8,2,low_vol_q70,False,,,,,2.0,0.15,0.3,0.1152020193659613,0.10694381219371785,-0.0120865157477692,0.15272674240454698,0.03507068742993735,0.03280581977622177,0.7952360964357421,2.8983433685315942,-0.9423044680918398,979,239,123,4313,1053,526,1.0772200560541507,0.008258207172243459,3.9224385211427073,14.915454978203325,-3.2754785224306775,False,False,False,False,no_promotion_shadow_or_reject,False,False,False,"{""live_notional_fraction"": 0.3, ""parity"": true, ""recorded"": true, ""replay_notional_fraction"": 0.3, ""sizing_mode"": ""notional_fraction_equals_leverage_times_allocation_fraction""}",0,0,locked_oos_return_not_positive;train_return_per_turnover_proxy_bps_3.922_not_above_10.000;locked_oos_return_per_turnover_proxy_bps_-3.275_not_above_10.000
74,a30fb_voladj_trend_1h_ethusdt_lb6_z1p5_hold8_cool2_none_3p0x_0p1_f05fbdff,volatility_adjusted_trend_persistence,ETHUSDT,1h,long_short,6,1.5,0.25,8,2,none,False,,,,,3.0,0.1,0.30000000000000004,0.24440690044603897,0.10712405897580823,-0.01396894371202817,0.14362852105994373,0.04377065348134246,0.03936587258200941,1.4161359121657966,2.674165668552854,-1.0906416790602786,963,229,117,4785,1158,578,2.2815313645017246,0.13728284147023073,8.459913480305952,15.593021684979359,-3.979756043312868,False,False,False,False,no_promotion_shadow_or_reject,False,False,False,"{""live_notional_fraction"": 0.30000000000000004, ""parity"": true, ""recorded"": true, ""replay_notional_fraction"": 0.30000000000000004, ""sizing_mode"": ""notional_fraction_equals_leverage_times_allocation_fraction""}",0,0,locked_oos_return_not_positive;train_return_per_turnover_proxy_bps_8.460_not_above_10.000;locked_oos_return_per_turnover_proxy_bps_-3.980_not_above_10.000
75,a30fb_voladj_trend_1h_ethusdt_lb6_z1p5_hold8_cool2_none_2p0x_0p15_d7acaa38,volatility_adjusted_trend_persistence,ETHUSDT,1h,long_short,6,1.5,0.25,8,2,none,False,,,,,2.0,0.15,0.3,0.24440690044603874,0.10712405897580779,-0.01396894371202817,0.14362852105994384,0.04377065348134224,0.03936587258200941,1.4161359121657964,2.6741656685528534,-1.0906416790602784,963,229,117,4785,1158,578,2.2815313645017317,0.13728284147023095,8.459913480305946,15.5930216849793,-3.9797560433128685,False,False,False,False,no_promotion_shadow_or_reject,False,False,False,"{""live_notional_fraction"": 0.3, ""parity"": true, ""recorded"": true, ""replay_notional_fraction"": 0.3, ""sizing_mode"": ""notional_fraction_equals_leverage_times_allocation_fraction""}",0,0,locked_oos_return_not_positive;train_return_per_turnover_proxy_bps_8.460_not_above_10.000;locked_oos_return_per_turnover_proxy_bps_-3.980_not_above_10.000
76,a30fb_voladj_trend_4h_solusdt_lb6_z2p0_hold8_cool0_none_2p0x_0p15_7dbc5991,volatility_adjusted_trend_persistence,SOLUSDT,4h,long_short,6,2.0,0.25,8,0,none,False,,,,,2.0,0.15,0.3,0.1083989779368173,0.08078267045772569,-0.049992426846953486,0.15992624530685084,0.03990205491126397,0.055374075199844275,0.6398526203093051,2.1759186133151154,-3.3514171741010914,218,54,21,1109,293,109,1.3418593037666844,0.027616307479091606,16.574767268626502,49.865845961559074,-79.35305848722776,False,False,False,False,no_promotion_shadow_or_reject,False,False,False,"{""live_notional_fraction"": 0.3, ""parity"": true, ""recorded"": true, ""replay_notional_fraction"": 0.3, ""sizing_mode"": ""notional_fraction_equals_leverage_times_allocation_fraction""}",0,0,locked_oos_return_not_positive;locked_oos_return_per_turnover_proxy_bps_-79.353_not_above_10.000
77,a30fb_voladj_trend_4h_solusdt_lb6_z2p0_hold8_cool0_none_3p0x_0p1_58353233,volatility_adjusted_trend_persistence,SOLUSDT,4h,long_short,6,2.0,0.25,8,0,none,False,,,,,3.0,0.1,0.30000000000000004,0.10839897793681708,0.08078267045772569,-0.049992426846953486,0.15992624530685084,0.03990205491126397,0.055374075199844275,0.6398526203093052,2.1759186133151163,-3.3514171741010914,218,54,21,1109,293,109,1.3418593037666817,0.027616307479091384,16.574767268626463,49.86584596155906,-79.35305848722774,False,False,False,False,no_promotion_shadow_or_reject,False,False,False,"{""live_notional_fraction"": 0.30000000000000004, ""parity"": true, ""recorded"": true, ""replay_notional_fraction"": 0.30000000000000004, ""sizing_mode"": ""notional_fraction_equals_leverage_times_allocation_fraction""}",0,0,locked_oos_return_not_positive;locked_oos_return_per_turnover_proxy_bps_-79.353_not_above_10.000
78,a30fb_voladj_trend_4h_solusdt_lb6_z2p0_hold8_cool0_adx15_2p0x_0p15_35400822,volatility_adjusted_trend_persistence,SOLUSDT,4h,long_short,6,2.0,0.25,8,0,adx15,False,,,,,2.0,0.15,0.3,0.09563144659088052,0.08078267045772569,-0.049992426846953486,0.15746027378685923,0.03990205491126397,0.055374075199844275,0.5798604773770563,2.1759186133151154,-3.3514171741010914,216,54,21,1096,293,109,1.1838114047111792,0.014848776133154828,14.75793928871613,49.865845961559074,-79.35305848722776,False,False,False,False,no_promotion_shadow_or_reject,False,False,False,"{""live_notional_fraction"": 0.3, ""parity"": true, ""recorded"": true, ""replay_notional_fraction"": 0.3, ""sizing_mode"": ""notional_fraction_equals_leverage_times_allocation_fraction""}",0,0,locked_oos_return_not_positive;locked_oos_return_per_turnover_proxy_bps_-79.353_not_above_10.000
79,a30fb_voladj_trend_4h_solusdt_lb6_z2p0_hold8_cool0_adx15_3p0x_0p1_96bbd1e8,volatility_adjusted_trend_persistence,SOLUSDT,4h,long_short,6,2.0,0.25,8,0,adx15,False,,,,,3.0,0.1,0.30000000000000004,0.09563144659087963,0.08078267045772569,-0.049992426846953486,0.15746027378685967,0.03990205491126397,0.055374075199844275,0.5798604773770564,2.1759186133151163,-3.3514171741010914,216,54,21,1096,293,109,1.183811404711168,0.01484877613315394,14.75793928871599,49.86584596155906,-79.35305848722774,False,False,False,False,no_promotion_shadow_or_reject,False,False,False,"{""live_notional_fraction"": 0.30000000000000004, ""parity"": true, ""recorded"": true, ""replay_notional_fraction"": 0.30000000000000004, ""sizing_mode"": ""notional_fraction_equals_leverage_times_allocation_fraction""}",0,0,locked_oos_return_not_positive;locked_oos_return_per_turnover_proxy_bps_-79.353_not_above_10.000
80,a30fb_voladj_trend_4h_ethusdt_lb6_z2p0_hold8_cool2_low_vol_q70_3p0x_0p1_48e467da,volatility_adjusted_trend_persistence,ETHUSDT,4h,long_short,6,2.0,0.25,8,2,low_vol_q70,False,,,,,3.0,0.1,0.30000000000000004,0.10003419825425697,0.0961767361802337,-0.05268428624430688,0.09818223416319449,0.09038339899425041,0.06409149398258707,0.7957020221863745,2.5867126231520516,-3.9025934374565208,178,50,28,791,227,118,1.0401080575950763,0.0038574620740232657,18.732995927763476,64.1178241201558,-62.71938838607959,False,False,False,False,no_promotion_shadow_or_reject,False,False,False,"{""live_notional_fraction"": 0.30000000000000004, ""parity"": true, ""recorded"": true, ""replay_notional_fraction"": 0.30000000000000004, ""sizing_mode"": ""notional_fraction_equals_leverage_times_allocation_fraction""}",0,0,locked_oos_return_not_positive;locked_oos_return_per_turnover_proxy_bps_-62.719_not_above_10.000
81,a30fb_voladj_trend_4h_ethusdt_lb6_z2p0_hold8_cool2_low_vol_q70_2p0x_0p15_3aba1b0f,volatility_adjusted_trend_persistence,ETHUSDT,4h,long_short,6,2.0,0.25,8,2,low_vol_q70,False,,,,,2.0,0.15,0.3,0.10003419825425763,0.09617673618023348,-0.05268428624430688,0.09818223416319449,0.09038339899425052,0.06409149398258707,0.7957020221863744,2.5867126231520516,-3.9025934374565208,178,50,28,791,227,118,1.0401080575950856,0.003857462074024154,18.732995927763604,64.11782412015565,-62.71938838607961,False,False,False,False,no_promotion_shadow_or_reject,False,False,False,"{""live_notional_fraction"": 0.3, ""parity"": true, ""recorded"": true, ""replay_notional_fraction"": 0.3, ""sizing_mode"": ""notional_fraction_equals_leverage_times_allocation_fraction""}",0,0,locked_oos_return_not_positive;locked_oos_return_per_turnover_proxy_bps_-62.719_not_above_10.000
82,a30fb_voladj_trend_4h_bnbusdt_lb24_z1p5_hold12_cool0_adx20_low_vol_q75_3p0x_0p15_122f98fe,volatility_adjusted_trend_persistence,BNBUSDT,4h,long_short,24,1.5,0.25,12,0,adx20_low_vol_q75,False,,,,,3.0,0.15,0.44999999999999996,0.2350909206369498,0.06809682723104693,-0.023689455948140203,0.10206377302976699,0.047942561356834834,0.02573645829270499,1.6453786576197655,2.5095774714038037,-3.0047732895362453,69,20,6,499,164,39,3.4523035829452913,0.16699409340590288,75.71366204088561,75.66314136782992,-87.73872573385262,False,False,False,False,no_promotion_shadow_or_reject,False,False,False,"{""live_notional_fraction"": 0.44999999999999996, ""parity"": true, ""recorded"": true, ""replay_notional_fraction"": 0.44999999999999996, ""sizing_mode"": ""notional_fraction_equals_leverage_times_allocation_fraction""}",0,0,train_trade_event_count_69_below_80;validation_trade_event_count_20_below_30;locked_oos_trade_event_count_6_below_20;locked_oos_return_not_positive;locked_oos_return_per_turnover_proxy_bps_-87.739_not_above_10.000
83,a30fb_voladj_trend_4h_bnbusdt_lb24_z1p5_hold12_cool2_adx20_low_vol_q75_3p0x_0p15_4fe8bbfc,volatility_adjusted_trend_persistence,BNBUSDT,4h,long_short,24,1.5,0.25,12,2,adx20_low_vol_q75,False,,,,,3.0,0.15,0.44999999999999996,0.2350909206369498,0.06809682723104693,-0.023689455948140203,0.10206377302976699,0.047942561356834834,0.02573645829270499,1.6453786576197655,2.5095774714038037,-3.0047732895362453,69,20,6,499,164,39,3.4523035829452913,0.16699409340590288,75.71366204088561,75.66314136782992,-87.73872573385262,False,False,False,False,no_promotion_shadow_or_reject,False,False,False,"{""live_notional_fraction"": 0.44999999999999996, ""parity"": true, ""recorded"": true, ""replay_notional_fraction"": 0.44999999999999996, ""sizing_mode"": ""notional_fraction_equals_leverage_times_allocation_fraction""}",0,0,train_trade_event_count_69_below_80;validation_trade_event_count_20_below_30;locked_oos_trade_event_count_6_below_20;locked_oos_return_not_positive;locked_oos_return_per_turnover_proxy_bps_-87.739_not_above_10.000
84,a30fb_voladj_trend_4h_bnbusdt_lb6_z1p0_hold4_cool2_low_vol_q70_3p0x_0p15_e6291e56,volatility_adjusted_trend_persistence,BNBUSDT,4h,long_short,6,1.0,0.25,4,2,low_vol_q70,False,,,,,3.0,0.15,0.44999999999999996,0.125531604237326,0.09243889943179595,-0.06524526068878123,0.12621845976520585,0.03318180931356085,0.06922612133398443,0.8206540064555605,2.4352111020385125,-4.684425931693849,393,101,48,1006,268,122,1.3579954435734796,0.03309270480553006,7.098196451078656,20.338591734168528,-30.20613920776909,False,False,False,False,no_promotion_shadow_or_reject,False,False,False,"{""live_notional_fraction"": 0.44999999999999996, ""parity"": true, ""recorded"": true, ""replay_notional_fraction"": 0.44999999999999996, ""sizing_mode"": ""notional_fraction_equals_leverage_times_allocation_fraction""}",0,0,locked_oos_return_not_positive;train_return_per_turnover_proxy_bps_7.098_not_above_10.000;locked_oos_return_per_turnover_proxy_bps_-30.206_not_above_10.000
85,a30fb_voladj_trend_4h_bnbusdt_lb6_z1p0_hold12_cool0_low_vol_q70_3p0x_0p15_af03bde6,volatility_adjusted_trend_persistence,BNBUSDT,4h,long_short,6,1.0,0.25,12,0,low_vol_q70,False,,,,,3.0,0.15,0.44999999999999996,0.10329029805572376,0.13690765141468852,-0.05128692779311539,0.1432578405972591,0.06983311594576858,0.053259624730390365,0.5714865163216419,2.9565350273079978,-3.04698043515787,245,58,29,1568,387,192,0.7544523405990001,-0.03361735335896476,9.368734517525967,52.455038856202506,-39.30032781081639,False,False,False,False,no_promotion_shadow_or_reject,False,False,False,"{""live_notional_fraction"": 0.44999999999999996, ""parity"": true, ""recorded"": true, ""replay_notional_fraction"": 0.44999999999999996, ""sizing_mode"": ""notional_fraction_equals_leverage_times_allocation_fraction""}",0,0,train_return_below_validation_return;train_validation_return_ratio_0.7545_below_1.00;locked_oos_return_not_positive;train_return_per_turnover_proxy_bps_9.369_not_above_10.000;locked_oos_return_per_turnover_proxy_bps_-39.300_not_above_10.000
86,a30fb_voladj_trend_4h_ethusdt_lb6_z1p0_hold12_cool2_none_3p0x_0p1_6857fe86,volatility_adjusted_trend_persistence,ETHUSDT,4h,long_short,6,1.0,0.25,12,2,none,False,,,,,3.0,0.1,0.30000000000000004,0.2370544305434319,0.09024317636497647,-0.08831123184222045,0.11358970952309677,0.09930378317235933,0.10606463127480192,1.2177797443161762,2.1081123732377796,-5.469925895010041,231,59,32,1617,400,212,2.6268405002135222,0.14681125417845542,34.20698853440575,50.984845403941506,-91.99086650231295,False,False,False,False,no_promotion_shadow_or_reject,False,False,False,"{""live_notional_fraction"": 0.30000000000000004, ""parity"": true, ""recorded"": true, ""replay_notional_fraction"": 0.30000000000000004, ""sizing_mode"": ""notional_fraction_equals_leverage_times_allocation_fraction""}",0,0,locked_oos_return_not_positive;locked_oos_return_per_turnover_proxy_bps_-91.991_not_above_10.000
87,a30fb_voladj_trend_4h_ethusdt_lb6_z1p0_hold12_cool2_none_2p0x_0p15_f729880e,volatility_adjusted_trend_persistence,ETHUSDT,4h,long_short,6,1.0,0.25,12,2,none,False,,,,,2.0,0.15,0.3,0.23705443054343167,0.09024317636497647,-0.08831123184222045,0.11358970952309688,0.09930378317235933,0.10606463127480192,1.2177797443161762,2.108112373237779,-5.469925895010042,231,59,32,1617,400,212,2.6268405002135196,0.1468112541784552,34.206988534405724,50.98484540394151,-91.99086650231297,False,False,False,False,no_promotion_shadow_or_reject,False,False,False,"{""live_notional_fraction"": 0.3, ""parity"": true, ""recorded"": true, ""replay_notional_fraction"": 0.3, ""sizing_mode"": ""notional_fraction_equals_leverage_times_allocation_fraction""}",0,0,locked_oos_return_not_positive;locked_oos_return_per_turnover_proxy_bps_-91.991_not_above_10.000
88,a30fb_voladj_trend_4h_ethusdt_lb6_z1p0_hold12_cool2_adx15_2p0x_0p15_d5302f52,volatility_adjusted_trend_persistence,ETHUSDT,4h,long_short,6,1.0,0.25,12,2,adx15,False,,,,,2.0,0.15,0.3,0.23474225928887127,0.09024317636497647,-0.08831123184222045,0.10943871041270659,0.09930378317235933,0.10606463127480192,1.209683026061804,2.108112373237779,-5.469925895010042,231,59,32,1611,400,212,2.601218936925353,0.1444990829238948,33.87334188872601,50.98484540394151,-91.99086650231297,False,False,False,False,no_promotion_shadow_or_reject,False,False,False,"{""live_notional_fraction"": 0.3, ""parity"": true, ""recorded"": true, ""replay_notional_fraction"": 0.3, ""sizing_mode"": ""notional_fraction_equals_leverage_times_allocation_fraction""}",0,0,locked_oos_return_not_positive;locked_oos_return_per_turnover_proxy_bps_-91.991_not_above_10.000
89,a30fb_voladj_trend_4h_ethusdt_lb6_z1p0_hold12_cool2_adx15_3p0x_0p1_45b1fe77,volatility_adjusted_trend_persistence,ETHUSDT,4h,long_short,6,1.0,0.25,12,2,adx15,False,,,,,3.0,0.1,0.30000000000000004,0.23474225928887105,0.09024317636497647,-0.08831123184222045,0.10943871041270681,0.09930378317235933,0.10606463127480192,1.209683026061804,2.1081123732377796,-5.469925895010041,231,59,32,1611,400,212,2.601218936925351,0.14449908292389457,33.873341888725975,50.984845403941506,-91.99086650231295,False,False,False,False,no_promotion_shadow_or_reject,False,False,False,"{""live_notional_fraction"": 0.30000000000000004, ""parity"": true, ""recorded"": true, ""replay_notional_fraction"": 0.30000000000000004, ""sizing_mode"": ""notional_fraction_equals_leverage_times_allocation_fraction""}",0,0,locked_oos_return_not_positive;locked_oos_return_per_turnover_proxy_bps_-91.991_not_above_10.000
90,a30fb_voladj_trend_1h_ethusdt_lb6_z2p0_hold8_cool0_adx15_3p0x_0p1_8ef5eb09,volatility_adjusted_trend_persistence,ETHUSDT,1h,long_short,6,2.0,0.25,8,0,adx15,False,,,,,3.0,0.1,0.30000000000000004,0.10958653027520393,0.10028242515661723,-0.03177634454995559,0.13867848959994578,0.04221030311666263,0.042052920725695,0.7923106642417533,2.6879492088423547,-2.787469745829617,749,185,95,3713,919,465,1.0927790198936245,0.009304105118586703,4.877015143533774,18.068905433624725,-11.149594578931785,False,False,False,False,no_promotion_shadow_or_reject,False,False,False,"{""live_notional_fraction"": 0.30000000000000004, ""parity"": true, ""recorded"": true, ""replay_notional_fraction"": 0.30000000000000004, ""sizing_mode"": ""notional_fraction_equals_leverage_times_allocation_fraction""}",0,0,locked_oos_return_not_positive;train_return_per_turnover_proxy_bps_4.877_not_above_10.000;locked_oos_return_per_turnover_proxy_bps_-11.150_not_above_10.000
91,a30fb_voladj_trend_1h_ethusdt_lb6_z2p0_hold8_cool0_adx15_2p0x_0p15_89dc9519,volatility_adjusted_trend_persistence,ETHUSDT,1h,long_short,6,2.0,0.25,8,0,adx15,False,,,,,2.0,0.15,0.3,0.10958653027520371,0.10028242515661723,-0.03177634454995559,0.1386784895999461,0.04221030311666263,0.042052920725695,0.7923106642417536,2.6879492088423547,-2.7874697458296174,749,185,95,3713,919,465,1.0927790198936222,0.009304105118586481,4.877015143533765,18.068905433624725,-11.149594578931787,False,False,False,False,no_promotion_shadow_or_reject,False,False,False,"{""live_notional_fraction"": 0.3, ""parity"": true, ""recorded"": true, ""replay_notional_fraction"": 0.3, ""sizing_mode"": ""notional_fraction_equals_leverage_times_allocation_fraction""}",0,0,locked_oos_return_not_positive;train_return_per_turnover_proxy_bps_4.877_not_above_10.000;locked_oos_return_per_turnover_proxy_bps_-11.150_not_above_10.000
92,a30fb_voladj_trend_4h_ethusdt_lb6_z1p5_hold8_cool2_low_vol_q70_3p0x_0p15_2700a3b6,volatility_adjusted_trend_persistence,ETHUSDT,4h,long_short,6,1.5,0.25,8,2,low_vol_q70,False,,,,,3.0,0.15,0.44999999999999996,0.13173975634999446,0.11349296385461671,-0.06698036901343374,0.12497687135811675,0.1353272604229765,0.10070451733113517,0.6493312085465839,1.998891100722954,-3.3410145670840037,240,67,30,1048,306,137,1.1607746584074736,0.01824679249537775,12.198125587962453,37.64277408113324,-49.61508815809907,False,False,False,False,no_promotion_shadow_or_reject,False,False,False,"{""live_notional_fraction"": 0.44999999999999996, ""parity"": true, ""recorded"": true, ""replay_notional_fraction"": 0.44999999999999996, ""sizing_mode"": ""notional_fraction_equals_leverage_times_allocation_fraction""}",0,0,validation_mdd_0.1353_above_0.12;locked_oos_return_not_positive;locked_oos_return_per_turnover_proxy_bps_-49.615_not_above_10.000
93,a30fb_voladj_trend_4h_bnbusdt_lb6_z1p0_hold4_cool0_adx20_low_vol_q75_2p0x_0p15_6180d564,volatility_adjusted_trend_persistence,BNBUSDT,4h,long_short,6,1.0,0.25,4,0,adx20_low_vol_q75,False,,,,,2.0,0.15,0.3,0.08797963895209482,0.08241047377359223,-0.05102819859469809,0.10433335171408598,0.02222821403321451,0.05386931621756241,0.8164215235171207,3.1209950389677026,-5.600520198216873,419,104,50,1091,279,124,1.067578366237802,0.005569165178502589,6.9991757320680055,26.413613388971868,-34.01879906313206,False,False,False,False,no_promotion_shadow_or_reject,False,False,False,"{""live_notional_fraction"": 0.3, ""parity"": true, ""recorded"": true, ""replay_notional_fraction"": 0.3, ""sizing_mode"": ""notional_fraction_equals_leverage_times_allocation_fraction""}",0,0,locked_oos_return_not_positive;train_return_per_turnover_proxy_bps_6.999_not_above_10.000;locked_oos_return_per_turnover_proxy_bps_-34.019_not_above_10.000
94,a30fb_voladj_trend_4h_bnbusdt_lb6_z1p0_hold4_cool0_adx20_low_vol_q75_3p0x_0p1_02a4b63b,volatility_adjusted_trend_persistence,BNBUSDT,4h,long_short,6,1.0,0.25,4,0,adx20_low_vol_q75,False,,,,,3.0,0.1,0.30000000000000004,0.08797963895209482,0.08241047377359223,-0.05102819859469809,0.10433335171408598,0.02222821403321451,0.05386931621756241,0.8164215235171207,3.120995038967703,-5.600520198216874,419,104,50,1091,279,124,1.067578366237802,0.005569165178502589,6.999175732068004,26.413613388971868,-34.01879906313206,False,False,False,False,no_promotion_shadow_or_reject,False,False,False,"{""live_notional_fraction"": 0.30000000000000004, ""parity"": true, ""recorded"": true, ""replay_notional_fraction"": 0.30000000000000004, ""sizing_mode"": ""notional_fraction_equals_leverage_times_allocation_fraction""}",0,0,locked_oos_return_not_positive;train_return_per_turnover_proxy_bps_6.999_not_above_10.000;locked_oos_return_per_turnover_proxy_bps_-34.019_not_above_10.000
95,a30fb_voladj_trend_4h_ethusdt_lb6_z1p0_hold12_cool2_low_vol_q70_3p0x_0p15_db57ab8c,volatility_adjusted_trend_persistence,ETHUSDT,4h,long_short,6,1.0,0.25,12,2,low_vol_q70,False,,,,,3.0,0.15,0.44999999999999996,0.7143869435299985,0.10764400284458131,-0.09361255121494005,0.11275835568447667,0.16236467970515178,0.11441061366065097,2.123820093426285,1.7981840174474832,-3.97810090463215,233,60,32,1491,382,217,6.636569847383375,0.6067429406854172,68.13418631664268,39.86814920169679,-65.00871612148615,False,False,False,False,no_promotion_shadow_or_reject,False,False,False,"{""live_notional_fraction"": 0.44999999999999996, ""parity"": true, ""recorded"": true, ""replay_notional_fraction"": 0.44999999999999996, ""sizing_mode"": ""notional_fraction_equals_leverage_times_allocation_fraction""}",0,0,validation_mdd_0.1624_above_0.12;locked_oos_return_not_positive;locked_oos_return_per_turnover_proxy_bps_-65.009_not_above_10.000
96,a30fb_voladj_trend_4h_bnbusdt_lb6_z1p0_hold4_cool2_adx20_low_vol_q75_2p0x_0p15_2f116699,volatility_adjusted_trend_persistence,BNBUSDT,4h,long_short,6,1.0,0.25,4,2,adx20_low_vol_q75,False,,,,,2.0,0.15,0.3,0.12219657735830403,0.08019591965771089,-0.054510430096526674,0.06703524330924882,0.022228214033215177,0.05734112229971888,1.1437870549651896,3.0549374757666055,-6.055922661548954,389,104,48,1013,268,118,1.5237256194561857,0.042000657700593136,10.471000630531623,25.703820403112463,-37.854465344810194,False,False,False,False,no_promotion_shadow_or_reject,False,False,False,"{""live_notional_fraction"": 0.3, ""parity"": true, ""recorded"": true, ""replay_notional_fraction"": 0.3, ""sizing_mode"": ""notional_fraction_equals_leverage_times_allocation_fraction""}",0,0,locked_oos_return_not_positive;locked_oos_return_per_turnover_proxy_bps_-37.854_not_above_10.000
97,a30fb_voladj_trend_4h_bnbusdt_lb6_z1p0_hold4_cool2_adx20_low_vol_q75_3p0x_0p1_48c5912d,volatility_adjusted_trend_persistence,BNBUSDT,4h,long_short,6,1.0,0.25,4,2,adx20_low_vol_q75,False,,,,,3.0,0.1,0.30000000000000004,0.1221965773583038,0.08019591965771089,-0.054510430096526674,0.06703524330924893,0.022228214033215177,0.05734112229971888,1.1437870549651898,3.0549374757666055,-6.055922661548954,389,104,48,1013,268,118,1.523725619456183,0.042000657700592914,10.471000630531602,25.70382040311246,-37.85446534481018,False,False,False,False,no_promotion_shadow_or_reject,False,False,False,"{""live_notional_fraction"": 0.30000000000000004, ""parity"": true, ""recorded"": true, ""replay_notional_fraction"": 0.30000000000000004, ""sizing_mode"": ""notional_fraction_equals_leverage_times_allocation_fraction""}",0,0,locked_oos_return_not_positive;locked_oos_return_per_turnover_proxy_bps_-37.854_not_above_10.000
98,a30fb_voladj_trend_1h_ethusdt_lb6_z1p5_hold8_cool0_adx15_3p0x_0p15_a93faa8a,volatility_adjusted_trend_persistence,ETHUSDT,1h,long_short,6,1.5,0.25,8,0,adx15,False,,,,,3.0,0.15,0.44999999999999996,0.38166426335196135,0.11692604124374384,-0.06444436760621974,0.2249614217164403,0.083508427459688,0.0968828518283017,1.440743335763824,1.987140538281925,-3.465897152354203,995,237,123,4942,1192,595,3.2641510761178054,0.2647382221082175,8.524048316068372,10.963529418072559,-11.64306551151215,False,False,False,False,no_promotion_shadow_or_reject,False,False,False,"{""live_notional_fraction"": 0.44999999999999996, ""parity"": true, ""recorded"": true, ""replay_notional_fraction"": 0.44999999999999996, ""sizing_mode"": ""notional_fraction_equals_leverage_times_allocation_fraction""}",0,0,locked_oos_return_not_positive;train_return_per_turnover_proxy_bps_8.524_not_above_10.000;locked_oos_return_per_turnover_proxy_bps_-11.643_not_above_10.000
99,a30fb_voladj_trend_6h_solusdt_lb24_z1p0_hold8_cool2_none_3p0x_0p1_cb50b126,volatility_adjusted_trend_persistence,SOLUSDT,6h,long_short,24,1.0,0.25,8,2,none,False,,,,,3.0,0.1,0.30000000000000004,0.09666895110834939,0.07520738719012332,-0.0185640705147454,0.18116623560749123,0.07884452537932429,0.058968853634873364,0.5485881878413206,1.837010772782891,-1.2269305093469538,82,17,15,829,187,107,1.2853651046800962,0.021461563918226068,39.29632158875991,147.46546507867316,-41.25349003276755,False,False,False,False,no_promotion_shadow_or_reject,False,False,False,"{""live_notional_fraction"": 0.30000000000000004, ""parity"": true, ""recorded"": true, ""replay_notional_fraction"": 0.30000000000000004, ""sizing_mode"": ""notional_fraction_equals_leverage_times_allocation_fraction""}",0,0,validation_trade_event_count_17_below_30;locked_oos_trade_event_count_15_below_20;locked_oos_return_not_positive;locked_oos_return_per_turnover_proxy_bps_-41.253_not_above_10.000
100,a30fb_voladj_trend_6h_solusdt_lb24_z1p0_hold8_cool2_none_2p0x_0p15_b21de25b,volatility_adjusted_trend_persistence,SOLUSDT,6h,long_short,24,1.0,0.25,8,2,none,False,,,,,2.0,0.15,0.3,0.09666895110834894,0.07520738719012332,-0.01856407051474529,0.18116623560749168,0.07884452537932429,0.05896885363487325,0.5485881878413205,1.837010772782891,-1.2269305093469542,82,17,15,829,187,107,1.2853651046800902,0.021461563918225623,39.29632158875974,147.4654650786732,-41.25349003276731,False,False,False,False,no_promotion_shadow_or_reject,False,False,False,"{""live_notional_fraction"": 0.3, ""parity"": true, ""recorded"": true, ""replay_notional_fraction"": 0.3, ""sizing_mode"": ""notional_fraction_equals_leverage_times_allocation_fraction""}",0,0,validation_trade_event_count_17_below_30;locked_oos_trade_event_count_15_below_20;locked_oos_return_not_positive;locked_oos_return_per_turnover_proxy_bps_-41.253_not_above_10.000
101,a30fb_donchian_atr_1h_ethusdt_lb12_atr0p5_hold12_3p0x_0p15_84c6e77f,donchian_atr_volatility_breakout,ETHUSDT,1h,long_short,12,0.5,0.0,12,2,btc_regime_mid_exit,False,,,,,3.0,0.15,0.44999999999999996,0.10726319058434552,0.10081083439906413,-0.03674799799600925,0.20977916029040322,0.06495538950848556,0.07257881298297764,0.5549343628138408,2.0212423487487765,-2.04707678971907,470,110,60,3664,883,440,1.0640045906151263,0.006452356185281394,5.071545654106172,20.36582513112407,-13.610369628151577,False,False,False,False,no_promotion_shadow_or_reject,False,False,False,"{""live_notional_fraction"": 0.44999999999999996, ""parity"": true, ""recorded"": true, ""replay_notional_fraction"": 0.44999999999999996, ""sizing_mode"": ""notional_fraction_equals_leverage_times_allocation_fraction""}",0,0,locked_oos_return_not_positive;train_return_per_turnover_proxy_bps_5.072_not_above_10.000;locked_oos_return_per_turnover_proxy_bps_-13.610_not_above_10.000
102,a30fb_voladj_trend_6h_solusdt_lb24_z1p0_hold8_cool0_none_2p0x_0p15_848f99be,volatility_adjusted_trend_persistence,SOLUSDT,6h,long_short,24,1.0,0.25,8,0,none,False,,,,,2.0,0.15,0.3,0.09413858449066592,0.07520738719012332,-0.01334975823511697,0.18116623560749268,0.07884452537932429,0.053969209628995096,0.537044133339136,1.837010772782891,-0.8624952328066116,82,17,15,831,187,109,1.2517199175219953,0.0189311973005426,38.26771727262843,147.4654650786732,-29.666129411371045,False,False,False,False,no_promotion_shadow_or_reject,False,False,False,"{""live_notional_fraction"": 0.3, ""parity"": true, ""recorded"": true, ""replay_notional_fraction"": 0.3, ""sizing_mode"": ""notional_fraction_equals_leverage_times_allocation_fraction""}",0,0,validation_trade_event_count_17_below_30;locked_oos_trade_event_count_15_below_20;locked_oos_return_not_positive;locked_oos_return_per_turnover_proxy_bps_-29.666_not_above_10.000
103,a30fb_voladj_trend_6h_solusdt_lb24_z1p0_hold8_cool0_none_3p0x_0p1_299ca2e9,volatility_adjusted_trend_persistence,SOLUSDT,6h,long_short,24,1.0,0.25,8,0,none,False,,,,,3.0,0.1,0.30000000000000004,0.09413858449066592,0.07520738719012332,-0.01334975823511697,0.18116623560749212,0.07884452537932429,0.05396920962899521,0.5370441333391361,1.837010772782891,-0.8624952328066116,82,17,15,831,187,109,1.2517199175219953,0.0189311973005426,38.26771727262842,147.46546507867316,-29.666129411371042,False,False,False,False,no_promotion_shadow_or_reject,False,False,False,"{""live_notional_fraction"": 0.30000000000000004, ""parity"": true, ""recorded"": true, ""replay_notional_fraction"": 0.30000000000000004, ""sizing_mode"": ""notional_fraction_equals_leverage_times_allocation_fraction""}",0,0,validation_trade_event_count_17_below_30;locked_oos_trade_event_count_15_below_20;locked_oos_return_not_positive;locked_oos_return_per_turnover_proxy_bps_-29.666_not_above_10.000
104,a30fb_voladj_trend_1h_ethusdt_lb6_z1p5_hold8_cool2_adx20_low_vol_q75_3p0x_0p15_c2d43d21,volatility_adjusted_trend_persistence,ETHUSDT,1h,long_short,6,1.5,0.25,8,2,adx20_low_vol_q75,False,,,,,3.0,0.15,0.44999999999999996,0.11500378389611754,0.12738927936208366,-0.03378201232840816,0.23700560444538266,0.06849862704582033,0.05329821321783712,0.5916068371453937,2.3396629473963353,-1.8119357258229294,977,243,121,4288,1065,535,0.902774428680436,-0.012385495465966123,2.615803113752247,11.649682611987531,-6.204226322939975,False,False,False,False,no_promotion_shadow_or_reject,False,False,False,"{""live_notional_fraction"": 0.44999999999999996, ""parity"": true, ""recorded"": true, ""replay_notional_fraction"": 0.44999999999999996, ""sizing_mode"": ""notional_fraction_equals_leverage_times_allocation_fraction""}",0,0,train_return_below_validation_return;train_validation_return_ratio_0.9028_below_1.00;locked_oos_return_not_positive;train_return_per_turnover_proxy_bps_2.616_not_above_10.000;locked_oos_return_per_turnover_proxy_bps_-6.204_not_above_10.000
105,a30fb_voladj_trend_6h_solusdt_lb6_z1p5_hold4_cool0_low_vol_q70_3p0x_0p15_aa94ec43,volatility_adjusted_trend_persistence,SOLUSDT,6h,long_short,6,1.5,0.25,4,0,low_vol_q70,False,,,,,3.0,0.15,0.44999999999999996,0.10627991175707363,0.1134917555938173,-0.023335936602405405,0.1585855884122065,0.12733738160000052,0.07422606215251637,0.5748116642612849,2.047670292957424,-1.0146549659038,212,56,33,559,147,79,0.9364549098830175,-0.00721184383674367,11.140451966150277,45.036410949927514,-15.714435422495225,False,False,False,False,no_promotion_shadow_or_reject,False,False,False,"{""live_notional_fraction"": 0.44999999999999996, ""parity"": true, ""recorded"": true, ""replay_notional_fraction"": 0.44999999999999996, ""sizing_mode"": ""notional_fraction_equals_leverage_times_allocation_fraction""}",0,0,train_return_below_validation_return;train_validation_return_ratio_0.9365_below_1.00;validation_mdd_0.1273_above_0.12;locked_oos_return_not_positive;locked_oos_return_per_turnover_proxy_bps_-15.714_not_above_10.000
106,a30fb_voladj_trend_1h_ethusdt_lb6_z2p0_hold8_cool0_adx20_low_vol_q75_3p0x_0p15_021116e3,volatility_adjusted_trend_persistence,ETHUSDT,1h,long_short,6,2.0,0.25,8,0,adx20_low_vol_q75,False,,,,,3.0,0.15,0.44999999999999996,0.10969766551383708,0.12876974970561927,-0.04002655369046182,0.21449398925167418,0.058307010731070696,0.0542419059421293,0.6134405972275098,2.490231908100794,-2.4076885035695,769,201,97,3394,879,445,0.8518900266919606,-0.01907208419178219,3.1699946688003786,14.236567131632869,-9.169886297929398,False,False,False,False,no_promotion_shadow_or_reject,False,False,False,"{""live_notional_fraction"": 0.44999999999999996, ""parity"": true, ""recorded"": true, ""replay_notional_fraction"": 0.44999999999999996, ""sizing_mode"": ""notional_fraction_equals_leverage_times_allocation_fraction""}",0,0,train_return_below_validation_return;train_validation_return_ratio_0.8519_below_1.00;locked_oos_return_not_positive;train_return_per_turnover_proxy_bps_3.170_not_above_10.000;locked_oos_return_per_turnover_proxy_bps_-9.170_not_above_10.000
107,a30fb_voladj_trend_1h_ethusdt_lb6_z1p5_hold8_cool0_adx20_low_vol_q75_3p0x_0p15_3e94abb4,volatility_adjusted_trend_persistence,ETHUSDT,1h,long_short,6,1.5,0.25,8,0,adx20_low_vol_q75,False,,,,,3.0,0.15,0.44999999999999996,0.25140803505163367,0.10901749367407776,-0.05742590971600259,0.21782909214107604,0.06923132750709327,0.07646453819722443,1.0883293889736672,1.9884475946415239,-3.1031788287551225,1009,257,127,4449,1135,560,2.3061256187309835,0.1423905413775559,5.537012114340572,9.426501830875726,-10.048278165529764,False,False,False,False,no_promotion_shadow_or_reject,False,False,False,"{""live_notional_fraction"": 0.44999999999999996, ""parity"": true, ""recorded"": true, ""replay_notional_fraction"": 0.44999999999999996, ""sizing_mode"": ""notional_fraction_equals_leverage_times_allocation_fraction""}",0,0,locked_oos_return_not_positive;train_return_per_turnover_proxy_bps_5.537_not_above_10.000;validation_return_per_turnover_proxy_bps_9.427_not_above_10.000;locked_oos_return_per_turnover_proxy_bps_-10.048_not_above_10.000
108,a30fb_voladj_trend_1h_ethusdt_lb6_z1p5_hold8_cool0_low_vol_q70_2p0x_0p15_90214ae5,volatility_adjusted_trend_persistence,ETHUSDT,1h,long_short,6,1.5,0.25,8,0,low_vol_q70,False,,,,,2.0,0.15,0.3,0.18489467528191028,0.0960807116387028,-0.032960362210365246,0.14452745704894365,0.040454412244186444,0.046419047058064655,1.1828798788970065,2.562493638908798,-2.6119254545518666,1013,253,131,4471,1122,562,1.9243682954512156,0.08881396364320748,6.0840630234258075,12.658855288366642,-8.38686061332449,False,False,False,False,no_promotion_shadow_or_reject,False,False,False,"{""live_notional_fraction"": 0.3, ""parity"": true, ""recorded"": true, ""replay_notional_fraction"": 0.3, ""sizing_mode"": ""notional_fraction_equals_leverage_times_allocation_fraction""}",0,0,locked_oos_return_not_positive;train_return_per_turnover_proxy_bps_6.084_not_above_10.000;locked_oos_return_per_turnover_proxy_bps_-8.387_not_above_10.000
109,a30fb_voladj_trend_1h_ethusdt_lb6_z1p5_hold8_cool0_low_vol_q70_3p0x_0p1_a0ac7664,volatility_adjusted_trend_persistence,ETHUSDT,1h,long_short,6,1.5,0.25,8,0,low_vol_q70,False,,,,,3.0,0.1,0.30000000000000004,0.18489467528191095,0.09608071163870258,-0.032960362210365246,0.1445274570489432,0.040454412244186666,0.046419047058064655,1.1828798788970063,2.5624936389087973,-2.6119254545518666,1013,253,131,4471,1122,562,1.9243682954512271,0.08881396364320837,6.084063023425828,12.65885528836661,-8.38686061332449,False,False,False,False,no_promotion_shadow_or_reject,False,False,False,"{""live_notional_fraction"": 0.30000000000000004, ""parity"": true, ""recorded"": true, ""replay_notional_fraction"": 0.30000000000000004, ""sizing_mode"": ""notional_fraction_equals_leverage_times_allocation_fraction""}",0,0,locked_oos_return_not_positive;train_return_per_turnover_proxy_bps_6.084_not_above_10.000;locked_oos_return_per_turnover_proxy_bps_-8.387_not_above_10.000
110,a30fb_voladj_trend_4h_solusdt_lb6_z2p0_hold8_cool2_adx20_low_vol_q75_3p0x_0p15_129bd93b,volatility_adjusted_trend_persistence,SOLUSDT,4h,long_short,6,2.0,0.25,8,2,adx20_low_vol_q75,False,,,,,3.0,0.15,0.44999999999999996,0.11778891061903685,0.08777706580360678,-0.02954808310693846,0.1933639081470373,0.09151269795566375,0.05065029312948066,0.5624345532946838,1.7477296265310835,-1.2906288277848128,216,48,21,927,237,105,1.341909866098496,0.030011844815430067,12.11820068097087,40.63753046463277,-31.267812811575094,False,False,False,False,no_promotion_shadow_or_reject,False,False,False,"{""live_notional_fraction"": 0.44999999999999996, ""parity"": true, ""recorded"": true, ""replay_notional_fraction"": 0.44999999999999996, ""sizing_mode"": ""notional_fraction_equals_leverage_times_allocation_fraction""}",0,0,locked_oos_return_not_positive;locked_oos_return_per_turnover_proxy_bps_-31.268_not_above_10.000
111,a30fb_voladj_trend_6h_solusdt_lb24_z1p0_hold12_cool0_none_2p0x_0p15_dfd704cd,volatility_adjusted_trend_persistence,SOLUSDT,6h,long_short,24,1.0,0.25,12,0,none,False,,,,,2.0,0.15,0.3,0.1067570052395388,0.06541937059252523,-0.0019235311771190755,0.15213135278427037,0.0713101413450834,0.04301338946388744,0.586294335519797,1.5743842049469643,-0.07288943421205542,76,17,13,885,197,112,1.631886767980259,0.041337634647013566,46.823247912078415,128.2732756716181,-4.932131223382245,False,False,False,False,no_promotion_shadow_or_reject,False,False,False,"{""live_notional_fraction"": 0.3, ""parity"": true, ""recorded"": true, ""replay_notional_fraction"": 0.3, ""sizing_mode"": ""notional_fraction_equals_leverage_times_allocation_fraction""}",0,0,train_trade_event_count_76_below_80;validation_trade_event_count_17_below_30;locked_oos_trade_event_count_13_below_20;locked_oos_return_not_positive;locked_oos_return_per_turnover_proxy_bps_-4.932_not_above_10.000
112,a30fb_voladj_trend_6h_solusdt_lb24_z1p0_hold12_cool0_none_3p0x_0p1_cd19ade5,volatility_adjusted_trend_persistence,SOLUSDT,6h,long_short,24,1.0,0.25,12,0,none,False,,,,,3.0,0.1,0.30000000000000004,0.1067570052395388,0.06541937059252523,-0.0019235311771192976,0.15213135278427004,0.0713101413450834,0.04301338946388755,0.5862943355197969,1.5743842049469643,-0.07288943421205482,76,17,13,885,197,112,1.631886767980259,0.041337634647013566,46.82324791207841,128.27327567161808,-4.932131223382814,False,False,False,False,no_promotion_shadow_or_reject,False,False,False,"{""live_notional_fraction"": 0.30000000000000004, ""parity"": true, ""recorded"": true, ""replay_notional_fraction"": 0.30000000000000004, ""sizing_mode"": ""notional_fraction_equals_leverage_times_allocation_fraction""}",0,0,train_trade_event_count_76_below_80;validation_trade_event_count_17_below_30;locked_oos_trade_event_count_13_below_20;locked_oos_return_not_positive;locked_oos_return_per_turnover_proxy_bps_-4.932_not_above_10.000
113,a30fb_voladj_trend_4h_ethusdt_lb6_z2p0_hold8_cool0_low_vol_q70_3p0x_0p1_d86b158c,volatility_adjusted_trend_persistence,ETHUSDT,4h,long_short,6,2.0,0.25,8,0,low_vol_q70,False,,,,,3.0,0.1,0.30000000000000004,0.1146934234715582,0.0822547903537123,-0.05268428624430688,0.10074851388987893,0.09038339899425052,0.06409149398258707,0.8722190702533557,2.2151416085990148,-3.9025934374565208,184,52,28,813,232,118,1.3943677076842964,0.032438633117845894,20.77779410716634,52.72742971391814,-62.71938838607959,False,False,False,False,no_promotion_shadow_or_reject,False,False,False,"{""live_notional_fraction"": 0.30000000000000004, ""parity"": true, ""recorded"": true, ""replay_notional_fraction"": 0.30000000000000004, ""sizing_mode"": ""notional_fraction_equals_leverage_times_allocation_fraction""}",0,0,locked_oos_return_not_positive;locked_oos_return_per_turnover_proxy_bps_-62.719_not_above_10.000
114,a30fb_voladj_trend_4h_ethusdt_lb6_z2p0_hold8_cool0_low_vol_q70_2p0x_0p15_ebdf67c8,volatility_adjusted_trend_persistence,ETHUSDT,4h,long_short,6,2.0,0.25,8,0,low_vol_q70,False,,,,,2.0,0.15,0.3,0.11469342347155909,0.08225479035371208,-0.05268428624430688,0.10074851388987904,0.09038339899425074,0.06409149398258707,0.8722190702533553,2.2151416085990143,-3.9025934374565208,184,52,28,813,232,118,1.3943677076843108,0.032438633117847004,20.777794107166503,52.727429713918006,-62.71938838607961,False,False,False,False,no_promotion_shadow_or_reject,False,False,False,"{""live_notional_fraction"": 0.3, ""parity"": true, ""recorded"": true, ""replay_notional_fraction"": 0.3, ""sizing_mode"": ""notional_fraction_equals_leverage_times_allocation_fraction""}",0,0,locked_oos_return_not_positive;locked_oos_return_per_turnover_proxy_bps_-62.719_not_above_10.000
115,a30fb_voladj_trend_6h_solusdt_lb24_z1p0_hold12_cool2_none_2p0x_0p15_f2d63357,volatility_adjusted_trend_persistence,SOLUSDT,6h,long_short,24,1.0,0.25,12,2,none,False,,,,,2.0,0.15,0.3,0.1067570052395388,0.06441528914144956,-0.0019235311771190755,0.15213135278427037,0.07131014134508284,0.04301338946388744,0.586294335519797,1.5525275354989412,-0.07288943421205542,76,17,13,885,196,112,1.6573240089803998,0.04234171609808923,46.823247912078415,126.3044885126462,-4.932131223382245,False,False,False,False,no_promotion_shadow_or_reject,False,False,False,"{""live_notional_fraction"": 0.3, ""parity"": true, ""recorded"": true, ""replay_notional_fraction"": 0.3, ""sizing_mode"": ""notional_fraction_equals_leverage_times_allocation_fraction""}",0,0,train_trade_event_count_76_below_80;validation_trade_event_count_17_below_30;locked_oos_trade_event_count_13_below_20;locked_oos_return_not_positive;locked_oos_return_per_turnover_proxy_bps_-4.932_not_above_10.000
116,a30fb_voladj_trend_6h_solusdt_lb24_z1p0_hold12_cool2_none_3p0x_0p1_ad55eda1,volatility_adjusted_trend_persistence,SOLUSDT,6h,long_short,24,1.0,0.25,12,2,none,False,,,,,3.0,0.1,0.30000000000000004,0.1067570052395388,0.06441528914144956,-0.0019235311771192976,0.15213135278427004,0.07131014134508284,0.04301338946388755,0.5862943355197969,1.5525275354989407,-0.07288943421205482,76,17,13,885,196,112,1.6573240089803998,0.04234171609808923,46.82324791207841,126.30448851264617,-4.932131223382814,False,False,False,False,no_promotion_shadow_or_reject,False,False,False,"{""live_notional_fraction"": 0.30000000000000004, ""parity"": true, ""recorded"": true, ""replay_notional_fraction"": 0.30000000000000004, ""sizing_mode"": ""notional_fraction_equals_leverage_times_allocation_fraction""}",0,0,train_trade_event_count_76_below_80;validation_trade_event_count_17_below_30;locked_oos_trade_event_count_13_below_20;locked_oos_return_not_positive;locked_oos_return_per_turnover_proxy_bps_-4.932_not_above_10.000
117,a30fb_voladj_trend_4h_bnbusdt_lb6_z1p0_hold12_cool0_adx20_low_vol_q75_3p0x_0p1_19a10d9c,volatility_adjusted_trend_persistence,BNBUSDT,4h,long_short,6,1.0,0.25,12,0,adx20_low_vol_q75,False,,,,,3.0,0.1,0.30000000000000004,0.17442969936902797,0.06686635337414137,-0.034249066400220074,0.07953148003448196,0.04928750526370862,0.0355894801195491,1.2155195177762512,2.2336711335717356,-3.0469804351578698,241,60,29,1557,391,192,2.608631853946496,0.1075633459948866,24.12582287261797,37.1479740967452,-39.3667429887587,False,False,False,False,no_promotion_shadow_or_reject,False,False,False,"{""live_notional_fraction"": 0.30000000000000004, ""parity"": true, ""recorded"": true, ""replay_notional_fraction"": 0.30000000000000004, ""sizing_mode"": ""notional_fraction_equals_leverage_times_allocation_fraction""}",0,0,locked_oos_return_not_positive;locked_oos_return_per_turnover_proxy_bps_-39.367_not_above_10.000
118,a30fb_voladj_trend_4h_bnbusdt_lb6_z1p0_hold12_cool0_adx20_low_vol_q75_2p0x_0p15_fc01d934,volatility_adjusted_trend_persistence,BNBUSDT,4h,long_short,6,1.0,0.25,12,0,adx20_low_vol_q75,False,,,,,2.0,0.15,0.3,0.17442969936902797,0.06686635337414115,-0.034249066400220074,0.07953148003448196,0.04928750526370862,0.0355894801195491,1.2155195177762503,2.233671133571736,-3.046980435157871,241,60,29,1557,391,192,2.608631853946505,0.10756334599488682,24.125822872617977,37.14797409674508,-39.36674298875871,False,False,False,False,no_promotion_shadow_or_reject,False,False,False,"{""live_notional_fraction"": 0.3, ""parity"": true, ""recorded"": true, ""replay_notional_fraction"": 0.3, ""sizing_mode"": ""notional_fraction_equals_leverage_times_allocation_fraction""}",0,0,locked_oos_return_not_positive;locked_oos_return_per_turnover_proxy_bps_-39.367_not_above_10.000
119,a30fb_voladj_trend_1h_ethusdt_lb6_z1p5_hold8_cool2_adx15_3p0x_0p1_f6ffc64e,volatility_adjusted_trend_persistence,ETHUSDT,1h,long_short,6,1.5,0.25,8,2,adx15,False,,,,,3.0,0.1,0.30000000000000004,0.25094774328661873,0.09176142372048668,-0.02200817660921872,0.1368928423371526,0.04377065348134068,0.0448720029899804,1.4495251025722748,2.3044375131949595,-1.7814341451943518,961,229,117,4776,1158,572,2.734784761524925,0.15918631956613205,8.704396229157776,13.356830235878698,-6.270135786102198,False,False,False,False,no_promotion_shadow_or_reject,False,False,False,"{""live_notional_fraction"": 0.30000000000000004, ""parity"": true, ""recorded"": true, ""replay_notional_fraction"": 0.30000000000000004, ""sizing_mode"": ""notional_fraction_equals_leverage_times_allocation_fraction""}",0,0,locked_oos_return_not_positive;train_return_per_turnover_proxy_bps_8.704_not_above_10.000;locked_oos_return_per_turnover_proxy_bps_-6.270_not_above_10.000
120,a30fb_voladj_trend_1h_ethusdt_lb6_z1p5_hold8_cool2_adx15_2p0x_0p15_03996fe7,volatility_adjusted_trend_persistence,ETHUSDT,1h,long_short,6,1.5,0.25,8,2,adx15,False,,,,,2.0,0.15,0.3,0.25094774328661784,0.09176142372048646,-0.02200817660921872,0.13689284233715315,0.04377065348134057,0.0448720029899804,1.4495251025722746,2.304437513194959,-1.781434145194351,961,229,117,4776,1158,572,2.7347847615249217,0.15918631956613138,8.704396229157746,13.356830235878668,-6.2701357861022,False,False,False,False,no_promotion_shadow_or_reject,False,False,False,"{""live_notional_fraction"": 0.3, ""parity"": true, ""recorded"": true, ""replay_notional_fraction"": 0.3, ""sizing_mode"": ""notional_fraction_equals_leverage_times_allocation_fraction""}",0,0,locked_oos_return_not_positive;train_return_per_turnover_proxy_bps_8.704_not_above_10.000;locked_oos_return_per_turnover_proxy_bps_-6.270_not_above_10.000
121,a30fb_donchian_atr_1h_ethusdt_lb24_atr0p5_hold8_3p0x_0p15_bcf0beb6,donchian_atr_volatility_breakout,ETHUSDT,1h,long_short,24,0.5,0.0,8,2,btc_regime_mid_exit,False,,,,,3.0,0.15,0.44999999999999996,0.0830866986226293,0.08302874025705664,-0.08944505745152986,0.18896751180821836,0.053753874386702316,0.0983087215535765,0.47585705980745474,1.7373595276578448,-5.257526434873902,302,72,44,3181,778,376,1.000698051847989,5.7958365572652326e-05,6.113811524843952,25.626154400326126,-45.174271440166606,False,False,False,False,no_promotion_shadow_or_reject,False,False,False,"{""live_notional_fraction"": 0.44999999999999996, ""parity"": true, ""recorded"": true, ""replay_notional_fraction"": 0.44999999999999996, ""sizing_mode"": ""notional_fraction_equals_leverage_times_allocation_fraction""}",0,0,locked_oos_return_not_positive;train_return_per_turnover_proxy_bps_6.114_not_above_10.000;locked_oos_return_per_turnover_proxy_bps_-45.174_not_above_10.000
122,a30fb_voladj_trend_4h_ethusdt_lb6_z1p5_hold12_cool0_none_2p0x_0p15_5efa6762,volatility_adjusted_trend_persistence,ETHUSDT,4h,long_short,6,1.5,0.25,12,0,none,False,,,,,2.0,0.15,0.3,0.32046455794273787,0.07974317475441928,-0.05001191438095598,0.11169694093917115,0.11482016171273424,0.07554436027666489,1.6315252018310722,1.8642802509851373,-3.2480242871026768,199,56,27,1391,377,188,4.018708296097505,0.2407213831883186,53.67915543429446,47.46617544905909,-61.74310417401973,False,False,False,False,no_promotion_shadow_or_reject,False,False,False,"{""live_notional_fraction"": 0.3, ""parity"": true, ""recorded"": true, ""replay_notional_fraction"": 0.3, ""sizing_mode"": ""notional_fraction_equals_leverage_times_allocation_fraction""}",0,0,locked_oos_return_not_positive;locked_oos_return_per_turnover_proxy_bps_-61.743_not_above_10.000
123,a30fb_voladj_trend_4h_ethusdt_lb6_z1p5_hold12_cool0_none_3p0x_0p1_82e31f4b,volatility_adjusted_trend_persistence,ETHUSDT,4h,long_short,6,1.5,0.25,12,0,none,False,,,,,3.0,0.1,0.30000000000000004,0.32046455794273654,0.07974317475441928,-0.05001191438095598,0.11169694093917149,0.11482016171273424,0.07554436027666489,1.6315252018310724,1.8642802509851368,-3.248024287102677,199,56,27,1391,377,188,4.018708296097488,0.24072138318831726,53.679155434294216,47.46617544905908,-61.74310417401971,False,False,False,False,no_promotion_shadow_or_reject,False,False,False,"{""live_notional_fraction"": 0.30000000000000004, ""parity"": true, ""recorded"": true, ""replay_notional_fraction"": 0.30000000000000004, ""sizing_mode"": ""notional_fraction_equals_leverage_times_allocation_fraction""}",0,0,locked_oos_return_not_positive;locked_oos_return_per_turnover_proxy_bps_-61.743_not_above_10.000
124,a30fb_voladj_trend_4h_ethusdt_lb6_z1p5_hold12_cool0_adx15_2p0x_0p15_04bd0f1f,volatility_adjusted_trend_persistence,ETHUSDT,4h,long_short,6,1.5,0.25,12,0,adx15,False,,,,,2.0,0.15,0.3,0.29352871159708527,0.07974317475441928,-0.05001191438095598,0.11169694093917004,0.11482016171273424,0.07554436027666489,1.512793828930388,1.8642802509851373,-3.2480242871026768,199,56,27,1385,377,188,3.680925828461805,0.213785536842666,49.16728837472115,47.46617544905909,-61.74310417401973,False,False,False,False,no_promotion_shadow_or_reject,False,False,False,"{""live_notional_fraction"": 0.3, ""parity"": true, ""recorded"": true, ""replay_notional_fraction"": 0.3, ""sizing_mode"": ""notional_fraction_equals_leverage_times_allocation_fraction""}",0,0,locked_oos_return_not_positive;locked_oos_return_per_turnover_proxy_bps_-61.743_not_above_10.000
125,a30fb_voladj_trend_4h_ethusdt_lb6_z1p5_hold12_cool0_adx15_3p0x_0p1_83a14ca8,volatility_adjusted_trend_persistence,ETHUSDT,4h,long_short,6,1.5,0.25,12,0,adx15,False,,,,,3.0,0.1,0.30000000000000004,0.29352871159708527,0.07974317475441928,-0.05001191438095598,0.11169694093917015,0.11482016171273424,0.07554436027666489,1.5127938289303882,1.8642802509851368,-3.248024287102677,199,56,27,1385,377,188,3.680925828461805,0.213785536842666,49.16728837472114,47.46617544905908,-61.74310417401971,False,False,False,False,no_promotion_shadow_or_reject,False,False,False,"{""live_notional_fraction"": 0.30000000000000004, ""parity"": true, ""recorded"": true, ""replay_notional_fraction"": 0.30000000000000004, ""sizing_mode"": ""notional_fraction_equals_leverage_times_allocation_fraction""}",0,0,locked_oos_return_not_positive;locked_oos_return_per_turnover_proxy_bps_-61.743_not_above_10.000
126,a30fb_voladj_trend_4h_ethusdt_lb6_z1p5_hold12_cool2_low_vol_q70_2p0x_0p15_5e13d0a4,volatility_adjusted_trend_persistence,ETHUSDT,4h,long_short,6,1.5,0.25,12,2,low_vol_q70,False,,,,,2.0,0.15,0.3,0.30842555646036063,0.07710255008341682,-0.05377332154693548,0.12652674004265507,0.10780451800382906,0.07533996812571708,1.656205140273982,1.9299518310353485,-3.5287902595302114,193,58,27,1258,364,184,4.00019916496506,0.2313230063769438,53.268662601098555,44.31181039276829,-66.3868167246117,False,False,False,False,no_promotion_shadow_or_reject,False,False,False,"{""live_notional_fraction"": 0.3, ""parity"": true, ""recorded"": true, ""replay_notional_fraction"": 0.3, ""sizing_mode"": ""notional_fraction_equals_leverage_times_allocation_fraction""}",0,0,locked_oos_return_not_positive;locked_oos_return_per_turnover_proxy_bps_-66.387_not_above_10.000
127,a30fb_voladj_trend_4h_ethusdt_lb6_z1p5_hold12_cool2_low_vol_q70_3p0x_0p1_3d933831,volatility_adjusted_trend_persistence,ETHUSDT,4h,long_short,6,1.5,0.25,12,2,low_vol_q70,False,,,,,3.0,0.1,0.30000000000000004,0.30842555646035974,0.07710255008341682,-0.05377332154693548,0.12652674004265507,0.10780451800382906,0.07533996812571708,1.656205140273982,1.9299518310353476,-3.5287902595302114,193,58,27,1258,364,184,4.000199164965048,0.23132300637694292,53.2686626010984,44.31181039276828,-66.38681672461169,False,False,False,False,no_promotion_shadow_or_reject,False,False,False,"{""live_notional_fraction"": 0.30000000000000004, ""parity"": true, ""recorded"": true, ""replay_notional_fraction"": 0.30000000000000004, ""sizing_mode"": ""notional_fraction_equals_leverage_times_allocation_fraction""}",0,0,locked_oos_return_not_positive;locked_oos_return_per_turnover_proxy_bps_-66.387_not_above_10.000
128,a30fb_donchian_atr_30m_ethusdt_lb12_atr0p5_hold12_3p0x_0p15_f8654c12,donchian_atr_volatility_breakout,ETHUSDT,30m,long_short,12,0.5,0.0,12,2,btc_regime_mid_exit,False,,,,,3.0,0.15,0.44999999999999996,0.26271920604248145,0.09665692454433739,-0.0060735908529422344,0.1612056472672725,0.05730408269816012,0.04252744704559108,1.1139678360697889,1.8572296078962682,-0.29579889492264805,864,204,104,6804,1639,800,2.718058817627389,0.16606228149814406,6.757181225372466,10.529076747749171,-1.2977758232782552,False,False,False,False,no_promotion_shadow_or_reject,False,False,False,"{""live_notional_fraction"": 0.44999999999999996, ""parity"": true, ""recorded"": true, ""replay_notional_fraction"": 0.44999999999999996, ""sizing_mode"": ""notional_fraction_equals_leverage_times_allocation_fraction""}",0,0,locked_oos_return_not_positive;train_return_per_turnover_proxy_bps_6.757_not_above_10.000;locked_oos_return_per_turnover_proxy_bps_-1.298_not_above_10.000
129,a30fb_voladj_trend_1h_ethusdt_lb6_z1p5_hold8_cool0_none_3p0x_0p1_f054faae,volatility_adjusted_trend_persistence,ETHUSDT,1h,long_short,6,1.5,0.25,8,0,none,False,,,,,3.0,0.1,0.30000000000000004,0.29129368509931397,0.09338287836840986,-0.03295078741005364,0.15985148621961176,0.056192252528958986,0.058291417787748934,1.6247791686182613,2.3546567421775935,-2.6016045119778997,993,237,121,4955,1192,593,3.119347895340251,0.1979108067309041,9.778237163454646,13.134019461098433,-9.077351903596043,False,False,False,False,no_promotion_shadow_or_reject,False,False,False,"{""live_notional_fraction"": 0.30000000000000004, ""parity"": true, ""recorded"": true, ""replay_notional_fraction"": 0.30000000000000004, ""sizing_mode"": ""notional_fraction_equals_leverage_times_allocation_fraction""}",0,0,locked_oos_return_not_positive;train_return_per_turnover_proxy_bps_9.778_not_above_10.000;locked_oos_return_per_turnover_proxy_bps_-9.077_not_above_10.000
130,a30fb_voladj_trend_1h_ethusdt_lb6_z1p5_hold8_cool0_none_2p0x_0p15_82ce2d75,volatility_adjusted_trend_persistence,ETHUSDT,1h,long_short,6,1.5,0.25,8,0,none,False,,,,,2.0,0.15,0.3,0.2912936850993171,0.09338287836840897,-0.03295078741005364,0.15985148621961165,0.056192252528958875,0.058291417787748934,1.6247791686182613,2.3546567421775935,-2.6016045119778997,993,237,121,4955,1192,593,3.119347895340314,0.1979108067309081,9.778237163454754,13.134019461098308,-9.077351903596044,False,False,False,False,no_promotion_shadow_or_reject,False,False,False,"{""live_notional_fraction"": 0.3, ""parity"": true, ""recorded"": true, ""replay_notional_fraction"": 0.3, ""sizing_mode"": ""notional_fraction_equals_leverage_times_allocation_fraction""}",0,0,locked_oos_return_not_positive;train_return_per_turnover_proxy_bps_9.778_not_above_10.000;locked_oos_return_per_turnover_proxy_bps_-9.077_not_above_10.000
131,a30fb_voladj_trend_6h_solusdt_lb6_z1p0_hold8_cool0_none_2p0x_0p15_0da0b677,volatility_adjusted_trend_persistence,SOLUSDT,6h,long_short,6,1.0,0.25,8,0,none,False,,,,,2.0,0.15,0.3,0.1465155308854662,0.07688883843044692,-0.06775536059716214,0.13508515385081277,0.0907748675783775,0.09809441414798303,0.7339555280154928,1.6795713703761121,-4.312607402978533,213,54,31,1053,276,134,1.9055500626141346,0.06962669245501929,22.928878072842913,47.462245944720316,-72.85522644856145,False,False,False,False,no_promotion_shadow_or_reject,False,False,False,"{""live_notional_fraction"": 0.3, ""parity"": true, ""recorded"": true, ""replay_notional_fraction"": 0.3, ""sizing_mode"": ""notional_fraction_equals_leverage_times_allocation_fraction""}",0,0,locked_oos_return_not_positive;locked_oos_return_per_turnover_proxy_bps_-72.855_not_above_10.000
132,a30fb_voladj_trend_6h_solusdt_lb6_z1p0_hold8_cool0_none_3p0x_0p1_22c28058,volatility_adjusted_trend_persistence,SOLUSDT,6h,long_short,6,1.0,0.25,8,0,none,False,,,,,3.0,0.1,0.30000000000000004,0.14651553088546687,0.07688883843044647,-0.06775536059716214,0.13508515385081266,0.09077486757837794,0.09809441414798303,0.7339555280154927,1.679571370376111,-4.312607402978532,213,54,31,1053,276,134,1.9055500626141544,0.0696266924550204,22.92887807284301,47.46224594472003,-72.85522644856144,False,False,False,False,no_promotion_shadow_or_reject,False,False,False,"{""live_notional_fraction"": 0.30000000000000004, ""parity"": true, ""recorded"": true, ""replay_notional_fraction"": 0.30000000000000004, ""sizing_mode"": ""notional_fraction_equals_leverage_times_allocation_fraction""}",0,0,locked_oos_return_not_positive;locked_oos_return_per_turnover_proxy_bps_-72.855_not_above_10.000
133,a30fb_donchian_atr_1h_ethusdt_lb24_atr0p5_hold4_3p0x_0p15_17369b89,donchian_atr_volatility_breakout,ETHUSDT,1h,long_short,24,0.5,0.0,4,2,btc_regime_mid_exit,False,,,,,3.0,0.15,0.44999999999999996,0.08356236738519174,0.09917764739122337,-0.0989859199169848,0.1851550776933858,0.05375387438670198,0.10775670988680053,0.48029120923953933,2.0854378275880245,-5.936814332188886,308,74,46,3130,753,378,0.8425524257050133,-0.015615280006031629,6.02903083587242,29.783077294661673,-47.81928498405063,False,False,False,False,no_promotion_shadow_or_reject,False,False,False,"{""live_notional_fraction"": 0.44999999999999996, ""parity"": true, ""recorded"": true, ""replay_notional_fraction"": 0.44999999999999996, ""sizing_mode"": ""notional_fraction_equals_leverage_times_allocation_fraction""}",0,0,train_return_below_validation_return;train_validation_return_ratio_0.8426_below_1.00;locked_oos_return_not_positive;train_return_per_turnover_proxy_bps_6.029_not_above_10.000;locked_oos_return_per_turnover_proxy_bps_-47.819_not_above_10.000
134,a30fb_voladj_trend_4h_bnbusdt_lb6_z1p0_hold12_cool0_low_vol_q70_2p0x_0p15_a17494a5,volatility_adjusted_trend_persistence,BNBUSDT,4h,long_short,6,1.0,0.25,12,0,low_vol_q70,False,,,,,2.0,0.15,0.3,0.07295767398203878,0.09029051320112336,-0.034249066400220074,0.0965409317620941,0.04681180778405336,0.0355894801195491,0.5714865163216416,2.9565350273079964,-3.046980435157871,245,58,29,1568,387,192,0.8080325539796697,-0.017332839219084573,9.926214147216161,51.8910995408755,-39.36674298875871,False,False,False,False,no_promotion_shadow_or_reject,False,False,False,"{""live_notional_fraction"": 0.3, ""parity"": true, ""recorded"": true, ""replay_notional_fraction"": 0.3, ""sizing_mode"": ""notional_fraction_equals_leverage_times_allocation_fraction""}",0,0,train_return_below_validation_return;train_validation_return_ratio_0.8080_below_1.00;locked_oos_return_not_positive;train_return_per_turnover_proxy_bps_9.926_not_above_10.000;locked_oos_return_per_turnover_proxy_bps_-39.367_not_above_10.000
135,a30fb_voladj_trend_4h_bnbusdt_lb6_z1p0_hold12_cool0_low_vol_q70_3p0x_0p1_25c0a6f9,volatility_adjusted_trend_persistence,BNBUSDT,4h,long_short,6,1.0,0.25,12,0,low_vol_q70,False,,,,,3.0,0.1,0.30000000000000004,0.07295767398203878,0.09029051320112358,-0.034249066400220074,0.09654093176209388,0.04681180778405336,0.0355894801195491,0.5714865163216417,2.9565350273079964,-3.0469804351578698,245,58,29,1568,387,192,0.8080325539796677,-0.017332839219084795,9.92621414721616,51.891099540875615,-39.3667429887587,False,False,False,False,no_promotion_shadow_or_reject,False,False,False,"{""live_notional_fraction"": 0.30000000000000004, ""parity"": true, ""recorded"": true, ""replay_notional_fraction"": 0.30000000000000004, ""sizing_mode"": ""notional_fraction_equals_leverage_times_allocation_fraction""}",0,0,train_return_below_validation_return;train_validation_return_ratio_0.8080_below_1.00;locked_oos_return_not_positive;train_return_per_turnover_proxy_bps_9.926_not_above_10.000;locked_oos_return_per_turnover_proxy_bps_-39.367_not_above_10.000
136,a30fb_voladj_trend_4h_bnbusdt_lb24_z1p5_hold12_cool0_adx20_low_vol_q75_2p0x_0p15_23fe2608,volatility_adjusted_trend_persistence,BNBUSDT,4h,long_short,24,1.5,0.25,12,0,adx20_low_vol_q75,False,,,,,2.0,0.15,0.3,0.15341413442710405,0.04523677830795059,-0.015802495960675733,0.06907501348996126,0.03214179999933142,0.017179291015435916,1.6453786576197655,2.5095774714038037,-3.004773289536246,69,20,6,499,164,39,3.3913585397866575,0.10817735611915347,74.11310841889085,75.39463051325099,-87.7916442259763,False,False,False,False,no_promotion_shadow_or_reject,False,False,False,"{""live_notional_fraction"": 0.3, ""parity"": true, ""recorded"": true, ""replay_notional_fraction"": 0.3, ""sizing_mode"": ""notional_fraction_equals_leverage_times_allocation_fraction""}",0,0,train_trade_event_count_69_below_80;validation_trade_event_count_20_below_30;locked_oos_trade_event_count_6_below_20;locked_oos_return_not_positive;locked_oos_return_per_turnover_proxy_bps_-87.792_not_above_10.000
137,a30fb_voladj_trend_4h_bnbusdt_lb24_z1p5_hold12_cool0_adx20_low_vol_q75_3p0x_0p1_0e17e497,volatility_adjusted_trend_persistence,BNBUSDT,4h,long_short,24,1.5,0.25,12,0,adx20_low_vol_q75,False,,,,,3.0,0.1,0.30000000000000004,0.15341413442710405,0.04523677830795059,-0.015802495960675733,0.06907501348996126,0.03214179999933142,0.017179291015435916,1.6453786576197655,2.509577471403804,-3.0047732895362453,69,20,6,499,164,39,3.3913585397866575,0.10817735611915347,74.11310841889083,75.39463051325097,-87.79164422597628,False,False,False,False,no_promotion_shadow_or_reject,False,False,False,"{""live_notional_fraction"": 0.30000000000000004, ""parity"": true, ""recorded"": true, ""replay_notional_fraction"": 0.30000000000000004, ""sizing_mode"": ""notional_fraction_equals_leverage_times_allocation_fraction""}",0,0,train_trade_event_count_69_below_80;validation_trade_event_count_20_below_30;locked_oos_trade_event_count_6_below_20;locked_oos_return_not_positive;locked_oos_return_per_turnover_proxy_bps_-87.792_not_above_10.000
138,a30fb_voladj_trend_4h_bnbusdt_lb24_z1p5_hold12_cool2_adx20_low_vol_q75_2p0x_0p15_c8d43c17,volatility_adjusted_trend_persistence,BNBUSDT,4h,long_short,24,1.5,0.25,12,2,adx20_low_vol_q75,False,,,,,2.0,0.15,0.3,0.15341413442710405,0.04523677830795059,-0.015802495960675733,0.06907501348996126,0.03214179999933142,0.017179291015435916,1.6453786576197655,2.5095774714038037,-3.004773289536246,69,20,6,499,164,39,3.3913585397866575,0.10817735611915347,74.11310841889085,75.39463051325099,-87.7916442259763,False,False,False,False,no_promotion_shadow_or_reject,False,False,False,"{""live_notional_fraction"": 0.3, ""parity"": true, ""recorded"": true, ""replay_notional_fraction"": 0.3, ""sizing_mode"": ""notional_fraction_equals_leverage_times_allocation_fraction""}",0,0,train_trade_event_count_69_below_80;validation_trade_event_count_20_below_30;locked_oos_trade_event_count_6_below_20;locked_oos_return_not_positive;locked_oos_return_per_turnover_proxy_bps_-87.792_not_above_10.000
139,a30fb_voladj_trend_4h_bnbusdt_lb24_z1p5_hold12_cool2_adx20_low_vol_q75_3p0x_0p1_00f2bdf7,volatility_adjusted_trend_persistence,BNBUSDT,4h,long_short,24,1.5,0.25,12,2,adx20_low_vol_q75,False,,,,,3.0,0.1,0.30000000000000004,0.15341413442710405,0.04523677830795059,-0.015802495960675733,0.06907501348996126,0.03214179999933142,0.017179291015435916,1.6453786576197655,2.509577471403804,-3.0047732895362453,69,20,6,499,164,39,3.3913585397866575,0.10817735611915347,74.11310841889083,75.39463051325097,-87.79164422597628,False,False,False,False,no_promotion_shadow_or_reject,False,False,False,"{""live_notional_fraction"": 0.30000000000000004, ""parity"": true, ""recorded"": true, ""replay_notional_fraction"": 0.30000000000000004, ""sizing_mode"": ""notional_fraction_equals_leverage_times_allocation_fraction""}",0,0,train_trade_event_count_69_below_80;validation_trade_event_count_20_below_30;locked_oos_trade_event_count_6_below_20;locked_oos_return_not_positive;locked_oos_return_per_turnover_proxy_bps_-87.792_not_above_10.000
140,a30fb_voladj_trend_4h_btcusdt_lb12_z1p0_hold4_cool0_low_vol_q70_3p0x_0p1_153c40a1,volatility_adjusted_trend_persistence,BTCUSDT,4h,long_short,12,1.0,0.25,4,0,low_vol_q70,False,,,,,3.0,0.1,0.30000000000000004,0.10833181346778953,0.06749735772701193,-0.018493954539967716,0.03911980821117922,0.039001975250952725,0.030637082363970225,1.350928969027922,2.6445053967798535,-1.7463633559793057,276,74,43,897,239,130,1.604978581619884,0.0408344557407776,13.083552351182309,30.404215192347714,-14.336398868192026,False,False,False,False,no_promotion_shadow_or_reject,False,False,False,"{""live_notional_fraction"": 0.30000000000000004, ""parity"": true, ""recorded"": true, ""replay_notional_fraction"": 0.30000000000000004, ""sizing_mode"": ""notional_fraction_equals_leverage_times_allocation_fraction""}",0,0,locked_oos_return_not_positive;locked_oos_return_per_turnover_proxy_bps_-14.336_not_above_10.000
141,a30fb_voladj_trend_4h_btcusdt_lb12_z1p0_hold4_cool0_low_vol_q70_2p0x_0p15_38f52cb3,volatility_adjusted_trend_persistence,BTCUSDT,4h,long_short,12,1.0,0.25,4,0,low_vol_q70,False,,,,,2.0,0.15,0.3,0.1083318134677893,0.06749735772701171,-0.018493954539967716,0.03911980821117922,0.039001975250952725,0.030637082363970225,1.350928969027922,2.6445053967798526,-1.746363355979306,276,74,43,897,239,130,1.604978581619886,0.0408344557407776,13.083552351182284,30.404215192347618,-14.336398868192028,False,False,False,False,no_promotion_shadow_or_reject,False,False,False,"{""live_notional_fraction"": 0.3, ""parity"": true, ""recorded"": true, ""replay_notional_fraction"": 0.3, ""sizing_mode"": ""notional_fraction_equals_leverage_times_allocation_fraction""}",0,0,locked_oos_return_not_positive;locked_oos_return_per_turnover_proxy_bps_-14.336_not_above_10.000
142,a30fb_voladj_trend_1h_ethusdt_lb6_z2p0_hold8_cool2_none_2p0x_0p15_c566e427,volatility_adjusted_trend_persistence,ETHUSDT,1h,long_short,6,2.0,0.25,8,2,none,False,,,,,2.0,0.15,0.3,0.08978656126628914,0.09956147556020611,-0.017514477634449688,0.15013704487459067,0.04818504833671433,0.03673401872161042,0.6662561864493051,2.6829461429446364,-1.529163266934745,735,185,91,3628,912,449,0.901820315147841,-0.00977491429391697,4.071952891895199,17.93900460544254,-6.415559573058493,False,False,False,False,no_promotion_shadow_or_reject,False,False,False,"{""live_notional_fraction"": 0.3, ""parity"": true, ""recorded"": true, ""replay_notional_fraction"": 0.3, ""sizing_mode"": ""notional_fraction_equals_leverage_times_allocation_fraction""}",0,0,train_return_below_validation_return;train_validation_return_ratio_0.9018_below_1.00;locked_oos_return_not_positive;train_return_per_turnover_proxy_bps_4.072_not_above_10.000;locked_oos_return_per_turnover_proxy_bps_-6.416_not_above_10.000
143,a30fb_voladj_trend_1h_ethusdt_lb6_z2p0_hold8_cool2_none_3p0x_0p1_c4c96821,volatility_adjusted_trend_persistence,ETHUSDT,1h,long_short,6,2.0,0.25,8,2,none,False,,,,,3.0,0.1,0.30000000000000004,0.08978656126628803,0.09956147556020634,-0.017514477634449688,0.150137044874591,0.04818504833671422,0.03673401872161042,0.666256186449305,2.682946142944637,-1.529163266934745,735,185,91,3628,912,449,0.9018203151478278,-0.009774914293918302,4.071952891895148,17.93900460544258,-6.415559573058492,False,False,False,False,no_promotion_shadow_or_reject,False,False,False,"{""live_notional_fraction"": 0.30000000000000004, ""parity"": true, ""recorded"": true, ""replay_notional_fraction"": 0.30000000000000004, ""sizing_mode"": ""notional_fraction_equals_leverage_times_allocation_fraction""}",0,0,train_return_below_validation_return;train_validation_return_ratio_0.9018_below_1.00;locked_oos_return_not_positive;train_return_per_turnover_proxy_bps_4.072_not_above_10.000;locked_oos_return_per_turnover_proxy_bps_-6.416_not_above_10.000
144,a30fb_voladj_trend_4h_btcusdt_lb12_z1p0_hold4_cool2_low_vol_q70_3p0x_0p15_0cd8181d,volatility_adjusted_trend_persistence,BTCUSDT,4h,long_short,12,1.0,0.25,4,2,low_vol_q70,False,,,,,3.0,0.15,0.44999999999999996,0.14377726036955707,0.08405170238551318,-0.028169364021638832,0.05756699514374275,0.07890541776944582,0.046353099893401195,1.2140891354228511,2.260520345858469,-1.7636756065133306,266,70,43,866,226,127,1.7105811814507395,0.05972555798404389,12.01146703170903,26.68308012238514,-14.557810863896037,False,False,False,False,no_promotion_shadow_or_reject,False,False,False,"{""live_notional_fraction"": 0.44999999999999996, ""parity"": true, ""recorded"": true, ""replay_notional_fraction"": 0.44999999999999996, ""sizing_mode"": ""notional_fraction_equals_leverage_times_allocation_fraction""}",0,0,locked_oos_return_not_positive;locked_oos_return_per_turnover_proxy_bps_-14.558_not_above_10.000
145,a30fb_voladj_trend_4h_solusdt_lb6_z2p0_hold8_cool2_none_3p0x_0p15_c722adc0,volatility_adjusted_trend_persistence,SOLUSDT,4h,long_short,6,2.0,0.25,8,2,none,False,,,,,3.0,0.15,0.44999999999999996,0.08121629817178388,0.1067629643850545,-0.07693230859204214,0.25766530100880547,0.0671294923232515,0.08467299182160659,0.4190015545218051,1.9859075100340238,-3.455512058522032,210,50,21,1070,276,109,0.7607160276935244,-0.02554666621327062,8.59431726685544,47.45020639335757,-81.40985036194937,False,False,False,False,no_promotion_shadow_or_reject,False,False,False,"{""live_notional_fraction"": 0.44999999999999996, ""parity"": true, ""recorded"": true, ""replay_notional_fraction"": 0.44999999999999996, ""sizing_mode"": ""notional_fraction_equals_leverage_times_allocation_fraction""}",0,0,train_return_below_validation_return;train_validation_return_ratio_0.7607_below_1.00;locked_oos_return_not_positive;train_return_per_turnover_proxy_bps_8.594_not_above_10.000;locked_oos_return_per_turnover_proxy_bps_-81.410_not_above_10.000
146,a30fb_donchian_atr_30m_ethusdt_lb12_atr0p25_hold12_3p0x_0p15_1aebe5d6,donchian_atr_volatility_breakout,ETHUSDT,30m,long_short,12,0.25,0.0,12,2,btc_regime_mid_exit,False,,,,,3.0,0.15,0.44999999999999996,0.10553599722642892,0.1336897264013308,0.04094226512079757,0.1730181398896622,0.05652993199766998,0.05025531577722564,0.5238776163556851,2.257127040876947,2.1772383279161973,1120,252,134,8713,2019,1047,0.7894099275034373,-0.028153729174901887,2.0939681989370817,11.789217495708186,6.789762043250012,False,False,False,False,no_promotion_shadow_or_reject,False,False,False,"{""live_notional_fraction"": 0.44999999999999996, ""parity"": true, ""recorded"": true, ""replay_notional_fraction"": 0.44999999999999996, ""sizing_mode"": ""notional_fraction_equals_leverage_times_allocation_fraction""}",0,0,train_return_below_validation_return;train_validation_return_ratio_0.7894_below_1.00;train_return_per_turnover_proxy_bps_2.094_not_above_10.000;locked_oos_return_per_turnover_proxy_bps_6.790_not_above_10.000
147,a30fb_voladj_trend_4h_ethusdt_lb6_z1p0_hold12_cool2_low_vol_q70_2p0x_0p15_937e0cf3,volatility_adjusted_trend_persistence,ETHUSDT,4h,long_short,6,1.0,0.25,12,2,low_vol_q70,False,,,,,2.0,0.15,0.3,0.44406849111263913,0.07233120997717957,-0.0629478939059962,0.07640914685782418,0.11081866933618023,0.07735083137043608,2.1238200934262856,1.7981840174474832,-3.9781009046321514,233,60,32,1491,382,217,6.139375951995582,0.37173728113545956,63.52911174715867,40.18400554287754,-65.57072281874605,False,False,False,False,no_promotion_shadow_or_reject,False,False,False,"{""live_notional_fraction"": 0.3, ""parity"": true, ""recorded"": true, ""replay_notional_fraction"": 0.3, ""sizing_mode"": ""notional_fraction_equals_leverage_times_allocation_fraction""}",0,0,locked_oos_return_not_positive;locked_oos_return_per_turnover_proxy_bps_-65.571_not_above_10.000
148,a30fb_voladj_trend_4h_ethusdt_lb6_z1p0_hold12_cool2_low_vol_q70_3p0x_0p1_7b8ff4c5,volatility_adjusted_trend_persistence,ETHUSDT,4h,long_short,6,1.0,0.25,12,2,low_vol_q70,False,,,,,3.0,0.1,0.30000000000000004,0.4440684911126378,0.07233120997717957,-0.0629478939059962,0.07640914685782418,0.11081866933618023,0.07735083137043608,2.1238200934262856,1.7981840174474832,-3.9781009046321514,233,60,32,1491,382,217,6.1393759519955635,0.37173728113545823,63.52911174715848,40.18400554287753,-65.57072281874603,False,False,False,False,no_promotion_shadow_or_reject,False,False,False,"{""live_notional_fraction"": 0.30000000000000004, ""parity"": true, ""recorded"": true, ""replay_notional_fraction"": 0.30000000000000004, ""sizing_mode"": ""notional_fraction_equals_leverage_times_allocation_fraction""}",0,0,locked_oos_return_not_positive;locked_oos_return_per_turnover_proxy_bps_-65.571_not_above_10.000
149,a30fb_voladj_trend_4h_bnbusdt_lb6_z1p0_hold4_cool0_low_vol_q70_3p0x_0p15_9abb4db3,volatility_adjusted_trend_persistence,BNBUSDT,4h,long_short,6,1.0,0.25,4,0,low_vol_q70,False,,,,,3.0,0.15,0.44999999999999996,0.07947787437525045,0.096936096261095,-0.062064689620187075,0.16057609728562616,0.03385802323625042,0.06605909543361876,0.5382950532582008,2.533876592374399,-4.410240708978836,423,103,50,1081,277,127,0.8198996807255239,-0.01745822188584456,4.175354577107983,20.91393662591047,-27.584306497860926,False,False,False,False,no_promotion_shadow_or_reject,False,False,False,"{""live_notional_fraction"": 0.44999999999999996, ""parity"": true, ""recorded"": true, ""replay_notional_fraction"": 0.44999999999999996, ""sizing_mode"": ""notional_fraction_equals_leverage_times_allocation_fraction""}",0,0,train_return_below_validation_return;train_validation_return_ratio_0.8199_below_1.00;locked_oos_return_not_positive;train_return_per_turnover_proxy_bps_4.175_not_above_10.000;locked_oos_return_per_turnover_proxy_bps_-27.584_not_above_10.000
150,a30fb_voladj_trend_6h_solusdt_lb6_z1p5_hold4_cool0_low_vol_q70_2p0x_0p15_6e3fc999,volatility_adjusted_trend_persistence,SOLUSDT,6h,long_short,6,1.5,0.25,4,0,low_vol_q70,False,,,,,2.0,0.15,0.3,0.07521217064403074,0.07576880493783111,-0.015220962783772052,0.10717190594833093,0.08649586379773666,0.0499076505797621,0.5748116642612847,2.0476702929574238,-1.0146549659038004,212,56,33,559,147,79,0.9926535162557059,-0.0005566342938003732,11.825812994344458,45.10047912966137,-15.374709882598031,False,False,False,False,no_promotion_shadow_or_reject,False,False,False,"{""live_notional_fraction"": 0.3, ""parity"": true, ""recorded"": true, ""replay_notional_fraction"": 0.3, ""sizing_mode"": ""notional_fraction_equals_leverage_times_allocation_fraction""}",0,0,train_return_below_validation_return;train_validation_return_ratio_0.9927_below_1.00;locked_oos_return_not_positive;locked_oos_return_per_turnover_proxy_bps_-15.375_not_above_10.000
151,a30fb_voladj_trend_6h_solusdt_lb6_z1p5_hold4_cool0_low_vol_q70_3p0x_0p1_31e2e2cf,volatility_adjusted_trend_persistence,SOLUSDT,6h,long_short,6,1.5,0.25,4,0,low_vol_q70,False,,,,,3.0,0.1,0.30000000000000004,0.07521217064403052,0.07576880493783089,-0.015220962783772052,0.10717190594833115,0.08649586379773677,0.0499076505797621,0.5748116642612847,2.0476702929574238,-1.0146549659038007,212,56,33,559,147,79,0.9926535162557057,-0.0005566342938003732,11.82581299434442,45.10047912966124,-15.37470988259803,False,False,False,False,no_promotion_shadow_or_reject,False,False,False,"{""live_notional_fraction"": 0.30000000000000004, ""parity"": true, ""recorded"": true, ""replay_notional_fraction"": 0.30000000000000004, ""sizing_mode"": ""notional_fraction_equals_leverage_times_allocation_fraction""}",0,0,train_return_below_validation_return;train_validation_return_ratio_0.9927_below_1.00;locked_oos_return_not_positive;locked_oos_return_per_turnover_proxy_bps_-15.375_not_above_10.000
152,a30fb_voladj_trend_4h_solusdt_lb6_z2p0_hold4_cool0_low_vol_q70_3p0x_0p15_c9a6122f,volatility_adjusted_trend_persistence,SOLUSDT,4h,long_short,6,2.0,0.25,4,0,low_vol_q70,False,,,,,3.0,0.15,0.44999999999999996,0.08318580542978227,0.13348603551695049,-0.11048264761566462,0.14749850217919125,0.05329060104083294,0.12979372512704068,0.523215777239268,2.9853562036694576,-6.369016042456611,249,58,28,603,172,66,0.6231798338127966,-0.05030023008716822,7.423989775080972,51.144074910709,-87.6846409648132,False,False,False,False,no_promotion_shadow_or_reject,False,False,False,"{""live_notional_fraction"": 0.44999999999999996, ""parity"": true, ""recorded"": true, ""replay_notional_fraction"": 0.44999999999999996, ""sizing_mode"": ""notional_fraction_equals_leverage_times_allocation_fraction""}",0,0,train_return_below_validation_return;train_validation_return_ratio_0.6232_below_1.00;locked_oos_return_not_positive;train_return_per_turnover_proxy_bps_7.424_not_above_10.000;locked_oos_return_per_turnover_proxy_bps_-87.685_not_above_10.000
153,a30fb_voladj_trend_4h_solusdt_lb6_z2p0_hold8_cool2_none_2p0x_0p15_532714fd,volatility_adjusted_trend_persistence,SOLUSDT,4h,long_short,6,2.0,0.25,8,2,none,False,,,,,2.0,0.15,0.3,0.06254554316240601,0.07137223516052682,-0.051547821766709134,0.17539903386597533,0.04505247634667464,0.0569206590440412,0.4190015545218051,1.9859075100340229,-3.455512058522032,210,50,21,1070,276,109,0.8763287715696692,-0.008826691998120806,9.9278639940327,47.58149010701788,-81.82193931223672,False,False,False,False,no_promotion_shadow_or_reject,False,False,False,"{""live_notional_fraction"": 0.3, ""parity"": true, ""recorded"": true, ""replay_notional_fraction"": 0.3, ""sizing_mode"": ""notional_fraction_equals_leverage_times_allocation_fraction""}",0,0,train_return_below_validation_return;train_validation_return_ratio_0.8763_below_1.00;locked_oos_return_not_positive;train_return_per_turnover_proxy_bps_9.928_not_above_10.000;locked_oos_return_per_turnover_proxy_bps_-81.822_not_above_10.000
154,a30fb_voladj_trend_4h_solusdt_lb6_z2p0_hold8_cool2_none_3p0x_0p1_21eb1f87,volatility_adjusted_trend_persistence,SOLUSDT,4h,long_short,6,2.0,0.25,8,2,none,False,,,,,3.0,0.1,0.30000000000000004,0.06254554316240579,0.07137223516052682,-0.051547821766709134,0.17539903386597555,0.04505247634667464,0.0569206590440412,0.41900155452180493,1.9859075100340229,-3.4555120585220322,210,50,21,1070,276,109,0.876328771569666,-0.008826691998121028,9.927863994032665,47.58149010701787,-81.82193931223672,False,False,False,False,no_promotion_shadow_or_reject,False,False,False,"{""live_notional_fraction"": 0.30000000000000004, ""parity"": true, ""recorded"": true, ""replay_notional_fraction"": 0.30000000000000004, ""sizing_mode"": ""notional_fraction_equals_leverage_times_allocation_fraction""}",0,0,train_return_below_validation_return;train_validation_return_ratio_0.8763_below_1.00;locked_oos_return_not_positive;train_return_per_turnover_proxy_bps_9.928_not_above_10.000;locked_oos_return_per_turnover_proxy_bps_-81.822_not_above_10.000
155,a30fb_donchian_atr_1h_ethusdt_lb48_atr0p25_hold4_3p0x_0p15_11880c93,donchian_atr_volatility_breakout,ETHUSDT,1h,long_short,48,0.25,0.0,4,2,btc_regime_mid_exit,False,,,,,3.0,0.15,0.44999999999999996,0.1706486701120027,0.08154695334531104,-0.1267959056203385,0.19354289660144153,0.10541376125455437,0.1345606451236342,0.7890348533020871,1.5671072101944055,-7.916005929983015,236,52,39,4216,908,492,2.09264311064314,0.08910171676669165,16.068613004896676,34.849125361244035,-72.24837927084816,False,False,False,False,no_promotion_shadow_or_reject,False,False,False,"{""live_notional_fraction"": 0.44999999999999996, ""parity"": true, ""recorded"": true, ""replay_notional_fraction"": 0.44999999999999996, ""sizing_mode"": ""notional_fraction_equals_leverage_times_allocation_fraction""}",0,0,locked_oos_return_not_positive;locked_oos_return_per_turnover_proxy_bps_-72.248_not_above_10.000
156,a30fb_voladj_trend_4h_ethusdt_lb6_z2p0_hold12_cool2_adx20_low_vol_q75_3p0x_0p15_87e6660d,volatility_adjusted_trend_persistence,ETHUSDT,4h,long_short,6,2.0,0.25,12,2,adx20_low_vol_q75,False,,,,,3.0,0.15,0.44999999999999996,0.10573937847328607,0.15117292560905615,-0.07349910626274914,0.1315191007863189,0.13634892539687227,0.09510900637408004,0.5642909818694876,2.611974592860491,-3.3830180886027343,155,40,25,998,250,163,0.6994597613777453,-0.04543354713577008,15.159767523051766,83.98495867169785,-65.33253890022146,False,False,False,False,no_promotion_shadow_or_reject,False,False,False,"{""live_notional_fraction"": 0.44999999999999996, ""parity"": true, ""recorded"": true, ""replay_notional_fraction"": 0.44999999999999996, ""sizing_mode"": ""notional_fraction_equals_leverage_times_allocation_fraction""}",0,0,train_return_below_validation_return;train_validation_return_ratio_0.6995_below_1.00;validation_mdd_0.1363_above_0.12;locked_oos_return_not_positive;locked_oos_return_per_turnover_proxy_bps_-65.333_not_above_10.000
157,a30fb_voladj_trend_1h_ethusdt_lb6_z2p0_hold8_cool2_adx15_2p0x_0p15_afe74031,volatility_adjusted_trend_persistence,ETHUSDT,1h,long_short,6,2.0,0.25,8,2,adx15,False,,,,,2.0,0.15,0.3,0.09835813602516019,0.08233785026790397,-0.017514477634449688,0.1434525581011542,0.04818504833671311,0.03673401872161042,0.7212220965913194,2.233975855453486,-1.529163266934745,733,185,91,3620,912,449,1.1945676952353113,0.016020285757256225,4.472857481817198,14.835648696919634,-6.415559573058493,False,False,False,False,no_promotion_shadow_or_reject,False,False,False,"{""live_notional_fraction"": 0.3, ""parity"": true, ""recorded"": true, ""replay_notional_fraction"": 0.3, ""sizing_mode"": ""notional_fraction_equals_leverage_times_allocation_fraction""}",0,0,locked_oos_return_not_positive;train_return_per_turnover_proxy_bps_4.473_not_above_10.000;locked_oos_return_per_turnover_proxy_bps_-6.416_not_above_10.000
158,a30fb_voladj_trend_1h_ethusdt_lb6_z2p0_hold8_cool2_adx15_3p0x_0p1_0df53d79,volatility_adjusted_trend_persistence,ETHUSDT,1h,long_short,6,2.0,0.25,8,2,adx15,False,,,,,3.0,0.1,0.30000000000000004,0.09835813602515864,0.08233785026790397,-0.017514477634449688,0.14345255810115498,0.04818504833671311,0.03673401872161042,0.7212220965913194,2.233975855453486,-1.529163266934745,733,185,91,3620,912,449,1.1945676952352924,0.01602028575725467,4.472857481817127,14.835648696919632,-6.415559573058492,False,False,False,False,no_promotion_shadow_or_reject,False,False,False,"{""live_notional_fraction"": 0.30000000000000004, ""parity"": true, ""recorded"": true, ""replay_notional_fraction"": 0.30000000000000004, ""sizing_mode"": ""notional_fraction_equals_leverage_times_allocation_fraction""}",0,0,locked_oos_return_not_positive;train_return_per_turnover_proxy_bps_4.473_not_above_10.000;locked_oos_return_per_turnover_proxy_bps_-6.416_not_above_10.000
159,a30fb_voladj_trend_4h_ethusdt_lb6_z1p5_hold8_cool2_low_vol_q70_3p0x_0p1_a4768ace,volatility_adjusted_trend_persistence,ETHUSDT,4h,long_short,6,1.5,0.25,8,2,low_vol_q70,False,,,,,3.0,0.1,0.30000000000000004,0.09246923892638659,0.07587972626132289,-0.04482496931084101,0.0848733961994318,0.09197513763280574,0.0680365304748829,0.6493312085465841,1.9988911007229535,-3.3410145670840037,240,67,30,1048,306,137,1.2186290526132226,0.0165895126650637,12.842949850887022,37.751107592697956,-49.80552145649,False,False,False,False,no_promotion_shadow_or_reject,False,False,False,"{""live_notional_fraction"": 0.30000000000000004, ""parity"": true, ""recorded"": true, ""replay_notional_fraction"": 0.30000000000000004, ""sizing_mode"": ""notional_fraction_equals_leverage_times_allocation_fraction""}",0,0,locked_oos_return_not_positive;locked_oos_return_per_turnover_proxy_bps_-49.806_not_above_10.000
160,a30fb_voladj_trend_4h_ethusdt_lb6_z1p5_hold8_cool2_low_vol_q70_2p0x_0p15_9740d474,volatility_adjusted_trend_persistence,ETHUSDT,4h,long_short,6,1.5,0.25,8,2,low_vol_q70,False,,,,,2.0,0.15,0.3,0.09246923892638659,0.07587972626132267,-0.04482496931084101,0.0848733961994318,0.09197513763280596,0.0680365304748829,0.6493312085465839,1.9988911007229535,-3.3410145670840037,240,67,30,1048,306,137,1.2186290526132262,0.01658951266506392,12.842949850887026,37.75110759269785,-49.80552145649001,False,False,False,False,no_promotion_shadow_or_reject,False,False,False,"{""live_notional_fraction"": 0.3, ""parity"": true, ""recorded"": true, ""replay_notional_fraction"": 0.3, ""sizing_mode"": ""notional_fraction_equals_leverage_times_allocation_fraction""}",0,0,locked_oos_return_not_positive;locked_oos_return_per_turnover_proxy_bps_-49.806_not_above_10.000
161,a30fb_voladj_trend_6h_solusdt_lb24_z1p0_hold4_cool0_low_vol_q70_3p0x_0p15_21be5bc1,volatility_adjusted_trend_persistence,SOLUSDT,6h,long_short,24,1.0,0.25,4,0,low_vol_q70,False,,,,,3.0,0.15,0.44999999999999996,0.2471498526853324,0.059115821555360215,-0.03090435594700225,0.12130210693975596,0.09215839910112589,0.05161663156398699,1.1678931900684257,1.3098720041211214,-2.6751017757804516,88,26,14,482,113,52,4.180773373061963,0.1880340311299722,62.411578960942535,50.526343209709594,-49.05453324920993,False,False,False,False,no_promotion_shadow_or_reject,False,False,False,"{""live_notional_fraction"": 0.44999999999999996, ""parity"": true, ""recorded"": true, ""replay_notional_fraction"": 0.44999999999999996, ""sizing_mode"": ""notional_fraction_equals_leverage_times_allocation_fraction""}",0,0,validation_trade_event_count_26_below_30;locked_oos_trade_event_count_14_below_20;locked_oos_return_not_positive;locked_oos_return_per_turnover_proxy_bps_-49.055_not_above_10.000
162,a30fb_voladj_trend_4h_bnbusdt_lb6_z2p0_hold4_cool0_adx20_low_vol_q75_3p0x_0p15_ce4a8739,volatility_adjusted_trend_persistence,BNBUSDT,4h,long_short,6,2.0,0.25,4,0,adx20_low_vol_q75,False,,,,,3.0,0.15,0.44999999999999996,0.262679738107112,0.05684826600701087,-0.06628237493137501,0.06609691465811851,0.040778245504506594,0.07526131720079365,1.9118382131579876,1.9609119057991773,-5.551872434798836,228,52,36,593,140,91,4.620716805587645,0.2058314721001011,25.602313655663934,24.294130772226872,-40.915046253935195,False,False,False,False,no_promotion_shadow_or_reject,False,False,False,"{""live_notional_fraction"": 0.44999999999999996, ""parity"": true, ""recorded"": true, ""replay_notional_fraction"": 0.44999999999999996, ""sizing_mode"": ""notional_fraction_equals_leverage_times_allocation_fraction""}",0,0,locked_oos_return_not_positive;locked_oos_return_per_turnover_proxy_bps_-40.915_not_above_10.000
163,a30fb_voladj_trend_1h_solusdt_lb6_z1p0_hold8_cool0_none_3p0x_0p15_9f916463,volatility_adjusted_trend_persistence,SOLUSDT,1h,long_short,6,1.0,0.25,8,0,none,False,,,,,3.0,0.15,0.44999999999999996,0.1422381834270965,0.11104615364766923,-0.023285752667010717,0.25250751355995305,0.1096619578641197,0.06500069482216553,0.5725561711634245,1.7016554650826112,-0.9589400616620021,1219,311,164,6161,1518,803,1.2808924825833619,0.031192029779427255,2.5929848405267797,7.9347019398120215,-3.1552510388903414,False,False,False,False,no_promotion_shadow_or_reject,False,False,False,"{""live_notional_fraction"": 0.44999999999999996, ""parity"": true, ""recorded"": true, ""replay_notional_fraction"": 0.44999999999999996, ""sizing_mode"": ""notional_fraction_equals_leverage_times_allocation_fraction""}",0,0,locked_oos_return_not_positive;train_return_per_turnover_proxy_bps_2.593_not_above_10.000;validation_return_per_turnover_proxy_bps_7.935_not_above_10.000;locked_oos_return_per_turnover_proxy_bps_-3.155_not_above_10.000
164,a30fb_voladj_trend_1h_solusdt_lb6_z1p0_hold8_cool0_adx15_3p0x_0p15_227b4d02,volatility_adjusted_trend_persistence,SOLUSDT,1h,long_short,6,1.0,0.25,8,0,adx15,False,,,,,3.0,0.15,0.44999999999999996,0.11898904142134947,0.11104615364766923,-0.029970389890605853,0.2508950072509627,0.1096619578641197,0.06872715752846581,0.5091595097028366,1.7016554650826112,-1.2751975150154782,1215,311,164,6143,1518,803,1.071527806346915,0.00794288777368024,2.176297053888422,7.9347019398120215,-4.061028440461498,False,False,False,False,no_promotion_shadow_or_reject,False,False,False,"{""live_notional_fraction"": 0.44999999999999996, ""parity"": true, ""recorded"": true, ""replay_notional_fraction"": 0.44999999999999996, ""sizing_mode"": ""notional_fraction_equals_leverage_times_allocation_fraction""}",0,0,locked_oos_return_not_positive;train_return_per_turnover_proxy_bps_2.176_not_above_10.000;validation_return_per_turnover_proxy_bps_7.935_not_above_10.000;locked_oos_return_per_turnover_proxy_bps_-4.061_not_above_10.000
165,a30fb_voladj_trend_1h_ethusdt_lb6_z2p0_hold8_cool0_low_vol_q70_3p0x_0p15_2d4959f0,volatility_adjusted_trend_persistence,ETHUSDT,1h,long_short,6,2.0,0.25,8,0,low_vol_q70,False,,,,,3.0,0.15,0.44999999999999996,0.10635810651297906,0.17687575764756036,-0.036793010733988774,0.21077472545179377,0.058307010731069586,0.0515403127932853,0.5984397629850575,3.289246471249152,-2.2145001640298085,769,199,97,3376,876,435,0.6013153409349993,-0.0705176511345813,3.0734895683565693,19.75162006114577,-8.429097533559856,False,False,False,False,no_promotion_shadow_or_reject,False,False,False,"{""live_notional_fraction"": 0.44999999999999996, ""parity"": true, ""recorded"": true, ""replay_notional_fraction"": 0.44999999999999996, ""sizing_mode"": ""notional_fraction_equals_leverage_times_allocation_fraction""}",0,0,train_return_below_validation_return;train_validation_return_ratio_0.6013_below_1.00;locked_oos_return_not_positive;train_return_per_turnover_proxy_bps_3.073_not_above_10.000;locked_oos_return_per_turnover_proxy_bps_-8.429_not_above_10.000
166,a30fb_voladj_trend_4h_bnbusdt_lb6_z1p0_hold4_cool2_low_vol_q70_2p0x_0p15_f149cf4d,volatility_adjusted_trend_persistence,BNBUSDT,4h,long_short,6,1.0,0.25,4,2,low_vol_q70,False,,,,,2.0,0.15,0.3,0.08507221784555252,0.061382971706519296,-0.043813462393210156,0.08529122396020972,0.022203004474989574,0.046533160119976325,0.8206540064555601,2.4352111020385125,-4.684425931693849,393,101,48,1006,268,122,1.3859253711647406,0.023689246139033227,7.215624923286898,20.25840650380175,-30.42601555084039,False,False,False,False,no_promotion_shadow_or_reject,False,False,False,"{""live_notional_fraction"": 0.3, ""parity"": true, ""recorded"": true, ""replay_notional_fraction"": 0.3, ""sizing_mode"": ""notional_fraction_equals_leverage_times_allocation_fraction""}",0,0,locked_oos_return_not_positive;train_return_per_turnover_proxy_bps_7.216_not_above_10.000;locked_oos_return_per_turnover_proxy_bps_-30.426_not_above_10.000
167,a30fb_voladj_trend_4h_bnbusdt_lb6_z1p0_hold4_cool2_low_vol_q70_3p0x_0p1_e4abacc6,volatility_adjusted_trend_persistence,BNBUSDT,4h,long_short,6,1.0,0.25,4,2,low_vol_q70,False,,,,,3.0,0.1,0.30000000000000004,0.0850722178455523,0.061382971706519296,-0.043813462393210156,0.08529122396020972,0.022203004474989574,0.046533160119976325,0.8206540064555605,2.435211102038513,-4.684425931693848,393,101,48,1006,268,122,1.385925371164737,0.023689246139033004,7.215624923286878,20.258406503801748,-30.426015550840383,False,False,False,False,no_promotion_shadow_or_reject,False,False,False,"{""live_notional_fraction"": 0.30000000000000004, ""parity"": true, ""recorded"": true, ""replay_notional_fraction"": 0.30000000000000004, ""sizing_mode"": ""notional_fraction_equals_leverage_times_allocation_fraction""}",0,0,locked_oos_return_not_positive;train_return_per_turnover_proxy_bps_7.216_not_above_10.000;locked_oos_return_per_turnover_proxy_bps_-30.426_not_above_10.000
168,a30fb_voladj_trend_4h_bnbusdt_lb6_z2p0_hold4_cool0_low_vol_q70_3p0x_0p15_67ba47ac,volatility_adjusted_trend_persistence,BNBUSDT,4h,long_short,6,2.0,0.25,4,0,low_vol_q70,False,,,,,3.0,0.15,0.44999999999999996,0.2228547282373814,0.05684826600701087,-0.06628237493137501,0.0670897560705801,0.040778245504506594,0.07526131720079365,1.6680200377303898,1.9609119057991773,-5.551872434798836,220,52,36,569,140,91,3.9201675599023127,0.16600646223037052,22.51057860983651,24.294130772226872,-40.915046253935195,False,False,False,False,no_promotion_shadow_or_reject,False,False,False,"{""live_notional_fraction"": 0.44999999999999996, ""parity"": true, ""recorded"": true, ""replay_notional_fraction"": 0.44999999999999996, ""sizing_mode"": ""notional_fraction_equals_leverage_times_allocation_fraction""}",0,0,locked_oos_return_not_positive;locked_oos_return_per_turnover_proxy_bps_-40.915_not_above_10.000
169,a30fb_voladj_trend_4h_solusdt_lb6_z2p0_hold8_cool2_adx20_low_vol_q75_2p0x_0p15_7afeef87,volatility_adjusted_trend_persistence,SOLUSDT,4h,long_short,6,2.0,0.25,8,2,adx20_low_vol_q75,False,,,,,2.0,0.15,0.3,0.08491236752687881,0.058940317998023906,-0.019393391282326422,0.12921261548500085,0.06177691220171588,0.033993114312348305,0.562434553294684,1.7477296265310829,-1.290628827784813,216,48,21,927,237,105,1.4406499729052304,0.0259720495288549,13.10376042081463,40.93077638751661,-30.783160765597497,False,False,False,False,no_promotion_shadow_or_reject,False,False,False,"{""live_notional_fraction"": 0.3, ""parity"": true, ""recorded"": true, ""replay_notional_fraction"": 0.3, ""sizing_mode"": ""notional_fraction_equals_leverage_times_allocation_fraction""}",0,0,locked_oos_return_not_positive;locked_oos_return_per_turnover_proxy_bps_-30.783_not_above_10.000
170,a30fb_voladj_trend_4h_solusdt_lb6_z2p0_hold8_cool2_adx20_low_vol_q75_3p0x_0p1_f699b33e,volatility_adjusted_trend_persistence,SOLUSDT,4h,long_short,6,2.0,0.25,8,2,adx20_low_vol_q75,False,,,,,3.0,0.1,0.30000000000000004,0.08491236752687725,0.058940317998023906,-0.019393391282326422,0.12921261548500207,0.06177691220171588,0.033993114312348305,0.5624345532946841,1.7477296265310829,-1.290628827784813,216,48,21,927,237,105,1.440649972905204,0.025972049528853347,13.103760420814389,40.930776387516595,-30.783160765597493,False,False,False,False,no_promotion_shadow_or_reject,False,False,False,"{""live_notional_fraction"": 0.30000000000000004, ""parity"": true, ""recorded"": true, ""replay_notional_fraction"": 0.30000000000000004, ""sizing_mode"": ""notional_fraction_equals_leverage_times_allocation_fraction""}",0,0,locked_oos_return_not_positive;locked_oos_return_per_turnover_proxy_bps_-30.783_not_above_10.000
171,a30fb_voladj_trend_4h_bnbusdt_lb6_z2p0_hold4_cool2_adx20_low_vol_q75_3p0x_0p15_afe46298,volatility_adjusted_trend_persistence,BNBUSDT,4h,long_short,6,2.0,0.25,4,2,adx20_low_vol_q75,False,,,,,3.0,0.15,0.44999999999999996,0.24059372080595742,0.0557559552533442,-0.06825340329662632,0.06764616825026903,0.04176965389423193,0.0772133914953198,1.7847884238726588,1.9251461429934724,-5.734127186289062,220,52,36,573,139,90,4.3151214917356615,0.18483776555261322,24.302396041005803,23.82733130484795,-42.13173043001625,False,False,False,False,no_promotion_shadow_or_reject,False,False,False,"{""live_notional_fraction"": 0.44999999999999996, ""parity"": true, ""recorded"": true, ""replay_notional_fraction"": 0.44999999999999996, ""sizing_mode"": ""notional_fraction_equals_leverage_times_allocation_fraction""}",0,0,locked_oos_return_not_positive;locked_oos_return_per_turnover_proxy_bps_-42.132_not_above_10.000
172,a30fb_ma_slope_adx_4h_ethusdt_fast12_slow48_adx15p0_3p0x_0p15_0dc57752,ma_slope_adx_trend_filter,ETHUSDT,4h,long_short,48,15.0,0.0,8,2,btc_regime_ema_cross,False,,,,,3.0,0.15,0.44999999999999996,0.1630222410806894,0.0829818304770511,-0.046224244579455176,0.18310909402835895,0.15739563106822707,0.08764142224388538,0.6371453639312579,1.267770910173612,-1.6468858017198018,111,26,23,2016,506,254,1.964553446742462,0.08004041060363831,32.63708530143932,70.924641433377,-44.66110587386974,False,False,False,False,no_promotion_shadow_or_reject,False,False,False,"{""live_notional_fraction"": 0.44999999999999996, ""parity"": true, ""recorded"": true, ""replay_notional_fraction"": 0.44999999999999996, ""sizing_mode"": ""notional_fraction_equals_leverage_times_allocation_fraction""}",0,0,validation_trade_event_count_26_below_30;validation_mdd_0.1574_above_0.12;locked_oos_return_not_positive;locked_oos_return_per_turnover_proxy_bps_-44.661_not_above_10.000
173,a30fb_voladj_trend_4h_bnbusdt_lb6_z2p0_hold4_cool2_low_vol_q70_3p0x_0p15_9101251b,volatility_adjusted_trend_persistence,BNBUSDT,4h,long_short,6,2.0,0.25,4,2,low_vol_q70,False,,,,,3.0,0.15,0.44999999999999996,0.21908840129543572,0.0557559552533442,-0.06825340329662632,0.06764616825026959,0.04176965389423193,0.0772133914953198,1.6503488201800876,1.9251461429934724,-5.734127186289062,214,52,36,554,139,90,3.9294170515049145,0.16333244604209152,22.750612803264357,23.82733130484795,-42.13173043001625,False,False,False,False,no_promotion_shadow_or_reject,False,False,False,"{""live_notional_fraction"": 0.44999999999999996, ""parity"": true, ""recorded"": true, ""replay_notional_fraction"": 0.44999999999999996, ""sizing_mode"": ""notional_fraction_equals_leverage_times_allocation_fraction""}",0,0,locked_oos_return_not_positive;locked_oos_return_per_turnover_proxy_bps_-42.132_not_above_10.000
174,a30fb_donchian_atr_1h_ethusdt_lb24_atr0p5_hold4_2p0x_0p15_89d76041,donchian_atr_volatility_breakout,ETHUSDT,1h,long_short,24,0.5,0.0,4,2,btc_regime_mid_exit,False,,,,,2.0,0.15,0.3,0.06035755216292693,0.06615849309779498,-0.06688376586546008,0.1259674154357585,0.036112896944289985,0.07298746830987657,0.4802912092395396,2.085437827588024,-5.936814332188885,308,74,46,3130,753,378,0.9123175171735979,-0.0058009409348680485,6.532202615035383,29.801123017024764,-48.46649700395658,False,False,False,False,no_promotion_shadow_or_reject,False,False,False,"{""live_notional_fraction"": 0.3, ""parity"": true, ""recorded"": true, ""replay_notional_fraction"": 0.3, ""sizing_mode"": ""notional_fraction_equals_leverage_times_allocation_fraction""}",0,0,train_return_below_validation_return;train_validation_return_ratio_0.9123_below_1.00;locked_oos_return_not_positive;train_return_per_turnover_proxy_bps_6.532_not_above_10.000;locked_oos_return_per_turnover_proxy_bps_-48.466_not_above_10.000
175,a30fb_donchian_atr_1h_ethusdt_lb24_atr0p5_hold4_3p0x_0p1_498d6f04,donchian_atr_volatility_breakout,ETHUSDT,1h,long_short,24,0.5,0.0,4,2,btc_regime_mid_exit,False,,,,,3.0,0.1,0.30000000000000004,0.06035755216292693,0.06615849309779565,-0.06688376586546008,0.12596741543575884,0.03611289694429021,0.07298746830987657,0.4802912092395393,2.085437827588024,-5.936814332188884,308,74,46,3130,753,378,0.9123175171735888,-0.005800940934868715,6.532202615035382,29.801123017025063,-48.46649700395657,False,False,False,False,no_promotion_shadow_or_reject,False,False,False,"{""live_notional_fraction"": 0.30000000000000004, ""parity"": true, ""recorded"": true, ""replay_notional_fraction"": 0.30000000000000004, ""sizing_mode"": ""notional_fraction_equals_leverage_times_allocation_fraction""}",0,0,train_return_below_validation_return;train_validation_return_ratio_0.9123_below_1.00;locked_oos_return_not_positive;train_return_per_turnover_proxy_bps_6.532_not_above_10.000;locked_oos_return_per_turnover_proxy_bps_-48.466_not_above_10.000
176,a30fb_voladj_trend_4h_solusdt_lb6_z2p0_hold8_cool2_low_vol_q70_3p0x_0p15_bd7b93bc,volatility_adjusted_trend_persistence,SOLUSDT,4h,long_short,6,2.0,0.25,8,2,low_vol_q70,False,,,,,3.0,0.15,0.44999999999999996,0.10787179700346017,0.07291294928962655,-0.02954808310693846,0.19603828979071025,0.0915126979556633,0.05065029312948066,0.5314190475248638,1.5002745211156265,-1.2906288277848128,216,48,21,922,230,105,1.4794600692254163,0.03495884771383362,11.097921502413598,33.755995041493776,-31.267812811575094,False,False,False,False,no_promotion_shadow_or_reject,False,False,False,"{""live_notional_fraction"": 0.44999999999999996, ""parity"": true, ""recorded"": true, ""replay_notional_fraction"": 0.44999999999999996, ""sizing_mode"": ""notional_fraction_equals_leverage_times_allocation_fraction""}",0,0,locked_oos_return_not_positive;locked_oos_return_per_turnover_proxy_bps_-31.268_not_above_10.000
177,a30fb_voladj_trend_1h_ethusdt_lb6_z1p5_hold8_cool2_adx20_low_vol_q75_2p0x_0p15_fe8c8bad,volatility_adjusted_trend_persistence,ETHUSDT,1h,long_short,6,1.5,0.25,8,2,adx20_low_vol_q75,False,,,,,2.0,0.15,0.3,0.08143598812538166,0.08463095149711153,-0.022366413878758373,0.1634442926751345,0.046045707696923066,0.035609067453663434,0.591606837145394,2.339662947396335,-1.8119357258229287,977,243,121,4288,1065,535,0.9622482872375728,-0.0031949633717298642,2.7784369882422952,11.609184018808167,-6.161546523073933,False,False,False,False,no_promotion_shadow_or_reject,False,False,False,"{""live_notional_fraction"": 0.3, ""parity"": true, ""recorded"": true, ""replay_notional_fraction"": 0.3, ""sizing_mode"": ""notional_fraction_equals_leverage_times_allocation_fraction""}",0,0,train_return_below_validation_return;train_validation_return_ratio_0.9622_below_1.00;locked_oos_return_not_positive;train_return_per_turnover_proxy_bps_2.778_not_above_10.000;locked_oos_return_per_turnover_proxy_bps_-6.162_not_above_10.000
178,a30fb_voladj_trend_1h_ethusdt_lb6_z1p5_hold8_cool2_adx20_low_vol_q75_3p0x_0p1_adcfac20,volatility_adjusted_trend_persistence,ETHUSDT,1h,long_short,6,1.5,0.25,8,2,adx20_low_vol_q75,False,,,,,3.0,0.1,0.30000000000000004,0.08143598812538166,0.08463095149711197,-0.022366413878758373,0.16344429267513394,0.04604570769692273,0.035609067453663434,0.591606837145394,2.339662947396335,-1.81193572582293,977,243,121,4288,1065,535,0.9622482872375677,-0.0031949633717303083,2.778436988242295,11.609184018808225,-6.161546523073931,False,False,False,False,no_promotion_shadow_or_reject,False,False,False,"{""live_notional_fraction"": 0.30000000000000004, ""parity"": true, ""recorded"": true, ""replay_notional_fraction"": 0.30000000000000004, ""sizing_mode"": ""notional_fraction_equals_leverage_times_allocation_fraction""}",0,0,train_return_below_validation_return;train_validation_return_ratio_0.9622_below_1.00;locked_oos_return_not_positive;train_return_per_turnover_proxy_bps_2.778_not_above_10.000;locked_oos_return_per_turnover_proxy_bps_-6.162_not_above_10.000
179,a30fb_voladj_trend_2h_bnbusdt_lb6_z1p0_hold12_cool2_adx20_low_vol_q75_3p0x_0p15_0e7a10ad,volatility_adjusted_trend_persistence,BNBUSDT,2h,long_short,6,1.0,0.25,12,2,adx20_low_vol_q75,False,,,,,3.0,0.15,0.44999999999999996,0.11104516309400858,0.0880996232633795,-0.04968698397192994,0.11251597937676416,0.09415359433084536,0.06784767528733826,0.6458886463656279,1.8747342411961043,-3.124062952575802,460,115,64,2963,747,396,1.260449919996047,0.02294553983062908,5.364500632560802,17.024081790025026,-17.252424990253452,False,False,False,False,no_promotion_shadow_or_reject,False,False,False,"{""live_notional_fraction"": 0.44999999999999996, ""parity"": true, ""recorded"": true, ""replay_notional_fraction"": 0.44999999999999996, ""sizing_mode"": ""notional_fraction_equals_leverage_times_allocation_fraction""}",0,0,locked_oos_return_not_positive;train_return_per_turnover_proxy_bps_5.365_not_above_10.000;locked_oos_return_per_turnover_proxy_bps_-17.252_not_above_10.000
180,a30fb_voladj_trend_4h_ethusdt_lb6_z2p0_hold12_cool2_adx20_low_vol_q75_2p0x_0p15_a0098133,volatility_adjusted_trend_persistence,ETHUSDT,4h,long_short,6,2.0,0.25,12,2,adx20_low_vol_q75,False,,,,,2.0,0.15,0.3,0.07506211124354278,0.09997455808137001,-0.049218115472707824,0.08857485129290044,0.09265427374844082,0.06409819455600463,0.5642909818694877,2.611974592860491,-3.3830180886027352,155,40,25,998,250,163,0.7508121334474837,-0.02491244683782723,16.142389514740383,83.31213173447502,-65.62415396361044,False,False,False,False,no_promotion_shadow_or_reject,False,False,False,"{""live_notional_fraction"": 0.3, ""parity"": true, ""recorded"": true, ""replay_notional_fraction"": 0.3, ""sizing_mode"": ""notional_fraction_equals_leverage_times_allocation_fraction""}",0,0,train_return_below_validation_return;train_validation_return_ratio_0.7508_below_1.00;locked_oos_return_not_positive;locked_oos_return_per_turnover_proxy_bps_-65.624_not_above_10.000
181,a30fb_voladj_trend_4h_ethusdt_lb6_z2p0_hold12_cool2_adx20_low_vol_q75_3p0x_0p1_f0543edb,volatility_adjusted_trend_persistence,ETHUSDT,4h,long_short,6,2.0,0.25,12,2,adx20_low_vol_q75,False,,,,,3.0,0.1,0.30000000000000004,0.07506211124354234,0.09997455808137046,-0.049218115472707824,0.08857485129290055,0.09265427374844037,0.06409819455600463,0.5642909818694876,2.611974592860492,-3.3830180886027343,155,40,25,998,250,163,0.7508121334474759,-0.024912446837828117,16.142389514740284,83.31213173447537,-65.62415396361042,False,False,False,False,no_promotion_shadow_or_reject,False,False,False,"{""live_notional_fraction"": 0.30000000000000004, ""parity"": true, ""recorded"": true, ""replay_notional_fraction"": 0.30000000000000004, ""sizing_mode"": ""notional_fraction_equals_leverage_times_allocation_fraction""}",0,0,train_return_below_validation_return;train_validation_return_ratio_0.7508_below_1.00;locked_oos_return_not_positive;locked_oos_return_per_turnover_proxy_bps_-65.624_not_above_10.000
182,a30fb_donchian_atr_1h_ethusdt_lb12_atr0p5_hold12_2p0x_0p15_0ef2659a,donchian_atr_volatility_breakout,ETHUSDT,1h,long_short,12,0.5,0.0,12,2,btc_regime_mid_exit,False,,,,,2.0,0.15,0.3,0.07667121172165348,0.0673319640935155,-0.02438522135539556,0.14428892516720782,0.04343899761479231,0.04890490858393892,0.5549343628138408,2.0212423487487765,-2.047076789719069,470,110,60,3664,883,440,1.1387045180379256,0.009339247628137981,5.43767459018819,20.40362548288348,-13.547345197441977,False,False,False,False,no_promotion_shadow_or_reject,False,False,False,"{""live_notional_fraction"": 0.3, ""parity"": true, ""recorded"": true, ""replay_notional_fraction"": 0.3, ""sizing_mode"": ""notional_fraction_equals_leverage_times_allocation_fraction""}",0,0,locked_oos_return_not_positive;train_return_per_turnover_proxy_bps_5.438_not_above_10.000;locked_oos_return_per_turnover_proxy_bps_-13.547_not_above_10.000
183,a30fb_donchian_atr_1h_ethusdt_lb12_atr0p5_hold12_3p0x_0p1_88593798,donchian_atr_volatility_breakout,ETHUSDT,1h,long_short,12,0.5,0.0,12,2,btc_regime_mid_exit,False,,,,,3.0,0.1,0.30000000000000004,0.07667121172165348,0.0673319640935155,-0.02438522135539567,0.14428892516720782,0.04343899761479242,0.04890490858393903,0.554934362813841,2.0212423487487765,-2.04707678971907,470,110,60,3664,883,440,1.1387045180379256,0.009339247628137981,5.437674590188189,20.403625482883477,-13.547345197442036,False,False,False,False,no_promotion_shadow_or_reject,False,False,False,"{""live_notional_fraction"": 0.30000000000000004, ""parity"": true, ""recorded"": true, ""replay_notional_fraction"": 0.30000000000000004, ""sizing_mode"": ""notional_fraction_equals_leverage_times_allocation_fraction""}",0,0,locked_oos_return_not_positive;train_return_per_turnover_proxy_bps_5.438_not_above_10.000;locked_oos_return_per_turnover_proxy_bps_-13.547_not_above_10.000
184,a30fb_voladj_trend_1h_ethusdt_lb6_z2p0_hold8_cool0_adx20_low_vol_q75_3p0x_0p1_5110761f,volatility_adjusted_trend_persistence,ETHUSDT,1h,long_short,6,2.0,0.25,8,0,adx20_low_vol_q75,False,,,,,3.0,0.1,0.30000000000000004,0.07674741507267235,0.08536030749118284,-0.026634108874533657,0.1475879921379316,0.03918687639343699,0.03632104427202332,0.6134405972275101,2.490231908100794,-2.4076885035695,769,201,97,3394,879,445,0.8990995619433524,-0.008612892418510487,3.3267193356164864,14.155938224076754,-9.15261473351672,False,False,False,False,no_promotion_shadow_or_reject,False,False,False,"{""live_notional_fraction"": 0.30000000000000004, ""parity"": true, ""recorded"": true, ""replay_notional_fraction"": 0.30000000000000004, ""sizing_mode"": ""notional_fraction_equals_leverage_times_allocation_fraction""}",0,0,train_return_below_validation_return;train_validation_return_ratio_0.8991_below_1.00;locked_oos_return_not_positive;train_return_per_turnover_proxy_bps_3.327_not_above_10.000;locked_oos_return_per_turnover_proxy_bps_-9.153_not_above_10.000
185,a30fb_voladj_trend_1h_ethusdt_lb6_z2p0_hold8_cool0_adx20_low_vol_q75_2p0x_0p15_477698df,volatility_adjusted_trend_persistence,ETHUSDT,1h,long_short,6,2.0,0.25,8,0,adx20_low_vol_q75,False,,,,,2.0,0.15,0.3,0.07674741507267191,0.08536030749118217,-0.026634108874533657,0.14758799213793228,0.039186876393436765,0.03632104427202332,0.6134405972275103,2.490231908100794,-2.4076885035695,769,201,97,3394,879,445,0.8990995619433542,-0.008612892418510265,3.326719335616468,14.155938224076646,-9.152614733516721,False,False,False,False,no_promotion_shadow_or_reject,False,False,False,"{""live_notional_fraction"": 0.3, ""parity"": true, ""recorded"": true, ""replay_notional_fraction"": 0.3, ""sizing_mode"": ""notional_fraction_equals_leverage_times_allocation_fraction""}",0,0,train_return_below_validation_return;train_validation_return_ratio_0.8991_below_1.00;locked_oos_return_not_positive;train_return_per_turnover_proxy_bps_3.327_not_above_10.000;locked_oos_return_per_turnover_proxy_bps_-9.153_not_above_10.000
186,a30fb_voladj_trend_4h_solusdt_lb6_z2p0_hold4_cool0_low_vol_q70_2p0x_0p15_c007d578,volatility_adjusted_trend_persistence,SOLUSDT,4h,long_short,6,2.0,0.25,4,0,low_vol_q70,False,,,,,2.0,0.15,0.3,0.0587344757806878,0.08803544866524793,-0.0748098513511104,0.09973085101498591,0.03574295610268441,0.08828707705903316,0.523215777239268,2.9853562036694576,-6.36901604245661,249,58,28,603,172,66,0.6671684721460764,-0.029300972884560128,7.862714294603453,50.595085439797664,-89.05934684655999,False,False,False,False,no_promotion_shadow_or_reject,False,False,False,"{""live_notional_fraction"": 0.3, ""parity"": true, ""recorded"": true, ""replay_notional_fraction"": 0.3, ""sizing_mode"": ""notional_fraction_equals_leverage_times_allocation_fraction""}",0,0,train_return_below_validation_return;train_validation_return_ratio_0.6672_below_1.00;locked_oos_return_not_positive;train_return_per_turnover_proxy_bps_7.863_not_above_10.000;locked_oos_return_per_turnover_proxy_bps_-89.059_not_above_10.000
187,a30fb_voladj_trend_4h_solusdt_lb6_z2p0_hold4_cool0_low_vol_q70_3p0x_0p1_dba78b1d,volatility_adjusted_trend_persistence,SOLUSDT,4h,long_short,6,2.0,0.25,4,0,low_vol_q70,False,,,,,3.0,0.1,0.30000000000000004,0.0587344757806878,0.08803544866524793,-0.0748098513511104,0.09973085101498591,0.03574295610268441,0.08828707705903316,0.5232157772392684,2.9853562036694576,-6.36901604245661,249,58,28,603,172,66,0.6671684721460764,-0.029300972884560128,7.862714294603451,50.59508543979766,-89.05934684655998,False,False,False,False,no_promotion_shadow_or_reject,False,False,False,"{""live_notional_fraction"": 0.30000000000000004, ""parity"": true, ""recorded"": true, ""replay_notional_fraction"": 0.30000000000000004, ""sizing_mode"": ""notional_fraction_equals_leverage_times_allocation_fraction""}",0,0,train_return_below_validation_return;train_validation_return_ratio_0.6672_below_1.00;locked_oos_return_not_positive;train_return_per_turnover_proxy_bps_7.863_not_above_10.000;locked_oos_return_per_turnover_proxy_bps_-89.059_not_above_10.000
188,a30fb_donchian_atr_4h_solusdt_lb24_atr0p5_hold4_3p0x_0p15_c0888aa1,donchian_atr_volatility_breakout,SOLUSDT,4h,long_short,24,0.5,0.0,4,2,btc_regime_mid_exit,False,,,,,3.0,0.15,0.44999999999999996,0.16831850082266087,0.0665269259074952,-0.014215402935083499,0.13680587979767433,0.13273764939491295,0.061982232814273286,0.7364283575120958,1.4424076284006195,-0.8338657019831683,82,14,11,819,166,94,2.5300808436076765,0.10179157491516566,45.614769870639805,105.59829509126224,-28.717985727441413,False,False,False,False,no_promotion_shadow_or_reject,False,False,False,"{""live_notional_fraction"": 0.44999999999999996, ""parity"": true, ""recorded"": true, ""replay_notional_fraction"": 0.44999999999999996, ""sizing_mode"": ""notional_fraction_equals_leverage_times_allocation_fraction""}",0,0,validation_trade_event_count_14_below_30;locked_oos_trade_event_count_11_below_20;validation_mdd_0.1327_above_0.12;locked_oos_return_not_positive;locked_oos_return_per_turnover_proxy_bps_-28.718_not_above_10.000
189,a30fb_voladj_trend_6h_solusdt_lb6_z1p5_hold8_cool2_adx20_low_vol_q75_3p0x_0p15_a70db3e2,volatility_adjusted_trend_persistence,SOLUSDT,6h,long_short,6,1.5,0.25,8,2,adx20_low_vol_q75,False,,,,,3.0,0.15,0.44999999999999996,0.2119379573622835,0.08164711132995706,0.0269858970717769,0.19508220750171612,0.15817604111225492,0.031237051430941243,0.8966955819585525,1.4072847612478063,1.4736319236904245,164,42,23,734,196,95,2.595780229208447,0.13029084603232644,28.717880401393426,43.19952980421009,26.073330504132272,False,True,False,False,no_promotion_shadow_or_reject,False,False,False,"{""live_notional_fraction"": 0.44999999999999996, ""parity"": true, ""recorded"": true, ""replay_notional_fraction"": 0.44999999999999996, ""sizing_mode"": ""notional_fraction_equals_leverage_times_allocation_fraction""}",0,0,validation_mdd_0.1582_above_0.12
190,a30fb_voladj_trend_1h_ethusdt_lb6_z1p5_hold8_cool0_adx15_3p0x_0p1_f31d1951,volatility_adjusted_trend_persistence,ETHUSDT,1h,long_short,6,1.5,0.25,8,0,adx15,False,,,,,3.0,0.1,0.30000000000000004,0.24878305818608348,0.07821091799178626,-0.04314266799935318,0.15464377979712862,0.05619225252895976,0.06551240503270661,1.440743335763824,1.9871405382819267,-3.4658971523542044,995,237,123,4942,1192,595,3.180924921661331,0.17057214019429723,8.334440810254051,11.00012911276881,-11.691779945624166,False,False,False,False,no_promotion_shadow_or_reject,False,False,False,"{""live_notional_fraction"": 0.30000000000000004, ""parity"": true, ""recorded"": true, ""replay_notional_fraction"": 0.30000000000000004, ""sizing_mode"": ""notional_fraction_equals_leverage_times_allocation_fraction""}",0,0,locked_oos_return_not_positive;train_return_per_turnover_proxy_bps_8.334_not_above_10.000;locked_oos_return_per_turnover_proxy_bps_-11.692_not_above_10.000
191,a30fb_voladj_trend_1h_ethusdt_lb6_z1p5_hold8_cool0_adx15_2p0x_0p15_1d6c2703,volatility_adjusted_trend_persistence,ETHUSDT,1h,long_short,6,1.5,0.25,8,0,adx15,False,,,,,2.0,0.15,0.3,0.2487830581860837,0.07821091799178603,-0.04314266799935318,0.15464377979712918,0.05619225252895954,0.06551240503270661,1.4407433357638235,1.987140538281926,-3.465897152354203,995,237,123,4942,1192,595,3.180924921661343,0.17057214019429767,8.33444081025406,11.00012911276878,-11.69177994562417,False,False,False,False,no_promotion_shadow_or_reject,False,False,False,"{""live_notional_fraction"": 0.3, ""parity"": true, ""recorded"": true, ""replay_notional_fraction"": 0.3, ""sizing_mode"": ""notional_fraction_equals_leverage_times_allocation_fraction""}",0,0,locked_oos_return_not_positive;train_return_per_turnover_proxy_bps_8.334_not_above_10.000;locked_oos_return_per_turnover_proxy_bps_-11.692_not_above_10.000
192,a30fb_voladj_trend_6h_solusdt_lb24_z1p0_hold4_cool0_low_vol_q70_2p0x_0p15_d17816f4,volatility_adjusted_trend_persistence,SOLUSDT,6h,long_short,24,1.0,0.25,4,0,low_vol_q70,False,,,,,2.0,0.15,0.3,0.16415250365192202,0.04006363529977519,-0.020597096233160528,0.08179013193725349,0.06210830309706494,0.034666032825007465,1.1678931900684262,1.3098720041211214,-2.675101775780452,88,26,14,482,113,52,4.097294277557562,0.12408886835214683,62.17897865603108,51.363634999711785,-49.040705317048875,False,False,False,False,no_promotion_shadow_or_reject,False,False,False,"{""live_notional_fraction"": 0.3, ""parity"": true, ""recorded"": true, ""replay_notional_fraction"": 0.3, ""sizing_mode"": ""notional_fraction_equals_leverage_times_allocation_fraction""}",0,0,validation_trade_event_count_26_below_30;locked_oos_trade_event_count_14_below_20;locked_oos_return_not_positive;locked_oos_return_per_turnover_proxy_bps_-49.041_not_above_10.000
193,a30fb_voladj_trend_6h_solusdt_lb24_z1p0_hold4_cool0_low_vol_q70_3p0x_0p1_1c539ae6,volatility_adjusted_trend_persistence,SOLUSDT,6h,long_short,24,1.0,0.25,4,0,low_vol_q70,False,,,,,3.0,0.1,0.30000000000000004,0.16415250365192358,0.04006363529977519,-0.02059709623316064,0.08179013193725337,0.06210830309706494,0.034666032825007576,1.1678931900684255,1.3098720041211216,-2.675101775780452,88,26,14,482,113,52,4.097294277557601,0.12408886835214838,62.178978656031646,51.36363499971178,-49.040705317049124,False,False,False,False,no_promotion_shadow_or_reject,False,False,False,"{""live_notional_fraction"": 0.30000000000000004, ""parity"": true, ""recorded"": true, ""replay_notional_fraction"": 0.30000000000000004, ""sizing_mode"": ""notional_fraction_equals_leverage_times_allocation_fraction""}",0,0,validation_trade_event_count_26_below_30;locked_oos_trade_event_count_14_below_20;locked_oos_return_not_positive;locked_oos_return_per_turnover_proxy_bps_-49.041_not_above_10.000
194,a30fb_voladj_trend_4h_bnbusdt_lb24_z1p5_hold12_cool0_low_vol_q70_3p0x_0p15_ed615c12,volatility_adjusted_trend_persistence,BNBUSDT,4h,long_short,24,1.5,0.25,12,0,low_vol_q70,False,,,,,3.0,0.15,0.44999999999999996,0.15591027259819445,0.04374348343034917,-0.0143698271034024,0.11695786044927658,0.0724467461107896,0.026877854657483713,1.1163219603214665,1.5695044254461048,-1.4961662517679646,79,24,8,551,183,68,3.564194260990749,0.11216678916784528,43.856616764611665,40.50322539847146,-39.91618639834,False,False,False,False,no_promotion_shadow_or_reject,False,False,False,"{""live_notional_fraction"": 0.44999999999999996, ""parity"": true, ""recorded"": true, ""replay_notional_fraction"": 0.44999999999999996, ""sizing_mode"": ""notional_fraction_equals_leverage_times_allocation_fraction""}",0,0,train_trade_event_count_79_below_80;validation_trade_event_count_24_below_30;locked_oos_trade_event_count_8_below_20;locked_oos_return_not_positive;locked_oos_return_per_turnover_proxy_bps_-39.916_not_above_10.000
195,a30fb_voladj_trend_4h_bnbusdt_lb24_z1p5_hold12_cool2_low_vol_q70_3p0x_0p15_1972c6b2,volatility_adjusted_trend_persistence,BNBUSDT,4h,long_short,24,1.5,0.25,12,2,low_vol_q70,False,,,,,3.0,0.15,0.44999999999999996,0.15591027259819445,0.04374348343034917,-0.0143698271034024,0.11695786044927658,0.0724467461107896,0.026877854657483713,1.1163219603214665,1.5695044254461048,-1.4961662517679646,79,24,8,551,183,68,3.564194260990749,0.11216678916784528,43.856616764611665,40.50322539847146,-39.91618639834,False,False,False,False,no_promotion_shadow_or_reject,False,False,False,"{""live_notional_fraction"": 0.44999999999999996, ""parity"": true, ""recorded"": true, ""replay_notional_fraction"": 0.44999999999999996, ""sizing_mode"": ""notional_fraction_equals_leverage_times_allocation_fraction""}",0,0,train_trade_event_count_79_below_80;validation_trade_event_count_24_below_30;locked_oos_trade_event_count_8_below_20;locked_oos_return_not_positive;locked_oos_return_per_turnover_proxy_bps_-39.916_not_above_10.000
196,a30fb_voladj_trend_6h_solusdt_lb24_z1p0_hold8_cool0_low_vol_q70_3p0x_0p15_40fb5ddb,volatility_adjusted_trend_persistence,SOLUSDT,6h,long_short,24,1.0,0.25,8,0,low_vol_q70,False,,,,,3.0,0.15,0.44999999999999996,0.30329598787351353,0.0567545321870182,-0.04292581819047092,0.1256483898796893,0.10906785860098056,0.07118138826041942,1.3322396279367033,1.2164331965065345,-2.5463677728637513,84,22,12,538,132,67,5.343995909861243,0.24654145568649533,80.23703382897183,57.32781028991739,-79.49225590827949,False,False,False,False,no_promotion_shadow_or_reject,False,False,False,"{""live_notional_fraction"": 0.44999999999999996, ""parity"": true, ""recorded"": true, ""replay_notional_fraction"": 0.44999999999999996, ""sizing_mode"": ""notional_fraction_equals_leverage_times_allocation_fraction""}",0,0,validation_trade_event_count_22_below_30;locked_oos_trade_event_count_12_below_20;locked_oos_return_not_positive;locked_oos_return_per_turnover_proxy_bps_-79.492_not_above_10.000
197,a30fb_voladj_trend_6h_solusdt_lb24_z1p0_hold8_cool2_low_vol_q70_3p0x_0p15_c01d172a,volatility_adjusted_trend_persistence,SOLUSDT,6h,long_short,24,1.0,0.25,8,2,low_vol_q70,False,,,,,3.0,0.15,0.44999999999999996,0.3048902978813175,0.0567545321870182,-0.05050148207629468,0.1256483898796893,0.10906785860098056,0.07853339685826233,1.345033551507975,1.2164331965065345,-3.0284124779141353,82,22,12,530,132,65,5.372087234842134,0.2481357656942993,82.6260969868069,57.32781028991739,-93.52126310424941,False,False,False,False,no_promotion_shadow_or_reject,False,False,False,"{""live_notional_fraction"": 0.44999999999999996, ""parity"": true, ""recorded"": true, ""replay_notional_fraction"": 0.44999999999999996, ""sizing_mode"": ""notional_fraction_equals_leverage_times_allocation_fraction""}",0,0,validation_trade_event_count_22_below_30;locked_oos_trade_event_count_12_below_20;locked_oos_return_not_positive;locked_oos_return_per_turnover_proxy_bps_-93.521_not_above_10.000
198,a30fb_donchian_atr_1h_ethusdt_lb24_atr0p5_hold8_3p0x_0p1_30c14061,donchian_atr_volatility_breakout,ETHUSDT,1h,long_short,24,0.5,0.0,8,2,btc_regime_mid_exit,False,,,,,3.0,0.1,0.30000000000000004,0.06014928782171736,0.055743062343482475,-0.060301740255714886,0.1286231234405969,0.036112896944289985,0.0664484970639222,0.4758570598074549,1.7373595276578448,-5.257526434873902,302,72,44,3181,778,376,1.079045271160099,0.004406225478234882,6.638994240807655,25.80697330716781,-45.68313655735975,False,False,False,False,no_promotion_shadow_or_reject,False,False,False,"{""live_notional_fraction"": 0.30000000000000004, ""parity"": true, ""recorded"": true, ""replay_notional_fraction"": 0.30000000000000004, ""sizing_mode"": ""notional_fraction_equals_leverage_times_allocation_fraction""}",0,0,locked_oos_return_not_positive;train_return_per_turnover_proxy_bps_6.639_not_above_10.000;locked_oos_return_per_turnover_proxy_bps_-45.683_not_above_10.000
199,a30fb_donchian_atr_1h_ethusdt_lb24_atr0p5_hold8_2p0x_0p15_54ff0972,donchian_atr_volatility_breakout,ETHUSDT,1h,long_short,24,0.5,0.0,8,2,btc_regime_mid_exit,False,,,,,2.0,0.15,0.3,0.060149287821717135,0.05574306234348203,-0.060301740255714775,0.1286231234405969,0.036112896944289985,0.06644849706392209,0.4758570598074551,1.7373595276578444,-5.257526434873899,302,72,44,3181,778,376,1.0790452711601037,0.004406225478235104,6.638994240807631,25.80697330716761,-45.68313655735968,False,False,False,False,no_promotion_shadow_or_reject,False,False,False,"{""live_notional_fraction"": 0.3, ""parity"": true, ""recorded"": true, ""replay_notional_fraction"": 0.3, ""sizing_mode"": ""notional_fraction_equals_leverage_times_allocation_fraction""}",0,0,locked_oos_return_not_positive;train_return_per_turnover_proxy_bps_6.639_not_above_10.000;locked_oos_return_per_turnover_proxy_bps_-45.683_not_above_10.000
200,a30fb_ma_slope_adx_4h_ethusdt_fast12_slow48_adx15p0_2p0x_0p15_0c9a67be,ma_slope_adx_trend_filter,ETHUSDT,4h,long_short,48,15.0,0.0,8,2,btc_regime_ema_cross,False,,,,,2.0,0.15,0.3,0.11813287245218929,0.056975245818300824,-0.030446430857951512,0.1256774640352889,0.10670860476498156,0.059107100139386914,0.637145363931258,1.267770910173612,-1.6468858017198025,111,26,23,2016,506,254,2.0734069814972913,0.06115762663388846,35.475337072729516,73.04518694653952,-44.1252621129732,False,False,False,False,no_promotion_shadow_or_reject,False,False,False,"{""live_notional_fraction"": 0.3, ""parity"": true, ""recorded"": true, ""replay_notional_fraction"": 0.3, ""sizing_mode"": ""notional_fraction_equals_leverage_times_allocation_fraction""}",0,0,validation_trade_event_count_26_below_30;locked_oos_return_not_positive;locked_oos_return_per_turnover_proxy_bps_-44.125_not_above_10.000
201,a30fb_ma_slope_adx_4h_ethusdt_fast12_slow48_adx15p0_3p0x_0p1_9c19842d,ma_slope_adx_trend_filter,ETHUSDT,4h,long_short,48,15.0,0.0,8,2,btc_regime_ema_cross,False,,,,,3.0,0.1,0.30000000000000004,0.11813287245218818,0.056975245818300824,-0.030446430857951512,0.12567746403528912,0.10670860476498156,0.059107100139386914,0.6371453639312576,1.2677709101736123,-1.6468858017198025,111,26,23,2016,506,254,2.0734069814972718,0.06115762663388735,35.475337072729175,73.04518694653952,-44.125262112973196,False,False,False,False,no_promotion_shadow_or_reject,False,False,False,"{""live_notional_fraction"": 0.30000000000000004, ""parity"": true, ""recorded"": true, ""replay_notional_fraction"": 0.30000000000000004, ""sizing_mode"": ""notional_fraction_equals_leverage_times_allocation_fraction""}",0,0,validation_trade_event_count_26_below_30;locked_oos_return_not_positive;locked_oos_return_per_turnover_proxy_bps_-44.125_not_above_10.000
202,a30fb_donchian_atr_30m_ethusdt_lb12_atr0p25_hold12_3p0x_0p1_04e35b81,donchian_atr_volatility_breakout,ETHUSDT,30m,long_short,12,0.25,0.0,12,2,btc_regime_mid_exit,False,,,,,3.0,0.1,0.30000000000000004,0.0767325370931784,0.08894343485429013,0.027437578470269397,0.11780948760524967,0.03793338929991874,0.0337102096017633,0.5238776163556853,2.2571270408769473,2.1772383279161973,1120,252,134,8713,2019,1047,0.8627116461027619,-0.012210897761111728,2.283706461106499,11.765004610355836,6.825268276186417,False,False,False,False,no_promotion_shadow_or_reject,False,False,False,"{""live_notional_fraction"": 0.30000000000000004, ""parity"": true, ""recorded"": true, ""replay_notional_fraction"": 0.30000000000000004, ""sizing_mode"": ""notional_fraction_equals_leverage_times_allocation_fraction""}",0,0,train_return_below_validation_return;train_validation_return_ratio_0.8627_below_1.00;train_return_per_turnover_proxy_bps_2.284_not_above_10.000;locked_oos_return_per_turnover_proxy_bps_6.825_not_above_10.000
203,a30fb_donchian_atr_30m_ethusdt_lb12_atr0p25_hold12_2p0x_0p15_210cf884,donchian_atr_volatility_breakout,ETHUSDT,30m,long_short,12,0.25,0.0,12,2,btc_regime_mid_exit,False,,,,,2.0,0.15,0.3,0.07673253709317751,0.08894343485428946,0.027437578470269397,0.1178094876052499,0.03793338929991896,0.03371020960176352,0.5238776163556851,2.2571270408769473,2.1772383279161973,1120,252,134,8713,2019,1047,0.8627116461027583,-0.01221089776111195,2.2837064611064735,11.76500461035575,6.825268276186418,False,False,False,False,no_promotion_shadow_or_reject,False,False,False,"{""live_notional_fraction"": 0.3, ""parity"": true, ""recorded"": true, ""replay_notional_fraction"": 0.3, ""sizing_mode"": ""notional_fraction_equals_leverage_times_allocation_fraction""}",0,0,train_return_below_validation_return;train_validation_return_ratio_0.8627_below_1.00;train_return_per_turnover_proxy_bps_2.284_not_above_10.000;locked_oos_return_per_turnover_proxy_bps_6.825_not_above_10.000
204,a30fb_donchian_atr_30m_ethusdt_lb48_atr0p5_hold12_3p0x_0p15_a8c0dc34,donchian_atr_volatility_breakout,ETHUSDT,30m,long_short,48,0.5,0.0,12,2,btc_regime_mid_exit,False,,,,,3.0,0.15,0.44999999999999996,0.07440706763461935,0.0731882887441122,-0.10057449990630274,0.17344610844145092,0.07470122075892838,0.11558017245434737,0.4246785122360965,1.4984494881308934,-5.8562577658059585,370,80,56,7128,1604,941,1.0166526490975674,0.001218778890507144,4.46889295102819,20.330080206697836,-39.91051583583443,False,False,False,False,no_promotion_shadow_or_reject,False,False,False,"{""live_notional_fraction"": 0.44999999999999996, ""parity"": true, ""recorded"": true, ""replay_notional_fraction"": 0.44999999999999996, ""sizing_mode"": ""notional_fraction_equals_leverage_times_allocation_fraction""}",0,0,locked_oos_return_not_positive;train_return_per_turnover_proxy_bps_4.469_not_above_10.000;locked_oos_return_per_turnover_proxy_bps_-39.911_not_above_10.000
205,a30fb_voladj_trend_4h_ethusdt_lb6_z2p0_hold12_cool0_adx20_low_vol_q75_3p0x_0p15_562fe09e,volatility_adjusted_trend_persistence,ETHUSDT,4h,long_short,6,2.0,0.25,12,0,adx20_low_vol_q75,False,,,,,3.0,0.15,0.44999999999999996,0.10523552679287973,0.18191003737259948,-0.07349910626274914,0.1381259431703291,0.1380463338150214,0.09510900637408004,0.5594293316249406,3.012055701724285,-3.3830180886027343,157,42,25,1019,265,163,0.5785031343670705,-0.07667451057971975,14.895332879388498,96.24869702253942,-65.33253890022146,False,False,False,False,no_promotion_shadow_or_reject,False,False,False,"{""live_notional_fraction"": 0.44999999999999996, ""parity"": true, ""recorded"": true, ""replay_notional_fraction"": 0.44999999999999996, ""sizing_mode"": ""notional_fraction_equals_leverage_times_allocation_fraction""}",0,0,train_return_below_validation_return;train_validation_return_ratio_0.5785_below_1.00;validation_mdd_0.1380_above_0.12;locked_oos_return_not_positive;locked_oos_return_per_turnover_proxy_bps_-65.333_not_above_10.000
206,a30fb_voladj_trend_1h_ethusdt_lb6_z1p5_hold4_cool0_none_3p0x_0p15_b990e889,volatility_adjusted_trend_persistence,ETHUSDT,1h,long_short,6,1.5,0.25,4,0,none,False,,,,,3.0,0.15,0.44999999999999996,0.30465071436757496,0.07861133604322212,-0.032320086543147,0.20206592403253587,0.047615757104291,0.06029557838149169,1.3035669776261394,1.568668861214353,-1.906809138124615,1206,297,147,4051,965,461,3.8754043589854743,0.22603937832435284,5.613611836513266,5.881880736492491,-4.885878540158277,False,False,False,False,no_promotion_shadow_or_reject,False,False,False,"{""live_notional_fraction"": 0.44999999999999996, ""parity"": true, ""recorded"": true, ""replay_notional_fraction"": 0.44999999999999996, ""sizing_mode"": ""notional_fraction_equals_leverage_times_allocation_fraction""}",0,0,locked_oos_return_not_positive;train_return_per_turnover_proxy_bps_5.614_not_above_10.000;validation_return_per_turnover_proxy_bps_5.882_not_above_10.000;locked_oos_return_per_turnover_proxy_bps_-4.886_not_above_10.000
207,a30fb_donchian_atr_1h_ethusdt_lb48_atr0p25_hold4_3p0x_0p1_ff338d05,donchian_atr_volatility_breakout,ETHUSDT,1h,long_short,48,0.25,0.0,4,2,btc_regime_mid_exit,False,,,,,3.0,0.1,0.30000000000000004,0.11751494377928262,0.05502884119697171,-0.08619320646918249,0.13295940909203396,0.0710385124331766,0.09162973709173372,0.7890348533020872,1.5671072101944057,-7.9160059299830134,236,52,39,4216,908,492,2.1355155082885804,0.06248610258231091,16.598155901028615,35.27489820318699,-73.66940723861751,False,False,False,False,no_promotion_shadow_or_reject,False,False,False,"{""live_notional_fraction"": 0.30000000000000004, ""parity"": true, ""recorded"": true, ""replay_notional_fraction"": 0.30000000000000004, ""sizing_mode"": ""notional_fraction_equals_leverage_times_allocation_fraction""}",0,0,locked_oos_return_not_positive;locked_oos_return_per_turnover_proxy_bps_-73.669_not_above_10.000
208,a30fb_donchian_atr_1h_ethusdt_lb48_atr0p25_hold4_2p0x_0p15_d865f353,donchian_atr_volatility_breakout,ETHUSDT,1h,long_short,48,0.25,0.0,4,2,btc_regime_mid_exit,False,,,,,2.0,0.15,0.3,0.1175149437792824,0.05502884119697149,-0.08619320646918249,0.13295940909203385,0.07103851243317683,0.09162973709173372,0.7890348533020871,1.5671072101944064,-7.9160059299830134,236,52,39,4216,908,492,2.135515508288585,0.06248610258231091,16.59815590102859,35.27489820318685,-73.66940723861752,False,False,False,False,no_promotion_shadow_or_reject,False,False,False,"{""live_notional_fraction"": 0.3, ""parity"": true, ""recorded"": true, ""replay_notional_fraction"": 0.3, ""sizing_mode"": ""notional_fraction_equals_leverage_times_allocation_fraction""}",0,0,locked_oos_return_not_positive;locked_oos_return_per_turnover_proxy_bps_-73.669_not_above_10.000
209,a30fb_voladj_trend_4h_btcusdt_lb12_z1p0_hold4_cool2_low_vol_q70_3p0x_0p1_a03e679e,volatility_adjusted_trend_persistence,BTCUSDT,4h,long_short,12,1.0,0.25,4,2,low_vol_q70,False,,,,,3.0,0.1,0.30000000000000004,0.09532219834448141,0.05592956615695166,-0.01866026850783664,0.038689600837830795,0.053234618630779496,0.03104468563411622,1.2140891354228516,2.260520345858469,-1.7636756065133306,266,70,43,866,226,127,1.7043257241971923,0.03939263218752975,11.945137637153056,26.633126741405547,-14.465324424679565,False,False,False,False,no_promotion_shadow_or_reject,False,False,False,"{""live_notional_fraction"": 0.30000000000000004, ""parity"": true, ""recorded"": true, ""replay_notional_fraction"": 0.30000000000000004, ""sizing_mode"": ""notional_fraction_equals_leverage_times_allocation_fraction""}",0,0,locked_oos_return_not_positive;locked_oos_return_per_turnover_proxy_bps_-14.465_not_above_10.000
210,a30fb_voladj_trend_4h_btcusdt_lb12_z1p0_hold4_cool2_low_vol_q70_2p0x_0p15_efc15689,volatility_adjusted_trend_persistence,BTCUSDT,4h,long_short,12,1.0,0.25,4,2,low_vol_q70,False,,,,,2.0,0.15,0.3,0.09532219834448097,0.05592956615695144,-0.01866026850783664,0.038689600837830795,0.053234618630779496,0.03104468563411622,1.2140891354228516,2.260520345858469,-1.7636756065133303,266,70,43,866,226,127,1.704325724197191,0.03939263218752953,11.945137637153003,26.633126741405444,-14.465324424679567,False,False,False,False,no_promotion_shadow_or_reject,False,False,False,"{""live_notional_fraction"": 0.3, ""parity"": true, ""recorded"": true, ""replay_notional_fraction"": 0.3, ""sizing_mode"": ""notional_fraction_equals_leverage_times_allocation_fraction""}",0,0,locked_oos_return_not_positive;locked_oos_return_per_turnover_proxy_bps_-14.465_not_above_10.000
211,a30fb_voladj_trend_4h_bnbusdt_lb24_z1p5_hold4_cool0_adx20_low_vol_q75_3p0x_0p15_2c3d91a0,volatility_adjusted_trend_persistence,BNBUSDT,4h,long_short,24,1.5,0.25,4,0,adx20_low_vol_q75,False,,,,,3.0,0.15,0.44999999999999996,0.2734065686710143,0.03886578589909706,0.010371921524480632,0.06546445622317587,0.056902321711230885,0.014604145500083487,2.0689720304047046,1.48813454409684,1.3685576685680358,71,26,8,390,118,27,7.034633736233445,0.23454078277191726,85.57326092989496,33.21862042657869,28.810893123557314,False,True,False,False,no_promotion_shadow_or_reject,False,False,False,"{""live_notional_fraction"": 0.44999999999999996, ""parity"": true, ""recorded"": true, ""replay_notional_fraction"": 0.44999999999999996, ""sizing_mode"": ""notional_fraction_equals_leverage_times_allocation_fraction""}",0,0,train_trade_event_count_71_below_80;validation_trade_event_count_26_below_30;locked_oos_trade_event_count_8_below_20
212,a30fb_voladj_trend_4h_bnbusdt_lb24_z1p5_hold4_cool2_adx20_low_vol_q75_3p0x_0p15_0d0e37de,volatility_adjusted_trend_persistence,BNBUSDT,4h,long_short,24,1.5,0.25,4,2,adx20_low_vol_q75,False,,,,,3.0,0.15,0.44999999999999996,0.2734065686710143,0.03886578589909706,0.010371921524480632,0.06546445622317587,0.056902321711230885,0.014604145500083487,2.0689720304047046,1.48813454409684,1.3685576685680358,71,26,8,390,118,27,7.034633736233445,0.23454078277191726,85.57326092989496,33.21862042657869,28.810893123557314,False,True,False,False,no_promotion_shadow_or_reject,False,False,False,"{""live_notional_fraction"": 0.44999999999999996, ""parity"": true, ""recorded"": true, ""replay_notional_fraction"": 0.44999999999999996, ""sizing_mode"": ""notional_fraction_equals_leverage_times_allocation_fraction""}",0,0,train_trade_event_count_71_below_80;validation_trade_event_count_26_below_30;locked_oos_trade_event_count_8_below_20
213,a30fb_voladj_trend_4h_bnbusdt_lb6_z1p0_hold4_cool0_low_vol_q70_2p0x_0p15_b1a3969b,volatility_adjusted_trend_persistence,BNBUSDT,4h,long_short,6,1.0,0.25,4,0,low_vol_q70,False,,,,,2.0,0.15,0.3,0.05560420198546745,0.06430025351165036,-0.04164320898725249,0.10927657297352666,0.022605492224132773,0.04436907960290859,0.5382950532582007,2.5338765923743987,-4.410240708978836,423,103,50,1081,277,127,0.864758674324553,-0.008696051526182913,4.381733805001375,20.809143531278437,-27.762139324834994,False,False,False,False,no_promotion_shadow_or_reject,False,False,False,"{""live_notional_fraction"": 0.3, ""parity"": true, ""recorded"": true, ""replay_notional_fraction"": 0.3, ""sizing_mode"": ""notional_fraction_equals_leverage_times_allocation_fraction""}",0,0,train_return_below_validation_return;train_validation_return_ratio_0.8648_below_1.00;locked_oos_return_not_positive;train_return_per_turnover_proxy_bps_4.382_not_above_10.000;locked_oos_return_per_turnover_proxy_bps_-27.762_not_above_10.000
214,a30fb_voladj_trend_4h_bnbusdt_lb6_z1p0_hold4_cool0_low_vol_q70_3p0x_0p1_f03c5966,volatility_adjusted_trend_persistence,BNBUSDT,4h,long_short,6,1.0,0.25,4,0,low_vol_q70,False,,,,,3.0,0.1,0.30000000000000004,0.05560420198546745,0.06430025351165036,-0.04164320898725249,0.10927657297352666,0.022605492224132773,0.04436907960290859,0.5382950532582006,2.533876592374399,-4.410240708978836,423,103,50,1081,277,127,0.864758674324553,-0.008696051526182913,4.3817338050013745,20.80914353127843,-27.76213932483499,False,False,False,False,no_promotion_shadow_or_reject,False,False,False,"{""live_notional_fraction"": 0.30000000000000004, ""parity"": true, ""recorded"": true, ""replay_notional_fraction"": 0.30000000000000004, ""sizing_mode"": ""notional_fraction_equals_leverage_times_allocation_fraction""}",0,0,train_return_below_validation_return;train_validation_return_ratio_0.8648_below_1.00;locked_oos_return_not_positive;train_return_per_turnover_proxy_bps_4.382_not_above_10.000;locked_oos_return_per_turnover_proxy_bps_-27.762_not_above_10.000
215,a30fb_donchian_atr_1h_ethusdt_lb12_atr0p5_hold8_3p0x_0p15_ee5f6f6b,donchian_atr_volatility_breakout,ETHUSDT,1h,long_short,12,0.5,0.0,8,2,btc_regime_mid_exit,False,,,,,3.0,0.15,0.44999999999999996,0.23033057864927753,0.0691706624371986,-0.03204532624612422,0.14346706978396173,0.06271879931065649,0.0673488816801836,1.0407863685430607,1.4591023223584436,-1.8315775636750684,486,116,60,3283,798,392,3.329888286936664,0.16115991621207892,10.531805150858599,13.251084758084026,-11.868639350416379,False,False,False,False,no_promotion_shadow_or_reject,False,False,False,"{""live_notional_fraction"": 0.44999999999999996, ""parity"": true, ""recorded"": true, ""replay_notional_fraction"": 0.44999999999999996, ""sizing_mode"": ""notional_fraction_equals_leverage_times_allocation_fraction""}",0,0,locked_oos_return_not_positive;locked_oos_return_per_turnover_proxy_bps_-11.869_not_above_10.000
216,a30fb_voladj_trend_1h_ethusdt_lb6_z1p5_hold8_cool0_adx20_low_vol_q75_2p0x_0p15_2a3f0cdd,volatility_adjusted_trend_persistence,ETHUSDT,1h,long_short,6,1.5,0.25,8,0,adx20_low_vol_q75,False,,,,,2.0,0.15,0.3,0.16809135715246404,0.07288765371178485,-0.03836919564829111,0.1494601398649419,0.04654157080809096,0.05139508161392281,1.0883293889736676,1.988447594641524,-3.103178828755123,1009,257,127,4449,1135,560,2.306170504776259,0.09520370344067919,5.553067629747739,9.453651583889087,-10.07065502579819,False,False,False,False,no_promotion_shadow_or_reject,False,False,False,"{""live_notional_fraction"": 0.3, ""parity"": true, ""recorded"": true, ""replay_notional_fraction"": 0.3, ""sizing_mode"": ""notional_fraction_equals_leverage_times_allocation_fraction""}",0,0,locked_oos_return_not_positive;train_return_per_turnover_proxy_bps_5.553_not_above_10.000;validation_return_per_turnover_proxy_bps_9.454_not_above_10.000;locked_oos_return_per_turnover_proxy_bps_-10.071_not_above_10.000
217,a30fb_voladj_trend_1h_ethusdt_lb6_z1p5_hold8_cool0_adx20_low_vol_q75_3p0x_0p1_8d31c78e,volatility_adjusted_trend_persistence,ETHUSDT,1h,long_short,6,1.5,0.25,8,0,adx20_low_vol_q75,False,,,,,3.0,0.1,0.30000000000000004,0.1680913571524616,0.07288765371178463,-0.03836919564829111,0.14946013986494144,0.04654157080809085,0.05139508161392281,1.0883293889736676,1.9884475946415239,-3.103178828755123,1009,257,127,4449,1135,560,2.3061705047762326,0.09520370344067697,5.553067629747656,9.453651583889055,-10.070655025798189,False,False,False,False,no_promotion_shadow_or_reject,False,False,False,"{""live_notional_fraction"": 0.30000000000000004, ""parity"": true, ""recorded"": true, ""replay_notional_fraction"": 0.30000000000000004, ""sizing_mode"": ""notional_fraction_equals_leverage_times_allocation_fraction""}",0,0,locked_oos_return_not_positive;train_return_per_turnover_proxy_bps_5.553_not_above_10.000;validation_return_per_turnover_proxy_bps_9.454_not_above_10.000;locked_oos_return_per_turnover_proxy_bps_-10.071_not_above_10.000
218,a30fb_voladj_trend_6h_solusdt_lb24_z1p0_hold12_cool0_adx20_low_vol_q75_3p0x_0p15_45bb4cd3,volatility_adjusted_trend_persistence,SOLUSDT,6h,long_short,24,1.0,0.25,12,0,adx20_low_vol_q75,False,,,,,3.0,0.15,0.44999999999999996,0.13769750575756268,0.03793951700761666,-0.022596794704278667,0.11839463865232347,0.06940814543165963,0.06016572924952468,0.7188859480991823,0.8297963245694217,-1.216951946793332,64,20,10,525,138,62,3.62939532756621,0.09975798874994601,47.81163394359816,42.155018897351844,-50.215099342841484,False,False,False,False,no_promotion_shadow_or_reject,False,False,False,"{""live_notional_fraction"": 0.44999999999999996, ""parity"": true, ""recorded"": true, ""replay_notional_fraction"": 0.44999999999999996, ""sizing_mode"": ""notional_fraction_equals_leverage_times_allocation_fraction""}",0,0,train_trade_event_count_64_below_80;validation_trade_event_count_20_below_30;locked_oos_trade_event_count_10_below_20;locked_oos_return_not_positive;locked_oos_return_per_turnover_proxy_bps_-50.215_not_above_10.000
219,a30fb_voladj_trend_4h_ethusdt_lb6_z2p0_hold12_cool0_adx20_low_vol_q75_2p0x_0p15_f5ae10a6,volatility_adjusted_trend_persistence,ETHUSDT,4h,long_short,6,2.0,0.25,12,0,adx20_low_vol_q75,False,,,,,2.0,0.15,0.3,0.07483297260878974,0.11954861127119143,-0.049218115472707824,0.09316854917829898,0.09382051204999475,0.06409819455600463,0.5594293316249407,3.0120557017242837,-3.3830180886027352,157,42,25,1019,265,163,0.625962709336991,-0.04471563866240169,15.888104587853446,94.8798502152313,-65.62415396361044,False,False,False,False,no_promotion_shadow_or_reject,False,False,False,"{""live_notional_fraction"": 0.3, ""parity"": true, ""recorded"": true, ""replay_notional_fraction"": 0.3, ""sizing_mode"": ""notional_fraction_equals_leverage_times_allocation_fraction""}",0,0,train_return_below_validation_return;train_validation_return_ratio_0.6260_below_1.00;locked_oos_return_not_positive;locked_oos_return_per_turnover_proxy_bps_-65.624_not_above_10.000
220,a30fb_voladj_trend_4h_ethusdt_lb6_z2p0_hold12_cool0_adx20_low_vol_q75_3p0x_0p1_2a5c93f0,volatility_adjusted_trend_persistence,ETHUSDT,4h,long_short,6,2.0,0.25,12,0,adx20_low_vol_q75,False,,,,,3.0,0.1,0.30000000000000004,0.07483297260878863,0.11954861127119165,-0.049218115472707824,0.09316854917829909,0.09382051204999453,0.06409819455600463,0.5594293316249405,3.012055701724285,-3.3830180886027343,157,42,25,1019,265,163,0.6259627093369806,-0.04471563866240302,15.888104587853208,94.87985021523146,-65.62415396361042,False,False,False,False,no_promotion_shadow_or_reject,False,False,False,"{""live_notional_fraction"": 0.30000000000000004, ""parity"": true, ""recorded"": true, ""replay_notional_fraction"": 0.30000000000000004, ""sizing_mode"": ""notional_fraction_equals_leverage_times_allocation_fraction""}",0,0,train_return_below_validation_return;train_validation_return_ratio_0.6260_below_1.00;locked_oos_return_not_positive;locked_oos_return_per_turnover_proxy_bps_-65.624_not_above_10.000
240,a30fb_voladj_trend_4h_bnbusdt_lb24_z1p5_hold8_cool0_adx20_low_vol_q75_3p0x_0p15_0c2b80b7,volatility_adjusted_trend_persistence,BNBUSDT,4h,long_short,24,1.5,0.25,8,0,adx20_low_vol_q75,False,,,,,3.0,0.15,0.44999999999999996,0.256027373331811,0.0411739147838619,0.004577617997604921,0.07722085061015405,0.07516478490983114,0.014604145500083487,1.848604508505048,1.4120301853666626,0.5763240960909534,69,26,8,454,137,34,6.21819359844211,0.21485345854794913,82.45648094422256,35.191380157146924,12.71560554890256,False,True,False,False,no_promotion_shadow_or_reject,False,False,False,"{""live_notional_fraction"": 0.44999999999999996, ""parity"": true, ""recorded"": true, ""replay_notional_fraction"": 0.44999999999999996, ""sizing_mode"": ""notional_fraction_equals_leverage_times_allocation_fraction""}",0,0,train_trade_event_count_69_below_80;validation_trade_event_count_26_below_30;locked_oos_trade_event_count_8_below_20
241,a30fb_voladj_trend_4h_bnbusdt_lb24_z1p5_hold8_cool2_adx20_low_vol_q75_3p0x_0p15_a3867c45,volatility_adjusted_trend_persistence,BNBUSDT,4h,long_short,24,1.5,0.25,8,2,adx20_low_vol_q75,False,,,,,3.0,0.15,0.44999999999999996,0.25958126388370983,0.0411739147838619,0.004577617997604921,0.07722085061015405,0.07516478490983114,0.014604145500083487,1.8712254013832013,1.4120301853666626,0.5763240960909534,69,26,8,453,137,34,6.304507726465996,0.21840734909984794,83.60105117027693,35.191380157146924,12.71560554890256,False,True,False,False,no_promotion_shadow_or_reject,False,False,False,"{""live_notional_fraction"": 0.44999999999999996, ""parity"": true, ""recorded"": true, ""replay_notional_fraction"": 0.44999999999999996, ""sizing_mode"": ""notional_fraction_equals_leverage_times_allocation_fraction""}",0,0,train_trade_event_count_69_below_80;validation_trade_event_count_26_below_30;locked_oos_trade_event_count_8_below_20
244,a30fb_voladj_trend_6h_solusdt_lb6_z1p5_hold8_cool2_adx20_low_vol_q75_3p0x_0p1_e295f93a,volatility_adjusted_trend_persistence,SOLUSDT,6h,long_short,6,1.5,0.25,8,2,adx20_low_vol_q75,False,,,,,3.0,0.1,0.30000000000000004,0.1445403062026802,0.05546889503033259,0.018229983401978345,0.13378874584129752,0.10795793073225579,0.020851329814656205,0.8966955819585523,1.407284761247805,1.473631923690425,164,42,23,734,196,95,2.605790256388555,0.08907141117234763,29.37811101680492,44.022932563756015,26.42026579996861,True,True,True,True,paper_testnet_candidate_after_fill_preflight,True,False,False,"{""live_notional_fraction"": 0.30000000000000004, ""parity"": true, ""recorded"": true, ""replay_notional_fraction"": 0.30000000000000004, ""sizing_mode"": ""notional_fraction_equals_leverage_times_allocation_fraction""}",0,0,
245,a30fb_voladj_trend_6h_solusdt_lb6_z1p5_hold8_cool2_adx20_low_vol_q75_2p0x_0p15_f0c8eb5b,volatility_adjusted_trend_persistence,SOLUSDT,6h,long_short,6,1.5,0.25,8,2,adx20_low_vol_q75,False,,,,,2.0,0.15,0.3,0.1445403062026791,0.05546889503033259,0.018229983401978345,0.13378874584129763,0.10795793073225579,0.020851329814656205,0.8966955819585524,1.4072847612478048,1.4736319236904252,164,42,23,734,196,95,2.605790256388535,0.08907141117234652,29.3781110168047,44.02293256375602,26.420265799968618,True,True,True,True,paper_testnet_candidate_after_fill_preflight,True,False,False,"{""live_notional_fraction"": 0.3, ""parity"": true, ""recorded"": true, ""replay_notional_fraction"": 0.3, ""sizing_mode"": ""notional_fraction_equals_leverage_times_allocation_fraction""}",0,0,
250,a30fb_donchian_atr_30m_ethusdt_lb12_atr0p5_hold8_3p0x_0p15_6d5fd55a,donchian_atr_volatility_breakout,ETHUSDT,30m,long_short,12,0.5,0.0,8,2,btc_regime_mid_exit,False,,,,,3.0,0.15,0.44999999999999996,0.1529755231779606,0.07633487974566577,0.00202942362421088,0.1386036434579545,0.06286876199691827,0.04146124802069795,0.7519013612676969,1.5339153880862506,0.19030203551386662,914,222,106,6085,1489,683,2.004005556668823,0.07664064343229482,3.719317363918323,7.641129103670249,0.42545568641737525,True,False,False,False,train_dominant_shadow_until_execution_efficiency,False,False,False,"{""live_notional_fraction"": 0.44999999999999996, ""parity"": true, ""recorded"": true, ""replay_notional_fraction"": 0.44999999999999996, ""sizing_mode"": ""notional_fraction_equals_leverage_times_allocation_fraction""}",0,0,train_return_per_turnover_proxy_bps_3.719_not_above_10.000;validation_return_per_turnover_proxy_bps_7.641_not_above_10.000;locked_oos_return_per_turnover_proxy_bps_0.425_not_above_10.000
274,a30fb_voladj_trend_4h_bnbusdt_lb24_z1p5_hold4_cool0_adx20_low_vol_q75_2p0x_0p15_2c0733c5,volatility_adjusted_trend_persistence,BNBUSDT,4h,long_short,24,1.5,0.25,4,0,adx20_low_vol_q75,False,,,,,2.0,0.15,0.3,0.17670538087256205,0.026070460263037276,0.006954536153811475,0.04401393546915178,0.03824697099492447,0.009749900677994416,2.0689720304047055,1.4881345440968394,1.3685576685680358,71,26,8,390,118,27,6.777992374883197,0.15063492060952477,82.96027271012302,33.42366700389394,28.977233974214478,False,True,False,False,no_promotion_shadow_or_reject,False,False,False,"{""live_notional_fraction"": 0.3, ""parity"": true, ""recorded"": true, ""replay_notional_fraction"": 0.3, ""sizing_mode"": ""notional_fraction_equals_leverage_times_allocation_fraction""}",0,0,train_trade_event_count_71_below_80;validation_trade_event_count_26_below_30;locked_oos_trade_event_count_8_below_20
275,a30fb_voladj_trend_4h_bnbusdt_lb24_z1p5_hold4_cool0_adx20_low_vol_q75_3p0x_0p1_15babdd7,volatility_adjusted_trend_persistence,BNBUSDT,4h,long_short,24,1.5,0.25,4,0,adx20_low_vol_q75,False,,,,,3.0,0.1,0.30000000000000004,0.17670538087256205,0.026070460263037276,0.006954536153811475,0.04401393546915178,0.03824697099492447,0.009749900677994416,2.0689720304047055,1.48813454409684,1.3685576685680358,71,26,8,390,118,27,6.777992374883197,0.15063492060952477,82.96027271012301,33.42366700389394,28.977233974214474,False,True,False,False,no_promotion_shadow_or_reject,False,False,False,"{""live_notional_fraction"": 0.30000000000000004, ""parity"": true, ""recorded"": true, ""replay_notional_fraction"": 0.30000000000000004, ""sizing_mode"": ""notional_fraction_equals_leverage_times_allocation_fraction""}",0,0,train_trade_event_count_71_below_80;validation_trade_event_count_26_below_30;locked_oos_trade_event_count_8_below_20
276,a30fb_voladj_trend_4h_bnbusdt_lb24_z1p5_hold4_cool2_adx20_low_vol_q75_2p0x_0p15_202112d3,volatility_adjusted_trend_persistence,BNBUSDT,4h,long_short,24,1.5,0.25,4,2,adx20_low_vol_q75,False,,,,,2.0,0.15,0.3,0.17670538087256205,0.026070460263037276,0.006954536153811475,0.04401393546915178,0.03824697099492447,0.009749900677994416,2.0689720304047055,1.4881345440968394,1.3685576685680358,71,26,8,390,118,27,6.777992374883197,0.15063492060952477,82.96027271012302,33.42366700389394,28.977233974214478,False,True,False,False,no_promotion_shadow_or_reject,False,False,False,"{""live_notional_fraction"": 0.3, ""parity"": true, ""recorded"": true, ""replay_notional_fraction"": 0.3, ""sizing_mode"": ""notional_fraction_equals_leverage_times_allocation_fraction""}",0,0,train_trade_event_count_71_below_80;validation_trade_event_count_26_below_30;locked_oos_trade_event_count_8_below_20
277,a30fb_voladj_trend_4h_bnbusdt_lb24_z1p5_hold4_cool2_adx20_low_vol_q75_3p0x_0p1_096f1c65,volatility_adjusted_trend_persistence,BNBUSDT,4h,long_short,24,1.5,0.25,4,2,adx20_low_vol_q75,False,,,,,3.0,0.1,0.30000000000000004,0.17670538087256205,0.026070460263037276,0.006954536153811475,0.04401393546915178,0.03824697099492447,0.009749900677994416,2.0689720304047055,1.48813454409684,1.3685576685680358,71,26,8,390,118,27,6.777992374883197,0.15063492060952477,82.96027271012301,33.42366700389394,28.977233974214474,False,True,False,False,no_promotion_shadow_or_reject,False,False,False,"{""live_notional_fraction"": 0.30000000000000004, ""parity"": true, ""recorded"": true, ""replay_notional_fraction"": 0.30000000000000004, ""sizing_mode"": ""notional_fraction_equals_leverage_times_allocation_fraction""}",0,0,train_trade_event_count_71_below_80;validation_trade_event_count_26_below_30;locked_oos_trade_event_count_8_below_20
290,a30fb_voladj_trend_4h_bnbusdt_lb24_z1p5_hold8_cool0_adx20_low_vol_q75_2p0x_0p15_4b634ee0,volatility_adjusted_trend_persistence,BNBUSDT,4h,long_short,24,1.5,0.25,8,0,adx20_low_vol_q75,False,,,,,2.0,0.15,0.3,0.1662101751835141,0.02767502958177248,0.003110728089799508,0.052031515710058374,0.050644664139196216,0.009749900677994416,1.848604508505048,1.4120301853666624,0.5763240960909534,69,26,8,454,137,34,6.005781301602821,0.13853514560174163,80.29477062005513,35.480807156118566,12.961367040831284,False,True,False,False,no_promotion_shadow_or_reject,False,False,False,"{""live_notional_fraction"": 0.3, ""parity"": true, ""recorded"": true, ""replay_notional_fraction"": 0.3, ""sizing_mode"": ""notional_fraction_equals_leverage_times_allocation_fraction""}",0,0,train_trade_event_count_69_below_80;validation_trade_event_count_26_below_30;locked_oos_trade_event_count_8_below_20
291,a30fb_voladj_trend_4h_bnbusdt_lb24_z1p5_hold8_cool0_adx20_low_vol_q75_3p0x_0p1_6f84f176,volatility_adjusted_trend_persistence,BNBUSDT,4h,long_short,24,1.5,0.25,8,0,adx20_low_vol_q75,False,,,,,3.0,0.1,0.30000000000000004,0.1662101751835141,0.02767502958177248,0.003110728089799508,0.052031515710058374,0.050644664139196216,0.009749900677994416,1.8486045085050482,1.4120301853666626,0.5763240960909533,69,26,8,454,137,34,6.005781301602821,0.13853514560174163,80.29477062005512,35.48080715611856,12.961367040831282,False,True,False,False,no_promotion_shadow_or_reject,False,False,False,"{""live_notional_fraction"": 0.30000000000000004, ""parity"": true, ""recorded"": true, ""replay_notional_fraction"": 0.30000000000000004, ""sizing_mode"": ""notional_fraction_equals_leverage_times_allocation_fraction""}",0,0,train_trade_event_count_69_below_80;validation_trade_event_count_26_below_30;locked_oos_trade_event_count_8_below_20
292,a30fb_voladj_trend_4h_bnbusdt_lb24_z1p5_hold8_cool2_adx20_low_vol_q75_2p0x_0p15_6b541da8,volatility_adjusted_trend_persistence,BNBUSDT,4h,long_short,24,1.5,0.25,8,2,adx20_low_vol_q75,False,,,,,2.0,0.15,0.3,0.16840785970241834,0.02767502958177248,0.003110728089799508,0.052031515710058374,0.050644664139196216,0.009749900677994416,1.8712254013832017,1.4120301853666624,0.5763240960909534,69,26,8,453,137,34,6.085191678108857,0.14073283012064586,81.35645396252094,35.480807156118566,12.961367040831284,False,True,False,False,no_promotion_shadow_or_reject,False,False,False,"{""live_notional_fraction"": 0.3, ""parity"": true, ""recorded"": true, ""replay_notional_fraction"": 0.3, ""sizing_mode"": ""notional_fraction_equals_leverage_times_allocation_fraction""}",0,0,train_trade_event_count_69_below_80;validation_trade_event_count_26_below_30;locked_oos_trade_event_count_8_below_20
293,a30fb_voladj_trend_4h_bnbusdt_lb24_z1p5_hold8_cool2_adx20_low_vol_q75_3p0x_0p1_2316e01e,volatility_adjusted_trend_persistence,BNBUSDT,4h,long_short,24,1.5,0.25,8,2,adx20_low_vol_q75,False,,,,,3.0,0.1,0.30000000000000004,0.16840785970241834,0.02767502958177248,0.003110728089799508,0.052031515710058374,0.050644664139196216,0.009749900677994416,1.871225401383202,1.4120301853666626,0.5763240960909533,69,26,8,453,137,34,6.085191678108857,0.14073283012064586,81.35645396252093,35.48080715611856,12.961367040831282,False,True,False,False,no_promotion_shadow_or_reject,False,False,False,"{""live_notional_fraction"": 0.30000000000000004, ""parity"": true, ""recorded"": true, ""replay_notional_fraction"": 0.30000000000000004, ""sizing_mode"": ""notional_fraction_equals_leverage_times_allocation_fraction""}",0,0,train_trade_event_count_69_below_80;validation_trade_event_count_26_below_30;locked_oos_trade_event_count_8_below_20
332,a30fb_voladj_trend_4h_trxusdt_lb6_z1p5_hold12_cool2_low_vol_q70_3p0x_0p15_144859db,volatility_adjusted_trend_persistence,TRXUSDT,4h,long_short,6,1.5,0.25,12,2,low_vol_q70,False,,,,,3.0,0.15,0.44999999999999996,0.17448202025522286,0.035094263820031335,0.0031013449267609516,0.08291928965008077,0.02420577956060288,0.02086497729648973,1.2061782808683454,1.6417559887752216,0.4222280246984568,195,52,29,1295,316,177,4.971810240841435,0.13938775643519152,19.883990912276115,14.997548641039034,2.3765095224221855,True,False,False,False,train_dominant_shadow_until_execution_efficiency,False,False,False,"{""live_notional_fraction"": 0.44999999999999996, ""parity"": true, ""recorded"": true, ""replay_notional_fraction"": 0.44999999999999996, ""sizing_mode"": ""notional_fraction_equals_leverage_times_allocation_fraction""}",0,0,locked_oos_return_per_turnover_proxy_bps_2.377_not_above_10.000
345,a30fb_voladj_trend_4h_solusdt_lb24_z1p0_hold12_cool2_low_vol_q70_3p0x_0p15_b1f89590,volatility_adjusted_trend_persistence,SOLUSDT,4h,long_short,24,1.0,0.25,12,2,low_vol_q70,False,,,,,3.0,0.15,0.44999999999999996,0.1515916279644176,0.06914455823994126,0.028213348694228202,0.15560499604569722,0.174220535934707,0.04272880801426182,0.7098052638267995,1.3367254478835064,1.3267078045965612,121,36,19,972,280,141,2.1923869617963794,0.08244706972447635,27.840519369039047,42.681826074037815,32.998068648220126,False,True,False,False,no_promotion_shadow_or_reject,False,False,False,"{""live_notional_fraction"": 0.44999999999999996, ""parity"": true, ""recorded"": true, ""replay_notional_fraction"": 0.44999999999999996, ""sizing_mode"": ""notional_fraction_equals_leverage_times_allocation_fraction""}",0,0,locked_oos_trade_event_count_19_below_20;validation_mdd_0.1742_above_0.12
348,a30fb_voladj_trend_4h_trxusdt_lb6_z1p5_hold12_cool2_adx20_low_vol_q75_3p0x_0p15_2f65923b,volatility_adjusted_trend_persistence,TRXUSDT,4h,long_short,6,1.5,0.25,12,2,adx20_low_vol_q75,False,,,,,3.0,0.15,0.44999999999999996,0.18586538576479672,0.032841644841804074,0.0031013449267609516,0.06973157043057165,0.024158467530624672,0.02086497729648973,1.2626433543507138,1.558739119458827,0.4222280246984568,197,50,29,1303,304,177,5.659442048657958,0.15302374092299265,20.966202567940975,14.596286596357368,2.3765095224221855,True,False,False,False,train_dominant_shadow_until_execution_efficiency,False,False,False,"{""live_notional_fraction"": 0.44999999999999996, ""parity"": true, ""recorded"": true, ""replay_notional_fraction"": 0.44999999999999996, ""sizing_mode"": ""notional_fraction_equals_leverage_times_allocation_fraction""}",0,0,locked_oos_return_per_turnover_proxy_bps_2.377_not_above_10.000
353,a30fb_voladj_trend_4h_solusdt_lb24_z1p0_hold12_cool2_low_vol_q70_2p0x_0p15_15c83ddf,volatility_adjusted_trend_persistence,SOLUSDT,4h,long_short,24,1.0,0.25,12,2,low_vol_q70,False,,,,,2.0,0.15,0.3,0.10564387168891431,0.046979872849371995,0.01916538470225526,0.10609340448010907,0.11931602452150136,0.02858781616346473,0.7098052638267993,1.3367254478835051,1.3267078045965612,121,36,19,972,280,141,2.248704930037428,0.05866399883954232,29.102994955623778,43.49988226793704,33.62348193378116,False,True,False,False,no_promotion_shadow_or_reject,False,False,False,"{""live_notional_fraction"": 0.3, ""parity"": true, ""recorded"": true, ""replay_notional_fraction"": 0.3, ""sizing_mode"": ""notional_fraction_equals_leverage_times_allocation_fraction""}",0,0,locked_oos_trade_event_count_19_below_20
354,a30fb_voladj_trend_4h_solusdt_lb24_z1p0_hold12_cool2_low_vol_q70_3p0x_0p1_2e1a5102,volatility_adjusted_trend_persistence,SOLUSDT,4h,long_short,24,1.0,0.25,12,2,low_vol_q70,False,,,,,3.0,0.1,0.30000000000000004,0.10564387168891409,0.04697987284937177,0.019165384702255484,0.10609340448010918,0.11931602452150136,0.02858781616346473,0.7098052638267995,1.3367254478835051,1.3267078045965621,121,36,19,972,280,141,2.2487049300374338,0.05866399883954232,29.102994955623714,43.49988226793682,33.62348193378154,False,True,False,False,no_promotion_shadow_or_reject,False,False,False,"{""live_notional_fraction"": 0.30000000000000004, ""parity"": true, ""recorded"": true, ""replay_notional_fraction"": 0.30000000000000004, ""sizing_mode"": ""notional_fraction_equals_leverage_times_allocation_fraction""}",0,0,locked_oos_trade_event_count_19_below_20
355,a30fb_voladj_trend_4h_bnbusdt_lb12_z2p0_hold4_cool2_low_vol_q70_3p0x_0p15_ec826339,volatility_adjusted_trend_persistence,BNBUSDT,4h,long_short,12,2.0,0.25,4,2,low_vol_q70,False,,,,,3.0,0.15,0.44999999999999996,0.0889988737002041,0.04168801277105727,0.014828249322150988,0.06049829863935263,0.0728494643401233,0.011625445409946922,1.0720418698653682,1.4297219694023202,2.0020581250159686,110,32,11,382,111,45,2.13487925627372,0.047310860929146825,17.979570444485677,28.950008868789773,29.956059236668665,False,True,False,False,no_promotion_shadow_or_reject,False,False,False,"{""live_notional_fraction"": 0.44999999999999996, ""parity"": true, ""recorded"": true, ""replay_notional_fraction"": 0.44999999999999996, ""sizing_mode"": ""notional_fraction_equals_leverage_times_allocation_fraction""}",0,0,locked_oos_trade_event_count_11_below_20
364,a30fb_donchian_atr_4h_solusdt_lb24_atr0p5_hold8_3p0x_0p1_ceb2bdc0,donchian_atr_volatility_breakout,SOLUSDT,4h,long_short,24,0.5,0.0,8,2,btc_regime_mid_exit,False,,,,,3.0,0.1,0.30000000000000004,0.041521270810103594,0.044946304866345654,0.010035287918122027,0.08942712275827558,0.09028585702755432,0.036128512306060956,0.3242981374427389,1.4424076284006186,0.9341073000214691,82,14,9,813,166,105,0.9237972049887773,-0.00342503405624206,16.878565369960807,107.01501158653726,37.16773303008158,False,True,False,False,no_promotion_shadow_or_reject,False,False,False,"{""live_notional_fraction"": 0.30000000000000004, ""parity"": true, ""recorded"": true, ""replay_notional_fraction"": 0.30000000000000004, ""sizing_mode"": ""notional_fraction_equals_leverage_times_allocation_fraction""}",0,0,validation_trade_event_count_14_below_30;locked_oos_trade_event_count_9_below_20;train_return_below_validation_return;train_validation_return_ratio_0.9238_below_1.00
365,a30fb_donchian_atr_4h_solusdt_lb24_atr0p5_hold8_2p0x_0p15_4262b2e4,donchian_atr_volatility_breakout,SOLUSDT,4h,long_short,24,0.5,0.0,8,2,btc_regime_mid_exit,False,,,,,2.0,0.15,0.3,0.04152127081010293,0.044946304866345654,0.010035287918121805,0.08942712275827525,0.09028585702755432,0.036128512306060956,0.32429813744273916,1.4424076284006195,0.9341073000214685,82,14,9,813,166,105,0.9237972049887625,-0.003425034056242726,16.878565369960544,107.01501158653727,37.16773303008076,False,True,False,False,no_promotion_shadow_or_reject,False,False,False,"{""live_notional_fraction"": 0.3, ""parity"": true, ""recorded"": true, ""replay_notional_fraction"": 0.3, ""sizing_mode"": ""notional_fraction_equals_leverage_times_allocation_fraction""}",0,0,validation_trade_event_count_14_below_30;locked_oos_trade_event_count_9_below_20;train_return_below_validation_return;train_validation_return_ratio_0.9238_below_1.00
378,a30fb_voladj_trend_4h_bnbusdt_lb12_z2p0_hold4_cool0_low_vol_q70_3p0x_0p15_98b5a9e1,volatility_adjusted_trend_persistence,BNBUSDT,4h,long_short,12,2.0,0.25,4,0,low_vol_q70,False,,,,,3.0,0.15,0.44999999999999996,0.07240709397871248,0.04168801277105727,0.016612508800623482,0.07481236787615286,0.0728494643401233,0.011625445409946922,0.8820654374476006,1.4297219694023202,2.2323335317323645,112,32,11,386,111,46,1.7368804403404554,0.030719081207655208,14.366486900538192,28.950008868789773,33.560623839643405,False,True,False,False,no_promotion_shadow_or_reject,False,False,False,"{""live_notional_fraction"": 0.44999999999999996, ""parity"": true, ""recorded"": true, ""replay_notional_fraction"": 0.44999999999999996, ""sizing_mode"": ""notional_fraction_equals_leverage_times_allocation_fraction""}",0,0,locked_oos_trade_event_count_11_below_20
404,a30fb_voladj_trend_4h_solusdt_lb24_z1p0_hold12_cool0_low_vol_q70_2p0x_0p15_f1947726,volatility_adjusted_trend_persistence,SOLUSDT,4h,long_short,24,1.0,0.25,12,0,low_vol_q70,False,,,,,2.0,0.15,0.3,0.11075263801255386,0.04316427870045225,0.0207753229167138,0.10717208143162549,0.11931602452150114,0.02858781616346473,0.7371206690466667,1.2342333980517188,1.4340759789348971,121,36,19,976,280,141,2.5658401193529836,0.06758835931210161,30.510368598499692,39.966924722640975,36.44793494160316,False,True,False,False,no_promotion_shadow_or_reject,False,False,False,"{""live_notional_fraction"": 0.3, ""parity"": true, ""recorded"": true, ""replay_notional_fraction"": 0.3, ""sizing_mode"": ""notional_fraction_equals_leverage_times_allocation_fraction""}",0,0,locked_oos_trade_event_count_19_below_20
405,a30fb_voladj_trend_4h_solusdt_lb24_z1p0_hold12_cool0_low_vol_q70_3p0x_0p1_ff4736db,volatility_adjusted_trend_persistence,SOLUSDT,4h,long_short,24,1.0,0.25,12,0,low_vol_q70,False,,,,,3.0,0.1,0.30000000000000004,0.11075263801255342,0.04316427870045225,0.020775322916714023,0.10717208143162549,0.11931602452150114,0.02858781616346473,0.7371206690466668,1.2342333980517184,1.4340759789348974,121,36,19,976,280,141,2.5658401193529734,0.06758835931210116,30.51036859849956,39.96692472264097,36.44793494160354,False,True,False,False,no_promotion_shadow_or_reject,False,False,False,"{""live_notional_fraction"": 0.30000000000000004, ""parity"": true, ""recorded"": true, ""replay_notional_fraction"": 0.30000000000000004, ""sizing_mode"": ""notional_fraction_equals_leverage_times_allocation_fraction""}",0,0,locked_oos_trade_event_count_19_below_20
423,a30fb_voladj_trend_4h_solusdt_lb24_z1p0_hold12_cool0_low_vol_q70_3p0x_0p15_538c57a0,volatility_adjusted_trend_persistence,SOLUSDT,4h,long_short,24,1.0,0.25,12,0,low_vol_q70,False,,,,,3.0,0.15,0.44999999999999996,0.15952027714154582,0.06329749726890044,0.030652541297524483,0.15715650359861566,0.17422053593470732,0.04272880801426182,0.7371206690466667,1.2342333980517193,1.4340759789348974,121,36,19,976,280,141,2.520167210780416,0.09622277987264538,29.296653285867006,39.07252917833361,35.850925494180686,False,True,False,False,no_promotion_shadow_or_reject,False,False,False,"{""live_notional_fraction"": 0.44999999999999996, ""parity"": true, ""recorded"": true, ""replay_notional_fraction"": 0.44999999999999996, ""sizing_mode"": ""notional_fraction_equals_leverage_times_allocation_fraction""}",0,0,locked_oos_trade_event_count_19_below_20;validation_mdd_0.1742_above_0.12
441,a30fb_voladj_trend_4h_bnbusdt_lb12_z2p0_hold4_cool2_low_vol_q70_2p0x_0p15_b66b2649,volatility_adjusted_trend_persistence,BNBUSDT,4h,long_short,12,2.0,0.25,4,2,low_vol_q70,False,,,,,2.0,0.15,0.3,0.05928711918479457,0.028012207084405993,0.009910058164889213,0.04067397361026126,0.0490703279341167,0.007758263927564513,1.0720418698653682,1.4297219694023198,2.0020581250159686,110,32,11,382,111,45,2.116474400112474,0.031274912100388574,17.965793692361988,29.179382379589576,30.03047928754307,False,True,False,False,no_promotion_shadow_or_reject,False,False,False,"{""live_notional_fraction"": 0.3, ""parity"": true, ""recorded"": true, ""replay_notional_fraction"": 0.3, ""sizing_mode"": ""notional_fraction_equals_leverage_times_allocation_fraction""}",0,0,locked_oos_trade_event_count_11_below_20
442,a30fb_voladj_trend_4h_bnbusdt_lb12_z2p0_hold4_cool2_low_vol_q70_3p0x_0p1_a3b3a69c,volatility_adjusted_trend_persistence,BNBUSDT,4h,long_short,12,2.0,0.25,4,2,low_vol_q70,False,,,,,3.0,0.1,0.30000000000000004,0.05928711918479457,0.028012207084405993,0.009910058164889213,0.04067397361026126,0.0490703279341167,0.007758263927564513,1.0720418698653684,1.42972196940232,2.0020581250159686,110,32,11,382,111,45,2.116474400112474,0.031274912100388574,17.965793692361984,29.17938237958957,30.030479287543063,False,True,False,False,no_promotion_shadow_or_reject,False,False,False,"{""live_notional_fraction"": 0.30000000000000004, ""parity"": true, ""recorded"": true, ""replay_notional_fraction"": 0.30000000000000004, ""sizing_mode"": ""notional_fraction_equals_leverage_times_allocation_fraction""}",0,0,locked_oos_trade_event_count_11_below_20
449,a30fb_donchian_atr_30m_ethusdt_lb12_atr0p5_hold8_3p0x_0p1_c8b080a8,donchian_atr_volatility_breakout,ETHUSDT,30m,long_short,12,0.5,0.0,8,2,btc_regime_mid_exit,False,,,,,3.0,0.1,0.30000000000000004,0.10557789618796765,0.05152168244751887,0.0015700336255648484,0.09365071301279093,0.04220541444495396,0.02776807647014279,0.7519013612676972,1.5339153880862502,0.19030203551386657,914,222,106,6085,1489,683,2.0491934884989758,0.05405621374044878,3.8503973810345595,7.735988355483312,0.49372126590089566,True,False,False,False,train_dominant_shadow_until_execution_efficiency,False,False,False,"{""live_notional_fraction"": 0.30000000000000004, ""parity"": true, ""recorded"": true, ""replay_notional_fraction"": 0.30000000000000004, ""sizing_mode"": ""notional_fraction_equals_leverage_times_allocation_fraction""}",0,0,train_return_per_turnover_proxy_bps_3.850_not_above_10.000;validation_return_per_turnover_proxy_bps_7.736_not_above_10.000;locked_oos_return_per_turnover_proxy_bps_0.494_not_above_10.000
450,a30fb_donchian_atr_30m_ethusdt_lb12_atr0p5_hold8_2p0x_0p15_dd6d5130,donchian_atr_volatility_breakout,ETHUSDT,30m,long_short,12,0.5,0.0,8,2,btc_regime_mid_exit,False,,,,,2.0,0.15,0.3,0.10557789618796765,0.051521682447517314,0.0015700336255648484,0.09365071301279093,0.04220541444495396,0.027768076470142677,0.7519013612676971,1.5339153880862502,0.19030203551386696,914,222,106,6085,1489,683,2.049193488499038,0.05405621374045033,3.8503973810345604,7.73598835548308,0.49372126590089577,True,False,False,False,train_dominant_shadow_until_execution_efficiency,False,False,False,"{""live_notional_fraction"": 0.3, ""parity"": true, ""recorded"": true, ""replay_notional_fraction"": 0.3, ""sizing_mode"": ""notional_fraction_equals_leverage_times_allocation_fraction""}",0,0,train_return_per_turnover_proxy_bps_3.850_not_above_10.000;validation_return_per_turnover_proxy_bps_7.736_not_above_10.000;locked_oos_return_per_turnover_proxy_bps_0.494_not_above_10.000
452,a30fb_voladj_trend_4h_trxusdt_lb6_z1p5_hold12_cool2_low_vol_q70_3p0x_0p1_6fa819a1,volatility_adjusted_trend_persistence,TRXUSDT,4h,long_short,6,1.5,0.25,12,2,low_vol_q70,False,,,,,3.0,0.1,0.30000000000000004,0.11565714434561447,0.02347651127150807,0.002120933332841579,0.05585685294732412,0.016184977633475373,0.013935622349335763,1.2061782808683454,1.6417559887752218,0.422228024698457,195,52,29,1295,316,177,4.926504752261896,0.0921806330741064,19.77045202489136,15.049045686864146,2.4378544055650333,True,False,False,False,train_dominant_shadow_until_execution_efficiency,False,False,False,"{""live_notional_fraction"": 0.30000000000000004, ""parity"": true, ""recorded"": true, ""replay_notional_fraction"": 0.30000000000000004, ""sizing_mode"": ""notional_fraction_equals_leverage_times_allocation_fraction""}",0,0,locked_oos_return_per_turnover_proxy_bps_2.438_not_above_10.000
453,a30fb_voladj_trend_4h_trxusdt_lb6_z1p5_hold12_cool2_low_vol_q70_2p0x_0p15_1ea8ea41,volatility_adjusted_trend_persistence,TRXUSDT,4h,long_short,6,1.5,0.25,12,2,low_vol_q70,False,,,,,2.0,0.15,0.3,0.11565714434561425,0.02347651127150807,0.002120933332841579,0.05585685294732412,0.016184977633475373,0.013935622349335763,1.2061782808683454,1.6417559887752222,0.4222280246984561,195,52,29,1295,316,177,4.926504752261886,0.09218063307410618,19.770452024891327,15.049045686864147,2.4378544055650337,True,False,False,False,train_dominant_shadow_until_execution_efficiency,False,False,False,"{""live_notional_fraction"": 0.3, ""parity"": true, ""recorded"": true, ""replay_notional_fraction"": 0.3, ""sizing_mode"": ""notional_fraction_equals_leverage_times_allocation_fraction""}",0,0,locked_oos_return_per_turnover_proxy_bps_2.438_not_above_10.000
458,a30fb_voladj_trend_4h_trxusdt_lb6_z1p5_hold12_cool2_adx15_3p0x_0p15_cca555d7,volatility_adjusted_trend_persistence,TRXUSDT,4h,long_short,6,1.5,0.25,12,2,adx15,False,,,,,3.0,0.15,0.44999999999999996,0.1349142742436873,0.029576296641619093,0.011824956187697966,0.07622125655042,0.02420577956060277,0.017614656000655593,0.9469901278651767,1.3265952796381033,1.4074764610809516,199,52,25,1413,333,192,4.561567524104387,0.1053379776020682,15.065803935643471,12.63944300923893,10.511072166842638,True,True,True,True,paper_testnet_candidate_after_fill_preflight,True,False,False,"{""live_notional_fraction"": 0.44999999999999996, ""parity"": true, ""recorded"": true, ""replay_notional_fraction"": 0.44999999999999996, ""sizing_mode"": ""notional_fraction_equals_leverage_times_allocation_fraction""}",0,0,
459,a30fb_voladj_trend_4h_trxusdt_lb6_z1p5_hold12_cool2_none_3p0x_0p15_c555caef,volatility_adjusted_trend_persistence,TRXUSDT,4h,long_short,6,1.5,0.25,12,2,none,False,,,,,3.0,0.15,0.44999999999999996,0.13277671699059757,0.029576296641619093,0.011824956187697966,0.07653662071205447,0.02420577956060277,0.017614656000655593,0.9275507476703265,1.3265952796381033,1.4074764610809516,199,52,25,1430,333,192,4.489294876889934,0.10320042034897847,14.827104074885266,12.63944300923893,10.511072166842638,True,True,True,True,paper_testnet_candidate_after_fill_preflight,True,False,False,"{""live_notional_fraction"": 0.44999999999999996, ""parity"": true, ""recorded"": true, ""replay_notional_fraction"": 0.44999999999999996, ""sizing_mode"": ""notional_fraction_equals_leverage_times_allocation_fraction""}",0,0,
460,a30fb_voladj_trend_4h_bnbusdt_lb12_z2p0_hold4_cool0_low_vol_q70_2p0x_0p15_0ce85167,volatility_adjusted_trend_persistence,BNBUSDT,4h,long_short,12,2.0,0.25,4,0,low_vol_q70,False,,,,,2.0,0.15,0.3,0.04850883212589885,0.028012207084405993,0.011093708647715417,0.05043515271669252,0.0490703279341167,0.007758263927564957,0.8820654374476007,1.4297219694023198,2.2323335317323645,112,32,11,386,111,46,1.7317033241876554,0.020496625041492855,14.437152418422276,29.179382379589576,33.61729893247096,False,True,False,False,no_promotion_shadow_or_reject,False,False,False,"{""live_notional_fraction"": 0.3, ""parity"": true, ""recorded"": true, ""replay_notional_fraction"": 0.3, ""sizing_mode"": ""notional_fraction_equals_leverage_times_allocation_fraction""}",0,0,locked_oos_trade_event_count_11_below_20
461,a30fb_voladj_trend_4h_bnbusdt_lb12_z2p0_hold4_cool0_low_vol_q70_3p0x_0p1_a0e2210d,volatility_adjusted_trend_persistence,BNBUSDT,4h,long_short,12,2.0,0.25,4,0,low_vol_q70,False,,,,,3.0,0.1,0.30000000000000004,0.04850883212589863,0.028012207084405993,0.011093708647715417,0.05043515271669252,0.0490703279341167,0.007758263927564957,0.8820654374476007,1.42972196940232,2.2323335317323645,112,32,11,386,111,46,1.7317033241876474,0.020496625041492633,14.437152418422206,29.17938237958957,33.61729893247095,False,True,False,False,no_promotion_shadow_or_reject,False,False,False,"{""live_notional_fraction"": 0.30000000000000004, ""parity"": true, ""recorded"": true, ""replay_notional_fraction"": 0.30000000000000004, ""sizing_mode"": ""notional_fraction_equals_leverage_times_allocation_fraction""}",0,0,locked_oos_trade_event_count_11_below_20
469,a30fb_voladj_trend_4h_trxusdt_lb6_z1p5_hold12_cool2_adx20_low_vol_q75_2p0x_0p15_63f1d28c,volatility_adjusted_trend_persistence,TRXUSDT,4h,long_short,6,1.5,0.25,12,2,adx20_low_vol_q75,False,,,,,2.0,0.15,0.3,0.12290735798302266,0.021985848611739245,0.002120933332841579,0.04693984303100773,0.016153209264467172,0.013935622349335763,1.2626433543507138,1.5587391194588274,0.4222280246984561,197,50,29,1303,304,177,5.590294018371291,0.10092150937128341,20.79650727293108,14.657232407826164,2.4378544055650337,True,False,False,False,train_dominant_shadow_until_execution_efficiency,False,False,False,"{""live_notional_fraction"": 0.3, ""parity"": true, ""recorded"": true, ""replay_notional_fraction"": 0.3, ""sizing_mode"": ""notional_fraction_equals_leverage_times_allocation_fraction""}",0,0,locked_oos_return_per_turnover_proxy_bps_2.438_not_above_10.000
470,a30fb_voladj_trend_4h_trxusdt_lb6_z1p5_hold12_cool2_adx20_low_vol_q75_3p0x_0p1_c9c4ba31,volatility_adjusted_trend_persistence,TRXUSDT,4h,long_short,6,1.5,0.25,12,2,adx20_low_vol_q75,False,,,,,3.0,0.1,0.30000000000000004,0.12290735798302266,0.021985848611739245,0.002120933332841579,0.04693984303100773,0.016153209264467172,0.013935622349335763,1.2626433543507136,1.5587391194588276,0.422228024698457,197,50,29,1303,304,177,5.590294018371291,0.10092150937128341,20.796507272931073,14.657232407826163,2.4378544055650333,True,False,False,False,train_dominant_shadow_until_execution_efficiency,False,False,False,"{""live_notional_fraction"": 0.30000000000000004, ""parity"": true, ""recorded"": true, ""replay_notional_fraction"": 0.30000000000000004, ""sizing_mode"": ""notional_fraction_equals_leverage_times_allocation_fraction""}",0,0,locked_oos_return_per_turnover_proxy_bps_2.438_not_above_10.000
508,a30fb_donchian_atr_4h_solusdt_lb24_atr0p5_hold8_3p0x_0p15_58f3e37f,donchian_atr_volatility_breakout,SOLUSDT,4h,long_short,24,0.5,0.0,8,2,btc_regime_mid_exit,False,,,,,3.0,0.15,0.44999999999999996,0.05150948634759911,0.0665269259074952,0.014717221604055197,0.1346652755570228,0.13273764939491295,0.05377335361080615,0.3242981374427389,1.4424076284006195,0.9341073000214667,82,14,9,813,166,105,0.7742652414034936,-0.015017439559896095,13.959210392303284,105.59829509126224,36.338818775444935,False,True,False,False,no_promotion_shadow_or_reject,False,False,False,"{""live_notional_fraction"": 0.44999999999999996, ""parity"": true, ""recorded"": true, ""replay_notional_fraction"": 0.44999999999999996, ""sizing_mode"": ""notional_fraction_equals_leverage_times_allocation_fraction""}",0,0,validation_trade_event_count_14_below_30;locked_oos_trade_event_count_9_below_20;train_return_below_validation_return;train_validation_return_ratio_0.7743_below_1.00;validation_mdd_0.1327_above_0.12
512,a30fb_voladj_trend_4h_trxusdt_lb6_z1p5_hold12_cool2_adx15_2p0x_0p15_b3875185,volatility_adjusted_trend_persistence,TRXUSDT,4h,long_short,6,1.5,0.25,12,2,adx15,False,,,,,2.0,0.15,0.3,0.09056259971007674,0.019860017961934595,0.007931809336055418,0.051209885937149036,0.016184977633475484,0.011755907154605283,0.9469901278651769,1.326595279638104,1.4074764610809518,199,52,25,1413,333,192,4.560046213636702,0.07070258174814215,15.169614691805151,12.73078074482987,10.575745781407223,False,True,False,False,no_promotion_shadow_or_reject,False,False,False,"{""live_notional_fraction"": 0.3, ""parity"": true, ""recorded"": true, ""replay_notional_fraction"": 0.3, ""sizing_mode"": ""notional_fraction_equals_leverage_times_allocation_fraction""}",0,0,validation_return_0.0199_below_0.02
513,a30fb_voladj_trend_4h_trxusdt_lb6_z1p5_hold12_cool2_adx15_3p0x_0p1_566c20e6,volatility_adjusted_trend_persistence,TRXUSDT,4h,long_short,6,1.5,0.25,12,2,adx15,False,,,,,3.0,0.1,0.30000000000000004,0.09056259971007674,0.019860017961934595,0.007931809336055418,0.051209885937149036,0.016184977633475484,0.011755907154605283,0.9469901278651771,1.3265952796381044,1.407476461080952,199,52,25,1413,333,192,4.560046213636702,0.07070258174814215,15.169614691805148,12.730780744829868,10.575745781407221,False,True,False,False,no_promotion_shadow_or_reject,False,False,False,"{""live_notional_fraction"": 0.30000000000000004, ""parity"": true, ""recorded"": true, ""replay_notional_fraction"": 0.30000000000000004, ""sizing_mode"": ""notional_fraction_equals_leverage_times_allocation_fraction""}",0,0,validation_return_0.0199_below_0.02
516,a30fb_voladj_trend_4h_trxusdt_lb6_z1p5_hold12_cool2_none_3p0x_0p1_d75d9e4e,volatility_adjusted_trend_persistence,TRXUSDT,4h,long_short,6,1.5,0.25,12,2,none,False,,,,,3.0,0.1,0.30000000000000004,0.089234770873726,0.019860017961934595,0.007931809336055418,0.051494585664469184,0.016184977633475484,0.011755907154605283,0.9275507476703269,1.3265952796381044,1.407476461080952,199,52,25,1430,333,192,4.493186816082492,0.0693747529117914,14.947197801294134,12.730780744829868,10.575745781407221,False,True,False,False,no_promotion_shadow_or_reject,False,False,False,"{""live_notional_fraction"": 0.30000000000000004, ""parity"": true, ""recorded"": true, ""replay_notional_fraction"": 0.30000000000000004, ""sizing_mode"": ""notional_fraction_equals_leverage_times_allocation_fraction""}",0,0,validation_return_0.0199_below_0.02
517,a30fb_voladj_trend_4h_trxusdt_lb6_z1p5_hold12_cool2_none_2p0x_0p15_19dee726,volatility_adjusted_trend_persistence,TRXUSDT,4h,long_short,6,1.5,0.25,12,2,none,False,,,,,2.0,0.15,0.3,0.08923477087372556,0.019860017961934595,0.007931809336055418,0.051494585664469184,0.016184977633475484,0.011755907154605283,0.9275507476703269,1.326595279638104,1.4074764610809518,199,52,25,1430,333,192,4.49318681608247,0.06937475291179096,14.947197801294063,12.73078074482987,10.575745781407223,False,True,False,False,no_promotion_shadow_or_reject,False,False,False,"{""live_notional_fraction"": 0.3, ""parity"": true, ""recorded"": true, ""replay_notional_fraction"": 0.3, ""sizing_mode"": ""notional_fraction_equals_leverage_times_allocation_fraction""}",0,0,validation_return_0.0199_below_0.02
531,a30fb_voladj_trend_6h_solusdt_lb12_z1p5_hold12_cool0_adx20_low_vol_q75_2p0x_0p15_769d3a48,volatility_adjusted_trend_persistence,SOLUSDT,6h,long_short,12,1.5,0.25,12,0,adx20_low_vol_q75,False,,,,,2.0,0.15,0.3,0.09282887834720777,0.03522254102528821,0.016682660843551522,0.1207590909722045,0.13400022356414332,0.03193772555490726,0.6090581374771946,0.9291122200349021,1.6424295864184988,101,28,11,682,180,67,2.6354963510599867,0.057606337321919554,30.636593513929956,41.93159645867644,50.55351770773189,False,True,False,False,no_promotion_shadow_or_reject,False,False,False,"{""live_notional_fraction"": 0.3, ""parity"": true, ""recorded"": true, ""replay_notional_fraction"": 0.3, ""sizing_mode"": ""notional_fraction_equals_leverage_times_allocation_fraction""}",0,0,validation_trade_event_count_28_below_30;locked_oos_trade_event_count_11_below_20;validation_mdd_0.1340_above_0.12
532,a30fb_voladj_trend_6h_solusdt_lb12_z1p5_hold12_cool0_adx20_low_vol_q75_3p0x_0p1_a22e4f89,volatility_adjusted_trend_persistence,SOLUSDT,6h,long_short,12,1.5,0.25,12,0,adx20_low_vol_q75,False,,,,,3.0,0.1,0.30000000000000004,0.09282887834720821,0.03522254102528799,0.016682660843551522,0.1207590909722045,0.13400022356414354,0.03193772555490726,0.6090581374771946,0.9291122200349028,1.6424295864184988,101,28,11,682,180,67,2.635496351060016,0.05760633732192022,30.636593513930098,41.93159645867617,50.55351770773188,False,True,False,False,no_promotion_shadow_or_reject,False,False,False,"{""live_notional_fraction"": 0.30000000000000004, ""parity"": true, ""recorded"": true, ""replay_notional_fraction"": 0.30000000000000004, ""sizing_mode"": ""notional_fraction_equals_leverage_times_allocation_fraction""}",0,0,validation_trade_event_count_28_below_30;locked_oos_trade_event_count_11_below_20;validation_mdd_0.1340_above_0.12
550,a30fb_voladj_trend_6h_solusdt_lb6_z1p5_hold4_cool0_adx20_low_vol_q75_3p0x_0p1_daf5e909,volatility_adjusted_trend_persistence,SOLUSDT,6h,long_short,6,1.5,0.25,4,0,adx20_low_vol_q75,False,,,,,3.0,0.1,0.30000000000000004,0.07733130543280553,0.03814821657697465,0.002862201390626984,0.1622120921037502,0.09052531829099952,0.030671176115934062,0.585830343661115,1.0447926783859207,0.28290548975700786,216,58,31,567,152,76,2.027127671270506,0.03918308885583088,11.933843430988505,21.92426240056014,3.0776359038999823,True,False,False,False,train_dominant_shadow_until_execution_efficiency,False,False,False,"{""live_notional_fraction"": 0.30000000000000004, ""parity"": true, ""recorded"": true, ""replay_notional_fraction"": 0.30000000000000004, ""sizing_mode"": ""notional_fraction_equals_leverage_times_allocation_fraction""}",0,0,locked_oos_return_per_turnover_proxy_bps_3.078_not_above_10.000
551,a30fb_voladj_trend_6h_solusdt_lb6_z1p5_hold4_cool0_adx20_low_vol_q75_2p0x_0p15_2bdd46d9,volatility_adjusted_trend_persistence,SOLUSDT,6h,long_short,6,1.5,0.25,4,0,adx20_low_vol_q75,False,,,,,2.0,0.15,0.3,0.07733130543280509,0.03814821657697465,0.002862201390626984,0.1622120921037502,0.09052531829099952,0.030671176115934062,0.585830343661115,1.0447926783859218,0.2829054897570077,216,58,31,567,152,76,2.0271276712704944,0.03918308885583044,11.93384343098844,21.924262400560146,3.077635903899983,True,False,False,False,train_dominant_shadow_until_execution_efficiency,False,False,False,"{""live_notional_fraction"": 0.3, ""parity"": true, ""recorded"": true, ""replay_notional_fraction"": 0.3, ""sizing_mode"": ""notional_fraction_equals_leverage_times_allocation_fraction""}",0,0,locked_oos_return_per_turnover_proxy_bps_3.078_not_above_10.000
557,a30fb_voladj_trend_6h_solusdt_lb24_z1p0_hold8_cool2_adx20_low_vol_q75_2p0x_0p15_e4ffc4f0,volatility_adjusted_trend_persistence,SOLUSDT,6h,long_short,24,1.0,0.25,8,2,adx20_low_vol_q75,False,,,,,2.0,0.15,0.3,0.02163534527054667,0.04539336146960271,0.004998452271234077,0.11621755250295895,0.0542348924298276,0.02330395622903192,0.22455606198402056,1.4730464042261067,0.6362092697283659,70,20,10,471,119,41,0.4766191480451299,-0.023758016199056042,10.302545366926985,75.65560244933785,16.66150757078026,False,True,False,False,no_promotion_shadow_or_reject,False,False,False,"{""live_notional_fraction"": 0.3, ""parity"": true, ""recorded"": true, ""replay_notional_fraction"": 0.3, ""sizing_mode"": ""notional_fraction_equals_leverage_times_allocation_fraction""}",0,0,train_trade_event_count_70_below_80;validation_trade_event_count_20_below_30;locked_oos_trade_event_count_10_below_20;train_return_below_validation_return;train_validation_return_ratio_0.4766_below_1.00
558,a30fb_voladj_trend_6h_solusdt_lb24_z1p0_hold8_cool2_adx20_low_vol_q75_3p0x_0p1_ae76f02b,volatility_adjusted_trend_persistence,SOLUSDT,6h,long_short,24,1.0,0.25,8,2,adx20_low_vol_q75,False,,,,,3.0,0.1,0.30000000000000004,0.02163534527054667,0.04539336146960271,0.004998452271234077,0.11621755250295895,0.0542348924298276,0.02330395622903203,0.22455606198402023,1.4730464042261067,0.6362092697283662,70,20,10,471,119,41,0.4766191480451299,-0.023758016199056042,10.302545366926983,75.65560244933785,16.661507570780255,False,True,False,False,no_promotion_shadow_or_reject,False,False,False,"{""live_notional_fraction"": 0.30000000000000004, ""parity"": true, ""recorded"": true, ""replay_notional_fraction"": 0.30000000000000004, ""sizing_mode"": ""notional_fraction_equals_leverage_times_allocation_fraction""}",0,0,train_trade_event_count_70_below_80;validation_trade_event_count_20_below_30;locked_oos_trade_event_count_10_below_20;train_return_below_validation_return;train_validation_return_ratio_0.4766_below_1.00
582,a30fb_voladj_trend_6h_solusdt_lb12_z1p5_hold12_cool2_adx20_low_vol_q75_2p0x_0p15_a8577049,volatility_adjusted_trend_persistence,SOLUSDT,6h,long_short,12,1.5,0.25,12,2,adx20_low_vol_q75,False,,,,,2.0,0.15,0.3,0.06789342843041157,0.03522254102528821,0.016682660843551522,0.12778468515411978,0.13400022356414332,0.03193772555490726,0.4774954083562751,0.9291122200349021,1.6424295864184988,97,28,11,651,180,67,1.9275562311551322,0.03267088740512336,23.331075061997108,41.93159645867644,50.55351770773189,False,True,False,False,no_promotion_shadow_or_reject,False,False,False,"{""live_notional_fraction"": 0.3, ""parity"": true, ""recorded"": true, ""replay_notional_fraction"": 0.3, ""sizing_mode"": ""notional_fraction_equals_leverage_times_allocation_fraction""}",0,0,validation_trade_event_count_28_below_30;locked_oos_trade_event_count_11_below_20;validation_mdd_0.1340_above_0.12
583,a30fb_voladj_trend_6h_solusdt_lb12_z1p5_hold12_cool2_adx20_low_vol_q75_3p0x_0p1_2f229870,volatility_adjusted_trend_persistence,SOLUSDT,6h,long_short,12,1.5,0.25,12,2,adx20_low_vol_q75,False,,,,,3.0,0.1,0.30000000000000004,0.06789342843041246,0.03522254102528799,0.016682660843551522,0.12778468515411956,0.13400022356414354,0.03193772555490726,0.47749540835627513,0.9291122200349028,1.6424295864184988,97,28,11,651,180,67,1.9275562311551695,0.03267088740512447,23.331075061997407,41.93159645867617,50.55351770773188,False,True,False,False,no_promotion_shadow_or_reject,False,False,False,"{""live_notional_fraction"": 0.30000000000000004, ""parity"": true, ""recorded"": true, ""replay_notional_fraction"": 0.30000000000000004, ""sizing_mode"": ""notional_fraction_equals_leverage_times_allocation_fraction""}",0,0,validation_trade_event_count_28_below_30;locked_oos_trade_event_count_11_below_20;validation_mdd_0.1340_above_0.12
592,a30fb_voladj_trend_6h_ethusdt_lb6_z1p5_hold12_cool2_low_vol_q70_3p0x_0p1_8193015d,volatility_adjusted_trend_persistence,ETHUSDT,6h,long_short,6,1.5,0.25,12,2,low_vol_q70,False,,,,,3.0,0.1,0.30000000000000004,0.07997714612016771,0.039069252203833615,0.009755649131033994,0.13898966181498196,0.1361933632921165,0.030454869346048352,0.5573105012788454,0.9681331983055649,0.6695044294591058,135,36,21,857,229,127,2.0470610930280375,0.04090789391633409,19.747443486461158,36.17523352206816,15.485157350847608,False,True,False,False,no_promotion_shadow_or_reject,False,False,False,"{""live_notional_fraction"": 0.30000000000000004, ""parity"": true, ""recorded"": true, ""replay_notional_fraction"": 0.30000000000000004, ""sizing_mode"": ""notional_fraction_equals_leverage_times_allocation_fraction""}",0,0,validation_mdd_0.1362_above_0.12
593,a30fb_voladj_trend_6h_ethusdt_lb6_z1p5_hold12_cool2_low_vol_q70_2p0x_0p15_f23b1ee4,volatility_adjusted_trend_persistence,ETHUSDT,6h,long_short,6,1.5,0.25,12,2,low_vol_q70,False,,,,,2.0,0.15,0.3,0.07997714612016749,0.039069252203833615,0.009755649131033994,0.13898966181498174,0.1361933632921165,0.030454869346048352,0.5573105012788453,0.9681331983055657,0.6695044294591044,135,36,21,857,229,127,2.0470610930280317,0.04090789391633387,19.747443486461105,36.17523352206817,15.48515735084761,False,True,False,False,no_promotion_shadow_or_reject,False,False,False,"{""live_notional_fraction"": 0.3, ""parity"": true, ""recorded"": true, ""replay_notional_fraction"": 0.3, ""sizing_mode"": ""notional_fraction_equals_leverage_times_allocation_fraction""}",0,0,validation_mdd_0.1362_above_0.12
613,a30fb_voladj_trend_6h_ethusdt_lb24_z1p5_hold8_cool0_adx20_low_vol_q75_2p0x_0p15_6a158a5c,volatility_adjusted_trend_persistence,ETHUSDT,6h,long_short,24,1.5,0.25,8,0,adx20_low_vol_q75,False,,,,,2.0,0.15,0.3,0.06816893481911879,0.00756934219771388,0.01666487966879049,0.04325568252084022,0.04989033998679848,0.012909655439353962,0.869768278111895,0.34157615005332037,2.0708442077116276,38,14,2,244,86,12,9.005925883454895,0.06059959262140491,59.79731124484103,18.022243327890187,277.74799447984145,False,True,False,False,no_promotion_shadow_or_reject,False,False,False,"{""live_notional_fraction"": 0.3, ""parity"": true, ""recorded"": true, ""replay_notional_fraction"": 0.3, ""sizing_mode"": ""notional_fraction_equals_leverage_times_allocation_fraction""}",0,0,train_trade_event_count_38_below_80;validation_trade_event_count_14_below_30;locked_oos_trade_event_count_2_below_20;validation_return_0.0076_below_0.02
614,a30fb_voladj_trend_6h_ethusdt_lb24_z1p5_hold8_cool0_adx20_low_vol_q75_3p0x_0p1_4421e485,volatility_adjusted_trend_persistence,ETHUSDT,6h,long_short,24,1.5,0.25,8,0,adx20_low_vol_q75,False,,,,,3.0,0.1,0.30000000000000004,0.06816893481911857,0.00756934219771388,0.01666487966879049,0.04325568252084022,0.04989033998679848,0.012909655439353962,0.8697682781118947,0.34157615005331987,2.070844207711628,38,14,2,244,86,12,9.005925883454866,0.060599592621404685,59.797311244840834,18.022243327890184,277.7479944798414,False,True,False,False,no_promotion_shadow_or_reject,False,False,False,"{""live_notional_fraction"": 0.30000000000000004, ""parity"": true, ""recorded"": true, ""replay_notional_fraction"": 0.30000000000000004, ""sizing_mode"": ""notional_fraction_equals_leverage_times_allocation_fraction""}",0,0,train_trade_event_count_38_below_80;validation_trade_event_count_14_below_30;locked_oos_trade_event_count_2_below_20;validation_return_0.0076_below_0.02
615,a30fb_voladj_trend_6h_ethusdt_lb24_z1p5_hold8_cool2_adx20_low_vol_q75_2p0x_0p15_18727599,volatility_adjusted_trend_persistence,ETHUSDT,6h,long_short,24,1.5,0.25,8,2,adx20_low_vol_q75,False,,,,,2.0,0.15,0.3,0.06482146867970573,0.00756934219771388,0.01666487966879049,0.04325568252084022,0.04989033998679848,0.012909655439353962,0.8308027697082105,0.34157615005332037,2.0708442077116276,38,14,2,243,86,12,8.563685850969103,0.05725212648199185,56.86093743833836,18.022243327890187,277.74799447984145,False,True,False,False,no_promotion_shadow_or_reject,False,False,False,"{""live_notional_fraction"": 0.3, ""parity"": true, ""recorded"": true, ""replay_notional_fraction"": 0.3, ""sizing_mode"": ""notional_fraction_equals_leverage_times_allocation_fraction""}",0,0,train_trade_event_count_38_below_80;validation_trade_event_count_14_below_30;locked_oos_trade_event_count_2_below_20;validation_return_0.0076_below_0.02
616,a30fb_voladj_trend_6h_ethusdt_lb24_z1p5_hold8_cool2_adx20_low_vol_q75_3p0x_0p1_b457bd8e,volatility_adjusted_trend_persistence,ETHUSDT,6h,long_short,24,1.5,0.25,8,2,adx20_low_vol_q75,False,,,,,3.0,0.1,0.30000000000000004,0.06482146867970551,0.00756934219771388,0.01666487966879049,0.04325568252084022,0.04989033998679848,0.012909655439353962,0.8308027697082101,0.34157615005331987,2.070844207711628,38,14,2,243,86,12,8.563685850969074,0.05725212648199163,56.86093743833815,18.022243327890184,277.7479944798414,False,True,False,False,no_promotion_shadow_or_reject,False,False,False,"{""live_notional_fraction"": 0.30000000000000004, ""parity"": true, ""recorded"": true, ""replay_notional_fraction"": 0.30000000000000004, ""sizing_mode"": ""notional_fraction_equals_leverage_times_allocation_fraction""}",0,0,train_trade_event_count_38_below_80;validation_trade_event_count_14_below_30;locked_oos_trade_event_count_2_below_20;validation_return_0.0076_below_0.02
649,a30fb_donchian_atr_4h_solusdt_lb24_atr0p5_hold12_2p0x_0p15_8969fc0c,donchian_atr_volatility_breakout,SOLUSDT,4h,long_short,24,0.5,0.0,12,2,btc_regime_mid_exit,False,,,,,2.0,0.15,0.3,0.027218407378346354,0.037371188357883556,0.00938115493685876,0.09806453048695396,0.09688063667347446,0.03832160805610063,0.2424592774585865,1.2107389911699749,0.8009320516279037,82,14,9,841,168,126,0.7283259798347985,-0.010152780979537201,11.064393243230226,88.97901989972274,34.74501828466208,False,True,False,False,no_promotion_shadow_or_reject,False,False,False,"{""live_notional_fraction"": 0.3, ""parity"": true, ""recorded"": true, ""replay_notional_fraction"": 0.3, ""sizing_mode"": ""notional_fraction_equals_leverage_times_allocation_fraction""}",0,0,validation_trade_event_count_14_below_30;locked_oos_trade_event_count_9_below_20;train_return_below_validation_return;train_validation_return_ratio_0.7283_below_1.00
650,a30fb_donchian_atr_4h_solusdt_lb24_atr0p5_hold12_3p0x_0p1_eea9d52b,donchian_atr_volatility_breakout,SOLUSDT,4h,long_short,24,0.5,0.0,12,2,btc_regime_mid_exit,False,,,,,3.0,0.1,0.30000000000000004,0.027218407378346354,0.037371188357883334,0.009381154936858982,0.09806453048695396,0.09688063667347468,0.03832160805610063,0.24245927745858628,1.2107389911699749,0.8009320516279042,82,14,9,841,168,126,0.7283259798348029,-0.01015278097953698,11.064393243230223,88.9790198997222,34.7450182846629,False,True,False,False,no_promotion_shadow_or_reject,False,False,False,"{""live_notional_fraction"": 0.30000000000000004, ""parity"": true, ""recorded"": true, ""replay_notional_fraction"": 0.30000000000000004, ""sizing_mode"": ""notional_fraction_equals_leverage_times_allocation_fraction""}",0,0,validation_trade_event_count_14_below_30;locked_oos_trade_event_count_9_below_20;train_return_below_validation_return;train_validation_return_ratio_0.7283_below_1.00
664,a30fb_voladj_trend_6h_solusdt_lb6_z1p0_hold4_cool2_adx15_2p0x_0p15_b543cc65,volatility_adjusted_trend_persistence,SOLUSDT,6h,long_short,6,1.0,0.25,4,2,adx15,False,,,,,2.0,0.15,0.3,0.03661147301282974,0.03149949512936523,7.457854928127894e-05,0.14816229495879518,0.06745961734834194,0.03228824585115886,0.2801361234805236,0.846710341392495,0.05797017072297038,258,66,31,872,221,95,1.1622876132607884,0.0051119778834645135,4.730164471941828,15.908835923921833,0.08019198847449349,True,False,False,False,train_dominant_shadow_until_execution_efficiency,False,False,False,"{""live_notional_fraction"": 0.3, ""parity"": true, ""recorded"": true, ""replay_notional_fraction"": 0.3, ""sizing_mode"": ""notional_fraction_equals_leverage_times_allocation_fraction""}",0,0,train_return_per_turnover_proxy_bps_4.730_not_above_10.000;locked_oos_return_per_turnover_proxy_bps_0.080_not_above_10.000
665,a30fb_voladj_trend_6h_solusdt_lb6_z1p0_hold4_cool2_adx15_3p0x_0p1_e40ddc15,volatility_adjusted_trend_persistence,SOLUSDT,6h,long_short,6,1.0,0.25,4,2,adx15,False,,,,,3.0,0.1,0.30000000000000004,0.03661147301282974,0.03149949512936523,7.457854928127894e-05,0.14816229495879518,0.06745961734834194,0.03228824585115886,0.2801361234805235,0.8467103413924951,0.05797017072297038,258,66,31,872,221,95,1.1622876132607884,0.0051119778834645135,4.730164471941827,15.908835923921831,0.08019198847449348,True,False,False,False,train_dominant_shadow_until_execution_efficiency,False,False,False,"{""live_notional_fraction"": 0.30000000000000004, ""parity"": true, ""recorded"": true, ""replay_notional_fraction"": 0.30000000000000004, ""sizing_mode"": ""notional_fraction_equals_leverage_times_allocation_fraction""}",0,0,train_return_per_turnover_proxy_bps_4.730_not_above_10.000;locked_oos_return_per_turnover_proxy_bps_0.080_not_above_10.000
675,a30fb_voladj_trend_6h_solusdt_lb12_z1p5_hold12_cool0_adx20_low_vol_q75_3p0x_0p15_326b10d2,volatility_adjusted_trend_persistence,SOLUSDT,6h,long_short,12,1.5,0.25,12,0,adx20_low_vol_q75,False,,,,,3.0,0.15,0.44999999999999996,0.13018075988424105,0.05065759560226857,0.024809070433278624,0.17653328956458025,0.19496175314357012,0.04758562169175529,0.6090581374771951,0.9291122200349025,1.642429586418499,101,28,11,682,180,67,2.56981718805484,0.07952316428197248,28.6426314376768,40.20444095418141,50.11933420864369,False,True,False,False,no_promotion_shadow_or_reject,False,False,False,"{""live_notional_fraction"": 0.44999999999999996, ""parity"": true, ""recorded"": true, ""replay_notional_fraction"": 0.44999999999999996, ""sizing_mode"": ""notional_fraction_equals_leverage_times_allocation_fraction""}",0,0,validation_trade_event_count_28_below_30;locked_oos_trade_event_count_11_below_20;validation_mdd_0.1950_above_0.12
694,a30fb_voladj_trend_6h_ethusdt_lb24_z1p5_hold8_cool0_low_vol_q70_2p0x_0p15_0261ae5a,volatility_adjusted_trend_persistence,ETHUSDT,6h,long_short,24,1.5,0.25,8,0,low_vol_q70,False,,,,,2.0,0.15,0.3,0.09751874993739018,0.00722208584065287,0.01666487966879049,0.045042295637501395,0.04989033998679848,0.012909655439353962,1.145799723514224,0.3282536501680394,2.0708442077116276,46,16,2,277,90,12,13.502851127642451,0.09029666409673731,70.66576082419579,15.046012168026811,277.74799447984145,False,True,False,False,no_promotion_shadow_or_reject,False,False,False,"{""live_notional_fraction"": 0.3, ""parity"": true, ""recorded"": true, ""replay_notional_fraction"": 0.3, ""sizing_mode"": ""notional_fraction_equals_leverage_times_allocation_fraction""}",0,0,train_trade_event_count_46_below_80;validation_trade_event_count_16_below_30;locked_oos_trade_event_count_2_below_20;validation_return_0.0072_below_0.02
695,a30fb_voladj_trend_6h_ethusdt_lb24_z1p5_hold8_cool0_low_vol_q70_3p0x_0p1_2ecddfe0,volatility_adjusted_trend_persistence,ETHUSDT,6h,long_short,24,1.5,0.25,8,0,low_vol_q70,False,,,,,3.0,0.1,0.30000000000000004,0.09751874993739018,0.00722208584065287,0.01666487966879049,0.045042295637501395,0.04989033998679848,0.012909655439353962,1.1457997235142237,0.32825365016803887,2.070844207711628,46,16,2,277,90,12,13.502851127642451,0.09029666409673731,70.66576082419577,15.046012168026808,277.7479944798414,False,True,False,False,no_promotion_shadow_or_reject,False,False,False,"{""live_notional_fraction"": 0.30000000000000004, ""parity"": true, ""recorded"": true, ""replay_notional_fraction"": 0.30000000000000004, ""sizing_mode"": ""notional_fraction_equals_leverage_times_allocation_fraction""}",0,0,train_trade_event_count_46_below_80;validation_trade_event_count_16_below_30;locked_oos_trade_event_count_2_below_20;validation_return_0.0072_below_0.02
696,a30fb_voladj_trend_6h_ethusdt_lb24_z1p5_hold8_cool2_low_vol_q70_2p0x_0p15_51582d39,volatility_adjusted_trend_persistence,ETHUSDT,6h,long_short,24,1.5,0.25,8,2,low_vol_q70,False,,,,,2.0,0.15,0.3,0.09325665419810347,0.00722208584065287,0.01666487966879049,0.04504229563750173,0.04989033998679848,0.012909655439353962,1.1003419445794644,0.3282536501680394,2.0708442077116276,46,16,2,275,90,12,12.912703650400417,0.0860345683574506,67.57728565079962,15.046012168026811,277.74799447984145,False,True,False,False,no_promotion_shadow_or_reject,False,False,False,"{""live_notional_fraction"": 0.3, ""parity"": true, ""recorded"": true, ""replay_notional_fraction"": 0.3, ""sizing_mode"": ""notional_fraction_equals_leverage_times_allocation_fraction""}",0,0,train_trade_event_count_46_below_80;validation_trade_event_count_16_below_30;locked_oos_trade_event_count_2_below_20;validation_return_0.0072_below_0.02
697,a30fb_voladj_trend_6h_ethusdt_lb24_z1p5_hold8_cool2_low_vol_q70_3p0x_0p1_109e8d1e,volatility_adjusted_trend_persistence,ETHUSDT,6h,long_short,24,1.5,0.25,8,2,low_vol_q70,False,,,,,3.0,0.1,0.30000000000000004,0.09325665419810347,0.00722208584065287,0.01666487966879049,0.04504229563750173,0.04989033998679848,0.012909655439353962,1.100341944579464,0.32825365016803887,2.070844207711628,46,16,2,275,90,12,12.912703650400417,0.0860345683574506,67.5772856507996,15.046012168026808,277.7479944798414,False,True,False,False,no_promotion_shadow_or_reject,False,False,False,"{""live_notional_fraction"": 0.30000000000000004, ""parity"": true, ""recorded"": true, ""replay_notional_fraction"": 0.30000000000000004, ""sizing_mode"": ""notional_fraction_equals_leverage_times_allocation_fraction""}",0,0,train_trade_event_count_46_below_80;validation_trade_event_count_16_below_30;locked_oos_trade_event_count_2_below_20;validation_return_0.0072_below_0.02
798,a30fb_voladj_trend_6h_solusdt_lb12_z1p5_hold12_cool2_adx20_low_vol_q75_3p0x_0p15_3cdf467e,volatility_adjusted_trend_persistence,SOLUSDT,6h,long_short,12,1.5,0.25,12,2,adx20_low_vol_q75,False,,,,,3.0,0.15,0.44999999999999996,0.09208043274692645,0.05065759560226857,0.024809070433278624,0.18648827330123008,0.19496175314357012,0.04758562169175529,0.4774954083562753,0.9291122200349025,1.642429586418499,97,28,11,651,180,67,1.8177023929418963,0.04142283714465789,21.095173596088536,40.20444095418141,50.11933420864369,False,True,False,False,no_promotion_shadow_or_reject,False,False,False,"{""live_notional_fraction"": 0.44999999999999996, ""parity"": true, ""recorded"": true, ""replay_notional_fraction"": 0.44999999999999996, ""sizing_mode"": ""notional_fraction_equals_leverage_times_allocation_fraction""}",0,0,validation_trade_event_count_28_below_30;locked_oos_trade_event_count_11_below_20;validation_mdd_0.1950_above_0.12
804,a30fb_voladj_trend_6h_ethusdt_lb6_z1p5_hold12_cool2_low_vol_q70_3p0x_0p15_7666623d,volatility_adjusted_trend_persistence,ETHUSDT,6h,long_short,6,1.5,0.25,12,2,low_vol_q70,False,,,,,3.0,0.15,0.44999999999999996,0.11145725355732328,0.05613903004594789,0.013918621927148989,0.20463766090635738,0.19837303364784187,0.045522083097824684,0.557310501278845,0.968133198305566,0.6695044294591039,135,36,21,857,229,127,1.9853790396111102,0.055318223511375386,18.346873013551157,34.65372225058512,14.728700452009512,False,True,False,False,no_promotion_shadow_or_reject,False,False,False,"{""live_notional_fraction"": 0.44999999999999996, ""parity"": true, ""recorded"": true, ""replay_notional_fraction"": 0.44999999999999996, ""sizing_mode"": ""notional_fraction_equals_leverage_times_allocation_fraction""}",0,0,validation_mdd_0.1984_above_0.12
829,a30fb_voladj_trend_6h_ethusdt_lb24_z1p5_hold8_cool0_adx20_low_vol_q75_3p0x_0p15_1bee4ddb,volatility_adjusted_trend_persistence,ETHUSDT,6h,long_short,24,1.5,0.25,8,0,adx20_low_vol_q75,False,,,,,3.0,0.15,0.44999999999999996,0.10138400807306835,0.010344288354233733,0.024907786838568757,0.06429090456985798,0.07404789157938862,0.019333633420786533,0.8697682781118949,0.34157615005331954,2.070844207711628,38,14,2,244,86,12,9.80096499645369,0.09103971971883462,59.2888936099815,16.41950532418053,276.75318709520843,False,True,False,False,no_promotion_shadow_or_reject,False,False,False,"{""live_notional_fraction"": 0.44999999999999996, ""parity"": true, ""recorded"": true, ""replay_notional_fraction"": 0.44999999999999996, ""sizing_mode"": ""notional_fraction_equals_leverage_times_allocation_fraction""}",0,0,train_trade_event_count_38_below_80;validation_trade_event_count_14_below_30;locked_oos_trade_event_count_2_below_20;validation_return_0.0103_below_0.02
830,a30fb_voladj_trend_6h_ethusdt_lb24_z1p5_hold8_cool2_adx20_low_vol_q75_3p0x_0p15_05c8723f,volatility_adjusted_trend_persistence,ETHUSDT,6h,long_short,24,1.5,0.25,8,2,adx20_low_vol_q75,False,,,,,3.0,0.15,0.44999999999999996,0.09621461324683667,0.010344288354233733,0.024907786838568757,0.06429090456985798,0.07404789157938862,0.019333633420786533,0.8308027697082104,0.34157615005331954,2.070844207711628,38,14,2,243,86,12,9.301230780893471,0.08587032489260293,56.26585569990449,16.41950532418053,276.75318709520843,False,True,False,False,no_promotion_shadow_or_reject,False,False,False,"{""live_notional_fraction"": 0.44999999999999996, ""parity"": true, ""recorded"": true, ""replay_notional_fraction"": 0.44999999999999996, ""sizing_mode"": ""notional_fraction_equals_leverage_times_allocation_fraction""}",0,0,train_trade_event_count_38_below_80;validation_trade_event_count_14_below_30;locked_oos_trade_event_count_2_below_20;validation_return_0.0103_below_0.02
891,a30fb_voladj_trend_6h_ethusdt_lb24_z1p5_hold8_cool0_low_vol_q70_3p0x_0p15_04577d20,volatility_adjusted_trend_persistence,ETHUSDT,6h,long_short,24,1.5,0.25,8,0,low_vol_q70,False,,,,,3.0,0.15,0.44999999999999996,0.1467461855536567,0.009821051460008556,0.024907786838568757,0.06691972461711038,0.07404789157938862,0.019333633420786533,1.1457997235142239,0.3282536501680385,2.070844207711628,46,16,2,277,90,12,14.94200352693487,0.13692513409364815,70.89187707906122,13.640349250011885,276.75318709520843,False,True,False,False,no_promotion_shadow_or_reject,False,False,False,"{""live_notional_fraction"": 0.44999999999999996, ""parity"": true, ""recorded"": true, ""replay_notional_fraction"": 0.44999999999999996, ""sizing_mode"": ""notional_fraction_equals_leverage_times_allocation_fraction""}",0,0,train_trade_event_count_46_below_80;validation_trade_event_count_16_below_30;locked_oos_trade_event_count_2_below_20;validation_return_0.0098_below_0.02
892,a30fb_voladj_trend_6h_ethusdt_lb24_z1p5_hold8_cool2_low_vol_q70_3p0x_0p15_1026ae3e,volatility_adjusted_trend_persistence,ETHUSDT,6h,long_short,24,1.5,0.25,8,2,low_vol_q70,False,,,,,3.0,0.15,0.44999999999999996,0.14007714270324234,0.009821051460008556,0.024907786838568757,0.0669197246171106,0.07404789157938862,0.019333633420786533,1.1003419445794644,0.3282536501680385,2.070844207711628,46,16,2,275,90,12,14.262947635865489,0.13025609124323378,67.67011724794317,13.640349250011885,276.75318709520843,False,True,False,False,no_promotion_shadow_or_reject,False,False,False,"{""live_notional_fraction"": 0.44999999999999996, ""parity"": true, ""recorded"": true, ""replay_notional_fraction"": 0.44999999999999996, ""sizing_mode"": ""notional_fraction_equals_leverage_times_allocation_fraction""}",0,0,train_trade_event_count_46_below_80;validation_trade_event_count_16_below_30;locked_oos_trade_event_count_2_below_20;validation_return_0.0098_below_0.02
990,a30fb_voladj_trend_6h_btcusdt_lb6_z1p0_hold8_cool2_low_vol_q70_3p0x_0p15_45cc03c1,volatility_adjusted_trend_persistence,BTCUSDT,6h,long_short,6,1.0,0.25,8,2,low_vol_q70,False,,,,,3.0,0.15,0.44999999999999996,0.1693120806601467,0.02718447561261539,0.009459417187737573,0.0823934427530546,0.10378703837896819,0.04938455116337204,1.0833050697473061,0.6784630016418475,0.6406427073304195,203,48,27,894,214,116,6.22826362637559,0.1421276050475313,18.534436853874844,12.58540537621083,7.78552854957825,True,False,False,False,train_dominant_shadow_until_execution_efficiency,False,False,False,"{""live_notional_fraction"": 0.44999999999999996, ""parity"": true, ""recorded"": true, ""replay_notional_fraction"": 0.44999999999999996, ""sizing_mode"": ""notional_fraction_equals_leverage_times_allocation_fraction""}",0,0,locked_oos_return_per_turnover_proxy_bps_7.786_not_above_10.000
1074,a30fb_voladj_trend_6h_solusdt_lb6_z1p0_hold4_cool2_adx20_low_vol_q75_3p0x_0p1_17e2cff4,volatility_adjusted_trend_persistence,SOLUSDT,6h,long_short,6,1.0,0.25,4,2,adx20_low_vol_q75,False,,,,,3.0,0.1,0.30000000000000004,0.2330525528289773,0.02316442175431721,0.0013030699299083626,0.12269502674656774,0.11226669796801847,0.030842246273472207,1.2854846861982288,0.664794959846107,0.1529271909200373,272,70,37,724,180,89,10.060797342611961,0.2098881310746601,28.560361866296233,11.030677025865335,1.1739368737913174,True,False,False,False,train_dominant_shadow_until_execution_efficiency,False,False,False,"{""live_notional_fraction"": 0.30000000000000004, ""parity"": true, ""recorded"": true, ""replay_notional_fraction"": 0.30000000000000004, ""sizing_mode"": ""notional_fraction_equals_leverage_times_allocation_fraction""}",0,0,locked_oos_return_per_turnover_proxy_bps_1.174_not_above_10.000
1075,a30fb_voladj_trend_6h_solusdt_lb6_z1p0_hold4_cool2_adx20_low_vol_q75_2p0x_0p15_aa03a778,volatility_adjusted_trend_persistence,SOLUSDT,6h,long_short,6,1.0,0.25,4,2,adx20_low_vol_q75,False,,,,,2.0,0.15,0.3,0.23305255282897708,0.02316442175431721,0.0013030699299083626,0.12269502674656774,0.11226669796801847,0.030842246273472207,1.2854846861982292,0.6647949598461081,0.15292719092003798,272,70,37,724,180,89,10.060797342611952,0.20988813107465987,28.560361866296212,11.030677025865337,1.1739368737913176,True,False,False,False,train_dominant_shadow_until_execution_efficiency,False,False,False,"{""live_notional_fraction"": 0.3, ""parity"": true, ""recorded"": true, ""replay_notional_fraction"": 0.3, ""sizing_mode"": ""notional_fraction_equals_leverage_times_allocation_fraction""}",0,0,locked_oos_return_per_turnover_proxy_bps_1.174_not_above_10.000
1162,a30fb_voladj_trend_6h_solusdt_lb6_z1p5_hold8_cool0_adx20_low_vol_q75_2p0x_0p15_42a64a56,volatility_adjusted_trend_persistence,SOLUSDT,6h,long_short,6,1.5,0.25,8,0,adx20_low_vol_q75,False,,,,,2.0,0.15,0.3,0.1950313566045767,0.018642848599633943,0.01791724235365133,0.142873201269891,0.13108869229659337,0.020851329814656205,1.154629367594914,0.5164086864203785,1.4057751921027402,168,46,25,747,218,103,10.461456872444172,0.17638850800494277,38.69669773900332,13.509310579444886,23.889656471535105,False,True,False,False,no_promotion_shadow_or_reject,False,False,False,"{""live_notional_fraction"": 0.3, ""parity"": true, ""recorded"": true, ""replay_notional_fraction"": 0.3, ""sizing_mode"": ""notional_fraction_equals_leverage_times_allocation_fraction""}",0,0,validation_return_0.0186_below_0.02;validation_mdd_0.1311_above_0.12
1163,a30fb_voladj_trend_6h_solusdt_lb6_z1p5_hold8_cool0_adx20_low_vol_q75_3p0x_0p1_2c38a1cf,volatility_adjusted_trend_persistence,SOLUSDT,6h,long_short,6,1.5,0.25,8,0,adx20_low_vol_q75,False,,,,,3.0,0.1,0.30000000000000004,0.19503135660457738,0.01864284859963372,0.01791724235365133,0.142873201269891,0.13108869229659348,0.020851329814656205,1.1546293675949135,0.5164086864203785,1.40577519210274,168,46,25,747,218,103,10.461456872444332,0.17638850800494366,38.69669773900344,13.509310579444723,23.8896564715351,False,True,False,False,no_promotion_shadow_or_reject,False,False,False,"{""live_notional_fraction"": 0.30000000000000004, ""parity"": true, ""recorded"": true, ""replay_notional_fraction"": 0.30000000000000004, ""sizing_mode"": ""notional_fraction_equals_leverage_times_allocation_fraction""}",0,0,validation_return_0.0186_below_0.02;validation_mdd_0.1311_above_0.12
1252,a30fb_voladj_trend_30m_ethusdt_lb12_z1p0_hold12_cool0_adx15_2p0x_0p15_cf558d73,volatility_adjusted_trend_persistence,ETHUSDT,30m,long_short,12,1.0,0.25,12,0,adx15,False,,,,,2.0,0.15,0.3,0.1544075587845697,0.025474712195438842,0.005584970145426915,0.16211819135611838,0.06528820329715723,0.0387352547819062,0.8890906848231368,0.6991935243193496,0.4392236801359369,1577,381,201,11769,2802,1496,6.061209155180007,0.12893284658913085,3.263740409735145,2.228758722260616,0.9261973707175647,True,False,False,False,train_dominant_shadow_until_execution_efficiency,False,False,False,"{""live_notional_fraction"": 0.3, ""parity"": true, ""recorded"": true, ""replay_notional_fraction"": 0.3, ""sizing_mode"": ""notional_fraction_equals_leverage_times_allocation_fraction""}",0,0,train_return_per_turnover_proxy_bps_3.264_not_above_10.000;validation_return_per_turnover_proxy_bps_2.229_not_above_10.000;locked_oos_return_per_turnover_proxy_bps_0.926_not_above_10.000
1253,a30fb_voladj_trend_30m_ethusdt_lb12_z1p0_hold12_cool0_adx15_3p0x_0p1_f19d6bab,volatility_adjusted_trend_persistence,ETHUSDT,30m,long_short,12,1.0,0.25,12,0,adx15,False,,,,,3.0,0.1,0.30000000000000004,0.15440755878456813,0.025474712195438842,0.005584970145426915,0.16211819135611882,0.06528820329715745,0.03873525478190576,0.8890906848231368,0.6991935243193502,0.439223680135937,1577,381,201,11769,2802,1496,6.061209155179946,0.1289328465891293,3.2637404097351115,2.2287587222606158,0.9261973707175646,True,False,False,False,train_dominant_shadow_until_execution_efficiency,False,False,False,"{""live_notional_fraction"": 0.30000000000000004, ""parity"": true, ""recorded"": true, ""replay_notional_fraction"": 0.30000000000000004, ""sizing_mode"": ""notional_fraction_equals_leverage_times_allocation_fraction""}",0,0,train_return_per_turnover_proxy_bps_3.264_not_above_10.000;validation_return_per_turnover_proxy_bps_2.229_not_above_10.000;locked_oos_return_per_turnover_proxy_bps_0.926_not_above_10.000
1264,a30fb_voladj_trend_6h_solusdt_lb6_z1p5_hold12_cool2_adx20_low_vol_q75_2p0x_0p15_6e105e50,volatility_adjusted_trend_persistence,SOLUSDT,6h,long_short,6,1.5,0.25,12,2,adx20_low_vol_q75,False,,,,,2.0,0.15,0.3,0.2064649098045921,0.015040269529213113,0.01591181392477492,0.12483108072573346,0.13888675503227388,0.033938073860175555,1.119532933044739,0.43348395717297333,1.1304888611046804,137,34,17,890,218,115,13.727474059129715,0.19142464027537898,50.2347712419932,14.745362283542267,31.199635146617496,False,True,False,False,no_promotion_shadow_or_reject,False,False,False,"{""live_notional_fraction"": 0.3, ""parity"": true, ""recorded"": true, ""replay_notional_fraction"": 0.3, ""sizing_mode"": ""notional_fraction_equals_leverage_times_allocation_fraction""}",0,0,locked_oos_trade_event_count_17_below_20;validation_return_0.0150_below_0.02;validation_mdd_0.1389_above_0.12
1265,a30fb_voladj_trend_6h_solusdt_lb6_z1p5_hold12_cool2_adx20_low_vol_q75_3p0x_0p1_bc9f2fe4,volatility_adjusted_trend_persistence,SOLUSDT,6h,long_short,6,1.5,0.25,12,2,adx20_low_vol_q75,False,,,,,3.0,0.1,0.30000000000000004,0.20646490980459276,0.015040269529213113,0.01591181392477492,0.12483108072573346,0.13888675503227388,0.033938073860175555,1.119532933044739,0.4334839571729723,1.1304888611046802,137,34,17,890,218,115,13.727474059129758,0.19142464027537964,50.23477124199336,14.745362283542265,31.19963514661749,False,True,False,False,no_promotion_shadow_or_reject,False,False,False,"{""live_notional_fraction"": 0.30000000000000004, ""parity"": true, ""recorded"": true, ""replay_notional_fraction"": 0.30000000000000004, ""sizing_mode"": ""notional_fraction_equals_leverage_times_allocation_fraction""}",0,0,locked_oos_trade_event_count_17_below_20;validation_return_0.0150_below_0.02;validation_mdd_0.1389_above_0.12
1320,a30fb_voladj_trend_30m_ethusdt_lb12_z1p0_hold12_cool0_adx15_3p0x_0p15_723a6596,volatility_adjusted_trend_persistence,ETHUSDT,30m,long_short,12,1.0,0.25,12,0,adx15,False,,,,,3.0,0.15,0.44999999999999996,0.22543958693239396,0.0358188121385159,0.00775984146591524,0.23593796793277422,0.09786679727189185,0.05772725860497363,0.8890906848231365,0.69919352431935,0.43922368013593627,1577,381,201,11769,2802,1496,6.293887861512281,0.18962077479387807,3.1767714638539277,2.0891695618848587,0.8579150321631003,True,False,False,False,train_dominant_shadow_until_execution_efficiency,False,False,False,"{""live_notional_fraction"": 0.44999999999999996, ""parity"": true, ""recorded"": true, ""replay_notional_fraction"": 0.44999999999999996, ""sizing_mode"": ""notional_fraction_equals_leverage_times_allocation_fraction""}",0,0,train_return_per_turnover_proxy_bps_3.177_not_above_10.000;validation_return_per_turnover_proxy_bps_2.089_not_above_10.000;locked_oos_return_per_turnover_proxy_bps_0.858_not_above_10.000
1394,a30fb_voladj_trend_6h_solusdt_lb6_z1p5_hold12_cool0_adx15_3p0x_0p1_320f9c55,volatility_adjusted_trend_persistence,SOLUSDT,6h,long_short,6,1.5,0.25,12,0,adx15,False,,,,,3.0,0.1,0.30000000000000004,0.05803967209713545,0.01854005770638656,0.00809318787502633,0.1734670073454323,0.13340908129778828,0.051084350752704566,0.3828668875871599,0.4961284311251741,0.5995394886697102,143,34,17,992,230,128,3.1305011568082834,0.039499614390748894,13.529061094903367,18.176527163124078,15.868995833384961,False,True,False,False,no_promotion_shadow_or_reject,False,False,False,"{""live_notional_fraction"": 0.30000000000000004, ""parity"": true, ""recorded"": true, ""replay_notional_fraction"": 0.30000000000000004, ""sizing_mode"": ""notional_fraction_equals_leverage_times_allocation_fraction""}",0,0,locked_oos_trade_event_count_17_below_20;validation_return_0.0185_below_0.02;validation_mdd_0.1334_above_0.12
1395,a30fb_voladj_trend_6h_solusdt_lb6_z1p5_hold12_cool0_adx15_2p0x_0p15_20cc7e5b,volatility_adjusted_trend_persistence,SOLUSDT,6h,long_short,6,1.5,0.25,12,0,adx15,False,,,,,2.0,0.15,0.3,0.05803967209713523,0.01854005770638656,0.00809318787502633,0.17346700734543186,0.13340908129778828,0.051084350752704566,0.3828668875871602,0.4961284311251744,0.59953948866971,143,34,17,992,230,128,3.1305011568082715,0.03949961439074867,13.52906109490332,18.176527163124078,15.868995833384963,False,True,False,False,no_promotion_shadow_or_reject,False,False,False,"{""live_notional_fraction"": 0.3, ""parity"": true, ""recorded"": true, ""replay_notional_fraction"": 0.3, ""sizing_mode"": ""notional_fraction_equals_leverage_times_allocation_fraction""}",0,0,locked_oos_trade_event_count_17_below_20;validation_return_0.0185_below_0.02;validation_mdd_0.1334_above_0.12
1669,a30fb_voladj_trend_6h_solusdt_lb6_z1p5_hold8_cool0_adx20_low_vol_q75_3p0x_0p15_702d4894,volatility_adjusted_trend_persistence,SOLUSDT,6h,long_short,6,1.5,0.25,8,0,adx20_low_vol_q75,False,,,,,3.0,0.15,0.44999999999999996,0.29294798372743935,0.02523787936520172,0.026480098350905923,0.20797125717326748,0.19110704192946004,0.031237051430941243,1.1546293675949135,0.5164086864203786,1.40577519210274,168,46,25,747,218,103,11.607472224126699,0.26771010436223763,38.74973329728034,12.192212253720639,23.537865200805268,False,True,False,False,no_promotion_shadow_or_reject,False,False,False,"{""live_notional_fraction"": 0.44999999999999996, ""parity"": true, ""recorded"": true, ""replay_notional_fraction"": 0.44999999999999996, ""sizing_mode"": ""notional_fraction_equals_leverage_times_allocation_fraction""}",0,0,validation_mdd_0.1911_above_0.12
1927,a30fb_voladj_trend_6h_solusdt_lb6_z1p5_hold12_cool2_adx20_low_vol_q75_3p0x_0p15_99412af1,volatility_adjusted_trend_persistence,SOLUSDT,6h,long_short,6,1.5,0.25,12,2,adx20_low_vol_q75,False,,,,,3.0,0.15,0.44999999999999996,0.30880368631136546,0.0197984797541646,0.023314906621640485,0.1820321493213619,0.201917430443452,0.0507455834498185,1.1195329330447388,0.43348395717297283,1.1304888611046797,137,34,17,890,218,115,15.597343338768663,0.28900520655720086,50.08981124271946,12.940182845859217,30.477002119791486,False,True,False,False,no_promotion_shadow_or_reject,False,False,False,"{""live_notional_fraction"": 0.44999999999999996, ""parity"": true, ""recorded"": true, ""replay_notional_fraction"": 0.44999999999999996, ""sizing_mode"": ""notional_fraction_equals_leverage_times_allocation_fraction""}",0,0,locked_oos_trade_event_count_17_below_20;validation_return_0.0198_below_0.02;validation_mdd_0.2019_above_0.12
2081,a30fb_voladj_trend_6h_solusdt_lb6_z1p5_hold12_cool0_adx15_3p0x_0p15_b8b2b78c,volatility_adjusted_trend_persistence,SOLUSDT,6h,long_short,6,1.5,0.25,12,0,adx15,False,,,,,3.0,0.15,0.44999999999999996,0.07231803581860508,0.024752883185700014,0.011509054048226997,0.2507769628712936,0.1944757678467779,0.07595664921781176,0.38286688758716025,0.49612843112517413,0.5995394886697092,143,34,17,992,230,128,2.9216004970436704,0.04756515263290506,11.238234004445234,16.178355023333342,15.044515095721566,False,True,False,False,no_promotion_shadow_or_reject,False,False,False,"{""live_notional_fraction"": 0.44999999999999996, ""parity"": true, ""recorded"": true, ""replay_notional_fraction"": 0.44999999999999996, ""sizing_mode"": ""notional_fraction_equals_leverage_times_allocation_fraction""}",0,0,locked_oos_trade_event_count_17_below_20;validation_mdd_0.1945_above_0.12
2236,a30fb_donchian_atr_2h_solusdt_lb12_atr0p25_hold12_3p0x_0p15_0d17e65e,donchian_atr_volatility_breakout,SOLUSDT,2h,long_short,12,0.25,0.0,12,2,btc_regime_mid_exit,False,,,,,3.0,0.15,0.44999999999999996,0.06982805924090663,0.3740647700509965,-0.02992005537937481,0.2782491237864978,0.05267738393447652,0.10114954482639749,0.3780718641223904,5.3448211849318215,-1.2132744229914525,292,65,44,2444,598,332,0.18667371223274226,-0.30423671081008985,5.314159759581936,127.88539147042616,-15.11113908049233,False,False,False,False,no_promotion_shadow_or_reject,False,False,False,"{""live_notional_fraction"": 0.44999999999999996, ""parity"": true, ""recorded"": true, ""replay_notional_fraction"": 0.44999999999999996, ""sizing_mode"": ""notional_fraction_equals_leverage_times_allocation_fraction""}",0,0,train_return_below_validation_return;train_validation_return_ratio_0.1867_below_1.00;locked_oos_return_not_positive;train_return_per_turnover_proxy_bps_5.314_not_above_10.000;locked_oos_return_per_turnover_proxy_bps_-15.111_not_above_10.000
