rank,model_id,family,symbol,timeframe,side,lookback_bars,threshold,leverage,allocation_fraction,notional_fraction,train_return,validation_return,locked_oos_return,train_mdd,validation_mdd,locked_oos_mdd,train_sharpe,validation_sharpe,locked_oos_sharpe,train_trade_event_count,validation_trade_event_count,locked_oos_trade_event_count,train_exposure_bar_count,validation_exposure_bar_count,locked_oos_exposure_bar_count,train_validation_return_ratio,train_return_per_turnover_proxy_bps,validation_return_per_turnover_proxy_bps,locked_oos_return_per_turnover_proxy_bps,backtest_sample_gate_pass,execution_efficiency_proxy_gate_pass,paper_candidate_gate_pass,decision,ready_for_paper,ready_for_real,real_money_execution,locked_oos_liquidation_count,locked_oos_account_wipeout_count,rejection_reasons
1,htf_trend_4h_trxusdt_lb48_th0p005_5p0x_0p15_3a7d84a7,htf_trend_persistence,TRXUSDT,4h,long_only,48,0.005,5.0,0.15,0.75,-0.0843272385261915,0.15026180067313355,0.04497061776098321,0.20487436342073695,0.026585506512890156,0.019887237965554916,-0.4730674106367605,5.346202202831785,3.2023058506776314,234,43,34,691,190,143,-0.5612021029192219,-4.804970856193248,46.59280641027397,17.635536376856162,False,False,False,no_promotion_shadow_or_reject,False,False,False,0,0,train_return_not_positive;train_validation_return_ratio_-0.5612_below_0.50;train_return_per_turnover_proxy_bps_-4.805_not_above_10.000
2,htf_trend_4h_trxusdt_lb48_th0p01_5p0x_0p15_aef61c2e,htf_trend_persistence,TRXUSDT,4h,long_only,48,0.01,5.0,0.15,0.75,-0.09440854979607838,0.12794697224765805,0.03258952122499714,0.20089145198778857,0.03015987121505248,0.024429431149778025,-0.5516769225022673,4.6448222451604435,2.403248637941867,216,43,36,647,177,133,-0.7378724805878041,-5.827688259017184,39.67347976671567,12.07019304629524,False,False,False,no_promotion_shadow_or_reject,False,False,False,0,0,train_return_not_positive;train_validation_return_ratio_-0.7379_below_0.50;train_return_per_turnover_proxy_bps_-5.828_not_above_10.000
3,htf_trend_4h_trxusdt_lb48_th0p005_4p0x_0p15_f6ce2c65,htf_trend_persistence,TRXUSDT,4h,long_only,48,0.005,4.0,0.15,0.6,-0.06614159495469152,0.11876042572341139,0.03594408924120973,0.1663350683302669,0.021306013873593543,0.01591769724519332,-0.4730674106367603,5.346202202831783,3.202305850677632,234,43,34,691,190,143,-0.556932956006177,-4.710939811587715,46.031172761012165,17.6196515888283,False,False,False,no_promotion_shadow_or_reject,False,False,False,0,0,train_return_not_positive;train_validation_return_ratio_-0.5569_below_0.50;train_return_per_turnover_proxy_bps_-4.711_not_above_10.000
4,htf_trend_4h_trxusdt_lb48_th0p02_5p0x_0p15_f6f8a7f3,htf_trend_persistence,TRXUSDT,4h,long_only,48,0.02,5.0,0.15,0.75,-0.002424821033369051,0.10283489537197354,0.022986881057853736,0.09916765504291081,0.029032458686498508,0.023968579918234645,0.051947847766783135,4.035687131410974,1.8083078507744996,186,39,26,534,142,95,-0.023579749117242824,-0.1738222962988567,35.1572291869995,11.788144132232686,False,False,False,no_promotion_shadow_or_reject,False,False,False,0,0,train_return_not_positive;train_validation_return_ratio_-0.0236_below_0.50;train_return_per_turnover_proxy_bps_-0.174_not_above_10.000
5,htf_trend_6h_trxusdt_lb24_th0p005_5p0x_0p15_1a827f30,htf_trend_persistence,TRXUSDT,6h,long_only,24,0.005,5.0,0.15,0.75,-0.10287562872708356,0.10618336752914992,0.05275205115398762,0.14459284097917646,0.02292341177966961,0.017944307684886973,-0.5298105086191023,4.084028478926092,3.3386332885348873,174,34,26,434,117,88,-0.9688488048642994,-7.883189940772687,41.640536285941145,27.052333925121857,False,False,False,no_promotion_shadow_or_reject,False,False,False,0,0,train_return_not_positive;train_validation_return_ratio_-0.9688_below_0.50;train_return_per_turnover_proxy_bps_-7.883_not_above_10.000
6,htf_trend_4h_trxusdt_lb48_th0p005_5p0x_0p1_5dbaa18a,htf_trend_persistence,TRXUSDT,4h,long_only,48,0.005,5.0,0.1,0.5,-0.054357135034039605,0.09817024265623342,0.029934878090458916,0.1399655524441218,0.017775916248936374,0.013269110110594617,-0.4730674106367605,5.346202202831785,3.2023058506776314,234,43,34,691,190,143,-0.5537027673893413,-4.645908977268342,45.66057797964345,17.60875181791701,False,False,False,no_promotion_shadow_or_reject,False,False,False,0,0,train_return_not_positive;train_validation_return_ratio_-0.5537_below_0.50;train_return_per_turnover_proxy_bps_-4.646_not_above_10.000
7,htf_trend_4h_trxusdt_lb48_th0p01_4p0x_0p15_9ce33833,htf_trend_persistence,TRXUSDT,4h,long_only,48,0.01,4.0,0.15,0.6,-0.07442389602450195,0.10135836488354633,0.02610701908705959,0.16302611000586276,0.024179158655591948,0.01956950425737869,-0.5516769225022676,4.644822245160444,2.403248637941867,216,43,36,647,177,133,-0.7342649628376483,-5.742584569791817,39.28618793935904,12.08658291067574,False,False,False,no_promotion_shadow_or_reject,False,False,False,0,0,train_return_not_positive;train_validation_return_ratio_-0.7343_below_0.50;train_return_per_turnover_proxy_bps_-5.743_not_above_10.000
8,htf_trend_6h_trxusdt_lb24_th0p01_5p0x_0p15_25faedd5,htf_trend_persistence,TRXUSDT,6h,long_only,24,0.01,5.0,0.15,0.75,-0.09365441713307054,0.10017718284800625,0.05911340978336588,0.15270165340143382,0.0229234117796695,0.01579891718097326,-0.48578622019925394,3.915477559943262,3.7973872036993135,164,32,30,406,107,75,-0.9348877106592989,-7.614180254721183,41.74049285333594,26.272626570384833,False,False,False,no_promotion_shadow_or_reject,False,False,False,0,0,train_return_not_positive;train_validation_return_ratio_-0.9349_below_0.50;train_return_per_turnover_proxy_bps_-7.614_not_above_10.000
9,htf_funding_squeeze_4h_solusdt_lb12_-2e-05_5p0x_0p1_87d2143b,funding_squeeze_continuation,SOLUSDT,4h,long_only,12,-2e-05,5.0,0.1,0.5,-0.14534120265385386,0.09983312649266196,-0.012379021853784922,0.18034652260377715,0.02364849969463434,0.018077135539420253,-1.499367112017995,3.628528596631397,-2.544233148073627,130,40,10,152,53,6,-1.4558414402110995,-22.360185023669825,49.91656324633098,-24.758043707569843,False,False,False,no_promotion_shadow_or_reject,False,False,False,0,0,locked_oos_trade_event_count_10_below_20;train_return_not_positive;train_validation_return_ratio_-1.4558_below_0.50;locked_oos_return_not_positive;train_return_per_turnover_proxy_bps_-22.360_not_above_10.000;locked_oos_return_per_turnover_proxy_bps_-24.758_not_above_10.000
10,htf_trend_1h_ethusdt_lb12_th0p02_5p0x_0p15_06c0f486,htf_trend_persistence,ETHUSDT,1h,long_only,12,0.02,5.0,0.15,0.75,-0.0954509930852272,0.10225426210086841,0.007397855587636171,0.255843875664833,0.049479101612224574,0.025745714773294015,-0.3624555863250467,2.2485255680490517,0.5332714456394627,698,127,48,1213,243,86,-0.9334671350038187,-1.8233236501476064,10.735355601141041,2.054959885454492,False,False,False,no_promotion_shadow_or_reject,False,False,False,0,0,train_return_not_positive;train_validation_return_ratio_-0.9335_below_0.50;train_return_per_turnover_proxy_bps_-1.823_not_above_10.000;locked_oos_return_per_turnover_proxy_bps_2.055_not_above_10.000
11,htf_trend_4h_trxusdt_lb24_th0p005_5p0x_0p15_fb8db9ec,htf_trend_persistence,TRXUSDT,4h,long_only,24,0.005,5.0,0.15,0.75,-0.12536420975726636,0.09428972343134423,0.04819388989776452,0.2112983836244634,0.024449918812473714,0.013595030225119986,-0.7067722440418646,3.8063549758606507,3.5951631652290597,244,51,34,618,155,119,-1.329563871809939,-6.850503265424392,24.65090808662594,18.899564665790006,False,False,False,no_promotion_shadow_or_reject,False,False,False,0,0,train_return_not_positive;train_validation_return_ratio_-1.3296_below_0.50;train_return_per_turnover_proxy_bps_-6.851_not_above_10.000
12,htf_trend_4h_trxusdt_lb12_th0p005_5p0x_0p15_413555ef,htf_trend_persistence,TRXUSDT,4h,long_only,12,0.005,5.0,0.15,0.75,0.07702691809730511,0.07950005726872589,-0.0027346286502398787,0.09091798525923211,0.03585390527438537,0.025546104930593838,0.5609500251970707,3.4159723737747996,-0.2658899785985586,296,68,43,570,149,82,0.9688913535865631,3.469680995374104,15.588246523279587,-0.8479468682914353,False,False,False,no_promotion_shadow_or_reject,False,False,False,0,0,locked_oos_return_not_positive;train_return_per_turnover_proxy_bps_3.470_not_above_10.000;locked_oos_return_per_turnover_proxy_bps_-0.848_not_above_10.000
13,htf_trend_4h_trxusdt_lb48_th0p02_4p0x_0p15_a39b183b,htf_trend_persistence,TRXUSDT,4h,long_only,48,0.02,4.0,0.15,0.6,-0.00039866251403619657,0.0816678604739185,0.018453693803322402,0.07975339495951883,0.023276663475131243,0.019200865632823194,0.05194784776678335,4.035687131410975,1.8083078507745007,186,39,26,534,142,95,-0.004881510446370928,-0.03572244749428285,34.900795074324144,11.829290899565644,False,False,False,no_promotion_shadow_or_reject,False,False,False,0,0,train_return_not_positive;train_validation_return_ratio_-0.0049_below_0.50;train_return_per_turnover_proxy_bps_-0.036_not_above_10.000
14,htf_trend_4h_trxusdt_lb48_th0p01_5p0x_0p1_13f5be87,htf_trend_persistence,TRXUSDT,4h,long_only,48,0.01,5.0,0.1,0.5,-0.06137834579200385,0.0839140421021829,0.021775041250509775,0.13713904563886992,0.020177802845901094,0.016322334155078777,-0.5516769225022673,4.644822245160444,2.4032486379418665,216,43,36,647,177,133,-0.7314430845467185,-5.683180165926282,39.029787024271116,12.097245139172097,False,False,False,no_promotion_shadow_or_reject,False,False,False,0,0,train_return_not_positive;train_validation_return_ratio_-0.7314_below_0.50;train_return_per_turnover_proxy_bps_-5.683_not_above_10.000
15,htf_trend_6h_trxusdt_lb24_th0p005_4p0x_0p15_1e0836ad,htf_trend_persistence,TRXUSDT,6h,long_only,24,0.005,4.0,0.15,0.6,-0.08090539368067362,0.08430222593995507,0.042143499484118774,0.11613308217145857,0.018362441395168294,0.014355103033409367,-0.529810508619102,4.084028478926092,3.3386332885348877,174,34,26,434,117,88,-0.9597064938510537,-7.74955878167372,41.324620558801506,27.01506377187101,False,False,False,no_promotion_shadow_or_reject,False,False,False,0,0,train_return_not_positive;train_validation_return_ratio_-0.9597_below_0.50;train_return_per_turnover_proxy_bps_-7.750_not_above_10.000
16,htf_trend_6h_trxusdt_lb48_th0p01_5p0x_0p15_8d1bc21e,htf_trend_persistence,TRXUSDT,6h,long_only,48,0.01,5.0,0.15,0.75,-0.11205696478967941,0.09171479445470476,-0.0033404692763366883,0.1598969783915578,0.03668166403922046,0.04963499332934196,-0.6799989837448087,3.398048166585685,-0.16955808601083022,163,24,34,432,102,111,-1.2217981347057485,-9.166213888726332,50.952663585947086,-1.3099879515045836,False,False,False,no_promotion_shadow_or_reject,False,False,False,0,0,validation_trade_event_count_24_below_30;train_return_not_positive;train_validation_return_ratio_-1.2218_below_0.50;locked_oos_return_not_positive;train_return_per_turnover_proxy_bps_-9.166_not_above_10.000;locked_oos_return_per_turnover_proxy_bps_-1.310_not_above_10.000
17,htf_trend_4h_trxusdt_lb48_th0p005_4p0x_0p1_0ff30e48,htf_trend_persistence,TRXUSDT,4h,long_only,48,0.005,4.0,0.1,0.4,-0.04285976472310027,0.07790400888193316,0.02393274371587628,0.11305422277873356,0.014237463727024391,0.010618758571760978,-0.47306741063676044,5.346202202831785,3.2023058506776314,234,43,34,691,190,143,-0.5501612219732628,-4.579034692638917,45.29302841972858,17.59760567343844,False,False,False,no_promotion_shadow_or_reject,False,False,False,0,0,train_return_not_positive;train_validation_return_ratio_-0.5502_below_0.50;train_return_per_turnover_proxy_bps_-4.579_not_above_10.000
18,htf_funding_squeeze_2h_solusdt_lb24_0p0_5p0x_0p1_7a6bd91d,funding_squeeze_continuation,SOLUSDT,2h,long_only,24,0.0,5.0,0.1,0.5,-0.13453275869481418,0.08905830179842344,-0.04542343971810947,0.1589866417752227,0.024863947343457093,0.04542343971810947,-1.2749410937037335,2.947672606614621,-5.3698939729610435,212,54,22,371,117,21,-1.5106144624149542,-12.691769688190016,32.984556221638314,-41.29403610737225,False,False,False,no_promotion_shadow_or_reject,False,False,False,0,0,train_return_not_positive;train_validation_return_ratio_-1.5106_below_0.50;locked_oos_return_not_positive;train_return_per_turnover_proxy_bps_-12.692_not_above_10.000;locked_oos_return_per_turnover_proxy_bps_-41.294_not_above_10.000
19,htf_trend_1h_solusdt_lb48_th0p005_5p0x_0p15_6a878af4,htf_trend_persistence,SOLUSDT,1h,long_only,48,0.005,5.0,0.15,0.75,-0.17590305418433017,0.11150231600796223,-0.1394595397463203,0.358207046120422,0.08676186980454226,0.14120353986041712,-0.345260949011858,1.7410122058081876,-4.749506402351244,710,137,96,2841,663,419,-1.5775730987665688,-3.3033437405508015,10.851806910750582,-19.369380520322263,False,False,False,no_promotion_shadow_or_reject,False,False,False,0,0,train_return_not_positive;train_validation_return_ratio_-1.5776_below_0.50;locked_oos_return_not_positive;train_return_per_turnover_proxy_bps_-3.303_not_above_10.000;locked_oos_return_per_turnover_proxy_bps_-19.369_not_above_10.000
20,htf_trend_6h_trxusdt_lb24_th0p01_4p0x_0p15_8863c59a,htf_trend_persistence,TRXUSDT,6h,long_only,24,0.01,4.0,0.15,0.6,-0.07345219844829076,0.0795839282373616,0.047172087334260926,0.12289068805152592,0.018362441395168183,0.012634190814200474,-0.4857862201992535,3.9154775599432607,3.7973872036993135,164,32,30,406,107,75,-0.9229526623669196,-7.464654313850688,41.44996262362584,26.206715185700514,False,False,False,no_promotion_shadow_or_reject,False,False,False,0,0,train_return_not_positive;train_validation_return_ratio_-0.9230_below_0.50;train_return_per_turnover_proxy_bps_-7.465_not_above_10.000
21,htf_funding_squeeze_2h_solusdt_lb24_5e-05_5p0x_0p1_0383e6bd,funding_squeeze_continuation,SOLUSDT,2h,long_only,24,5e-05,5.0,0.1,0.5,-0.13115506854749903,0.09030781346190286,-0.04191696338328699,0.16763398324645518,0.04020513122435254,0.047010449041473445,-0.9500941843511732,2.5695114919652706,-4.331141457577214,296,78,28,643,187,34,-1.4523114171380966,-8.861828955912097,23.15584960561612,-29.940688130919277,False,False,False,no_promotion_shadow_or_reject,False,False,False,0,0,train_return_not_positive;train_validation_return_ratio_-1.4523_below_0.50;locked_oos_return_not_positive;train_return_per_turnover_proxy_bps_-8.862_not_above_10.000;locked_oos_return_per_turnover_proxy_bps_-29.941_not_above_10.000
22,htf_funding_squeeze_2h_solusdt_lb24_-2e-05_5p0x_0p1_6cea1402,funding_squeeze_continuation,SOLUSDT,2h,long_only,24,-2e-05,5.0,0.1,0.5,-0.15979891526081536,0.08640049044945108,-0.002111070136209592,0.18071306695533484,0.024863947343457093,0.010515077490524383,-1.6796280647903032,3.243067882863763,-0.5896190479269654,174,50,12,288,104,10,-1.8495139834224237,-18.367691409289122,34.560196179780434,-3.518450227015986,False,False,False,no_promotion_shadow_or_reject,False,False,False,0,0,locked_oos_trade_event_count_12_below_20;train_return_not_positive;train_validation_return_ratio_-1.8495_below_0.50;locked_oos_return_not_positive;train_return_per_turnover_proxy_bps_-18.368_not_above_10.000;locked_oos_return_per_turnover_proxy_bps_-3.518_not_above_10.000
23,htf_funding_squeeze_4h_solusdt_lb12_0p0_5p0x_0p1_db3de3e3,funding_squeeze_continuation,SOLUSDT,4h,long_only,12,0.0,5.0,0.1,0.5,-0.14267829910625496,0.08521034809378336,-0.03319900559523037,0.17384731634563255,0.028427882584471265,0.03877699765838405,-1.3949912930147608,3.025133023793226,-3.7926699936587616,156,44,14,193,59,12,-1.6744245540368148,-18.292089629007048,38.73197640626517,-47.4271508503291,False,False,False,no_promotion_shadow_or_reject,False,False,False,0,0,locked_oos_trade_event_count_14_below_20;train_return_not_positive;train_validation_return_ratio_-1.6744_below_0.50;locked_oos_return_not_positive;train_return_per_turnover_proxy_bps_-18.292_not_above_10.000;locked_oos_return_per_turnover_proxy_bps_-47.427_not_above_10.000
24,htf_trend_1h_ethusdt_lb12_th0p04_5p0x_0p15_4de5b1f1,htf_trend_persistence,ETHUSDT,1h,long_only,12,0.04,5.0,0.15,0.75,0.1270182360556884,0.06421463178100928,-0.010620649253575865,0.12953070900762864,0.03380186985110967,0.016772860414096646,0.8774564879996807,1.9650162071685615,-1.936131878711755,256,62,20,413,102,31,1.9780263863983185,6.615533127900438,13.809598232475114,-7.080432835717243,False,False,False,no_promotion_shadow_or_reject,False,False,False,0,0,locked_oos_return_not_positive;train_return_per_turnover_proxy_bps_6.616_not_above_10.000;locked_oos_return_per_turnover_proxy_bps_-7.080_not_above_10.000
25,htf_funding_squeeze_4h_solusdt_lb12_-2e-05_4p0x_0p1_d8acba14,funding_squeeze_continuation,SOLUSDT,4h,long_only,12,-2e-05,4.0,0.1,0.4,-0.11734357610773305,0.07934701945488709,-0.009900720073121816,0.1464489634062286,0.018946629823233585,0.014475635766499129,-1.499367112017995,3.628528596631397,-2.544233148073627,130,40,10,152,53,6,-1.4788655820203678,-22.5660723284102,49.591887159304434,-24.75180018280454,False,False,False,no_promotion_shadow_or_reject,False,False,False,0,0,locked_oos_trade_event_count_10_below_20;train_return_not_positive;train_validation_return_ratio_-1.4789_below_0.50;locked_oos_return_not_positive;train_return_per_turnover_proxy_bps_-22.566_not_above_10.000;locked_oos_return_per_turnover_proxy_bps_-24.752_not_above_10.000
26,htf_trend_1h_ethusdt_lb12_th0p02_4p0x_0p15_4c0efe1c,htf_trend_persistence,ETHUSDT,1h,long_only,12,0.02,4.0,0.15,0.6,-0.07376310096668914,0.08170937187555838,0.0060646994378639185,0.2097663035444487,0.03972555903825781,0.02064200948041206,-0.3624555863250465,2.248525568049052,0.533271445639464,698,127,48,1213,243,86,-0.9027495778455961,-1.7612965846869424,10.723014681831808,2.105798415924972,False,False,False,no_promotion_shadow_or_reject,False,False,False,0,0,train_return_not_positive;train_validation_return_ratio_-0.9027_below_0.50;train_return_per_turnover_proxy_bps_-1.761_not_above_10.000;locked_oos_return_per_turnover_proxy_bps_2.106_not_above_10.000
27,htf_trend_6h_trxusdt_lb48_th0p005_5p0x_0p15_f6c41521,htf_trend_persistence,TRXUSDT,6h,long_only,48,0.005,5.0,0.15,0.75,-0.11464995869292915,0.08571666247290488,0.002285853745374933,0.15411690501593323,0.04197435636960822,0.05039796351648185,-0.6839639783389482,3.1515865743164286,0.21070039334208013,177,24,30,464,107,121,-1.3375457628109368,-8.636531728280916,47.62036804050271,1.0159349979444146,False,False,False,no_promotion_shadow_or_reject,False,False,False,0,0,validation_trade_event_count_24_below_30;train_return_not_positive;train_validation_return_ratio_-1.3375_below_0.50;train_return_per_turnover_proxy_bps_-8.637_not_above_10.000;locked_oos_return_per_turnover_proxy_bps_1.016_not_above_10.000
28,htf_trend_4h_trxusdt_lb48_th0p02_5p0x_0p1_dede70d0,htf_trend_persistence,TRXUSDT,4h,long_only,48,0.02,5.0,0.1,0.5,0.0005249909738715974,0.06772430501025628,0.015413414657354574,0.06669181322502438,0.01942542637913336,0.016015164774312196,0.05194784776678313,4.035687131410974,1.8083078507745007,186,39,26,534,142,95,0.007751884257684032,0.05645064235178467,34.730412825772454,11.856472813349672,False,False,False,no_promotion_shadow_or_reject,False,False,False,0,0,train_validation_return_ratio_0.0078_below_0.50;train_return_per_turnover_proxy_bps_0.056_not_above_10.000
29,htf_trend_2h_trxusdt_lb48_th0p005_5p0x_0p15_b59ca1f5,htf_trend_persistence,TRXUSDT,2h,long_only,48,0.005,5.0,0.15,0.75,-0.07877550313576676,0.07627710608003624,0.03973159840004348,0.1615809180653952,0.02612444050501217,0.022505087513429167,-0.42667497760142076,3.257729608399387,2.6816438469758053,350,71,56,1237,311,237,-1.0327542192425208,-3.00097154802921,14.324339169959858,9.459904380962731,False,False,False,no_promotion_shadow_or_reject,False,False,False,0,0,train_return_not_positive;train_validation_return_ratio_-1.0328_below_0.50;train_return_per_turnover_proxy_bps_-3.001_not_above_10.000;locked_oos_return_per_turnover_proxy_bps_9.460_not_above_10.000
30,htf_funding_squeeze_2h_solusdt_lb6_-2e-05_5p0x_0p1_67052918,funding_squeeze_continuation,SOLUSDT,2h,long_only,6,-2e-05,5.0,0.1,0.5,-0.16915172414360513,0.09224560344060295,-0.013395798016542892,0.19001857939001232,0.0522880057740398,0.01595205465013816,-1.7865918035454154,2.7365563612875543,-3.909565108528159,294,111,10,330,129,12,-1.8337104190827058,-11.506920009769056,16.620829448757288,-26.791596033085785,False,False,False,no_promotion_shadow_or_reject,False,False,False,0,0,locked_oos_trade_event_count_10_below_20;train_return_not_positive;train_validation_return_ratio_-1.8337_below_0.50;locked_oos_return_not_positive;train_return_per_turnover_proxy_bps_-11.507_not_above_10.000;locked_oos_return_per_turnover_proxy_bps_-26.792_not_above_10.000
31,htf_trend_4h_trxusdt_lb24_th0p005_4p0x_0p15_777478b2,htf_trend_persistence,TRXUSDT,4h,long_only,24,0.005,4.0,0.15,0.6,-0.09953707982520521,0.07494792151506746,0.03848748323316542,0.17146122118783902,0.01959906345842688,0.010887256362350772,-0.7067722440418643,3.8063549758606516,3.595163165229059,244,51,34,618,155,119,-1.328083258522311,-6.798980862377404,24.492784808845578,18.866413349590893,False,False,False,no_promotion_shadow_or_reject,False,False,False,0,0,train_return_not_positive;train_validation_return_ratio_-1.3281_below_0.50;train_return_per_turnover_proxy_bps_-6.799_not_above_10.000
32,htf_funding_squeeze_4h_solusdt_lb12_5e-05_5p0x_0p1_8bbad391,funding_squeeze_continuation,SOLUSDT,4h,long_only,12,5e-05,5.0,0.1,0.5,-0.18539360690865536,0.09483036706858061,-0.02031015539152159,0.21501285356082844,0.06038340013738297,0.03198044517369558,-1.335362703638358,2.8933584398074315,-2.0576388842641795,224,60,16,331,93,17,-1.9550025233433936,-16.553000616844226,31.610122356193536,-25.387694239401988,False,False,False,no_promotion_shadow_or_reject,False,False,False,0,0,locked_oos_trade_event_count_16_below_20;train_return_not_positive;train_validation_return_ratio_-1.9550_below_0.50;locked_oos_return_not_positive;train_return_per_turnover_proxy_bps_-16.553_not_above_10.000;locked_oos_return_per_turnover_proxy_bps_-25.388_not_above_10.000
33,htf_trend_6h_trxusdt_lb24_th0p005_5p0x_0p1_de2b572b,htf_trend_persistence,TRXUSDT,6h,long_only,24,0.005,5.0,0.1,0.5,-0.06660583106923268,0.06989520688060713,0.035086609874411145,0.09701190080492827,0.015315212170890713,0.01196236584451893,-0.5298105086191022,4.084028478926092,3.3386332885348877,174,34,26,434,117,88,-0.9529384637634272,-7.655842651635941,41.11482757682773,26.98969990339319,False,False,False,no_promotion_shadow_or_reject,False,False,False,0,0,train_return_not_positive;train_validation_return_ratio_-0.9529_below_0.50;train_return_per_turnover_proxy_bps_-7.656_not_above_10.000
34,htf_trend_4h_trxusdt_lb12_th0p005_4p0x_0p15_873db3ff,htf_trend_persistence,TRXUSDT,4h,long_only,12,0.005,4.0,0.15,0.6,0.06316545090468528,0.06328833401321465,-0.0021366659207835426,0.07255946588026307,0.028772421127054804,0.02046736633966517,0.5609500251970712,3.415972373774799,-0.26588997859855784,296,68,43,570,149,82,0.9980583608267566,3.556613226615162,15.511846571866336,-0.8281650855750164,False,False,False,no_promotion_shadow_or_reject,False,False,False,0,0,locked_oos_return_not_positive;train_return_per_turnover_proxy_bps_3.557_not_above_10.000;locked_oos_return_per_turnover_proxy_bps_-0.828_not_above_10.000
35,htf_trend_6h_trxusdt_lb48_th0p02_5p0x_0p15_a2f6d62d,htf_trend_persistence,TRXUSDT,6h,long_only,48,0.02,5.0,0.15,0.75,-0.13246663342101106,0.07862614630027154,-0.007121675325685972,0.1918828438009602,0.03082568334587399,0.03096547750855838,-0.8907824872123533,3.1634243954699675,-0.4716666758669014,150,14,28,363,85,88,-1.6847656874231618,-11.774811859645427,74.8820440954967,-3.3912739646123677,False,False,False,no_promotion_shadow_or_reject,False,False,False,0,0,validation_trade_event_count_14_below_30;train_return_not_positive;train_validation_return_ratio_-1.6848_below_0.50;locked_oos_return_not_positive;train_return_per_turnover_proxy_bps_-11.775_not_above_10.000;locked_oos_return_per_turnover_proxy_bps_-3.391_not_above_10.000
36,htf_trend_4h_trxusdt_lb48_th0p01_4p0x_0p1_5a3f2000,htf_trend_persistence,TRXUSDT,4h,long_only,48,0.01,4.0,0.1,0.4,-0.04857115422698288,0.06669269582658455,0.01743508240610714,0.11073722654652296,0.016165061529777924,0.013069393352675651,-0.5516769225022671,4.6448222451604435,2.403248637941867,216,43,36,647,177,133,-0.7282829644985173,-5.6216613688637596,38.77482315499101,12.10769611535218,False,False,False,no_promotion_shadow_or_reject,False,False,False,0,0,train_return_not_positive;train_validation_return_ratio_-0.7283_below_0.50;train_return_per_turnover_proxy_bps_-5.622_not_above_10.000
37,htf_trend_2h_ethusdt_lb6_th0p04_5p0x_0p15_6ff0ac58,htf_trend_persistence,ETHUSDT,2h,long_only,6,0.04,5.0,0.15,0.75,0.0006400386466920427,0.071031784605464,-0.02097430171961001,0.10125505869589502,0.04310636463782247,0.02097430171961001,0.06938103237619635,1.9859291602895783,-6.329014133158482,172,48,16,196,49,16,0.009010595049062146,0.049615398968375406,19.731051279295556,-17.478584766341676,False,False,False,no_promotion_shadow_or_reject,False,False,False,0,0,locked_oos_trade_event_count_16_below_20;train_validation_return_ratio_0.0090_below_0.50;locked_oos_return_not_positive;train_return_per_turnover_proxy_bps_0.050_not_above_10.000;locked_oos_return_per_turnover_proxy_bps_-17.479_not_above_10.000
38,htf_trend_6h_trxusdt_lb24_th0p01_5p0x_0p1_c2bb2e20,htf_trend_persistence,TRXUSDT,6h,long_only,24,0.01,5.0,0.1,0.5,-0.06035700585597259,0.06601092418933563,0.039243647617941635,0.10279631767468278,0.015315212170890602,0.010525721637258179,-0.48578622019925355,3.9154775599432625,3.797387203699312,164,32,30,406,107,75,-0.9143487475323598,-7.36061047024056,41.25682761833477,26.162431745294423,False,False,False,no_promotion_shadow_or_reject,False,False,False,0,0,train_return_not_positive;train_validation_return_ratio_-0.9143_below_0.50;train_return_per_turnover_proxy_bps_-7.361_not_above_10.000
39,htf_trend_2h_solusdt_lb6_th0p04_5p0x_0p15_835a5edc,htf_trend_persistence,SOLUSDT,2h,long_only,6,0.04,5.0,0.15,0.75,0.08617490302944764,0.06680322173385944,-0.055251154485442266,0.1124628364805339,0.05466735739350104,0.05643546789929499,0.5459530153583644,2.147592914344025,-7.342874783496152,248,34,16,280,47,14,1.2899812433113476,4.633059302658475,26.197341856415466,-46.04262873786856,False,False,False,no_promotion_shadow_or_reject,False,False,False,0,0,locked_oos_trade_event_count_16_below_20;locked_oos_return_not_positive;train_return_per_turnover_proxy_bps_4.633_not_above_10.000;locked_oos_return_per_turnover_proxy_bps_-46.043_not_above_10.000
40,htf_trend_6h_trxusdt_lb48_th0p01_4p0x_0p15_54566888,htf_trend_persistence,TRXUSDT,6h,long_only,48,0.01,4.0,0.15,0.6,-0.08890866339178916,0.07296273754988669,-0.002538018337166381,0.12954709558380983,0.029392978998866393,0.039860661784643536,-0.6799989837448084,3.398048166585684,-0.16955808601082983,163,24,34,432,102,111,-1.2185488973875163,-9.090865377483553,50.668567742976876,-1.2441266358658731,False,False,False,no_promotion_shadow_or_reject,False,False,False,0,0,validation_trade_event_count_24_below_30;train_return_not_positive;train_validation_return_ratio_-1.2185_below_0.50;locked_oos_return_not_positive;train_return_per_turnover_proxy_bps_-9.091_not_above_10.000;locked_oos_return_per_turnover_proxy_bps_-1.244_not_above_10.000
41,htf_trend_1h_solusdt_lb48_th0p005_4p0x_0p15_3c9b9537,htf_trend_persistence,SOLUSDT,1h,long_only,48,0.005,4.0,0.15,0.6,-0.13418357844582607,0.0897701109051523,-0.1126863640432717,0.2957555632408515,0.06976163966188353,0.11425365903405071,-0.3452609490118574,1.7410122058081878,-4.749506402351245,710,137,96,2841,663,419,-1.4947467157258985,-3.1498492592916914,10.92093806632023,-19.56360486862356,False,False,False,no_promotion_shadow_or_reject,False,False,False,0,0,train_return_not_positive;train_validation_return_ratio_-1.4947_below_0.50;locked_oos_return_not_positive;train_return_per_turnover_proxy_bps_-3.150_not_above_10.000;locked_oos_return_per_turnover_proxy_bps_-19.564_not_above_10.000
42,htf_funding_squeeze_2h_solusdt_lb24_0p0_4p0x_0p1_92c36647,funding_squeeze_continuation,SOLUSDT,2h,long_only,24,0.0,4.0,0.1,0.4,-0.10831484462240348,0.07093527838201608,-0.03646136308291359,0.12859750231132672,0.019928477733951677,0.03646136308291359,-1.274941093703733,2.947672606614621,-5.3698939729610435,212,54,22,371,117,21,-1.526953119702764,-12.772976960189089,32.840406658340775,-41.43336713967453,False,False,False,no_promotion_shadow_or_reject,False,False,False,0,0,train_return_not_positive;train_validation_return_ratio_-1.5270_below_0.50;locked_oos_return_not_positive;train_return_per_turnover_proxy_bps_-12.773_not_above_10.000;locked_oos_return_per_turnover_proxy_bps_-41.433_not_above_10.000
43,htf_trend_6h_ethusdt_lb6_th0p005_5p0x_0p15_f186602f,htf_trend_persistence,ETHUSDT,6h,long_only,6,0.005,5.0,0.15,0.75,-0.05075437558184814,0.09325465418987777,-0.1079494422825722,0.4267786073577149,0.10242126819265585,0.12382203006933556,-0.03209182548669384,1.4734859865041645,-4.836981239075816,330,69,40,453,112,59,-0.5442556837807375,-2.050681841690834,18.02022303186044,-35.98314742752407,False,False,False,no_promotion_shadow_or_reject,False,False,False,0,0,train_return_not_positive;train_validation_return_ratio_-0.5443_below_0.50;locked_oos_return_not_positive;train_return_per_turnover_proxy_bps_-2.051_not_above_10.000;locked_oos_return_per_turnover_proxy_bps_-35.983_not_above_10.000
44,htf_trend_1h_solusdt_lb48_th0p01_5p0x_0p15_9a5bf58b,htf_trend_persistence,SOLUSDT,1h,long_only,48,0.01,5.0,0.15,0.75,-0.21415285199145562,0.09821270499407997,-0.15647719393732118,0.3983609543700376,0.07663130249779149,0.1557768473805491,-0.496840693422054,1.6010681543754048,-5.590115578839291,662,123,96,2629,613,380,-2.180500496390607,-4.3132497883475445,10.64636368499512,-21.73294360240572,False,False,False,no_promotion_shadow_or_reject,False,False,False,0,0,train_return_not_positive;train_validation_return_ratio_-2.1805_below_0.50;locked_oos_return_not_positive;train_return_per_turnover_proxy_bps_-4.313_not_above_10.000;locked_oos_return_per_turnover_proxy_bps_-21.733_not_above_10.000
45,htf_trend_1h_solusdt_lb12_th0p04_5p0x_0p15_bb629bbe,htf_trend_persistence,SOLUSDT,1h,long_only,12,0.04,5.0,0.15,0.75,0.0657072421541165,0.0694048017632829,-0.024406816871410775,0.13315532289098508,0.06042792687107734,0.033713660189329975,0.4229972932303046,2.078124679712836,-3.4579231690002623,358,48,22,567,98,30,0.9467247291941332,2.447197100711974,19.279111600911918,-14.792010225097439,False,False,False,no_promotion_shadow_or_reject,False,False,False,0,0,locked_oos_return_not_positive;train_return_per_turnover_proxy_bps_2.447_not_above_10.000;locked_oos_return_per_turnover_proxy_bps_-14.792_not_above_10.000
46,htf_trend_4h_ethusdt_lb48_th0p04_5p0x_0p15_7b98b200,htf_trend_persistence,ETHUSDT,4h,long_only,48,0.04,5.0,0.15,0.75,0.10540880299674749,0.06953030599240972,0.027616127979402938,0.19503194083758646,0.07270745832733416,0.05888377691163582,0.5495314963953939,1.5866498046262982,0.9979224143965324,156,24,16,454,99,68,1.5160123559395011,9.009299401431408,38.62794777356096,23.01343998283578,False,False,False,no_promotion_shadow_or_reject,False,False,False,0,0,validation_trade_event_count_24_below_30;locked_oos_trade_event_count_16_below_20;train_return_per_turnover_proxy_bps_9.009_not_above_10.000
47,htf_funding_squeeze_2h_solusdt_lb24_5e-05_4p0x_0p1_66f264b2,funding_squeeze_continuation,SOLUSDT,2h,long_only,24,5e-05,4.0,0.1,0.4,-0.10501549739918659,0.07203080409395013,-0.03361769177155893,0.13608373027288256,0.032170419431336694,0.03774454171447761,-0.9500941843511729,2.569511491965271,-4.331141457577213,296,78,28,643,187,34,-1.4579248242490026,-8.86955214520157,23.086796183958374,-30.015796224606188,False,False,False,no_promotion_shadow_or_reject,False,False,False,0,0,train_return_not_positive;train_validation_return_ratio_-1.4579_below_0.50;locked_oos_return_not_positive;train_return_per_turnover_proxy_bps_-8.870_not_above_10.000;locked_oos_return_per_turnover_proxy_bps_-30.016_not_above_10.000
48,htf_trend_1h_ethusdt_lb12_th0p02_5p0x_0p1_903884e2,htf_trend_persistence,ETHUSDT,1h,long_only,12,0.02,5.0,0.1,0.5,-0.05996181459346206,0.06803187164407509,0.0051353419803681355,0.1776968053457907,0.033183733157971074,0.01722696898581333,-0.3624555863250466,2.2485255680490517,0.5332714456394636,698,127,48,1213,243,86,-0.8813782885052251,-1.7181035700132394,10.713680573870093,2.13972582515339,False,False,False,no_promotion_shadow_or_reject,False,False,False,0,0,train_return_not_positive;train_validation_return_ratio_-0.8814_below_0.50;train_return_per_turnover_proxy_bps_-1.718_not_above_10.000;locked_oos_return_per_turnover_proxy_bps_2.140_not_above_10.000
49,htf_trend_4h_trxusdt_lb48_th0p005_3p0x_0p1_57d675db,htf_trend_persistence,TRXUSDT,4h,long_only,48,0.005,3.0,0.1,0.30000000000000004,-0.03166263015435877,0.057957777155098755,0.017937938787642604,0.08560117914919052,0.01069065104025635,0.007966657178401504,-0.4730674106367603,5.346202202831785,3.202305850677632,234,43,34,691,190,143,-0.5463051156987531,-4.510346175834582,44.92850942255717,17.586214497688825,False,False,False,no_promotion_shadow_or_reject,False,False,False,0,0,train_return_not_positive;train_validation_return_ratio_-0.5463_below_0.50;train_return_per_turnover_proxy_bps_-4.510_not_above_10.000
50,htf_funding_squeeze_2h_solusdt_lb24_-2e-05_4p0x_0p1_2844a32e,funding_squeeze_continuation,SOLUSDT,2h,long_only,24,-2e-05,4.0,0.1,0.4,-0.12931834352080962,0.06877583603079107,-0.0016815556089918582,0.14675766921069944,0.019928477733951677,0.008418259001767403,-1.6796280647903026,3.2430678828637642,-0.589619047926965,174,50,12,288,104,10,-1.8802874815351363,-18.580221770231265,34.387918015395535,-3.5032408520663703,False,False,False,no_promotion_shadow_or_reject,False,False,False,0,0,locked_oos_trade_event_count_12_below_20;train_return_not_positive;train_validation_return_ratio_-1.8803_below_0.50;locked_oos_return_not_positive;train_return_per_turnover_proxy_bps_-18.580_not_above_10.000;locked_oos_return_per_turnover_proxy_bps_-3.503_not_above_10.000
51,htf_trend_1h_ethusdt_lb12_th0p04_4p0x_0p15_19c69768,htf_trend_persistence,ETHUSDT,1h,long_only,12,0.04,4.0,0.15,0.6,0.10229921371550743,0.05141448485713096,-0.008487047201237163,0.10459822089759319,0.027105387983780593,0.013432479477683001,0.8774564879996809,1.9650162071685613,-1.936131878711755,256,62,20,413,102,31,1.989696366690699,6.660105059603349,13.821098079873915,-7.072539334364303,False,False,False,no_promotion_shadow_or_reject,False,False,False,0,0,locked_oos_return_not_positive;train_return_per_turnover_proxy_bps_6.660_not_above_10.000;locked_oos_return_per_turnover_proxy_bps_-7.073_not_above_10.000
52,htf_funding_squeeze_4h_solusdt_lb12_0p0_4p0x_0p1_a4b6dc4f,funding_squeeze_continuation,SOLUSDT,4h,long_only,12,0.0,4.0,0.1,0.4,-0.11507100516881807,0.0678681775328247,-0.026600340503143083,0.1409690180495975,0.022778334190956318,0.03109809286843035,-1.3949912930147608,3.0251330237932246,-3.7926699936587607,156,44,14,193,59,12,-1.6955075169531928,-18.440866212951615,38.56146450728676,-47.50060804132693,False,False,False,no_promotion_shadow_or_reject,False,False,False,0,0,locked_oos_trade_event_count_14_below_20;train_return_not_positive;train_validation_return_ratio_-1.6955_below_0.50;locked_oos_return_not_positive;train_return_per_turnover_proxy_bps_-18.441_not_above_10.000;locked_oos_return_per_turnover_proxy_bps_-47.501_not_above_10.000
53,htf_funding_squeeze_4h_solusdt_lb6_-2e-05_5p0x_0p1_937a14c3,funding_squeeze_continuation,SOLUSDT,4h,long_only,6,-2e-05,5.0,0.1,0.5,-0.21382411761161368,0.08613929727943592,-0.008329935829477497,0.23790351925326247,0.05399521810450758,0.01491090824515584,-2.7350943298674415,2.581761340189065,-1.4508223582645157,152,52,8,156,69,9,-2.482306268624042,-28.13475231731759,33.1304989536292,-20.824839573693744,False,False,False,no_promotion_shadow_or_reject,False,False,False,0,0,locked_oos_trade_event_count_8_below_20;train_return_not_positive;train_validation_return_ratio_-2.4823_below_0.50;locked_oos_return_not_positive;train_return_per_turnover_proxy_bps_-28.135_not_above_10.000;locked_oos_return_per_turnover_proxy_bps_-20.825_not_above_10.000
54,htf_trend_4h_ethusdt_lb12_th0p04_5p0x_0p15_d7568255,htf_trend_persistence,ETHUSDT,4h,long_only,12,0.04,5.0,0.15,0.75,0.20601128164317184,0.05188946608775691,-0.07890985363022773,0.27504595816868016,0.05666699611613668,0.08290497393797547,0.9961675078826768,1.3104208426679758,-6.353105070485231,164,37,18,313,76,19,3.970194669082928,16.748884686436735,18.698906698290777,-58.45174342979832,False,False,False,no_promotion_shadow_or_reject,False,False,False,0,0,locked_oos_trade_event_count_18_below_20;locked_oos_return_not_positive;locked_oos_return_per_turnover_proxy_bps_-58.452_not_above_10.000
55,htf_trend_4h_trxusdt_lb24_th0p005_5p0x_0p1_9fb715a6,htf_trend_persistence,TRXUSDT,4h,long_only,24,0.005,5.0,0.1,0.5,-0.08248838513434298,0.062188271720298394,0.03203493393753609,0.14422228488115996,0.01635432669990733,0.009078958445677854,-0.7067722440418646,3.8063549758606507,3.595163165229059,244,51,34,618,155,119,-1.3264299336914773,-6.761343043798605,24.38755753737192,18.844078786785936,False,False,False,no_promotion_shadow_or_reject,False,False,False,0,0,train_return_not_positive;train_validation_return_ratio_-1.3264_below_0.50;train_return_per_turnover_proxy_bps_-6.761_not_above_10.000
56,htf_trend_6h_trxusdt_lb48_th0p005_4p0x_0p15_53c4ae13,htf_trend_persistence,TRXUSDT,6h,long_only,48,0.005,4.0,0.15,0.6,-0.09097475900580954,0.06824958657241353,0.001969256581693335,0.12474496657521306,0.033656517022768284,0.040476740750321594,-0.683963978338948,3.1515865743164277,0.21070039334208063,177,24,30,464,107,121,-1.33297157645467,-8.566361488305983,47.39554623084274,1.094031434274075,False,False,False,no_promotion_shadow_or_reject,False,False,False,0,0,validation_trade_event_count_24_below_30;train_return_not_positive;train_validation_return_ratio_-1.3330_below_0.50;train_return_per_turnover_proxy_bps_-8.566_not_above_10.000;locked_oos_return_per_turnover_proxy_bps_1.094_not_above_10.000
57,htf_trend_4h_trxusdt_lb12_th0p005_5p0x_0p1_d0a32b1a,htf_trend_persistence,TRXUSDT,4h,long_only,12,0.005,5.0,0.1,0.5,0.05347032153648712,0.05256693673175583,-0.0017521864552920707,0.06035846866400152,0.024026769985049157,0.017073070510640553,0.5609500251970709,3.415972373774799,-0.26588997859855884,296,68,43,570,149,82,1.017185418456875,3.6128595632761566,15.460863744634068,-0.8149704443218934,False,False,False,no_promotion_shadow_or_reject,False,False,False,0,0,locked_oos_return_not_positive;train_return_per_turnover_proxy_bps_3.613_not_above_10.000;locked_oos_return_per_turnover_proxy_bps_-0.815_not_above_10.000
58,htf_trend_4h_trxusdt_lb48_th0p02_4p0x_0p1_73388111,htf_trend_persistence,TRXUSDT,4h,long_only,48,0.02,4.0,0.1,0.4,0.001105992363259256,0.05391437593620085,0.012358792950534436,0.05353646901056963,0.01556293348527904,0.012823685243776195,0.051947847766783246,4.035687131410975,1.8083078507745003,186,39,26,534,142,95,0.0205138674806887,0.14865488753484624,34.56049739500054,11.883454760129265,False,False,False,no_promotion_shadow_or_reject,False,False,False,0,0,train_validation_return_ratio_0.0205_below_0.50;train_return_per_turnover_proxy_bps_0.149_not_above_10.000
59,htf_trend_2h_trxusdt_lb48_th0p005_4p0x_0p15_eccffb21,htf_trend_persistence,TRXUSDT,2h,long_only,48,0.005,4.0,0.15,0.6,-0.0615623817512535,0.06075106527670804,0.03180243306754438,0.13053736618055722,0.02089275814007885,0.01803819622765579,-0.4266749776014208,3.2577296083993867,2.6816438469758057,350,71,56,1237,311,237,-1.0133547695147418,-2.931541988154929,14.260813445236629,9.465009841531064,False,False,False,no_promotion_shadow_or_reject,False,False,False,0,0,train_return_not_positive;train_validation_return_ratio_-1.0134_below_0.50;train_return_per_turnover_proxy_bps_-2.932_not_above_10.000;locked_oos_return_per_turnover_proxy_bps_9.465_not_above_10.000
60,htf_trend_4h_solusdt_lb12_th0p02_5p0x_0p15_630dacc6,htf_trend_persistence,SOLUSDT,4h,long_only,12,0.02,5.0,0.15,0.75,-0.136089059253801,0.08700022349030934,-0.07698612193411469,0.35420526603511404,0.08140119837098758,0.10522176754330037,-0.26341145889470663,1.6400829699755264,-3.742337236371049,290,53,36,563,131,64,-1.564238042089162,-6.256968241554069,21.886848676807382,-28.51337849411655,False,False,False,no_promotion_shadow_or_reject,False,False,False,0,0,train_return_not_positive;train_validation_return_ratio_-1.5642_below_0.50;locked_oos_return_not_positive;train_return_per_turnover_proxy_bps_-6.257_not_above_10.000;locked_oos_return_per_turnover_proxy_bps_-28.513_not_above_10.000
61,htf_funding_squeeze_2h_solusdt_lb6_-2e-05_4p0x_0p1_b9d3c968,funding_squeeze_continuation,SOLUSDT,2h,long_only,6,-2e-05,4.0,0.1,0.4,-0.1370771222842112,0.07351824481652747,-0.010723692572633947,0.15453083856293104,0.04202752471017135,0.012776726001524907,-1.7865918035454154,2.7365563612875556,-3.909565108528158,294,111,10,330,129,12,-1.8645320304681052,-11.656217881310477,16.558163246965645,-26.80923143158487,False,False,False,no_promotion_shadow_or_reject,False,False,False,0,0,locked_oos_trade_event_count_10_below_20;train_return_not_positive;train_validation_return_ratio_-1.8645_below_0.50;locked_oos_return_not_positive;train_return_per_turnover_proxy_bps_-11.656_not_above_10.000;locked_oos_return_per_turnover_proxy_bps_-26.809_not_above_10.000
62,htf_trend_6h_trxusdt_lb24_th0p005_4p0x_0p1_17b2d315,htf_trend_persistence,TRXUSDT,6h,long_only,24,0.005,4.0,0.1,0.4,-0.052606883337892985,0.055631747338172,0.028042482649084377,0.07778347747297876,0.012262714658216156,0.009569697844182934,-0.5298105086191021,4.084028478926091,3.3386332885348873,174,34,26,434,117,88,-0.9456270179347128,-7.5584602496972675,40.90569657218529,26.963925624119593,False,False,False,no_promotion_shadow_or_reject,False,False,False,0,0,train_return_not_positive;train_validation_return_ratio_-0.9456_below_0.50;train_return_per_turnover_proxy_bps_-7.558_not_above_10.000
63,htf_funding_squeeze_4h_solusdt_lb12_-2e-05_3p0x_0p1_5b93b68e,funding_squeeze_continuation,SOLUSDT,4h,long_only,12,-2e-05,3.0,0.1,0.30000000000000004,-0.08880411354169016,0.05912129001596833,-0.007423651493877137,0.11148283698727068,0.014230869373358712,0.010867179384315473,-1.499367112017995,3.628528596631397,-2.544233148073627,130,40,10,152,53,6,-1.502066573948313,-22.770285523510292,49.2677416799736,-24.74550497959045,False,False,False,no_promotion_shadow_or_reject,False,False,False,0,0,locked_oos_trade_event_count_10_below_20;train_return_not_positive;train_validation_return_ratio_-1.5021_below_0.50;locked_oos_return_not_positive;train_return_per_turnover_proxy_bps_-22.770_not_above_10.000;locked_oos_return_per_turnover_proxy_bps_-24.746_not_above_10.000
64,htf_donchian_4h_ethusdt_lb12_5p0x_0p15_3fdfe510,htf_donchian_breakout,ETHUSDT,4h,long_only,12,0.0,5.0,0.15,0.75,0.14279317931084368,0.04655842868914051,-0.05021872405603256,0.07969326980028935,0.034725414679632194,0.06227563427223737,1.0757756821059727,1.6976360535066037,-3.712882705130775,184,36,28,130,30,19,3.0669673210889394,10.347331834119107,17.243862477459448,-23.913678121920267,False,False,False,no_promotion_shadow_or_reject,False,False,False,0,0,locked_oos_return_not_positive;locked_oos_return_per_turnover_proxy_bps_-23.914_not_above_10.000
65,htf_funding_squeeze_4h_solusdt_lb12_5e-05_4p0x_0p1_de6755d6,funding_squeeze_continuation,SOLUSDT,4h,long_only,12,5e-05,4.0,0.1,0.4,-0.14983880347548817,0.07552825591217305,-0.016221879728966604,0.175505560977542,0.04851992358083945,0.025627191443794217,-1.3353627036383577,2.8933584398074315,-2.057638884264179,224,60,16,331,93,17,-1.9838774464715043,-16.72308074503216,31.470106630072106,-25.346687076510317,False,False,False,no_promotion_shadow_or_reject,False,False,False,0,0,locked_oos_trade_event_count_16_below_20;train_return_not_positive;train_validation_return_ratio_-1.9839_below_0.50;locked_oos_return_not_positive;train_return_per_turnover_proxy_bps_-16.723_not_above_10.000;locked_oos_return_per_turnover_proxy_bps_-25.347_not_above_10.000
66,htf_trend_1h_solusdt_lb48_th0p005_5p0x_0p1_642fb7d1,htf_trend_persistence,SOLUSDT,1h,long_only,48,0.005,5.0,0.1,0.5,-0.10785347986678184,0.07510222175572867,-0.09452710366635075,0.25164557454398495,0.058329191463549646,0.09593289670230598,-0.3452609490118579,1.7410122058081883,-4.749506402351244,710,137,96,2841,663,419,-1.4360890709409002,-3.0381261934304744,10.963827993537032,-19.693146597156407,False,False,False,no_promotion_shadow_or_reject,False,False,False,0,0,train_return_not_positive;train_validation_return_ratio_-1.4361_below_0.50;locked_oos_return_not_positive;train_return_per_turnover_proxy_bps_-3.038_not_above_10.000;locked_oos_return_per_turnover_proxy_bps_-19.693_not_above_10.000
67,htf_trend_6h_trxusdt_lb48_th0p01_5p0x_0p1_049fbe68,htf_trend_persistence,TRXUSDT,6h,long_only,48,0.01,5.0,0.1,0.5,-0.07364845321609303,0.06057470749554539,-0.0020402833710875257,0.10886685163775023,0.024520508892298065,0.03330225430677869,-0.6799989837448087,3.3980481665856854,-0.16955808601083036,163,24,34,432,102,111,-1.2158284581317884,-9.036620026514482,50.47892291295449,-1.200166688875015,False,False,False,no_promotion_shadow_or_reject,False,False,False,0,0,validation_trade_event_count_24_below_30;train_return_not_positive;train_validation_return_ratio_-1.2158_below_0.50;locked_oos_return_not_positive;train_return_per_turnover_proxy_bps_-9.037_not_above_10.000;locked_oos_return_per_turnover_proxy_bps_-1.200_not_above_10.000
68,htf_trend_6h_trxusdt_lb48_th0p02_4p0x_0p15_3b42707f,htf_trend_persistence,TRXUSDT,6h,long_only,48,0.02,4.0,0.15,0.6,-0.1059039570176411,0.06262540095055469,-0.0055862885598998435,0.1557421524505077,0.024687073748893118,0.024807813267352152,-0.8907824872123534,3.1634243954699675,-0.47166667586690175,150,14,28,363,85,88,-1.6910703230667794,-11.767106335293455,74.55404875066033,-3.3251717618451444,False,False,False,no_promotion_shadow_or_reject,False,False,False,0,0,validation_trade_event_count_14_below_30;train_return_not_positive;train_validation_return_ratio_-1.6911_below_0.50;locked_oos_return_not_positive;train_return_per_turnover_proxy_bps_-11.767_not_above_10.000;locked_oos_return_per_turnover_proxy_bps_-3.325_not_above_10.000
69,htf_trend_2h_ethusdt_lb6_th0p04_4p0x_0p15_9e08fce6,htf_trend_persistence,ETHUSDT,2h,long_only,6,0.04,4.0,0.15,0.6,0.001841875531639836,0.056867448608177495,-0.01680796249348948,0.08168446703467769,0.03459081610629855,0.01680796249348948,0.06938103237619657,1.985929160289579,-6.3290141331584815,172,48,16,196,49,16,0.03238892506555984,0.17847631120541047,19.74564187783941,-17.508294264051543,False,False,False,no_promotion_shadow_or_reject,False,False,False,0,0,locked_oos_trade_event_count_16_below_20;train_validation_return_ratio_0.0324_below_0.50;locked_oos_return_not_positive;train_return_per_turnover_proxy_bps_0.178_not_above_10.000;locked_oos_return_per_turnover_proxy_bps_-17.508_not_above_10.000
70,htf_trend_6h_ethusdt_lb6_th0p005_4p0x_0p15_146807f5,htf_trend_persistence,ETHUSDT,6h,long_only,6,0.005,4.0,0.15,0.6,-0.034242489446508095,0.07544317438825043,-0.08702177851264858,0.35821061610656646,0.08261858141053924,0.1000497042608186,-0.03209182548669351,1.4734859865041645,-4.836981239075814,330,69,40,453,112,59,-0.45388452599153944,-1.7294186589145504,18.222988982669186,-36.25907438027024,False,False,False,no_promotion_shadow_or_reject,False,False,False,0,0,train_return_not_positive;train_validation_return_ratio_-0.4539_below_0.50;locked_oos_return_not_positive;train_return_per_turnover_proxy_bps_-1.729_not_above_10.000;locked_oos_return_per_turnover_proxy_bps_-36.259_not_above_10.000
71,htf_trend_1h_solusdt_lb48_th0p01_4p0x_0p15_498b59c1,htf_trend_persistence,SOLUSDT,1h,long_only,48,0.01,4.0,0.15,0.6,-0.16693524491799328,0.07923788117697961,-0.12678557616243014,0.3313405855364051,0.061696908043561205,0.12632982363598877,-0.4968406934220536,1.6010681543754055,-5.590115578839292,662,123,96,2629,613,380,-2.106760585194594,-4.202800728046156,10.736840267883418,-22.0113847504219,False,False,False,no_promotion_shadow_or_reject,False,False,False,0,0,train_return_not_positive;train_validation_return_ratio_-2.1068_below_0.50;locked_oos_return_not_positive;train_return_per_turnover_proxy_bps_-4.203_not_above_10.000;locked_oos_return_per_turnover_proxy_bps_-22.011_not_above_10.000
72,htf_trend_2h_solusdt_lb6_th0p04_4p0x_0p15_1a28fc72,htf_trend_persistence,SOLUSDT,2h,long_only,6,0.04,4.0,0.15,0.6,0.07112644404559765,0.05342046827511493,-0.04441426320177544,0.09045410960613032,0.04390289360909794,0.045372814793435134,0.5459530153583645,2.147592914344025,-7.342874783496152,248,34,16,280,47,14,1.331445536555335,4.780002960053606,26.18650405642889,-46.26485750184942,False,False,False,no_promotion_shadow_or_reject,False,False,False,0,0,locked_oos_trade_event_count_16_below_20;locked_oos_return_not_positive;train_return_per_turnover_proxy_bps_4.780_not_above_10.000;locked_oos_return_per_turnover_proxy_bps_-46.265_not_above_10.000
73,htf_trend_6h_trxusdt_lb24_th0p01_4p0x_0p1_52b74dfa,htf_trend_persistence,TRXUSDT,6h,long_only,24,0.01,4.0,0.1,0.4,-0.04758052211486796,0.05256210318587917,0.03134145343562089,0.082535210864214,0.012262714658215823,0.008418344987958126,-0.48578622019925355,3.915477559943263,3.7973872036993135,164,32,30,406,107,75,-0.9052248527157583,-7.253128371168896,41.0641431139681,26.117877863017412,False,False,False,no_promotion_shadow_or_reject,False,False,False,0,0,train_return_not_positive;train_validation_return_ratio_-0.9052_below_0.50;train_return_per_turnover_proxy_bps_-7.253_not_above_10.000
74,htf_trend_1h_solusdt_lb12_th0p04_4p0x_0p15_e735e2de,htf_trend_persistence,SOLUSDT,1h,long_only,12,0.04,4.0,0.15,0.6,0.055394944032753024,0.055528307882944494,-0.019542620965466884,0.10689370996351444,0.04856637280295295,0.02703960684951956,0.42299729323030444,2.078124679712837,-3.4579231690002623,358,48,22,567,98,30,0.9975982727499529,2.5789080089736047,19.280662459355728,-14.805015882929458,False,False,False,no_promotion_shadow_or_reject,False,False,False,0,0,locked_oos_return_not_positive;train_return_per_turnover_proxy_bps_2.579_not_above_10.000;locked_oos_return_per_turnover_proxy_bps_-14.805_not_above_10.000
75,htf_trend_4h_ethusdt_lb48_th0p04_4p0x_0p15_fc7de003,htf_trend_persistence,ETHUSDT,4h,long_only,48,0.04,4.0,0.15,0.6,0.08807702396131223,0.055937177226381696,0.022635552579668428,0.15868074791610431,0.05850679127129765,0.04733199182517944,0.5495314963953937,1.5866498046262976,0.9979224143965317,156,24,16,454,99,68,1.5745704078855876,9.409938457405152,38.84526196276507,23.57870060382128,False,False,False,no_promotion_shadow_or_reject,False,False,False,0,0,validation_trade_event_count_24_below_30;locked_oos_trade_event_count_16_below_20;train_return_per_turnover_proxy_bps_9.410_not_above_10.000
76,htf_funding_squeeze_2h_solusdt_lb6_5e-05_5p0x_0p1_2bdc54b8,funding_squeeze_continuation,SOLUSDT,2h,long_only,6,5e-05,5.0,0.1,0.5,-0.17362865870824584,0.0772878159191499,-0.02212503079105943,0.2291449490882238,0.06029711018599859,0.024394428030637738,-1.2253532216072094,2.0091507147572645,-3.445222743425642,528,149,24,657,189,28,-2.2465204462483097,-6.576843132888101,10.374203479080524,-18.437525659216192,False,False,False,no_promotion_shadow_or_reject,False,False,False,0,0,train_return_not_positive;train_validation_return_ratio_-2.2465_below_0.50;locked_oos_return_not_positive;train_return_per_turnover_proxy_bps_-6.577_not_above_10.000;locked_oos_return_per_turnover_proxy_bps_-18.438_not_above_10.000
77,htf_trend_4h_trxusdt_lb48_th0p01_3p0x_0p1_cd53b9c7,htf_trend_persistence,TRXUSDT,4h,long_only,48,0.01,3.0,0.1,0.30000000000000004,-0.03601615295036076,0.04969247434726931,0.01308737092733736,0.08382118937774097,0.012140922594227055,0.00981068565497889,-0.551676922502267,4.644822245160444,2.4032486379418674,216,43,36,647,177,133,-0.7247808329822061,-5.558048294808758,38.521297943619615,12.11793604383089,False,False,False,no_promotion_shadow_or_reject,False,False,False,0,0,train_return_not_positive;train_validation_return_ratio_-0.7248_below_0.50;train_return_per_turnover_proxy_bps_-5.558_not_above_10.000
78,htf_trend_1h_ethusdt_lb12_th0p04_5p0x_0p1_c77ce744,htf_trend_persistence,ETHUSDT,1h,long_only,12,0.04,5.0,0.1,0.5,0.08560103298293509,0.04286659229674794,-0.007067246528623117,0.0877068625733256,0.022623351501670386,0.011201617926703267,0.8774564879996807,1.9650162071685608,-1.936131878711756,256,62,20,413,102,31,1.996917142150093,6.687580701791804,13.827932998950947,-7.067246528623118,False,False,False,no_promotion_shadow_or_reject,False,False,False,0,0,locked_oos_return_not_positive;train_return_per_turnover_proxy_bps_6.688_not_above_10.000;locked_oos_return_per_turnover_proxy_bps_-7.067_not_above_10.000
79,htf_trend_1h_ethusdt_lb12_th0p02_4p0x_0p1_b04a387c,htf_trend_persistence,ETHUSDT,1h,long_only,12,0.02,4.0,0.1,0.4,-0.04672337250692771,0.05437363225624714,0.004173465724134351,0.14451161316858707,0.02661030204682935,0.013801843594421714,-0.3624555863250463,2.2485255680490517,0.5332714456394632,698,127,48,1213,243,86,-0.859302028724769,-1.6734732273254909,10.703470916584083,2.1736800646533077,False,False,False,no_promotion_shadow_or_reject,False,False,False,0,0,train_return_not_positive;train_validation_return_ratio_-0.8593_below_0.50;train_return_per_turnover_proxy_bps_-1.673_not_above_10.000;locked_oos_return_per_turnover_proxy_bps_2.174_not_above_10.000
80,htf_funding_squeeze_2h_solusdt_lb24_0p0_3p0x_0p1_bfc43887,funding_squeeze_continuation,SOLUSDT,2h,long_only,24,0.0,3.0,0.1,0.30000000000000004,-0.08173754874154326,0.052965943287046624,-0.027438215593439508,0.09774417752172126,0.014974388250227788,0.027438215593439508,-1.274941093703733,2.947672606614621,-5.3698939729610435,212,54,22,371,117,21,-1.543209535579687,-12.851815839865292,32.69502672039915,-41.57305392945379,False,False,False,no_promotion_shadow_or_reject,False,False,False,0,0,train_return_not_positive;train_validation_return_ratio_-1.5432_below_0.50;locked_oos_return_not_positive;train_return_per_turnover_proxy_bps_-12.852_not_above_10.000;locked_oos_return_per_turnover_proxy_bps_-41.573_not_above_10.000
81,htf_trend_4h_trxusdt_lb24_th0p01_5p0x_0p15_6f23f72c,htf_trend_persistence,TRXUSDT,4h,long_only,24,0.01,5.0,0.15,0.75,-0.12994038639494976,0.06105290350320547,0.061064864397157415,0.206648397512873,0.02735031511705166,0.01464889230468347,-0.7608795853087384,2.6400367573236347,4.71402043332681,224,56,30,543,139,95,-2.12832443567778,-7.7345468092232,14.536405596001302,27.139939732069966,False,False,False,no_promotion_shadow_or_reject,False,False,False,0,0,train_return_not_positive;train_validation_return_ratio_-2.1283_below_0.50;train_return_per_turnover_proxy_bps_-7.735_not_above_10.000
82,htf_trend_6h_trxusdt_lb48_th0p005_5p0x_0p1_af7d0d4d,htf_trend_persistence,TRXUSDT,6h,long_only,48,0.005,5.0,0.1,0.5,-0.07536378272077293,0.05669404055917382,0.001719089933865714,0.10476373326502841,0.028089810499714263,0.03381883864951507,-0.6839639783389482,3.1515865743164286,0.2107003933420802,177,24,30,464,107,121,-1.3293069602635352,-8.515681663364173,47.24503379931152,1.146059955910476,False,False,False,no_promotion_shadow_or_reject,False,False,False,0,0,validation_trade_event_count_24_below_30;train_return_not_positive;train_validation_return_ratio_-1.3293_below_0.50;train_return_per_turnover_proxy_bps_-8.516_not_above_10.000;locked_oos_return_per_turnover_proxy_bps_1.146_not_above_10.000
83,htf_trend_4h_ethusdt_lb12_th0p04_4p0x_0p15_970cbf3d,htf_trend_persistence,ETHUSDT,4h,long_only,12,0.04,4.0,0.15,0.6,0.16576197739339693,0.04187117854523015,-0.06354231901630158,0.22617419130754812,0.045482368320424627,0.06679487508387738,0.9961675078826766,1.3104208426679762,-6.353105070485231,164,37,18,313,76,19,3.9588562622935792,16.845729409898063,18.860891236590156,-58.83548057064962,False,False,False,no_promotion_shadow_or_reject,False,False,False,0,0,locked_oos_trade_event_count_18_below_20;locked_oos_return_not_positive;locked_oos_return_per_turnover_proxy_bps_-58.835_not_above_10.000
84,htf_trend_2h_trxusdt_lb48_th0p005_5p0x_0p1_89de3bbc,htf_trend_persistence,TRXUSDT,2h,long_only,48,0.005,5.0,0.1,0.5,-0.050464712664121225,0.050475121881365714,0.026510982427309093,0.10948152452772575,0.017414728122830625,0.015050819523481973,-0.42667497760142076,3.2577296083993867,2.6816438469758053,350,71,56,1237,311,237,-0.9997937752925301,-2.8836978665212127,14.218344191934005,9.468208009753246,False,False,False,no_promotion_shadow_or_reject,False,False,False,0,0,train_return_not_positive;train_validation_return_ratio_-0.9998_below_0.50;train_return_per_turnover_proxy_bps_-2.884_not_above_10.000;locked_oos_return_per_turnover_proxy_bps_9.468_not_above_10.000
85,htf_funding_squeeze_4h_trxusdt_lb24_-2e-05_5p0x_0p1_8d3815d8,funding_squeeze_continuation,TRXUSDT,4h,long_only,24,-2e-05,5.0,0.1,0.5,0.005696497748032936,0.04244789333357346,0.013803295298134621,0.022052644218900963,0.008208935491198277,0.007295729797584749,0.20997535127883707,4.419847155270733,3.5909598827218496,70,34,14,86,57,22,0.13419977531670305,1.6275707851522674,24.969349019749096,19.71899328304946,False,False,False,no_promotion_shadow_or_reject,False,False,False,0,0,train_trade_event_count_70_below_80;locked_oos_trade_event_count_14_below_20;train_validation_return_ratio_0.1342_below_0.50;train_return_per_turnover_proxy_bps_1.628_not_above_10.000
86,htf_trend_4h_solusdt_lb12_th0p02_4p0x_0p15_e0b39dcf,htf_trend_persistence,SOLUSDT,4h,long_only,12,0.02,4.0,0.15,0.6,-0.10225151128308163,0.07004328864029952,-0.06181897785000501,0.28954330673636,0.06527668590949076,0.08498952664979764,-0.26341145889470663,1.6400829699755268,-3.7423372363710494,290,53,36,563,131,64,-1.4598331013294408,-5.876523636958714,22.026191396320606,-28.6198971527801,False,False,False,no_promotion_shadow_or_reject,False,False,False,0,0,train_return_not_positive;train_validation_return_ratio_-1.4598_below_0.50;locked_oos_return_not_positive;train_return_per_turnover_proxy_bps_-5.877_not_above_10.000;locked_oos_return_per_turnover_proxy_bps_-28.620_not_above_10.000
87,htf_funding_squeeze_4h_solusdt_lb6_-2e-05_4p0x_0p1_448c9fdc,funding_squeeze_continuation,SOLUSDT,4h,long_only,6,-2e-05,4.0,0.1,0.4,-0.17457261344806452,0.06871001919112274,-0.006649367297905218,0.19490042927917706,0.043375020638607875,0.011935558651990918,-2.7350943298674415,2.5817613401890656,-1.450822358264515,152,52,8,156,69,9,-2.540715539060992,-28.712600896063243,33.03366307265516,-20.779272805953806,False,False,False,no_promotion_shadow_or_reject,False,False,False,0,0,locked_oos_trade_event_count_8_below_20;train_return_not_positive;train_validation_return_ratio_-2.5407_below_0.50;locked_oos_return_not_positive;train_return_per_turnover_proxy_bps_-28.713_not_above_10.000;locked_oos_return_per_turnover_proxy_bps_-20.779_not_above_10.000
88,htf_trend_4h_trxusdt_lb24_th0p005_4p0x_0p1_a4f08ecf,htf_trend_persistence,TRXUSDT,4h,long_only,24,0.005,4.0,0.1,0.4,-0.06559760276668547,0.0495362737936107,0.025597320227112474,0.11644231079091893,0.01310090335480485,0.00726816561935395,-0.7067722440418645,3.8063549758606507,3.5951631652290588,244,51,34,618,155,119,-1.3242336926671783,-6.721065857242364,24.28248715373073,18.821558990523876,False,False,False,no_promotion_shadow_or_reject,False,False,False,0,0,train_return_not_positive;train_validation_return_ratio_-1.3242_below_0.50;train_return_per_turnover_proxy_bps_-6.721_not_above_10.000
89,htf_funding_squeeze_2h_solusdt_lb24_5e-05_3p0x_0p1_c130aa40,funding_squeeze_continuation,SOLUSDT,2h,long_only,24,5e-05,3.0,0.1,0.30000000000000004,-0.07879176187748693,0.05385678018158635,-0.025276286294523942,0.10356552554154574,0.024131454455051604,0.02841085815179001,-0.9500941843511729,2.5695114919652706,-4.331141457577214,296,78,28,643,187,34,-1.4629868627836362,-8.872946157374653,23.01571802631895,-30.090817017290398,False,False,False,no_promotion_shadow_or_reject,False,False,False,0,0,train_return_not_positive;train_validation_return_ratio_-1.4630_below_0.50;locked_oos_return_not_positive;train_return_per_turnover_proxy_bps_-8.873_not_above_10.000;locked_oos_return_per_turnover_proxy_bps_-30.091_not_above_10.000
90,htf_trend_2h_trxusdt_lb48_th0p01_5p0x_0p15_2075d242,htf_trend_persistence,TRXUSDT,2h,long_only,48,0.01,5.0,0.15,0.75,-0.07209864642961428,0.055453347149749366,0.05572076679984783,0.13228274690615605,0.03075172667171755,0.01466184102016821,-0.3985818991568636,2.5434958745776504,3.882861810199623,326,74,38,1072,279,181,-1.3001676208095247,-2.94881989487175,9.991594081035922,19.55114624556064,False,False,False,no_promotion_shadow_or_reject,False,False,False,0,0,train_return_not_positive;train_validation_return_ratio_-1.3002_below_0.50;train_return_per_turnover_proxy_bps_-2.949_not_above_10.000;validation_return_per_turnover_proxy_bps_9.992_not_above_10.000
91,htf_trend_4h_trxusdt_lb12_th0p005_4p0x_0p1_f4328ef9,htf_trend_persistence,TRXUSDT,4h,long_only,12,0.005,4.0,0.1,0.4,0.04342569928954454,0.041914778180002665,-0.001379045431382453,0.04819376614895998,0.019261309620233313,0.013672000085550917,0.5609500251970709,3.415972373774799,-0.2658899785985586,296,68,43,570,149,82,1.0360474556981605,3.667711088643964,15.409844919118626,-0.8017705996409611,False,False,False,no_promotion_shadow_or_reject,False,False,False,0,0,locked_oos_return_not_positive;train_return_per_turnover_proxy_bps_3.668_not_above_10.000;locked_oos_return_per_turnover_proxy_bps_-0.802_not_above_10.000
92,htf_trend_1h_ethusdt_lb48_th0p02_5p0x_0p15_5f0958ac,htf_trend_persistence,ETHUSDT,1h,long_only,48,0.02,5.0,0.15,0.75,0.05256638357953847,0.054677374161715475,-0.1694958468059663,0.34880484624668295,0.06025059650230713,0.180557443047349,0.33401823564313926,1.1024921422911282,-6.9162861089597865,540,99,80,2009,462,248,0.9613918807451601,1.297935397025641,7.363956116055957,-28.24930780099438,False,False,False,no_promotion_shadow_or_reject,False,False,False,0,0,locked_oos_return_not_positive;train_return_per_turnover_proxy_bps_1.298_not_above_10.000;validation_return_per_turnover_proxy_bps_7.364_not_above_10.000;locked_oos_return_per_turnover_proxy_bps_-28.249_not_above_10.000
93,htf_trend_6h_ethusdt_lb6_th0p005_5p0x_0p1_5e6581a1,htf_trend_persistence,ETHUSDT,6h,long_only,6,0.005,5.0,0.1,0.5,-0.024925834673519498,0.06331808847347586,-0.07288640218144171,0.3083286523328208,0.06922969329206818,0.08392918778857206,-0.03209182548669355,1.4734859865041647,-4.836981239075814,330,69,40,453,112,59,-0.3936605680059499,-1.5106566468799696,18.353069122746625,-36.443201090720855,False,False,False,no_promotion_shadow_or_reject,False,False,False,0,0,train_return_not_positive;train_validation_return_ratio_-0.3937_below_0.50;locked_oos_return_not_positive;train_return_per_turnover_proxy_bps_-1.511_not_above_10.000;locked_oos_return_per_turnover_proxy_bps_-36.443_not_above_10.000
94,htf_funding_squeeze_2h_solusdt_lb24_-2e-05_3p0x_0p1_1d2fbf5c,funding_squeeze_continuation,SOLUSDT,2h,long_only,24,-2e-05,3.0,0.1,0.30000000000000004,-0.09809869679460936,0.051322805139830674,-0.0012556830296390764,0.11172640899797592,0.014974388250227788,0.0063183449025602245,-1.6796280647903026,3.2430678828637634,-0.5896190479269647,174,50,12,288,104,10,-1.9114055930367841,-18.792853792070755,34.21520342655378,-3.4880084156641007,False,False,False,no_promotion_shadow_or_reject,False,False,False,0,0,locked_oos_trade_event_count_12_below_20;train_return_not_positive;train_validation_return_ratio_-1.9114_below_0.50;locked_oos_return_not_positive;train_return_per_turnover_proxy_bps_-18.793_not_above_10.000;locked_oos_return_per_turnover_proxy_bps_-3.488_not_above_10.000
95,htf_trend_2h_ethusdt_lb6_th0p04_5p0x_0p1_b9f50a88,htf_trend_persistence,ETHUSDT,2h,long_only,6,0.04,5.0,0.1,0.5,0.0022739203372417194,0.04740987549237219,-0.014022501953670163,0.06845083006991559,0.028884545827684294,0.014022501953670163,0.0693810323761964,1.9859291602895788,-6.3290141331584815,172,48,16,196,49,16,0.04796301010340287,0.26440934153973483,19.754114788488412,-17.528127442087705,False,False,False,no_promotion_shadow_or_reject,False,False,False,0,0,locked_oos_trade_event_count_16_below_20;train_validation_return_ratio_0.0480_below_0.50;locked_oos_return_not_positive;train_return_per_turnover_proxy_bps_0.264_not_above_10.000;locked_oos_return_per_turnover_proxy_bps_-17.528_not_above_10.000
96,htf_funding_squeeze_4h_solusdt_lb6_0p0_5p0x_0p1_de273ae1,funding_squeeze_continuation,SOLUSDT,4h,long_only,6,0.0,5.0,0.1,0.5,-0.1565694426548866,0.07036132404618423,-0.019088787059500345,0.18850555973499006,0.058465829307851824,0.020453646672375814,-1.7151846185152386,2.0953214269142357,-2.9317795058564595,188,60,14,191,76,14,-2.2252202438958726,-16.656323686690065,23.453774682061407,-27.269695799286207,False,False,False,no_promotion_shadow_or_reject,False,False,False,0,0,locked_oos_trade_event_count_14_below_20;train_return_not_positive;train_validation_return_ratio_-2.2252_below_0.50;locked_oos_return_not_positive;train_return_per_turnover_proxy_bps_-16.656_not_above_10.000;locked_oos_return_per_turnover_proxy_bps_-27.270_not_above_10.000
97,htf_trend_6h_trxusdt_lb48_th0p02_5p0x_0p1_920a82d5,htf_trend_persistence,TRXUSDT,6h,long_only,48,0.02,5.0,0.1,0.5,-0.08818604935988628,0.0520342106761964,-0.004593383651108063,0.13103107200258757,0.02058721301755062,0.020692805858477326,-0.8907824872123534,3.1634243954699675,-0.47166667586690253,150,14,28,363,85,88,-1.6947705790841932,-11.758139914651503,74.33458668028058,-3.2809883222200447,False,False,False,no_promotion_shadow_or_reject,False,False,False,0,0,validation_trade_event_count_14_below_30;train_return_not_positive;train_validation_return_ratio_-1.6948_below_0.50;locked_oos_return_not_positive;train_return_per_turnover_proxy_bps_-11.758_not_above_10.000;locked_oos_return_per_turnover_proxy_bps_-3.281_not_above_10.000
98,htf_trend_1h_solusdt_lb48_th0p01_5p0x_0p1_01c7d08a,htf_trend_persistence,SOLUSDT,1h,long_only,48,0.01,5.0,0.1,0.5,-0.13632601413200218,0.06638385251323786,-0.10655194529725642,0.2833579576424561,0.05163284762069198,0.1062339358048271,-0.49684069342205406,1.6010681543754048,-5.590115578839291,662,123,96,2629,613,380,-2.053602027764461,-4.11861069885203,10.794122359876075,-22.198321936928423,False,False,False,no_promotion_shadow_or_reject,False,False,False,0,0,train_return_not_positive;train_validation_return_ratio_-2.0536_below_0.50;locked_oos_return_not_positive;train_return_per_turnover_proxy_bps_-4.119_not_above_10.000;locked_oos_return_per_turnover_proxy_bps_-22.198_not_above_10.000
99,htf_trend_1h_solusdt_lb48_th0p005_4p0x_0p1_de653bc1,htf_trend_persistence,SOLUSDT,1h,long_only,48,0.005,4.0,0.1,0.4,-0.08290297600602092,0.06030281609579191,-0.07611919007158863,0.20550762216988383,0.046818187914764775,0.0773262845385988,-0.34526094901185755,1.7410122058081883,-4.749506402351243,710,137,96,2841,663,419,-1.374777852402918,-2.919118873451441,11.00416352112991,-19.822705747809536,False,False,False,no_promotion_shadow_or_reject,False,False,False,0,0,train_return_not_positive;train_validation_return_ratio_-1.3748_below_0.50;locked_oos_return_not_positive;train_return_per_turnover_proxy_bps_-2.919_not_above_10.000;locked_oos_return_per_turnover_proxy_bps_-19.823_not_above_10.000
100,htf_funding_squeeze_4h_solusdt_lb12_0p0_3p0x_0p1_dd7474fb,funding_squeeze_continuation,SOLUSDT,4h,long_only,12,0.0,3.0,0.1,0.30000000000000004,-0.08698854352535224,0.05067462494386166,-0.0199810081371945,0.10715349988600464,0.017110739485497795,0.023380971008280405,-1.3949912930147608,3.025133023793226,-3.7926699936587602,156,44,14,193,59,12,-1.7166095185059553,-18.587295625075264,38.38986738171337,-47.57382889808213,False,False,False,no_promotion_shadow_or_reject,False,False,False,0,0,locked_oos_trade_event_count_14_below_20;train_return_not_positive;train_validation_return_ratio_-1.7166_below_0.50;locked_oos_return_not_positive;train_return_per_turnover_proxy_bps_-18.587_not_above_10.000;locked_oos_return_per_turnover_proxy_bps_-47.574_not_above_10.000
101,htf_donchian_4h_ethusdt_lb12_4p0x_0p15_e64bb445,htf_donchian_breakout,ETHUSDT,4h,long_only,12,0.0,4.0,0.15,0.6,0.11423141625452549,0.037333368815769985,-0.04026570337618085,0.06416257012431537,0.027828561453925982,0.05002951607583883,1.0757756821059727,1.6976360535066042,-3.712882705130774,184,36,28,130,30,19,3.0597671701749296,10.347048573779484,17.283967044337956,-23.96768058106003,False,False,False,no_promotion_shadow_or_reject,False,False,False,0,0,locked_oos_return_not_positive;locked_oos_return_per_turnover_proxy_bps_-23.968_not_above_10.000
102,htf_trend_2h_solusdt_lb6_th0p04_5p0x_0p1_fb7199ee,htf_trend_persistence,SOLUSDT,2h,long_only,6,0.04,5.0,0.1,0.5,0.06045410257851036,0.04450267391059448,-0.03713094165673614,0.07564269553872593,0.036679723655031915,0.03793595338599498,0.5459530153583647,2.1475929143440253,-7.342874783496151,248,34,16,280,47,14,1.358437533438152,4.875330853105674,26.17804347682028,-46.41367707092017,False,False,False,no_promotion_shadow_or_reject,False,False,False,0,0,locked_oos_trade_event_count_16_below_20;locked_oos_return_not_positive;train_return_per_turnover_proxy_bps_4.875_not_above_10.000;locked_oos_return_per_turnover_proxy_bps_-46.414_not_above_10.000
103,htf_trend_6h_trxusdt_lb48_th0p01_4p0x_0p1_9aa864c3,htf_trend_persistence,TRXUSDT,6h,long_only,48,0.01,4.0,0.1,0.4,-0.05854409434163532,0.048277534268863276,-0.0015723870061755685,0.08782576054809721,0.019637423143518906,0.026709973803215825,-0.6799989837448087,3.3980481665856854,-0.16955808601083006,163,24,34,432,102,111,-1.2126570925432183,-8.979155573870447,50.28909819673257,-1.156166916305565,False,False,False,no_promotion_shadow_or_reject,False,False,False,0,0,validation_trade_event_count_24_below_30;train_return_not_positive;train_validation_return_ratio_-1.2127_below_0.50;locked_oos_return_not_positive;train_return_per_turnover_proxy_bps_-8.979_not_above_10.000;locked_oos_return_per_turnover_proxy_bps_-1.156_not_above_10.000
104,htf_trend_4h_ethusdt_lb48_th0p04_5p0x_0p1_d9bd6d11,htf_trend_persistence,ETHUSDT,4h,long_only,48,0.04,5.0,0.1,0.5,0.07540776271372063,0.04678174777847888,0.019162882818947624,0.1337279132118887,0.04894573823966031,0.03956879442458683,0.5495314963953937,1.5866498046262976,0.997922414396532,156,24,16,454,99,68,1.6119056318885685,9.66766188637444,38.98478981539906,23.95360352368453,False,False,False,no_promotion_shadow_or_reject,False,False,False,0,0,validation_trade_event_count_24_below_30;locked_oos_trade_event_count_16_below_20;train_return_per_turnover_proxy_bps_9.668_not_above_10.000
105,htf_trend_1h_solusdt_lb12_th0p04_5p0x_0p1_5228239c,htf_trend_persistence,SOLUSDT,1h,long_only,12,0.04,5.0,0.1,0.5,0.04770495420625398,0.04627322371639009,-0.016294984218583886,0.08926627787099062,0.04059678430762448,0.022571209102702938,0.42299729323030455,2.078124679712836,-3.4579231690002623,358,48,22,567,98,30,1.0309407984764365,2.665081240572848,19.280509881829204,-14.813622016894442,False,False,False,no_promotion_shadow_or_reject,False,False,False,0,0,locked_oos_return_not_positive;train_return_per_turnover_proxy_bps_2.665_not_above_10.000;locked_oos_return_per_turnover_proxy_bps_-14.814_not_above_10.000
106,htf_trend_4h_trxusdt_lb48_th0p02_3p0x_0p1_2050cc62,htf_trend_persistence,TRXUSDT,4h,long_only,48,0.02,3.0,0.1,0.30000000000000004,0.0013439090150528799,0.04023753469379909,0.009289984293545439,0.040318362284170295,0.011689164595363843,0.009626427993425168,0.05194784776678346,4.035687131410974,1.8083078507745014,186,39,26,534,142,95,0.03339938754398853,0.2408439095076845,34.391055293845376,11.910236273776203,False,False,False,no_promotion_shadow_or_reject,False,False,False,0,0,train_validation_return_ratio_0.0334_below_0.50;train_return_per_turnover_proxy_bps_0.241_not_above_10.000
107,htf_trend_4h_ethusdt_lb12_th0p005_5p0x_0p15_c5a2c811,htf_trend_persistence,ETHUSDT,4h,long_only,12,0.005,5.0,0.15,0.75,-0.24100329138656407,0.08082304639991067,-0.09900512430995245,0.38953940067630155,0.07403561183305218,0.127511367871591,-0.8436656998677825,1.4201641025521219,-3.6925086066848483,358,63,42,686,161,100,-2.981863492178766,-8.975914018121566,17.10540664548374,-31.4301981936357,False,False,False,no_promotion_shadow_or_reject,False,False,False,0,0,train_return_not_positive;train_validation_return_ratio_-2.9819_below_0.50;locked_oos_return_not_positive;train_return_per_turnover_proxy_bps_-8.976_not_above_10.000;locked_oos_return_per_turnover_proxy_bps_-31.430_not_above_10.000
108,htf_funding_squeeze_2h_solusdt_lb6_-2e-05_3p0x_0p1_6cf1f2a5,funding_squeeze_continuation,SOLUSDT,2h,long_only,6,-2e-05,3.0,0.1,0.30000000000000004,-0.104130446622127,0.05492637100448583,-0.008048053861669513,0.11781137115206197,0.031669298886288444,0.009593868412923756,-1.786591803545415,2.736556361287555,-3.909565108528161,294,111,10,330,129,12,-1.8958187973791802,-11.806173086408956,16.4944057070528,-26.82684620556504,False,False,False,no_promotion_shadow_or_reject,False,False,False,0,0,locked_oos_trade_event_count_10_below_20;train_return_not_positive;train_validation_return_ratio_-1.8958_below_0.50;locked_oos_return_not_positive;train_return_per_turnover_proxy_bps_-11.806_not_above_10.000;locked_oos_return_per_turnover_proxy_bps_-26.827_not_above_10.000
109,htf_trend_1h_ethusdt_lb48_th0p04_5p0x_0p15_d1d87bae,htf_trend_persistence,ETHUSDT,1h,long_only,48,0.04,5.0,0.15,0.75,0.21840863056698723,0.03731858220671791,-0.09182262227101468,0.2078768580979382,0.06013000369669552,0.08471086059968058,1.0861631085449994,0.9348035826747982,-4.74237054017944,354,77,42,1257,300,88,5.8525436297971245,8.226313769001402,6.46209215700743,-29.150038816195135,False,False,False,no_promotion_shadow_or_reject,False,False,False,0,0,locked_oos_return_not_positive;train_return_per_turnover_proxy_bps_8.226_not_above_10.000;validation_return_per_turnover_proxy_bps_6.462_not_above_10.000;locked_oos_return_per_turnover_proxy_bps_-29.150_not_above_10.000
110,htf_trend_6h_trxusdt_lb24_th0p005_3p0x_0p1_817299ba,htf_trend_persistence,TRXUSDT,6h,long_only,24,0.005,3.0,0.1,0.30000000000000004,-0.03892788114183843,0.04151117891078471,0.02101144012389833,0.058457722595237405,0.009204946766337319,0.007177113143632563,-0.5298105086191021,4.084028478926091,3.338633288534888,174,34,26,434,117,88,-0.9377686243385602,-7.457448494605062,40.69723422625951,26.937743748587597,False,False,False,no_promotion_shadow_or_reject,False,False,False,0,0,train_return_not_positive;train_validation_return_ratio_-0.9378_below_0.50;train_return_per_turnover_proxy_bps_-7.457_not_above_10.000
111,htf_funding_squeeze_4h_solusdt_lb12_5e-05_3p0x_0p1_a9cbdaf9,funding_squeeze_continuation,SOLUSDT,4h,long_only,12,5e-05,3.0,0.1,0.30000000000000004,-0.11349317531509961,0.056391168950676196,-0.012146497274944545,0.1343095741111796,0.03655020722732494,0.019252478539961815,-1.3353627036383577,2.8933584398074323,-2.05763888426418,224,60,16,331,93,17,-2.012605473994855,-16.88886537427077,31.3284271948201,-25.305202656134465,False,False,False,no_promotion_shadow_or_reject,False,False,False,0,0,locked_oos_trade_event_count_16_below_20;train_return_not_positive;train_validation_return_ratio_-2.0126_below_0.50;locked_oos_return_not_positive;train_return_per_turnover_proxy_bps_-16.889_not_above_10.000;locked_oos_return_per_turnover_proxy_bps_-25.305_not_above_10.000
112,htf_funding_squeeze_2h_solusdt_lb6_5e-05_4p0x_0p1_896bea76,funding_squeeze_continuation,SOLUSDT,2h,long_only,6,5e-05,4.0,0.1,0.4,-0.14001490036594622,0.06187746142646766,-0.017713901119054798,0.18670491606334316,0.0484880974142492,0.019552676872210295,-1.2253532216072087,2.009150714757264,-3.4452227434256426,528,149,24,657,189,28,-2.262777061924777,-6.629493388539119,10.382124400414037,-18.451980332348747,False,False,False,no_promotion_shadow_or_reject,False,False,False,0,0,train_return_not_positive;train_validation_return_ratio_-2.2628_below_0.50;locked_oos_return_not_positive;train_return_per_turnover_proxy_bps_-6.629_not_above_10.000;locked_oos_return_per_turnover_proxy_bps_-18.452_not_above_10.000
113,htf_trend_6h_trxusdt_lb48_th0p04_5p0x_0p15_821b712b,htf_trend_persistence,TRXUSDT,6h,long_only,48,0.04,5.0,0.15,0.75,-0.06503442897465028,0.050107028343112425,-0.0203230797206142,0.1434209448503223,0.031976837346006204,0.031301897627084685,-0.4723065294163171,2.265267056638853,-2.0657233369514354,102,18,24,241,63,39,-1.2979103156810883,-8.50123254570592,37.11631729119439,-11.290599844785667,False,False,False,no_promotion_shadow_or_reject,False,False,False,0,0,validation_trade_event_count_18_below_30;train_return_not_positive;train_validation_return_ratio_-1.2979_below_0.50;locked_oos_return_not_positive;train_return_per_turnover_proxy_bps_-8.501_not_above_10.000;locked_oos_return_per_turnover_proxy_bps_-11.291_not_above_10.000
114,htf_trend_1h_ethusdt_lb12_th0p04_4p0x_0p1_a15b65d0,htf_trend_persistence,ETHUSDT,1h,long_only,12,0.04,4.0,0.1,0.4,0.06874384240196219,0.034308581449439046,-0.005649543472355578,0.07059924427390452,0.018127124458387045,0.00896760303160693,0.8774564879996806,1.9650162071685613,-1.9361318787117558,256,62,20,413,102,31,2.003692356189975,6.7132658595666195,13.834105423160905,-7.061929340444473,False,False,False,no_promotion_shadow_or_reject,False,False,False,0,0,locked_oos_return_not_positive;train_return_per_turnover_proxy_bps_6.713_not_above_10.000;locked_oos_return_per_turnover_proxy_bps_-7.062_not_above_10.000
115,htf_trend_4h_ethusdt_lb12_th0p04_5p0x_0p1_82d82c45,htf_trend_persistence,ETHUSDT,4h,long_only,12,0.04,5.0,0.1,0.5,0.13856542593986543,0.035088361917415156,-0.05318344283139509,0.19198334576296106,0.03798448930151588,0.05592565271247585,0.9961675078826765,1.3104208426679762,-6.353105070485231,164,37,18,313,76,19,3.9490423139728343,16.898222675593345,18.966682117521707,-59.092714257105655,False,False,False,no_promotion_shadow_or_reject,False,False,False,0,0,locked_oos_trade_event_count_18_below_20;locked_oos_return_not_positive;locked_oos_return_per_turnover_proxy_bps_-59.093_not_above_10.000
116,htf_trend_4h_solusdt_lb12_th0p02_5p0x_0p1_6feed7cc,htf_trend_persistence,SOLUSDT,4h,long_only,12,0.02,5.0,0.1,0.5,-0.08130457520334633,0.058603519220692846,-0.05164218959796796,0.2445584527153507,0.05448046594867606,0.07127988218398695,-0.2634114588947066,1.6400829699755268,-3.74233723637105,290,53,36,563,131,64,-1.3873667705375237,-5.607212082989402,22.114535554978435,-28.69010533220442,False,False,False,no_promotion_shadow_or_reject,False,False,False,0,0,train_return_not_positive;train_validation_return_ratio_-1.3874_below_0.50;locked_oos_return_not_positive;train_return_per_turnover_proxy_bps_-5.607_not_above_10.000;locked_oos_return_per_turnover_proxy_bps_-28.690_not_above_10.000
117,htf_trend_6h_trxusdt_lb24_th0p01_3p0x_0p1_aecc7e25,htf_trend_persistence,TRXUSDT,6h,long_only,24,0.01,3.0,0.1,0.30000000000000004,-0.035139897467523884,0.039237040062552575,0.02346575093893155,0.06211595031855077,0.009204946766336763,0.006312072690097259,-0.48578622019925355,3.915477559943262,3.797387203699312,164,32,30,406,107,75,-0.8955797229226024,-7.142255582830056,40.87191673182559,26.07305659881283,False,False,False,no_promotion_shadow_or_reject,False,False,False,0,0,train_return_not_positive;train_validation_return_ratio_-0.8956_below_0.50;train_return_per_turnover_proxy_bps_-7.142_not_above_10.000
118,htf_trend_4h_trxusdt_lb24_th0p01_4p0x_0p15_1d425862,htf_trend_persistence,TRXUSDT,4h,long_only,24,0.01,4.0,0.15,0.6,-0.103409212599186,0.048729502749702114,0.04866699541258135,0.16760185632524605,0.02193241314088412,0.011723786997482888,-0.7608795853087384,2.6400367573236343,4.71402043332681,224,56,30,543,139,95,-2.122106870869273,-7.694137842201339,14.502828199316104,27.037219673656306,False,False,False,no_promotion_shadow_or_reject,False,False,False,0,0,train_return_not_positive;train_validation_return_ratio_-2.1221_below_0.50;train_return_per_turnover_proxy_bps_-7.694_not_above_10.000
119,htf_trend_6h_trxusdt_lb48_th0p005_4p0x_0p1_922c5b8d,htf_trend_persistence,TRXUSDT,6h,long_only,48,0.005,4.0,0.1,0.4,-0.059910056648340815,0.045210272999418155,0.0014376687003221367,0.08446062493168405,0.022505965169560826,0.027125800323448468,-0.683963978338948,3.151586574316428,0.21070039334208052,177,24,30,464,107,121,-1.3251425544170423,-8.461872407957742,47.09403437439391,1.1980572502684472,False,False,False,no_promotion_shadow_or_reject,False,False,False,0,0,validation_trade_event_count_24_below_30;train_return_not_positive;train_validation_return_ratio_-1.3251_below_0.50;train_return_per_turnover_proxy_bps_-8.462_not_above_10.000;locked_oos_return_per_turnover_proxy_bps_1.198_not_above_10.000
120,htf_trend_2h_trxusdt_lb48_th0p005_4p0x_0p1_56b6a292,htf_trend_persistence,TRXUSDT,2h,long_only,48,0.005,4.0,0.1,0.4,-0.039684872745499034,0.04025922593195763,0.021215582436231895,0.08814098917633229,0.01394449948826626,0.01205586651007462,-0.4266749776014208,3.2577296083993867,2.6816438469758053,350,71,56,1237,311,237,-0.9857336256929202,-2.8346337675356454,14.175783778858321,9.471242159032094,False,False,False,no_promotion_shadow_or_reject,False,False,False,0,0,train_return_not_positive;train_validation_return_ratio_-0.9857_below_0.50;train_return_per_turnover_proxy_bps_-2.835_not_above_10.000;locked_oos_return_per_turnover_proxy_bps_9.471_not_above_10.000
121,htf_trend_1h_ethusdt_lb48_th0p02_4p0x_0p15_1cf42a38,htf_trend_persistence,ETHUSDT,1h,long_only,48,0.02,4.0,0.15,0.6,0.04656940596346382,0.04447488964070456,-0.13768449350471423,0.2897361540038368,0.04830949635724624,0.14701164591317983,0.3340182356431391,1.1024921422911282,-6.916286108959786,540,99,80,2009,462,248,1.0470943568310127,1.4373273445513524,7.487355158367771,-28.6842694801488,False,False,False,no_promotion_shadow_or_reject,False,False,False,0,0,locked_oos_return_not_positive;train_return_per_turnover_proxy_bps_1.437_not_above_10.000;validation_return_per_turnover_proxy_bps_7.487_not_above_10.000;locked_oos_return_per_turnover_proxy_bps_-28.684_not_above_10.000
122,htf_funding_squeeze_2h_solusdt_lb6_0p0_5p0x_0p1_60f6ba53,funding_squeeze_continuation,SOLUSDT,2h,long_only,6,0.0,5.0,0.1,0.5,-0.23861615483803267,0.07168385911708186,-0.02675678972119311,0.26285578646226393,0.058869788066776896,0.027669330840786377,-2.2771011434910546,2.0902355132874106,-5.365927968130659,362,121,18,406,140,24,-3.3287291975770845,-13.183212974476943,11.848571754889564,-29.729766356881232,False,False,False,no_promotion_shadow_or_reject,False,False,False,0,0,locked_oos_trade_event_count_18_below_20;train_return_not_positive;train_validation_return_ratio_-3.3287_below_0.50;locked_oos_return_not_positive;train_return_per_turnover_proxy_bps_-13.183_not_above_10.000;locked_oos_return_per_turnover_proxy_bps_-29.730_not_above_10.000
123,htf_funding_squeeze_4h_trxusdt_lb24_-2e-05_4p0x_0p1_52c01cbf,funding_squeeze_continuation,TRXUSDT,4h,long_only,24,-2e-05,4.0,0.1,0.4,0.004622539030264772,0.033846708634679645,0.011036777491023608,0.017668786532638037,0.006568546770604922,0.005839500722858548,0.20997535127883726,4.419847155270734,3.59095988272185,70,34,14,86,57,22,0.13657277817342856,1.6509067965231328,24.887285760793855,19.708531233970728,False,False,False,no_promotion_shadow_or_reject,False,False,False,0,0,train_trade_event_count_70_below_80;locked_oos_trade_event_count_14_below_20;train_validation_return_ratio_0.1366_below_0.50;train_return_per_turnover_proxy_bps_1.651_not_above_10.000
124,htf_trend_4h_solusdt_lb12_th0p01_5p0x_0p15_7015c836,htf_trend_persistence,SOLUSDT,4h,long_only,12,0.01,5.0,0.15,0.75,-0.3087345728418225,0.0838408453545374,-0.1623160105143533,0.47969599699907617,0.07883009735571611,0.19598504562617447,-0.8626165781204636,1.481981980594362,-6.180518889439397,334,63,46,663,155,94,-3.6823885963491665,-12.32473344677934,17.744094254928548,-47.04811898966762,False,False,False,no_promotion_shadow_or_reject,False,False,False,0,0,train_return_not_positive;train_validation_return_ratio_-3.6824_below_0.50;locked_oos_return_not_positive;train_return_per_turnover_proxy_bps_-12.325_not_above_10.000;locked_oos_return_per_turnover_proxy_bps_-47.048_not_above_10.000
125,htf_donchian_4h_trxusdt_lb48_5p0x_0p15_538cd7bd,htf_donchian_breakout,TRXUSDT,4h,long_only,48,0.0,5.0,0.15,0.75,0.031719884514160634,0.030937813063349306,-0.002614025216896354,0.04315727347290299,0.0064315572168474056,0.008620209935778944,0.6287658474441234,3.2622236953888657,-0.9320740132575258,96,24,16,77,25,13,1.0252788213960027,4.405539515855644,17.187673924082947,-2.1783543474136287,False,False,False,no_promotion_shadow_or_reject,False,False,False,0,0,validation_trade_event_count_24_below_30;locked_oos_trade_event_count_16_below_20;locked_oos_return_not_positive;train_return_per_turnover_proxy_bps_4.406_not_above_10.000;locked_oos_return_per_turnover_proxy_bps_-2.178_not_above_10.000
126,htf_trend_2h_trxusdt_lb48_th0p01_4p0x_0p15_fa788dd1,htf_trend_persistence,TRXUSDT,2h,long_only,48,0.01,4.0,0.15,0.6,-0.056241078950121426,0.04428057530953167,0.04446403771708196,0.10633919435504458,0.02462815370833149,0.011740368823144998,-0.3985818991568638,2.543495874577651,3.8828618101996235,326,74,38,1072,279,181,-1.2701072322792335,-2.875310784771034,9.973102547191818,19.50177092854472,False,False,False,no_promotion_shadow_or_reject,False,False,False,0,0,train_return_not_positive;train_validation_return_ratio_-1.2701_below_0.50;train_return_per_turnover_proxy_bps_-2.875_not_above_10.000;validation_return_per_turnover_proxy_bps_9.973_not_above_10.000
127,htf_donchian_4h_ethusdt_lb12_5p0x_0p1_86092885,htf_donchian_breakout,ETHUSDT,4h,long_only,12,0.0,5.0,0.1,0.5,0.09516798210161959,0.031157855438692872,-0.03360493188550262,0.05369672680923976,0.023217239137507062,0.041807561538045435,1.0757756821059727,1.6976360535066044,-3.712882705130775,184,36,28,130,30,19,3.054381656300927,10.344345880610826,17.309919688162708,-24.003522775359016,False,False,False,no_promotion_shadow_or_reject,False,False,False,0,0,locked_oos_return_not_positive;locked_oos_return_per_turnover_proxy_bps_-24.004_not_above_10.000
128,htf_trend_1h_ethusdt_lb12_th0p02_3p0x_0p1_8f1161c4,htf_trend_persistence,ETHUSDT,1h,long_only,12,0.02,3.0,0.1,0.30000000000000004,-0.034078594070295565,0.040738022788545214,0.0031790305281131914,0.11018037223541621,0.020005238310209617,0.01036660868908934,-0.3624555863250461,2.2485255680490517,0.5332714456394638,698,127,48,1213,243,86,-0.8365303894885601,-1.6274400224591958,10.69239443268903,2.2076600889674936,False,False,False,no_promotion_shadow_or_reject,False,False,False,0,0,train_return_not_positive;train_validation_return_ratio_-0.8365_below_0.50;train_return_per_turnover_proxy_bps_-1.627_not_above_10.000;locked_oos_return_per_turnover_proxy_bps_2.208_not_above_10.000
129,htf_trend_6h_ethusdt_lb6_th0p005_4p0x_0p1_6368cc6d,htf_trend_persistence,ETHUSDT,6h,long_only,6,0.005,4.0,0.1,0.4,-0.017011540557123395,0.051002134699642765,-0.05860391529991693,0.2548506843374567,0.0556898793676317,0.06758897473646441,-0.03209182548669309,1.4734859865041647,-4.836981239075816,330,69,40,453,112,59,-0.3335456575946526,-1.288753072509348,18.47903431146477,-36.627447062448084,False,False,False,no_promotion_shadow_or_reject,False,False,False,0,0,train_return_not_positive;train_validation_return_ratio_-0.3335_below_0.50;locked_oos_return_not_positive;train_return_per_turnover_proxy_bps_-1.289_not_above_10.000;locked_oos_return_per_turnover_proxy_bps_-36.627_not_above_10.000
130,htf_donchian_4h_trxusdt_lb72_5p0x_0p15_45291712,htf_donchian_breakout,TRXUSDT,4h,long_only,72,0.0,5.0,0.15,0.75,0.02378418357107881,0.030999231574013075,-0.007614158446146657,0.03408078989093821,0.0065462456348202025,0.01080565819426793,0.597661234372742,3.348562304038602,-4.195675927709436,62,20,16,58,22,11,0.767250746661001,5.1148781873287765,20.666154382675384,-6.3451320384555485,False,False,False,no_promotion_shadow_or_reject,False,False,False,0,0,train_trade_event_count_62_below_80;validation_trade_event_count_20_below_30;locked_oos_trade_event_count_16_below_20;locked_oos_return_not_positive;train_return_per_turnover_proxy_bps_5.115_not_above_10.000;locked_oos_return_per_turnover_proxy_bps_-6.345_not_above_10.000
131,htf_trend_1h_solusdt_lb48_th0p01_4p0x_0p1_f3096c4f,htf_trend_persistence,SOLUSDT,1h,long_only,48,0.01,4.0,0.1,0.4,-0.10660843640607598,0.05337692833630503,-0.08596334262610505,0.23261388520616721,0.041481959200400986,0.08576081845551242,-0.4968406934220535,1.6010681543754053,-5.590115578839291,662,123,96,2629,613,380,-1.997275596946721,-4.025998353703775,10.848969174045736,-22.386287142214854,False,False,False,no_promotion_shadow_or_reject,False,False,False,0,0,train_return_not_positive;train_validation_return_ratio_-1.9973_below_0.50;locked_oos_return_not_positive;train_return_per_turnover_proxy_bps_-4.026_not_above_10.000;locked_oos_return_per_turnover_proxy_bps_-22.386_not_above_10.000
132,htf_trend_2h_ethusdt_lb6_th0p04_4p0x_0p1_02887282,htf_trend_persistence,ETHUSDT,2h,long_only,6,0.04,4.0,0.1,0.4,0.0024102109980803643,0.03794224871092666,-0.011230708550372115,0.05506657366370771,0.02315481251976559,0.011230708550372115,0.06938103237619646,1.9859291602895788,-6.3290141331584815,172,48,16,196,49,16,0.06352314583258394,0.350321366000053,19.7615878702743,-17.54798210995643,False,False,False,no_promotion_shadow_or_reject,False,False,False,0,0,locked_oos_trade_event_count_16_below_20;train_validation_return_ratio_0.0635_below_0.50;locked_oos_return_not_positive;train_return_per_turnover_proxy_bps_0.350_not_above_10.000;locked_oos_return_per_turnover_proxy_bps_-17.548_not_above_10.000
133,htf_trend_6h_trxusdt_lb48_th0p02_4p0x_0p1_6f04974d,htf_trend_persistence,TRXUSDT,6h,long_only,48,0.02,4.0,0.1,0.4,-0.07047636481763508,0.04150412435105766,-0.003625120026053197,0.10582368444428114,0.016481436546499806,0.016569911197601872,-0.8907824872123532,3.1634243954699675,-0.4716666758669016,150,14,28,363,85,88,-1.698056902044703,-11.746060802939182,74.11450776974581,-3.236714308976068,False,False,False,no_promotion_shadow_or_reject,False,False,False,0,0,validation_trade_event_count_14_below_30;train_return_not_positive;train_validation_return_ratio_-1.6981_below_0.50;locked_oos_return_not_positive;train_return_per_turnover_proxy_bps_-11.746_not_above_10.000;locked_oos_return_per_turnover_proxy_bps_-3.237_not_above_10.000
134,htf_funding_squeeze_4h_solusdt_lb6_0p0_4p0x_0p1_f4cb31f4,funding_squeeze_continuation,SOLUSDT,4h,long_only,6,0.0,4.0,0.1,0.4,-0.12669637271897904,0.05628727321589966,-0.015273978119132225,0.15330454866395493,0.04699183188979472,0.016371847675622164,-1.715184618515239,2.095321426914236,-2.931779505856459,188,60,14,191,76,14,-2.250888442099744,-16.847921904119552,23.453030506624856,-27.27496092702183,False,False,False,no_promotion_shadow_or_reject,False,False,False,0,0,locked_oos_trade_event_count_14_below_20;train_return_not_positive;train_validation_return_ratio_-2.2509_below_0.50;locked_oos_return_not_positive;train_return_per_turnover_proxy_bps_-16.848_not_above_10.000;locked_oos_return_per_turnover_proxy_bps_-27.275_not_above_10.000
135,htf_trend_2h_solusdt_lb6_th0p04_4p0x_0p1_3c68d3fb,htf_trend_persistence,SOLUSDT,2h,long_only,6,0.04,4.0,0.1,0.4,0.04928725277983115,0.03558929688267054,-0.029800340696325978,0.060722590725821535,0.02941901522324908,0.03044935830487039,0.5459530153583649,2.1475929143440244,-7.342874783496152,248,34,16,280,47,14,1.3848897589159885,4.968473062482978,26.16860064902245,-46.563032338009336,False,False,False,no_promotion_shadow_or_reject,False,False,False,0,0,locked_oos_trade_event_count_16_below_20;locked_oos_return_not_positive;train_return_per_turnover_proxy_bps_4.968_not_above_10.000;locked_oos_return_per_turnover_proxy_bps_-46.563_not_above_10.000
136,htf_trend_4h_trxusdt_lb24_th0p005_3p0x_0p1_662fe385,htf_trend_persistence,TRXUSDT,4h,long_only,24,0.005,3.0,0.1,0.30000000000000004,-0.04888402840209938,0.03699169582049455,0.019174832541363207,0.08812517080392657,0.009838776230613244,0.005454875622922795,-0.7067722440418646,3.806354975860652,3.5951631652290597,244,51,34,618,155,119,-1.321486547665006,-6.678145956570951,24.177578967643495,18.798855432709026,False,False,False,no_promotion_shadow_or_reject,False,False,False,0,0,train_return_not_positive;train_validation_return_ratio_-1.3215_below_0.50;train_return_per_turnover_proxy_bps_-6.678_not_above_10.000
137,htf_trend_4h_ethusdt_lb48_th0p04_4p0x_0p1_b6829ed9,htf_trend_persistence,ETHUSDT,4h,long_only,48,0.04,4.0,0.1,0.4,0.06188547531483812,0.03755523503615632,0.015569206772569455,0.10818956284453862,0.039309120627828875,0.03175572057513776,0.5495314963953937,1.5866498046262978,0.9979224143965324,156,24,16,454,99,68,1.647852163759802,9.917544120967646,39.12003649599616,24.326885582139774,False,False,False,no_promotion_shadow_or_reject,False,False,False,0,0,validation_trade_event_count_24_below_30;locked_oos_trade_event_count_16_below_20;train_return_per_turnover_proxy_bps_9.918_not_above_10.000
138,htf_trend_4h_ethusdt_lb12_th0p005_4p0x_0p15_736390bc,htf_trend_persistence,ETHUSDT,4h,long_only,12,0.005,4.0,0.15,0.6,-0.1929151147222783,0.06538234043002022,-0.07958325249374743,0.32477491069661824,0.05942031910468737,0.10299310024491093,-0.8436656998677828,1.4201641025521219,-3.692508606684847,358,63,42,686,161,100,-2.950569120858536,-8.981150592284838,17.296915457677308,-31.580655751487072,False,False,False,no_promotion_shadow_or_reject,False,False,False,0,0,train_return_not_positive;train_validation_return_ratio_-2.9506_below_0.50;locked_oos_return_not_positive;train_return_per_turnover_proxy_bps_-8.981_not_above_10.000;locked_oos_return_per_turnover_proxy_bps_-31.581_not_above_10.000
139,htf_trend_1h_solusdt_lb12_th0p04_4p0x_0p1_c2b592bc,htf_trend_persistence,SOLUSDT,1h,long_only,12,0.04,4.0,0.1,0.4,0.03937793928295896,0.037016475710452745,-0.013043515229771319,0.0715523875504932,0.03257749321242054,0.018087560913456868,0.4229972932303047,2.078124679712836,-3.4579231690002628,358,48,22,567,98,30,1.0637949325856375,2.749856095178698,19.279414432527467,-14.822176397467407,False,False,False,no_promotion_shadow_or_reject,False,False,False,0,0,locked_oos_return_not_positive;train_return_per_turnover_proxy_bps_2.750_not_above_10.000;locked_oos_return_per_turnover_proxy_bps_-14.822_not_above_10.000
140,htf_funding_squeeze_4h_solusdt_lb6_-2e-05_3p0x_0p1_249103e1,funding_squeeze_continuation,SOLUSDT,4h,long_only,6,-2e-05,3.0,0.1,0.30000000000000004,-0.13362451238719142,0.05137750174616107,-0.004976058807938943,0.14970805237087026,0.032665854198385524,0.008956794658412925,-2.7350943298674415,2.581761340189065,-1.4508223582645152,152,52,8,156,69,9,-2.6008370949483908,-29.30362113754197,32.934295991128884,-20.73357836641226,False,False,False,no_promotion_shadow_or_reject,False,False,False,0,0,locked_oos_trade_event_count_8_below_20;train_return_not_positive;train_validation_return_ratio_-2.6008_below_0.50;locked_oos_return_not_positive;train_return_per_turnover_proxy_bps_-29.304_not_above_10.000;locked_oos_return_per_turnover_proxy_bps_-20.734_not_above_10.000
141,htf_trend_4h_trxusdt_lb12_th0p005_3p0x_0p1_b80053f5,htf_trend_persistence,TRXUSDT,4h,long_only,12,0.005,3.0,0.1,0.30000000000000004,0.03304377254565072,0.031331938076180954,-0.001017249810926879,0.03607044021726635,0.014475971376185837,0.010264156400822011,0.5609500251970713,3.4159723737747996,-0.2658899785985573,296,68,43,570,149,82,1.0546354478713569,3.721145556942648,15.358793174598507,-0.7885657449045572,False,False,False,no_promotion_shadow_or_reject,False,False,False,0,0,locked_oos_return_not_positive;train_return_per_turnover_proxy_bps_3.721_not_above_10.000;locked_oos_return_per_turnover_proxy_bps_-0.789_not_above_10.000
142,htf_trend_1h_ethusdt_lb48_th0p04_4p0x_0p15_881fa705,htf_trend_persistence,ETHUSDT,1h,long_only,48,0.04,4.0,0.15,0.6,0.17496098926253634,0.030367782010406907,-0.07392534233742254,0.16958172844739305,0.04825573890007806,0.06813288480914192,1.0861631085449996,0.9348035826747986,-4.74237054017944,354,77,42,1257,300,88,5.761401646079321,8.2373347110422,6.5731129892655655,-29.335453308501005,False,False,False,no_promotion_shadow_or_reject,False,False,False,0,0,locked_oos_return_not_positive;train_return_per_turnover_proxy_bps_8.237_not_above_10.000;validation_return_per_turnover_proxy_bps_6.573_not_above_10.000;locked_oos_return_per_turnover_proxy_bps_-29.335_not_above_10.000
143,htf_trend_1h_solusdt_lb48_th0p005_3p0x_0p1_f9c16ef4,htf_trend_persistence,SOLUSDT,1h,long_only,48,0.005,3.0,0.1,0.30000000000000004,-0.05949255005231102,0.04538241344757732,-0.05746249846071505,0.157304895005434,0.03522918073961023,0.05843172066326385,-0.3452609490118575,1.7410122058081885,-4.749506402351243,710,137,96,2841,663,419,-1.310916399830361,-2.7930774672446486,11.041949743936085,-19.952256409970502,False,False,False,no_promotion_shadow_or_reject,False,False,False,0,0,train_return_not_positive;train_validation_return_ratio_-1.3109_below_0.50;locked_oos_return_not_positive;train_return_per_turnover_proxy_bps_-2.793_not_above_10.000;locked_oos_return_per_turnover_proxy_bps_-19.952_not_above_10.000
144,htf_trend_6h_trxusdt_lb48_th0p01_3p0x_0p1_04186158,htf_trend_persistence,TRXUSDT,6h,long_only,48,0.01,3.0,0.1,0.30000000000000004,-0.043611309084488625,0.03607135850770016,-0.0011343717017845423,0.0664211161348991,0.01474377521375636,0.020083714157526855,-0.6799989837448085,3.398048166585685,-0.16955808601082997,163,24,34,432,102,111,-1.2090287388310843,-8.918468115437346,50.099109038472434,-1.1121291193966099,False,False,False,no_promotion_shadow_or_reject,False,False,False,0,0,validation_trade_event_count_24_below_30;train_return_not_positive;train_validation_return_ratio_-1.2090_below_0.50;locked_oos_return_not_positive;train_return_per_turnover_proxy_bps_-8.918_not_above_10.000;locked_oos_return_per_turnover_proxy_bps_-1.112_not_above_10.000
145,htf_trend_1h_ethusdt_lb48_th0p02_5p0x_0p1_68504d2a,htf_trend_persistence,ETHUSDT,1h,long_only,48,0.02,5.0,0.1,0.5,0.04127931705449117,0.03746190428776042,-0.11591202194887007,0.24762736974334532,0.04031744717065089,0.12396040920204099,0.3340182356431389,1.1024921422911285,-6.9162861089597865,540,99,80,2009,462,248,1.1019011937409167,1.5288635946107842,7.568061472274832,-28.97800548721752,False,False,False,no_promotion_shadow_or_reject,False,False,False,0,0,locked_oos_return_not_positive;train_return_per_turnover_proxy_bps_1.529_not_above_10.000;validation_return_per_turnover_proxy_bps_7.568_not_above_10.000;locked_oos_return_per_turnover_proxy_bps_-28.978_not_above_10.000
146,htf_trend_2h_ethusdt_lb24_th0p04_5p0x_0p15_e6c26ff3,htf_trend_persistence,ETHUSDT,2h,long_only,24,0.04,5.0,0.15,0.75,0.18026918913216416,0.02785465988646285,-0.057358973558929716,0.22825227525739,0.0464304327091376,0.08564196626066434,0.8858809038300877,0.7174966333014684,-3.3381275852074777,250,47,24,628,151,42,6.471778505533776,9.614356753715422,7.902031173464638,-31.866096421627617,False,False,False,no_promotion_shadow_or_reject,False,False,False,0,0,locked_oos_return_not_positive;train_return_per_turnover_proxy_bps_9.614_not_above_10.000;validation_return_per_turnover_proxy_bps_7.902_not_above_10.000;locked_oos_return_per_turnover_proxy_bps_-31.866_not_above_10.000
147,htf_trend_4h_solusdt_lb12_th0p02_4p0x_0p1_d693dd57,htf_trend_persistence,SOLUSDT,4h,long_only,12,0.02,4.0,0.1,0.4,-0.06178163965483552,0.04706238705570431,-0.04141390440021864,0.19814831063623617,0.04364881695453893,0.05739077210150012,-0.2634114588947066,1.6400829699755268,-3.7423372363710494,290,53,36,563,131,64,-1.3127604339684067,-5.326003418520304,22.199239177219013,-28.759655833485166,False,False,False,no_promotion_shadow_or_reject,False,False,False,0,0,train_return_not_positive;train_validation_return_ratio_-1.3128_below_0.50;locked_oos_return_not_positive;train_return_per_turnover_proxy_bps_-5.326_not_above_10.000;locked_oos_return_per_turnover_proxy_bps_-28.760_not_above_10.000
148,htf_trend_4h_ethusdt_lb12_th0p04_4p0x_0p1_96482975,htf_trend_persistence,ETHUSDT,4h,long_only,12,0.04,4.0,0.1,0.4,0.11113419085109366,0.02822463767194683,-0.04273277694849509,0.15645300519238603,0.030453515253094587,0.04495218737774309,0.9961675078826768,1.3104208426679758,-6.353105070485231,164,37,18,313,76,19,3.9374886630184345,16.941187629739886,19.070701129693802,-59.351079095132064,False,False,False,no_promotion_shadow_or_reject,False,False,False,0,0,locked_oos_trade_event_count_18_below_20;locked_oos_return_not_positive;locked_oos_return_per_turnover_proxy_bps_-59.351_not_above_10.000
149,htf_trend_4h_trxusdt_lb24_th0p01_5p0x_0p1_37d7d517,htf_trend_persistence,TRXUSDT,4h,long_only,24,0.01,5.0,0.1,0.5,-0.0858346770452969,0.04054435178143789,0.04045308456728591,0.14092818397177587,0.018306054323388055,0.009772419166691138,-0.7608795853087386,2.640036757323634,4.714020433326809,224,56,30,543,139,95,-2.1170563413618053,-7.663810450472938,14.48012563622782,26.968723044857274,False,False,False,no_promotion_shadow_or_reject,False,False,False,0,0,train_return_not_positive;train_validation_return_ratio_-2.1171_below_0.50;train_return_per_turnover_proxy_bps_-7.664_not_above_10.000
150,htf_trend_6h_trxusdt_lb48_th0p04_4p0x_0p15_c3f1813e,htf_trend_persistence,TRXUSDT,6h,long_only,48,0.04,4.0,0.15,0.6,-0.05117536355412322,0.04005231298799172,-0.016232899221437114,0.1157953038042786,0.02562263298340106,0.02508868257594621,-0.47230652941631684,2.2652670566388533,-2.065723336951434,102,18,24,241,63,39,-1.2777130641485388,-8.361987508843663,37.08547498888123,-11.272846681553553,False,False,False,no_promotion_shadow_or_reject,False,False,False,0,0,validation_trade_event_count_18_below_30;train_return_not_positive;train_validation_return_ratio_-1.2777_below_0.50;locked_oos_return_not_positive;train_return_per_turnover_proxy_bps_-8.362_not_above_10.000;locked_oos_return_per_turnover_proxy_bps_-11.273_not_above_10.000
151,htf_funding_squeeze_6h_trxusdt_lb24_5e-05_5p0x_0p1_a65dc0b1,funding_squeeze_continuation,TRXUSDT,6h,long_only,24,5e-05,5.0,0.1,0.5,-0.01814032450104286,0.034281599347317115,0.030673971409535428,0.04924362841763852,0.017480480198082238,0.0071908344579395544,-0.29914673918164364,2.593843514730158,3.7321039305231514,88,24,16,159,62,38,-0.5291563067772252,-4.122801022964286,28.567999456097596,38.34246426191928,False,False,False,no_promotion_shadow_or_reject,False,False,False,0,0,validation_trade_event_count_24_below_30;locked_oos_trade_event_count_16_below_20;train_return_not_positive;train_validation_return_ratio_-0.5292_below_0.50;train_return_per_turnover_proxy_bps_-4.123_not_above_10.000
152,htf_funding_squeeze_4h_ethusdt_lb6_-2e-05_5p0x_0p1_4f0e949c,funding_squeeze_continuation,ETHUSDT,4h,long_only,6,-2e-05,5.0,0.1,0.5,-0.04843096329350349,0.042577631717608755,-0.027717974233043563,0.04843096329350349,0.03583791875867026,0.031001238711739654,-1.5672785315479087,1.4849371462237353,-2.973296900259898,28,42,14,23,50,16,-1.1374743342869864,-34.59354520964535,20.275062722670835,-39.59710604720509,False,False,False,no_promotion_shadow_or_reject,False,False,False,0,0,train_trade_event_count_28_below_80;locked_oos_trade_event_count_14_below_20;train_return_not_positive;train_validation_return_ratio_-1.1375_below_0.50;locked_oos_return_not_positive;train_return_per_turnover_proxy_bps_-34.594_not_above_10.000;locked_oos_return_per_turnover_proxy_bps_-39.597_not_above_10.000
153,htf_funding_squeeze_4h_trxusdt_lb24_0p0_5p0x_0p1_003f3c4f,funding_squeeze_continuation,TRXUSDT,4h,long_only,24,0.0,5.0,0.1,0.5,-0.005227887620847582,0.030159125174243906,0.012711241571315757,0.032126720064108216,0.009642168584778399,0.007261262829131199,-0.14900924170518048,2.714760678956385,3.117256280255937,86,40,14,102,65,27,-0.173343476995554,-1.2157878188017632,15.079562587121952,18.15891653045108,False,False,False,no_promotion_shadow_or_reject,False,False,False,0,0,locked_oos_trade_event_count_14_below_20;train_return_not_positive;train_validation_return_ratio_-0.1733_below_0.50;train_return_per_turnover_proxy_bps_-1.216_not_above_10.000
154,htf_trend_2h_trxusdt_lb48_th0p01_5p0x_0p1_9d38b919,htf_trend_persistence,TRXUSDT,2h,long_only,48,0.01,5.0,0.1,0.5,-0.046045080061049126,0.03685406703254546,0.03699047708297232,0.088889238540388,0.02053823220894435,0.009789697090119676,-0.39858189915686365,2.54349587457765,3.8828618101996226,326,74,38,1072,279,181,-1.2493893827345346,-2.824851537487677,9.960558657444718,19.4686721489328,False,False,False,no_promotion_shadow_or_reject,False,False,False,0,0,train_return_not_positive;train_validation_return_ratio_-1.2494_below_0.50;train_return_per_turnover_proxy_bps_-2.825_not_above_10.000;validation_return_per_turnover_proxy_bps_9.961_not_above_10.000
155,htf_trend_4h_solusdt_lb12_th0p01_4p0x_0p15_e3b4518f,htf_trend_persistence,SOLUSDT,4h,long_only,12,0.01,4.0,0.15,0.6,-0.24820013616651593,0.06773356385236307,-0.13166976539405606,0.40176318095813635,0.06308092248418828,0.1598314350241079,-0.8626165781204634,1.4819819805943615,-6.180518889439397,334,63,46,663,155,94,-3.6643596180397466,-12.385236335654488,17.918932236074887,-47.70643673697683,False,False,False,no_promotion_shadow_or_reject,False,False,False,0,0,train_return_not_positive;train_validation_return_ratio_-3.6644_below_0.50;locked_oos_return_not_positive;train_return_per_turnover_proxy_bps_-12.385_not_above_10.000;locked_oos_return_per_turnover_proxy_bps_-47.706_not_above_10.000
156,htf_trend_1h_ethusdt_lb12_th0p04_3p0x_0p1_c580a1fd,htf_trend_persistence,ETHUSDT,1h,long_only,12,0.04,3.0,0.1,0.30000000000000004,0.051741409694824325,0.025741689238723664,-0.004233952659323359,0.053275008266633006,0.013616691234542011,0.0067304342854231924,0.877456487999681,1.9650162071685613,-1.936131878711755,256,62,20,413,102,31,2.010023864983532,6.737162720680249,13.83961787028154,-7.0565877655389295,False,False,False,no_promotion_shadow_or_reject,False,False,False,0,0,locked_oos_return_not_positive;train_return_per_turnover_proxy_bps_6.737_not_above_10.000;locked_oos_return_per_turnover_proxy_bps_-7.057_not_above_10.000
157,htf_funding_squeeze_2h_solusdt_lb6_5e-05_3p0x_0p1_dd6d2a7a,funding_squeeze_continuation,SOLUSDT,2h,long_only,6,5e-05,3.0,0.1,0.30000000000000004,-0.10580765191879016,0.04643603624602344,-0.01329574526906363,0.14259079477163816,0.03655490234451575,0.014692402728694876,-1.2253532216072087,2.009150714757264,-3.4452227434256413,528,149,24,657,189,28,-2.278567691656736,-6.679776004974125,10.388374999110386,-18.466312873699483,False,False,False,no_promotion_shadow_or_reject,False,False,False,0,0,train_return_not_positive;train_validation_return_ratio_-2.2786_below_0.50;locked_oos_return_not_positive;train_return_per_turnover_proxy_bps_-6.680_not_above_10.000;locked_oos_return_per_turnover_proxy_bps_-18.466_not_above_10.000
158,htf_funding_squeeze_2h_solusdt_lb6_0p0_4p0x_0p1_6a827d69,funding_squeeze_continuation,SOLUSDT,2h,long_only,6,0.0,4.0,0.1,0.4,-0.1950679945991437,0.057348043170977636,-0.021447598745990226,0.2157137967484759,0.047331861879263304,0.022181823855165872,-2.277101143491054,2.09023551328741,-5.365927968130659,362,121,18,406,140,24,-3.401476036724869,-13.471546588338652,11.84876925020199,-29.78833159165309,False,False,False,no_promotion_shadow_or_reject,False,False,False,0,0,locked_oos_trade_event_count_18_below_20;train_return_not_positive;train_validation_return_ratio_-3.4015_below_0.50;locked_oos_return_not_positive;train_return_per_turnover_proxy_bps_-13.472_not_above_10.000;locked_oos_return_per_turnover_proxy_bps_-29.788_not_above_10.000
159,htf_donchian_4h_trxusdt_lb48_4p0x_0p15_e8cd6444,htf_donchian_breakout,TRXUSDT,4h,long_only,48,0.0,4.0,0.15,0.6,0.025515545081485458,0.02470395944733572,-0.002086962248256552,0.034608044552316586,0.0051456093032344885,0.006900565900828881,0.6287658474441239,3.2622236953888666,-0.9320740132575257,96,24,16,77,25,13,1.032852451684107,4.429782132202337,17.155527393983142,-2.173919008600575,False,False,False,no_promotion_shadow_or_reject,False,False,False,0,0,validation_trade_event_count_24_below_30;locked_oos_trade_event_count_16_below_20;locked_oos_return_not_positive;train_return_per_turnover_proxy_bps_4.430_not_above_10.000;locked_oos_return_per_turnover_proxy_bps_-2.174_not_above_10.000
160,htf_donchian_4h_ethusdt_lb12_4p0x_0p1_1f53ea3e,htf_donchian_breakout,ETHUSDT,4h,long_only,12,0.0,4.0,0.1,0.4,0.07609990936873112,0.024962753990686704,-0.026923944625265595,0.04314053730891898,0.01859519346903693,0.0335392032430204,1.0757756821059734,1.6976360535066048,-3.712882705130774,184,36,28,130,30,19,3.048538210051786,10.339661599012379,17.335245826865766,-24.039236272558565,False,False,False,no_promotion_shadow_or_reject,False,False,False,0,0,locked_oos_return_not_positive;locked_oos_return_per_turnover_proxy_bps_-24.039_not_above_10.000
179,htf_trend_4h_ethusdt_lb48_th0p04_3p0x_0p1_2956d92f,htf_trend_persistence,ETHUSDT,4h,long_only,48,0.04,3.0,0.1,0.30000000000000004,0.04754557343213883,0.028260720902371528,0.011855273390769527,0.08205664594414652,0.02959658727386516,0.023892537687022153,0.5495314963953938,1.5866498046262971,0.9979224143965313,156,24,16,454,99,68,1.6823906791475016,10.159310562422826,39.25100125329378,24.698486230769845,False,True,False,no_promotion_shadow_or_reject,False,False,False,0,0,validation_trade_event_count_24_below_30;locked_oos_trade_event_count_16_below_20
391,htf_trend_1h_ethusdt_lb6_th0p02_5p0x_0p15_3a23dcc0,htf_trend_persistence,ETHUSDT,1h,long_only,6,0.02,5.0,0.15,0.75,0.014646615388744344,0.021536763580238816,0.04149838109695869,0.1419368859515101,0.06452403619234603,0.026095775760881623,0.17042298789981483,0.6267634451941428,2.4496235391824874,570,122,36,726,154,42,0.6800750416456924,0.34261088628641745,2.3537446535780124,15.369770776651366,True,False,False,validation_alpha_shadow_until_execution_efficiency,False,False,False,0,0,train_return_per_turnover_proxy_bps_0.343_not_above_10.000;validation_return_per_turnover_proxy_bps_2.354_not_above_10.000
