rank,model_id,family,symbol,timeframe,side,lookback_bars,entry_threshold,exit_threshold,min_hold_bars,cooldown_bars,vol_filter_mode,vol_quantile_max,adx_threshold,trend_strength_threshold,leverage,allocation_fraction,notional_fraction,train_return,validation_return,locked_oos_return,train_mdd,validation_mdd,locked_oos_mdd,train_sharpe,validation_sharpe,locked_oos_sharpe,train_trade_event_count,validation_trade_event_count,locked_oos_trade_event_count,train_exposure_bar_count,validation_exposure_bar_count,locked_oos_exposure_bar_count,train_validation_return_ratio,train_minus_validation_return,train_return_per_turnover_proxy_bps,validation_return_per_turnover_proxy_bps,locked_oos_return_per_turnover_proxy_bps,train_dominant_sample_gate_pass,execution_efficiency_proxy_gate_pass,primary_10bps_promotion_gate_pass,paper_candidate_gate_pass,decision,ready_for_paper,ready_for_real,real_money_execution,replay_live_notional_parity,locked_oos_liquidation_count,locked_oos_account_wipeout_count,rejection_reasons
167,debrepair_debounced_efficiency_repair_1h_solusdt_short_only_lb6_e0p02_x0p005_hold18_cool12_adx20_3p0x_0p15_90b12943,debounced_momentum_hysteresis_efficiency_repair,SOLUSDT,1h,short_only,6,0.02,0.005,18,12,adx20,,20.0,0.0,3.0,0.15,0.44999999999999996,0.2991430165092124,0.16485777337865515,0.005808398893793809,0.12527471297552406,0.07029269960787055,0.03336140403826082,1.2098730311027948,3.005315651478184,0.5194854375331397,328,80,26,3154,759,248,1.8145520855854511,0.13428524313055723,20.267142039919538,45.79382593851532,4.964443498969068,True,False,False,False,train_dominant_shadow_until_execution_efficiency,False,False,False,"{""live_notional_fraction"": 0.44999999999999996, ""parity"": true, ""recorded"": true, ""replay_notional_fraction"": 0.44999999999999996, ""sizing_mode"": ""notional_fraction_equals_leverage_times_allocation_fraction""}",0,0,locked_oos_return_per_turnover_proxy_bps_4.964_not_above_10.000
181,debrepair_debounced_efficiency_repair_1h_solusdt_short_only_lb6_e0p02_x0p005_hold18_cool12_none_3p0x_0p15_101f12c1,debounced_momentum_hysteresis_efficiency_repair,SOLUSDT,1h,short_only,6,0.02,0.005,18,12,none,,0.0,0.0,3.0,0.15,0.44999999999999996,0.3131557047966713,0.16167949621396294,0.005808398893793809,0.12425426851256238,0.0728293762307285,0.03336140403826082,1.2516736581053347,2.956198976753412,0.5194854375331397,328,80,26,3169,757,248,1.9368918887664535,0.15147620858270838,21.216511165086132,44.91097117054526,4.964443498969068,True,False,False,False,train_dominant_shadow_until_execution_efficiency,False,False,False,"{""live_notional_fraction"": 0.44999999999999996, ""parity"": true, ""recorded"": true, ""replay_notional_fraction"": 0.44999999999999996, ""sizing_mode"": ""notional_fraction_equals_leverage_times_allocation_fraction""}",0,0,locked_oos_return_per_turnover_proxy_bps_4.964_not_above_10.000
263,debrepair_debounced_efficiency_repair_1h_solusdt_short_only_lb6_e0p02_x0p005_hold18_cool12_adx20_4p0x_0p1_677f1967,debounced_momentum_hysteresis_efficiency_repair,SOLUSDT,1h,short_only,6,0.02,0.005,18,12,adx20,,20.0,0.0,4.0,0.1,0.4,0.2654935884031908,0.14590929927596008,0.005220071146497807,0.11194904620441848,0.06258191656670986,0.029682384408004636,1.2098730311027948,3.0053156514781834,0.5194854375331397,328,80,26,3154,759,248,1.8195796273482163,0.11958428912723074,20.235791799023687,45.59665602373752,5.019299179324814,True,False,False,False,train_dominant_shadow_until_execution_efficiency,False,False,False,"{""live_notional_fraction"": 0.4, ""parity"": true, ""recorded"": true, ""replay_notional_fraction"": 0.4, ""sizing_mode"": ""notional_fraction_equals_leverage_times_allocation_fraction""}",0,0,locked_oos_return_per_turnover_proxy_bps_5.019_not_above_10.000
264,debrepair_debounced_efficiency_repair_1h_solusdt_short_only_lb12_e0p02_x0p005_hold48_cool12_none_3p0x_0p15_079c6cfd,debounced_momentum_hysteresis_efficiency_repair,SOLUSDT,1h,short_only,12,0.02,0.005,48,12,none,,0.0,0.0,3.0,0.15,0.44999999999999996,0.2520924941698912,0.15451404369955668,0.0024747623711620648,0.24422476234524804,0.0894015743501293,0.0834344255316275,0.871605592166463,2.2628605263314956,0.20294392442757508,204,51,22,5299,1315,528,1.631518327616032,0.09757845047033453,27.461056009792074,67.32638069697458,2.4997599708707727,True,False,False,False,train_dominant_shadow_until_execution_efficiency,False,False,False,"{""live_notional_fraction"": 0.44999999999999996, ""parity"": true, ""recorded"": true, ""replay_notional_fraction"": 0.44999999999999996, ""sizing_mode"": ""notional_fraction_equals_leverage_times_allocation_fraction""}",0,0,locked_oos_return_per_turnover_proxy_bps_2.500_not_above_10.000
295,debrepair_debounced_efficiency_repair_1h_solusdt_short_only_lb6_e0p02_x0p005_hold18_cool12_none_4p0x_0p1_aecb554e,debounced_momentum_hysteresis_efficiency_repair,SOLUSDT,1h,short_only,6,0.02,0.005,18,12,none,,0.0,0.0,4.0,0.1,0.4,0.27764014580501084,0.1431283878424956,0.005220071146497807,0.111028231676505,0.0648568581068496,0.029682384408004636,1.2516736581053343,2.9561989767534116,0.5194854375331397,328,80,26,3169,757,248,1.939797897469072,0.13451175796251524,21.16159647904046,44.72762120077987,5.019299179324814,True,False,False,False,train_dominant_shadow_until_execution_efficiency,False,False,False,"{""live_notional_fraction"": 0.4, ""parity"": true, ""recorded"": true, ""replay_notional_fraction"": 0.4, ""sizing_mode"": ""notional_fraction_equals_leverage_times_allocation_fraction""}",0,0,locked_oos_return_per_turnover_proxy_bps_5.019_not_above_10.000
394,debrepair_debounced_efficiency_repair_1h_solusdt_short_only_lb12_e0p02_x0p005_hold48_cool12_none_4p0x_0p1_5cf11d26,debounced_momentum_hysteresis_efficiency_repair,SOLUSDT,1h,short_only,12,0.02,0.005,48,12,none,,0.0,0.0,4.0,0.1,0.4,0.22721121972740255,0.13726975516371587,0.002349597884583998,0.21956880879010054,0.07976768887073504,0.07444918561960534,0.8716055921664633,2.262860526331496,0.2029439244275749,204,51,22,5299,1315,528,1.6552169081704653,0.08994146456368668,27.84451222149541,67.28909566848817,2.6699975961181797,True,False,False,False,train_dominant_shadow_until_execution_efficiency,False,False,False,"{""live_notional_fraction"": 0.4, ""parity"": true, ""recorded"": true, ""replay_notional_fraction"": 0.4, ""sizing_mode"": ""notional_fraction_equals_leverage_times_allocation_fraction""}",0,0,locked_oos_return_per_turnover_proxy_bps_2.670_not_above_10.000
427,debrepair_debounced_efficiency_repair_1h_solusdt_short_only_lb6_e0p02_x0p005_hold18_cool6_adx20_3p0x_0p15_32b501f4,debounced_momentum_hysteresis_efficiency_repair,SOLUSDT,1h,short_only,6,0.02,0.005,18,6,adx20,,20.0,0.0,3.0,0.15,0.44999999999999996,0.32079909745903623,0.13116628208584147,0.007561244278023294,0.1272632083375682,0.06337651434224889,0.03273126839955798,1.1981862535628098,2.304544665855559,0.6345081234204677,360,90,30,3509,845,290,2.445743619149699,0.18963281537319476,19.8024134233973,32.38673631749173,5.600921687424663,True,False,False,False,train_dominant_shadow_until_execution_efficiency,False,False,False,"{""live_notional_fraction"": 0.44999999999999996, ""parity"": true, ""recorded"": true, ""replay_notional_fraction"": 0.44999999999999996, ""sizing_mode"": ""notional_fraction_equals_leverage_times_allocation_fraction""}",0,0,locked_oos_return_per_turnover_proxy_bps_5.601_not_above_10.000
463,debrepair_debounced_efficiency_repair_1h_solusdt_short_only_lb6_e0p02_x0p005_hold18_cool6_none_3p0x_0p15_6d5baf19,debounced_momentum_hysteresis_efficiency_repair,SOLUSDT,1h,short_only,6,0.02,0.005,18,6,none,,0.0,0.0,3.0,0.15,0.44999999999999996,0.34823111529532746,0.1280799310771712,0.007561244278023294,0.13379091976243418,0.06493534696534586,0.03273126839955798,1.2748726170691345,2.2577942651247342,0.6345081234204677,358,90,30,3508,843,290,2.7188577661359763,0.22015118421815627,21.615835834595128,31.62467434004228,5.600921687424663,True,False,False,False,train_dominant_shadow_until_execution_efficiency,False,False,False,"{""live_notional_fraction"": 0.44999999999999996, ""parity"": true, ""recorded"": true, ""replay_notional_fraction"": 0.44999999999999996, ""sizing_mode"": ""notional_fraction_equals_leverage_times_allocation_fraction""}",0,0,locked_oos_return_per_turnover_proxy_bps_5.601_not_above_10.000
595,debrepair_debounced_efficiency_repair_1h_solusdt_short_only_lb6_e0p02_x0p005_hold18_cool6_adx20_4p0x_0p1_eec0adfe,debounced_momentum_hysteresis_efficiency_repair,SOLUSDT,1h,short_only,6,0.02,0.005,18,6,adx20,,20.0,0.0,4.0,0.1,0.4,0.2848735142832066,0.11648904558403328,0.006783111280255216,0.11377323668233807,0.056420489640536364,0.029124544976361744,1.1981862535628096,2.3045446658555586,0.6345081234204674,360,90,30,3509,845,290,2.4454961653686444,0.16838446869917334,19.78288293633379,32.35806821778702,5.652592733546013,True,False,False,False,train_dominant_shadow_until_execution_efficiency,False,False,False,"{""live_notional_fraction"": 0.4, ""parity"": true, ""recorded"": true, ""replay_notional_fraction"": 0.4, ""sizing_mode"": ""notional_fraction_equals_leverage_times_allocation_fraction""}",0,0,locked_oos_return_per_turnover_proxy_bps_5.653_not_above_10.000
650,debrepair_debounced_efficiency_repair_1h_solusdt_short_only_lb6_e0p02_x0p005_hold18_cool6_none_4p0x_0p1_c9ea6b7a,debounced_momentum_hysteresis_efficiency_repair,SOLUSDT,1h,short_only,6,0.02,0.005,18,6,none,,0.0,0.0,4.0,0.1,0.4,0.3085864141385761,0.11377953170351485,0.006783111280255216,0.1196672131190133,0.057621143171288525,0.029124544976361744,1.2748726170691342,2.257794265124734,0.6345081234204674,358,90,30,3508,843,290,2.7121434718389104,0.19480688243506128,21.54933059626928,31.605425473198565,5.652592733546013,True,False,False,False,train_dominant_shadow_until_execution_efficiency,False,False,False,"{""live_notional_fraction"": 0.4, ""parity"": true, ""recorded"": true, ""replay_notional_fraction"": 0.4, ""sizing_mode"": ""notional_fraction_equals_leverage_times_allocation_fraction""}",0,0,locked_oos_return_per_turnover_proxy_bps_5.653_not_above_10.000
666,debrepair_debounced_efficiency_repair_1h_solusdt_short_only_lb6_e0p02_x0p005_hold18_cool12_adx20_2p0x_0p15_48f4719e,debounced_momentum_hysteresis_efficiency_repair,SOLUSDT,1h,short_only,6,0.02,0.005,18,12,adx20,,20.0,0.0,2.0,0.15,0.3,0.1982390000481098,0.10847103252542856,0.004000497292343974,0.08485549706088735,0.04708339453644372,0.022303335606510433,1.209873031102795,3.0053156514781834,0.51948543753314,328,80,26,3154,759,248,1.8275754865856668,0.08976796752268124,20.14623984228758,45.196263552261904,5.128842682492274,True,False,False,False,train_dominant_shadow_until_execution_efficiency,False,False,False,"{""live_notional_fraction"": 0.3, ""parity"": true, ""recorded"": true, ""replay_notional_fraction"": 0.3, ""sizing_mode"": ""notional_fraction_equals_leverage_times_allocation_fraction""}",0,0,locked_oos_return_per_turnover_proxy_bps_5.129_not_above_10.000
667,debrepair_debounced_efficiency_repair_1h_solusdt_short_only_lb6_e0p02_x0p005_hold18_cool12_adx20_3p0x_0p1_0661bf0e,debounced_momentum_hysteresis_efficiency_repair,SOLUSDT,1h,short_only,6,0.02,0.005,18,12,adx20,,20.0,0.0,3.0,0.1,0.30000000000000004,0.19823900004811024,0.10847103252542856,0.004000497292344196,0.08485549706088746,0.04708339453644372,0.02230333560651021,1.209873031102795,3.0053156514781825,0.5194854375331396,328,80,26,3154,759,248,1.827575486585671,0.08976796752268168,20.14623984228762,45.1962635522619,5.128842682492559,True,False,False,False,train_dominant_shadow_until_execution_efficiency,False,False,False,"{""live_notional_fraction"": 0.30000000000000004, ""parity"": true, ""recorded"": true, ""replay_notional_fraction"": 0.30000000000000004, ""sizing_mode"": ""notional_fraction_equals_leverage_times_allocation_fraction""}",0,0,locked_oos_return_per_turnover_proxy_bps_5.129_not_above_10.000
739,debrepair_debounced_efficiency_repair_1h_solusdt_short_only_lb6_e0p02_x0p005_hold18_cool12_none_2p0x_0p15_dd5664c5,debounced_momentum_hysteresis_efficiency_repair,SOLUSDT,1h,short_only,6,0.02,0.005,18,12,none,,0.0,0.0,2.0,0.15,0.3,0.20688381897199926,0.10645097551821125,0.004000497292343974,0.08414391668308274,0.0488199720469763,0.022303335606510433,1.2516736581053347,2.956198976753412,0.51948543753314,328,80,26,3169,757,248,1.943465693619748,0.100432843453788,21.024778350812934,44.35457313258802,5.128842682492274,True,False,False,False,train_dominant_shadow_until_execution_efficiency,False,False,False,"{""live_notional_fraction"": 0.3, ""parity"": true, ""recorded"": true, ""replay_notional_fraction"": 0.3, ""sizing_mode"": ""notional_fraction_equals_leverage_times_allocation_fraction""}",0,0,locked_oos_return_per_turnover_proxy_bps_5.129_not_above_10.000
740,debrepair_debounced_efficiency_repair_1h_solusdt_short_only_lb6_e0p02_x0p005_hold18_cool12_none_3p0x_0p1_bcc1043c,debounced_momentum_hysteresis_efficiency_repair,SOLUSDT,1h,short_only,6,0.02,0.005,18,12,none,,0.0,0.0,3.0,0.1,0.30000000000000004,0.20688381897199948,0.10645097551821125,0.004000497292344196,0.08414391668308252,0.0488199720469763,0.02230333560651021,1.2516736581053347,2.9561989767534107,0.5194854375331396,328,80,26,3169,757,248,1.94346569361975,0.10043284345378822,21.02477835081295,44.354573132588015,5.128842682492559,True,False,False,False,train_dominant_shadow_until_execution_efficiency,False,False,False,"{""live_notional_fraction"": 0.30000000000000004, ""parity"": true, ""recorded"": true, ""replay_notional_fraction"": 0.30000000000000004, ""sizing_mode"": ""notional_fraction_equals_leverage_times_allocation_fraction""}",0,0,locked_oos_return_per_turnover_proxy_bps_5.129_not_above_10.000
807,debrepair_debounced_efficiency_repair_1h_ethusdt_short_only_lb6_e0p02_x0p005_hold18_cool0_none_3p0x_0p15_7656ded8,debounced_momentum_hysteresis_efficiency_repair,ETHUSDT,1h,short_only,6,0.02,0.005,18,0,none,,0.0,0.0,3.0,0.15,0.44999999999999996,0.25010087878971077,0.11207297905129865,0.007966283475325353,0.16940212858171844,0.05975242588605523,0.020535526442351903,1.1350412612070997,2.1657424243477728,0.7142198622112655,320,80,28,3069,761,268,2.2315894598932116,0.13802789973841212,17.368116582618804,31.13138306980518,6.322447202639171,True,False,False,False,train_dominant_shadow_until_execution_efficiency,False,False,False,"{""live_notional_fraction"": 0.44999999999999996, ""parity"": true, ""recorded"": true, ""replay_notional_fraction"": 0.44999999999999996, ""sizing_mode"": ""notional_fraction_equals_leverage_times_allocation_fraction""}",0,0,locked_oos_return_per_turnover_proxy_bps_6.322_not_above_10.000
854,debrepair_debounced_efficiency_repair_1h_ethusdt_short_only_lb6_e0p02_x0p005_hold12_cool0_none_3p0x_0p15_618dec30,debounced_momentum_hysteresis_efficiency_repair,ETHUSDT,1h,short_only,6,0.02,0.005,12,0,none,,0.0,0.0,3.0,0.15,0.44999999999999996,0.19694203123056098,0.11683542802010138,0.008902625720860646,0.15537371736958694,0.050848034746883375,0.014688907241364735,0.9790461035803317,2.402475115401238,0.8954132482322636,362,92,30,2422,626,200,1.6856362369526934,0.08010660321045959,12.089750229009269,28.22111787925154,6.594537571007887,True,False,False,False,train_dominant_shadow_until_execution_efficiency,False,False,False,"{""live_notional_fraction"": 0.44999999999999996, ""parity"": true, ""recorded"": true, ""replay_notional_fraction"": 0.44999999999999996, ""sizing_mode"": ""notional_fraction_equals_leverage_times_allocation_fraction""}",0,0,locked_oos_return_per_turnover_proxy_bps_6.595_not_above_10.000
898,debrepair_debounced_efficiency_repair_1h_solusdt_short_only_lb12_e0p02_x0p005_hold48_cool12_none_2p0x_0p15_cf6a48de,debounced_momentum_hysteresis_efficiency_repair,SOLUSDT,1h,short_only,12,0.02,0.005,48,12,none,,0.0,0.0,2.0,0.15,0.3,0.17458659939902033,0.10279312835885768,0.0019867242780033934,0.16843676566194066,0.060276540695225256,0.05626693568635477,0.8716055921664629,2.2628605263314956,0.20294392442757436,204,51,22,5299,1315,528,1.6984267546516032,0.07179347104016265,28.52722212402293,67.18505121493966,3.0101883000051415,True,False,False,False,train_dominant_shadow_until_execution_efficiency,False,False,False,"{""live_notional_fraction"": 0.3, ""parity"": true, ""recorded"": true, ""replay_notional_fraction"": 0.3, ""sizing_mode"": ""notional_fraction_equals_leverage_times_allocation_fraction""}",0,0,locked_oos_return_per_turnover_proxy_bps_3.010_not_above_10.000
899,debrepair_debounced_efficiency_repair_1h_solusdt_short_only_lb12_e0p02_x0p005_hold48_cool12_none_3p0x_0p1_b2a1c8f8,debounced_momentum_hysteresis_efficiency_repair,SOLUSDT,1h,short_only,12,0.02,0.005,48,12,none,,0.0,0.0,3.0,0.1,0.30000000000000004,0.17458659939902077,0.10279312835885746,0.0019867242780038374,0.16843676566194077,0.060276540695225256,0.05626693568635477,0.8716055921664629,2.262860526331495,0.2029439244275759,204,51,22,5299,1315,528,1.6984267546516112,0.07179347104016331,28.527222124022998,67.1850512149395,3.010188300005814,True,False,False,False,train_dominant_shadow_until_execution_efficiency,False,False,False,"{""live_notional_fraction"": 0.30000000000000004, ""parity"": true, ""recorded"": true, ""replay_notional_fraction"": 0.30000000000000004, ""sizing_mode"": ""notional_fraction_equals_leverage_times_allocation_fraction""}",0,0,locked_oos_return_per_turnover_proxy_bps_3.010_not_above_10.000
900,debrepair_debounced_efficiency_repair_1h_solusdt_short_only_lb12_e0p02_x0p005_hold18_cool0_none_3p0x_0p15_52f962f3,debounced_momentum_hysteresis_efficiency_repair,SOLUSDT,1h,short_only,12,0.02,0.005,18,0,none,,0.0,0.0,3.0,0.15,0.44999999999999996,0.14969728924452919,0.12970790665749354,0.030343309046461986,0.21382563411850464,0.07736992088301009,0.03238500178523829,0.6449010253194505,2.2189108482830253,2.1784087862653942,352,94,30,3879,955,301,1.1541107485437998,0.019989382587035642,9.450586442205127,30.66380772044765,22.476525219601474,True,False,False,False,train_dominant_shadow_until_execution_efficiency,False,False,False,"{""live_notional_fraction"": 0.44999999999999996, ""parity"": true, ""recorded"": true, ""replay_notional_fraction"": 0.44999999999999996, ""sizing_mode"": ""notional_fraction_equals_leverage_times_allocation_fraction""}",0,0,train_return_per_turnover_proxy_bps_9.451_not_above_10.000
962,debrepair_debounced_efficiency_repair_1h_ethusdt_short_only_lb6_e0p02_x0p005_hold12_cool0_adx20_3p0x_0p15_9f75e01e,debounced_momentum_hysteresis_efficiency_repair,ETHUSDT,1h,short_only,6,0.02,0.005,12,0,adx20,,20.0,0.0,3.0,0.15,0.44999999999999996,0.22867902481794378,0.10575233527703776,0.008853480041820516,0.14081613504853985,0.042020586489774914,0.014688907241364735,1.1121175146832176,2.2284109917904065,0.8906472024406548,360,94,30,2407,627,199,2.1624016549504734,0.12292668954090602,14.115989186292827,25.000552074949827,6.5581333643114945,True,False,False,False,train_dominant_shadow_until_execution_efficiency,False,False,False,"{""live_notional_fraction"": 0.44999999999999996, ""parity"": true, ""recorded"": true, ""replay_notional_fraction"": 0.44999999999999996, ""sizing_mode"": ""notional_fraction_equals_leverage_times_allocation_fraction""}",0,0,locked_oos_return_per_turnover_proxy_bps_6.558_not_above_10.000
1080,debrepair_debounced_efficiency_repair_2h_ethusdt_long_short_lb6_e0p02_x0p005_hold18_cool6_trend_strength2_3p0x_0p15_7be67062,debounced_momentum_hysteresis_efficiency_repair,ETHUSDT,2h,long_short,6,0.02,0.005,18,6,trend_strength2,,0.0,2.0,3.0,0.15,0.44999999999999996,0.23855254944653015,0.10354746180032137,0.0026032226165191297,0.14623183186214517,0.0804661768001721,0.051761294699181115,1.0004272529893687,1.991989942310969,0.2307878549121455,220,46,22,1992,416,200,2.303799101387435,0.13500508764620878,24.09621711581113,50.02292840595235,2.6295177944637675,True,False,False,False,train_dominant_shadow_until_execution_efficiency,False,False,False,"{""live_notional_fraction"": 0.44999999999999996, ""parity"": true, ""recorded"": true, ""replay_notional_fraction"": 0.44999999999999996, ""sizing_mode"": ""notional_fraction_equals_leverage_times_allocation_fraction""}",0,0,locked_oos_return_per_turnover_proxy_bps_2.630_not_above_10.000
1082,debrepair_debounced_efficiency_repair_1h_ethusdt_short_only_lb6_e0p02_x0p005_hold18_cool0_none_4p0x_0p1_b887e557,debounced_momentum_hysteresis_efficiency_repair,ETHUSDT,1h,short_only,6,0.02,0.005,18,0,none,,0.0,0.0,4.0,0.1,0.4,0.222303070713173,0.09961094626035738,0.00713305654507379,0.1518875205333312,0.05314494024944838,0.018263053933715745,1.1350412612071,2.1657424243477736,0.7142198622112649,320,80,28,3069,761,268,2.2317132710709324,0.12269212445281563,17.367427399466642,31.12842070636168,6.368800486673027,True,False,False,False,train_dominant_shadow_until_execution_efficiency,False,False,False,"{""live_notional_fraction"": 0.4, ""parity"": true, ""recorded"": true, ""replay_notional_fraction"": 0.4, ""sizing_mode"": ""notional_fraction_equals_leverage_times_allocation_fraction""}",0,0,locked_oos_return_per_turnover_proxy_bps_6.369_not_above_10.000
1191,debrepair_debounced_efficiency_repair_1h_ethusdt_short_only_lb6_e0p02_x0p005_hold12_cool0_none_4p0x_0p1_3c23dbf9,debounced_momentum_hysteresis_efficiency_repair,ETHUSDT,1h,short_only,6,0.02,0.005,12,0,none,,0.0,0.0,4.0,0.1,0.4,0.1756877580638052,0.10371622974865091,0.007951442799395414,0.13888910840097335,0.04530250408757053,0.013064623511563789,0.9790461035803317,2.4024751154012387,0.8954132482322633,362,92,30,2422,626,200,1.693927348589245,0.0719715283151543,12.133132462969971,28.183758083872526,6.626202332829512,True,False,False,False,train_dominant_shadow_until_execution_efficiency,False,False,False,"{""live_notional_fraction"": 0.4, ""parity"": true, ""recorded"": true, ""replay_notional_fraction"": 0.4, ""sizing_mode"": ""notional_fraction_equals_leverage_times_allocation_fraction""}",0,0,locked_oos_return_per_turnover_proxy_bps_6.626_not_above_10.000
1247,debrepair_debounced_efficiency_repair_1h_solusdt_short_only_lb12_e0p02_x0p005_hold18_cool0_none_4p0x_0p1_b6c501be,debounced_momentum_hysteresis_efficiency_repair,SOLUSDT,1h,short_only,12,0.02,0.005,18,0,none,,0.0,0.0,4.0,0.1,0.4,0.1362546522905299,0.11525447642716591,0.027005634812464763,0.19218307183158134,0.06886155147816875,0.028812297187071234,0.6449010253194501,2.218910848283026,2.178408786265394,352,94,30,3879,955,301,1.1822070301680203,0.021000175863364,9.67717700927059,30.652786283820717,22.50469567705397,True,False,False,False,train_dominant_shadow_until_execution_efficiency,False,False,False,"{""live_notional_fraction"": 0.4, ""parity"": true, ""recorded"": true, ""replay_notional_fraction"": 0.4, ""sizing_mode"": ""notional_fraction_equals_leverage_times_allocation_fraction""}",0,0,train_return_per_turnover_proxy_bps_9.677_not_above_10.000
1252,debrepair_debounced_efficiency_repair_1h_solusdt_short_only_lb6_e0p02_x0p005_hold18_cool6_adx20_2p0x_0p15_7fd7c0db,debounced_momentum_hysteresis_efficiency_repair,SOLUSDT,1h,short_only,6,0.02,0.005,18,6,adx20,,20.0,0.0,2.0,0.15,0.3,0.21289016235990088,0.08718657740665181,0.005180139178732057,0.08631182603248144,0.04244250388179738,0.02188844094131126,1.1981862535628096,2.3045446658555586,0.6345081234204675,360,90,30,3509,845,290,2.441776804323307,0.12570358495324907,19.712052070361192,32.2913249654266,5.755710198591174,True,False,False,False,train_dominant_shadow_until_execution_efficiency,False,False,False,"{""live_notional_fraction"": 0.3, ""parity"": true, ""recorded"": true, ""replay_notional_fraction"": 0.3, ""sizing_mode"": ""notional_fraction_equals_leverage_times_allocation_fraction""}",0,0,locked_oos_return_per_turnover_proxy_bps_5.756_not_above_10.000
1253,debrepair_debounced_efficiency_repair_1h_solusdt_short_only_lb6_e0p02_x0p005_hold18_cool6_adx20_3p0x_0p1_732e2dc2,debounced_momentum_hysteresis_efficiency_repair,SOLUSDT,1h,short_only,6,0.02,0.005,18,6,adx20,,20.0,0.0,3.0,0.1,0.30000000000000004,0.21289016235989933,0.08718657740665159,0.005180139178732279,0.08631182603248189,0.04244250388179738,0.02188844094131126,1.1981862535628094,2.3045446658555586,0.6345081234204675,360,90,30,3509,845,290,2.441776804323295,0.12570358495324774,19.712052070361047,32.29132496542651,5.75571019859142,True,False,False,False,train_dominant_shadow_until_execution_efficiency,False,False,False,"{""live_notional_fraction"": 0.30000000000000004, ""parity"": true, ""recorded"": true, ""replay_notional_fraction"": 0.30000000000000004, ""sizing_mode"": ""notional_fraction_equals_leverage_times_allocation_fraction""}",0,0,locked_oos_return_per_turnover_proxy_bps_5.756_not_above_10.000
1332,debrepair_debounced_efficiency_repair_1h_solusdt_short_only_lb6_e0p02_x0p005_hold18_cool6_none_2p0x_0p15_e10508a2,debounced_momentum_hysteresis_efficiency_repair,SOLUSDT,1h,short_only,6,0.02,0.005,18,6,none,,0.0,0.0,2.0,0.15,0.3,0.2296672627836187,0.08520530879484567,0.005180139178732057,0.09087219082367681,0.04305903035789216,0.02188844094131126,1.2748726170691345,2.2577942651247334,0.6345081234204675,358,90,30,3508,843,290,2.6954571966472587,0.14446195398877304,21.38428889977828,31.557521775868764,5.755710198591174,True,False,False,False,train_dominant_shadow_until_execution_efficiency,False,False,False,"{""live_notional_fraction"": 0.3, ""parity"": true, ""recorded"": true, ""replay_notional_fraction"": 0.3, ""sizing_mode"": ""notional_fraction_equals_leverage_times_allocation_fraction""}",0,0,locked_oos_return_per_turnover_proxy_bps_5.756_not_above_10.000
1333,debrepair_debounced_efficiency_repair_1h_solusdt_short_only_lb6_e0p02_x0p005_hold18_cool6_none_3p0x_0p1_1e2be51a,debounced_momentum_hysteresis_efficiency_repair,SOLUSDT,1h,short_only,6,0.02,0.005,18,6,none,,0.0,0.0,3.0,0.1,0.30000000000000004,0.22966726278361937,0.08520530879484545,0.005180139178732279,0.0908721908236767,0.04305903035789238,0.02188844094131126,1.2748726170691347,2.257794265124734,0.6345081234204675,358,90,30,3508,843,290,2.6954571966472733,0.14446195398877393,21.384288899778337,31.557521775868683,5.75571019859142,True,False,False,False,train_dominant_shadow_until_execution_efficiency,False,False,False,"{""live_notional_fraction"": 0.30000000000000004, ""parity"": true, ""recorded"": true, ""replay_notional_fraction"": 0.30000000000000004, ""sizing_mode"": ""notional_fraction_equals_leverage_times_allocation_fraction""}",0,0,locked_oos_return_per_turnover_proxy_bps_5.756_not_above_10.000
1334,debrepair_debounced_efficiency_repair_1h_ethusdt_short_only_lb6_e0p02_x0p005_hold12_cool0_adx20_4p0x_0p1_8b59b507,debounced_momentum_hysteresis_efficiency_repair,ETHUSDT,1h,short_only,6,0.02,0.005,12,0,adx20,,20.0,0.0,4.0,0.1,0.4,0.2033276751332327,0.0939586067946474,0.007907805855064565,0.1257145932210284,0.037411979000711026,0.013064623511563789,1.1121175146832178,2.2284109917904065,0.8906472024406544,360,94,30,2407,627,199,2.164013304045881,0.10936906833858528,14.119977439807826,24.9889911687892,6.589838212553804,True,False,False,False,train_dominant_shadow_until_execution_efficiency,False,False,False,"{""live_notional_fraction"": 0.4, ""parity"": true, ""recorded"": true, ""replay_notional_fraction"": 0.4, ""sizing_mode"": ""notional_fraction_equals_leverage_times_allocation_fraction""}",0,0,locked_oos_return_per_turnover_proxy_bps_6.590_not_above_10.000
1395,debrepair_debounced_efficiency_repair_1h_solusdt_short_only_lb6_e0p02_x0p005_hold12_cool0_none_3p0x_0p15_c986963b,debounced_momentum_hysteresis_efficiency_repair,SOLUSDT,1h,short_only,6,0.02,0.005,12,0,none,,0.0,0.0,3.0,0.15,0.44999999999999996,0.35559984990608284,0.0992351130985023,0.005645679824471284,0.16510475235978883,0.07563096683348203,0.026291972060153213,1.332257719808579,1.8635377241483193,0.5274506952225203,428,100,34,2947,696,212,3.5834075137608696,0.25636473680758054,18.463128240191217,22.052247355222736,3.689986813379924,True,False,False,False,train_dominant_shadow_until_execution_efficiency,False,False,False,"{""live_notional_fraction"": 0.44999999999999996, ""parity"": true, ""recorded"": true, ""replay_notional_fraction"": 0.44999999999999996, ""sizing_mode"": ""notional_fraction_equals_leverage_times_allocation_fraction""}",0,0,locked_oos_return_per_turnover_proxy_bps_3.690_not_above_10.000
1425,debrepair_debounced_efficiency_repair_1h_solusdt_short_only_lb12_e0p025_x0p0_hold12_cool0_none_3p0x_0p15_1729c419,debounced_momentum_hysteresis_efficiency_repair,SOLUSDT,1h,short_only,12,0.025,0.0,12,0,none,,0.0,0.0,3.0,0.15,0.44999999999999996,0.26978675696017196,0.09376614719510945,0.009387313914032136,0.14843906743637258,0.061967120193572756,0.019712763933902644,1.1377393916425027,1.8049850501864706,0.8738200006630361,334,78,28,2807,690,224,2.8772298428642613,0.1760206097650625,17.949884029286224,26.714002049888737,7.450249138120744,True,False,False,False,train_dominant_shadow_until_execution_efficiency,False,False,False,"{""live_notional_fraction"": 0.44999999999999996, ""parity"": true, ""recorded"": true, ""replay_notional_fraction"": 0.44999999999999996, ""sizing_mode"": ""notional_fraction_equals_leverage_times_allocation_fraction""}",0,0,locked_oos_return_per_turnover_proxy_bps_7.450_not_above_10.000
1432,debrepair_debounced_efficiency_repair_1h_ethusdt_short_only_lb6_e0p02_x0p005_hold18_cool0_adx20_3p0x_0p15_25ec3224,debounced_momentum_hysteresis_efficiency_repair,ETHUSDT,1h,short_only,6,0.02,0.005,18,0,adx20,,20.0,0.0,3.0,0.15,0.44999999999999996,0.2728612311744545,0.0913779691598795,0.009066827327249838,0.16761837154518755,0.05975242588605667,0.020535526442351903,1.2148761660368288,1.8273791048904917,0.8055798506428045,322,80,28,3074,760,268,2.986072394507288,0.181483262014575,18.831002841577263,25.38276921107764,7.195894704166539,True,False,False,False,train_dominant_shadow_until_execution_efficiency,False,False,False,"{""live_notional_fraction"": 0.44999999999999996, ""parity"": true, ""recorded"": true, ""replay_notional_fraction"": 0.44999999999999996, ""sizing_mode"": ""notional_fraction_equals_leverage_times_allocation_fraction""}",0,0,locked_oos_return_per_turnover_proxy_bps_7.196_not_above_10.000
1438,debrepair_debounced_efficiency_repair_2h_ethusdt_long_short_lb6_e0p02_x0p005_hold18_cool6_trend_strength2_4p0x_0p1_458c010c,debounced_momentum_hysteresis_efficiency_repair,ETHUSDT,2h,long_short,6,0.02,0.005,18,6,trend_strength2,,0.0,2.0,4.0,0.1,0.4,0.2129718011940689,0.09213009696731,0.0024027899998686486,0.13064523863905886,0.07178758372309024,0.046094466422927693,1.0004272529893687,1.9919899423109697,0.2307878549121453,220,46,22,1992,416,200,2.3116419954451635,0.12084170422675888,24.201341044780555,50.07070487353804,2.7304431816689188,True,False,False,False,train_dominant_shadow_until_execution_efficiency,False,False,False,"{""live_notional_fraction"": 0.4, ""parity"": true, ""recorded"": true, ""replay_notional_fraction"": 0.4, ""sizing_mode"": ""notional_fraction_equals_leverage_times_allocation_fraction""}",0,0,locked_oos_return_per_turnover_proxy_bps_2.730_not_above_10.000
1500,debrepair_debounced_efficiency_repair_1h_solusdt_short_only_lb12_e0p02_x0p005_hold12_cool0_adx20_3p0x_0p15_95ec6f9b,debounced_momentum_hysteresis_efficiency_repair,SOLUSDT,1h,short_only,12,0.02,0.005,12,0,adx20,,20.0,0.0,3.0,0.15,0.44999999999999996,0.12804282402309664,0.11842415037124887,0.01655562327994775,0.14857332215004093,0.0783153786126013,0.03489977560326263,0.5976143928716909,2.147507405321343,1.388670719464543,402,101,34,3157,770,239,1.0812222306150738,0.009618673651847764,7.078099724880965,26.05591867354211,10.820668810423367,True,False,False,False,train_dominant_shadow_until_execution_efficiency,False,False,False,"{""live_notional_fraction"": 0.44999999999999996, ""parity"": true, ""recorded"": true, ""replay_notional_fraction"": 0.44999999999999996, ""sizing_mode"": ""notional_fraction_equals_leverage_times_allocation_fraction""}",0,0,train_return_per_turnover_proxy_bps_7.078_not_above_10.000
1679,debrepair_debounced_efficiency_repair_1h_solusdt_short_only_lb6_e0p02_x0p005_hold12_cool0_adx20_3p0x_0p15_3afd064c,debounced_momentum_hysteresis_efficiency_repair,SOLUSDT,1h,short_only,6,0.02,0.005,12,0,adx20,,20.0,0.0,3.0,0.15,0.44999999999999996,0.2868453419149142,0.0994668495351907,0.005645679824471284,0.168259326373141,0.07563096683348236,0.026291972060153213,1.1281023530053338,1.8659456900822837,0.5274506952225203,428,100,34,2930,696,212,2.8838285645453188,0.18737849237972348,14.893319933276956,22.10374434115349,3.689986813379924,True,False,False,False,train_dominant_shadow_until_execution_efficiency,False,False,False,"{""live_notional_fraction"": 0.44999999999999996, ""parity"": true, ""recorded"": true, ""replay_notional_fraction"": 0.44999999999999996, ""sizing_mode"": ""notional_fraction_equals_leverage_times_allocation_fraction""}",0,0,locked_oos_return_per_turnover_proxy_bps_3.690_not_above_10.000
1720,debrepair_debounced_efficiency_repair_1h_ethusdt_short_only_lb6_e0p02_x0p005_hold12_cool6_adx20_3p0x_0p15_d4470900,debounced_momentum_hysteresis_efficiency_repair,ETHUSDT,1h,short_only,6,0.02,0.005,12,6,adx20,,20.0,0.0,3.0,0.15,0.44999999999999996,0.2448949589185414,0.08450383799858319,0.008853480041820516,0.13250789934892881,0.042020586489774914,0.014688907241364735,1.209803648299893,1.8491357557888675,0.8906472024406548,346,88,30,2316,582,199,2.898033565323357,0.16039112091995822,15.728642191300027,21.33935302994525,6.5581333643114945,True,False,False,False,train_dominant_shadow_until_execution_efficiency,False,False,False,"{""live_notional_fraction"": 0.44999999999999996, ""parity"": true, ""recorded"": true, ""replay_notional_fraction"": 0.44999999999999996, ""sizing_mode"": ""notional_fraction_equals_leverage_times_allocation_fraction""}",0,0,locked_oos_return_per_turnover_proxy_bps_6.558_not_above_10.000
1777,debrepair_debounced_efficiency_repair_1h_solusdt_short_only_lb6_e0p02_x0p005_hold12_cool0_none_4p0x_0p1_76155d61,debounced_momentum_hysteresis_efficiency_repair,SOLUSDT,1h,short_only,6,0.02,0.005,12,0,none,,0.0,0.0,4.0,0.1,0.4,0.3146458932329752,0.08837367832826692,0.005069870233728846,0.1474325710501425,0.0674293514921046,0.023384646217768812,1.3322577198085792,1.8635377241483195,0.5274506952225211,428,100,34,2947,696,212,3.5604028165967327,0.22627221490470828,18.378848903795276,22.09341958206673,3.7278457600947394,True,False,False,False,train_dominant_shadow_until_execution_efficiency,False,False,False,"{""live_notional_fraction"": 0.4, ""parity"": true, ""recorded"": true, ""replay_notional_fraction"": 0.4, ""sizing_mode"": ""notional_fraction_equals_leverage_times_allocation_fraction""}",0,0,locked_oos_return_per_turnover_proxy_bps_3.728_not_above_10.000
1803,debrepair_debounced_efficiency_repair_1h_solusdt_short_only_lb12_e0p025_x0p0_hold12_cool0_none_4p0x_0p1_0294e801,debounced_momentum_hysteresis_efficiency_repair,SOLUSDT,1h,short_only,12,0.025,0.0,12,0,none,,0.0,0.0,4.0,0.1,0.4,0.23986478415059298,0.08353212088245998,0.008389361727460187,0.13268721216166623,0.054993985559063985,0.0175247636667637,1.1377393916425032,1.80498505018647,0.8738200006630361,334,78,28,2807,690,224,2.871527522785066,0.156332663268133,17.953950909475523,26.77311566745512,7.490501542375166,True,False,False,False,train_dominant_shadow_until_execution_efficiency,False,False,False,"{""live_notional_fraction"": 0.4, ""parity"": true, ""recorded"": true, ""replay_notional_fraction"": 0.4, ""sizing_mode"": ""notional_fraction_equals_leverage_times_allocation_fraction""}",0,0,locked_oos_return_per_turnover_proxy_bps_7.491_not_above_10.000
1804,debrepair_debounced_efficiency_repair_1h_ethusdt_short_only_lb6_e0p02_x0p005_hold18_cool0_adx20_4p0x_0p1_8bcb30a3,debounced_momentum_hysteresis_efficiency_repair,ETHUSDT,1h,short_only,6,0.02,0.005,18,0,adx20,,20.0,0.0,4.0,0.1,0.4,0.24208314981222667,0.08138450277819254,0.008110521521306202,0.15025576494635862,0.05314494024944871,0.018263053933715745,1.2148761660368288,1.8273791048904917,0.8055798506428038,322,80,28,3074,760,268,2.974560776908676,0.16069864703403414,18.795275606539334,25.43265711818517,7.241537072594823,True,False,False,False,train_dominant_shadow_until_execution_efficiency,False,False,False,"{""live_notional_fraction"": 0.4, ""parity"": true, ""recorded"": true, ""replay_notional_fraction"": 0.4, ""sizing_mode"": ""notional_fraction_equals_leverage_times_allocation_fraction""}",0,0,locked_oos_return_per_turnover_proxy_bps_7.242_not_above_10.000
1843,debrepair_debounced_efficiency_repair_1h_ethusdt_short_only_lb6_e0p02_x0p005_hold12_cool6_none_3p0x_0p15_5060b623,debounced_momentum_hysteresis_efficiency_repair,ETHUSDT,1h,short_only,6,0.02,0.005,12,6,none,,0.0,0.0,3.0,0.15,0.44999999999999996,0.2281182922603695,0.08450383799858319,0.008902625720860646,0.13250789934892782,0.042020586489774914,0.014688907241364735,1.1397707601881086,1.8491357557888675,0.8954132482322636,346,88,30,2318,582,200,2.699502148815941,0.14361445426178632,14.651142727062911,21.33935302994525,6.594537571007887,True,False,False,False,train_dominant_shadow_until_execution_efficiency,False,False,False,"{""live_notional_fraction"": 0.44999999999999996, ""parity"": true, ""recorded"": true, ""replay_notional_fraction"": 0.44999999999999996, ""sizing_mode"": ""notional_fraction_equals_leverage_times_allocation_fraction""}",0,0,locked_oos_return_per_turnover_proxy_bps_6.595_not_above_10.000
1856,debrepair_debounced_efficiency_repair_1h_ethusdt_long_short_lb6_e0p025_x0p0_hold24_cool0_none_3p0x_0p1_0eca2f65,debounced_momentum_hysteresis_efficiency_repair,ETHUSDT,1h,long_short,6,0.025,0.0,24,0,none,,0.0,0.0,3.0,0.1,0.30000000000000004,0.13027185956701715,0.09288197079863103,0.00011691917024192477,0.12271841811160744,0.057053385507504495,0.027212198204711435,0.7877781435187686,2.377188708283938,0.05199203335724072,346,75,28,4612,1053,370,1.4025527069128167,0.037389888768386115,12.55027548815194,41.28087591050267,0.13918948838324374,True,False,False,False,train_dominant_shadow_until_execution_efficiency,False,False,False,"{""live_notional_fraction"": 0.30000000000000004, ""parity"": true, ""recorded"": true, ""replay_notional_fraction"": 0.30000000000000004, ""sizing_mode"": ""notional_fraction_equals_leverage_times_allocation_fraction""}",0,0,locked_oos_return_per_turnover_proxy_bps_0.139_not_above_10.000
1857,debrepair_debounced_efficiency_repair_1h_ethusdt_long_short_lb6_e0p025_x0p0_hold24_cool0_none_2p0x_0p15_49e2f2a7,debounced_momentum_hysteresis_efficiency_repair,ETHUSDT,1h,long_short,6,0.025,0.0,24,0,none,,0.0,0.0,2.0,0.15,0.3,0.13027185956701715,0.09288197079863059,0.00011691917024192477,0.12271841811160766,0.057053385507504495,0.027212198204711435,0.7877781435187688,2.3771887082839385,0.051992033357241195,346,75,28,4612,1053,370,1.4025527069128234,0.03738988876838656,12.550275488151941,41.28087591050248,0.13918948838324377,True,False,False,False,train_dominant_shadow_until_execution_efficiency,False,False,False,"{""live_notional_fraction"": 0.3, ""parity"": true, ""recorded"": true, ""replay_notional_fraction"": 0.3, ""sizing_mode"": ""notional_fraction_equals_leverage_times_allocation_fraction""}",0,0,locked_oos_return_per_turnover_proxy_bps_0.139_not_above_10.000
1879,debrepair_debounced_efficiency_repair_1h_solusdt_short_only_lb6_e0p02_x0p005_hold12_cool6_none_3p0x_0p15_75cc81df,debounced_momentum_hysteresis_efficiency_repair,SOLUSDT,1h,short_only,6,0.02,0.005,12,6,none,,0.0,0.0,3.0,0.15,0.44999999999999996,0.2727857270189189,0.09644293365278722,0.014386661247751231,0.16087091749279347,0.07661680766051326,0.0262919720601531,1.090423396594292,1.817899858351878,1.3303083101985318,410,99,32,2814,693,200,2.828467744469481,0.17634279336613168,14.785134255767964,21.64824548884113,9.990736977605023,True,False,False,False,train_dominant_shadow_until_execution_efficiency,False,False,False,"{""live_notional_fraction"": 0.44999999999999996, ""parity"": true, ""recorded"": true, ""replay_notional_fraction"": 0.44999999999999996, ""sizing_mode"": ""notional_fraction_equals_leverage_times_allocation_fraction""}",0,0,locked_oos_return_per_turnover_proxy_bps_9.991_not_above_10.000
1975,debrepair_debounced_efficiency_repair_1h_solusdt_short_only_lb12_e0p02_x0p005_hold12_cool0_adx20_4p0x_0p1_cd82501e,debounced_momentum_hysteresis_efficiency_repair,SOLUSDT,1h,short_only,12,0.02,0.005,12,0,adx20,,20.0,0.0,4.0,0.1,0.4,0.11667953211034865,0.10527009154416467,0.01476161104103979,0.13298421071437982,0.06966336513691629,0.031069063021313514,0.5976143928716909,2.1475074053213437,1.388670719464542,402,101,34,3157,770,239,1.1083825462562393,0.011409440566183982,7.256189807857503,26.056953352516004,10.854125765470434,True,False,False,False,train_dominant_shadow_until_execution_efficiency,False,False,False,"{""live_notional_fraction"": 0.4, ""parity"": true, ""recorded"": true, ""replay_notional_fraction"": 0.4, ""sizing_mode"": ""notional_fraction_equals_leverage_times_allocation_fraction""}",0,0,train_return_per_turnover_proxy_bps_7.256_not_above_10.000
2005,debrepair_debounced_efficiency_repair_1h_ethusdt_short_only_lb6_e0p02_x0p005_hold18_cool0_none_3p0x_0p1_280e438f,debounced_momentum_hysteresis_efficiency_repair,ETHUSDT,1h,short_only,6,0.02,0.005,18,0,none,,0.0,0.0,3.0,0.1,0.30000000000000004,0.16652626593989805,0.0746743516144035,0.005427483846015324,0.11590450442256517,0.03992857560530194,0.01371111912185441,1.1350412612070995,2.1657424243477728,0.7142198622112655,320,80,28,3069,761,268,2.2300329676753132,0.09185191432549455,17.346486035406045,31.11431317266812,6.461290292875384,True,False,False,False,train_dominant_shadow_until_execution_efficiency,False,False,False,"{""live_notional_fraction"": 0.30000000000000004, ""parity"": true, ""recorded"": true, ""replay_notional_fraction"": 0.30000000000000004, ""sizing_mode"": ""notional_fraction_equals_leverage_times_allocation_fraction""}",0,0,locked_oos_return_per_turnover_proxy_bps_6.461_not_above_10.000
2006,debrepair_debounced_efficiency_repair_1h_ethusdt_short_only_lb6_e0p02_x0p005_hold18_cool0_none_2p0x_0p15_e9944e41,debounced_momentum_hysteresis_efficiency_repair,ETHUSDT,1h,short_only,6,0.02,0.005,18,0,none,,0.0,0.0,2.0,0.15,0.3,0.16652626593990072,0.07467435161440283,0.005427483846015324,0.11590450442256472,0.03992857560530205,0.01371111912185441,1.1350412612070997,2.1657424243477728,0.714219862211266,320,80,28,3069,761,268,2.2300329676753687,0.09185191432549789,17.346486035406325,31.11431317266785,6.461290292875385,True,False,False,False,train_dominant_shadow_until_execution_efficiency,False,False,False,"{""live_notional_fraction"": 0.3, ""parity"": true, ""recorded"": true, ""replay_notional_fraction"": 0.3, ""sizing_mode"": ""notional_fraction_equals_leverage_times_allocation_fraction""}",0,0,locked_oos_return_per_turnover_proxy_bps_6.461_not_above_10.000
2083,debrepair_debounced_efficiency_repair_1h_solusdt_short_only_lb6_e0p02_x0p005_hold12_cool0_adx20_4p0x_0p1_59222927,debounced_momentum_hysteresis_efficiency_repair,SOLUSDT,1h,short_only,6,0.02,0.005,12,0,adx20,,20.0,0.0,4.0,0.1,0.4,0.2551868637974253,0.08857878636588778,0.005069870233728846,0.15029134349014206,0.06742935149210494,0.023384646217768812,1.1281023530053338,1.8659456900822842,0.5274506952225211,428,100,34,2930,696,212,2.880902688634028,0.1666080774315375,14.905774754522502,22.14469659147195,3.7278457600947394,True,False,False,False,train_dominant_shadow_until_execution_efficiency,False,False,False,"{""live_notional_fraction"": 0.4, ""parity"": true, ""recorded"": true, ""replay_notional_fraction"": 0.4, ""sizing_mode"": ""notional_fraction_equals_leverage_times_allocation_fraction""}",0,0,locked_oos_return_per_turnover_proxy_bps_3.728_not_above_10.000
2119,debrepair_debounced_efficiency_repair_1h_ethusdt_short_only_lb6_e0p02_x0p005_hold12_cool6_adx20_4p0x_0p1_b3eed5ad,debounced_momentum_hysteresis_efficiency_repair,ETHUSDT,1h,short_only,6,0.02,0.005,12,6,adx20,,20.0,0.0,4.0,0.1,0.4,0.21727428955164996,0.07523385105938307,0.007907805855064565,0.1186153746735884,0.037411979000711026,0.013064623511563789,1.2098036482998937,1.8491357557888675,0.8906472024406544,346,88,30,2316,582,199,2.887985747003068,0.14204043849226689,15.699009360668349,21.37325314187019,6.589838212553804,True,False,False,False,train_dominant_shadow_until_execution_efficiency,False,False,False,"{""live_notional_fraction"": 0.4, ""parity"": true, ""recorded"": true, ""replay_notional_fraction"": 0.4, ""sizing_mode"": ""notional_fraction_equals_leverage_times_allocation_fraction""}",0,0,locked_oos_return_per_turnover_proxy_bps_6.590_not_above_10.000
2230,debrepair_debounced_efficiency_repair_1h_ethusdt_short_only_lb6_e0p02_x0p005_hold12_cool6_none_4p0x_0p1_7ed4687b,debounced_momentum_hysteresis_efficiency_repair,ETHUSDT,1h,short_only,6,0.02,0.005,12,6,none,,0.0,0.0,4.0,0.1,0.4,0.2026873530583444,0.07523385105938307,0.007951442799395414,0.11861537467358896,0.037411979000711026,0.013064623511563789,1.1397707601881095,1.8491357557888675,0.8954132482322633,346,88,30,2318,582,200,2.694097805765128,0.12745350199896133,14.645039960863032,21.37325314187019,6.626202332829512,True,False,False,False,train_dominant_shadow_until_execution_efficiency,False,False,False,"{""live_notional_fraction"": 0.4, ""parity"": true, ""recorded"": true, ""replay_notional_fraction"": 0.4, ""sizing_mode"": ""notional_fraction_equals_leverage_times_allocation_fraction""}",0,0,locked_oos_return_per_turnover_proxy_bps_6.626_not_above_10.000
2274,debrepair_debounced_efficiency_repair_2h_ethusdt_long_short_lb6_e0p02_x0p005_hold18_cool6_trend_strength2_3p0x_0p1_713a684a,debounced_momentum_hysteresis_efficiency_repair,ETHUSDT,2h,long_short,6,0.02,0.005,18,6,trend_strength2,,0.0,2.0,3.0,0.1,0.30000000000000004,0.16086184088501332,0.06920936335338856,0.0019352326495838401,0.0989661669898304,0.05423569800231398,0.03469735038763666,1.0004272529893685,1.9919899423109695,0.23078785491214523,220,46,22,1992,416,200,2.3242785815503004,0.09165247753162475,24.37300619469898,50.15171257491924,2.932170681187636,True,False,False,False,train_dominant_shadow_until_execution_efficiency,False,False,False,"{""live_notional_fraction"": 0.30000000000000004, ""parity"": true, ""recorded"": true, ""replay_notional_fraction"": 0.30000000000000004, ""sizing_mode"": ""notional_fraction_equals_leverage_times_allocation_fraction""}",0,0,locked_oos_return_per_turnover_proxy_bps_2.932_not_above_10.000
2275,debrepair_debounced_efficiency_repair_2h_ethusdt_long_short_lb6_e0p02_x0p005_hold18_cool6_trend_strength2_2p0x_0p15_90d55690,debounced_momentum_hysteresis_efficiency_repair,ETHUSDT,2h,long_short,6,0.02,0.005,18,6,trend_strength2,,0.0,2.0,2.0,0.15,0.3,0.16086184088501332,0.06920936335338834,0.0019352326495838401,0.0989661669898304,0.05423569800231398,0.03469735038763666,1.000427252989368,1.9919899423109697,0.23078785491214598,220,46,22,1992,416,200,2.324278581550308,0.09165247753162498,24.373006194698988,50.151712574919095,2.9321706811876367,True,False,False,False,train_dominant_shadow_until_execution_efficiency,False,False,False,"{""live_notional_fraction"": 0.3, ""parity"": true, ""recorded"": true, ""replay_notional_fraction"": 0.3, ""sizing_mode"": ""notional_fraction_equals_leverage_times_allocation_fraction""}",0,0,locked_oos_return_per_turnover_proxy_bps_2.932_not_above_10.000
2291,debrepair_debounced_efficiency_repair_1h_solusdt_short_only_lb6_e0p02_x0p005_hold12_cool6_adx20_3p0x_0p15_5ebd097f,debounced_momentum_hysteresis_efficiency_repair,SOLUSDT,1h,short_only,6,0.02,0.005,12,6,adx20,,20.0,0.0,3.0,0.15,0.44999999999999996,0.1918230555574445,0.09667408145315126,0.014386661247751231,0.21501620642723074,0.07661680766051271,0.0262919720601531,0.8291475532371376,1.8203500677483684,1.3303083101985318,412,99,32,2808,693,200,1.9842242375005434,0.09514897410429324,10.346443126075755,21.700130516981204,9.990736977605023,True,False,False,False,train_dominant_shadow_until_execution_efficiency,False,False,False,"{""live_notional_fraction"": 0.44999999999999996, ""parity"": true, ""recorded"": true, ""replay_notional_fraction"": 0.44999999999999996, ""sizing_mode"": ""notional_fraction_equals_leverage_times_allocation_fraction""}",0,0,locked_oos_return_per_turnover_proxy_bps_9.991_not_above_10.000
2292,debrepair_debounced_efficiency_repair_1h_ethusdt_short_only_lb6_e0p02_x0p005_hold12_cool0_none_3p0x_0p1_e1c1827a,debounced_momentum_hysteresis_efficiency_repair,ETHUSDT,1h,short_only,6,0.02,0.005,12,0,none,,0.0,0.0,3.0,0.1,0.30000000000000004,0.13256046846518443,0.07756557926068619,0.00602043083853343,0.10532847514827648,0.03413379531865102,0.009810201837083699,0.9790461035803315,2.4024751154012387,0.8954132482322643,362,92,30,2422,626,200,1.7090115193966222,0.05499488920449824,12.206304646886226,28.10347074662543,6.689367598370477,True,False,False,False,train_dominant_shadow_until_execution_efficiency,False,False,False,"{""live_notional_fraction"": 0.30000000000000004, ""parity"": true, ""recorded"": true, ""replay_notional_fraction"": 0.30000000000000004, ""sizing_mode"": ""notional_fraction_equals_leverage_times_allocation_fraction""}",0,0,locked_oos_return_per_turnover_proxy_bps_6.689_not_above_10.000
2293,debrepair_debounced_efficiency_repair_1h_ethusdt_short_only_lb6_e0p02_x0p005_hold12_cool0_none_2p0x_0p15_ef0c4a96,debounced_momentum_hysteresis_efficiency_repair,ETHUSDT,1h,short_only,6,0.02,0.005,12,0,none,,0.0,0.0,2.0,0.15,0.3,0.13256046846518532,0.07756557926068597,0.00602043083853343,0.10532847514827581,0.03413379531865102,0.009810201837083699,0.9790461035803314,2.4024751154012387,0.8954132482322636,362,92,30,2422,626,200,1.7090115193966386,0.05499488920449935,12.20630464688631,28.10347074662535,6.6893675983704775,True,False,False,False,train_dominant_shadow_until_execution_efficiency,False,False,False,"{""live_notional_fraction"": 0.3, ""parity"": true, ""recorded"": true, ""replay_notional_fraction"": 0.3, ""sizing_mode"": ""notional_fraction_equals_leverage_times_allocation_fraction""}",0,0,locked_oos_return_per_turnover_proxy_bps_6.689_not_above_10.000
2336,debrepair_debounced_efficiency_repair_1h_ethusdt_short_only_lb12_e0p02_x0p005_hold36_cool0_trend_strength2_3p0x_0p15_c649b339,debounced_momentum_hysteresis_efficiency_repair,ETHUSDT,1h,short_only,12,0.02,0.005,36,0,trend_strength2,,0.0,2.0,3.0,0.15,0.44999999999999996,0.1616550346870953,0.08917563224965286,0.003071859467827176,0.14413940434501638,0.11240165713861927,0.036980875967132176,0.8617407658916033,1.932625134065369,0.281276425423726,138,40,23,2490,726,416,1.8127713884274097,0.07247940243744244,26.0314065518672,49.54201791647381,2.967980162151861,True,False,False,False,train_dominant_shadow_until_execution_efficiency,False,False,False,"{""live_notional_fraction"": 0.44999999999999996, ""parity"": true, ""recorded"": true, ""replay_notional_fraction"": 0.44999999999999996, ""sizing_mode"": ""notional_fraction_equals_leverage_times_allocation_fraction""}",0,0,locked_oos_return_per_turnover_proxy_bps_2.968_not_above_10.000
2369,debrepair_debounced_efficiency_repair_1h_ethusdt_short_only_lb6_e0p02_x0p005_hold12_cool0_adx20_3p0x_0p1_7cee278b,debounced_momentum_hysteresis_efficiency_repair,ETHUSDT,1h,short_only,6,0.02,0.005,12,0,adx20,,20.0,0.0,3.0,0.1,0.30000000000000004,0.15242962052940223,0.07038876070702549,0.0059877761848703415,0.09509062648202637,0.02814961452499465,0.009810201837083699,1.1121175146832172,2.2284109917904065,0.8906472024406552,360,94,30,2407,627,199,2.1655391997005036,0.08204085982237674,14.113853752722425,24.960553442207615,6.653084649855933,True,False,False,False,train_dominant_shadow_until_execution_efficiency,False,False,False,"{""live_notional_fraction"": 0.30000000000000004, ""parity"": true, ""recorded"": true, ""replay_notional_fraction"": 0.30000000000000004, ""sizing_mode"": ""notional_fraction_equals_leverage_times_allocation_fraction""}",0,0,locked_oos_return_per_turnover_proxy_bps_6.653_not_above_10.000
2370,debrepair_debounced_efficiency_repair_1h_ethusdt_short_only_lb6_e0p02_x0p005_hold12_cool0_adx20_2p0x_0p15_78bc1d9b,debounced_momentum_hysteresis_efficiency_repair,ETHUSDT,1h,short_only,6,0.02,0.005,12,0,adx20,,20.0,0.0,2.0,0.15,0.3,0.15242962052940334,0.07038876070702527,0.0059877761848703415,0.09509062648202615,0.02814961452499465,0.009810201837083699,1.1121175146832174,2.2284109917904065,0.8906472024406549,360,94,30,2407,627,199,2.165539199700526,0.08204085982237808,14.113853752722532,24.96055344220754,6.653084649855935,True,False,False,False,train_dominant_shadow_until_execution_efficiency,False,False,False,"{""live_notional_fraction"": 0.3, ""parity"": true, ""recorded"": true, ""replay_notional_fraction"": 0.3, ""sizing_mode"": ""notional_fraction_equals_leverage_times_allocation_fraction""}",0,0,locked_oos_return_per_turnover_proxy_bps_6.653_not_above_10.000
2477,debrepair_debounced_efficiency_repair_1h_ethusdt_short_only_lb6_e0p02_x0p005_hold12_cool12_none_3p0x_0p15_13029bce,debounced_momentum_hysteresis_efficiency_repair,ETHUSDT,1h,short_only,6,0.02,0.005,12,12,none,,0.0,0.0,3.0,0.15,0.44999999999999996,0.3508511208323646,0.06839749449116894,0.011235784556956396,0.1465616434078878,0.056178623903847424,0.014688907241364735,1.684538163095274,1.5552671655307146,1.1204629644963784,310,78,28,2083,534,188,5.129590249503427,0.28245362634119564,25.150617980814665,19.4864656669997,8.917289330917777,True,False,False,False,train_dominant_shadow_until_execution_efficiency,False,False,False,"{""live_notional_fraction"": 0.44999999999999996, ""parity"": true, ""recorded"": true, ""replay_notional_fraction"": 0.44999999999999996, ""sizing_mode"": ""notional_fraction_equals_leverage_times_allocation_fraction""}",0,0,locked_oos_return_per_turnover_proxy_bps_8.917_not_above_10.000
2478,debrepair_debounced_efficiency_repair_1h_ethusdt_short_only_lb6_e0p02_x0p005_hold12_cool12_adx20_3p0x_0p15_93b331bd,debounced_momentum_hysteresis_efficiency_repair,ETHUSDT,1h,short_only,6,0.02,0.005,12,12,adx20,,20.0,0.0,3.0,0.15,0.44999999999999996,0.3656110910954373,0.06839749449116894,0.011186525225049593,0.1449837402200307,0.056178623903847424,0.014688907241364735,1.7433917201065379,1.5552671655307146,1.1156671189780727,310,78,28,2081,534,187,5.345387193132385,0.2972135966042684,26.208680365264325,19.4864656669997,8.878194623055235,True,False,False,False,train_dominant_shadow_until_execution_efficiency,False,False,False,"{""live_notional_fraction"": 0.44999999999999996, ""parity"": true, ""recorded"": true, ""replay_notional_fraction"": 0.44999999999999996, ""sizing_mode"": ""notional_fraction_equals_leverage_times_allocation_fraction""}",0,0,locked_oos_return_per_turnover_proxy_bps_8.878_not_above_10.000
2620,debrepair_debounced_efficiency_repair_1h_solusdt_long_short_lb6_e0p03_x0p0_hold24_cool0_adx20_3p0x_0p15_fdcad1d7,debounced_momentum_hysteresis_efficiency_repair,SOLUSDT,1h,long_short,6,0.03,0.0,24,0,adx20,,20.0,0.0,3.0,0.15,0.44999999999999996,0.2573100380416473,0.07754513487270143,0.009024539490122718,0.20998277042824887,0.0723365825495993,0.0357682832106444,0.8781088943785207,1.360969367669917,0.6344235464881662,348,79,22,4690,1087,270,3.318197053419909,0.1797649031689459,16.431036911982588,21.81297746067551,9.115696454669415,True,False,False,False,train_dominant_shadow_until_execution_efficiency,False,False,False,"{""live_notional_fraction"": 0.44999999999999996, ""parity"": true, ""recorded"": true, ""replay_notional_fraction"": 0.44999999999999996, ""sizing_mode"": ""notional_fraction_equals_leverage_times_allocation_fraction""}",0,0,locked_oos_return_per_turnover_proxy_bps_9.116_not_above_10.000
2644,debrepair_debounced_efficiency_repair_1h_ethusdt_short_only_lb6_e0p02_x0p005_hold18_cool0_adx20_3p0x_0p1_abb9c0f9,debounced_momentum_hysteresis_efficiency_repair,ETHUSDT,1h,short_only,6,0.02,0.005,18,0,adx20,,20.0,0.0,3.0,0.1,0.30000000000000004,0.1806821759370174,0.061259909173544624,0.006159359712688994,0.1146088185969526,0.03992857560530194,0.01371111912185441,1.2148761660368281,1.8273791048904913,0.8055798506428044,322,80,28,3074,760,268,2.9494359096282476,0.11942226676347278,18.70415899969124,25.52496215564359,7.332571086534515,True,False,False,False,train_dominant_shadow_until_execution_efficiency,False,False,False,"{""live_notional_fraction"": 0.30000000000000004, ""parity"": true, ""recorded"": true, ""replay_notional_fraction"": 0.30000000000000004, ""sizing_mode"": ""notional_fraction_equals_leverage_times_allocation_fraction""}",0,0,locked_oos_return_per_turnover_proxy_bps_7.333_not_above_10.000
2645,debrepair_debounced_efficiency_repair_1h_ethusdt_short_only_lb6_e0p02_x0p005_hold18_cool0_adx20_2p0x_0p15_e88636c6,debounced_momentum_hysteresis_efficiency_repair,ETHUSDT,1h,short_only,6,0.02,0.005,18,0,adx20,,20.0,0.0,2.0,0.15,0.3,0.1806821759370174,0.0612599091735444,0.006159359712688994,0.11460881859695249,0.03992857560530194,0.01371111912185441,1.2148761660368286,1.8273791048904913,0.8055798506428048,322,80,28,3074,760,268,2.9494359096282583,0.119422266763473,18.704158999691245,25.524962155643504,7.332571086534517,True,False,False,False,train_dominant_shadow_until_execution_efficiency,False,False,False,"{""live_notional_fraction"": 0.3, ""parity"": true, ""recorded"": true, ""replay_notional_fraction"": 0.3, ""sizing_mode"": ""notional_fraction_equals_leverage_times_allocation_fraction""}",0,0,locked_oos_return_per_turnover_proxy_bps_7.333_not_above_10.000
2650,debrepair_debounced_efficiency_repair_1h_ethusdt_short_only_lb12_e0p02_x0p005_hold36_cool0_trend_strength2_4p0x_0p1_d0f6a75f,debounced_momentum_hysteresis_efficiency_repair,ETHUSDT,1h,short_only,12,0.02,0.005,36,0,trend_strength2,,0.0,2.0,4.0,0.1,0.4,0.14463306822596644,0.07935434365917127,0.0028000674405013193,0.12899846053670339,0.10034085409146598,0.032914488504301564,0.8617407658916028,1.9326251340653686,0.2812764254237259,138,40,23,2490,726,416,1.8226232056958194,0.06527872456679518,26.201642794559135,49.59646478698204,3.043551565762303,True,False,False,False,train_dominant_shadow_until_execution_efficiency,False,False,False,"{""live_notional_fraction"": 0.4, ""parity"": true, ""recorded"": true, ""replay_notional_fraction"": 0.4, ""sizing_mode"": ""notional_fraction_equals_leverage_times_allocation_fraction""}",0,0,locked_oos_return_per_turnover_proxy_bps_3.044_not_above_10.000
2655,debrepair_debounced_efficiency_repair_1h_solusdt_short_only_lb12_e0p025_x0p0_hold12_cool0_none_2p0x_0p15_ebc2d3a7,debounced_momentum_hysteresis_efficiency_repair,SOLUSDT,1h,short_only,12,0.025,0.0,12,0,none,,0.0,0.0,2.0,0.15,0.3,0.17973822081959212,0.06290599636712524,0.0063594652104232985,0.1006242045213227,0.04110676807512492,0.013146931206907686,1.1377393916425027,1.80498505018647,0.873820000663036,334,78,28,2807,690,224,2.857250996719346,0.11683222445246688,17.937946189580053,26.882904430395403,7.5707919171705935,True,False,False,False,train_dominant_shadow_until_execution_efficiency,False,False,False,"{""live_notional_fraction"": 0.3, ""parity"": true, ""recorded"": true, ""replay_notional_fraction"": 0.3, ""sizing_mode"": ""notional_fraction_equals_leverage_times_allocation_fraction""}",0,0,locked_oos_return_per_turnover_proxy_bps_7.571_not_above_10.000
2656,debrepair_debounced_efficiency_repair_1h_solusdt_short_only_lb12_e0p025_x0p0_hold12_cool0_none_3p0x_0p1_bac01d36,debounced_momentum_hysteresis_efficiency_repair,SOLUSDT,1h,short_only,12,0.025,0.0,12,0,none,,0.0,0.0,3.0,0.1,0.30000000000000004,0.17973822081959145,0.06290599636712524,0.0063594652104235205,0.10062420452132315,0.04110676807512492,0.013146931206907686,1.1377393916425034,1.8049850501864706,0.8738200006630364,334,78,28,2807,690,224,2.857250996719335,0.11683222445246622,17.937946189579982,26.8829044303954,7.570791917170856,True,False,False,False,train_dominant_shadow_until_execution_efficiency,False,False,False,"{""live_notional_fraction"": 0.30000000000000004, ""parity"": true, ""recorded"": true, ""replay_notional_fraction"": 0.30000000000000004, ""sizing_mode"": ""notional_fraction_equals_leverage_times_allocation_fraction""}",0,0,locked_oos_return_per_turnover_proxy_bps_7.571_not_above_10.000
2661,debrepair_debounced_efficiency_repair_1h_solusdt_long_short_lb6_e0p03_x0p0_hold24_cool0_none_3p0x_0p15_183e1a2a,debounced_momentum_hysteresis_efficiency_repair,SOLUSDT,1h,long_short,6,0.03,0.0,24,0,none,,0.0,0.0,3.0,0.15,0.44999999999999996,0.25215548413795363,0.07754513487270143,0.009024539490122718,0.20998277042824887,0.0723365825495993,0.0357682832106444,0.8651679114785111,1.360969367669917,0.6344235464881662,348,79,22,4692,1087,270,3.2517253925974035,0.1746103492652522,16.10188276742999,21.81297746067551,9.115696454669415,True,False,False,False,train_dominant_shadow_until_execution_efficiency,False,False,False,"{""live_notional_fraction"": 0.44999999999999996, ""parity"": true, ""recorded"": true, ""replay_notional_fraction"": 0.44999999999999996, ""sizing_mode"": ""notional_fraction_equals_leverage_times_allocation_fraction""}",0,0,locked_oos_return_per_turnover_proxy_bps_9.116_not_above_10.000
2674,debrepair_debounced_efficiency_repair_1h_solusdt_short_only_lb6_e0p02_x0p005_hold12_cool0_none_3p0x_0p1_bd0de9ea,debounced_momentum_hysteresis_efficiency_repair,SOLUSDT,1h,short_only,6,0.02,0.005,12,0,none,,0.0,0.0,3.0,0.1,0.30000000000000004,0.23351890727880287,0.06650579934004996,0.0038795348890678927,0.11155529543612819,0.05087516835088712,0.01755937212701031,1.3322577198085792,1.8635377241483193,0.5274506952225216,428,100,34,2947,696,212,3.511256305405793,0.1670131079387529,18.186830784953493,22.168599780016653,3.803465577517541,True,False,False,False,train_dominant_shadow_until_execution_efficiency,False,False,False,"{""live_notional_fraction"": 0.30000000000000004, ""parity"": true, ""recorded"": true, ""replay_notional_fraction"": 0.30000000000000004, ""sizing_mode"": ""notional_fraction_equals_leverage_times_allocation_fraction""}",0,0,locked_oos_return_per_turnover_proxy_bps_3.803_not_above_10.000
2675,debrepair_debounced_efficiency_repair_1h_solusdt_short_only_lb6_e0p02_x0p005_hold12_cool0_none_2p0x_0p15_dba68272,debounced_momentum_hysteresis_efficiency_repair,SOLUSDT,1h,short_only,6,0.02,0.005,12,0,none,,0.0,0.0,2.0,0.15,0.3,0.23351890727880198,0.06650579934004996,0.0038795348890676706,0.11155529543612863,0.05087516835088712,0.01755937212701031,1.3322577198085792,1.8635377241483195,0.5274506952225211,428,100,34,2947,696,212,3.5112563054057797,0.16701310793875201,18.186830784953425,22.168599780016656,3.8034655775173243,True,False,False,False,train_dominant_shadow_until_execution_efficiency,False,False,False,"{""live_notional_fraction"": 0.3, ""parity"": true, ""recorded"": true, ""replay_notional_fraction"": 0.3, ""sizing_mode"": ""notional_fraction_equals_leverage_times_allocation_fraction""}",0,0,locked_oos_return_per_turnover_proxy_bps_3.803_not_above_10.000
2814,debrepair_debounced_efficiency_repair_1h_ethusdt_short_only_lb6_e0p02_x0p005_hold12_cool12_none_4p0x_0p1_e1bbfa54,debounced_momentum_hysteresis_efficiency_repair,ETHUSDT,1h,short_only,6,0.02,0.005,12,12,none,,0.0,0.0,4.0,0.1,0.4,0.30874512540900434,0.061008205293736406,0.010022958149262351,0.131010094393754,0.04998486329733387,0.013064623511563789,1.6845381630952736,1.5552671655307146,1.1204629644963784,310,78,28,2083,534,188,5.060714766521785,0.24773692011526793,24.898800436210028,19.553911953120643,8.949069776127098,True,False,False,False,train_dominant_shadow_until_execution_efficiency,False,False,False,"{""live_notional_fraction"": 0.4, ""parity"": true, ""recorded"": true, ""replay_notional_fraction"": 0.4, ""sizing_mode"": ""notional_fraction_equals_leverage_times_allocation_fraction""}",0,0,locked_oos_return_per_turnover_proxy_bps_8.949_not_above_10.000
2815,debrepair_debounced_efficiency_repair_1h_ethusdt_short_only_lb6_e0p02_x0p005_hold12_cool12_adx20_4p0x_0p1_8128636a,debounced_momentum_hysteresis_efficiency_repair,ETHUSDT,1h,short_only,6,0.02,0.005,12,12,adx20,,20.0,0.0,4.0,0.1,0.4,0.32144434587382564,0.061008205293736406,0.009979231523429055,0.1295829076939461,0.04998486329733387,0.013064623511563789,1.7433917201065379,1.5552671655307146,1.1156671189780727,310,78,28,2081,534,187,5.268870708885247,0.26043614058008924,25.92293111885691,19.553911953120643,8.9100281459188,True,False,False,False,train_dominant_shadow_until_execution_efficiency,False,False,False,"{""live_notional_fraction"": 0.4, ""parity"": true, ""recorded"": true, ""replay_notional_fraction"": 0.4, ""sizing_mode"": ""notional_fraction_equals_leverage_times_allocation_fraction""}",0,0,locked_oos_return_per_turnover_proxy_bps_8.910_not_above_10.000
2874,debrepair_debounced_efficiency_repair_1h_ethusdt_short_only_lb6_e0p02_x0p005_hold18_cool6_adx20_3p0x_0p15_ca1fd3c1,debounced_momentum_hysteresis_efficiency_repair,ETHUSDT,1h,short_only,6,0.02,0.005,18,6,adx20,,20.0,0.0,3.0,0.15,0.44999999999999996,0.24256112155447784,0.07305020217907976,0.009066827327249838,0.1769917590431821,0.07385162190076588,0.020535526442351903,1.1314270062174865,1.4857005244847254,0.8055798506428045,314,78,28,2996,742,268,3.320471597872496,0.16951091937539808,17.166392183614853,20.81202341284324,7.195894704166539,True,False,False,False,train_dominant_shadow_until_execution_efficiency,False,False,False,"{""live_notional_fraction"": 0.44999999999999996, ""parity"": true, ""recorded"": true, ""replay_notional_fraction"": 0.44999999999999996, ""sizing_mode"": ""notional_fraction_equals_leverage_times_allocation_fraction""}",0,0,locked_oos_return_per_turnover_proxy_bps_7.196_not_above_10.000
2952,debrepair_debounced_efficiency_repair_1h_solusdt_long_short_lb6_e0p03_x0p0_hold24_cool0_adx20_4p0x_0p1_c23f1a4f,debounced_momentum_hysteresis_efficiency_repair,SOLUSDT,1h,long_short,6,0.03,0.0,24,0,adx20,,20.0,0.0,4.0,0.1,0.4,0.23183948932441556,0.06941965295925034,0.008113694632688961,0.18828143802203912,0.0645081587972357,0.03182909796695088,0.8781088943785209,1.3609693676699177,0.6344235464881659,348,79,22,4690,1087,270,3.3396809036269084,0.16241983636516522,16.6551357273287,21.968244607357704,9.220107537146546,True,False,False,False,train_dominant_shadow_until_execution_efficiency,False,False,False,"{""live_notional_fraction"": 0.4, ""parity"": true, ""recorded"": true, ""replay_notional_fraction"": 0.4, ""sizing_mode"": ""notional_fraction_equals_leverage_times_allocation_fraction""}",0,0,locked_oos_return_per_turnover_proxy_bps_9.220_not_above_10.000
2983,debrepair_debounced_efficiency_repair_1h_solusdt_long_short_lb6_e0p03_x0p0_hold24_cool0_none_4p0x_0p1_bdd0ec72,debounced_momentum_hysteresis_efficiency_repair,SOLUSDT,1h,long_short,6,0.03,0.0,24,0,none,,0.0,0.0,4.0,0.1,0.4,0.22735018753122294,0.06941965295925034,0.008113694632688961,0.18828143802203912,0.0645081587972357,0.03182909796695088,0.8651679114785117,1.3609693676699177,0.6344235464881659,348,79,22,4692,1087,270,3.275011871129326,0.1579305345719726,16.33262841459935,21.968244607357704,9.220107537146546,True,False,False,False,train_dominant_shadow_until_execution_efficiency,False,False,False,"{""live_notional_fraction"": 0.4, ""parity"": true, ""recorded"": true, ""replay_notional_fraction"": 0.4, ""sizing_mode"": ""notional_fraction_equals_leverage_times_allocation_fraction""}",0,0,locked_oos_return_per_turnover_proxy_bps_9.220_not_above_10.000
3057,debrepair_debounced_efficiency_repair_1h_solusdt_short_only_lb6_e0p02_x0p005_hold12_cool0_adx20_2p0x_0p15_77962f5e,debounced_momentum_hysteresis_efficiency_repair,SOLUSDT,1h,short_only,6,0.02,0.005,12,0,adx20,,20.0,0.0,2.0,0.15,0.3,0.1914068162646878,0.06665823803789195,0.0038795348890676706,0.11378233209503341,0.05087516835088801,0.01755937212701031,1.1281023530053342,1.8659456900822837,0.5274506952225211,428,100,34,2930,696,212,2.8714652816938004,0.12474857822679586,14.907072917810577,22.219412679297314,3.8034655775173243,True,False,False,False,train_dominant_shadow_until_execution_efficiency,False,False,False,"{""live_notional_fraction"": 0.3, ""parity"": true, ""recorded"": true, ""replay_notional_fraction"": 0.3, ""sizing_mode"": ""notional_fraction_equals_leverage_times_allocation_fraction""}",0,0,locked_oos_return_per_turnover_proxy_bps_3.803_not_above_10.000
3058,debrepair_debounced_efficiency_repair_1h_solusdt_short_only_lb6_e0p02_x0p005_hold12_cool0_adx20_3p0x_0p1_0ecffbef,debounced_momentum_hysteresis_efficiency_repair,SOLUSDT,1h,short_only,6,0.02,0.005,12,0,adx20,,20.0,0.0,3.0,0.1,0.30000000000000004,0.1914068162646878,0.06665823803789195,0.0038795348890678927,0.11378233209503352,0.05087516835088801,0.01755937212701031,1.1281023530053342,1.865945690082284,0.5274506952225216,428,100,34,2930,696,212,2.8714652816938004,0.12474857822679586,14.907072917810577,22.21941267929731,3.803465577517541,True,False,False,False,train_dominant_shadow_until_execution_efficiency,False,False,False,"{""live_notional_fraction"": 0.30000000000000004, ""parity"": true, ""recorded"": true, ""replay_notional_fraction"": 0.30000000000000004, ""sizing_mode"": ""notional_fraction_equals_leverage_times_allocation_fraction""}",0,0,locked_oos_return_per_turnover_proxy_bps_3.803_not_above_10.000
3062,debrepair_debounced_efficiency_repair_1h_ethusdt_short_only_lb6_e0p02_x0p005_hold12_cool6_adx20_2p0x_0p15_ebef7e71,debounced_momentum_hysteresis_efficiency_repair,ETHUSDT,1h,short_only,6,0.02,0.005,12,6,adx20,,20.0,0.0,2.0,0.15,0.3,0.16220328715692678,0.05659078124163641,0.0059877761848703415,0.09022313711215957,0.02814961452499465,0.009810201837083699,1.2098036482998933,1.849135755788868,0.8906472024406549,346,88,30,2316,582,199,2.8662493006473366,0.10561250591529037,15.626520920705856,21.435901985468337,6.653084649855935,True,False,False,False,train_dominant_shadow_until_execution_efficiency,False,False,False,"{""live_notional_fraction"": 0.3, ""parity"": true, ""recorded"": true, ""replay_notional_fraction"": 0.3, ""sizing_mode"": ""notional_fraction_equals_leverage_times_allocation_fraction""}",0,0,locked_oos_return_per_turnover_proxy_bps_6.653_not_above_10.000
3063,debrepair_debounced_efficiency_repair_1h_ethusdt_short_only_lb6_e0p02_x0p005_hold12_cool6_adx20_3p0x_0p1_db785a3a,debounced_momentum_hysteresis_efficiency_repair,ETHUSDT,1h,short_only,6,0.02,0.005,12,6,adx20,,20.0,0.0,3.0,0.1,0.30000000000000004,0.16220328715692478,0.056590781241636634,0.0059877761848703415,0.09022313711216001,0.02814961452499465,0.009810201837083699,1.2098036482998928,1.8491357557888681,0.8906472024406552,346,88,30,2316,582,199,2.86624930064729,0.10561250591528815,15.626520920705662,21.43590198546842,6.653084649855933,True,False,False,False,train_dominant_shadow_until_execution_efficiency,False,False,False,"{""live_notional_fraction"": 0.30000000000000004, ""parity"": true, ""recorded"": true, ""replay_notional_fraction"": 0.30000000000000004, ""sizing_mode"": ""notional_fraction_equals_leverage_times_allocation_fraction""}",0,0,locked_oos_return_per_turnover_proxy_bps_6.653_not_above_10.000
3142,debrepair_debounced_efficiency_repair_1h_ethusdt_short_only_lb6_e0p02_x0p005_hold18_cool6_none_3p0x_0p15_2588cb34,debounced_momentum_hysteresis_efficiency_repair,ETHUSDT,1h,short_only,6,0.02,0.005,18,6,none,,0.0,0.0,3.0,0.15,0.44999999999999996,0.20861085405037638,0.07305020217907976,0.007966283475325353,0.18418278466070737,0.07385162190076588,0.020535526442351903,0.9989423339769522,1.4857005244847254,0.7142198622112655,314,78,28,3006,742,268,2.8557190511119313,0.13556065187129662,14.763683938455515,20.81202341284324,6.322447202639171,True,False,False,False,train_dominant_shadow_until_execution_efficiency,False,False,False,"{""live_notional_fraction"": 0.44999999999999996, ""parity"": true, ""recorded"": true, ""replay_notional_fraction"": 0.44999999999999996, ""sizing_mode"": ""notional_fraction_equals_leverage_times_allocation_fraction""}",0,0,locked_oos_return_per_turnover_proxy_bps_6.322_not_above_10.000
3151,debrepair_debounced_efficiency_repair_1h_solusdt_short_only_lb12_e0p02_x0p005_hold12_cool0_adx20_2p0x_0p15_1f2cc0f8,debounced_momentum_hysteresis_efficiency_repair,SOLUSDT,1h,short_only,12,0.02,0.005,12,0,adx20,,20.0,0.0,2.0,0.15,0.3,0.09161893548152356,0.07893531488766214,0.011139035880276982,0.10112828640488447,0.05231561150972264,0.02337248930392999,0.5976143928716906,2.147507405321343,1.3886707194645427,402,101,34,3157,770,239,1.1606837270733927,0.012683620593861411,7.59692665684275,26.05125903883239,10.920623412036257,True,False,False,False,train_dominant_shadow_until_execution_efficiency,False,False,False,"{""live_notional_fraction"": 0.3, ""parity"": true, ""recorded"": true, ""replay_notional_fraction"": 0.3, ""sizing_mode"": ""notional_fraction_equals_leverage_times_allocation_fraction""}",0,0,train_return_per_turnover_proxy_bps_7.597_not_above_10.000
3152,debrepair_debounced_efficiency_repair_1h_solusdt_short_only_lb12_e0p02_x0p005_hold12_cool0_adx20_3p0x_0p1_279d9407,debounced_momentum_hysteresis_efficiency_repair,SOLUSDT,1h,short_only,12,0.02,0.005,12,0,adx20,,20.0,0.0,3.0,0.1,0.30000000000000004,0.09161893548152311,0.0789353148876617,0.011139035880277426,0.10112828640488447,0.05231561150972286,0.02337248930392999,0.5976143928716906,2.1475074053213437,1.3886707194645436,402,101,34,3157,770,239,1.1606837270733936,0.012683620593861411,7.596926656842711,26.05125903883224,10.92062341203669,True,False,False,False,train_dominant_shadow_until_execution_efficiency,False,False,False,"{""live_notional_fraction"": 0.30000000000000004, ""parity"": true, ""recorded"": true, ""replay_notional_fraction"": 0.30000000000000004, ""sizing_mode"": ""notional_fraction_equals_leverage_times_allocation_fraction""}",0,0,train_return_per_turnover_proxy_bps_7.597_not_above_10.000
3169,debrepair_debounced_efficiency_repair_1h_ethusdt_short_only_lb6_e0p02_x0p005_hold12_cool6_none_3p0x_0p1_15ab359b,debounced_momentum_hysteresis_efficiency_repair,ETHUSDT,1h,short_only,6,0.02,0.005,12,6,none,,0.0,0.0,3.0,0.1,0.30000000000000004,0.1517505681683493,0.056590781241636634,0.00602043083853343,0.09022313711216046,0.02814961452499465,0.009810201837083699,1.1397707601881089,1.8491357557888681,0.8954132482322643,346,88,30,2318,582,200,2.681542202437363,0.09515978692671268,14.619515237798582,21.43590198546842,6.689367598370477,True,False,False,False,train_dominant_shadow_until_execution_efficiency,False,False,False,"{""live_notional_fraction"": 0.30000000000000004, ""parity"": true, ""recorded"": true, ""replay_notional_fraction"": 0.30000000000000004, ""sizing_mode"": ""notional_fraction_equals_leverage_times_allocation_fraction""}",0,0,locked_oos_return_per_turnover_proxy_bps_6.689_not_above_10.000
3170,debrepair_debounced_efficiency_repair_1h_ethusdt_short_only_lb6_e0p02_x0p005_hold12_cool6_none_2p0x_0p15_49132760,debounced_momentum_hysteresis_efficiency_repair,ETHUSDT,1h,short_only,6,0.02,0.005,12,6,none,,0.0,0.0,2.0,0.15,0.3,0.1517505681683502,0.05659078124163641,0.00602043083853343,0.09022313711216046,0.02814961452499465,0.009810201837083699,1.139770760188109,1.849135755788868,0.8954132482322636,346,88,30,2318,582,200,2.6815422024373894,0.09515978692671379,14.619515237798671,21.435901985468337,6.6893675983704775,True,False,False,False,train_dominant_shadow_until_execution_efficiency,False,False,False,"{""live_notional_fraction"": 0.3, ""parity"": true, ""recorded"": true, ""replay_notional_fraction"": 0.3, ""sizing_mode"": ""notional_fraction_equals_leverage_times_allocation_fraction""}",0,0,locked_oos_return_per_turnover_proxy_bps_6.689_not_above_10.000
3173,debrepair_debounced_efficiency_repair_1h_ethusdt_short_only_lb6_e0p02_x0p005_hold18_cool6_adx20_4p0x_0p1_fffdced4,debounced_momentum_hysteresis_efficiency_repair,ETHUSDT,1h,short_only,6,0.02,0.005,18,6,adx20,,20.0,0.0,4.0,0.1,0.4,0.21560272116556822,0.06523398428973848,0.008110521521306202,0.15878480487387614,0.06574295453569112,0.018263053933715745,1.131427006217487,1.4857005244847254,0.8055798506428038,314,78,28,2996,742,268,3.305067496842796,0.15036873687582974,17.16582174885097,20.908328297993098,7.241537072594823,True,False,False,False,train_dominant_shadow_until_execution_efficiency,False,False,False,"{""live_notional_fraction"": 0.4, ""parity"": true, ""recorded"": true, ""replay_notional_fraction"": 0.4, ""sizing_mode"": ""notional_fraction_equals_leverage_times_allocation_fraction""}",0,0,locked_oos_return_per_turnover_proxy_bps_7.242_not_above_10.000
3353,debrepair_debounced_efficiency_repair_1h_ethusdt_short_only_lb12_e0p02_x0p005_hold36_cool0_trend_strength2_3p0x_0p1_d065fc1d,debounced_momentum_hysteresis_efficiency_repair,ETHUSDT,1h,short_only,12,0.02,0.005,36,0,trend_strength2,,0.0,2.0,3.0,0.1,0.30000000000000004,0.10976451333091886,0.0596326014631785,0.002204232243431914,0.09807310564890459,0.07589758292560322,0.02474972351498561,0.8617407658916028,1.9326251340653682,0.28127642542372583,138,40,23,2490,726,416,1.8406796054117383,0.05013191186774035,26.513167471236436,49.693834552648745,3.1945394832346574,True,False,False,False,train_dominant_shadow_until_execution_efficiency,False,False,False,"{""live_notional_fraction"": 0.30000000000000004, ""parity"": true, ""recorded"": true, ""replay_notional_fraction"": 0.30000000000000004, ""sizing_mode"": ""notional_fraction_equals_leverage_times_allocation_fraction""}",0,0,locked_oos_return_per_turnover_proxy_bps_3.195_not_above_10.000
3354,debrepair_debounced_efficiency_repair_1h_ethusdt_short_only_lb12_e0p02_x0p005_hold36_cool0_trend_strength2_2p0x_0p15_3e73832b,debounced_momentum_hysteresis_efficiency_repair,ETHUSDT,1h,short_only,12,0.02,0.005,36,0,trend_strength2,,0.0,2.0,2.0,0.15,0.3,0.10976451333091886,0.05963260146317828,0.002204232243431914,0.09807310564890459,0.07589758292560322,0.02474972351498561,0.8617407658916028,1.9326251340653686,0.28127642542372644,138,40,23,2490,726,416,1.8406796054117451,0.050131911867740575,26.51316747123644,49.69383455264856,3.1945394832346583,True,False,False,False,train_dominant_shadow_until_execution_efficiency,False,False,False,"{""live_notional_fraction"": 0.3, ""parity"": true, ""recorded"": true, ""replay_notional_fraction"": 0.3, ""sizing_mode"": ""notional_fraction_equals_leverage_times_allocation_fraction""}",0,0,locked_oos_return_per_turnover_proxy_bps_3.195_not_above_10.000
3456,debrepair_debounced_efficiency_repair_1h_ethusdt_short_only_lb6_e0p02_x0p005_hold18_cool6_none_4p0x_0p1_e061581f,debounced_momentum_hysteresis_efficiency_repair,ETHUSDT,1h,short_only,6,0.02,0.005,18,6,none,,0.0,0.0,4.0,0.1,0.4,0.18604486151679245,0.06523398428973848,0.00713305654507379,0.16532022719928463,0.06574295453569112,0.018263053933715745,0.9989423339769529,1.4857005244847254,0.7142198622112649,314,78,28,3006,742,268,2.851962263878736,0.12081087722705397,14.812488974266914,20.908328297993098,6.368800486673027,True,False,False,False,train_dominant_shadow_until_execution_efficiency,False,False,False,"{""live_notional_fraction"": 0.4, ""parity"": true, ""recorded"": true, ""replay_notional_fraction"": 0.4, ""sizing_mode"": ""notional_fraction_equals_leverage_times_allocation_fraction""}",0,0,locked_oos_return_per_turnover_proxy_bps_6.369_not_above_10.000
3463,debrepair_debounced_efficiency_repair_1h_ethusdt_short_only_lb6_e0p02_x0p005_hold12_cool12_none_3p0x_0p1_570e4db5,debounced_momentum_hysteresis_efficiency_repair,ETHUSDT,1h,short_only,6,0.02,0.005,12,12,none,,0.0,0.0,3.0,0.1,0.30000000000000004,0.22682467284471852,0.04606022003529775,0.007570420005089895,0.09935494350730156,0.03755969009173876,0.009810201837083699,1.684538163095274,1.5552671655307142,1.1204629644963788,310,78,28,2083,534,188,4.924524300380977,0.18076445280942077,24.389749768249303,19.68385471593921,9.012404767964158,True,False,False,False,train_dominant_shadow_until_execution_efficiency,False,False,False,"{""live_notional_fraction"": 0.30000000000000004, ""parity"": true, ""recorded"": true, ""replay_notional_fraction"": 0.30000000000000004, ""sizing_mode"": ""notional_fraction_equals_leverage_times_allocation_fraction""}",0,0,locked_oos_return_per_turnover_proxy_bps_9.012_not_above_10.000
3464,debrepair_debounced_efficiency_repair_1h_ethusdt_short_only_lb6_e0p02_x0p005_hold12_cool12_adx20_3p0x_0p1_b86c03f1,debounced_momentum_hysteresis_efficiency_repair,ETHUSDT,1h,short_only,6,0.02,0.005,12,12,adx20,,20.0,0.0,3.0,0.1,0.30000000000000004,0.2357363548644713,0.04606022003529775,0.0075377150399642545,0.09824704038653775,0.03755969009173876,0.009810201837083699,1.7433917201065379,1.5552671655307142,1.1156671189780734,310,78,28,2081,534,187,5.118003228899413,0.18967613482917356,25.347995146717338,19.68385471593921,8.973470285671729,True,False,False,False,train_dominant_shadow_until_execution_efficiency,False,False,False,"{""live_notional_fraction"": 0.30000000000000004, ""parity"": true, ""recorded"": true, ""replay_notional_fraction"": 0.30000000000000004, ""sizing_mode"": ""notional_fraction_equals_leverage_times_allocation_fraction""}",0,0,locked_oos_return_per_turnover_proxy_bps_8.973_not_above_10.000
3465,debrepair_debounced_efficiency_repair_1h_ethusdt_short_only_lb6_e0p02_x0p005_hold12_cool12_none_2p0x_0p15_16b15895,debounced_momentum_hysteresis_efficiency_repair,ETHUSDT,1h,short_only,6,0.02,0.005,12,12,none,,0.0,0.0,2.0,0.15,0.3,0.2268246728447192,0.046060220035297306,0.007570420005089895,0.09935494350730145,0.03755969009173876,0.009810201837083699,1.684538163095274,1.5552671655307146,1.1204629644963786,310,78,28,2083,534,188,4.924524300381039,0.18076445280942188,24.389749768249374,19.68385471593902,9.01240476796416,True,False,False,False,train_dominant_shadow_until_execution_efficiency,False,False,False,"{""live_notional_fraction"": 0.3, ""parity"": true, ""recorded"": true, ""replay_notional_fraction"": 0.3, ""sizing_mode"": ""notional_fraction_equals_leverage_times_allocation_fraction""}",0,0,locked_oos_return_per_turnover_proxy_bps_9.012_not_above_10.000
3466,debrepair_debounced_efficiency_repair_1h_ethusdt_short_only_lb6_e0p02_x0p005_hold12_cool12_adx20_2p0x_0p15_4d3602b4,debounced_momentum_hysteresis_efficiency_repair,ETHUSDT,1h,short_only,6,0.02,0.005,12,12,adx20,,20.0,0.0,2.0,0.15,0.3,0.23573635486447198,0.046060220035297306,0.0075377150399642545,0.09824704038653764,0.03755969009173876,0.009810201837083699,1.7433917201065379,1.5552671655307146,1.115667118978073,310,78,28,2081,534,187,5.118003228899477,0.18967613482917467,25.347995146717416,19.68385471593902,8.97347028567173,True,False,False,False,train_dominant_shadow_until_execution_efficiency,False,False,False,"{""live_notional_fraction"": 0.3, ""parity"": true, ""recorded"": true, ""replay_notional_fraction"": 0.3, ""sizing_mode"": ""notional_fraction_equals_leverage_times_allocation_fraction""}",0,0,locked_oos_return_per_turnover_proxy_bps_8.973_not_above_10.000
3605,debrepair_debounced_efficiency_repair_1h_ethusdt_long_short_lb6_e0p025_x0p0_hold12_cool0_none_3p0x_0p15_609c1f21,debounced_momentum_hysteresis_efficiency_repair,ETHUSDT,1h,long_short,6,0.025,0.0,12,0,none,,0.0,0.0,3.0,0.15,0.44999999999999996,0.25029614070090034,0.0635355163043878,0.00244836567984974,0.1970999597593679,0.04917525201794981,0.029696797087506277,1.0591621560508753,1.2737566404721525,0.23134966764126472,468,111,34,3397,780,230,3.93946811578227,0.18676062439651253,11.884906965854718,12.719823083961524,1.6002390064377388,True,False,False,False,train_dominant_shadow_until_execution_efficiency,False,False,False,"{""live_notional_fraction"": 0.44999999999999996, ""parity"": true, ""recorded"": true, ""replay_notional_fraction"": 0.44999999999999996, ""sizing_mode"": ""notional_fraction_equals_leverage_times_allocation_fraction""}",0,0,locked_oos_return_per_turnover_proxy_bps_1.600_not_above_10.000
3611,debrepair_debounced_efficiency_repair_1h_solusdt_long_short_lb6_e0p03_x0p0_hold24_cool0_adx20_3p0x_0p1_01d2ceac,debounced_momentum_hysteresis_efficiency_repair,SOLUSDT,1h,long_short,6,0.03,0.0,24,0,adx20,,20.0,0.0,3.0,0.1,0.30000000000000004,0.1780393618446947,0.05277629875624368,0.006222731525088898,0.1436591940477976,0.0486958661516641,0.023924296656266275,0.8781088943785204,1.3609693676699175,0.6344235464881658,348,79,22,4690,1087,270,3.3734719190331974,0.12526306308845103,17.053578720756196,22.26848048786653,9.42838109861954,True,False,False,False,train_dominant_shadow_until_execution_efficiency,False,False,False,"{""live_notional_fraction"": 0.30000000000000004, ""parity"": true, ""recorded"": true, ""replay_notional_fraction"": 0.30000000000000004, ""sizing_mode"": ""notional_fraction_equals_leverage_times_allocation_fraction""}",0,0,locked_oos_return_per_turnover_proxy_bps_9.428_not_above_10.000
3612,debrepair_debounced_efficiency_repair_1h_solusdt_long_short_lb6_e0p03_x0p0_hold24_cool0_adx20_2p0x_0p15_27f37bc2,debounced_momentum_hysteresis_efficiency_repair,SOLUSDT,1h,long_short,6,0.03,0.0,24,0,adx20,,20.0,0.0,2.0,0.15,0.3,0.17803936184469316,0.0527762987562439,0.006222731525088676,0.1436591940477978,0.0486958661516641,0.023924296656266275,0.8781088943785206,1.3609693676699175,0.634423546488167,348,79,22,4690,1087,270,3.373471919033154,0.12526306308844926,17.05357872075605,22.268480487866626,9.428381098619207,True,False,False,False,train_dominant_shadow_until_execution_efficiency,False,False,False,"{""live_notional_fraction"": 0.3, ""parity"": true, ""recorded"": true, ""replay_notional_fraction"": 0.3, ""sizing_mode"": ""notional_fraction_equals_leverage_times_allocation_fraction""}",0,0,locked_oos_return_per_turnover_proxy_bps_9.428_not_above_10.000
3651,debrepair_debounced_efficiency_repair_1h_solusdt_long_short_lb6_e0p03_x0p0_hold24_cool0_none_2p0x_0p15_c6b41c52,debounced_momentum_hysteresis_efficiency_repair,SOLUSDT,1h,long_short,6,0.03,0.0,24,0,none,,0.0,0.0,2.0,0.15,0.3,0.17481901434631486,0.0527762987562439,0.006222731525088676,0.1436591940477978,0.0486958661516641,0.023924296656266275,0.865167911478511,1.3609693676699175,0.634423546488167,348,79,22,4692,1087,270,3.3124530985726284,0.12204271559007096,16.745116316696826,22.268480487866626,9.428381098619207,True,False,False,False,train_dominant_shadow_until_execution_efficiency,False,False,False,"{""live_notional_fraction"": 0.3, ""parity"": true, ""recorded"": true, ""replay_notional_fraction"": 0.3, ""sizing_mode"": ""notional_fraction_equals_leverage_times_allocation_fraction""}",0,0,locked_oos_return_per_turnover_proxy_bps_9.428_not_above_10.000
3652,debrepair_debounced_efficiency_repair_1h_solusdt_long_short_lb6_e0p03_x0p0_hold24_cool0_none_3p0x_0p1_6a031c53,debounced_momentum_hysteresis_efficiency_repair,SOLUSDT,1h,long_short,6,0.03,0.0,24,0,none,,0.0,0.0,3.0,0.1,0.30000000000000004,0.1748190143463162,0.05277629875624368,0.006222731525088898,0.1436591940477976,0.0486958661516641,0.023924296656266275,0.865167911478511,1.3609693676699175,0.6344235464881658,348,79,22,4692,1087,270,3.3124530985726675,0.12204271559007251,16.74511631669695,22.26848048786653,9.42838109861954,True,False,False,False,train_dominant_shadow_until_execution_efficiency,False,False,False,"{""live_notional_fraction"": 0.30000000000000004, ""parity"": true, ""recorded"": true, ""replay_notional_fraction"": 0.30000000000000004, ""sizing_mode"": ""notional_fraction_equals_leverage_times_allocation_fraction""}",0,0,locked_oos_return_per_turnover_proxy_bps_9.428_not_above_10.000
3892,debrepair_debounced_efficiency_repair_1h_ethusdt_short_only_lb6_e0p02_x0p005_hold18_cool6_adx20_3p0x_0p1_01737c7e,debounced_momentum_hysteresis_efficiency_repair,ETHUSDT,1h,short_only,6,0.02,0.005,18,6,adx20,,20.0,0.0,3.0,0.1,0.30000000000000004,0.16151835749671517,0.0493601190841404,0.006159359712688994,0.1213105634452073,0.04944939797372694,0.01371111912185441,1.1314270062174867,1.4857005244847254,0.8055798506428044,314,78,28,2996,742,268,3.2722440807200495,0.11215823841257477,17.14632245188059,21.094067984675384,7.332571086534515,True,False,False,False,train_dominant_shadow_until_execution_efficiency,False,False,False,"{""live_notional_fraction"": 0.30000000000000004, ""parity"": true, ""recorded"": true, ""replay_notional_fraction"": 0.30000000000000004, ""sizing_mode"": ""notional_fraction_equals_leverage_times_allocation_fraction""}",0,0,locked_oos_return_per_turnover_proxy_bps_7.333_not_above_10.000
3893,debrepair_debounced_efficiency_repair_1h_ethusdt_short_only_lb6_e0p02_x0p005_hold18_cool6_adx20_2p0x_0p15_c638f8a4,debounced_momentum_hysteresis_efficiency_repair,ETHUSDT,1h,short_only,6,0.02,0.005,18,6,adx20,,20.0,0.0,2.0,0.15,0.3,0.1615183574967154,0.04936011908413995,0.006159359712688994,0.12131056344520708,0.049449397973726494,0.01371111912185441,1.1314270062174867,1.485700524484725,0.8055798506428048,314,78,28,2996,742,268,3.2722440807200837,0.11215823841257544,17.146322451880614,21.094067984675196,7.332571086534517,True,False,False,False,train_dominant_shadow_until_execution_efficiency,False,False,False,"{""live_notional_fraction"": 0.3, ""parity"": true, ""recorded"": true, ""replay_notional_fraction"": 0.3, ""sizing_mode"": ""notional_fraction_equals_leverage_times_allocation_fraction""}",0,0,locked_oos_return_per_turnover_proxy_bps_7.333_not_above_10.000
3968,debrepair_debounced_efficiency_repair_1h_ethusdt_long_short_lb6_e0p025_x0p0_hold12_cool0_none_4p0x_0p1_46e79128,debounced_momentum_hysteresis_efficiency_repair,ETHUSDT,1h,long_short,6,0.025,0.0,12,0,none,,0.0,0.0,4.0,0.1,0.4,0.22302000731411775,0.05687266266163005,0.0022498094403333724,0.17639007812789287,0.04378251936639044,0.026421883819361835,1.0591621560508753,1.2737566404721525,0.23134966764126375,468,111,34,3397,780,230,3.921392051590744,0.1661473446524877,11.913461929172957,12.809158257123883,1.65427164730395,True,False,False,False,train_dominant_shadow_until_execution_efficiency,False,False,False,"{""live_notional_fraction"": 0.4, ""parity"": true, ""recorded"": true, ""replay_notional_fraction"": 0.4, ""sizing_mode"": ""notional_fraction_equals_leverage_times_allocation_fraction""}",0,0,locked_oos_return_per_turnover_proxy_bps_1.654_not_above_10.000
4084,debrepair_debounced_efficiency_repair_1h_solusdt_short_only_lb12_e0p025_x0p0_hold12_cool6_none_3p0x_0p15_d6f9eea7,debounced_momentum_hysteresis_efficiency_repair,SOLUSDT,1h,short_only,12,0.025,0.0,12,6,none,,0.0,0.0,3.0,0.15,0.44999999999999996,0.28389196118062765,0.05481760383634193,0.009387313914032136,0.1412477692699161,0.0632915667304027,0.019712763933902644,1.193039296632965,1.1349778028093176,0.8738200006630361,328,78,28,2766,681,224,5.178846598771221,0.22907435734428572,19.23387270871461,15.617550950524771,7.450249138120744,True,False,False,False,train_dominant_shadow_until_execution_efficiency,False,False,False,"{""live_notional_fraction"": 0.44999999999999996, ""parity"": true, ""recorded"": true, ""replay_notional_fraction"": 0.44999999999999996, ""sizing_mode"": ""notional_fraction_equals_leverage_times_allocation_fraction""}",0,0,locked_oos_return_per_turnover_proxy_bps_7.450_not_above_10.000
4282,debrepair_debounced_efficiency_repair_1h_ethusdt_short_only_lb6_e0p02_x0p005_hold18_cool6_none_3p0x_0p1_46e4338b,debounced_momentum_hysteresis_efficiency_repair,ETHUSDT,1h,short_only,6,0.02,0.005,18,6,none,,0.0,0.0,3.0,0.1,0.30000000000000004,0.14028663300882194,0.0493601190841404,0.005427483846015324,0.12643360651803315,0.04944939797372694,0.01371111912185441,0.9989423339769519,1.4857005244847254,0.7142198622112655,314,78,28,3006,742,268,2.842104833047224,0.09092651392468154,14.892423886286828,21.094067984675384,6.461290292875384,True,False,False,False,train_dominant_shadow_until_execution_efficiency,False,False,False,"{""live_notional_fraction"": 0.30000000000000004, ""parity"": true, ""recorded"": true, ""replay_notional_fraction"": 0.30000000000000004, ""sizing_mode"": ""notional_fraction_equals_leverage_times_allocation_fraction""}",0,0,locked_oos_return_per_turnover_proxy_bps_6.461_not_above_10.000
4283,debrepair_debounced_efficiency_repair_1h_ethusdt_short_only_lb6_e0p02_x0p005_hold18_cool6_none_2p0x_0p15_e7b3e422,debounced_momentum_hysteresis_efficiency_repair,ETHUSDT,1h,short_only,6,0.02,0.005,18,6,none,,0.0,0.0,2.0,0.15,0.3,0.14028663300882216,0.04936011908413995,0.005427483846015324,0.12643360651803315,0.049449397973726494,0.01371111912185441,0.9989423339769525,1.485700524484725,0.714219862211266,314,78,28,3006,742,268,2.8421048330472543,0.0909265139246822,14.892423886286853,21.094067984675196,6.461290292875385,True,False,False,False,train_dominant_shadow_until_execution_efficiency,False,False,False,"{""live_notional_fraction"": 0.3, ""parity"": true, ""recorded"": true, ""replay_notional_fraction"": 0.3, ""sizing_mode"": ""notional_fraction_equals_leverage_times_allocation_fraction""}",0,0,locked_oos_return_per_turnover_proxy_bps_6.461_not_above_10.000
4373,debrepair_debounced_efficiency_repair_1h_solusdt_short_only_lb12_e0p02_x0p005_hold12_cool6_adx20_3p0x_0p15_51320cb4,debounced_momentum_hysteresis_efficiency_repair,SOLUSDT,1h,short_only,12,0.02,0.005,12,6,adx20,,20.0,0.0,3.0,0.15,0.44999999999999996,0.1303005425239303,0.0751895235408675,0.016998245467152895,0.17231917972545063,0.0850529541256222,0.034899775603262406,0.6176172807442918,1.4455398225389973,1.4241136012042823,378,99,34,2952,760,240,1.7329614072246184,0.05511101898306281,7.660231776833058,16.87755859503199,11.109964357616272,True,False,False,False,train_dominant_shadow_until_execution_efficiency,False,False,False,"{""live_notional_fraction"": 0.44999999999999996, ""parity"": true, ""recorded"": true, ""replay_notional_fraction"": 0.44999999999999996, ""sizing_mode"": ""notional_fraction_equals_leverage_times_allocation_fraction""}",0,0,train_return_per_turnover_proxy_bps_7.660_not_above_10.000
4380,debrepair_debounced_efficiency_repair_1h_solusdt_short_only_lb12_e0p025_x0p0_hold12_cool6_none_4p0x_0p1_423d4c47,debounced_momentum_hysteresis_efficiency_repair,SOLUSDT,1h,short_only,12,0.025,0.0,12,6,none,,0.0,0.0,4.0,0.1,0.4,0.2520431510312968,0.04914583364676406,0.008389361727460187,0.1262476084526265,0.05618882285212423,0.0175247636667637,1.1930392966329648,1.134977802809318,0.8738200006630361,328,78,28,2766,681,224,5.128474426598566,0.20289731738453276,19.21060602372689,15.751869758578223,7.490501542375166,True,False,False,False,train_dominant_shadow_until_execution_efficiency,False,False,False,"{""live_notional_fraction"": 0.4, ""parity"": true, ""recorded"": true, ""replay_notional_fraction"": 0.4, ""sizing_mode"": ""notional_fraction_equals_leverage_times_allocation_fraction""}",0,0,locked_oos_return_per_turnover_proxy_bps_7.491_not_above_10.000
4633,debrepair_debounced_efficiency_repair_1h_solusdt_short_only_lb12_e0p02_x0p005_hold36_cool12_adx20_2p0x_0p15_09dc9280,debounced_momentum_hysteresis_efficiency_repair,SOLUSDT,1h,short_only,12,0.02,0.005,36,12,adx20,,20.0,0.0,2.0,0.15,0.3,0.06409161422399845,0.0593667248275096,0.009643173033802244,0.14907554362541253,0.06219815783376337,0.03542660843353518,0.41149058372205854,1.480047414291936,0.9217541794113959,232,59,26,4633,1166,475,1.079588176882202,0.004724889396488852,9.208565262068744,33.540522501417854,12.363042351028517,True,False,False,False,train_dominant_shadow_until_execution_efficiency,False,False,False,"{""live_notional_fraction"": 0.3, ""parity"": true, ""recorded"": true, ""replay_notional_fraction"": 0.3, ""sizing_mode"": ""notional_fraction_equals_leverage_times_allocation_fraction""}",0,0,train_return_per_turnover_proxy_bps_9.209_not_above_10.000
4634,debrepair_debounced_efficiency_repair_1h_solusdt_short_only_lb12_e0p02_x0p005_hold36_cool12_adx20_3p0x_0p1_f3bfb482,debounced_momentum_hysteresis_efficiency_repair,SOLUSDT,1h,short_only,12,0.02,0.005,36,12,adx20,,20.0,0.0,3.0,0.1,0.30000000000000004,0.0640916142239969,0.059366724827509376,0.009643173033802688,0.14907554362541264,0.06219815783376337,0.03542660843353518,0.41149058372205854,1.4800474142919353,0.9217541794113956,232,59,26,4633,1166,475,1.07958817688218,0.004724889396487519,9.208565262068518,33.540522501417726,12.363042351029087,True,False,False,False,train_dominant_shadow_until_execution_efficiency,False,False,False,"{""live_notional_fraction"": 0.30000000000000004, ""parity"": true, ""recorded"": true, ""replay_notional_fraction"": 0.30000000000000004, ""sizing_mode"": ""notional_fraction_equals_leverage_times_allocation_fraction""}",0,0,train_return_per_turnover_proxy_bps_9.209_not_above_10.000
4711,debrepair_debounced_efficiency_repair_1h_solusdt_short_only_lb12_e0p02_x0p005_hold12_cool6_adx20_4p0x_0p1_3bdf9290,debounced_momentum_hysteresis_efficiency_repair,SOLUSDT,1h,short_only,12,0.02,0.005,12,6,adx20,,20.0,0.0,4.0,0.1,0.4,0.11842609127602133,0.06719282768906987,0.01515435864086312,0.1536145007916655,0.07577591902224656,0.031069063021313625,0.6176172807442919,1.4455398225389975,1.4241136012042817,378,99,34,2952,760,240,1.7624811359931125,0.05123326358695146,7.832413444181305,16.967885780068148,11.142910765340527,True,False,False,False,train_dominant_shadow_until_execution_efficiency,False,False,False,"{""live_notional_fraction"": 0.4, ""parity"": true, ""recorded"": true, ""replay_notional_fraction"": 0.4, ""sizing_mode"": ""notional_fraction_equals_leverage_times_allocation_fraction""}",0,0,train_return_per_turnover_proxy_bps_7.832_not_above_10.000
4740,debrepair_debounced_efficiency_repair_1h_solusdt_long_short_lb6_e0p025_x0p0_hold12_cool0_adx20_3p0x_0p15_ea8f50c1,debounced_momentum_hysteresis_efficiency_repair,SOLUSDT,1h,long_short,6,0.025,0.0,12,0,adx20,,20.0,0.0,3.0,0.15,0.44999999999999996,0.10190878116773572,0.07669419423985602,0.008940116834660783,0.2494058183875627,0.07937729997017151,0.038261380191015326,0.4716039890759898,1.368677146183906,0.6790539858927817,586,132,38,4281,932,271,1.328767870603383,0.0252145869278797,3.864572664684707,12.911480511760274,5.228138499801628,True,False,False,False,train_dominant_shadow_until_execution_efficiency,False,False,False,"{""live_notional_fraction"": 0.44999999999999996, ""parity"": true, ""recorded"": true, ""replay_notional_fraction"": 0.44999999999999996, ""sizing_mode"": ""notional_fraction_equals_leverage_times_allocation_fraction""}",0,0,train_return_per_turnover_proxy_bps_3.865_not_above_10.000;locked_oos_return_per_turnover_proxy_bps_5.228_not_above_10.000
4840,debrepair_debounced_efficiency_repair_1h_ethusdt_long_short_lb6_e0p025_x0p0_hold12_cool0_none_3p0x_0p1_e85db25d,debounced_momentum_hysteresis_efficiency_repair,ETHUSDT,1h,long_short,6,0.025,0.0,12,0,none,,0.0,0.0,3.0,0.1,0.30000000000000004,0.16782361141653235,0.04323402161401302,0.001797538967878154,0.13405255212979283,0.032943426267025844,0.019853482323963334,1.0591621560508753,1.2737566404721532,0.2313496676412642,468,111,34,3397,780,230,3.881748797621393,0.12458958980251933,11.95324867639119,12.983189673877781,1.7622931057628959,True,False,False,False,train_dominant_shadow_until_execution_efficiency,False,False,False,"{""live_notional_fraction"": 0.30000000000000004, ""parity"": true, ""recorded"": true, ""replay_notional_fraction"": 0.30000000000000004, ""sizing_mode"": ""notional_fraction_equals_leverage_times_allocation_fraction""}",0,0,locked_oos_return_per_turnover_proxy_bps_1.762_not_above_10.000
4841,debrepair_debounced_efficiency_repair_1h_ethusdt_long_short_lb6_e0p025_x0p0_hold12_cool0_none_2p0x_0p15_a0b02bcf,debounced_momentum_hysteresis_efficiency_repair,ETHUSDT,1h,long_short,6,0.025,0.0,12,0,none,,0.0,0.0,2.0,0.15,0.3,0.16782361141653168,0.04323402161401302,0.001797538967878154,0.13405255212979328,0.032943426267025844,0.019853482323963334,1.059162156050875,1.2737566404721528,0.23134966764126394,468,111,34,3397,780,230,3.8817487976213774,0.12458958980251866,11.953248676391144,12.983189673877783,1.762293105762896,True,False,False,False,train_dominant_shadow_until_execution_efficiency,False,False,False,"{""live_notional_fraction"": 0.3, ""parity"": true, ""recorded"": true, ""replay_notional_fraction"": 0.3, ""sizing_mode"": ""notional_fraction_equals_leverage_times_allocation_fraction""}",0,0,locked_oos_return_per_turnover_proxy_bps_1.762_not_above_10.000
4861,debrepair_debounced_efficiency_repair_1h_solusdt_long_short_lb6_e0p025_x0p0_hold12_cool0_none_3p0x_0p15_b4725e77,debounced_momentum_hysteresis_efficiency_repair,SOLUSDT,1h,long_short,6,0.025,0.0,12,0,none,,0.0,0.0,3.0,0.15,0.44999999999999996,0.08231709200046189,0.07669419423985602,0.008940116834660783,0.2526944650178964,0.07937729997017151,0.038261380191015326,0.41199144095019374,1.368677146183906,0.6790539858927817,586,132,38,4307,932,271,1.073315820269532,0.005622897760605872,3.1216189609579783,12.911480511760274,5.228138499801628,True,False,False,False,train_dominant_shadow_until_execution_efficiency,False,False,False,"{""live_notional_fraction"": 0.44999999999999996, ""parity"": true, ""recorded"": true, ""replay_notional_fraction"": 0.44999999999999996, ""sizing_mode"": ""notional_fraction_equals_leverage_times_allocation_fraction""}",0,0,train_return_per_turnover_proxy_bps_3.122_not_above_10.000;locked_oos_return_per_turnover_proxy_bps_5.228_not_above_10.000
4882,debrepair_debounced_efficiency_repair_1h_solusdt_short_only_lb12_e0p025_x0p0_hold12_cool6_none_2p0x_0p15_9246b569,debounced_momentum_hysteresis_efficiency_repair,SOLUSDT,1h,short_only,12,0.025,0.0,12,6,none,,0.0,0.0,2.0,0.15,0.3,0.1883378247125962,0.03747483863727852,0.0063594652104232985,0.09572596083300877,0.04202950301598107,0.013146931206907686,1.1930392966329644,1.1349778028093176,0.873820000663036,328,78,28,2766,681,224,5.025714094076045,0.15086298607531767,19.140022836645958,16.014888306529283,7.5707919171705935,True,False,False,False,train_dominant_shadow_until_execution_efficiency,False,False,False,"{""live_notional_fraction"": 0.3, ""parity"": true, ""recorded"": true, ""replay_notional_fraction"": 0.3, ""sizing_mode"": ""notional_fraction_equals_leverage_times_allocation_fraction""}",0,0,locked_oos_return_per_turnover_proxy_bps_7.571_not_above_10.000
4883,debrepair_debounced_efficiency_repair_1h_solusdt_short_only_lb12_e0p025_x0p0_hold12_cool6_none_3p0x_0p1_7f391fef,debounced_momentum_hysteresis_efficiency_repair,SOLUSDT,1h,short_only,12,0.025,0.0,12,6,none,,0.0,0.0,3.0,0.1,0.30000000000000004,0.1883378247125962,0.03747483863727852,0.0063594652104235205,0.09572596083300866,0.04202950301598107,0.013146931206907686,1.1930392966329653,1.134977802809318,0.8738200006630364,328,78,28,2766,681,224,5.025714094076045,0.15086298607531767,19.14002283664595,16.01488830652928,7.570791917170856,True,False,False,False,train_dominant_shadow_until_execution_efficiency,False,False,False,"{""live_notional_fraction"": 0.30000000000000004, ""parity"": true, ""recorded"": true, ""replay_notional_fraction"": 0.30000000000000004, ""sizing_mode"": ""notional_fraction_equals_leverage_times_allocation_fraction""}",0,0,locked_oos_return_per_turnover_proxy_bps_7.571_not_above_10.000
5041,debrepair_debounced_efficiency_repair_1h_solusdt_short_only_lb12_e0p025_x0p0_hold12_cool6_low_vol_q65_3p0x_0p15_c009eeea,debounced_momentum_hysteresis_efficiency_repair,SOLUSDT,1h,short_only,12,0.025,0.0,12,6,low_vol_q65,0.65,0.0,0.0,3.0,0.15,0.44999999999999996,0.06643658687661502,0.05563303065235736,0.016629829794958306,0.11023714271706364,0.04362688902979239,0.01899658144274552,0.45923405577178683,1.5840406290739364,1.642296068318926,294,66,24,2011,443,177,1.1941931995718065,0.01080355622425766,5.021661895435755,18.73166015230888,15.397990550887322,True,False,False,False,train_dominant_shadow_until_execution_efficiency,False,False,False,"{""live_notional_fraction"": 0.44999999999999996, ""parity"": true, ""recorded"": true, ""replay_notional_fraction"": 0.44999999999999996, ""sizing_mode"": ""notional_fraction_equals_leverage_times_allocation_fraction""}",0,0,train_return_per_turnover_proxy_bps_5.022_not_above_10.000
5091,debrepair_debounced_efficiency_repair_1h_solusdt_long_short_lb6_e0p025_x0p0_hold24_cool12_none_4p0x_0p1_eae8f3c4,debounced_momentum_hysteresis_efficiency_repair,SOLUSDT,1h,long_short,6,0.025,0.0,24,12,none,,0.0,0.0,4.0,0.1,0.4,0.08836329131231802,0.07784078066890454,0.0042984434374389036,0.17341258913834146,0.11262780833759378,0.035240312900163495,0.4506203669558796,1.5214496984174943,0.34530320093349937,334,79,26,4562,1037,337,1.1351799217966598,0.010522510643413474,6.614018810802247,24.633158439526753,4.1331186898451,True,False,False,False,train_dominant_shadow_until_execution_efficiency,False,False,False,"{""live_notional_fraction"": 0.4, ""parity"": true, ""recorded"": true, ""replay_notional_fraction"": 0.4, ""sizing_mode"": ""notional_fraction_equals_leverage_times_allocation_fraction""}",0,0,train_return_per_turnover_proxy_bps_6.614_not_above_10.000;locked_oos_return_per_turnover_proxy_bps_4.133_not_above_10.000
5105,debrepair_debounced_efficiency_repair_1h_solusdt_long_short_lb6_e0p025_x0p0_hold24_cool12_adx20_4p0x_0p1_714927be,debounced_momentum_hysteresis_efficiency_repair,SOLUSDT,1h,long_short,6,0.025,0.0,24,12,adx20,,20.0,0.0,4.0,0.1,0.4,0.08835271009144008,0.07784078066890454,0.0042984434374389036,0.1746776999394728,0.11262780833759378,0.035240312900163495,0.4506310047372987,1.5214496984174943,0.34530320093349937,336,79,26,4526,1037,337,1.1350439876399492,0.010511929422535538,6.573862357994053,24.633158439526753,4.1331186898451,True,False,False,False,train_dominant_shadow_until_execution_efficiency,False,False,False,"{""live_notional_fraction"": 0.4, ""parity"": true, ""recorded"": true, ""replay_notional_fraction"": 0.4, ""sizing_mode"": ""notional_fraction_equals_leverage_times_allocation_fraction""}",0,0,train_return_per_turnover_proxy_bps_6.574_not_above_10.000;locked_oos_return_per_turnover_proxy_bps_4.133_not_above_10.000
5108,debrepair_debounced_efficiency_repair_1h_ethusdt_long_short_lb6_e0p025_x0p0_hold12_cool12_none_3p0x_0p15_381f6b37,debounced_momentum_hysteresis_efficiency_repair,ETHUSDT,1h,long_short,6,0.025,0.0,12,12,none,,0.0,0.0,3.0,0.15,0.44999999999999996,0.14858926990643972,0.05723248885478682,0.00226451327332855,0.14405409912242995,0.06616620484228364,0.028296115912641695,0.7827381783469682,1.2902244189469554,0.22536718808254888,376,89,28,2709,623,187,2.5962398784272334,0.0913567810516529,8.781871743879417,14.290259389459882,1.7972327566099606,True,False,False,False,train_dominant_shadow_until_execution_efficiency,False,False,False,"{""live_notional_fraction"": 0.44999999999999996, ""parity"": true, ""recorded"": true, ""replay_notional_fraction"": 0.44999999999999996, ""sizing_mode"": ""notional_fraction_equals_leverage_times_allocation_fraction""}",0,0,train_return_per_turnover_proxy_bps_8.782_not_above_10.000;locked_oos_return_per_turnover_proxy_bps_1.797_not_above_10.000
5139,debrepair_debounced_efficiency_repair_1h_solusdt_long_short_lb6_e0p025_x0p0_hold12_cool0_adx20_4p0x_0p1_161f5f70,debounced_momentum_hysteresis_efficiency_repair,SOLUSDT,1h,long_short,6,0.025,0.0,12,0,adx20,,20.0,0.0,4.0,0.1,0.4,0.09501495956326633,0.06863823723444273,0.008022330711560555,0.22447765559797572,0.07079264473112068,0.03403767343474695,0.4716039890759898,1.3686771461839062,0.6790539858927811,586,132,38,4281,932,271,1.3842861266779114,0.0263767223288236,4.053539230514775,12.99966614288688,5.27784915234247,True,False,False,False,train_dominant_shadow_until_execution_efficiency,False,False,False,"{""live_notional_fraction"": 0.4, ""parity"": true, ""recorded"": true, ""replay_notional_fraction"": 0.4, ""sizing_mode"": ""notional_fraction_equals_leverage_times_allocation_fraction""}",0,0,train_return_per_turnover_proxy_bps_4.054_not_above_10.000;locked_oos_return_per_turnover_proxy_bps_5.278_not_above_10.000
5222,debrepair_debounced_efficiency_repair_1h_ethusdt_short_only_lb12_e0p025_x0p0_hold12_cool0_adx20_3p0x_0p15_cb6cd1a9,debounced_momentum_hysteresis_efficiency_repair,ETHUSDT,1h,short_only,12,0.025,0.0,12,0,adx20,,20.0,0.0,3.0,0.15,0.44999999999999996,0.12356776097491395,0.06438580085447176,0.02790462939166094,0.16355317747068554,0.09542238766778088,0.011912396817922999,0.6861304280455083,1.3735497805175678,2.63066854901921,286,68,24,2254,603,211,1.9191771995538027,0.05918196012044219,9.601224628975444,21.041111390350252,25.837619807093464,True,False,False,False,train_dominant_shadow_until_execution_efficiency,False,False,False,"{""live_notional_fraction"": 0.44999999999999996, ""parity"": true, ""recorded"": true, ""replay_notional_fraction"": 0.44999999999999996, ""sizing_mode"": ""notional_fraction_equals_leverage_times_allocation_fraction""}",0,0,train_return_per_turnover_proxy_bps_9.601_not_above_10.000
5264,debrepair_debounced_efficiency_repair_1h_solusdt_long_short_lb6_e0p025_x0p0_hold12_cool0_none_4p0x_0p1_099aa11f,debounced_momentum_hysteresis_efficiency_repair,SOLUSDT,1h,long_short,6,0.025,0.0,12,0,none,,0.0,0.0,4.0,0.1,0.4,0.07772340736888728,0.06863823723444273,0.008022330711560555,0.2274966330171957,0.07079264473112068,0.03403767343474695,0.4119914409501939,1.3686771461839062,0.6790539858927811,586,132,38,4307,932,271,1.1323631040146467,0.009085170134444542,3.315845024269935,12.99966614288688,5.27784915234247,True,False,False,False,train_dominant_shadow_until_execution_efficiency,False,False,False,"{""live_notional_fraction"": 0.4, ""parity"": true, ""recorded"": true, ""replay_notional_fraction"": 0.4, ""sizing_mode"": ""notional_fraction_equals_leverage_times_allocation_fraction""}",0,0,train_return_per_turnover_proxy_bps_3.316_not_above_10.000;locked_oos_return_per_turnover_proxy_bps_5.278_not_above_10.000
5393,debrepair_debounced_efficiency_repair_1h_ethusdt_long_short_lb6_e0p025_x0p0_hold12_cool12_none_4p0x_0p1_b51e5bb0,debounced_momentum_hysteresis_efficiency_repair,ETHUSDT,1h,long_short,6,0.025,0.0,12,12,none,,0.0,0.0,4.0,0.1,0.4,0.13333984451032,0.05117247116909018,0.0020777346062281765,0.12898759569060136,0.05889289433503453,0.025152517955089437,0.7827381783469685,1.2902244189469565,0.22536718808254824,376,89,28,2709,623,187,2.605694848500135,0.08216737334122981,8.865681150952128,14.374289654238815,1.8551201841323002,True,False,False,False,train_dominant_shadow_until_execution_efficiency,False,False,False,"{""live_notional_fraction"": 0.4, ""parity"": true, ""recorded"": true, ""replay_notional_fraction"": 0.4, ""sizing_mode"": ""notional_fraction_equals_leverage_times_allocation_fraction""}",0,0,train_return_per_turnover_proxy_bps_8.866_not_above_10.000;locked_oos_return_per_turnover_proxy_bps_1.855_not_above_10.000
5421,debrepair_debounced_efficiency_repair_1h_solusdt_short_only_lb12_e0p025_x0p0_hold12_cool6_low_vol_q65_4p0x_0p1_b2b8db4d,debounced_momentum_hysteresis_efficiency_repair,SOLUSDT,1h,short_only,12,0.025,0.0,12,6,low_vol_q65,0.65,0.0,0.0,4.0,0.1,0.4,0.060391648249627394,0.04957115232968645,0.014810050019896437,0.09837208724386193,0.03885996703486916,0.016892336859177903,0.45923405577178694,1.5840406290739368,1.6422960683189258,294,66,24,2011,443,177,1.2182821139193272,0.010820495919940942,5.135344238913894,18.776951640032745,15.427135437392119,True,False,False,False,train_dominant_shadow_until_execution_efficiency,False,False,False,"{""live_notional_fraction"": 0.4, ""parity"": true, ""recorded"": true, ""replay_notional_fraction"": 0.4, ""sizing_mode"": ""notional_fraction_equals_leverage_times_allocation_fraction""}",0,0,train_return_per_turnover_proxy_bps_5.135_not_above_10.000
5487,debrepair_debounced_efficiency_repair_1h_ethusdt_short_only_lb12_e0p025_x0p0_hold12_cool0_adx20_4p0x_0p1_3f30df5f,debounced_momentum_hysteresis_efficiency_repair,ETHUSDT,1h,short_only,12,0.025,0.0,12,0,adx20,,20.0,0.0,4.0,0.1,0.4,0.11125316515359818,0.05754150797198032,0.024810850579928267,0.1461085271616812,0.08515511447918922,0.010593028825825468,0.6861304280455085,1.373549780517568,2.6306685490192105,286,68,24,2254,603,211,1.9334419460778227,0.053711657181617856,9.724927023915924,21.154966166169235,25.84463602075861,True,False,False,False,train_dominant_shadow_until_execution_efficiency,False,False,False,"{""live_notional_fraction"": 0.4, ""parity"": true, ""recorded"": true, ""replay_notional_fraction"": 0.4, ""sizing_mode"": ""notional_fraction_equals_leverage_times_allocation_fraction""}",0,0,train_return_per_turnover_proxy_bps_9.725_not_above_10.000
5529,debrepair_debounced_efficiency_repair_1h_solusdt_short_only_lb12_e0p02_x0p005_hold12_cool6_adx20_2p0x_0p15_c6eff0ea,debounced_momentum_hysteresis_efficiency_repair,SOLUSDT,1h,short_only,12,0.02,0.005,12,6,adx20,,20.0,0.0,2.0,0.15,0.3,0.09254774226841422,0.05091265976934145,0.011432545034378183,0.1158114309515994,0.057088753753654076,0.02337248930393021,0.6176172807442919,1.4455398225389966,1.424113601204282,378,99,34,2952,760,240,1.8177746495213467,0.04163508249907277,8.161176566879561,17.142309686646954,11.208377484684494,True,False,False,False,train_dominant_shadow_until_execution_efficiency,False,False,False,"{""live_notional_fraction"": 0.3, ""parity"": true, ""recorded"": true, ""replay_notional_fraction"": 0.3, ""sizing_mode"": ""notional_fraction_equals_leverage_times_allocation_fraction""}",0,0,train_return_per_turnover_proxy_bps_8.161_not_above_10.000
5530,debrepair_debounced_efficiency_repair_1h_solusdt_short_only_lb12_e0p02_x0p005_hold12_cool6_adx20_3p0x_0p1_d82b3a14,debounced_momentum_hysteresis_efficiency_repair,SOLUSDT,1h,short_only,12,0.02,0.005,12,6,adx20,,20.0,0.0,3.0,0.1,0.30000000000000004,0.09254774226841489,0.05091265976934123,0.011432545034378627,0.11581143095159918,0.05708875375365419,0.02337248930393021,0.6176172807442918,1.4455398225389966,1.4241136012042825,378,99,34,2952,760,240,1.8177746495213678,0.04163508249907366,8.161176566879618,17.142309686646875,11.208377484684927,True,False,False,False,train_dominant_shadow_until_execution_efficiency,False,False,False,"{""live_notional_fraction"": 0.30000000000000004, ""parity"": true, ""recorded"": true, ""replay_notional_fraction"": 0.30000000000000004, ""sizing_mode"": ""notional_fraction_equals_leverage_times_allocation_fraction""}",0,0,train_return_per_turnover_proxy_bps_8.161_not_above_10.000
5920,debrepair_debounced_efficiency_repair_1h_solusdt_long_short_lb6_e0p025_x0p0_hold24_cool12_none_3p0x_0p1_3050424c,debounced_momentum_hysteresis_efficiency_repair,SOLUSDT,1h,long_short,6,0.025,0.0,24,12,none,,0.0,0.0,3.0,0.1,0.30000000000000004,0.07266956368391808,0.058961627911262804,0.0033873614207036162,0.13205351723056036,0.08550205080242235,0.02647512497242177,0.4506203669558799,1.5214496984174946,0.3453032009334995,334,79,26,4562,1037,337,1.2324890994069178,0.013707935772655278,7.252451465460885,24.878324013191055,4.342771052184123,True,False,False,False,train_dominant_shadow_until_execution_efficiency,False,False,False,"{""live_notional_fraction"": 0.30000000000000004, ""parity"": true, ""recorded"": true, ""replay_notional_fraction"": 0.30000000000000004, ""sizing_mode"": ""notional_fraction_equals_leverage_times_allocation_fraction""}",0,0,train_return_per_turnover_proxy_bps_7.252_not_above_10.000;locked_oos_return_per_turnover_proxy_bps_4.343_not_above_10.000
5921,debrepair_debounced_efficiency_repair_1h_solusdt_long_short_lb6_e0p025_x0p0_hold24_cool12_none_2p0x_0p15_a51d3d59,debounced_momentum_hysteresis_efficiency_repair,SOLUSDT,1h,long_short,6,0.025,0.0,24,12,none,,0.0,0.0,2.0,0.15,0.3,0.07266956368391742,0.058961627911262804,0.003387361420703394,0.13205351723056036,0.08550205080242235,0.02647512497242177,0.45062036695587976,1.5214496984174946,0.34530320093350025,334,79,26,4562,1037,337,1.2324890994069064,0.013707935772654611,7.25245146546082,24.878324013191058,4.3427710521838385,True,False,False,False,train_dominant_shadow_until_execution_efficiency,False,False,False,"{""live_notional_fraction"": 0.3, ""parity"": true, ""recorded"": true, ""replay_notional_fraction"": 0.3, ""sizing_mode"": ""notional_fraction_equals_leverage_times_allocation_fraction""}",0,0,train_return_per_turnover_proxy_bps_7.252_not_above_10.000;locked_oos_return_per_turnover_proxy_bps_4.343_not_above_10.000
5935,debrepair_debounced_efficiency_repair_1h_solusdt_long_short_lb6_e0p025_x0p0_hold24_cool12_adx20_3p0x_0p1_bbbc34ad,debounced_momentum_hysteresis_efficiency_repair,SOLUSDT,1h,long_short,6,0.025,0.0,24,12,adx20,,20.0,0.0,3.0,0.1,0.30000000000000004,0.07265781182986464,0.058961627911262804,0.0033873614207036162,0.1330536977439284,0.08550205080242235,0.02647512497242177,0.45063100473729917,1.5214496984174946,0.3453032009334995,336,79,26,4526,1037,337,1.2322897858114532,0.013696183918601834,7.2081162529627605,24.878324013191055,4.342771052184123,True,False,False,False,train_dominant_shadow_until_execution_efficiency,False,False,False,"{""live_notional_fraction"": 0.30000000000000004, ""parity"": true, ""recorded"": true, ""replay_notional_fraction"": 0.30000000000000004, ""sizing_mode"": ""notional_fraction_equals_leverage_times_allocation_fraction""}",0,0,train_return_per_turnover_proxy_bps_7.208_not_above_10.000;locked_oos_return_per_turnover_proxy_bps_4.343_not_above_10.000
5936,debrepair_debounced_efficiency_repair_1h_solusdt_long_short_lb6_e0p025_x0p0_hold24_cool12_adx20_2p0x_0p15_cc674cc5,debounced_momentum_hysteresis_efficiency_repair,SOLUSDT,1h,long_short,6,0.025,0.0,24,12,adx20,,20.0,0.0,2.0,0.15,0.3,0.07265781182986175,0.058961627911262804,0.003387361420703394,0.13305369774392872,0.08550205080242235,0.02647512497242177,0.4506310047372987,1.5214496984174946,0.34530320093350025,336,79,26,4526,1037,337,1.2322897858114041,0.013696183918598948,7.208116252962475,24.878324013191058,4.3427710521838385,True,False,False,False,train_dominant_shadow_until_execution_efficiency,False,False,False,"{""live_notional_fraction"": 0.3, ""parity"": true, ""recorded"": true, ""replay_notional_fraction"": 0.3, ""sizing_mode"": ""notional_fraction_equals_leverage_times_allocation_fraction""}",0,0,train_return_per_turnover_proxy_bps_7.208_not_above_10.000;locked_oos_return_per_turnover_proxy_bps_4.343_not_above_10.000
6124,debrepair_debounced_efficiency_repair_1h_solusdt_long_short_lb6_e0p025_x0p0_hold12_cool0_adx20_2p0x_0p15_8990ae6a,debounced_momentum_hysteresis_efficiency_repair,SOLUSDT,1h,long_short,6,0.025,0.0,12,0,adx20,,20.0,0.0,2.0,0.15,0.3,0.07771234903230928,0.052154472437209165,0.006129810872737895,0.17260375239604508,0.05344790420036016,0.025569181186040346,0.47160398907598916,1.3686771461839053,0.6790539858927815,586,132,38,4281,932,271,1.4900418967111642,0.025557876595100115,4.420497669642167,13.170321322527567,5.377027081349031,True,False,False,False,train_dominant_shadow_until_execution_efficiency,False,False,False,"{""live_notional_fraction"": 0.3, ""parity"": true, ""recorded"": true, ""replay_notional_fraction"": 0.3, ""sizing_mode"": ""notional_fraction_equals_leverage_times_allocation_fraction""}",0,0,train_return_per_turnover_proxy_bps_4.420_not_above_10.000;locked_oos_return_per_turnover_proxy_bps_5.377_not_above_10.000
6125,debrepair_debounced_efficiency_repair_1h_solusdt_long_short_lb6_e0p025_x0p0_hold12_cool0_adx20_3p0x_0p1_2732ea0e,debounced_momentum_hysteresis_efficiency_repair,SOLUSDT,1h,long_short,6,0.025,0.0,12,0,adx20,,20.0,0.0,3.0,0.1,0.30000000000000004,0.07771234903231083,0.05215447243720894,0.006129810872738117,0.1726037523960452,0.053447904200360385,0.025569181186040124,0.47160398907599,1.3686771461839058,0.6790539858927807,586,132,38,4281,932,271,1.4900418967112004,0.02555787659510189,4.420497669642254,13.170321322527506,5.377027081349225,True,False,False,False,train_dominant_shadow_until_execution_efficiency,False,False,False,"{""live_notional_fraction"": 0.30000000000000004, ""parity"": true, ""recorded"": true, ""replay_notional_fraction"": 0.30000000000000004, ""sizing_mode"": ""notional_fraction_equals_leverage_times_allocation_fraction""}",0,0,train_return_per_turnover_proxy_bps_4.420_not_above_10.000;locked_oos_return_per_turnover_proxy_bps_5.377_not_above_10.000
6134,debrepair_debounced_efficiency_repair_1h_ethusdt_long_short_lb6_e0p025_x0p0_hold12_cool12_none_2p0x_0p15_9eec5d46,debounced_momentum_hysteresis_efficiency_repair,ETHUSDT,1h,long_short,6,0.025,0.0,12,12,none,,0.0,0.0,2.0,0.15,0.3,0.10177313561540569,0.038817189290883736,0.0016555168072041049,0.09816680135898592,0.04428523959483577,0.018864657110533756,0.7827381783469681,1.2902244189469558,0.2253671880825486,376,89,28,2709,623,187,2.621857416124336,0.06295594632452195,9.022441100656533,14.538273142653086,1.9708533419096486,True,False,False,False,train_dominant_shadow_until_execution_efficiency,False,False,False,"{""live_notional_fraction"": 0.3, ""parity"": true, ""recorded"": true, ""replay_notional_fraction"": 0.3, ""sizing_mode"": ""notional_fraction_equals_leverage_times_allocation_fraction""}",0,0,train_return_per_turnover_proxy_bps_9.022_not_above_10.000;locked_oos_return_per_turnover_proxy_bps_1.971_not_above_10.000
6135,debrepair_debounced_efficiency_repair_1h_ethusdt_long_short_lb6_e0p025_x0p0_hold12_cool12_none_3p0x_0p1_356b2467,debounced_momentum_hysteresis_efficiency_repair,ETHUSDT,1h,long_short,6,0.025,0.0,12,12,none,,0.0,0.0,3.0,0.1,0.30000000000000004,0.10177313561540569,0.038817189290883736,0.0016555168072041049,0.09816680135898592,0.04428523959483577,0.018864657110533756,0.7827381783469681,1.2902244189469558,0.22536718808254885,376,89,28,2709,623,187,2.621857416124336,0.06295594632452195,9.02244110065653,14.538273142653084,1.9708533419096481,True,False,False,False,train_dominant_shadow_until_execution_efficiency,False,False,False,"{""live_notional_fraction"": 0.30000000000000004, ""parity"": true, ""recorded"": true, ""replay_notional_fraction"": 0.30000000000000004, ""sizing_mode"": ""notional_fraction_equals_leverage_times_allocation_fraction""}",0,0,train_return_per_turnover_proxy_bps_9.022_not_above_10.000;locked_oos_return_per_turnover_proxy_bps_1.971_not_above_10.000
6136,debrepair_debounced_efficiency_repair_1h_ethusdt_short_only_lb12_e0p025_x0p0_hold12_cool0_adx20_2p0x_0p15_e843a4cb,debounced_momentum_hysteresis_efficiency_repair,ETHUSDT,1h,short_only,12,0.025,0.0,12,0,adx20,,20.0,0.0,2.0,0.15,0.3,0.08546427549772262,0.043607298269395134,0.01861783802390793,0.1106519892952601,0.06437029544187689,0.007951119870577394,0.6861304280455085,1.3735497805175683,2.6306685490192105,286,68,24,2254,603,211,1.959861740797272,0.041856977228327485,9.960871270130841,21.376126602644675,25.85810836653879,True,False,False,False,train_dominant_shadow_until_execution_efficiency,False,False,False,"{""live_notional_fraction"": 0.3, ""parity"": true, ""recorded"": true, ""replay_notional_fraction"": 0.3, ""sizing_mode"": ""notional_fraction_equals_leverage_times_allocation_fraction""}",0,0,train_return_per_turnover_proxy_bps_9.961_not_above_10.000
6137,debrepair_debounced_efficiency_repair_1h_ethusdt_short_only_lb12_e0p025_x0p0_hold12_cool0_adx20_3p0x_0p1_bc6fc5cf,debounced_momentum_hysteresis_efficiency_repair,ETHUSDT,1h,short_only,12,0.025,0.0,12,0,adx20,,20.0,0.0,3.0,0.1,0.30000000000000004,0.08546427549772195,0.043607298269395134,0.01861783802390793,0.11065198929526043,0.06437029544187689,0.007951119870577394,0.6861304280455081,1.3735497805175678,2.6306685490192105,286,68,24,2254,603,211,1.959861740797257,0.04185697722832682,9.960871270130761,21.37612660264467,25.858108366538783,True,False,False,False,train_dominant_shadow_until_execution_efficiency,False,False,False,"{""live_notional_fraction"": 0.30000000000000004, ""parity"": true, ""recorded"": true, ""replay_notional_fraction"": 0.30000000000000004, ""sizing_mode"": ""notional_fraction_equals_leverage_times_allocation_fraction""}",0,0,train_return_per_turnover_proxy_bps_9.961_not_above_10.000
6270,debrepair_debounced_efficiency_repair_1h_solusdt_long_short_lb6_e0p025_x0p0_hold12_cool0_none_2p0x_0p15_924d0c1f,debounced_momentum_hysteresis_efficiency_repair,SOLUSDT,1h,long_short,6,0.025,0.0,12,0,none,,0.0,0.0,2.0,0.15,0.3,0.06496994922340193,0.052154472437209165,0.006129810872737895,0.1750172779565884,0.05344790420036016,0.025569181186040346,0.411991440950194,1.3686771461839053,0.6790539858927815,586,132,38,4307,932,271,1.2457215304329237,0.01281547678619277,3.695674017258358,13.170321322527567,5.377027081349031,True,False,False,False,train_dominant_shadow_until_execution_efficiency,False,False,False,"{""live_notional_fraction"": 0.3, ""parity"": true, ""recorded"": true, ""replay_notional_fraction"": 0.3, ""sizing_mode"": ""notional_fraction_equals_leverage_times_allocation_fraction""}",0,0,train_return_per_turnover_proxy_bps_3.696_not_above_10.000;locked_oos_return_per_turnover_proxy_bps_5.377_not_above_10.000
6271,debrepair_debounced_efficiency_repair_1h_solusdt_long_short_lb6_e0p025_x0p0_hold12_cool0_none_3p0x_0p1_9412bdcf,debounced_momentum_hysteresis_efficiency_repair,SOLUSDT,1h,long_short,6,0.025,0.0,12,0,none,,0.0,0.0,3.0,0.1,0.30000000000000004,0.0649699492234046,0.05215447243720894,0.006129810872738117,0.17501727795658795,0.053447904200360385,0.025569181186040124,0.4119914409501942,1.3686771461839058,0.6790539858927807,586,132,38,4307,932,271,1.24572153043298,0.012815476786195656,3.695674017258509,13.170321322527506,5.377027081349225,True,False,False,False,train_dominant_shadow_until_execution_efficiency,False,False,False,"{""live_notional_fraction"": 0.30000000000000004, ""parity"": true, ""recorded"": true, ""replay_notional_fraction"": 0.30000000000000004, ""sizing_mode"": ""notional_fraction_equals_leverage_times_allocation_fraction""}",0,0,train_return_per_turnover_proxy_bps_3.696_not_above_10.000;locked_oos_return_per_turnover_proxy_bps_5.377_not_above_10.000
6340,debrepair_debounced_efficiency_repair_1h_solusdt_short_only_lb12_e0p025_x0p0_hold12_cool6_low_vol_q65_2p0x_0p15_ed9bf28d,debounced_momentum_hysteresis_efficiency_repair,SOLUSDT,1h,short_only,12,0.025,0.0,12,6,low_vol_q65,0.65,0.0,0.0,2.0,0.15,0.3,0.047256191494412514,0.037352121853300835,0.01114924436199316,0.07435199272354742,0.029266134226936358,0.012678940869933819,0.4592340557717871,1.584040629073937,1.6422960683189254,294,66,24,2011,443,177,1.265154137160121,0.009904069641111679,5.357844840636339,18.864708006717592,15.485061613879392,True,False,False,False,train_dominant_shadow_until_execution_efficiency,False,False,False,"{""live_notional_fraction"": 0.3, ""parity"": true, ""recorded"": true, ""replay_notional_fraction"": 0.3, ""sizing_mode"": ""notional_fraction_equals_leverage_times_allocation_fraction""}",0,0,train_return_per_turnover_proxy_bps_5.358_not_above_10.000
6341,debrepair_debounced_efficiency_repair_1h_solusdt_short_only_lb12_e0p025_x0p0_hold12_cool6_low_vol_q65_3p0x_0p1_17b57546,debounced_momentum_hysteresis_efficiency_repair,SOLUSDT,1h,short_only,12,0.025,0.0,12,6,low_vol_q65,0.65,0.0,0.0,3.0,0.1,0.30000000000000004,0.04725619149441229,0.037352121853300835,0.01114924436199316,0.0743519927235472,0.029266134226936358,0.012678940869933819,0.4592340557717867,1.5840406290739368,1.642296068318926,294,66,24,2011,443,177,1.265154137160115,0.009904069641111457,5.3578448406363135,18.86470800671759,15.485061613879388,True,False,False,False,train_dominant_shadow_until_execution_efficiency,False,False,False,"{""live_notional_fraction"": 0.30000000000000004, ""parity"": true, ""recorded"": true, ""replay_notional_fraction"": 0.30000000000000004, ""sizing_mode"": ""notional_fraction_equals_leverage_times_allocation_fraction""}",0,0,train_return_per_turnover_proxy_bps_5.358_not_above_10.000
6486,debrepair_debounced_efficiency_repair_1h_solusdt_short_only_lb12_e0p02_x0p005_hold12_cool12_adx20_3p0x_0p15_eb8634d5,debounced_momentum_hysteresis_efficiency_repair,SOLUSDT,1h,short_only,12,0.02,0.005,12,12,adx20,,20.0,0.0,3.0,0.15,0.44999999999999996,0.10052583666730186,0.05236584227964913,0.002832188248987677,0.14413712379047794,0.07701781317220824,0.03489977560326252,0.5197634902196737,1.1379314949085688,0.28675866443326764,350,88,32,2733,643,231,1.919683371661704,0.04815999438765273,6.382592804273135,13.223697545365944,1.9667973951303315,True,False,False,False,train_dominant_shadow_until_execution_efficiency,False,False,False,"{""live_notional_fraction"": 0.44999999999999996, ""parity"": true, ""recorded"": true, ""replay_notional_fraction"": 0.44999999999999996, ""sizing_mode"": ""notional_fraction_equals_leverage_times_allocation_fraction""}",0,0,train_return_per_turnover_proxy_bps_6.383_not_above_10.000;locked_oos_return_per_turnover_proxy_bps_1.967_not_above_10.000
6641,debrepair_debounced_efficiency_repair_1h_solusdt_short_only_lb12_e0p02_x0p005_hold12_cool12_adx20_4p0x_0p1_4c5062d2,debounced_momentum_hysteresis_efficiency_repair,SOLUSDT,1h,short_only,12,0.02,0.005,12,12,adx20,,20.0,0.0,4.0,0.1,0.4,0.09197315319915744,0.046921554778448504,0.002570752299290602,0.12864471462136384,0.06866163067728603,0.031069063021313625,0.5197634902196736,1.137931494908569,0.286758664433267,350,88,32,2733,643,231,1.9601471782729916,0.04505159842070894,6.569510942796961,13.329987152968325,2.0084002338207827,True,False,False,False,train_dominant_shadow_until_execution_efficiency,False,False,False,"{""live_notional_fraction"": 0.4, ""parity"": true, ""recorded"": true, ""replay_notional_fraction"": 0.4, ""sizing_mode"": ""notional_fraction_equals_leverage_times_allocation_fraction""}",0,0,train_return_per_turnover_proxy_bps_6.570_not_above_10.000;locked_oos_return_per_turnover_proxy_bps_2.008_not_above_10.000
6790,debrepair_debounced_efficiency_repair_2h_solusdt_long_short_lb12_e0p04_x-0p005_hold18_cool0_none_3p0x_0p15_d35e028f,debounced_momentum_hysteresis_efficiency_repair,SOLUSDT,2h,long_short,12,0.04,-0.005,18,0,none,,0.0,0.0,3.0,0.15,0.44999999999999996,0.06499674187028792,0.053592184170361046,0.01647571610689358,0.24553895726461294,0.09182271224769534,0.054106167036163,0.3555933264220607,0.942135020815776,0.8029809826741344,246,53,20,2998,663,268,1.2128026292728358,0.011404557699926876,5.871431063259975,22.470517471849497,18.306351229881752,True,False,False,False,train_dominant_shadow_until_execution_efficiency,False,False,False,"{""live_notional_fraction"": 0.44999999999999996, ""parity"": true, ""recorded"": true, ""replay_notional_fraction"": 0.44999999999999996, ""sizing_mode"": ""notional_fraction_equals_leverage_times_allocation_fraction""}",0,0,train_return_per_turnover_proxy_bps_5.871_not_above_10.000
6837,debrepair_debounced_efficiency_repair_2h_solusdt_long_short_lb12_e0p04_x-0p005_hold18_cool0_none_4p0x_0p1_283c0090,debounced_momentum_hysteresis_efficiency_repair,SOLUSDT,2h,long_short,12,0.04,-0.005,18,0,none,,0.0,0.0,4.0,0.1,0.4,0.06324247062831079,0.048367168123734094,0.014837232969980185,0.2196368459427297,0.08199295749898872,0.048205916032301954,0.3555933264220612,0.942135020815776,0.8029809826741341,246,53,20,2998,663,268,1.3075495854237802,0.014875302504576693,6.427080348405568,22.814701945157587,18.546541212475233,True,False,False,False,train_dominant_shadow_until_execution_efficiency,False,False,False,"{""live_notional_fraction"": 0.4, ""parity"": true, ""recorded"": true, ""replay_notional_fraction"": 0.4, ""sizing_mode"": ""notional_fraction_equals_leverage_times_allocation_fraction""}",0,0,train_return_per_turnover_proxy_bps_6.427_not_above_10.000
7011,debrepair_debounced_efficiency_repair_2h_solusdt_long_short_lb12_e0p04_x-0p005_hold18_cool0_none_3p0x_0p1_cee8426d,debounced_momentum_hysteresis_efficiency_repair,SOLUSDT,2h,long_short,12,0.04,-0.005,18,0,none,,0.0,0.0,3.0,0.1,0.30000000000000004,0.055503465040265265,0.03734966497121639,0.011414723451592224,0.16666692772993996,0.062058147981601475,0.03632217692188988,0.3555933264220607,0.9421350208157759,0.8029809826741341,246,53,20,2998,663,268,1.4860498771016861,0.018153800069048875,7.520794720903152,23.49035532780905,19.024539085987037,True,False,False,False,train_dominant_shadow_until_execution_efficiency,False,False,False,"{""live_notional_fraction"": 0.30000000000000004, ""parity"": true, ""recorded"": true, ""replay_notional_fraction"": 0.30000000000000004, ""sizing_mode"": ""notional_fraction_equals_leverage_times_allocation_fraction""}",0,0,train_return_per_turnover_proxy_bps_7.521_not_above_10.000
7012,debrepair_debounced_efficiency_repair_2h_solusdt_long_short_lb12_e0p04_x-0p005_hold18_cool0_none_2p0x_0p15_f7af000f,debounced_momentum_hysteresis_efficiency_repair,SOLUSDT,2h,long_short,12,0.04,-0.005,18,0,none,,0.0,0.0,2.0,0.15,0.3,0.05550346504026349,0.03734966497121639,0.011414723451592224,0.16666692772994018,0.0620581479816017,0.03632217692188988,0.355593326422061,0.9421350208157762,0.8029809826741341,246,53,20,2998,663,268,1.4860498771016386,0.0181538000690471,7.520794720902911,23.490355327809052,19.02453908598704,True,False,False,False,train_dominant_shadow_until_execution_efficiency,False,False,False,"{""live_notional_fraction"": 0.3, ""parity"": true, ""recorded"": true, ""replay_notional_fraction"": 0.3, ""sizing_mode"": ""notional_fraction_equals_leverage_times_allocation_fraction""}",0,0,train_return_per_turnover_proxy_bps_7.521_not_above_10.000
7023,debrepair_debounced_efficiency_repair_1h_solusdt_short_only_lb12_e0p02_x0p005_hold12_cool12_adx20_2p0x_0p15_f2f0f66a,debounced_momentum_hysteresis_efficiency_repair,SOLUSDT,1h,short_only,12,0.02,0.005,12,12,adx20,,20.0,0.0,2.0,0.15,0.3,0.07277576187484991,0.03574109120372704,0.0020078772202321016,0.09725053760510882,0.05179854615676949,0.023372489303929767,0.5197634902196735,1.1379314949085688,0.2867586644332674,350,88,32,2733,643,231,2.0361930602516396,0.03703467067112287,6.931024940461897,13.538292122623877,2.091538771075106,True,False,False,False,train_dominant_shadow_until_execution_efficiency,False,False,False,"{""live_notional_fraction"": 0.3, ""parity"": true, ""recorded"": true, ""replay_notional_fraction"": 0.3, ""sizing_mode"": ""notional_fraction_equals_leverage_times_allocation_fraction""}",0,0,train_return_per_turnover_proxy_bps_6.931_not_above_10.000;locked_oos_return_per_turnover_proxy_bps_2.092_not_above_10.000
7024,debrepair_debounced_efficiency_repair_1h_solusdt_short_only_lb12_e0p02_x0p005_hold12_cool12_adx20_3p0x_0p1_3324bdd2,debounced_momentum_hysteresis_efficiency_repair,SOLUSDT,1h,short_only,12,0.02,0.005,12,12,adx20,,20.0,0.0,3.0,0.1,0.30000000000000004,0.07277576187484902,0.03574109120372704,0.0020078772202325457,0.09725053760510893,0.05179854615676949,0.023372489303929767,0.5197634902196736,1.1379314949085693,0.28675866443326803,350,88,32,2733,643,231,2.0361930602516147,0.03703467067112198,6.9310249404618105,13.538292122623874,2.091538771075568,True,False,False,False,train_dominant_shadow_until_execution_efficiency,False,False,False,"{""live_notional_fraction"": 0.30000000000000004, ""parity"": true, ""recorded"": true, ""replay_notional_fraction"": 0.30000000000000004, ""sizing_mode"": ""notional_fraction_equals_leverage_times_allocation_fraction""}",0,0,train_return_per_turnover_proxy_bps_6.931_not_above_10.000;locked_oos_return_per_turnover_proxy_bps_2.092_not_above_10.000
7111,debrepair_debounced_efficiency_repair_1h_solusdt_short_only_lb12_e0p02_x0p005_hold18_cool6_none_3p0x_0p15_b4bb9de1,debounced_momentum_hysteresis_efficiency_repair,SOLUSDT,1h,short_only,12,0.02,0.005,18,6,none,,0.0,0.0,3.0,0.15,0.44999999999999996,0.08268151190648743,0.05270987147871109,0.030343309046461986,0.21613268621849646,0.0927670481972479,0.03238500178523829,0.4303127894960888,1.0243891156574625,2.1784087862653942,342,92,30,3711,924,301,1.5686153198055421,0.029971640427776336,5.372417927647007,12.731853014181423,22.476525219601474,True,False,False,False,train_dominant_shadow_until_execution_efficiency,False,False,False,"{""live_notional_fraction"": 0.44999999999999996, ""parity"": true, ""recorded"": true, ""replay_notional_fraction"": 0.44999999999999996, ""sizing_mode"": ""notional_fraction_equals_leverage_times_allocation_fraction""}",0,0,train_return_per_turnover_proxy_bps_5.372_not_above_10.000
7214,debrepair_debounced_efficiency_repair_1h_solusdt_short_only_lb12_e0p02_x0p005_hold18_cool6_none_4p0x_0p1_88d8208f,debounced_momentum_hysteresis_efficiency_repair,SOLUSDT,1h,short_only,12,0.02,0.005,18,6,none,,0.0,0.0,4.0,0.1,0.4,0.07699426149241595,0.04738744138377449,0.027005634812464763,0.19412236438696095,0.08268503511246383,0.028812297187071234,0.43031278949608864,1.0243891156574627,2.178408786265394,342,92,30,3711,924,301,1.6247819937959105,0.029606820108641463,5.628235489211692,12.87702211515611,22.50469567705397,True,False,False,False,train_dominant_shadow_until_execution_efficiency,False,False,False,"{""live_notional_fraction"": 0.4, ""parity"": true, ""recorded"": true, ""replay_notional_fraction"": 0.4, ""sizing_mode"": ""notional_fraction_equals_leverage_times_allocation_fraction""}",0,0,train_return_per_turnover_proxy_bps_5.628_not_above_10.000
7437,debrepair_debounced_efficiency_repair_1h_solusdt_short_only_lb12_e0p025_x0p0_hold12_cool12_none_3p0x_0p15_28c8a48b,debounced_momentum_hysteresis_efficiency_repair,SOLUSDT,1h,short_only,12,0.025,0.0,12,12,none,,0.0,0.0,3.0,0.15,0.44999999999999996,0.18772181292760926,0.030986918257731144,0.010942634238584992,0.16519790323375572,0.06504741567887773,0.019712763933902644,0.8823768160228316,0.7246508636395137,1.0028654212175645,314,74,28,2634,627,226,6.058098819839021,0.1567348946698781,13.285337079094782,9.305380858177521,8.684630348083328,True,False,False,False,train_dominant_shadow_until_execution_efficiency,False,False,False,"{""live_notional_fraction"": 0.44999999999999996, ""parity"": true, ""recorded"": true, ""replay_notional_fraction"": 0.44999999999999996, ""sizing_mode"": ""notional_fraction_equals_leverage_times_allocation_fraction""}",0,0,validation_return_per_turnover_proxy_bps_9.305_not_above_10.000;locked_oos_return_per_turnover_proxy_bps_8.685_not_above_10.000
7449,debrepair_debounced_efficiency_repair_1h_solusdt_short_only_lb12_e0p02_x0p005_hold18_cool6_none_2p0x_0p15_a724eb45,debounced_momentum_hysteresis_efficiency_repair,SOLUSDT,1h,short_only,12,0.02,0.005,18,6,none,,0.0,0.0,2.0,0.15,0.3,0.0628657959774479,0.03632673529860253,0.020304038212809905,0.1486356757967735,0.0623487209083784,0.02164752961866201,0.43031278949608825,1.0243891156574625,2.178408786265394,342,92,30,3711,924,301,1.7305655314383925,0.026539060678845372,6.127270563104084,13.1618606154357,22.56004245867767,True,False,False,False,train_dominant_shadow_until_execution_efficiency,False,False,False,"{""live_notional_fraction"": 0.3, ""parity"": true, ""recorded"": true, ""replay_notional_fraction"": 0.3, ""sizing_mode"": ""notional_fraction_equals_leverage_times_allocation_fraction""}",0,0,train_return_per_turnover_proxy_bps_6.127_not_above_10.000
7450,debrepair_debounced_efficiency_repair_1h_solusdt_short_only_lb12_e0p02_x0p005_hold18_cool6_none_3p0x_0p1_db9e7979,debounced_momentum_hysteresis_efficiency_repair,SOLUSDT,1h,short_only,12,0.02,0.005,18,6,none,,0.0,0.0,3.0,0.1,0.30000000000000004,0.06286579597744768,0.03632673529860253,0.02030403821281035,0.14863567579677361,0.0623487209083784,0.02164752961866201,0.4303127894960885,1.0243891156574614,2.1784087862653942,342,92,30,3711,924,301,1.7305655314383865,0.02653906067884515,6.127270563104062,13.161860615435696,22.56004245867816,True,False,False,False,train_dominant_shadow_until_execution_efficiency,False,False,False,"{""live_notional_fraction"": 0.30000000000000004, ""parity"": true, ""recorded"": true, ""replay_notional_fraction"": 0.30000000000000004, ""sizing_mode"": ""notional_fraction_equals_leverage_times_allocation_fraction""}",0,0,train_return_per_turnover_proxy_bps_6.127_not_above_10.000
7454,debrepair_debounced_efficiency_repair_1h_solusdt_short_only_lb12_e0p025_x0p0_hold12_cool12_none_4p0x_0p1_a65ddba8,debounced_momentum_hysteresis_efficiency_repair,SOLUSDT,1h,short_only,12,0.025,0.0,12,12,none,,0.0,0.0,4.0,0.1,0.4,0.16809220074701892,0.027987308607123174,0.009771222709515692,0.14796524470061267,0.05794436498522859,0.0175247636667637,0.8823768160228316,0.7246508636395129,1.002865421217564,314,74,28,2634,627,226,6.006015194481296,0.14010489213989574,13.383137002151186,9.455171826730801,8.72430599063901,True,False,False,False,train_dominant_shadow_until_execution_efficiency,False,False,False,"{""live_notional_fraction"": 0.4, ""parity"": true, ""recorded"": true, ""replay_notional_fraction"": 0.4, ""sizing_mode"": ""notional_fraction_equals_leverage_times_allocation_fraction""}",0,0,validation_return_per_turnover_proxy_bps_9.455_not_above_10.000;locked_oos_return_per_turnover_proxy_bps_8.724_not_above_10.000
7494,debrepair_debounced_efficiency_repair_1h_solusdt_short_only_lb12_e0p025_x0p0_hold12_cool12_none_2p0x_0p15_ee04a8e8,debounced_momentum_hysteresis_efficiency_repair,SOLUSDT,1h,short_only,12,0.025,0.0,12,12,none,,0.0,0.0,2.0,0.15,0.3,0.12772917563243102,0.02164869160710925,0.007394853102195897,0.1126718966558995,0.043644634625937595,0.013146931206907686,0.8823768160228316,0.7246508636395126,1.002865421217564,314,74,28,2634,627,226,5.9000875411096825,0.10608048402532178,13.559360470534077,9.751662886085247,8.803396550233211,True,False,False,False,train_dominant_shadow_until_execution_efficiency,False,False,False,"{""live_notional_fraction"": 0.3, ""parity"": true, ""recorded"": true, ""replay_notional_fraction"": 0.3, ""sizing_mode"": ""notional_fraction_equals_leverage_times_allocation_fraction""}",0,0,validation_return_per_turnover_proxy_bps_9.752_not_above_10.000;locked_oos_return_per_turnover_proxy_bps_8.803_not_above_10.000
7495,debrepair_debounced_efficiency_repair_1h_solusdt_short_only_lb12_e0p025_x0p0_hold12_cool12_none_3p0x_0p1_4b165f1f,debounced_momentum_hysteresis_efficiency_repair,SOLUSDT,1h,short_only,12,0.025,0.0,12,12,none,,0.0,0.0,3.0,0.1,0.30000000000000004,0.1277291756324308,0.02164869160710925,0.0073948531021961195,0.11267189665589972,0.043644634625937595,0.013146931206907686,0.8823768160228317,0.7246508636395133,1.0028654212175645,314,74,28,2634,627,226,5.900087541109672,0.10608048402532155,13.559360470534052,9.751662886085246,8.803396550233474,True,False,False,False,train_dominant_shadow_until_execution_efficiency,False,False,False,"{""live_notional_fraction"": 0.30000000000000004, ""parity"": true, ""recorded"": true, ""replay_notional_fraction"": 0.30000000000000004, ""sizing_mode"": ""notional_fraction_equals_leverage_times_allocation_fraction""}",0,0,validation_return_per_turnover_proxy_bps_9.752_not_above_10.000;locked_oos_return_per_turnover_proxy_bps_8.803_not_above_10.000
7616,debrepair_debounced_efficiency_repair_1h_ethusdt_long_short_lb6_e0p025_x0p0_hold12_cool12_adx20_3p0x_0p15_ee0426ab,debounced_momentum_hysteresis_efficiency_repair,ETHUSDT,1h,long_short,6,0.025,0.0,12,12,adx20,,20.0,0.0,3.0,0.15,0.44999999999999996,0.18436450417940975,0.03207204943716779,0.00226451327332855,0.13496723135603506,0.06616620484228364,0.028296115912641695,0.9394107253955434,0.7779970734864436,0.22536718808254888,374,89,28,2682,608,187,5.748447867062485,0.15229245474224196,10.95451599402316,8.008002356346516,1.7972327566099606,True,False,False,False,train_dominant_shadow_until_execution_efficiency,False,False,False,"{""live_notional_fraction"": 0.44999999999999996, ""parity"": true, ""recorded"": true, ""replay_notional_fraction"": 0.44999999999999996, ""sizing_mode"": ""notional_fraction_equals_leverage_times_allocation_fraction""}",0,0,validation_return_per_turnover_proxy_bps_8.008_not_above_10.000;locked_oos_return_per_turnover_proxy_bps_1.797_not_above_10.000
7633,debrepair_debounced_efficiency_repair_1h_ethusdt_long_short_lb6_e0p025_x0p0_hold12_cool0_adx20_3p0x_0p15_6d46229c,debounced_momentum_hysteresis_efficiency_repair,ETHUSDT,1h,long_short,6,0.025,0.0,12,0,adx20,,20.0,0.0,3.0,0.15,0.44999999999999996,0.27655079072103383,0.030355374801251278,0.00239953440081786,0.1840438017611451,0.04917525201794937,0.029744062510913438,1.1537014455255314,0.6819620462803535,0.22781274772461768,466,113,34,3373,778,229,9.110439008963715,0.24619541591978256,13.18792516552379,5.969591897984519,1.568323137789451,True,False,False,False,train_dominant_shadow_until_execution_efficiency,False,False,False,"{""live_notional_fraction"": 0.44999999999999996, ""parity"": true, ""recorded"": true, ""replay_notional_fraction"": 0.44999999999999996, ""sizing_mode"": ""notional_fraction_equals_leverage_times_allocation_fraction""}",0,0,validation_return_per_turnover_proxy_bps_5.970_not_above_10.000;locked_oos_return_per_turnover_proxy_bps_1.568_not_above_10.000
7652,debrepair_debounced_efficiency_repair_1h_ethusdt_long_short_lb6_e0p025_x0p0_hold12_cool12_adx20_4p0x_0p1_f48431fb,debounced_momentum_hysteresis_efficiency_repair,ETHUSDT,1h,long_short,6,0.025,0.0,12,12,adx20,,20.0,0.0,4.0,0.1,0.4,0.1646268683884844,0.02889834537940228,0.0020777346062281765,0.1207773442532003,0.05889289433503453,0.025152517955089437,0.9394107253955436,0.7779970734864446,0.22536718808254824,374,89,28,2682,608,187,5.696757590343723,0.1357285230090821,11.004469812064466,8.117512747023111,1.8551201841323002,True,False,False,False,train_dominant_shadow_until_execution_efficiency,False,False,False,"{""live_notional_fraction"": 0.4, ""parity"": true, ""recorded"": true, ""replay_notional_fraction"": 0.4, ""sizing_mode"": ""notional_fraction_equals_leverage_times_allocation_fraction""}",0,0,validation_return_per_turnover_proxy_bps_8.118_not_above_10.000;locked_oos_return_per_turnover_proxy_bps_1.855_not_above_10.000
7698,debrepair_debounced_efficiency_repair_1h_ethusdt_long_short_lb6_e0p025_x0p0_hold12_cool0_adx20_4p0x_0p1_bac0f311,debounced_momentum_hysteresis_efficiency_repair,ETHUSDT,1h,long_short,6,0.025,0.0,12,0,adx20,,20.0,0.0,4.0,0.1,0.4,0.24576939480208426,0.027492685680745588,0.002206419335134324,0.16451586292042386,0.043782519366391215,0.026464032649408553,1.153701445525531,0.681962046280354,0.22781274772461663,466,113,34,3373,778,229,8.939446573391994,0.21827670912133867,13.185053369210529,6.082452584235749,1.622367158187003,True,False,False,False,train_dominant_shadow_until_execution_efficiency,False,False,False,"{""live_notional_fraction"": 0.4, ""parity"": true, ""recorded"": true, ""replay_notional_fraction"": 0.4, ""sizing_mode"": ""notional_fraction_equals_leverage_times_allocation_fraction""}",0,0,validation_return_per_turnover_proxy_bps_6.082_not_above_10.000;locked_oos_return_per_turnover_proxy_bps_1.622_not_above_10.000
7740,debrepair_debounced_efficiency_repair_1h_ethusdt_long_short_lb6_e0p025_x0p0_hold12_cool12_adx20_2p0x_0p15_e814791d,debounced_momentum_hysteresis_efficiency_repair,ETHUSDT,1h,long_short,6,0.025,0.0,12,12,adx20,,20.0,0.0,2.0,0.15,0.3,0.12445301503448292,0.022252155824179498,0.0016555168072041049,0.09180537307509162,0.04428523959483577,0.018864657110533756,0.9394107253955434,0.7779970734864443,0.2253671880825486,374,89,28,2682,608,187,5.592852037250726,0.10220085921030342,11.092069076157122,8.334140758119663,1.9708533419096486,True,False,False,False,train_dominant_shadow_until_execution_efficiency,False,False,False,"{""live_notional_fraction"": 0.3, ""parity"": true, ""recorded"": true, ""replay_notional_fraction"": 0.3, ""sizing_mode"": ""notional_fraction_equals_leverage_times_allocation_fraction""}",0,0,validation_return_per_turnover_proxy_bps_8.334_not_above_10.000;locked_oos_return_per_turnover_proxy_bps_1.971_not_above_10.000
7741,debrepair_debounced_efficiency_repair_1h_ethusdt_long_short_lb6_e0p025_x0p0_hold12_cool12_adx20_3p0x_0p1_eba5de80,debounced_momentum_hysteresis_efficiency_repair,ETHUSDT,1h,long_short,6,0.025,0.0,12,12,adx20,,20.0,0.0,3.0,0.1,0.30000000000000004,0.12445301503448314,0.022252155824179498,0.0016555168072041049,0.09180537307509162,0.04428523959483577,0.018864657110533756,0.9394107253955433,0.777997073486444,0.22536718808254885,374,89,28,2682,608,187,5.592852037250736,0.10220085921030364,11.09206907615714,8.334140758119661,1.9708533419096481,True,False,False,False,train_dominant_shadow_until_execution_efficiency,False,False,False,"{""live_notional_fraction"": 0.30000000000000004, ""parity"": true, ""recorded"": true, ""replay_notional_fraction"": 0.30000000000000004, ""sizing_mode"": ""notional_fraction_equals_leverage_times_allocation_fraction""}",0,0,validation_return_per_turnover_proxy_bps_8.334_not_above_10.000;locked_oos_return_per_turnover_proxy_bps_1.971_not_above_10.000
7749,debrepair_debounced_efficiency_repair_1h_solusdt_short_only_lb12_e0p02_x0p005_hold18_cool6_adx20_2p0x_0p15_54b8ec4e,debounced_momentum_hysteresis_efficiency_repair,SOLUSDT,1h,short_only,12,0.02,0.005,18,6,adx20,,20.0,0.0,2.0,0.15,0.3,0.11434352472284859,0.026484722452523757,0.016125555179662632,0.13178327995903616,0.0634751657754451,0.020010852664985257,0.7053241313333874,0.7688482829287322,1.8246205117999612,330,90,30,3510,925,301,4.317338983930061,0.08785880227032483,11.549850982105918,9.809156463897686,17.91728353295848,True,False,False,False,train_dominant_shadow_until_execution_efficiency,False,False,False,"{""live_notional_fraction"": 0.3, ""parity"": true, ""recorded"": true, ""replay_notional_fraction"": 0.3, ""sizing_mode"": ""notional_fraction_equals_leverage_times_allocation_fraction""}",0,0,validation_return_per_turnover_proxy_bps_9.809_not_above_10.000
7750,debrepair_debounced_efficiency_repair_1h_solusdt_short_only_lb12_e0p02_x0p005_hold18_cool6_adx20_3p0x_0p1_e428730f,debounced_momentum_hysteresis_efficiency_repair,SOLUSDT,1h,short_only,12,0.02,0.005,18,6,adx20,,20.0,0.0,3.0,0.1,0.30000000000000004,0.11434352472284859,0.026484722452523757,0.016125555179662854,0.13178327995903638,0.0634751657754451,0.020010852664985257,0.7053241313333877,0.7688482829287319,1.8246205117999612,330,90,30,3510,925,301,4.317338983930061,0.08785880227032483,11.549850982105916,9.809156463897686,17.917283532958724,True,False,False,False,train_dominant_shadow_until_execution_efficiency,False,False,False,"{""live_notional_fraction"": 0.30000000000000004, ""parity"": true, ""recorded"": true, ""replay_notional_fraction"": 0.30000000000000004, ""sizing_mode"": ""notional_fraction_equals_leverage_times_allocation_fraction""}",0,0,validation_return_per_turnover_proxy_bps_9.809_not_above_10.000
7775,debrepair_debounced_efficiency_repair_1h_solusdt_short_only_lb12_e0p02_x0p005_hold18_cool6_adx20_4p0x_0p1_44bf3ce9,debounced_momentum_hysteresis_efficiency_repair,SOLUSDT,1h,short_only,12,0.02,0.005,18,6,adx20,,20.0,0.0,4.0,0.1,0.4,0.14742389307680748,0.03413690496867683,0.02141597952280172,0.17250475190156112,0.0841513265687055,0.026648798858665557,0.7053241313333876,0.7688482829287328,1.8246205117999614,330,90,30,3510,925,301,4.318607478096798,0.11328698810813065,11.168476748242991,9.48247360241023,17.846649602334768,True,False,False,False,train_dominant_shadow_until_execution_efficiency,False,False,False,"{""live_notional_fraction"": 0.4, ""parity"": true, ""recorded"": true, ""replay_notional_fraction"": 0.4, ""sizing_mode"": ""notional_fraction_equals_leverage_times_allocation_fraction""}",0,0,validation_return_per_turnover_proxy_bps_9.482_not_above_10.000
7808,debrepair_debounced_efficiency_repair_1h_solusdt_short_only_lb12_e0p02_x0p005_hold18_cool6_adx20_3p0x_0p15_9fc52e3b,debounced_momentum_hysteresis_efficiency_repair,SOLUSDT,1h,short_only,12,0.02,0.005,18,6,adx20,,20.0,0.0,3.0,0.15,0.44999999999999996,0.16283805631298964,0.037734151170609964,0.024044766982457055,0.19228489283259476,0.09439679637406562,0.029961565252733746,0.7053241313333879,0.7688482829287324,1.8246205117999614,330,90,30,3510,925,301,4.315402659430153,0.12510390514237968,10.965525677642402,9.317074363113573,17.810938505523747,True,False,False,False,train_dominant_shadow_until_execution_efficiency,False,False,False,"{""live_notional_fraction"": 0.44999999999999996, ""parity"": true, ""recorded"": true, ""replay_notional_fraction"": 0.44999999999999996, ""sizing_mode"": ""notional_fraction_equals_leverage_times_allocation_fraction""}",0,0,validation_return_per_turnover_proxy_bps_9.317_not_above_10.000
7821,debrepair_debounced_efficiency_repair_1h_ethusdt_long_short_lb6_e0p025_x0p0_hold12_cool0_adx20_2p0x_0p15_d6e7ba66,debounced_momentum_hysteresis_efficiency_repair,ETHUSDT,1h,long_short,6,0.025,0.0,12,0,adx20,,20.0,0.0,2.0,0.15,0.3,0.18400311891740895,0.021377147897900572,0.001765021386052279,0.12473715729288903,0.03294342626702729,0.01988529713019882,1.153701445525531,0.6819620462803536,0.22781274772461688,466,113,34,3373,778,229,8.607468114840508,0.16262597101950838,13.161882612117951,6.305943332714034,1.730413123580666,True,False,False,False,train_dominant_shadow_until_execution_efficiency,False,False,False,"{""live_notional_fraction"": 0.3, ""parity"": true, ""recorded"": true, ""replay_notional_fraction"": 0.3, ""sizing_mode"": ""notional_fraction_equals_leverage_times_allocation_fraction""}",0,0,validation_return_per_turnover_proxy_bps_6.306_not_above_10.000;locked_oos_return_per_turnover_proxy_bps_1.730_not_above_10.000
7822,debrepair_debounced_efficiency_repair_1h_ethusdt_long_short_lb6_e0p025_x0p0_hold12_cool0_adx20_3p0x_0p1_5b37dedc,debounced_momentum_hysteresis_efficiency_repair,ETHUSDT,1h,long_short,6,0.025,0.0,12,0,adx20,,20.0,0.0,3.0,0.1,0.30000000000000004,0.1840031189174105,0.021377147897900572,0.001765021386052279,0.12473715729288837,0.03294342626702729,0.01988529713019882,1.153701445525531,0.6819620462803538,0.22781274772461713,466,113,34,3373,778,229,8.60746811484058,0.16262597101950993,13.161882612118061,6.305943332714032,1.7304131235806655,True,False,False,False,train_dominant_shadow_until_execution_efficiency,False,False,False,"{""live_notional_fraction"": 0.30000000000000004, ""parity"": true, ""recorded"": true, ""replay_notional_fraction"": 0.30000000000000004, ""sizing_mode"": ""notional_fraction_equals_leverage_times_allocation_fraction""}",0,0,validation_return_per_turnover_proxy_bps_6.306_not_above_10.000;locked_oos_return_per_turnover_proxy_bps_1.730_not_above_10.000
7886,debrepair_debounced_efficiency_repair_1h_ethusdt_short_only_lb6_e0p02_x0p005_hold18_cool12_none_3p0x_0p1_3c4007ee,debounced_momentum_hysteresis_efficiency_repair,ETHUSDT,1h,short_only,6,0.02,0.005,18,12,none,,0.0,0.0,3.0,0.1,0.30000000000000004,0.13047159720684487,0.024086038622170847,0.007148476420238081,0.13243498945541987,0.07333297792599713,0.01371111912185441,0.9741248977704793,0.8194821241724835,0.9620807921194406,282,70,26,2684,668,250,5.416897284501888,0.10638555858467402,15.422174610738164,11.469542201033734,9.164713359279592,True,False,False,False,train_dominant_shadow_until_execution_efficiency,False,False,False,"{""live_notional_fraction"": 0.30000000000000004, ""parity"": true, ""recorded"": true, ""replay_notional_fraction"": 0.30000000000000004, ""sizing_mode"": ""notional_fraction_equals_leverage_times_allocation_fraction""}",0,0,locked_oos_return_per_turnover_proxy_bps_9.165_not_above_10.000
7888,debrepair_debounced_efficiency_repair_1h_ethusdt_short_only_lb6_e0p02_x0p005_hold18_cool12_none_2p0x_0p15_74505297,debounced_momentum_hysteresis_efficiency_repair,ETHUSDT,1h,short_only,6,0.02,0.005,18,12,none,,0.0,0.0,2.0,0.15,0.3,0.1304715972068451,0.024086038622170625,0.007148476420238081,0.13243498945541998,0.07333297792599691,0.01371111912185441,0.9741248977704793,0.8194821241724833,0.9620807921194408,282,70,26,2684,668,250,5.416897284501948,0.10638555858467447,15.42217461073819,11.469542201033631,9.164713359279592,True,False,False,False,train_dominant_shadow_until_execution_efficiency,False,False,False,"{""live_notional_fraction"": 0.3, ""parity"": true, ""recorded"": true, ""replay_notional_fraction"": 0.3, ""sizing_mode"": ""notional_fraction_equals_leverage_times_allocation_fraction""}",0,0,locked_oos_return_per_turnover_proxy_bps_9.165_not_above_10.000
7966,debrepair_debounced_efficiency_repair_1h_solusdt_short_only_lb12_e0p025_x0p0_hold36_cool6_low_vol_q65_2p0x_0p15_0825e85f,debounced_momentum_hysteresis_efficiency_repair,SOLUSDT,1h,short_only,12,0.025,0.0,36,6,low_vol_q65,0.65,0.0,0.0,2.0,0.15,0.3,0.05200063225726126,0.031080608161653922,0.008836687741006433,0.10191974590572106,0.08329211336938169,0.046754490909748925,0.38160506740263483,0.9321917353667571,0.8709865860040495,202,46,20,3815,853,371,1.6730892776228772,0.020920024095607337,8.580962418689978,22.522179827285456,14.727812901677387,True,False,False,False,train_dominant_shadow_until_execution_efficiency,False,False,False,"{""live_notional_fraction"": 0.3, ""parity"": true, ""recorded"": true, ""replay_notional_fraction"": 0.3, ""sizing_mode"": ""notional_fraction_equals_leverage_times_allocation_fraction""}",0,0,train_return_per_turnover_proxy_bps_8.581_not_above_10.000
7967,debrepair_debounced_efficiency_repair_1h_solusdt_short_only_lb12_e0p025_x0p0_hold36_cool6_low_vol_q65_3p0x_0p1_deff1831,debounced_momentum_hysteresis_efficiency_repair,SOLUSDT,1h,short_only,12,0.025,0.0,36,6,low_vol_q65,0.65,0.0,0.0,3.0,0.1,0.30000000000000004,0.052000632257260815,0.031080608161653922,0.008836687741006655,0.10191974590572106,0.08329211336938169,0.046754490909748925,0.381605067402635,0.9321917353667575,0.8709865860040499,202,46,20,3815,853,371,1.6730892776228627,0.020920024095606893,8.580962418689902,22.52217982728545,14.727812901677757,True,False,False,False,train_dominant_shadow_until_execution_efficiency,False,False,False,"{""live_notional_fraction"": 0.30000000000000004, ""parity"": true, ""recorded"": true, ""replay_notional_fraction"": 0.30000000000000004, ""sizing_mode"": ""notional_fraction_equals_leverage_times_allocation_fraction""}",0,0,train_return_per_turnover_proxy_bps_8.581_not_above_10.000
8033,debrepair_debounced_efficiency_repair_1h_ethusdt_short_only_lb6_e0p02_x0p005_hold18_cool12_none_4p0x_0p1_f93f1a2e,debounced_momentum_hysteresis_efficiency_repair,ETHUSDT,1h,short_only,6,0.02,0.005,18,12,none,,0.0,0.0,4.0,0.1,0.4,0.17289757577896392,0.03131647839093943,0.009439976057864286,0.17331224311370674,0.09689329973094496,0.018263053933715745,0.9741248977704794,0.8194821241724839,0.9620807921194398,282,70,26,2684,668,250,5.520977602289634,0.1415810973880245,15.327799271184743,11.184456568192653,9.076900055638736,True,False,False,False,train_dominant_shadow_until_execution_efficiency,False,False,False,"{""live_notional_fraction"": 0.4, ""parity"": true, ""recorded"": true, ""replay_notional_fraction"": 0.4, ""sizing_mode"": ""notional_fraction_equals_leverage_times_allocation_fraction""}",0,0,locked_oos_return_per_turnover_proxy_bps_9.077_not_above_10.000
8097,debrepair_debounced_efficiency_repair_1h_solusdt_short_only_lb12_e0p025_x0p0_hold36_cool6_low_vol_q65_4p0x_0p1_4f64c9e1,debounced_momentum_hysteresis_efficiency_repair,SOLUSDT,1h,short_only,12,0.025,0.0,36,6,low_vol_q65,0.65,0.0,0.0,4.0,0.1,0.4,0.06297084583535306,0.04046552949813487,0.011600950220941098,0.1340977024813229,0.10978895442063896,0.06194680268950237,0.3816050674026353,0.932191735366757,0.8709865860040499,202,46,20,3815,853,371,1.5561601841452615,0.022505316337218195,7.7934215142763685,21.992135596812425,14.501187776176373,True,False,False,False,train_dominant_shadow_until_execution_efficiency,False,False,False,"{""live_notional_fraction"": 0.4, ""parity"": true, ""recorded"": true, ""replay_notional_fraction"": 0.4, ""sizing_mode"": ""notional_fraction_equals_leverage_times_allocation_fraction""}",0,0,train_return_per_turnover_proxy_bps_7.793_not_above_10.000
8115,debrepair_debounced_efficiency_repair_1h_ethusdt_short_only_lb6_e0p02_x0p005_hold18_cool12_none_3p0x_0p15_f94edfb3,debounced_momentum_hysteresis_efficiency_repair,ETHUSDT,1h,short_only,6,0.02,0.005,18,12,none,,0.0,0.0,3.0,0.15,0.44999999999999996,0.1938042504600812,0.03477654274164621,0.010568431440747261,0.19318433077807762,0.10850932217483977,0.020535526442351903,0.9741248977704794,0.8194821241724839,0.9620807921194404,282,70,26,2684,668,250,5.572844083434244,0.159027707718435,15.272202557926022,11.040172298935307,9.03284738525407,True,False,False,False,train_dominant_shadow_until_execution_efficiency,False,False,False,"{""live_notional_fraction"": 0.44999999999999996, ""parity"": true, ""recorded"": true, ""replay_notional_fraction"": 0.44999999999999996, ""sizing_mode"": ""notional_fraction_equals_leverage_times_allocation_fraction""}",0,0,locked_oos_return_per_turnover_proxy_bps_9.033_not_above_10.000
8116,debrepair_debounced_efficiency_repair_1h_ethusdt_short_only_lb6_e0p02_x0p005_hold18_cool12_adx20_3p0x_0p15_62702226,debounced_momentum_hysteresis_efficiency_repair,ETHUSDT,1h,short_only,6,0.02,0.005,18,12,adx20,,20.0,0.0,3.0,0.15,0.44999999999999996,0.23653346289317057,0.03477654274164621,0.011671816437252236,0.1744790871964086,0.10850932217483977,0.020535526442351903,1.1497199730374148,0.8194821241724839,1.0566160046072195,282,70,26,2673,668,250,6.801523217830187,0.20175692015152435,18.639358778027624,11.040172298935307,9.97591148483097,True,False,False,False,train_dominant_shadow_until_execution_efficiency,False,False,False,"{""live_notional_fraction"": 0.44999999999999996, ""parity"": true, ""recorded"": true, ""replay_notional_fraction"": 0.44999999999999996, ""sizing_mode"": ""notional_fraction_equals_leverage_times_allocation_fraction""}",0,0,locked_oos_return_per_turnover_proxy_bps_9.976_not_above_10.000
8238,debrepair_debounced_efficiency_repair_1h_ethusdt_short_only_lb12_e0p02_x0p005_hold12_cool6_none_2p0x_0p15_5820a1e2,debounced_momentum_hysteresis_efficiency_repair,ETHUSDT,1h,short_only,12,0.02,0.005,12,6,none,,0.0,0.0,2.0,0.15,0.3,0.08670559528736499,0.02421535057504598,0.012572525174904925,0.11577678590954288,0.06931834559985461,0.009024229706353415,0.6846187379687818,0.830851470738134,1.8285701977438793,338,88,32,2496,655,228,3.5806045846272188,0.06249024471231901,8.550847661475837,9.172481278426508,13.096380390525963,True,False,False,False,train_dominant_shadow_until_execution_efficiency,False,False,False,"{""live_notional_fraction"": 0.3, ""parity"": true, ""recorded"": true, ""replay_notional_fraction"": 0.3, ""sizing_mode"": ""notional_fraction_equals_leverage_times_allocation_fraction""}",0,0,train_return_per_turnover_proxy_bps_8.551_not_above_10.000;validation_return_per_turnover_proxy_bps_9.172_not_above_10.000
8239,debrepair_debounced_efficiency_repair_1h_ethusdt_short_only_lb12_e0p02_x0p005_hold12_cool6_none_3p0x_0p1_9ac80b91,debounced_momentum_hysteresis_efficiency_repair,ETHUSDT,1h,short_only,12,0.02,0.005,12,6,none,,0.0,0.0,3.0,0.1,0.30000000000000004,0.08670559528736455,0.02421535057504598,0.012572525174904925,0.1157767859095431,0.06931834559985484,0.009024229706353415,0.6846187379687814,0.8308514707381333,1.82857019774388,338,88,32,2496,655,228,3.5806045846272,0.062490244712318566,8.55084766147579,9.172481278426506,13.096380390525962,True,False,False,False,train_dominant_shadow_until_execution_efficiency,False,False,False,"{""live_notional_fraction"": 0.30000000000000004, ""parity"": true, ""recorded"": true, ""replay_notional_fraction"": 0.30000000000000004, ""sizing_mode"": ""notional_fraction_equals_leverage_times_allocation_fraction""}",0,0,train_return_per_turnover_proxy_bps_8.551_not_above_10.000;validation_return_per_turnover_proxy_bps_9.172_not_above_10.000
8329,debrepair_debounced_efficiency_repair_4h_solusdt_long_short_lb12_e0p02_x0p005_hold12_cool0_low_vol_q55_adx15_2p0x_0p15_ab1bda8d,debounced_momentum_hysteresis_efficiency_repair,SOLUSDT,4h,long_short,12,0.02,0.005,12,0,low_vol_q55_adx15,0.55,15.0,0.0,2.0,0.15,0.3,0.22382860316343067,0.02326077602909926,0.005013654289349745,0.1399684906940224,0.09699357586759794,0.030655120906398547,1.0840676612680482,0.6290656221461047,0.40173800224714046,225,58,23,1458,372,154,9.622576774025974,0.2005678271343314,33.15979306124899,13.368262085689231,7.266165636738761,True,False,False,False,train_dominant_shadow_until_execution_efficiency,False,False,False,"{""live_notional_fraction"": 0.3, ""parity"": true, ""recorded"": true, ""replay_notional_fraction"": 0.3, ""sizing_mode"": ""notional_fraction_equals_leverage_times_allocation_fraction""}",0,0,locked_oos_return_per_turnover_proxy_bps_7.266_not_above_10.000
8330,debrepair_debounced_efficiency_repair_4h_solusdt_long_short_lb12_e0p02_x0p005_hold12_cool0_low_vol_q55_adx15_3p0x_0p1_817d4b50,debounced_momentum_hysteresis_efficiency_repair,SOLUSDT,4h,long_short,12,0.02,0.005,12,0,low_vol_q55_adx15,0.55,15.0,0.0,3.0,0.1,0.30000000000000004,0.22382860316343,0.02326077602909904,0.005013654289349745,0.1399684906940224,0.09699357586759794,0.030655120906398547,1.0840676612680484,0.629065622146104,0.40173800224714096,225,58,23,1458,372,154,9.622576774026037,0.20056782713433097,33.15979306124888,13.368262085689102,7.2661656367387595,True,False,False,False,train_dominant_shadow_until_execution_efficiency,False,False,False,"{""live_notional_fraction"": 0.30000000000000004, ""parity"": true, ""recorded"": true, ""replay_notional_fraction"": 0.30000000000000004, ""sizing_mode"": ""notional_fraction_equals_leverage_times_allocation_fraction""}",0,0,locked_oos_return_per_turnover_proxy_bps_7.266_not_above_10.000
8337,debrepair_debounced_efficiency_repair_1h_ethusdt_short_only_lb12_e0p02_x0p005_hold12_cool6_none_4p0x_0p1_8e2835ac,debounced_momentum_hysteresis_efficiency_repair,ETHUSDT,1h,short_only,12,0.02,0.005,12,6,none,,0.0,0.0,4.0,0.1,0.4,0.11278655334154175,0.031509261672690636,0.016713282345098612,0.15191323584141625,0.0916166789892312,0.012020837760089775,0.6846187379687815,0.8308514707381337,1.828570197743879,338,88,32,2496,655,228,3.5794730613854684,0.08127729166885111,8.342200690942436,8.951494793378021,13.057251832108289,True,False,False,False,train_dominant_shadow_until_execution_efficiency,False,False,False,"{""live_notional_fraction"": 0.4, ""parity"": true, ""recorded"": true, ""replay_notional_fraction"": 0.4, ""sizing_mode"": ""notional_fraction_equals_leverage_times_allocation_fraction""}",0,0,train_return_per_turnover_proxy_bps_8.342_not_above_10.000;validation_return_per_turnover_proxy_bps_8.951_not_above_10.000
8369,debrepair_debounced_efficiency_repair_1h_ethusdt_short_only_lb12_e0p02_x0p005_hold18_cool0_adx20_3p0x_0p1_29629b94,debounced_momentum_hysteresis_efficiency_repair,ETHUSDT,1h,short_only,12,0.02,0.005,18,0,adx20,,20.0,0.0,3.0,0.1,0.30000000000000004,0.04991795039702818,0.030459752607020496,0.019021178866080346,0.14441295300539703,0.07586205307623728,0.01033600402903212,0.40989913975564257,0.9380774632691744,2.4246996458584,310,76,30,3126,810,301,1.638816671988428,0.01945819779000768,5.367521548067545,13.359540617114249,21.13464318453371,True,False,False,False,train_dominant_shadow_until_execution_efficiency,False,False,False,"{""live_notional_fraction"": 0.30000000000000004, ""parity"": true, ""recorded"": true, ""replay_notional_fraction"": 0.30000000000000004, ""sizing_mode"": ""notional_fraction_equals_leverage_times_allocation_fraction""}",0,0,train_return_per_turnover_proxy_bps_5.368_not_above_10.000
8370,debrepair_debounced_efficiency_repair_1h_ethusdt_short_only_lb12_e0p02_x0p005_hold18_cool0_adx20_2p0x_0p15_5e2a2607,debounced_momentum_hysteresis_efficiency_repair,ETHUSDT,1h,short_only,12,0.02,0.005,18,0,adx20,,20.0,0.0,2.0,0.15,0.3,0.04991795039702818,0.030459752607020052,0.019021178866080346,0.14441295300539703,0.07586205307623728,0.01033600402903212,0.4098991397556426,0.9380774632691739,2.4246996458584005,310,76,30,3126,810,301,1.638816671988452,0.019458197790008125,5.367521548067546,13.359540617114057,21.134643184533715,True,False,False,False,train_dominant_shadow_until_execution_efficiency,False,False,False,"{""live_notional_fraction"": 0.3, ""parity"": true, ""recorded"": true, ""replay_notional_fraction"": 0.3, ""sizing_mode"": ""notional_fraction_equals_leverage_times_allocation_fraction""}",0,0,train_return_per_turnover_proxy_bps_5.368_not_above_10.000
8388,debrepair_debounced_efficiency_repair_1h_ethusdt_short_only_lb12_e0p02_x0p005_hold18_cool0_adx20_4p0x_0p1_6aca434f,debounced_momentum_hysteresis_efficiency_repair,ETHUSDT,1h,short_only,12,0.02,0.005,18,0,adx20,,20.0,0.0,4.0,0.1,0.4,0.062223723482305315,0.039692927628324215,0.025330988853406566,0.18815656483362286,0.10023224493887628,0.013764042521287267,0.40989913975564274,0.938077463269175,2.4246996458584,310,76,30,3126,810,301,1.5676274641405765,0.0225307958539811,5.018042216314945,13.056884088264542,21.109157377838805,True,False,False,False,train_dominant_shadow_until_execution_efficiency,False,False,False,"{""live_notional_fraction"": 0.4, ""parity"": true, ""recorded"": true, ""replay_notional_fraction"": 0.4, ""sizing_mode"": ""notional_fraction_equals_leverage_times_allocation_fraction""}",0,0,train_return_per_turnover_proxy_bps_5.018_not_above_10.000
8398,debrepair_debounced_efficiency_repair_1h_ethusdt_short_only_lb12_e0p02_x0p005_hold12_cool6_none_3p0x_0p15_d1fa4e60,debounced_momentum_hysteresis_efficiency_repair,ETHUSDT,1h,short_only,12,0.02,0.005,12,6,none,,0.0,0.0,3.0,0.15,0.44999999999999996,0.12522025500631107,0.03500494605145188,0.018774044534353385,0.16953446725634713,0.1026160565847768,0.013516992273552741,0.6846187379687811,0.8308514707381333,1.8285701977438786,338,88,32,2496,655,228,3.577216054618584,0.09021530895485919,8.232758383057927,8.839632841275728,13.037530926634297,True,False,False,False,train_dominant_shadow_until_execution_efficiency,False,False,False,"{""live_notional_fraction"": 0.44999999999999996, ""parity"": true, ""recorded"": true, ""replay_notional_fraction"": 0.44999999999999996, ""sizing_mode"": ""notional_fraction_equals_leverage_times_allocation_fraction""}",0,0,train_return_per_turnover_proxy_bps_8.233_not_above_10.000;validation_return_per_turnover_proxy_bps_8.840_not_above_10.000
8405,debrepair_debounced_efficiency_repair_1h_ethusdt_short_only_lb12_e0p02_x0p005_hold18_cool0_adx20_3p0x_0p15_5a894b26,debounced_momentum_hysteresis_efficiency_repair,ETHUSDT,1h,short_only,12,0.02,0.005,18,0,adx20,,20.0,0.0,3.0,0.15,0.44999999999999996,0.06751605076356171,0.04412874229103947,0.028479750500246315,0.20925532982302386,0.11224641232816202,0.015474824248771557,0.40989913975564257,0.9380774632691741,2.4246996458583996,310,76,30,3126,810,301,1.5299790399254396,0.02338730847252224,4.839860269789369,12.903141020771777,21.09611148166394,True,False,False,False,train_dominant_shadow_until_execution_efficiency,False,False,False,"{""live_notional_fraction"": 0.44999999999999996, ""parity"": true, ""recorded"": true, ""replay_notional_fraction"": 0.44999999999999996, ""sizing_mode"": ""notional_fraction_equals_leverage_times_allocation_fraction""}",0,0,train_return_per_turnover_proxy_bps_4.840_not_above_10.000
8643,debrepair_debounced_efficiency_repair_1h_ethusdt_short_only_lb12_e0p02_x0p005_hold18_cool0_none_2p0x_0p15_6d7dbef8,debounced_momentum_hysteresis_efficiency_repair,ETHUSDT,1h,short_only,12,0.02,0.005,18,0,none,,0.0,0.0,2.0,0.15,0.3,0.03666214066761797,0.03288024097522202,0.019021178866080346,0.1385102252995727,0.08519921050327728,0.01033600402903212,0.32042485795502296,1.0020176231475586,2.4246996458584005,310,84,30,3180,852,301,1.1150204372056132,0.0037818996923959514,3.942165663184728,13.04771467270715,21.134643184533715,True,False,False,False,train_dominant_shadow_until_execution_efficiency,False,False,False,"{""live_notional_fraction"": 0.3, ""parity"": true, ""recorded"": true, ""replay_notional_fraction"": 0.3, ""sizing_mode"": ""notional_fraction_equals_leverage_times_allocation_fraction""}",0,0,train_return_per_turnover_proxy_bps_3.942_not_above_10.000
8644,debrepair_debounced_efficiency_repair_1h_ethusdt_short_only_lb12_e0p02_x0p005_hold18_cool0_none_3p0x_0p1_6501c92c,debounced_momentum_hysteresis_efficiency_repair,ETHUSDT,1h,short_only,12,0.02,0.005,18,0,none,,0.0,0.0,3.0,0.1,0.30000000000000004,0.03666214066761775,0.03288024097522202,0.019021178866080346,0.13851022529957235,0.08519921050327728,0.01033600402903212,0.3204248579550231,1.002017623147559,2.4246996458584,310,84,30,3180,852,301,1.1150204372056063,0.0037818996923957293,3.9421656631847033,13.047714672707148,21.13464318453371,True,False,False,False,train_dominant_shadow_until_execution_efficiency,False,False,False,"{""live_notional_fraction"": 0.30000000000000004, ""parity"": true, ""recorded"": true, ""replay_notional_fraction"": 0.30000000000000004, ""sizing_mode"": ""notional_fraction_equals_leverage_times_allocation_fraction""}",0,0,train_return_per_turnover_proxy_bps_3.942_not_above_10.000
8677,debrepair_debounced_efficiency_repair_1h_ethusdt_short_only_lb12_e0p02_x0p005_hold18_cool0_none_4p0x_0p1_519cbad3,debounced_momentum_hysteresis_efficiency_repair,ETHUSDT,1h,short_only,12,0.02,0.005,18,0,none,,0.0,0.0,4.0,0.1,0.4,0.044308258146564805,0.04294014548865821,0.025330988853406566,0.18112393755885792,0.11232887981616813,0.013764042521287267,0.32042485795502335,1.00201762314756,2.4246996458584,310,84,30,3180,852,301,1.0318609227411202,0.001368112657906595,3.573246624722968,12.7798052049578,21.109157377838805,True,False,False,False,train_dominant_shadow_until_execution_efficiency,False,False,False,"{""live_notional_fraction"": 0.4, ""parity"": true, ""recorded"": true, ""replay_notional_fraction"": 0.4, ""sizing_mode"": ""notional_fraction_equals_leverage_times_allocation_fraction""}",0,0,train_return_per_turnover_proxy_bps_3.573_not_above_10.000
8876,debrepair_debounced_efficiency_repair_1h_ethusdt_short_only_lb12_e0p025_x0p0_hold12_cool6_adx20_4p0x_0p1_78bf9b9b,debounced_momentum_hysteresis_efficiency_repair,ETHUSDT,1h,short_only,12,0.025,0.0,12,6,adx20,,20.0,0.0,4.0,0.1,0.4,0.08416960485578828,0.022815489463603456,0.024810850579928267,0.14950049468389504,0.08515511447919066,0.010593028825825468,0.5490494291484043,0.6173020284303264,2.6306685490192105,284,68,24,2221,584,211,3.6891430705468906,0.06135411539218483,7.409296202094039,8.388047596913035,25.84463602075861,True,False,False,False,train_dominant_shadow_until_execution_efficiency,False,False,False,"{""live_notional_fraction"": 0.4, ""parity"": true, ""recorded"": true, ""replay_notional_fraction"": 0.4, ""sizing_mode"": ""notional_fraction_equals_leverage_times_allocation_fraction""}",0,0,train_return_per_turnover_proxy_bps_7.409_not_above_10.000;validation_return_per_turnover_proxy_bps_8.388_not_above_10.000
8977,debrepair_debounced_efficiency_repair_1h_ethusdt_short_only_lb12_e0p025_x0p0_hold12_cool6_adx20_3p0x_0p15_72b734c9,debounced_momentum_hysteresis_efficiency_repair,ETHUSDT,1h,short_only,12,0.025,0.0,12,6,adx20,,20.0,0.0,3.0,0.15,0.44999999999999996,0.09284503764464636,0.025173508206928208,0.02790462939166094,0.16727415450818917,0.09542238766778066,0.011912396817922999,0.5490494291484038,0.6173020284303261,2.63066854901921,284,68,24,2221,584,211,3.6882041581750498,0.06767152943771815,7.264869925246194,8.226636668930787,25.837619807093464,True,False,False,False,train_dominant_shadow_until_execution_efficiency,False,False,False,"{""live_notional_fraction"": 0.44999999999999996, ""parity"": true, ""recorded"": true, ""replay_notional_fraction"": 0.44999999999999996, ""sizing_mode"": ""notional_fraction_equals_leverage_times_allocation_fraction""}",0,0,train_return_per_turnover_proxy_bps_7.265_not_above_10.000;validation_return_per_turnover_proxy_bps_8.227_not_above_10.000
9186,debrepair_debounced_efficiency_repair_1h_solusdt_long_short_lb6_e0p03_x0p0_hold12_cool12_adx20_3p0x_0p15_34e2906b,debounced_momentum_hysteresis_efficiency_repair,SOLUSDT,1h,long_short,6,0.03,0.0,12,12,adx20,,20.0,0.0,3.0,0.15,0.44999999999999996,0.08425466102545531,0.021431284702295716,0.0057687480493062715,0.1948852361351694,0.08177434665715133,0.028671903607979332,0.4544905633833701,0.5429739888662406,0.5405576623067694,358,86,22,2575,597,147,3.9313863912427967,0.0628233763231596,5.229960336775624,5.537799664675896,5.827018231622497,True,False,False,False,train_dominant_shadow_until_execution_efficiency,False,False,False,"{""live_notional_fraction"": 0.44999999999999996, ""parity"": true, ""recorded"": true, ""replay_notional_fraction"": 0.44999999999999996, ""sizing_mode"": ""notional_fraction_equals_leverage_times_allocation_fraction""}",0,0,train_return_per_turnover_proxy_bps_5.230_not_above_10.000;validation_return_per_turnover_proxy_bps_5.538_not_above_10.000;locked_oos_return_per_turnover_proxy_bps_5.827_not_above_10.000
9251,debrepair_debounced_efficiency_repair_1h_solusdt_long_short_lb6_e0p03_x0p0_hold12_cool12_none_3p0x_0p15_1beb823a,debounced_momentum_hysteresis_efficiency_repair,SOLUSDT,1h,long_short,6,0.03,0.0,12,12,none,,0.0,0.0,3.0,0.15,0.44999999999999996,0.07016881614443005,0.021595445564251525,0.0057687480493062715,0.19534881414875072,0.08162677264313756,0.028671903607979332,0.39996135506636127,0.546312035020542,0.5405576623067694,358,86,22,2596,599,147,3.249241416930312,0.04857337058017852,4.355606216289885,5.580218492054659,5.827018231622497,True,False,False,False,train_dominant_shadow_until_execution_efficiency,False,False,False,"{""live_notional_fraction"": 0.44999999999999996, ""parity"": true, ""recorded"": true, ""replay_notional_fraction"": 0.44999999999999996, ""sizing_mode"": ""notional_fraction_equals_leverage_times_allocation_fraction""}",0,0,train_return_per_turnover_proxy_bps_4.356_not_above_10.000;validation_return_per_turnover_proxy_bps_5.580_not_above_10.000;locked_oos_return_per_turnover_proxy_bps_5.827_not_above_10.000
9840,debrepair_debounced_efficiency_repair_1h_ethusdt_short_only_lb12_e0p02_x0p005_hold12_cool0_none_4p0x_0p1_0a80724c,debounced_momentum_hysteresis_efficiency_repair,ETHUSDT,1h,short_only,12,0.02,0.005,12,0,none,,0.0,0.0,4.0,0.1,0.4,0.09779150822001448,0.02189710664731548,0.015562459935175132,0.16775124870031288,0.11630126713484779,0.012020837760089775,0.6034435765913607,0.5832937357003268,1.6781672200630386,346,92,34,2544,683,240,4.4659556988550095,0.075894401572699,7.065860420521277,5.9503007193792055,11.442985246452302,True,False,False,False,train_dominant_shadow_until_execution_efficiency,False,False,False,"{""live_notional_fraction"": 0.4, ""parity"": true, ""recorded"": true, ""replay_notional_fraction"": 0.4, ""sizing_mode"": ""notional_fraction_equals_leverage_times_allocation_fraction""}",0,0,train_return_per_turnover_proxy_bps_7.066_not_above_10.000;validation_return_per_turnover_proxy_bps_5.950_not_above_10.000
