rank,model_id,family,symbol,timeframe,side,lookback_bars,threshold,exit_threshold,min_hold_bars,leverage,allocation_fraction,notional_fraction,train_return,validation_return,locked_oos_return,train_mdd,validation_mdd,locked_oos_mdd,train_sharpe,validation_sharpe,locked_oos_sharpe,train_trade_event_count,validation_trade_event_count,locked_oos_trade_event_count,train_exposure_bar_count,validation_exposure_bar_count,locked_oos_exposure_bar_count,train_validation_return_ratio,train_minus_validation_return,train_return_per_turnover_proxy_bps,validation_return_per_turnover_proxy_bps,locked_oos_return_per_turnover_proxy_bps,train_dominant_sample_gate_pass,execution_efficiency_proxy_gate_pass,paper_candidate_gate_pass,decision,ready_for_paper,ready_for_real,real_money_execution,locked_oos_liquidation_count,locked_oos_account_wipeout_count,rejection_reasons
1,divtd_debounced_hysteresis_trend_1h_dogeusdt_long_short_lb6_e0p02_x0p005_hold12_3p0x_0p15_43bee855,debounced_momentum_hysteresis,DOGEUSDT,1h,long_short,6,0.02,0.005,12,3.0,0.15,0.44999999999999996,0.993969852453128,0.28176529635886594,0.0,0.28436224368153384,0.09218559922534142,0.0,2.101462147851255,4.833112597266285,0.0,739,122,0,5570,905,0,3.527651791394402,0.712204556094262,29.88933551204715,51.323369099975594,,False,False,False,no_promotion_shadow_or_reject,False,False,False,0,0,locked_oos_trade_event_count_0_below_20;locked_oos_return_not_positive;locked_oos_return_per_turnover_proxy_bps_missing_not_above_10.000
2,divtd_debounced_hysteresis_trend_1h_dogeusdt_long_short_lb6_e0p02_x0p005_hold6_3p0x_0p15_3d3d00fd,debounced_momentum_hysteresis,DOGEUSDT,1h,long_short,6,0.02,0.005,6,3.0,0.15,0.44999999999999996,0.2705298981364872,0.28993391194567897,0.0,0.20166859475309185,0.06971966557978237,0.0,0.890177630858349,5.308518151394656,0.0,1053,157,0,4471,700,0,0.9330743558800143,-0.019404013809191767,5.7091885224540935,41.03806255423624,,False,False,False,no_promotion_shadow_or_reject,False,False,False,0,0,locked_oos_trade_event_count_0_below_20;train_return_0.2705_below_validation_return_0.2899;train_validation_return_ratio_0.9331_below_1.00;locked_oos_return_not_positive;train_return_per_turnover_proxy_bps_5.709_not_above_10.000;locked_oos_return_per_turnover_proxy_bps_missing_not_above_10.000
3,divtd_hysteresis_trend_2h_dogeusdt_long_short_lb6_e0p01_x0p0_4p0x_0p15_b7db27da,stateful_momentum_hysteresis,DOGEUSDT,2h,long_short,6,0.01,0.0,0,4.0,0.15,0.6,0.5247650540470925,0.2744747727196115,0.0,0.26800426118030385,0.107465409709538,0.0,1.0798176045099943,3.3555034412388327,0.0,840,147,0,3515,565,0,1.9118881085044706,0.250290281327481,10.412005040616915,31.119588743720126,,False,False,False,no_promotion_shadow_or_reject,False,False,False,0,0,locked_oos_trade_event_count_0_below_20;locked_oos_return_not_positive;locked_oos_return_per_turnover_proxy_bps_missing_not_above_10.000
4,divtd_debounced_hysteresis_trend_1h_ethusdt_long_short_lb6_e0p02_x0p005_hold12_3p0x_0p15_5ea41145,debounced_momentum_hysteresis,ETHUSDT,1h,long_short,6,0.02,0.005,12,3.0,0.15,0.44999999999999996,0.2509158359635968,0.2354729172278791,0.013121779823674018,0.1788205870371572,0.04625339233583026,0.03216301103714814,0.9997389361610323,3.6540601512975766,0.8346040982264746,596,147,55,4319,1023,366,1.0655825685497955,0.015442918735717681,9.355549439358567,35.59681288403313,5.301729221686473,True,False,False,train_dominant_shadow_until_execution_efficiency,False,False,False,0,0,train_return_per_turnover_proxy_bps_9.356_not_above_10.000;locked_oos_return_per_turnover_proxy_bps_5.302_not_above_10.000
5,divtd_debounced_hysteresis_trend_1h_dogeusdt_long_short_lb6_e0p02_x0p005_hold12_4p0x_0p1_995bc9d9,debounced_momentum_hysteresis,DOGEUSDT,1h,long_short,6,0.02,0.005,12,4.0,0.1,0.4,0.8585049362005268,0.24785748337012548,0.0,0.25697585826300473,0.08212855240116124,0.0,2.1014621478512545,4.833112597266285,0.0,739,122,0,5570,905,0,3.4637039177813396,0.6106474528304013,29.042792158339875,50.79046790371423,,False,False,False,no_promotion_shadow_or_reject,False,False,False,0,0,locked_oos_trade_event_count_0_below_20;locked_oos_return_not_positive;locked_oos_return_per_turnover_proxy_bps_missing_not_above_10.000
6,divtd_debounced_hysteresis_trend_1h_dogeusdt_long_short_lb6_e0p02_x0p005_hold6_4p0x_0p1_823bde9e,debounced_momentum_hysteresis,DOGEUSDT,1h,long_short,6,0.02,0.005,6,4.0,0.1,0.4,0.24380299661161264,0.2547909707188385,0.0,0.18080187363135614,0.062165263783561686,0.0,0.890177630858349,5.308518151394656,0.0,1053,157,0,4471,700,0,0.9568745545565228,-0.01098797410722585,5.788295266182637,40.571810624018866,,False,False,False,no_promotion_shadow_or_reject,False,False,False,0,0,locked_oos_trade_event_count_0_below_20;train_return_0.2438_below_validation_return_0.2548;train_validation_return_ratio_0.9569_below_1.00;locked_oos_return_not_positive;train_return_per_turnover_proxy_bps_5.788_not_above_10.000;locked_oos_return_per_turnover_proxy_bps_missing_not_above_10.000
7,divtd_debounced_hysteresis_trend_1h_xrpusdt_long_short_lb6_e0p02_x0p005_hold24_3p0x_0p15_27e28a40,debounced_momentum_hysteresis,XRPUSDT,1h,long_short,6,0.02,0.005,24,3.0,0.15,0.44999999999999996,0.31135697396444817,0.24053153689933104,0.0,0.25668842747895426,0.07898948958585716,0.0,0.974311255667846,4.02118157150122,0.0,426,81,0,5756,1158,0,1.294453849911413,0.07082543706511713,16.24188700910006,65.98944770900715,,False,False,False,no_promotion_shadow_or_reject,False,False,False,0,0,locked_oos_trade_event_count_0_below_20;locked_oos_return_not_positive;locked_oos_return_per_turnover_proxy_bps_missing_not_above_10.000
8,divtd_debounced_hysteresis_trend_2h_dogeusdt_short_only_lb6_e0p02_x0p005_hold24_3p0x_0p15_7f0a0492,debounced_momentum_hysteresis,DOGEUSDT,2h,short_only,6,0.02,0.005,24,3.0,0.15,0.44999999999999996,0.5074674872881102,0.22668593348775112,0.0,0.20142930676072202,0.052620863610041035,0.0,1.3781217338818499,4.4605425527960145,0.0,209,37,0,2770,458,0,2.238636864141952,0.2807815538003591,53.95720226348859,136.14770780045114,,False,False,False,no_promotion_shadow_or_reject,False,False,False,0,0,locked_oos_trade_event_count_0_below_20;locked_oos_return_not_positive;locked_oos_return_per_turnover_proxy_bps_missing_not_above_10.000
9,divtd_debounced_hysteresis_trend_1h_ethusdt_long_short_lb6_e0p02_x0p005_hold12_4p0x_0p1_ad1d7a5e,debounced_momentum_hysteresis,ETHUSDT,1h,long_short,6,0.02,0.005,12,4.0,0.1,0.4,0.22414152038527901,0.2076519842468023,0.011767647182372665,0.16019098029253453,0.041185611408282474,0.028603864639553445,0.9997389361610326,3.6540601512975766,0.8346040982264743,596,147,55,4319,1023,366,1.079409480233419,0.0164895361384767,9.401909412134186,35.3149633072793,5.34893053744212,True,False,False,train_dominant_shadow_until_execution_efficiency,False,False,False,0,0,train_return_per_turnover_proxy_bps_9.402_not_above_10.000;locked_oos_return_per_turnover_proxy_bps_5.349_not_above_10.000
10,divtd_debounced_hysteresis_trend_1h_solusdt_long_short_lb6_e0p02_x0p005_hold12_3p0x_0p15_b2ab0da6,debounced_momentum_hysteresis,SOLUSDT,1h,long_short,6,0.02,0.005,12,3.0,0.15,0.44999999999999996,0.28041686459635407,0.21591740972029294,-0.06213579599742003,0.27538480777361407,0.06428833997482886,0.07278094232840171,0.9204666973824077,3.1210059603183713,-3.458583134030848,701,156,63,5230,1131,399,1.2987228077606896,0.06449945487606112,8.88942350915689,30.757465772121506,-21.91738835887832,False,False,False,no_promotion_shadow_or_reject,False,False,False,0,0,locked_oos_return_not_positive;train_return_per_turnover_proxy_bps_8.889_not_above_10.000;locked_oos_return_per_turnover_proxy_bps_-21.917_not_above_10.000
11,divtd_funding_carry_momentum_4h_dogeusdt_lb6_2e-05_4p0x_0p1_23f1a9ac,funding_carry_momentum,DOGEUSDT,4h,long_short,6,2e-05,0.0,0,4.0,0.1,0.4,0.47331895323118034,0.20268381318801953,0.0,0.12418063420334824,0.045269437274835234,0.0,1.7551187621792848,5.433300269688919,0.0,362,58,0,795,139,0,2.3352577879127736,0.2706351400431608,32.687773013203056,87.36371258104289,,False,False,False,no_promotion_shadow_or_reject,False,False,False,0,0,locked_oos_trade_event_count_0_below_20;locked_oos_return_not_positive;locked_oos_return_per_turnover_proxy_bps_missing_not_above_10.000
12,divtd_debounced_hysteresis_trend_1h_xrpusdt_long_short_lb6_e0p02_x0p005_hold24_4p0x_0p1_c065b909,debounced_momentum_hysteresis,XRPUSDT,1h,long_short,6,0.02,0.005,24,4.0,0.1,0.4,0.2795519224329359,0.2122122213775759,0.0,0.23131712692018247,0.07044998456310236,0.0,0.9743112556678464,4.02118157150122,0.0,426,81,0,5756,1158,0,1.317322445513384,0.06733970105536002,16.405629250759148,65.49759919060985,,False,False,False,no_promotion_shadow_or_reject,False,False,False,0,0,locked_oos_trade_event_count_0_below_20;locked_oos_return_not_positive;locked_oos_return_per_turnover_proxy_bps_missing_not_above_10.000
13,divtd_debounced_hysteresis_trend_1h_dogeusdt_long_short_lb12_e0p02_x0p005_hold12_3p0x_0p15_ee8cf63f,debounced_momentum_hysteresis,DOGEUSDT,1h,long_short,12,0.02,0.005,12,3.0,0.15,0.44999999999999996,0.37109240595718584,0.20884315567565603,0.0,0.19428262757844028,0.06416247924405372,0.0,1.0146247039949083,3.516291394942989,0.0,721,116,0,6471,1054,0,1.776895224344872,0.1622492502815298,11.437583786629245,40.00826737081534,,False,False,False,no_promotion_shadow_or_reject,False,False,False,0,0,locked_oos_trade_event_count_0_below_20;locked_oos_return_not_positive;locked_oos_return_per_turnover_proxy_bps_missing_not_above_10.000
14,divtd_debounced_hysteresis_trend_2h_dogeusdt_short_only_lb6_e0p02_x0p005_hold24_4p0x_0p1_021a6ccc,debounced_momentum_hysteresis,DOGEUSDT,2h,short_only,6,0.02,0.005,24,4.0,0.1,0.4,0.44841878776900557,0.19988878567308532,0.0,0.18066380378940916,0.04685350780118647,0.0,1.3781217338818499,4.4605425527960145,0.0,209,37,0,2770,458,0,2.2433413973627654,0.24853000209592024,53.638610977153775,135.05999031965223,,False,False,False,no_promotion_shadow_or_reject,False,False,False,0,0,locked_oos_trade_event_count_0_below_20;locked_oos_return_not_positive;locked_oos_return_per_turnover_proxy_bps_missing_not_above_10.000
15,divtd_funding_carry_momentum_1h_dogeusdt_lb6_2e-05_4p0x_0p1_8374f051,funding_carry_momentum,DOGEUSDT,1h,long_short,6,2e-05,0.0,0,4.0,0.1,0.4,0.42890108906383695,0.19021274422050038,0.0,0.18232210283886718,0.03772671547723794,0.0,1.6057466505336155,5.437422065406868,0.0,1134,176,0,3304,547,0,2.2548493836282693,0.23868834484333656,9.455491381477886,27.01885571313926,,False,False,False,no_promotion_shadow_or_reject,False,False,False,0,0,locked_oos_trade_event_count_0_below_20;locked_oos_return_not_positive;train_return_per_turnover_proxy_bps_9.455_not_above_10.000;locked_oos_return_per_turnover_proxy_bps_missing_not_above_10.000
16,divtd_debounced_hysteresis_trend_2h_dogeusdt_long_short_lb6_e0p02_x0p005_hold6_3p0x_0p15_0fa78e64,debounced_momentum_hysteresis,DOGEUSDT,2h,long_short,6,0.02,0.005,6,3.0,0.15,0.44999999999999996,0.21296717938991838,0.2008705322334039,0.0,0.16354367217048382,0.06728762091068752,0.0,0.7073703366611607,3.4495733497310375,0.0,653,102,0,3004,465,0,1.0602211136796245,0.012096647156514484,7.247479305425163,43.76264318810543,,False,False,False,no_promotion_shadow_or_reject,False,False,False,0,0,locked_oos_trade_event_count_0_below_20;locked_oos_return_not_positive;train_return_per_turnover_proxy_bps_7.247_not_above_10.000;locked_oos_return_per_turnover_proxy_bps_missing_not_above_10.000
17,divtd_hysteresis_trend_2h_dogeusdt_long_short_lb6_e0p01_x0p0_3p0x_0p15_076efbb8,stateful_momentum_hysteresis,DOGEUSDT,2h,long_short,6,0.01,0.0,0,3.0,0.15,0.44999999999999996,0.40569298598201065,0.20323656237881127,0.0,0.20741191766302947,0.08117567271199944,0.0,1.079817604509994,3.3555034412388314,0.0,840,147,0,3515,565,0,1.9961614250581654,0.20245642360319938,10.73261867677277,30.723592196343358,,False,False,False,no_promotion_shadow_or_reject,False,False,False,0,0,locked_oos_trade_event_count_0_below_20;locked_oos_return_not_positive;locked_oos_return_per_turnover_proxy_bps_missing_not_above_10.000
18,divtd_debounced_hysteresis_trend_1h_solusdt_long_short_lb6_e0p02_x0p005_hold12_4p0x_0p1_225aa24a,debounced_momentum_hysteresis,SOLUSDT,1h,long_short,6,0.02,0.005,12,4.0,0.1,0.4,0.25227471650458044,0.19080951721840966,-0.05530580754676684,0.24781956032350427,0.05727599519130766,0.06484815427137502,0.920466697382408,3.1210059603183717,-3.458583134030848,701,156,63,5230,1131,399,1.3221285823799596,0.06146519928617078,8.996958505869488,30.57844827218103,-21.946749026494775,False,False,False,no_promotion_shadow_or_reject,False,False,False,0,0,locked_oos_return_not_positive;train_return_per_turnover_proxy_bps_8.997_not_above_10.000;locked_oos_return_per_turnover_proxy_bps_-21.947_not_above_10.000
19,divtd_debounced_hysteresis_trend_1h_dogeusdt_long_short_lb6_e0p02_x0p005_hold6_3p0x_0p1_a2802450,debounced_momentum_hysteresis,DOGEUSDT,1h,long_short,6,0.02,0.005,6,3.0,0.1,0.30000000000000004,0.18726577344156015,0.18675944539114941,0.0,0.13792092387838717,0.046913366013509594,0.0,0.890177630858349,5.308518151394656,0.0,1053,157,0,4471,700,0,1.0027111241916054,0.0005063280504107315,5.92800802284141,39.651686919564625,,False,False,False,no_promotion_shadow_or_reject,False,False,False,0,0,locked_oos_trade_event_count_0_below_20;locked_oos_return_not_positive;train_return_per_turnover_proxy_bps_5.928_not_above_10.000;locked_oos_return_per_turnover_proxy_bps_missing_not_above_10.000
20,divtd_debounced_hysteresis_trend_1h_dogeusdt_long_short_lb12_e0p02_x0p005_hold12_4p0x_0p1_391caa84,debounced_momentum_hysteresis,DOGEUSDT,1h,long_short,12,0.02,0.005,12,4.0,0.1,0.4,0.3334484791325836,0.18467176455906942,0.0,0.17290385694763932,0.057152499521159195,0.0,1.0146247039949086,3.5162913949429906,0.0,721,116,0,6471,1054,0,1.8056278388238727,0.14877671457351416,11.562013839548667,39.79994925842013,,False,False,False,no_promotion_shadow_or_reject,False,False,False,0,0,locked_oos_trade_event_count_0_below_20;locked_oos_return_not_positive;locked_oos_return_per_turnover_proxy_bps_missing_not_above_10.000
21,divtd_debounced_hysteresis_trend_2h_ethusdt_long_short_lb6_e0p02_x0p005_hold24_3p0x_0p15_9e389702,debounced_momentum_hysteresis,ETHUSDT,2h,long_short,6,0.02,0.005,24,3.0,0.15,0.44999999999999996,0.4327375515367826,0.19096584465519206,-0.08927761000030554,0.15264915890424646,0.08140245174798644,0.13877318172575925,1.355099537744273,2.624386577520002,-4.145689981619163,240,58,31,3382,816,383,2.266046854180304,0.24177170688159055,40.068291808961355,73.16699028934562,-63.99828673857028,False,False,False,no_promotion_shadow_or_reject,False,False,False,0,0,locked_oos_return_not_positive;locked_oos_return_per_turnover_proxy_bps_-63.998_not_above_10.000
22,divtd_debounced_hysteresis_trend_1h_dogeusdt_long_short_lb6_e0p02_x0p005_hold12_3p0x_0p1_d9a3838d,debounced_momentum_hysteresis,DOGEUSDT,1h,long_short,6,0.02,0.005,12,3.0,0.1,0.30000000000000004,0.6069336272915409,0.18202548884864322,0.0,0.19924733916243054,0.061869925794187486,0.0,2.1014621478512554,4.833112597266286,0.0,739,122,0,5570,905,0,3.3343331811964796,0.42490813844289765,27.376347645085286,49.7337401225801,,False,False,False,no_promotion_shadow_or_reject,False,False,False,0,0,locked_oos_trade_event_count_0_below_20;locked_oos_return_not_positive;locked_oos_return_per_turnover_proxy_bps_missing_not_above_10.000
23,divtd_debounced_hysteresis_trend_2h_dogeusdt_long_short_lb6_e0p02_x0p005_hold6_4p0x_0p1_3a09c30a,debounced_momentum_hysteresis,DOGEUSDT,2h,long_short,6,0.02,0.005,6,4.0,0.1,0.4,0.19511998078943882,0.1776922164723509,0.0,0.14498068945758158,0.059931996133122944,0.0,0.7073703366611608,3.449573349731037,0.0,653,102,0,3004,465,0,1.0980783776750271,0.017427764317087924,7.470137089947888,43.55201384126247,,False,False,False,no_promotion_shadow_or_reject,False,False,False,0,0,locked_oos_trade_event_count_0_below_20;locked_oos_return_not_positive;train_return_per_turnover_proxy_bps_7.470_not_above_10.000;locked_oos_return_per_turnover_proxy_bps_missing_not_above_10.000
24,divtd_debounced_hysteresis_trend_1h_ethusdt_short_only_lb6_e0p02_x0p005_hold24_3p0x_0p15_5bb4d7aa,debounced_momentum_hysteresis,ETHUSDT,1h,short_only,6,0.02,0.005,24,3.0,0.15,0.44999999999999996,0.20879741116130557,0.18111973536986725,-0.017900106497674595,0.22423268225286253,0.06894785055860142,0.0471816526752693,0.9317540725017052,3.19751193401379,-1.1769841912085166,284,68,28,3613,883,351,1.1528142459733466,0.027677675791438316,16.337825599476183,59.18945600322459,-14.206433728313172,False,False,False,no_promotion_shadow_or_reject,False,False,False,0,0,locked_oos_return_not_positive;locked_oos_return_per_turnover_proxy_bps_-14.206_not_above_10.000
25,divtd_hysteresis_trend_2h_dogeusdt_long_short_lb6_e0p01_x0p0_4p0x_0p1_a010cbce,stateful_momentum_hysteresis,DOGEUSDT,2h,long_short,6,0.01,0.0,0,4.0,0.1,0.4,0.36323891776635775,0.1798424332471913,0.0,0.18630732479345824,0.07232505157611002,0.0,1.0798176045099952,3.355503441238832,0.0,840,147,0,3515,565,0,2.0197620283923214,0.18339648451916646,10.810682076379695,30.58544783115498,,False,False,False,no_promotion_shadow_or_reject,False,False,False,0,0,locked_oos_trade_event_count_0_below_20;locked_oos_return_not_positive;locked_oos_return_per_turnover_proxy_bps_missing_not_above_10.000
26,divtd_debounced_hysteresis_trend_1h_adausdt_long_short_lb12_e0p04_x0p01_hold24_3p0x_0p15_91755a51,debounced_momentum_hysteresis,ADAUSDT,1h,long_short,12,0.04,0.01,24,3.0,0.15,0.44999999999999996,0.3964264264808801,0.17496839034705025,0.0,0.23594346540207434,0.060626783394902795,0.0,1.0440094799364132,3.424191730916675,0.0,320,57,0,4406,773,0,2.265703111828184,0.22145803613382986,27.52961295006112,68.21379740625741,,False,False,False,no_promotion_shadow_or_reject,False,False,False,0,0,locked_oos_trade_event_count_0_below_20;locked_oos_return_not_positive;locked_oos_return_per_turnover_proxy_bps_missing_not_above_10.000
27,divtd_debounced_hysteresis_trend_1h_xrpusdt_long_short_lb6_e0p02_x0p005_hold12_3p0x_0p15_b19a6bc5,debounced_momentum_hysteresis,XRPUSDT,1h,long_short,6,0.02,0.005,12,3.0,0.15,0.44999999999999996,0.18251058151012067,0.1977147493257958,0.0,0.2207898961439887,0.06641348788914969,0.0,0.6841165266220628,3.613287051250716,0.0,623,128,0,4530,903,0,0.923100487608936,-0.01520416781567513,6.510097432142703,34.32547731350622,,False,False,False,no_promotion_shadow_or_reject,False,False,False,0,0,locked_oos_trade_event_count_0_below_20;train_return_0.1825_below_validation_return_0.1977;train_validation_return_ratio_0.9231_below_1.00;locked_oos_return_not_positive;train_return_per_turnover_proxy_bps_6.510_not_above_10.000;locked_oos_return_per_turnover_proxy_bps_missing_not_above_10.000
28,divtd_debounced_hysteresis_trend_1h_dogeusdt_long_short_lb6_e0p04_x0p01_hold6_3p0x_0p15_b347e2c0,debounced_momentum_hysteresis,DOGEUSDT,1h,long_short,6,0.04,0.01,6,3.0,0.15,0.44999999999999996,0.19052763064775546,0.16372916956097905,0.0,0.11676445852738482,0.04819283723500423,0.0,0.8596635550714494,4.961369020682123,0.0,422,57,0,1578,228,0,1.1636755451617657,0.026798461086776415,10.033050587032939,63.832034916561035,,False,False,False,no_promotion_shadow_or_reject,False,False,False,0,0,locked_oos_trade_event_count_0_below_20;locked_oos_return_not_positive;locked_oos_return_per_turnover_proxy_bps_missing_not_above_10.000
29,divtd_debounced_hysteresis_trend_2h_ethusdt_long_short_lb6_e0p02_x0p005_hold24_4p0x_0p1_b9e2b7cf,debounced_momentum_hysteresis,ETHUSDT,2h,long_short,6,0.02,0.005,24,4.0,0.1,0.4,0.38264300635874804,0.1692268389991447,-0.07959108090972589,0.13662046378474757,0.07251904933248221,0.12423713093010835,1.3550995377442727,2.624386577520002,-4.145689981619163,240,58,31,3382,816,383,2.2611248228815644,0.21341616735960334,39.85864649570292,72.94260301687271,-64.18635557235959,False,False,False,no_promotion_shadow_or_reject,False,False,False,0,0,locked_oos_return_not_positive;locked_oos_return_per_turnover_proxy_bps_-64.186_not_above_10.000
30,divtd_debounced_hysteresis_trend_1h_ethusdt_long_short_lb6_e0p02_x0p005_hold12_3p0x_0p1_fe4dbf27,debounced_momentum_hysteresis,ETHUSDT,1h,long_short,6,0.02,0.005,12,3.0,0.1,0.30000000000000004,0.16946093195940803,0.15325401763869384,0.008980971001084637,0.12201161231010849,0.03099656902390957,0.021474328538019005,0.9997389361610323,3.654060151297575,0.8346040982264745,596,147,55,4319,1023,366,1.1057519702936796,0.016206914320714194,9.47768075835615,34.751477922606306,5.443012727930082,True,False,False,train_dominant_shadow_until_execution_efficiency,False,False,False,0,0,train_return_per_turnover_proxy_bps_9.478_not_above_10.000;locked_oos_return_per_turnover_proxy_bps_5.443_not_above_10.000
31,divtd_funding_carry_momentum_6h_adausdt_lb6_5e-05_4p0x_0p1_b04e043a,funding_carry_momentum,ADAUSDT,6h,long_short,6,5e-05,0.0,0,4.0,0.1,0.4,0.25957913079921235,0.15200267908177034,0.0,0.13855575911316242,0.028920609689348065,0.0,1.1468209517342003,4.494940000225196,0.0,190,39,0,479,102,0,1.7077273398554436,0.10757645171744201,34.155148789370045,97.43761479600661,,False,False,False,no_promotion_shadow_or_reject,False,False,False,0,0,locked_oos_trade_event_count_0_below_20;locked_oos_return_not_positive;locked_oos_return_per_turnover_proxy_bps_missing_not_above_10.000
32,divtd_debounced_hysteresis_trend_1h_xrpusdt_long_short_lb6_e0p02_x0p005_hold12_4p0x_0p1_f9c18cb7,debounced_momentum_hysteresis,XRPUSDT,1h,long_short,6,0.02,0.005,12,4.0,0.1,0.4,0.166517489662934,0.17481862639317747,0.0,0.19851891458338766,0.0591886862449853,0.0,0.6841165266220625,3.613287051250716,0.0,623,128,0,4530,903,0,0.9525157192828314,-0.008301136730243464,6.682082249716452,34.14426296741747,,False,False,False,no_promotion_shadow_or_reject,False,False,False,0,0,locked_oos_trade_event_count_0_below_20;train_return_0.1665_below_validation_return_0.1748;train_validation_return_ratio_0.9525_below_1.00;locked_oos_return_not_positive;train_return_per_turnover_proxy_bps_6.682_not_above_10.000;locked_oos_return_per_turnover_proxy_bps_missing_not_above_10.000
33,divtd_hysteresis_trend_4h_dogeusdt_long_short_lb6_e0p01_x0p0_4p0x_0p15_96d9f90a,stateful_momentum_hysteresis,DOGEUSDT,4h,long_short,6,0.01,0.0,0,4.0,0.15,0.6,0.2618961832386466,0.18358556845752672,0.0,0.3040461247086972,0.1185715476500162,0.0,0.70995283164551,2.3421553687498537,0.0,416,77,0,1836,311,0,1.4265619320684098,0.07831061478111989,10.492635546420138,39.73713602976769,,False,False,False,no_promotion_shadow_or_reject,False,False,False,0,0,locked_oos_trade_event_count_0_below_20;locked_oos_return_not_positive;locked_oos_return_per_turnover_proxy_bps_missing_not_above_10.000
34,divtd_debounced_hysteresis_trend_4h_dogeusdt_long_short_lb6_e0p02_x0p005_hold6_3p0x_0p15_50f3e97c,debounced_momentum_hysteresis,DOGEUSDT,4h,long_short,6,0.02,0.005,6,3.0,0.15,0.44999999999999996,0.24408847053638616,0.17076052068037462,0.0,0.22338525761710093,0.08893965308240726,0.0,0.7680499400119241,2.88559916733247,0.0,333,61,0,1714,285,0,1.4294198071301563,0.07332794985601154,16.288853555981724,62.207839956420635,,False,False,False,no_promotion_shadow_or_reject,False,False,False,0,0,locked_oos_trade_event_count_0_below_20;locked_oos_return_not_positive;locked_oos_return_per_turnover_proxy_bps_missing_not_above_10.000
35,divtd_debounced_hysteresis_trend_1h_ethusdt_short_only_lb6_e0p02_x0p005_hold24_4p0x_0p1_cb058a5e,debounced_momentum_hysteresis,ETHUSDT,1h,short_only,6,0.02,0.005,24,4.0,0.1,0.4,0.18673429002884911,0.1601518579233796,-0.01584527014735393,0.2018105357968395,0.06144756509487215,0.04200609212709849,0.9317540725017055,3.1975119340137894,-1.1769841912085166,284,68,28,3613,883,351,1.1659826645169935,0.02658243210546951,16.437877643384603,58.87935953065426,-14.147562631566007,False,False,False,no_promotion_shadow_or_reject,False,False,False,0,0,locked_oos_return_not_positive;locked_oos_return_per_turnover_proxy_bps_-14.148_not_above_10.000
36,divtd_debounced_hysteresis_trend_1h_xrpusdt_long_short_lb6_e0p02_x0p005_hold24_3p0x_0p1_816fdd0f,debounced_momentum_hysteresis,XRPUSDT,1h,long_short,6,0.02,0.005,24,3.0,0.1,0.30000000000000004,0.21316628605171228,0.1567558174122532,0.0,0.17831912517663984,0.053202951279994526,0.0,0.9743112556678463,4.02118157150122,0.0,426,81,0,5756,1158,0,1.3598620425748207,0.05641046863945909,16.679678094813163,64.50856683631818,,False,False,False,no_promotion_shadow_or_reject,False,False,False,0,0,locked_oos_trade_event_count_0_below_20;locked_oos_return_not_positive;locked_oos_return_per_turnover_proxy_bps_missing_not_above_10.000
37,divtd_funding_carry_momentum_4h_dogeusdt_lb6_2e-05_3p0x_0p1_81516246,funding_carry_momentum,DOGEUSDT,4h,long_short,6,2e-05,0.0,0,3.0,0.1,0.30000000000000004,0.34427896953383486,0.14917053067660313,0.0,0.09414907924721239,0.034049172835713626,0.0,1.7551187621792848,5.433300269688919,0.0,362,58,0,795,139,0,2.307955652984975,0.19510843885723173,31.701562572176314,85.73019004402478,,False,False,False,no_promotion_shadow_or_reject,False,False,False,0,0,locked_oos_trade_event_count_0_below_20;locked_oos_return_not_positive;locked_oos_return_per_turnover_proxy_bps_missing_not_above_10.000
38,divtd_debounced_hysteresis_trend_12h_ethusdt_long_short_lb6_e0p02_x0p005_hold24_3p0x_0p15_861a10d8,debounced_momentum_hysteresis,ETHUSDT,12h,long_short,6,0.02,0.005,24,3.0,0.15,0.44999999999999996,0.3414143494135944,0.1830381351286059,-0.06475824113273576,0.24659461887411893,0.12313903289477279,0.11052282644444023,1.0416644217970956,2.459132371729956,-2.3106743470107203,35,10,8,668,166,86,1.8652634827912256,0.1583762142849885,216.7710155006949,406.75141139690203,-179.88400314648823,False,False,False,no_promotion_shadow_or_reject,False,False,False,0,0,train_trade_event_count_35_below_80;validation_trade_event_count_10_below_30;locked_oos_trade_event_count_8_below_20;validation_mdd_0.1231_above_0.12;locked_oos_return_not_positive;locked_oos_return_per_turnover_proxy_bps_-179.884_not_above_10.000
39,divtd_debounced_hysteresis_trend_1h_adausdt_long_short_lb12_e0p04_x0p01_hold24_4p0x_0p1_cb8a7ec9,debounced_momentum_hysteresis,ADAUSDT,1h,long_short,12,0.04,0.01,24,4.0,0.1,0.4,0.355439564810782,0.1548685181734919,0.0,0.210911394458283,0.05389660554880282,0.0,1.0440094799364137,3.424191730916675,0.0,320,57,0,4406,773,0,2.295105351318722,0.20057104663729008,27.768716000842343,67.92478867258417,,False,False,False,no_promotion_shadow_or_reject,False,False,False,0,0,locked_oos_trade_event_count_0_below_20;locked_oos_return_not_positive;locked_oos_return_per_turnover_proxy_bps_missing_not_above_10.000
40,divtd_debounced_hysteresis_trend_2h_dogeusdt_short_only_lb6_e0p02_x0p005_hold24_3p0x_0p1_7efa307e,debounced_momentum_hysteresis,DOGEUSDT,2h,short_only,6,0.02,0.005,24,3.0,0.1,0.30000000000000004,0.33153482426099323,0.1475090303931661,0.0,0.13793982623500045,0.03525892808354858,0.0,1.3781217338818497,4.460542552796015,0.0,209,37,0,2770,458,0,2.2475561216647577,0.18402579386782714,52.87636750574054,132.89101837222168,,False,False,False,no_promotion_shadow_or_reject,False,False,False,0,0,locked_oos_trade_event_count_0_below_20;locked_oos_return_not_positive;locked_oos_return_per_turnover_proxy_bps_missing_not_above_10.000
41,divtd_funding_carry_momentum_1h_dogeusdt_lb12_2e-05_4p0x_0p1_9f8a242e,funding_carry_momentum,DOGEUSDT,1h,long_short,12,2e-05,0.0,0,4.0,0.1,0.4,0.33218766812733813,0.15203955851661988,0.0,0.1184376390732631,0.05689232693144408,0.0,1.2574996903872968,4.393807082255251,0.0,817,139,0,3422,601,0,2.184876563496636,0.18014810961071825,10.164861325805939,27.34524433752156,,False,False,False,no_promotion_shadow_or_reject,False,False,False,0,0,locked_oos_trade_event_count_0_below_20;locked_oos_return_not_positive;locked_oos_return_per_turnover_proxy_bps_missing_not_above_10.000
42,divtd_funding_carry_momentum_1h_dogeusdt_lb6_2e-05_3p0x_0p1_9f3dd329,funding_carry_momentum,DOGEUSDT,1h,long_short,6,2e-05,0.0,0,3.0,0.1,0.30000000000000004,0.3139655269419166,0.1401422531219707,0.0,0.13919613308969414,0.0283925727604335,0.0,1.605746650533615,5.437422065406871,0.0,1134,176,0,3304,547,0,2.2403345168759445,0.1738232738199459,9.22885146801636,26.542093394312626,,False,False,False,no_promotion_shadow_or_reject,False,False,False,0,0,locked_oos_trade_event_count_0_below_20;locked_oos_return_not_positive;train_return_per_turnover_proxy_bps_9.229_not_above_10.000;locked_oos_return_per_turnover_proxy_bps_missing_not_above_10.000
43,divtd_debounced_hysteresis_trend_1h_dogeusdt_long_short_lb6_e0p04_x0p01_hold6_4p0x_0p1_33602417,debounced_momentum_hysteresis,DOGEUSDT,1h,long_short,6,0.04,0.01,6,4.0,0.1,0.4,0.17082739970415184,0.1445919807374174,0.0,0.10389981114876601,0.04289170628333305,0.0,0.8596635550714498,4.961369020682126,0.0,422,57,0,1578,228,0,1.1814444952820626,0.026235418966734425,10.12010661754454,63.41753541114798,,False,False,False,no_promotion_shadow_or_reject,False,False,False,0,0,locked_oos_trade_event_count_0_below_20;locked_oos_return_not_positive;locked_oos_return_per_turnover_proxy_bps_missing_not_above_10.000
44,divtd_debounced_hysteresis_trend_1h_solusdt_long_short_lb6_e0p02_x0p005_hold12_3p0x_0p1_a8ae2c7d,debounced_momentum_hysteresis,SOLUSDT,1h,long_short,6,0.02,0.005,12,3.0,0.1,0.30000000000000004,0.19313789927584302,0.14140570097607408,-0.04158852077883257,0.19044264893287322,0.04322178422187417,0.04886611653496442,0.9204666973824077,3.1210059603183713,-3.458583134030848,701,156,63,5230,1131,399,1.3658423807716356,0.05173219829976894,9.183922932755253,30.214893370956,-22.00450834858866,False,False,False,no_promotion_shadow_or_reject,False,False,False,0,0,locked_oos_return_not_positive;train_return_per_turnover_proxy_bps_9.184_not_above_10.000;locked_oos_return_per_turnover_proxy_bps_-22.005_not_above_10.000
45,divtd_debounced_hysteresis_trend_4h_dogeusdt_long_short_lb6_e0p02_x0p005_hold6_4p0x_0p1_a6d42f72,debounced_momentum_hysteresis,DOGEUSDT,4h,long_short,6,0.02,0.005,6,4.0,0.1,0.4,0.22273110508901683,0.15148851044771816,0.0,0.20032007501268245,0.07932253302539105,0.0,0.7680499400119244,2.8855991673324706,0.0,333,61,0,1714,285,0,1.47028381512726,0.07124259464129867,16.72155443611237,62.08545510152383,,False,False,False,no_promotion_shadow_or_reject,False,False,False,0,0,locked_oos_trade_event_count_0_below_20;locked_oos_return_not_positive;locked_oos_return_per_turnover_proxy_bps_missing_not_above_10.000
46,divtd_debounced_hysteresis_trend_1h_dogeusdt_long_short_lb12_e0p02_x0p005_hold12_3p0x_0p1_77cfbd50,debounced_momentum_hysteresis,DOGEUSDT,1h,long_short,12,0.02,0.005,12,3.0,0.1,0.30000000000000004,0.2544222306878312,0.1370231263715478,0.0,0.12985381864650047,0.04304246404420253,0.0,1.0146247039949086,3.5162913949429893,0.0,721,116,0,6471,1054,0,1.8567831389129712,0.11739910431628342,11.762470212104999,39.37446160101947,,False,False,False,no_promotion_shadow_or_reject,False,False,False,0,0,locked_oos_trade_event_count_0_below_20;locked_oos_return_not_positive;locked_oos_return_per_turnover_proxy_bps_missing_not_above_10.000
47,divtd_debounced_hysteresis_trend_12h_ethusdt_long_short_lb6_e0p02_x0p005_hold24_4p0x_0p1_1489dbf3,debounced_momentum_hysteresis,ETHUSDT,12h,long_short,6,0.02,0.005,24,4.0,0.1,0.4,0.3056364539468035,0.1623692378487842,-0.057491975334820644,0.221583284444279,0.10990948634883135,0.09865187176496237,1.0416644217970956,2.4591323717299565,-2.3106743470107207,35,10,8,668,166,86,1.8823544286846083,0.1432672160980193,218.31175281914537,405.9230946219605,-179.6624229213145,False,False,False,no_promotion_shadow_or_reject,False,False,False,0,0,train_trade_event_count_35_below_80;validation_trade_event_count_10_below_30;locked_oos_trade_event_count_8_below_20;locked_oos_return_not_positive;locked_oos_return_per_turnover_proxy_bps_-179.662_not_above_10.000
48,divtd_funding_carry_momentum_1h_xrpusdt_lb12_2e-05_4p0x_0p1_636d4593,funding_carry_momentum,XRPUSDT,1h,long_short,12,2e-05,0.0,0,4.0,0.1,0.4,0.2208022782453336,0.1404999745935771,0.0,0.14304987834052907,0.054427238583050874,0.0,0.9872490573011535,3.5620544549236572,0.0,845,166,0,3432,639,0,1.5715467485602483,0.0803023036517565,6.53261178240632,21.159634727948358,,False,False,False,no_promotion_shadow_or_reject,False,False,False,0,0,locked_oos_trade_event_count_0_below_20;locked_oos_return_not_positive;train_return_per_turnover_proxy_bps_6.533_not_above_10.000;locked_oos_return_per_turnover_proxy_bps_missing_not_above_10.000
49,divtd_funding_carry_momentum_2h_dogeusdt_lb6_2e-05_4p0x_0p1_6d674122,funding_carry_momentum,DOGEUSDT,2h,long_short,6,2e-05,0.0,0,4.0,0.1,0.4,0.4226573115233252,0.14123740095404047,0.0,0.13088815593275416,0.05830141597191418,0.0,1.5144691610212808,3.8089794318793704,0.0,643,108,0,1726,307,0,2.992531076530221,0.2814199105692847,16.433021443364122,32.693842813435296,,False,False,False,no_promotion_shadow_or_reject,False,False,False,0,0,locked_oos_trade_event_count_0_below_20;locked_oos_return_not_positive;locked_oos_return_per_turnover_proxy_bps_missing_not_above_10.000
50,divtd_debounced_hysteresis_trend_6h_xrpusdt_long_short_lb6_e0p02_x0p005_hold12_3p0x_0p15_3118fd33,debounced_momentum_hysteresis,XRPUSDT,6h,long_short,6,0.02,0.005,12,3.0,0.15,0.44999999999999996,0.17035917948005852,0.17544096225896966,0.0,0.17269502088682487,0.137590833311113,0.0,0.6220930020590926,2.6760644991462414,0.0,150,23,0,1217,215,0,0.9710342287600436,-0.005081782778911137,25.238396960008668,169.50817609562284,,False,False,False,no_promotion_shadow_or_reject,False,False,False,0,0,validation_trade_event_count_23_below_30;locked_oos_trade_event_count_0_below_20;train_return_0.1704_below_validation_return_0.1754;train_validation_return_ratio_0.9710_below_1.00;validation_mdd_0.1376_above_0.12;locked_oos_return_not_positive;locked_oos_return_per_turnover_proxy_bps_missing_not_above_10.000
51,divtd_debounced_hysteresis_trend_2h_dogeusdt_long_short_lb6_e0p02_x0p005_hold6_3p0x_0p1_1c95a3a1,debounced_momentum_hysteresis,DOGEUSDT,2h,long_short,6,0.02,0.005,6,3.0,0.1,0.30000000000000004,0.15447398532056122,0.13194898737213645,0.0,0.10801188003399342,0.045129323414534794,0.0,0.7073703366611604,3.449573349731037,0.0,653,102,0,3004,465,0,1.1707098962790627,0.022524997948424774,7.885348918864788,43.120584108541316,,False,False,False,no_promotion_shadow_or_reject,False,False,False,0,0,locked_oos_trade_event_count_0_below_20;locked_oos_return_not_positive;train_return_per_turnover_proxy_bps_7.885_not_above_10.000;locked_oos_return_per_turnover_proxy_bps_missing_not_above_10.000
52,divtd_hysteresis_trend_2h_dogeusdt_long_short_lb6_e0p01_x0p0_3p0x_0p1_4e2821af,stateful_momentum_hysteresis,DOGEUSDT,2h,long_short,6,0.01,0.0,0,3.0,0.1,0.30000000000000004,0.27528412724691287,0.13362516193632445,0.0,0.14269053786657848,0.05449485958949707,0.0,1.079817604509994,3.355503441238832,0.0,840,147,0,3515,565,0,2.060121935553517,0.14165896531058841,10.923973303448923,30.300490234994204,,False,False,False,no_promotion_shadow_or_reject,False,False,False,0,0,locked_oos_trade_event_count_0_below_20;locked_oos_return_not_positive;locked_oos_return_per_turnover_proxy_bps_missing_not_above_10.000
53,divtd_debounced_hysteresis_trend_1h_xrpusdt_long_short_lb6_e0p02_x0p005_hold12_3p0x_0p1_20cb3885,debounced_momentum_hysteresis,XRPUSDT,1h,long_short,6,0.02,0.005,12,3.0,0.1,0.30000000000000004,0.130927644536607,0.1297003935317178,0.0,0.15234266711836608,0.04462341098375344,0.0,0.6841165266220625,3.6132870512507145,0.0,623,128,0,4530,903,0,1.0094621995467505,0.001227251004889185,7.00522442678475,33.77614414888484,,False,False,False,no_promotion_shadow_or_reject,False,False,False,0,0,locked_oos_trade_event_count_0_below_20;locked_oos_return_not_positive;train_return_per_turnover_proxy_bps_7.005_not_above_10.000;locked_oos_return_per_turnover_proxy_bps_missing_not_above_10.000
54,divtd_funding_carry_momentum_2h_xrpusdt_lb6_2e-05_4p0x_0p1_1d5f9d6f,funding_carry_momentum,XRPUSDT,2h,long_short,6,2e-05,0.0,0,4.0,0.1,0.4,0.39765786112021884,0.13147726097196277,0.0,0.13463959912872703,0.04998373220528729,0.0,1.5332962910421872,3.0682625396220633,0.0,658,137,0,1741,322,0,3.024537157075538,0.26618060014825606,15.108581349552388,23.992200907292474,,False,False,False,no_promotion_shadow_or_reject,False,False,False,0,0,locked_oos_trade_event_count_0_below_20;locked_oos_return_not_positive;locked_oos_return_per_turnover_proxy_bps_missing_not_above_10.000
55,divtd_funding_carry_momentum_4h_dogeusdt_lb24_2e-05_4p0x_0p1_ce5ddd35,funding_carry_momentum,DOGEUSDT,4h,long_short,24,2e-05,0.0,0,4.0,0.1,0.4,0.444116360248457,0.12531576004874334,0.0,0.14410197912558498,0.034613259086039516,0.0,1.6796552291612559,4.231311405480144,0.0,283,43,0,893,114,0,3.5439785073777763,0.3188006001997137,39.23289401488136,72.85800002833916,,False,False,False,no_promotion_shadow_or_reject,False,False,False,0,0,locked_oos_trade_event_count_0_below_20;locked_oos_return_not_positive;locked_oos_return_per_turnover_proxy_bps_missing_not_above_10.000
56,divtd_funding_carry_momentum_1h_dogeusdt_lb6_5e-05_4p0x_0p1_274e4c64,funding_carry_momentum,DOGEUSDT,1h,long_short,6,5e-05,0.0,0,4.0,0.1,0.4,0.30023150935389586,0.12686272079559857,0.0,0.12926265072006426,0.042172381072508314,0.0,1.4387777245815896,4.201714719303502,0.0,821,128,0,2446,389,0,2.3665857666542514,0.1733687885582973,9.142250589339094,24.777875155390348,,False,False,False,no_promotion_shadow_or_reject,False,False,False,0,0,locked_oos_trade_event_count_0_below_20;locked_oos_return_not_positive;train_return_per_turnover_proxy_bps_9.142_not_above_10.000;locked_oos_return_per_turnover_proxy_bps_missing_not_above_10.000
57,divtd_funding_carry_momentum_2h_dogeusdt_lb12_2e-05_4p0x_0p1_b0722a9d,funding_carry_momentum,DOGEUSDT,2h,long_short,12,2e-05,0.0,0,4.0,0.1,0.4,0.3643465403920132,0.1279667345624831,0.0,0.15279035315603318,0.04588726555526901,0.0,1.3978914756828538,3.715438486569725,0.0,450,74,0,1557,261,0,2.847197294185166,0.2363798058295301,20.241474466222954,43.2320049197578,,False,False,False,no_promotion_shadow_or_reject,False,False,False,0,0,locked_oos_trade_event_count_0_below_20;locked_oos_return_not_positive;locked_oos_return_per_turnover_proxy_bps_missing_not_above_10.000
58,divtd_debounced_hysteresis_trend_1h_dogeusdt_long_short_lb6_e0p02_x0p005_hold6_2p0x_0p1_b46ccd15,debounced_momentum_hysteresis,DOGEUSDT,1h,long_short,6,0.02,0.005,6,2.0,0.1,0.2,0.12726121689663072,0.12166946129827294,0.0,0.09349966276751998,0.03146947740763184,0.0,0.890177630858349,5.308518151394656,0.0,1053,157,0,4471,700,0,1.045958579405966,0.005591755598357784,6.0427928251011735,38.74823608225253,,False,False,False,no_promotion_shadow_or_reject,False,False,False,0,0,locked_oos_trade_event_count_0_below_20;locked_oos_return_not_positive;train_return_per_turnover_proxy_bps_6.043_not_above_10.000;locked_oos_return_per_turnover_proxy_bps_missing_not_above_10.000
59,divtd_debounced_hysteresis_trend_2h_ethusdt_long_short_lb6_e0p04_x0p01_hold24_3p0x_0p15_fb3ff0d4,debounced_momentum_hysteresis,ETHUSDT,2h,long_short,6,0.04,0.01,24,3.0,0.15,0.44999999999999996,0.374610142576695,0.13726642081979,-0.04276865705742472,0.18008764705128222,0.07349283568961129,0.08964838765173999,1.3648030619779083,2.3154799655776306,-2.5165085292067837,162,40,15,2123,546,183,2.7290734349990906,0.237343721756905,51.386850833565845,76.25912267766111,-63.360973418407,False,False,False,no_promotion_shadow_or_reject,False,False,False,0,0,locked_oos_trade_event_count_15_below_20;locked_oos_return_not_positive;locked_oos_return_per_turnover_proxy_bps_-63.361_not_above_10.000
60,divtd_debounced_hysteresis_trend_6h_xrpusdt_long_short_lb6_e0p02_x0p005_hold12_4p0x_0p1_7123b80a,debounced_momentum_hysteresis,XRPUSDT,6h,long_short,6,0.02,0.005,12,4.0,0.1,0.4,0.1570053736304191,0.15585625824445382,0.0,0.15411944702420965,0.12280403094169257,0.0,0.6220930020590926,2.6760644991462414,0.0,150,23,0,1217,215,0,1.0073729178340913,0.0011491153859652936,26.167562271736518,169.40897635266717,,False,False,False,no_promotion_shadow_or_reject,False,False,False,0,0,validation_trade_event_count_23_below_30;locked_oos_trade_event_count_0_below_20;validation_mdd_0.1228_above_0.12;locked_oos_return_not_positive;locked_oos_return_per_turnover_proxy_bps_missing_not_above_10.000
61,divtd_funding_carry_momentum_4h_dogeusdt_lb6_5e-05_4p0x_0p1_56e06ca6,funding_carry_momentum,DOGEUSDT,4h,long_short,6,5e-05,0.0,0,4.0,0.1,0.4,0.26545077272814166,0.12414695932686115,0.0,0.17682522977103998,0.04003319245222936,0.0,1.2361032079632583,3.8978763191227213,0.0,273,38,0,613,81,0,2.138197940307566,0.1413038134012805,24.308678821258393,81.67563113609286,,False,False,False,no_promotion_shadow_or_reject,False,False,False,0,0,locked_oos_trade_event_count_0_below_20;locked_oos_return_not_positive;locked_oos_return_per_turnover_proxy_bps_missing_not_above_10.000
62,divtd_debounced_hysteresis_trend_2h_ethusdt_long_short_lb6_e0p02_x0p005_hold24_3p0x_0p1_7f166302,debounced_momentum_hysteresis,ETHUSDT,2h,long_short,6,0.02,0.005,24,3.0,0.1,0.30000000000000004,0.2834470752888847,0.1260906052085995,-0.06004106925873376,0.10387404137001521,0.05462832479637869,0.09451840828756208,1.3550995377442723,2.6243865775200015,-4.145689981619161,240,58,31,3382,816,383,2.2479634768979073,0.1573564700802852,39.36764934567842,72.4658650624135,-64.56028952552018,False,False,False,no_promotion_shadow_or_reject,False,False,False,0,0,locked_oos_return_not_positive;locked_oos_return_per_turnover_proxy_bps_-64.560_not_above_10.000
63,divtd_debounced_hysteresis_trend_1h_dogeusdt_long_short_lb12_e0p02_x0p005_hold6_3p0x_0p15_d99eec74,debounced_momentum_hysteresis,DOGEUSDT,1h,long_short,12,0.02,0.005,6,3.0,0.15,0.44999999999999996,0.32050381732236444,0.14008263361735662,0.0,0.22579495548566253,0.09248652450667905,0.0,0.9357323899814146,2.5698615057798997,0.0,873,140,0,5919,939,0,2.287962533584557,0.18042118370500781,8.158427321429667,22.23533866942169,,False,False,False,no_promotion_shadow_or_reject,False,False,False,0,0,locked_oos_trade_event_count_0_below_20;locked_oos_return_not_positive;train_return_per_turnover_proxy_bps_8.158_not_above_10.000;locked_oos_return_per_turnover_proxy_bps_missing_not_above_10.000
64,divtd_funding_carry_momentum_6h_adausdt_lb6_5e-05_3p0x_0p1_89065c45,funding_carry_momentum,ADAUSDT,6h,long_short,6,5e-05,0.0,0,3.0,0.1,0.30000000000000004,0.19442637720464995,0.11256194144844622,0.0,0.10533032693719668,0.021717883013055994,0.0,1.1468209517341998,4.494940000225197,0.0,190,39,0,479,102,0,1.7272834379255793,0.08186443575620372,34.109890737657885,96.20678756277454,,False,False,False,no_promotion_shadow_or_reject,False,False,False,0,0,locked_oos_trade_event_count_0_below_20;locked_oos_return_not_positive;locked_oos_return_per_turnover_proxy_bps_missing_not_above_10.000
65,divtd_hysteresis_trend_4h_dogeusdt_long_short_lb6_e0p01_x0p0_3p0x_0p15_f67d171a,stateful_momentum_hysteresis,DOGEUSDT,4h,long_short,6,0.01,0.0,0,3.0,0.15,0.44999999999999996,0.21983517536462638,0.13846051325766262,0.0,0.23499054605193215,0.09013841568546477,0.0,0.7099528316455096,2.3421553687498537,0.0,416,77,0,1836,311,0,1.5877102445484426,0.08137466210696376,11.743332017341153,39.95974408590552,,False,False,False,no_promotion_shadow_or_reject,False,False,False,0,0,locked_oos_trade_event_count_0_below_20;locked_oos_return_not_positive;locked_oos_return_per_turnover_proxy_bps_missing_not_above_10.000
66,divtd_debounced_hysteresis_trend_1h_dogeusdt_long_short_lb6_e0p02_x0p005_hold12_2p0x_0p1_07fc64bd,debounced_momentum_hysteresis,DOGEUSDT,1h,long_short,6,0.02,0.005,12,2.0,0.1,0.2,0.3806577871781429,0.11880285118953804,0.0,0.13736065845786938,0.041424223007132444,0.0,2.1014621478512545,4.833112597266285,0.0,739,122,0,5570,905,0,3.2041132293268078,0.2618549359886049,25.754924707587474,48.68969311046641,,False,False,False,no_promotion_shadow_or_reject,False,False,False,0,0,locked_oos_trade_event_count_0_below_20;locked_oos_return_not_positive;locked_oos_return_per_turnover_proxy_bps_missing_not_above_10.000
67,divtd_debounced_hysteresis_trend_1h_ethusdt_long_only_lb6_e0p02_x0p005_hold12_3p0x_0p15_c848878e,debounced_momentum_hysteresis,ETHUSDT,1h,long_only,6,0.02,0.005,12,3.0,0.15,0.44999999999999996,0.170654967455538,0.11526071570298502,0.0005302068410013572,0.15020898089747559,0.03220745946521297,0.03689385018051117,0.9486249235350325,2.963707023310657,0.09241792474134809,362,75,28,2504,491,182,1.4805995816935429,0.05539425175255297,10.47605693404162,34.15132317125482,0.4207990801598074,True,False,False,train_dominant_shadow_until_execution_efficiency,False,False,False,0,0,locked_oos_return_per_turnover_proxy_bps_0.421_not_above_10.000
68,divtd_debounced_hysteresis_trend_1h_ethusdt_long_short_lb6_e0p02_x0p005_hold6_3p0x_0p15_00f2680b,debounced_momentum_hysteresis,ETHUSDT,1h,long_short,6,0.02,0.005,6,3.0,0.15,0.44999999999999996,0.20958739055685527,0.12270807243569282,0.0014365603731498755,0.18348245394504958,0.05232193621275116,0.03274093489967966,0.9356238461688478,2.2890165180734643,0.1584222369165717,810,197,61,3247,753,211,1.7080163219636018,0.08687931812116245,5.74999699744459,13.841858142774148,0.5233371122586068,True,False,False,train_dominant_shadow_until_execution_efficiency,False,False,False,0,0,train_return_per_turnover_proxy_bps_5.750_not_above_10.000;locked_oos_return_per_turnover_proxy_bps_0.523_not_above_10.000
69,divtd_debounced_hysteresis_trend_2h_solusdt_short_only_lb6_e0p02_x0p005_hold24_3p0x_0p15_bf384eea,debounced_momentum_hysteresis,SOLUSDT,2h,short_only,6,0.02,0.005,24,3.0,0.15,0.44999999999999996,0.3032907480588354,0.13426547235088937,-0.021107600680171257,0.26217308552280905,0.08299613843509379,0.08942934654551471,1.0087575793815742,2.0786839350961466,-0.9370248154877668,200,49,22,2611,644,268,2.2588886237722785,0.169025275707946,33.69897200653727,60.891370680675465,-21.32080876784976,False,False,False,no_promotion_shadow_or_reject,False,False,False,0,0,locked_oos_return_not_positive;locked_oos_return_per_turnover_proxy_bps_-21.321_not_above_10.000
70,divtd_funding_carry_momentum_4h_dogeusdt_lb12_2e-05_4p0x_0p1_e6136824,funding_carry_momentum,DOGEUSDT,4h,long_short,12,2e-05,0.0,0,4.0,0.1,0.4,0.7117557696145231,0.11566523327435774,0.0,0.10515405764205155,0.03623219727998461,0.0,2.442653486326789,4.356185835990267,0.0,313,42,0,759,111,0,6.153584352579307,0.5960905363401654,56.84950236537725,68.84835313949864,,False,False,False,no_promotion_shadow_or_reject,False,False,False,0,0,locked_oos_trade_event_count_0_below_20;locked_oos_return_not_positive;locked_oos_return_per_turnover_proxy_bps_missing_not_above_10.000
71,divtd_debounced_hysteresis_trend_1h_ethusdt_short_only_lb6_e0p02_x0p005_hold24_3p0x_0p1_5e8159b0,debounced_momentum_hysteresis,ETHUSDT,1h,short_only,6,0.02,0.005,24,3.0,0.1,0.30000000000000004,0.14154400173499582,0.11883634706133428,-0.011784397864199825,0.15518208385874455,0.046326613867355704,0.03160470698672668,0.9317540725017052,3.1975119340137907,-1.1769841912085168,284,68,28,3613,883,351,1.1910834120636642,0.022707654673661537,16.613145743544106,58.25311130457562,-14.029045076428359,False,False,False,no_promotion_shadow_or_reject,False,False,False,0,0,locked_oos_return_not_positive;locked_oos_return_per_turnover_proxy_bps_-14.029_not_above_10.000
72,divtd_debounced_hysteresis_trend_2h_solusdt_long_short_lb6_e0p02_x0p005_hold24_3p0x_0p15_86bcdafc,debounced_momentum_hysteresis,SOLUSDT,2h,long_short,6,0.02,0.005,24,3.0,0.15,0.44999999999999996,0.9263502467587106,0.1395345158722403,-0.08864313363571441,0.25125506949850795,0.10327522945007783,0.13100598628040638,2.0294528914992247,1.8793561395129144,-3.581268291345331,251,57,28,3735,878,386,6.63886093679423,0.7868157308864703,82.01418740670303,54.399421392686286,-70.35169336167812,False,False,False,no_promotion_shadow_or_reject,False,False,False,0,0,locked_oos_return_not_positive;locked_oos_return_per_turnover_proxy_bps_-70.352_not_above_10.000
73,divtd_debounced_hysteresis_trend_1h_adausdt_long_short_lb12_e0p04_x0p01_hold24_3p0x_0p1_ad5c8214,debounced_momentum_hysteresis,ADAUSDT,1h,long_short,12,0.04,0.01,24,3.0,0.1,0.30000000000000004,0.27013913620770724,0.11514202934576923,0.0,0.15983429813763816,0.04042797888028982,0.0,1.0440094799364132,3.4241917309166756,0.0,320,57,0,4406,773,0,2.346138397443776,0.15499710686193802,28.1394933549695,67.33452008524515,,False,False,False,no_promotion_shadow_or_reject,False,False,False,0,0,locked_oos_trade_event_count_0_below_20;locked_oos_return_not_positive;locked_oos_return_per_turnover_proxy_bps_missing_not_above_10.000
74,divtd_hysteresis_trend_12h_bnbusdt_long_short_lb48_e0p01_x0p0_4p0x_0p15_11e584c5,stateful_momentum_hysteresis,BNBUSDT,12h,long_short,48,0.01,0.0,0,4.0,0.15,0.6,0.15466267340427886,0.1335669085344946,-0.01658626749998493,0.33144617879256677,0.09246603021820843,0.08115645915011094,0.6216293184324788,1.8395700469207124,-0.5550751359995221,43,15,6,645,172,87,1.1579415522995065,0.02109576486978426,59.94677263731739,148.40767614943846,-46.072965277735925,False,False,False,no_promotion_shadow_or_reject,False,False,False,0,0,train_trade_event_count_43_below_80;validation_trade_event_count_15_below_30;locked_oos_trade_event_count_6_below_20;locked_oos_return_not_positive;locked_oos_return_per_turnover_proxy_bps_-46.073_not_above_10.000
75,divtd_hysteresis_trend_4h_solusdt_long_short_lb48_e0p02_x0p005_4p0x_0p15_e156ff56,stateful_momentum_hysteresis,SOLUSDT,4h,long_short,48,0.02,0.005,0,4.0,0.15,0.6,0.20021108475435323,0.17635403062002397,-0.10238875181410212,0.29888334277471607,0.20625176993897165,0.1391589813696229,0.62146572060033,1.8588567146348485,-2.8018093335034333,149,41,24,1932,470,234,1.1352793244954642,0.02385705413432926,22.394975923305733,71.68863033334308,-71.10329987090427,False,False,False,no_promotion_shadow_or_reject,False,False,False,0,0,validation_mdd_0.2063_above_0.12;locked_oos_return_not_positive;locked_oos_return_per_turnover_proxy_bps_-71.103_not_above_10.000
76,divtd_debounced_hysteresis_trend_1h_solusdt_short_only_lb6_e0p02_x0p005_hold24_3p0x_0p15_a1a72345,debounced_momentum_hysteresis,SOLUSDT,1h,short_only,6,0.02,0.005,24,3.0,0.15,0.44999999999999996,0.4522001399582487,0.12235444749441449,-0.0005411984084519039,0.1448639123102936,0.06531256299212418,0.05644151989078894,1.440860569368527,2.0299515304230953,0.024908167164790416,326,82,28,4242,1050,344,3.695821028319316,0.3298456924638342,30.824822083043543,33.158386854854875,-0.4295225463904,False,False,False,no_promotion_shadow_or_reject,False,False,False,0,0,locked_oos_return_not_positive;locked_oos_return_per_turnover_proxy_bps_-0.430_not_above_10.000
77,divtd_debounced_hysteresis_trend_1h_ethusdt_short_only_lb6_e0p02_x0p005_hold12_3p0x_0p15_9b7bdf83,debounced_momentum_hysteresis,ETHUSDT,1h,short_only,6,0.02,0.005,12,3.0,0.15,0.44999999999999996,0.19694203123056098,0.11683542802010138,0.008902625720860646,0.15537371736958694,0.050848034746883375,0.014688907241364735,0.9790461035803317,2.402475115401238,0.8954132482322636,362,92,30,2422,626,200,1.6856362369526934,0.08010660321045959,12.089750229009269,28.22111787925154,6.594537571007887,True,False,False,train_dominant_shadow_until_execution_efficiency,False,False,False,0,0,locked_oos_return_per_turnover_proxy_bps_6.595_not_above_10.000
78,divtd_debounced_hysteresis_trend_2h_ethusdt_long_short_lb6_e0p04_x0p01_hold24_4p0x_0p1_46027422,debounced_momentum_hysteresis,ETHUSDT,2h,long_short,6,0.04,0.01,24,4.0,0.1,0.4,0.3311741036851479,0.12189968022398845,-0.038001391039973575,0.16105607462101423,0.0654219454166306,0.08004322007017783,1.364803061977908,2.3154799655776297,-2.516508529206784,162,40,15,2123,546,183,2.716775819892402,0.20927442346115943,51.10711476622653,76.18730013999279,-63.335651733289296,False,False,False,no_promotion_shadow_or_reject,False,False,False,0,0,locked_oos_trade_event_count_15_below_20;locked_oos_return_not_positive;locked_oos_return_per_turnover_proxy_bps_-63.336_not_above_10.000
79,divtd_funding_carry_momentum_1h_dogeusdt_lb12_2e-05_3p0x_0p1_3fc4238e,funding_carry_momentum,DOGEUSDT,1h,long_short,12,2e-05,0.0,0,3.0,0.1,0.30000000000000004,0.2474735187093009,0.11261727986055203,0.0,0.08914748565057862,0.042913976414099,0.0,1.257499690387297,4.393807082255252,0.0,817,139,0,3422,601,0,2.1974737714827968,0.13485623884874887,10.096838788629166,27.006541932986096,,False,False,False,no_promotion_shadow_or_reject,False,False,False,0,0,locked_oos_trade_event_count_0_below_20;locked_oos_return_not_positive;locked_oos_return_per_turnover_proxy_bps_missing_not_above_10.000
80,divtd_debounced_hysteresis_trend_1h_dogeusdt_long_short_lb6_e0p04_x0p01_hold6_3p0x_0p1_eac6f7ff,debounced_momentum_hysteresis,DOGEUSDT,1h,long_short,6,0.04,0.01,6,3.0,0.1,0.30000000000000004,0.1301241681191141,0.10703560409163582,0.0,0.07806487556289987,0.032248698089543226,0.0,0.8596635550714495,4.961369020682125,0.0,422,57,0,1578,228,0,1.2157091953039438,0.023088564027478276,10.278370309566672,62.593920521424444,,False,False,False,no_promotion_shadow_or_reject,False,False,False,0,0,locked_oos_trade_event_count_0_below_20;locked_oos_return_not_positive;locked_oos_return_per_turnover_proxy_bps_missing_not_above_10.000
81,divtd_debounced_hysteresis_trend_1h_dogeusdt_long_short_lb12_e0p02_x0p005_hold6_4p0x_0p1_9bfcde9e,debounced_momentum_hysteresis,DOGEUSDT,1h,long_short,12,0.02,0.005,6,4.0,0.1,0.4,0.28899170102856164,0.12450241739630963,0.0,0.2030455486363183,0.08249235926262721,0.0,0.9357323899814147,2.5698615057798992,0.0,873,140,0,5919,939,0,2.3211734123094034,0.16448928363225201,8.27582190803441,22.23257453505529,,False,False,False,no_promotion_shadow_or_reject,False,False,False,0,0,locked_oos_trade_event_count_0_below_20;locked_oos_return_not_positive;train_return_per_turnover_proxy_bps_8.276_not_above_10.000;locked_oos_return_per_turnover_proxy_bps_missing_not_above_10.000
82,divtd_debounced_hysteresis_trend_1h_ethusdt_long_short_lb6_e0p02_x0p005_hold12_2p0x_0p1_6bfb02df,debounced_momentum_hysteresis,ETHUSDT,1h,long_short,6,0.02,0.005,12,2.0,0.1,0.2,0.11361130674613618,0.10051495331302296,0.006090321543651411,0.08259435738040755,0.020736070284113173,0.014330190177844981,0.9997389361610326,3.6540601512975766,0.8346040982264743,596,147,55,4319,1023,366,1.1302925883308987,0.013096353433113217,9.531149894810081,34.18875963027991,5.536655948774011,True,False,False,train_dominant_shadow_until_execution_efficiency,False,False,False,0,0,train_return_per_turnover_proxy_bps_9.531_not_above_10.000;locked_oos_return_per_turnover_proxy_bps_5.537_not_above_10.000
83,divtd_hysteresis_trend_4h_dogeusdt_long_short_lb6_e0p01_x0p0_4p0x_0p1_60cb6fd0,stateful_momentum_hysteresis,DOGEUSDT,4h,long_short,6,0.01,0.0,0,4.0,0.1,0.4,0.2018109499375862,0.12326267705207417,0.0,0.21094924762134448,0.08048517160423929,0.0,0.7099528316455097,2.3421553687498537,0.0,416,77,0,1836,311,0,1.6372429575931418,0.07854827288551203,12.128061895287631,40.020349692231875,,False,False,False,no_promotion_shadow_or_reject,False,False,False,0,0,locked_oos_trade_event_count_0_below_20;locked_oos_return_not_positive;locked_oos_return_per_turnover_proxy_bps_missing_not_above_10.000
84,divtd_debounced_hysteresis_trend_1h_xrpusdt_short_only_lb6_e0p02_x0p005_hold24_3p0x_0p15_22d423db,debounced_momentum_hysteresis,XRPUSDT,1h,short_only,6,0.02,0.005,24,3.0,0.15,0.44999999999999996,0.2550619387481443,0.13531484656602566,0.0,0.1465704198015111,0.11226448450890192,0.0,0.948509903553548,2.9629445245040884,0.0,295,59,0,3729,798,0,1.8849516163305047,0.11974709218211865,19.21370536709185,50.96604390434112,,False,False,False,no_promotion_shadow_or_reject,False,False,False,0,0,locked_oos_trade_event_count_0_below_20;locked_oos_return_not_positive;locked_oos_return_per_turnover_proxy_bps_missing_not_above_10.000
85,divtd_debounced_hysteresis_trend_1h_ethusdt_long_short_lb6_e0p02_x0p005_hold6_4p0x_0p1_3a40368c,debounced_momentum_hysteresis,ETHUSDT,1h,long_short,6,0.02,0.005,6,4.0,0.1,0.4,0.18741523482877787,0.10898823588568463,0.0013486003456022466,0.16423212981567847,0.04654289185432736,0.02913510925743079,0.9356238461688475,2.289016518073464,0.1584222369165717,810,197,61,3247,753,211,1.7195914155850143,0.07842699894309324,5.7844208280487,13.830994401736625,0.5527050596730518,True,False,False,train_dominant_shadow_until_execution_efficiency,False,False,False,0,0,train_return_per_turnover_proxy_bps_5.784_not_above_10.000;locked_oos_return_per_turnover_proxy_bps_0.553_not_above_10.000
86,divtd_debounced_hysteresis_trend_2h_solusdt_short_only_lb6_e0p02_x0p005_hold24_4p0x_0p1_35dd4b19,debounced_momentum_hysteresis,SOLUSDT,2h,short_only,6,0.02,0.005,24,4.0,0.1,0.4,0.27154104613196584,0.119437313088669,-0.018617505930174638,0.23598246836414527,0.07402446847864408,0.0797956128115277,1.0087575793815742,2.078683935096148,-0.9370248154877668,200,49,22,2611,644,268,2.2735026359005297,0.15210373304329683,33.942630766495725,60.937404637076014,-21.156256738834816,False,False,False,no_promotion_shadow_or_reject,False,False,False,0,0,locked_oos_return_not_positive;locked_oos_return_per_turnover_proxy_bps_-21.156_not_above_10.000
87,divtd_debounced_hysteresis_trend_1h_ethusdt_long_only_lb6_e0p02_x0p005_hold12_4p0x_0p1_70bb66cb,debounced_momentum_hysteresis,ETHUSDT,1h,long_only,6,0.02,0.005,12,4.0,0.1,0.4,0.15225601100260944,0.1021391668996472,0.0005450452172779396,0.13444507890992718,0.028642532062676862,0.03281393780728736,0.948624923535032,2.9637070233106573,0.09241792474134836,362,75,28,2504,491,182,1.4906721449197111,0.050116844102962244,10.514917886920541,34.04638896654907,0.4866475154267318,True,False,False,train_dominant_shadow_until_execution_efficiency,False,False,False,0,0,locked_oos_return_per_turnover_proxy_bps_0.487_not_above_10.000
88,divtd_funding_carry_momentum_1h_dogeusdt_lb24_2e-05_4p0x_0p1_24b136b6,funding_carry_momentum,DOGEUSDT,1h,long_short,24,2e-05,0.0,0,4.0,0.1,0.4,0.31368435860611954,0.10565710833632491,0.0,0.14701719658669032,0.03952280269043862,0.0,1.2535373269839538,3.331425441929721,0.0,560,98,0,3082,494,0,2.9688902483267645,0.20802725026979463,14.003766009201765,26.95334396334819,,False,False,False,no_promotion_shadow_or_reject,False,False,False,0,0,locked_oos_trade_event_count_0_below_20;locked_oos_return_not_positive;locked_oos_return_per_turnover_proxy_bps_missing_not_above_10.000
89,divtd_debounced_hysteresis_trend_4h_dogeusdt_long_short_lb6_e0p02_x0p005_hold6_3p0x_0p1_0fb4a5ed,debounced_momentum_hysteresis,DOGEUSDT,4h,long_short,6,0.02,0.005,6,3.0,0.1,0.30000000000000004,0.17497842843320166,0.11312448646954043,0.0,0.15286410027211916,0.05988997948108998,0.0,0.7680499400119245,2.8855991673324697,0.0,333,61,0,1714,285,0,1.5467776596742018,0.06185394196366123,17.515358201521686,61.81665927297289,,False,False,False,no_promotion_shadow_or_reject,False,False,False,0,0,locked_oos_trade_event_count_0_below_20;locked_oos_return_not_positive;locked_oos_return_per_turnover_proxy_bps_missing_not_above_10.000
90,divtd_debounced_hysteresis_trend_12h_ethusdt_long_short_lb6_e0p02_x0p005_hold24_3p0x_0p1_bebe7396,debounced_momentum_hysteresis,ETHUSDT,12h,long_short,6,0.02,0.005,24,3.0,0.1,0.30000000000000004,0.23172457182385608,0.12122739797214765,-0.043006574747755266,0.16979542209487197,0.08310738683804964,0.07460350054875575,1.0416644217970954,2.459132371729956,-2.3106743470107194,35,10,8,668,166,86,1.9114868066135964,0.11049717385170843,220.69006840367246,404.0913265738254,-179.19406144898025,False,False,False,no_promotion_shadow_or_reject,False,False,False,0,0,train_trade_event_count_35_below_80;validation_trade_event_count_10_below_30;locked_oos_trade_event_count_8_below_20;locked_oos_return_not_positive;locked_oos_return_per_turnover_proxy_bps_-179.194_not_above_10.000
91,divtd_debounced_hysteresis_trend_1h_xrpusdt_long_short_lb6_e0p02_x0p005_hold24_2p0x_0p1_7affedfe,debounced_momentum_hysteresis,XRPUSDT,1h,long_short,6,0.02,0.005,24,2.0,0.1,0.2,0.14384202130543255,0.10289214478652808,0.0,0.1221968147630541,0.03572138871523656,0.0,0.9743112556678464,4.02118157150122,0.0,426,81,0,5756,1158,0,1.3979883654273493,0.04094987651890447,16.88286635040288,63.51366962131364,,False,False,False,no_promotion_shadow_or_reject,False,False,False,0,0,locked_oos_trade_event_count_0_below_20;locked_oos_return_not_positive;locked_oos_return_per_turnover_proxy_bps_missing_not_above_10.000
92,divtd_debounced_hysteresis_trend_2h_solusdt_long_short_lb6_e0p02_x0p005_hold24_4p0x_0p1_37f3e2a8,debounced_momentum_hysteresis,SOLUSDT,2h,long_short,6,0.02,0.005,24,4.0,0.1,0.4,0.8020589472478743,0.12440961889588209,-0.07896773777211763,0.2262151537421614,0.09221640065214942,0.11717635984699581,2.0294528914992256,1.8793561395129141,-3.5812682913453306,251,57,28,3735,878,386,6.446920699267749,0.6776493283519922,79.88634932747752,54.5656223227553,-70.50690872510502,False,False,False,no_promotion_shadow_or_reject,False,False,False,0,0,locked_oos_return_not_positive;locked_oos_return_per_turnover_proxy_bps_-70.507_not_above_10.000
93,divtd_funding_carry_momentum_4h_dogeusdt_lb6_2e-05_2p0x_0p1_259602fd,funding_carry_momentum,DOGEUSDT,4h,long_short,6,2e-05,0.0,0,2.0,0.1,0.2,0.22228827051126832,0.09758344346270675,0.0,0.06344308064350324,0.022763761529272175,0.0,1.7551187621792848,5.433300269688919,0.0,362,58,0,795,139,0,2.2779301756882533,0.12470482704856156,30.702799794374076,84.12365815750582,,False,False,False,no_promotion_shadow_or_reject,False,False,False,0,0,locked_oos_trade_event_count_0_below_20;locked_oos_return_not_positive;locked_oos_return_per_turnover_proxy_bps_missing_not_above_10.000
94,divtd_funding_carry_momentum_1h_xrpusdt_lb12_2e-05_3p0x_0p1_18dcce70,funding_carry_momentum,XRPUSDT,1h,long_short,12,2e-05,0.0,0,3.0,0.1,0.30000000000000004,0.16705134340057204,0.10445809159078534,0.0,0.10906109292536825,0.04104877277536967,0.0,0.9872490573011539,3.562054454923657,0.0,845,166,0,3432,639,0,1.599218795371026,0.0625932518097867,6.589796583848996,20.97552039975609,,False,False,False,no_promotion_shadow_or_reject,False,False,False,0,0,locked_oos_trade_event_count_0_below_20;locked_oos_return_not_positive;train_return_per_turnover_proxy_bps_6.590_not_above_10.000;locked_oos_return_per_turnover_proxy_bps_missing_not_above_10.000
95,divtd_debounced_hysteresis_trend_12h_xrpusdt_long_short_lb12_e0p02_x0p005_hold24_4p0x_0p1_5ff2ff73,debounced_momentum_hysteresis,XRPUSDT,12h,long_short,12,0.02,0.005,24,4.0,0.1,0.4,0.14140721278677115,0.19339431322392775,0.0,0.25510050577451593,0.08669459775808741,0.0,0.5671082432904363,3.2542618342745246,0.0,36,8,0,687,122,0,0.7311859921291394,-0.0519871004371566,98.19945332414663,604.3572288247742,,False,False,False,no_promotion_shadow_or_reject,False,False,False,0,0,train_trade_event_count_36_below_80;validation_trade_event_count_8_below_30;locked_oos_trade_event_count_0_below_20;train_return_0.1414_below_validation_return_0.1934;train_validation_return_ratio_0.7312_below_1.00;locked_oos_return_not_positive;locked_oos_return_per_turnover_proxy_bps_missing_not_above_10.000
96,divtd_debounced_hysteresis_trend_12h_xrpusdt_long_short_lb12_e0p02_x0p005_hold24_3p0x_0p15_bfe83875,debounced_momentum_hysteresis,XRPUSDT,12h,long_short,12,0.02,0.005,24,3.0,0.15,0.44999999999999996,0.151310487854039,0.2184972531160454,0.0,0.2844412402373512,0.09755015043329185,0.0,0.5671082432904363,3.2542618342745238,0.0,36,8,0,687,122,0,0.6925052177826554,-0.0671867652620064,93.40153571236976,606.9368142112372,,False,False,False,no_promotion_shadow_or_reject,False,False,False,0,0,train_trade_event_count_36_below_80;validation_trade_event_count_8_below_30;locked_oos_trade_event_count_0_below_20;train_return_0.1513_below_validation_return_0.2185;train_validation_return_ratio_0.6925_below_1.00;locked_oos_return_not_positive;locked_oos_return_per_turnover_proxy_bps_missing_not_above_10.000
97,divtd_funding_carry_momentum_2h_dogeusdt_lb24_2e-05_4p0x_0p1_70b4590b,funding_carry_momentum,DOGEUSDT,2h,long_short,24,2e-05,0.0,0,4.0,0.1,0.4,0.5425908383419182,0.10216520616022562,0.0,0.09214582622240008,0.03599812129868207,0.0,1.9335711855911926,3.4213406978796357,0.0,392,52,0,1520,217,0,5.3109161008393935,0.4404256321816926,34.604007547316215,49.117887577031546,,False,False,False,no_promotion_shadow_or_reject,False,False,False,0,0,locked_oos_trade_event_count_0_below_20;locked_oos_return_not_positive;locked_oos_return_per_turnover_proxy_bps_missing_not_above_10.000
98,divtd_funding_carry_momentum_2h_dogeusdt_lb6_2e-05_3p0x_0p1_f7dd9401,funding_carry_momentum,DOGEUSDT,2h,long_short,6,2e-05,0.0,0,3.0,0.1,0.30000000000000004,0.3104528643729836,0.10489080444368937,0.0,0.09889302041314607,0.04398544591315767,0.0,1.5144691610212813,3.8089794318793695,0.0,643,108,0,1726,307,0,2.9597719840126713,0.20556205992929422,16.093979490564205,32.37370507521276,,False,False,False,no_promotion_shadow_or_reject,False,False,False,0,0,locked_oos_trade_event_count_0_below_20;locked_oos_return_not_positive;locked_oos_return_per_turnover_proxy_bps_missing_not_above_10.000
99,divtd_debounced_hysteresis_trend_2h_dogeusdt_short_only_lb6_e0p02_x0p005_hold24_2p0x_0p1_ec97fc87,debounced_momentum_hysteresis,DOGEUSDT,2h,short_only,6,0.02,0.005,24,2.0,0.1,0.2,0.2171965321769347,0.09674174252801948,0.0,0.09360375228030116,0.02358486452186548,0.0,1.3781217338818499,4.4605425527960145,0.0,209,37,0,2770,458,0,2.245117014654017,0.1204547896489152,51.96089286529537,130.73208449732363,,False,False,False,no_promotion_shadow_or_reject,False,False,False,0,0,locked_oos_trade_event_count_0_below_20;locked_oos_return_not_positive;locked_oos_return_per_turnover_proxy_bps_missing_not_above_10.000
100,divtd_debounced_hysteresis_trend_1h_solusdt_short_only_lb6_e0p02_x0p005_hold24_4p0x_0p1_2a0f1457,debounced_momentum_hysteresis,SOLUSDT,1h,short_only,6,0.02,0.005,24,4.0,0.1,0.4,0.39891595699264637,0.10886459288061223,-0.00038990951667583484,0.1296056323078535,0.05813902293411799,0.05026568390688557,1.4408605693685272,2.0299515304230944,0.02490816716479132,326,82,28,4242,1050,344,3.664331500602062,0.29005136411203414,30.5917144933011,33.19042465872324,-0.34813349703199536,False,False,False,no_promotion_shadow_or_reject,False,False,False,0,0,locked_oos_return_not_positive;locked_oos_return_per_turnover_proxy_bps_-0.348_not_above_10.000
101,divtd_debounced_hysteresis_trend_1h_ethusdt_short_only_lb6_e0p02_x0p005_hold12_4p0x_0p1_f5347b0e,debounced_momentum_hysteresis,ETHUSDT,1h,short_only,6,0.02,0.005,12,4.0,0.1,0.4,0.1756877580638052,0.10371622974865091,0.007951442799395414,0.13888910840097335,0.04530250408757053,0.013064623511563789,0.9790461035803317,2.4024751154012387,0.8954132482322633,362,92,30,2422,626,200,1.693927348589245,0.0719715283151543,12.133132462969971,28.183758083872526,6.626202332829512,True,False,False,train_dominant_shadow_until_execution_efficiency,False,False,False,0,0,locked_oos_return_per_turnover_proxy_bps_6.626_not_above_10.000
102,divtd_debounced_hysteresis_trend_6h_dogeusdt_short_only_lb6_e0p04_x0p01_hold24_3p0x_0p15_da5ed250,debounced_momentum_hysteresis,DOGEUSDT,6h,short_only,6,0.04,0.01,24,3.0,0.15,0.44999999999999996,0.15081130604563442,0.11497799991896107,0.0,0.30076216412018253,0.07876342323025642,0.0,0.5838476322889763,2.158895786203937,0.0,71,13,0,957,174,0,1.3116535872247683,0.03583330612667335,47.20228671224865,196.54358960506167,,False,False,False,no_promotion_shadow_or_reject,False,False,False,0,0,train_trade_event_count_71_below_80;validation_trade_event_count_13_below_30;locked_oos_trade_event_count_0_below_20;locked_oos_return_not_positive;locked_oos_return_per_turnover_proxy_bps_missing_not_above_10.000
103,divtd_funding_carry_momentum_1h_dogeusdt_lb6_2e-05_2p0x_0p1_bb6c6a3c,funding_carry_momentum,DOGEUSDT,1h,long_short,6,2e-05,0.0,0,2.0,0.1,0.2,0.20396498078728809,0.09177527653380113,0.0,0.09444625366145298,0.018993570785885372,0.0,1.6057466505336155,5.437422065406868,0.0,1134,176,0,3304,547,0,2.222439294009287,0.11218970425348695,8.993164937711114,26.072521742557136,,False,False,False,no_promotion_shadow_or_reject,False,False,False,0,0,locked_oos_trade_event_count_0_below_20;locked_oos_return_not_positive;train_return_per_turnover_proxy_bps_8.993_not_above_10.000;locked_oos_return_per_turnover_proxy_bps_missing_not_above_10.000
104,divtd_hysteresis_trend_2h_xrpusdt_short_only_lb6_e0p01_x0p0_4p0x_0p15_173a7e89,stateful_momentum_hysteresis,XRPUSDT,2h,short_only,6,0.01,0.0,0,4.0,0.15,0.6,0.37502504717579477,0.12969438227951757,0.0,0.2016268992805912,0.11892312248390491,0.0,1.1252604759888514,2.1198695767206788,0.0,463,86,0,1635,340,0,2.8916059476465223,0.2453306648962772,13.499821712591604,25.13457020920883,,False,False,False,no_promotion_shadow_or_reject,False,False,False,0,0,locked_oos_trade_event_count_0_below_20;locked_oos_return_not_positive;locked_oos_return_per_turnover_proxy_bps_missing_not_above_10.000
105,divtd_hysteresis_trend_2h_dogeusdt_long_only_lb6_e0p02_x0p005_4p0x_0p15_a36e288f,stateful_momentum_hysteresis,DOGEUSDT,2h,long_only,6,0.02,0.005,0,4.0,0.15,0.6,0.13631976018668923,0.12048105972241352,0.0,0.19300613287223878,0.09539192073361513,0.0,0.5716457423044212,2.4735193211288644,0.0,430,52,0,1267,163,0,1.131462160946856,0.015838700464275712,5.283711635142993,38.61572427000433,,False,False,False,no_promotion_shadow_or_reject,False,False,False,0,0,locked_oos_trade_event_count_0_below_20;locked_oos_return_not_positive;train_return_per_turnover_proxy_bps_5.284_not_above_10.000;locked_oos_return_per_turnover_proxy_bps_missing_not_above_10.000
106,divtd_funding_carry_momentum_1h_dogeusdt_lb12_5e-05_4p0x_0p1_53e22434,funding_carry_momentum,DOGEUSDT,1h,long_short,12,5e-05,0.0,0,4.0,0.1,0.4,0.26382530598121123,0.10471726607922949,0.0,0.11895869525528502,0.054072502530163935,0.0,1.1691279070525267,3.563092881672485,0.0,608,97,0,2598,392,0,2.519405976294301,0.15910803990198175,10.848080015674803,26.988986102894195,,False,False,False,no_promotion_shadow_or_reject,False,False,False,0,0,locked_oos_trade_event_count_0_below_20;locked_oos_return_not_positive;locked_oos_return_per_turnover_proxy_bps_missing_not_above_10.000
107,divtd_funding_carry_momentum_2h_xrpusdt_lb6_2e-05_3p0x_0p1_4898604c,funding_carry_momentum,XRPUSDT,2h,long_short,6,2e-05,0.0,0,3.0,0.1,0.30000000000000004,0.2920645149565304,0.0980698758282863,0.0,0.10250605942511914,0.03764336824611547,0.0,1.5332962910421868,3.0682625396220633,0.0,658,137,0,1741,322,0,2.978126692725864,0.1939946391282441,14.795568133562835,23.861283656517344,,False,False,False,no_promotion_shadow_or_reject,False,False,False,0,0,locked_oos_trade_event_count_0_below_20;locked_oos_return_not_positive;locked_oos_return_per_turnover_proxy_bps_missing_not_above_10.000
108,divtd_funding_carry_momentum_4h_dogeusdt_lb24_2e-05_3p0x_0p1_2dcc53f2,funding_carry_momentum,DOGEUSDT,4h,long_short,24,2e-05,0.0,0,3.0,0.1,0.30000000000000004,0.3241556083398054,0.09304595547933414,0.0,0.109581038324709,0.02605582200726886,0.0,1.6796552291612559,4.231311405480144,0.0,283,43,0,893,114,0,3.4838226623595863,0.23110965286047125,38.18087259597237,72.12864765839855,,False,False,False,no_promotion_shadow_or_reject,False,False,False,0,0,locked_oos_trade_event_count_0_below_20;locked_oos_return_not_positive;locked_oos_return_per_turnover_proxy_bps_missing_not_above_10.000
109,divtd_debounced_hysteresis_trend_1h_dogeusdt_short_only_lb12_e0p02_x0p005_hold24_3p0x_0p15_402752e1,debounced_momentum_hysteresis,DOGEUSDT,1h,short_only,12,0.02,0.005,24,3.0,0.15,0.44999999999999996,0.16563204398456355,0.1052811324022509,0.0,0.2846710744965153,0.059174830979431214,0.0,0.6391101348291177,2.283504984185797,0.0,331,63,0,4583,856,0,1.5732357755397999,0.06035091158231265,11.119976098325852,37.13620190555588,,False,False,False,no_promotion_shadow_or_reject,False,False,False,0,0,locked_oos_trade_event_count_0_below_20;locked_oos_return_not_positive;locked_oos_return_per_turnover_proxy_bps_missing_not_above_10.000
110,divtd_funding_carry_momentum_1h_dogeusdt_lb6_5e-05_3p0x_0p1_0e58126e,funding_carry_momentum,DOGEUSDT,1h,long_short,6,5e-05,0.0,0,3.0,0.1,0.30000000000000004,0.22200676471768221,0.09419216161498656,0.0,0.09777652505841705,0.03166994002425316,0.0,1.4387777245815896,4.201714719303502,0.0,821,128,0,2446,389,0,2.356955832749034,0.12781460310269566,9.013672948342759,24.529208753902747,,False,False,False,no_promotion_shadow_or_reject,False,False,False,0,0,locked_oos_trade_event_count_0_below_20;locked_oos_return_not_positive;train_return_per_turnover_proxy_bps_9.014_not_above_10.000;locked_oos_return_per_turnover_proxy_bps_missing_not_above_10.000
111,divtd_debounced_hysteresis_trend_1h_solusdt_long_short_lb6_e0p02_x0p005_hold12_2p0x_0p1_772cb756,debounced_momentum_hysteresis,SOLUSDT,1h,long_short,6,0.02,0.005,12,2.0,0.1,0.2,0.13085245580910265,0.09311497773305799,-0.027796814636709133,0.1300342590277419,0.028992146544525532,0.03272984643220467,0.920466697382408,3.1210059603183717,-3.458583134030848,701,156,63,5230,1131,399,1.405278280624525,0.03773747807604466,9.333270742446693,29.844544145210893,-22.060963997388196,False,False,False,no_promotion_shadow_or_reject,False,False,False,0,0,locked_oos_return_not_positive;train_return_per_turnover_proxy_bps_9.333_not_above_10.000;locked_oos_return_per_turnover_proxy_bps_-22.061_not_above_10.000
112,divtd_funding_carry_momentum_2h_dogeusdt_lb12_2e-05_3p0x_0p1_2c8b65d9,funding_carry_momentum,DOGEUSDT,2h,long_short,12,2e-05,0.0,0,3.0,0.1,0.30000000000000004,0.2693495821114169,0.09514740959136203,0.0,0.11650176261191336,0.03449279227676405,0.0,1.3978914756828533,3.7154384865697256,0.0,450,74,0,1557,261,0,2.830866160920369,0.17420217252005488,19.951820897141992,42.85919350962253,,False,False,False,no_promotion_shadow_or_reject,False,False,False,0,0,locked_oos_trade_event_count_0_below_20;locked_oos_return_not_positive;locked_oos_return_per_turnover_proxy_bps_missing_not_above_10.000
113,divtd_debounced_hysteresis_trend_1h_xrpusdt_short_only_lb6_e0p02_x0p005_hold24_4p0x_0p1_4462c78e,debounced_momentum_hysteresis,XRPUSDT,1h,short_only,6,0.02,0.005,24,4.0,0.1,0.4,0.22853739532139894,0.12003464743241232,0.0,0.13053861950000378,0.10027460305933611,0.0,0.9485099035535486,2.9629445245040893,0.0,295,59,0,3729,798,0,1.9039285757062856,0.10850274788898662,19.367575874694825,50.862138742547586,,False,False,False,no_promotion_shadow_or_reject,False,False,False,0,0,locked_oos_trade_event_count_0_below_20;locked_oos_return_not_positive;locked_oos_return_per_turnover_proxy_bps_missing_not_above_10.000
114,divtd_debounced_hysteresis_trend_6h_xrpusdt_long_short_lb6_e0p02_x0p005_hold12_3p0x_0p1_02b1d88b,debounced_momentum_hysteresis,XRPUSDT,6h,long_short,6,0.02,0.005,12,3.0,0.1,0.30000000000000004,0.12569429369422536,0.11668878837973051,0.0,0.11647076649443033,0.09284462141913252,0.0,0.6220930020590922,2.6760644991462406,0.0,150,23,0,1217,215,0,1.0771754119615073,0.009005505314494844,27.932065265383407,169.11418605758044,,False,False,False,no_promotion_shadow_or_reject,False,False,False,0,0,validation_trade_event_count_23_below_30;locked_oos_trade_event_count_0_below_20;locked_oos_return_not_positive;locked_oos_return_per_turnover_proxy_bps_missing_not_above_10.000
115,divtd_funding_carry_momentum_2h_dogeusdt_lb12_5e-05_4p0x_0p1_16179f77,funding_carry_momentum,DOGEUSDT,2h,long_short,12,5e-05,0.0,0,4.0,0.1,0.4,0.29532555349868694,0.0955121790194946,0.0,0.13180845388039975,0.037264137303712586,0.0,1.3416547737580582,3.2211327202214703,0.0,333,44,0,1215,150,0,3.092019850561772,0.19981337447919234,22.17158810050202,54.268283533803746,,False,False,False,no_promotion_shadow_or_reject,False,False,False,0,0,locked_oos_trade_event_count_0_below_20;locked_oos_return_not_positive;locked_oos_return_per_turnover_proxy_bps_missing_not_above_10.000
116,divtd_hysteresis_trend_2h_dogeusdt_long_short_lb12_e0p01_x0p0_4p0x_0p15_0aa36cbc,stateful_momentum_hysteresis,DOGEUSDT,2h,long_short,12,0.01,0.0,0,4.0,0.15,0.6,0.20072731596814242,0.12293452464984189,0.0,0.41460294719101476,0.10965495608912179,0.0,0.6086609683736449,1.6625891240800945,0.0,566,97,0,3881,685,0,1.6327985693187497,0.07779279131830052,5.910698350063087,21.12277055839208,,False,False,False,no_promotion_shadow_or_reject,False,False,False,0,0,locked_oos_trade_event_count_0_below_20;locked_oos_return_not_positive;train_return_per_turnover_proxy_bps_5.911_not_above_10.000;locked_oos_return_per_turnover_proxy_bps_missing_not_above_10.000
117,divtd_funding_carry_momentum_4h_dogeusdt_lb6_5e-05_3p0x_0p1_8c473e56,funding_carry_momentum,DOGEUSDT,4h,long_short,6,5e-05,0.0,0,3.0,0.1,0.30000000000000004,0.1979514289126565,0.09226799426201415,0.0,0.13512954554219847,0.030097151436368264,0.0,1.2361032079632581,3.8978763191227204,0.0,273,38,0,613,81,0,2.145396467062373,0.10568343465064234,24.169893640128997,80.93683707194222,,False,False,False,no_promotion_shadow_or_reject,False,False,False,0,0,locked_oos_trade_event_count_0_below_20;locked_oos_return_not_positive;locked_oos_return_per_turnover_proxy_bps_missing_not_above_10.000
118,divtd_debounced_hysteresis_trend_12h_xrpusdt_long_short_lb12_e0p02_x0p005_hold24_3p0x_0p1_d3c758a6,debounced_momentum_hysteresis,XRPUSDT,12h,long_short,12,0.02,0.005,24,3.0,0.1,0.30000000000000004,0.11590324986353262,0.14375092651958288,0.0,0.19461629935894098,0.06498183683002945,0.0,0.5671082432904365,3.254261834274524,0.0,36,8,0,687,122,0,0.8062782805628969,-0.027847676656050258,107.31782394771538,598.9621938315952,,False,False,False,no_promotion_shadow_or_reject,False,False,False,0,0,train_trade_event_count_36_below_80;validation_trade_event_count_8_below_30;locked_oos_trade_event_count_0_below_20;train_return_0.1159_below_validation_return_0.1438;train_validation_return_ratio_0.8063_below_1.00;locked_oos_return_not_positive;locked_oos_return_per_turnover_proxy_bps_missing_not_above_10.000
119,divtd_debounced_hysteresis_trend_1h_xrpusdt_long_short_lb12_e0p02_x0p005_hold6_3p0x_0p15_8364934d,debounced_momentum_hysteresis,XRPUSDT,1h,long_short,12,0.02,0.005,6,3.0,0.15,0.44999999999999996,0.44051196716326513,0.12137516658166025,0.0,0.16693339065250656,0.10798701599038396,0.0,1.2962807398377927,2.3001385150214104,0.0,770,149,0,4921,922,0,3.6293418132356767,0.3191368005816049,12.713188085519919,18.102187409643587,,False,False,False,no_promotion_shadow_or_reject,False,False,False,0,0,locked_oos_trade_event_count_0_below_20;locked_oos_return_not_positive;locked_oos_return_per_turnover_proxy_bps_missing_not_above_10.000
120,divtd_debounced_hysteresis_trend_1h_dogeusdt_long_short_lb12_e0p02_x0p005_hold12_2p0x_0p1_fff5a651,debounced_momentum_hysteresis,DOGEUSDT,1h,long_short,12,0.02,0.005,12,2.0,0.1,0.2,0.17158247663712145,0.09033596239981456,0.0,0.08683179038487399,0.028813069988907758,0.0,1.0146247039949086,3.5162913949429906,0.0,721,116,0,6471,1054,0,1.8993817310289005,0.08124651423730689,11.898923483850307,38.93791482750627,,False,False,False,no_promotion_shadow_or_reject,False,False,False,0,0,locked_oos_trade_event_count_0_below_20;locked_oos_return_not_positive;locked_oos_return_per_turnover_proxy_bps_missing_not_above_10.000
121,divtd_debounced_hysteresis_trend_1h_solusdt_long_short_lb12_e0p02_x0p005_hold24_4p0x_0p1_03ec56b8,debounced_momentum_hysteresis,SOLUSDT,1h,long_short,12,0.02,0.005,24,4.0,0.1,0.4,0.12029438710554996,0.15693362910757624,-0.0646426260637345,0.24566371350087823,0.07505613448740034,0.09914345078445641,0.51405555287845,2.3677371707793,-3.2535753176890387,449,115,43,6982,1656,605,0.766530333808119,-0.036639242002026284,6.697905740843538,34.11600632773396,-37.582922130078195,False,False,False,no_promotion_shadow_or_reject,False,False,False,0,0,train_return_0.1203_below_validation_return_0.1569;train_validation_return_ratio_0.7665_below_1.00;locked_oos_return_not_positive;train_return_per_turnover_proxy_bps_6.698_not_above_10.000;locked_oos_return_per_turnover_proxy_bps_-37.583_not_above_10.000
122,divtd_debounced_hysteresis_trend_1h_solusdt_long_short_lb12_e0p02_x0p005_hold24_3p0x_0p15_5a5ab9bf,debounced_momentum_hysteresis,SOLUSDT,1h,long_short,12,0.02,0.005,24,3.0,0.15,0.44999999999999996,0.12815272847700077,0.17677904464989047,-0.07262974258841004,0.2728375862304001,0.0842635872753591,0.11095502703189708,0.5140555528784498,2.3677371707793005,-3.2535753176890387,449,115,43,6982,1656,605,0.724931672364257,-0.048626316172889705,6.34262452249447,34.16020186471314,-37.534750691684785,False,False,False,no_promotion_shadow_or_reject,False,False,False,0,0,train_return_0.1282_below_validation_return_0.1768;train_validation_return_ratio_0.7249_below_1.00;locked_oos_return_not_positive;train_return_per_turnover_proxy_bps_6.343_not_above_10.000;locked_oos_return_per_turnover_proxy_bps_-37.535_not_above_10.000
123,divtd_debounced_hysteresis_trend_4h_ethusdt_short_only_lb12_e0p02_x0p005_hold12_3p0x_0p15_6c442110,debounced_momentum_hysteresis,ETHUSDT,4h,short_only,12,0.02,0.005,12,3.0,0.15,0.44999999999999996,0.11304614639030164,0.11355449628761072,-0.05483034473088211,0.1809698783116105,0.0932376388205699,0.05840709298598523,0.570146739853768,2.2257831180715284,-3.4623256004147165,133,32,17,1024,257,112,0.9955232957396813,-0.0005083498973090794,18.888245010910886,78.85728908861856,-71.67365324298315,False,False,False,no_promotion_shadow_or_reject,False,False,False,0,0,locked_oos_trade_event_count_17_below_20;train_return_0.1130_below_validation_return_0.1136;train_validation_return_ratio_0.9955_below_1.00;locked_oos_return_not_positive;locked_oos_return_per_turnover_proxy_bps_-71.674_not_above_10.000
124,divtd_hysteresis_trend_2h_dogeusdt_short_only_lb48_e0p01_x0p0_4p0x_0p15_da134624,stateful_momentum_hysteresis,DOGEUSDT,2h,short_only,48,0.01,0.0,0,4.0,0.15,0.6,0.2384694823166662,0.1168888321885333,0.0,0.30555365160687764,0.10439453638888341,0.0,0.7111001396139478,1.8581941753624363,0.0,191,32,0,2399,485,0,2.040139146330353,0.1215806501281329,20.808855350494433,60.87960009819443,,False,False,False,no_promotion_shadow_or_reject,False,False,False,0,0,locked_oos_trade_event_count_0_below_20;locked_oos_return_not_positive;locked_oos_return_per_turnover_proxy_bps_missing_not_above_10.000
125,divtd_debounced_hysteresis_trend_6h_dogeusdt_short_only_lb6_e0p04_x0p01_hold24_4p0x_0p1_1ef29780,debounced_momentum_hysteresis,DOGEUSDT,6h,short_only,6,0.04,0.01,24,4.0,0.1,0.4,0.13943083786489585,0.10247128627640412,0.0,0.271346049241855,0.0701492126912725,0.0,0.5838476322889764,2.1588957862039364,0.0,71,13,0,957,174,0,1.360682030367002,0.036959551588491735,49.09536544538586,197.06016591616174,,False,False,False,no_promotion_shadow_or_reject,False,False,False,0,0,train_trade_event_count_71_below_80;validation_trade_event_count_13_below_30;locked_oos_trade_event_count_0_below_20;locked_oos_return_not_positive;locked_oos_return_per_turnover_proxy_bps_missing_not_above_10.000
126,divtd_funding_carry_momentum_4h_dogeusdt_lb12_2e-05_3p0x_0p1_a79626f8,funding_carry_momentum,DOGEUSDT,4h,long_short,12,2e-05,0.0,0,3.0,0.1,0.30000000000000004,0.5039653252529293,0.08592154799475993,0.0,0.07980816727450868,0.027193989136076846,0.0,2.4426534863267886,4.356185835990269,0.0,313,42,0,759,111,0,5.865412542190981,0.4180437772581693,53.670428674433346,68.19170475774597,,False,False,False,no_promotion_shadow_or_reject,False,False,False,0,0,locked_oos_trade_event_count_0_below_20;locked_oos_return_not_positive;locked_oos_return_per_turnover_proxy_bps_missing_not_above_10.000
127,divtd_debounced_hysteresis_trend_2h_dogeusdt_long_short_lb6_e0p02_x0p005_hold6_2p0x_0p1_040c8504,debounced_momentum_hysteresis,DOGEUSDT,2h,long_short,6,0.02,0.005,6,2.0,0.1,0.2,0.10784662409553203,0.08705980213158959,0.0,0.07242255475717174,0.030205666615312543,0.0,0.7073703366611608,3.449573349731037,0.0,653,102,0,3004,465,0,1.2387648657014343,0.020786821963942437,8.257781324313326,42.676373593916466,,False,False,False,no_promotion_shadow_or_reject,False,False,False,0,0,locked_oos_trade_event_count_0_below_20;locked_oos_return_not_positive;train_return_per_turnover_proxy_bps_8.258_not_above_10.000;locked_oos_return_per_turnover_proxy_bps_missing_not_above_10.000
128,divtd_hysteresis_trend_2h_dogeusdt_long_short_lb6_e0p01_x0p0_2p0x_0p1_41a2f3db,stateful_momentum_hysteresis,DOGEUSDT,2h,long_short,6,0.01,0.0,0,2.0,0.1,0.2,0.18448645276571596,0.08821348274581764,0.0,0.09714381567117458,0.0364952031545962,0.0,1.0798176045099952,3.355503441238832,0.0,840,147,0,3515,565,0,2.0913634404085784,0.09627297001989832,10.98133647414976,30.00458596796518,,False,False,False,no_promotion_shadow_or_reject,False,False,False,0,0,locked_oos_trade_event_count_0_below_20;locked_oos_return_not_positive;locked_oos_return_per_turnover_proxy_bps_missing_not_above_10.000
129,divtd_hysteresis_trend_12h_bnbusdt_long_short_lb48_e0p01_x0p0_3p0x_0p15_bd23df04,stateful_momentum_hysteresis,BNBUSDT,12h,long_short,48,0.01,0.0,0,3.0,0.15,0.44999999999999996,0.12384360557692431,0.10084020668481264,-0.011996772416387969,0.259063935694697,0.06981466220984289,0.061298700319531774,0.6216293184324788,1.8395700469207128,-0.5550751359995222,43,15,6,645,172,87,1.2281173318496994,0.02300339889211167,64.0018633472477,149.39289879231504,-44.432490431066554,False,False,False,no_promotion_shadow_or_reject,False,False,False,0,0,train_trade_event_count_43_below_80;validation_trade_event_count_15_below_30;locked_oos_trade_event_count_6_below_20;locked_oos_return_not_positive;locked_oos_return_per_turnover_proxy_bps_-44.432_not_above_10.000
130,divtd_debounced_hysteresis_trend_1h_xrpusdt_long_short_lb6_e0p02_x0p005_hold12_2p0x_0p1_2cc3de88,debounced_momentum_hysteresis,XRPUSDT,1h,long_short,6,0.02,0.005,12,2.0,0.1,0.2,0.09094650063604304,0.08550645685523595,0.0,0.1039195044909863,0.029903689337980488,0.0,0.6841165266220625,3.613287051250716,0.0,623,128,0,4530,903,0,1.0636214384373006,0.005440043780807091,7.299077097595749,33.40095970907654,,False,False,False,no_promotion_shadow_or_reject,False,False,False,0,0,locked_oos_trade_event_count_0_below_20;locked_oos_return_not_positive;train_return_per_turnover_proxy_bps_7.299_not_above_10.000;locked_oos_return_per_turnover_proxy_bps_missing_not_above_10.000
131,divtd_hysteresis_trend_4h_solusdt_long_short_lb48_e0p02_x0p005_3p0x_0p15_7f3f34ab,stateful_momentum_hysteresis,SOLUSDT,4h,long_short,48,0.02,0.005,0,3.0,0.15,0.44999999999999996,0.17125177725055574,0.13363234591355644,-0.07690390589099039,0.23174202856309445,0.15753711892338818,0.10578932612877712,0.6214657206003301,1.8588567146348483,-2.8018093335034333,149,41,24,1932,470,234,1.28151441239634,0.0376194313369993,25.54090637592181,72.42945577970539,-71.20732026943554,False,False,False,no_promotion_shadow_or_reject,False,False,False,0,0,validation_mdd_0.1575_above_0.12;locked_oos_return_not_positive;locked_oos_return_per_turnover_proxy_bps_-71.207_not_above_10.000
132,divtd_debounced_hysteresis_trend_1h_dogeusdt_short_only_lb12_e0p02_x0p005_hold24_4p0x_0p1_d983b4d0,debounced_momentum_hysteresis,DOGEUSDT,1h,short_only,12,0.02,0.005,24,4.0,0.1,0.4,0.1517165554730706,0.09370535043368311,0.0,0.2571088224333491,0.05273597732054314,0.0,0.6391101348291182,2.2835049841857975,0.0,331,63,0,4583,856,0,1.6190810318824114,0.0580112050393875,11.45895434086636,37.184662870509165,,False,False,False,no_promotion_shadow_or_reject,False,False,False,0,0,locked_oos_trade_event_count_0_below_20;locked_oos_return_not_positive;locked_oos_return_per_turnover_proxy_bps_missing_not_above_10.000
133,divtd_funding_carry_momentum_2h_dogeusdt_lb6_5e-05_4p0x_0p1_ac771cba,funding_carry_momentum,DOGEUSDT,2h,long_short,6,5e-05,0.0,0,4.0,0.1,0.4,0.2648741339859877,0.09625603946140715,0.0,0.1373880229643668,0.059540997226838366,0.0,1.168935958650126,3.073192663964822,0.0,481,76,0,1320,193,0,2.751766387523,0.16861809452458054,13.76684688076859,31.663170875462875,,False,False,False,no_promotion_shadow_or_reject,False,False,False,0,0,locked_oos_trade_event_count_0_below_20;locked_oos_return_not_positive;locked_oos_return_per_turnover_proxy_bps_missing_not_above_10.000
134,divtd_hysteresis_trend_2h_dogeusdt_short_only_lb6_e0p01_x0p0_4p0x_0p15_2da07d6a,stateful_momentum_hysteresis,DOGEUSDT,2h,short_only,6,0.01,0.0,0,4.0,0.15,0.6,0.42405114551563416,0.10152301560775312,0.0,0.2594523116490466,0.07603058355076764,0.0,1.120107088050197,1.841074861155448,0.0,485,102,0,1791,343,0,4.176896666998239,0.32252812990788104,14.572204313252035,16.588728040482536,,False,False,False,no_promotion_shadow_or_reject,False,False,False,0,0,locked_oos_trade_event_count_0_below_20;locked_oos_return_not_positive;locked_oos_return_per_turnover_proxy_bps_missing_not_above_10.000
135,divtd_debounced_hysteresis_trend_2h_ethusdt_long_short_lb6_e0p04_x0p01_hold24_3p0x_0p1_956cb326,debounced_momentum_hysteresis,ETHUSDT,2h,long_short,6,0.04,0.01,24,3.0,0.1,0.30000000000000004,0.24535122381080066,0.0912236968525415,-0.028476626572080832,0.12223812562728231,0.049205851718045035,0.0605700706123814,1.3648030619779083,2.3154799655776297,-2.516508529206784,162,40,15,2123,546,183,2.689555809247662,0.15412752695825915,50.483790907572136,76.01974737711791,-63.28139238240183,False,False,False,no_promotion_shadow_or_reject,False,False,False,0,0,locked_oos_trade_event_count_15_below_20;locked_oos_return_not_positive;locked_oos_return_per_turnover_proxy_bps_-63.281_not_above_10.000
136,divtd_hysteresis_trend_2h_adausdt_long_only_lb6_e0p04_x0p01_4p0x_0p15_43cece28,stateful_momentum_hysteresis,ADAUSDT,2h,long_only,6,0.04,0.01,0,4.0,0.15,0.6,0.24688687001645504,0.0893574299002795,0.0,0.14725194373522987,0.0455736811764722,0.0,1.04820580911053,2.682209904072396,0.0,172,32,0,554,105,0,2.7629137307549487,0.15752944011617553,23.923146319423935,46.54032807306225,,False,False,False,no_promotion_shadow_or_reject,False,False,False,0,0,locked_oos_trade_event_count_0_below_20;locked_oos_return_not_positive;locked_oos_return_per_turnover_proxy_bps_missing_not_above_10.000
137,divtd_debounced_hysteresis_trend_1h_xrpusdt_long_short_lb12_e0p02_x0p005_hold6_4p0x_0p1_4dcc01be,debounced_momentum_hysteresis,XRPUSDT,1h,long_short,12,0.02,0.005,6,4.0,0.1,0.4,0.39027445758906754,0.10805593887039833,0.0,0.14879186999589167,0.09641175537190294,0.0,1.2962807398377933,2.3001385150214113,0.0,770,149,0,4921,922,0,3.6117816537336322,0.2822185187186692,12.671248623021672,18.130191085637303,,False,False,False,no_promotion_shadow_or_reject,False,False,False,0,0,locked_oos_trade_event_count_0_below_20;locked_oos_return_not_positive;locked_oos_return_per_turnover_proxy_bps_missing_not_above_10.000
138,divtd_hysteresis_trend_1h_ethusdt_long_short_lb12_e0p02_x0p005_4p0x_0p15_7b8fda6c,stateful_momentum_hysteresis,ETHUSDT,1h,long_short,12,0.02,0.005,0,4.0,0.15,0.6,0.14254076053539566,0.11711642948229839,-0.03794882513530551,0.2415666219487742,0.12041400006105518,0.08284661835609963,0.5620889911226076,1.6194412376590532,-1.6574317527419467,775,169,68,4313,967,379,1.2170859474241404,0.02542433105309727,3.065392699685928,11.549943735926865,-9.301182631202332,False,False,False,no_promotion_shadow_or_reject,False,False,False,0,0,validation_mdd_0.1204_above_0.12;locked_oos_return_not_positive;train_return_per_turnover_proxy_bps_3.065_not_above_10.000;locked_oos_return_per_turnover_proxy_bps_-9.301_not_above_10.000
139,divtd_debounced_hysteresis_trend_1h_solusdt_long_short_lb12_e0p02_x0p005_hold24_3p0x_0p1_fc0c778d,debounced_momentum_hysteresis,SOLUSDT,1h,long_short,12,0.02,0.005,24,3.0,0.1,0.30000000000000004,0.09945275813652721,0.11733715945675316,-0.048602586078243526,0.18901411668235435,0.056521029168867254,0.07513819545183542,0.5140555528784497,2.3677371707793005,-3.2535753176890396,449,115,43,6982,1656,605,0.8475810953407511,-0.01788440132022595,7.383278258094076,34.0107708570299,-37.67642331646784,False,False,False,no_promotion_shadow_or_reject,False,False,False,0,0,train_return_0.0995_below_validation_return_0.1173;train_validation_return_ratio_0.8476_below_1.00;locked_oos_return_not_positive;train_return_per_turnover_proxy_bps_7.383_not_above_10.000;locked_oos_return_per_turnover_proxy_bps_-37.676_not_above_10.000
140,divtd_vol_contraction_breakout_12h_ethusdt_long_short_lb48_3p0x_0p15_21ba1da3,volatility_contraction_breakout,ETHUSDT,12h,long_short,48,0.35,0.0,0,3.0,0.15,0.44999999999999996,0.2139355947731847,0.09741470410519604,-0.003065407537328535,0.0771638241830529,0.07033202519984605,0.003065407537328535,1.5873493319473022,1.6522418288722702,-3.843980887607727,6,4,1,114,89,3,2.1961324703317917,0.11652089066798865,792.3540547154989,541.1928005844225,-68.12016749618968,False,False,False,no_promotion_shadow_or_reject,False,False,False,0,0,train_trade_event_count_6_below_80;validation_trade_event_count_4_below_30;locked_oos_trade_event_count_1_below_20;locked_oos_return_not_positive;locked_oos_return_per_turnover_proxy_bps_-68.120_not_above_10.000
141,divtd_debounced_hysteresis_trend_1h_solusdt_short_only_lb6_e0p02_x0p005_hold12_3p0x_0p15_20546e8a,debounced_momentum_hysteresis,SOLUSDT,1h,short_only,6,0.02,0.005,12,3.0,0.15,0.44999999999999996,0.35559984990608284,0.0992351130985023,0.005645679824471284,0.16510475235978883,0.07563096683348203,0.026291972060153213,1.332257719808579,1.8635377241483193,0.5274506952225203,428,100,34,2947,696,212,3.5834075137608696,0.25636473680758054,18.463128240191217,22.052247355222736,3.689986813379924,True,False,False,train_dominant_shadow_until_execution_efficiency,False,False,False,0,0,locked_oos_return_per_turnover_proxy_bps_3.690_not_above_10.000
142,divtd_debounced_hysteresis_trend_1h_dogeusdt_long_short_lb12_e0p02_x0p005_hold6_3p0x_0p1_e3c597e5,debounced_momentum_hysteresis,DOGEUSDT,1h,long_short,12,0.02,0.005,6,3.0,0.1,0.30000000000000004,0.22202333424960186,0.09331681339124986,0.0,0.1558571816836295,0.06229177218486315,0.0,0.935732389981415,2.5698615057798992,0.0,873,140,0,5919,939,0,2.3792425628458136,0.128706520858352,8.477408715143254,22.218288902678538,,False,False,False,no_promotion_shadow_or_reject,False,False,False,0,0,locked_oos_trade_event_count_0_below_20;locked_oos_return_not_positive;train_return_per_turnover_proxy_bps_8.477_not_above_10.000;locked_oos_return_per_turnover_proxy_bps_missing_not_above_10.000
143,divtd_debounced_hysteresis_trend_2h_ethusdt_long_short_lb6_e0p02_x0p005_hold24_2p0x_0p1_1bc43b03,debounced_momentum_hysteresis,ETHUSDT,2h,long_short,6,0.02,0.005,24,2.0,0.1,0.2,0.18618176055088465,0.08346582386888235,-0.0402573104864431,0.07019743842374393,0.036575555619363875,0.06392013704963284,1.3550995377442727,2.624386577520002,-4.145689981619163,240,58,31,3382,816,383,2.230634670824794,0.1027159366820023,38.7878667814343,71.95329643869168,-64.93114594587597,False,False,False,no_promotion_shadow_or_reject,False,False,False,0,0,locked_oos_return_not_positive;locked_oos_return_per_turnover_proxy_bps_-64.931_not_above_10.000
144,divtd_hysteresis_trend_4h_dogeusdt_long_short_lb6_e0p01_x0p0_3p0x_0p1_3cf931c7,stateful_momentum_hysteresis,DOGEUSDT,4h,long_short,6,0.01,0.0,0,3.0,0.1,0.30000000000000004,0.1602909947752864,0.09268042671679155,0.0,0.16132016798461846,0.060911271059320704,0.0,0.7099528316455098,2.3421553687498533,0.0,416,77,0,1836,311,0,1.7295021230868521,0.06761056805849486,12.843829709558205,40.1213968470959,,False,False,False,no_promotion_shadow_or_reject,False,False,False,0,0,locked_oos_trade_event_count_0_below_20;locked_oos_return_not_positive;locked_oos_return_per_turnover_proxy_bps_missing_not_above_10.000
145,divtd_debounced_hysteresis_trend_2h_solusdt_short_only_lb6_e0p02_x0p005_hold6_3p0x_0p15_e257b7f9,debounced_momentum_hysteresis,SOLUSDT,2h,short_only,6,0.02,0.005,6,3.0,0.15,0.44999999999999996,0.10288018392908005,0.11613411801399298,0.012871745494348774,0.21790756504883224,0.07477667056270543,0.025101377379921352,0.531840254545021,2.2253183771746943,1.0855711993131922,362,88,30,1462,360,108,0.8858738989750112,-0.013253934084912933,6.315542291533459,29.32679747828106,9.534626292110206,False,False,False,no_promotion_shadow_or_reject,False,False,False,0,0,train_return_0.1029_below_validation_return_0.1161;train_validation_return_ratio_0.8859_below_1.00;train_return_per_turnover_proxy_bps_6.316_not_above_10.000;locked_oos_return_per_turnover_proxy_bps_9.535_not_above_10.000
146,divtd_debounced_hysteresis_trend_4h_ethusdt_short_only_lb12_e0p02_x0p005_hold12_4p0x_0p1_b8f79541,debounced_momentum_hysteresis,ETHUSDT,4h,short_only,12,0.02,0.005,12,4.0,0.1,0.4,0.10291294472934465,0.10089030604721905,-0.0487945325092195,0.16203545731918179,0.08313971566482126,0.052045032935762126,0.5701467398537681,2.2257831180715284,-3.462325600414715,133,32,17,1024,257,112,1.0200478991626705,0.0020226386821255993,19.344538482959518,78.82055159938987,-71.75666545473455,False,False,False,no_promotion_shadow_or_reject,False,False,False,0,0,locked_oos_trade_event_count_17_below_20;locked_oos_return_not_positive;locked_oos_return_per_turnover_proxy_bps_-71.757_not_above_10.000
147,divtd_hysteresis_trend_1h_ethusdt_short_only_lb12_e0p01_x0p0_4p0x_0p15_a56011a7,stateful_momentum_hysteresis,ETHUSDT,1h,short_only,12,0.01,0.0,0,4.0,0.15,0.6,0.13790022115967715,0.09731143943950427,0.031261126093573566,0.23903279649366582,0.07404625887332272,0.0436402803980388,0.5852788978362339,1.4019177349399023,1.7604020066888673,573,150,54,3229,873,373,1.41710185312186,0.040588781720172884,4.011059370554891,10.812382159944917,9.648495707893078,True,False,False,train_dominant_shadow_until_execution_efficiency,False,False,False,0,0,train_return_per_turnover_proxy_bps_4.011_not_above_10.000;locked_oos_return_per_turnover_proxy_bps_9.648_not_above_10.000
148,divtd_debounced_hysteresis_trend_6h_solusdt_short_only_lb6_e0p04_x0p01_hold24_3p0x_0p15_73556bb6,debounced_momentum_hysteresis,SOLUSDT,6h,short_only,6,0.04,0.01,24,3.0,0.15,0.44999999999999996,0.22116737610597514,0.10721737117626695,-0.02750242045868878,0.17387180043188177,0.10085816144026416,0.060450434177117485,0.8513909414383093,1.5871218689176005,-1.470214964360306,66,17,9,853,238,90,2.0627942438765143,0.11395000492970819,74.46713000201184,140.15342637420517,-67.90721100910811,False,False,False,no_promotion_shadow_or_reject,False,False,False,0,0,train_trade_event_count_66_below_80;validation_trade_event_count_17_below_30;locked_oos_trade_event_count_9_below_20;locked_oos_return_not_positive;locked_oos_return_per_turnover_proxy_bps_-67.907_not_above_10.000
149,divtd_hysteresis_trend_4h_solusdt_long_short_lb48_e0p01_x0p0_4p0x_0p15_d22913d2,stateful_momentum_hysteresis,SOLUSDT,4h,long_short,48,0.01,0.0,0,4.0,0.15,0.6,0.27894652575868784,0.16195179938941817,-0.1111296506350169,0.2991759163913833,0.24484915542879349,0.15031899297233842,0.7509312869794357,1.6643097136563807,-3.0293273942259575,135,39,28,2031,499,252,1.7224046093365852,0.11699472636926966,34.43784268625776,69.21017067923854,-66.14860156846244,False,False,False,no_promotion_shadow_or_reject,False,False,False,0,0,validation_mdd_0.2448_above_0.12;locked_oos_return_not_positive;locked_oos_return_per_turnover_proxy_bps_-66.149_not_above_10.000
150,divtd_funding_carry_momentum_6h_adausdt_lb6_5e-05_2p0x_0p1_f3cf252c,funding_carry_momentum,ADAUSDT,6h,long_short,6,5e-05,0.0,0,2.0,0.1,0.2,0.12920173618266806,0.07408659344304414,0.0,0.07117317976173865,0.01449667259233367,0.0,1.1468209517342003,4.494940000225196,0.0,190,39,0,479,102,0,1.7439286944944368,0.055115142739623924,34.000456890175805,94.98281210646684,,False,False,False,no_promotion_shadow_or_reject,False,False,False,0,0,locked_oos_trade_event_count_0_below_20;locked_oos_return_not_positive;locked_oos_return_per_turnover_proxy_bps_missing_not_above_10.000
151,divtd_debounced_hysteresis_trend_2h_solusdt_short_only_lb6_e0p02_x0p005_hold24_3p0x_0p1_e30ca801,debounced_momentum_hysteresis,SOLUSDT,2h,short_only,6,0.02,0.005,24,3.0,0.1,0.30000000000000004,0.20601678419570035,0.08967403832327858,-0.013744335129254215,0.18145647198504544,0.055894416599336694,0.06030259551845274,1.0087575793815742,2.078683935096147,-0.9370248154877677,200,49,22,2611,644,268,2.29739608082555,0.11634274587242177,34.33613069928339,61.0027471586929,-20.824750195839716,False,False,False,no_promotion_shadow_or_reject,False,False,False,0,0,locked_oos_return_not_positive;locked_oos_return_per_turnover_proxy_bps_-20.825_not_above_10.000
152,divtd_debounced_hysteresis_trend_1h_ethusdt_long_short_lb6_e0p02_x0p005_hold6_3p0x_0p1_1b08ffbc,debounced_momentum_hysteresis,ETHUSDT,1h,long_short,6,0.02,0.005,6,3.0,0.1,0.30000000000000004,0.1420228461373061,0.0815915757983936,0.0011190722370253425,0.12487109988236955,0.034957383708763445,0.021899342603637795,0.9356238461688478,2.289016518073464,0.15842223691657156,810,197,61,3247,753,211,1.7406557570138543,0.06043127033891249,5.844561569436465,13.805681184161353,0.6115148836204056,True,False,False,train_dominant_shadow_until_execution_efficiency,False,False,False,0,0,train_return_per_turnover_proxy_bps_5.845_not_above_10.000;locked_oos_return_per_turnover_proxy_bps_0.612_not_above_10.000
153,divtd_debounced_hysteresis_trend_1h_ethusdt_long_only_lb6_e0p02_x0p005_hold12_3p0x_0p1_57cb1138,debounced_momentum_hysteresis,ETHUSDT,1h,long_only,6,0.02,0.005,12,3.0,0.1,0.30000000000000004,0.11492884521425917,0.07612719924388633,0.000519528914890488,0.10223357614330941,0.02150209669559433,0.02463900124626306,0.9486249235350327,2.963707023310656,0.09241792474134838,362,75,28,2504,491,182,1.5096949100421415,0.03880164597037283,10.582766594314839,33.83431077506059,0.618486803441057,True,False,False,train_dominant_shadow_until_execution_efficiency,False,False,False,0,0,locked_oos_return_per_turnover_proxy_bps_0.618_not_above_10.000
154,divtd_hysteresis_trend_1h_dogeusdt_long_short_lb12_e0p01_x0p0_3p0x_0p15_2cca8801,stateful_momentum_hysteresis,DOGEUSDT,1h,long_short,12,0.01,0.0,0,3.0,0.15,0.44999999999999996,0.13016367879462765,0.12001629520782209,0.0,0.2431940903378763,0.1368631792894177,0.0,0.5071615062036401,2.084834306538266,0.0,1130,209,0,7321,1264,0,1.0845500485516086,0.010147383586805558,2.559757695076257,12.760903265052853,,False,False,False,no_promotion_shadow_or_reject,False,False,False,0,0,locked_oos_trade_event_count_0_below_20;validation_mdd_0.1369_above_0.12;locked_oos_return_not_positive;train_return_per_turnover_proxy_bps_2.560_not_above_10.000;locked_oos_return_per_turnover_proxy_bps_missing_not_above_10.000
155,divtd_hysteresis_trend_2h_solusdt_short_only_lb24_e0p01_x0p0_4p0x_0p15_7338b4ce,stateful_momentum_hysteresis,SOLUSDT,2h,short_only,24,0.01,0.0,0,4.0,0.15,0.6,0.12022021732292454,0.1282111493736715,-0.03528594071720714,0.29129358000142425,0.1297783430205346,0.08975259993725859,0.4995422005723577,1.6343529203157425,-1.4850839097425843,258,56,23,2059,538,218,0.9376736571680097,-0.007990932050746968,7.766163909749648,38.158080170735566,-25.56952225884576,False,False,False,no_promotion_shadow_or_reject,False,False,False,0,0,train_return_0.1202_below_validation_return_0.1282;train_validation_return_ratio_0.9377_below_1.00;validation_mdd_0.1298_above_0.12;locked_oos_return_not_positive;train_return_per_turnover_proxy_bps_7.766_not_above_10.000;locked_oos_return_per_turnover_proxy_bps_-25.570_not_above_10.000
156,divtd_funding_carry_momentum_1h_dogeusdt_lb24_2e-05_3p0x_0p1_482b5191,funding_carry_momentum,DOGEUSDT,1h,long_short,24,2e-05,0.0,0,3.0,0.1,0.30000000000000004,0.23371839320066257,0.07877882087659138,0.0,0.11185881210257542,0.029751780763774716,0.0,1.253537326983954,3.3314254419297216,0.0,560,98,0,3082,494,0,2.966766836568767,0.15493957232407118,13.911809119087055,26.795517304963052,,False,False,False,no_promotion_shadow_or_reject,False,False,False,0,0,locked_oos_trade_event_count_0_below_20;locked_oos_return_not_positive;locked_oos_return_per_turnover_proxy_bps_missing_not_above_10.000
157,divtd_debounced_hysteresis_trend_2h_solusdt_long_short_lb6_e0p02_x0p005_hold24_3p0x_0p1_b7820f88,debounced_momentum_hysteresis,SOLUSDT,2h,long_short,6,0.02,0.005,24,3.0,0.1,0.30000000000000004,0.5697740699593521,0.09381368618952068,-0.05948208955751222,0.17405706429324774,0.06978971403480383,0.08898134087304843,2.029452891499225,1.8793561395129141,-3.581268291345331,251,57,28,3735,878,386,6.07346425774492,0.4759603837698314,75.6672071659166,54.86180478919338,-70.81201137799073,False,False,False,no_promotion_shadow_or_reject,False,False,False,0,0,locked_oos_return_not_positive;locked_oos_return_per_turnover_proxy_bps_-70.812_not_above_10.000
158,divtd_funding_carry_momentum_1h_xrpusdt_lb12_5e-05_4p0x_0p1_e6aa7110,funding_carry_momentum,XRPUSDT,1h,long_short,12,5e-05,0.0,0,4.0,0.1,0.4,0.153625115747414,0.09257100515213468,0.0,0.0988088057746549,0.06738543076620607,0.0,0.801874912684839,2.6857578551982506,0.0,675,114,0,2881,443,0,1.659538162029684,0.06105411059527932,5.689819101756074,20.30065902459094,,False,False,False,no_promotion_shadow_or_reject,False,False,False,0,0,locked_oos_trade_event_count_0_below_20;locked_oos_return_not_positive;train_return_per_turnover_proxy_bps_5.690_not_above_10.000;locked_oos_return_per_turnover_proxy_bps_missing_not_above_10.000
159,divtd_debounced_hysteresis_trend_1h_ethusdt_short_only_lb6_e0p02_x0p005_hold24_2p0x_0p1_4a9685c3,debounced_momentum_hysteresis,ETHUSDT,1h,short_only,6,0.02,0.005,24,2.0,0.1,0.2,0.09517100713908344,0.07836241466145477,-0.007789321634833701,0.10608181182138265,0.031045074276083384,0.02113644366183076,0.9317540725017055,3.1975119340137894,-1.1769841912085166,284,68,28,3613,883,351,1.2144981436604014,0.01680859247762867,16.75545900335976,57.61942254518733,-13.909502919345893,False,False,False,no_promotion_shadow_or_reject,False,False,False,0,0,locked_oos_return_not_positive;locked_oos_return_per_turnover_proxy_bps_-13.910_not_above_10.000
160,divtd_hysteresis_trend_12h_bnbusdt_long_short_lb48_e0p01_x0p0_4p0x_0p1_6f7f3cc2,stateful_momentum_hysteresis,BNBUSDT,12h,long_short,48,0.01,0.0,0,4.0,0.1,0.4,0.11228399825085966,0.08981448990820362,-0.010531710251036941,0.23347932431589846,0.06219461143244598,0.05461569886743589,0.6216293184324789,1.8395700469207124,-0.5550751359995226,43,15,6,645,172,87,1.2501768741950365,0.02246950834265604,65.28139433189516,149.6908165136727,-43.88212604598725,False,False,False,no_promotion_shadow_or_reject,False,False,False,0,0,train_trade_event_count_43_below_80;validation_trade_event_count_15_below_30;locked_oos_trade_event_count_6_below_20;locked_oos_return_not_positive;locked_oos_return_per_turnover_proxy_bps_-43.882_not_above_10.000
161,divtd_funding_carry_momentum_2h_dogeusdt_lb24_2e-05_3p0x_0p1_2a41e8d7,funding_carry_momentum,DOGEUSDT,2h,long_short,24,2e-05,0.0,0,3.0,0.1,0.30000000000000004,0.3915085207265907,0.07616121045835955,0.0,0.06977719562590234,0.026941725901543867,0.0,1.9335711855911928,3.4213406978796352,0.0,392,52,0,1520,217,0,5.140523875216563,0.31534731026823115,33.29154087811145,48.82128875535868,,False,False,False,no_promotion_shadow_or_reject,False,False,False,0,0,locked_oos_trade_event_count_0_below_20;locked_oos_return_not_positive;locked_oos_return_per_turnover_proxy_bps_missing_not_above_10.000
162,divtd_funding_carry_momentum_4h_ethusdt_lb12_2e-05_4p0x_0p1_4621ee5c,funding_carry_momentum,ETHUSDT,4h,long_short,12,2e-05,0.0,0,4.0,0.1,0.4,0.08255190218651465,0.07818496729007807,-0.04721357316850461,0.1265445295739187,0.03239821825093303,0.05517773045647767,0.5129906731185502,2.5175238822615174,-2.9593258142785817,307,56,35,788,160,83,1.055853894268889,0.004366934896436581,6.722467604765035,34.90400325449913,-33.72398083464615,False,False,False,no_promotion_shadow_or_reject,False,False,False,0,0,locked_oos_return_not_positive;train_return_per_turnover_proxy_bps_6.722_not_above_10.000;locked_oos_return_per_turnover_proxy_bps_-33.724_not_above_10.000
163,divtd_hysteresis_trend_4h_dogeusdt_short_only_lb24_e0p01_x0p0_4p0x_0p15_7da3c182,stateful_momentum_hysteresis,DOGEUSDT,4h,short_only,24,0.01,0.0,0,4.0,0.15,0.6,0.30936512574079034,0.10257045488981631,0.0,0.2884637884528689,0.09641791440231862,0.0,0.8570818636966264,1.7509450439448522,0.0,159,30,0,1208,240,0,3.016123171854097,0.20679467085097403,32.42821024536587,56.983586049897944,,False,False,False,no_promotion_shadow_or_reject,False,False,False,0,0,locked_oos_trade_event_count_0_below_20;locked_oos_return_not_positive;locked_oos_return_per_turnover_proxy_bps_missing_not_above_10.000
164,divtd_debounced_hysteresis_trend_1h_adausdt_long_short_lb12_e0p04_x0p01_hold24_2p0x_0p1_4b71d63b,debounced_momentum_hysteresis,ADAUSDT,1h,long_short,12,0.04,0.01,24,2.0,0.1,0.2,0.18155745229916498,0.07607076003903712,0.0,0.10753792608395119,0.026952373431542997,0.0,1.0440094799364137,3.424191730916675,0.0,320,57,0,4406,773,0,2.3866917092190927,0.10548669226012786,28.368351921744527,66.72873687634835,,False,False,False,no_promotion_shadow_or_reject,False,False,False,0,0,locked_oos_trade_event_count_0_below_20;locked_oos_return_not_positive;locked_oos_return_per_turnover_proxy_bps_missing_not_above_10.000
165,divtd_hysteresis_trend_4h_solusdt_long_short_lb48_e0p02_x0p005_4p0x_0p1_c91598ed,stateful_momentum_hysteresis,SOLUSDT,4h,long_short,48,0.02,0.005,0,4.0,0.1,0.4,0.15811027700255686,0.11914205209835638,-0.0683861892322829,0.20827976339422638,0.14087458801887265,0.09445779398618703,0.62146572060033,1.8588567146348478,-2.8018093335034333,149,41,24,1932,470,234,1.3270736420758533,0.03896822490420049,26.528569966871956,72.64759274290023,-71.23561378362801,False,False,False,no_promotion_shadow_or_reject,False,False,False,0,0,validation_mdd_0.1409_above_0.12;locked_oos_return_not_positive;locked_oos_return_per_turnover_proxy_bps_-71.236_not_above_10.000
166,divtd_debounced_hysteresis_trend_1h_dogeusdt_short_only_lb12_e0p02_x0p005_hold12_3p0x_0p15_05a15f71,debounced_momentum_hysteresis,DOGEUSDT,1h,short_only,12,0.02,0.005,12,3.0,0.15,0.44999999999999996,0.2700326972519498,0.08440596682182577,0.0,0.17368179843223697,0.05053857688483954,0.0,0.9657573168071576,2.0203408746591514,0.0,427,80,0,3394,639,0,3.1992133663010716,0.185626730430124,14.053223900699964,23.446101894951603,,False,False,False,no_promotion_shadow_or_reject,False,False,False,0,0,locked_oos_trade_event_count_0_below_20;locked_oos_return_not_positive;locked_oos_return_per_turnover_proxy_bps_missing_not_above_10.000
167,divtd_debounced_hysteresis_trend_1h_solusdt_short_only_lb6_e0p02_x0p005_hold24_3p0x_0p1_cd144e20,debounced_momentum_hysteresis,SOLUSDT,1h,short_only,6,0.02,0.005,24,3.0,0.1,0.30000000000000004,0.29418779881829926,0.0817746444837637,-0.00015566987206205862,0.09846863505807313,0.04372759598698284,0.03784212689028432,1.4408605693685272,2.029951530423094,0.024908167164791654,326,82,28,4242,1050,344,3.5975429875052534,0.21241315433453556,30.080552026410967,33.241725399903935,-0.18532127626435546,False,False,False,no_promotion_shadow_or_reject,False,False,False,0,0,locked_oos_return_not_positive;locked_oos_return_per_turnover_proxy_bps_-0.185_not_above_10.000
168,divtd_debounced_hysteresis_trend_2h_solusdt_short_only_lb6_e0p02_x0p005_hold6_4p0x_0p1_5540c18d,debounced_momentum_hysteresis,SOLUSDT,2h,short_only,6,0.02,0.005,6,4.0,0.1,0.4,0.09397226204864517,0.10318257766896122,0.011492801709128475,0.1955865453906409,0.06662736115860468,0.022319153392612368,0.5318402545450214,2.2253183771746947,1.0855711993131925,362,88,30,1462,360,108,0.9107376862607045,-0.009210315620316045,6.489797102806987,29.313232292318528,9.577334757607062,False,False,False,no_promotion_shadow_or_reject,False,False,False,0,0,train_return_0.0940_below_validation_return_0.1032;train_validation_return_ratio_0.9107_below_1.00;train_return_per_turnover_proxy_bps_6.490_not_above_10.000;locked_oos_return_per_turnover_proxy_bps_9.577_not_above_10.000
169,divtd_debounced_hysteresis_trend_1h_ethusdt_short_only_lb6_e0p02_x0p005_hold12_3p0x_0p1_ab9cadd4,debounced_momentum_hysteresis,ETHUSDT,1h,short_only,6,0.02,0.005,12,3.0,0.1,0.30000000000000004,0.13256046846518443,0.07756557926068619,0.00602043083853343,0.10532847514827648,0.03413379531865102,0.009810201837083699,0.9790461035803315,2.4024751154012387,0.8954132482322643,362,92,30,2422,626,200,1.7090115193966222,0.05499488920449824,12.206304646886226,28.10347074662543,6.689367598370477,True,False,False,train_dominant_shadow_until_execution_efficiency,False,False,False,0,0,locked_oos_return_per_turnover_proxy_bps_6.689_not_above_10.000
170,divtd_debounced_hysteresis_trend_2h_xrpusdt_short_only_lb6_e0p02_x0p005_hold24_3p0x_0p15_3c489237,debounced_momentum_hysteresis,XRPUSDT,2h,short_only,6,0.02,0.005,24,3.0,0.15,0.44999999999999996,0.14715016385713264,0.10529965044260581,0.0,0.18576482301572517,0.10748763237088876,0.0,0.6042545299542013,2.2221369210166384,0.0,193,37,0,2484,448,0,1.3974420925294306,0.041850513414526835,16.94302404802909,63.24303329886234,,False,False,False,no_promotion_shadow_or_reject,False,False,False,0,0,locked_oos_trade_event_count_0_below_20;locked_oos_return_not_positive;locked_oos_return_per_turnover_proxy_bps_missing_not_above_10.000
171,divtd_debounced_hysteresis_trend_4h_dogeusdt_short_only_lb6_e0p02_x0p005_hold12_3p0x_0p15_75b4e6f2,debounced_momentum_hysteresis,DOGEUSDT,4h,short_only,6,0.02,0.005,12,3.0,0.15,0.44999999999999996,0.4347118124700906,0.08472629986377544,0.0,0.17862140417292627,0.05373992634405156,0.0,1.2951479791104976,1.9851177140745118,0.0,165,33,0,1197,223,0,5.130777729807964,0.34998551260631516,58.54704545051727,57.054747383013776,,False,False,False,no_promotion_shadow_or_reject,False,False,False,0,0,locked_oos_trade_event_count_0_below_20;locked_oos_return_not_positive;locked_oos_return_per_turnover_proxy_bps_missing_not_above_10.000
172,divtd_debounced_hysteresis_trend_6h_ethusdt_short_only_lb6_e0p04_x0p01_hold6_3p0x_0p15_24833dff,debounced_momentum_hysteresis,ETHUSDT,6h,short_only,6,0.04,0.01,6,3.0,0.15,0.44999999999999996,0.10026513396426173,0.09524226167254213,-0.034300217121822296,0.10923456855694835,0.08259447386214747,0.03786634278679324,0.5959257057627907,1.8911404824084035,-2.811983692897778,100,26,7,388,108,23,1.0527378519106259,0.0050228722917196045,22.281140880947056,81.40364245516422,-108.88957816451524,False,False,False,no_promotion_shadow_or_reject,False,False,False,0,0,validation_trade_event_count_26_below_30;locked_oos_trade_event_count_7_below_20;locked_oos_return_not_positive;locked_oos_return_per_turnover_proxy_bps_-108.890_not_above_10.000
173,divtd_hysteresis_trend_2h_xrpusdt_short_only_lb6_e0p01_x0p0_3p0x_0p15_42f29720,stateful_momentum_hysteresis,XRPUSDT,2h,short_only,6,0.01,0.0,0,3.0,0.15,0.44999999999999996,0.28262859533396134,0.09802203908880158,0.0,0.1549517401747682,0.09012015633194226,0.0,1.1252604759888514,2.1198695767206783,0.0,463,86,0,1635,340,0,2.883316833247248,0.18460655624515976,13.565087369040624,25.328692271008162,,False,False,False,no_promotion_shadow_or_reject,False,False,False,0,0,locked_oos_trade_event_count_0_below_20;locked_oos_return_not_positive;locked_oos_return_per_turnover_proxy_bps_missing_not_above_10.000
174,divtd_debounced_hysteresis_trend_1h_dogeusdt_short_only_lb6_e0p02_x0p005_hold6_3p0x_0p15_a59fbe96,debounced_momentum_hysteresis,DOGEUSDT,1h,short_only,6,0.02,0.005,6,3.0,0.15,0.44999999999999996,0.13356205533999366,0.08267085759394233,0.0,0.19941380824254473,0.05053492281996108,0.0,0.6154979493539106,2.3686775376047886,0.0,586,96,0,2329,370,0,1.6155881192864312,0.05089119774605133,5.064924358740753,19.136772591190354,,False,False,False,no_promotion_shadow_or_reject,False,False,False,0,0,locked_oos_trade_event_count_0_below_20;locked_oos_return_not_positive;train_return_per_turnover_proxy_bps_5.065_not_above_10.000;locked_oos_return_per_turnover_proxy_bps_missing_not_above_10.000
175,divtd_hysteresis_trend_2h_dogeusdt_short_only_lb24_e0p01_x0p0_4p0x_0p15_59b3cfb5,stateful_momentum_hysteresis,DOGEUSDT,2h,short_only,24,0.01,0.0,0,4.0,0.15,0.6,0.5267155432229942,0.09191996079517706,0.0,0.1751052965498361,0.07530848215087282,0.0,1.2231785992332767,1.5998428390204091,0.0,263,41,0,2139,480,0,5.73015413264439,0.43479558242781713,33.378678277756286,37.36583772161669,,False,False,False,no_promotion_shadow_or_reject,False,False,False,0,0,locked_oos_trade_event_count_0_below_20;locked_oos_return_not_positive;locked_oos_return_per_turnover_proxy_bps_missing_not_above_10.000
176,divtd_debounced_hysteresis_trend_1h_ethusdt_long_only_lb6_e0p02_x0p005_hold6_3p0x_0p15_9fdbfaf6,debounced_momentum_hysteresis,ETHUSDT,1h,long_only,6,0.02,0.005,6,3.0,0.15,0.44999999999999996,0.09639306674292314,0.07961218580708684,0.021222235231128872,0.11452966730872638,0.04313765238543654,0.021943037645654417,0.6937814753087563,2.398377462081848,1.917238219729169,442,86,28,1683,326,101,1.2107828188074006,0.016780880935836295,4.846308031318409,20.571624239557327,16.843043834229267,True,False,False,train_dominant_shadow_until_execution_efficiency,False,False,False,0,0,train_return_per_turnover_proxy_bps_4.846_not_above_10.000
177,divtd_funding_carry_momentum_1h_dogeusdt_lb12_2e-05_2p0x_0p1_feda5f00,funding_carry_momentum,DOGEUSDT,1h,long_short,12,2e-05,0.0,0,2.0,0.1,0.2,0.16348574104627867,0.07413993534095664,0.0,0.05961865452900206,0.028773272102799563,0.0,1.2574996903872968,4.393807082255251,0.0,817,139,0,3422,601,0,2.205096892712898,0.08934580570532202,10.005247310053774,26.669041489552747,,False,False,False,no_promotion_shadow_or_reject,False,False,False,0,0,locked_oos_trade_event_count_0_below_20;locked_oos_return_not_positive;locked_oos_return_per_turnover_proxy_bps_missing_not_above_10.000
178,divtd_vol_contraction_breakout_12h_ethusdt_long_short_lb48_4p0x_0p1_8686ce0b,volatility_contraction_breakout,ETHUSDT,12h,long_short,48,0.35,0.0,0,4.0,0.1,0.4,0.1889922455537636,0.08692866586197945,-0.0027250221962040744,0.06877069777773837,0.06267071902466637,0.0027250221962040744,1.5873493319473018,1.6522418288722707,-3.843980887607726,6,4,1,114,89,3,2.1741072830202532,0.10206357969178415,787.4676898073482,543.3041616373715,-68.12555490510185,False,False,False,no_promotion_shadow_or_reject,False,False,False,0,0,train_trade_event_count_6_below_80;validation_trade_event_count_4_below_30;locked_oos_trade_event_count_1_below_20;locked_oos_return_not_positive;locked_oos_return_per_turnover_proxy_bps_-68.126_not_above_10.000
179,divtd_hysteresis_trend_2h_dogeusdt_long_only_lb6_e0p02_x0p005_3p0x_0p15_41f9e3cb,stateful_momentum_hysteresis,DOGEUSDT,2h,long_only,6,0.02,0.005,0,3.0,0.15,0.44999999999999996,0.11009213114235994,0.09040602089935157,0.0,0.1476835033049474,0.07221058548383108,0.0,0.5716457423044214,2.473519321128865,0.0,430,52,0,1267,163,0,1.217752203306512,0.01968611024300837,5.689515821310592,38.635051666389565,,False,False,False,no_promotion_shadow_or_reject,False,False,False,0,0,locked_oos_trade_event_count_0_below_20;locked_oos_return_not_positive;train_return_per_turnover_proxy_bps_5.690_not_above_10.000;locked_oos_return_per_turnover_proxy_bps_missing_not_above_10.000
180,divtd_hysteresis_trend_2h_xrpusdt_long_short_lb6_e0p01_x0p0_4p0x_0p15_58116de1,stateful_momentum_hysteresis,XRPUSDT,2h,long_short,6,0.01,0.0,0,4.0,0.15,0.6,0.41210336015635973,0.12363784780795584,0.0,0.2572091023449896,0.15946688486836613,0.0,0.9839259908476424,1.734405377222451,0.0,830,144,0,3190,579,0,3.3331489302245987,0.2884655123484039,8.275167874625698,14.309936088883779,,False,False,False,no_promotion_shadow_or_reject,False,False,False,0,0,locked_oos_trade_event_count_0_below_20;validation_mdd_0.1595_above_0.12;locked_oos_return_not_positive;train_return_per_turnover_proxy_bps_8.275_not_above_10.000;locked_oos_return_per_turnover_proxy_bps_missing_not_above_10.000
182,divtd_debounced_hysteresis_trend_1h_solusdt_short_only_lb6_e0p02_x0p005_hold12_4p0x_0p1_7665051c,debounced_momentum_hysteresis,SOLUSDT,1h,short_only,6,0.02,0.005,12,4.0,0.1,0.4,0.3146458932329752,0.08837367832826692,0.005069870233728846,0.1474325710501425,0.0674293514921046,0.023384646217768812,1.3322577198085792,1.8635377241483195,0.5274506952225211,428,100,34,2947,696,212,3.5604028165967327,0.22627221490470828,18.378848903795276,22.09341958206673,3.7278457600947394,True,False,False,train_dominant_shadow_until_execution_efficiency,False,False,False,0,0,locked_oos_return_per_turnover_proxy_bps_3.728_not_above_10.000
224,divtd_debounced_hysteresis_trend_1h_ethusdt_long_only_lb6_e0p02_x0p005_hold6_4p0x_0p1_805cdcee,debounced_momentum_hysteresis,ETHUSDT,1h,long_only,6,0.02,0.005,6,4.0,0.1,0.4,0.08642112408708313,0.07069333156121549,0.018891111250509907,0.10226166776453649,0.03841402835031538,0.01952218930509575,0.6937814753087562,2.3983774620818488,1.9172382197291684,442,86,28,1683,326,101,1.2224791529629422,0.015727792525867645,4.888072629359906,20.55038708174869,16.8670636165267,True,False,False,train_dominant_shadow_until_execution_efficiency,False,False,False,0,0,train_return_per_turnover_proxy_bps_4.888_not_above_10.000
244,divtd_hysteresis_trend_1h_ethusdt_short_only_lb12_e0p01_x0p0_3p0x_0p15_a05f2203,stateful_momentum_hysteresis,ETHUSDT,1h,short_only,12,0.01,0.0,0,3.0,0.15,0.44999999999999996,0.11063135344231845,0.07438326144763341,0.02360497264590089,0.18150627396143193,0.05518314716830408,0.032810066471182786,0.5852788978362333,1.4019177349399037,1.7604020066888668,573,150,54,3229,873,373,1.4873151739952148,0.03624809199468504,4.290531450157784,11.019742436686432,9.713980512716416,True,False,False,train_dominant_shadow_until_execution_efficiency,False,False,False,0,0,train_return_per_turnover_proxy_bps_4.291_not_above_10.000;locked_oos_return_per_turnover_proxy_bps_9.714_not_above_10.000
282,divtd_hysteresis_trend_1h_ethusdt_short_only_lb12_e0p01_x0p0_4p0x_0p1_28fa7592,stateful_momentum_hysteresis,ETHUSDT,1h,short_only,12,0.01,0.0,0,4.0,0.1,0.4,0.10038091456396803,0.06651586277562882,0.021028726298740974,0.16194873505307938,0.04894203433853672,0.02918797664510686,0.5852788978362334,1.401917734939903,1.7604020066888668,573,150,54,3229,873,373,1.5091274528389225,0.03386505178833921,4.379621054274347,11.08597712927147,9.735521434602303,True,False,False,train_dominant_shadow_until_execution_efficiency,False,False,False,0,0,train_return_per_turnover_proxy_bps_4.380_not_above_10.000;locked_oos_return_per_turnover_proxy_bps_9.736_not_above_10.000
289,divtd_debounced_hysteresis_trend_1h_solusdt_short_only_lb6_e0p02_x0p005_hold12_3p0x_0p1_45779511,debounced_momentum_hysteresis,SOLUSDT,1h,short_only,6,0.02,0.005,12,3.0,0.1,0.30000000000000004,0.23351890727880287,0.06650579934004996,0.0038795348890678927,0.11155529543612819,0.05087516835088712,0.01755937212701031,1.3322577198085792,1.8635377241483193,0.5274506952225216,428,100,34,2947,696,212,3.511256305405793,0.1670131079387529,18.186830784953493,22.168599780016653,3.803465577517541,True,False,False,train_dominant_shadow_until_execution_efficiency,False,False,False,0,0,locked_oos_return_per_turnover_proxy_bps_3.803_not_above_10.000
303,divtd_debounced_hysteresis_trend_1h_ethusdt_long_short_lb6_e0p02_x0p005_hold6_2p0x_0p1_e1b401a8,debounced_momentum_hysteresis,ETHUSDT,1h,long_short,6,0.02,0.005,6,2.0,0.1,0.2,0.09546912616348191,0.05427616822339143,0.0008179110418871094,0.08437037767576416,0.02333701368222907,0.014631502242823946,0.9356238461688475,2.289016518073464,0.1584222369165717,810,197,61,3247,753,211,1.7589511066910122,0.04119295794009048,5.8931559360174015,13.775677214058735,0.6704188867927126,True,False,False,train_dominant_shadow_until_execution_efficiency,False,False,False,0,0,train_return_per_turnover_proxy_bps_5.893_not_above_10.000;locked_oos_return_per_turnover_proxy_bps_0.670_not_above_10.000
306,divtd_debounced_hysteresis_trend_1h_ethusdt_long_only_lb6_e0p02_x0p005_hold12_2p0x_0p1_388fd1b1,debounced_momentum_hysteresis,ETHUSDT,1h,long_only,6,0.02,0.005,12,2.0,0.1,0.2,0.07701601420755955,0.0504290948212236,0.00042028344321232147,0.06909836324512486,0.014347908928413977,0.01644453064146012,0.948624923535032,2.9637070233106573,0.09241792474134836,362,75,28,2504,491,182,1.5272138927059737,0.02658691938633595,10.637571023143582,33.619396547482395,0.7505061485934311,True,False,False,train_dominant_shadow_until_execution_efficiency,False,False,False,0,0,locked_oos_return_per_turnover_proxy_bps_0.751_not_above_10.000
312,divtd_debounced_hysteresis_trend_6h_bnbusdt_long_short_lb6_e0p04_x0p01_hold24_3p0x_0p15_75741b03,debounced_momentum_hysteresis,BNBUSDT,6h,long_short,6,0.04,0.01,24,3.0,0.15,0.44999999999999996,0.11768367073880248,0.07738966936946023,0.036968205162989376,0.13450352739287752,0.08792408822557085,0.024820411847099377,0.6313323950423807,1.6188894218428067,3.4032826675942838,63,17,7,885,237,61,1.5206638262915644,0.04029400136934225,41.51099496959523,101.16296649602646,117.35938146980756,False,True,False,no_promotion_shadow_or_reject,False,False,False,0,0,train_trade_event_count_63_below_80;validation_trade_event_count_17_below_30;locked_oos_trade_event_count_7_below_20
328,divtd_debounced_hysteresis_trend_1h_ethusdt_short_only_lb6_e0p02_x0p005_hold12_2p0x_0p1_ffebcb66,debounced_momentum_hysteresis,ETHUSDT,1h,short_only,6,0.02,0.005,12,2.0,0.1,0.2,0.0887736085796722,0.051549285958290225,0.0040513865508855496,0.07098640707138659,0.022860957018576156,0.006547964997394851,0.9790461035803317,2.4024751154012387,0.8954132482322633,362,92,30,2422,626,200,1.7221113140442155,0.03722432262138198,12.261548146363562,28.015916281679466,6.752310918142583,True,False,False,train_dominant_shadow_until_execution_efficiency,False,False,False,0,0,locked_oos_return_per_turnover_proxy_bps_6.752_not_above_10.000
335,divtd_debounced_hysteresis_trend_1h_ethusdt_long_only_lb6_e0p02_x0p005_hold6_3p0x_0p1_1423d666,debounced_momentum_hysteresis,ETHUSDT,1h,long_only,6,0.02,0.005,6,3.0,0.1,0.30000000000000004,0.06587849748732388,0.05290590979080889,0.014208428104641513,0.07738277608541855,0.028914863756941855,0.014667555028724522,0.6937814753087566,2.398377462081848,1.917238219729169,442,86,28,1683,326,101,1.2452011079255396,0.012972587696514992,4.968212480190338,20.50616658558484,16.914795362668464,True,False,False,train_dominant_shadow_until_execution_efficiency,False,False,False,0,0,train_return_per_turnover_proxy_bps_4.968_not_above_10.000
341,divtd_hysteresis_trend_1h_ethusdt_long_only_lb6_e0p02_x0p005_3p0x_0p15_e1d06677,stateful_momentum_hysteresis,ETHUSDT,1h,long_only,6,0.02,0.005,0,3.0,0.15,0.44999999999999996,0.05863554843281382,0.05729189242250654,0.02975368303666115,0.12862725944479136,0.04151368097542529,0.01782365306263567,0.4874479691668581,1.9156097383419153,2.7088011183061234,458,90,28,1395,277,80,1.0234528124921816,0.0013436560103072814,2.8450047759735,14.146146277162112,23.61403415608028,True,False,False,train_dominant_shadow_until_execution_efficiency,False,False,False,0,0,train_return_per_turnover_proxy_bps_2.845_not_above_10.000
364,divtd_debounced_hysteresis_trend_6h_bnbusdt_long_short_lb6_e0p04_x0p01_hold24_4p0x_0p1_09dea432,debounced_momentum_hysteresis,BNBUSDT,6h,long_short,6,0.04,0.01,24,4.0,0.1,0.4,0.10639598548296969,0.06901410102016503,0.03284064211360116,0.12012606989191987,0.07836950356278094,0.02208444007455246,0.6313323950423808,1.6188894218428076,3.403282667594283,63,17,7,885,237,61,1.5416557473070924,0.03738188446280466,42.220629159908604,101.49132502965443,117.28800754857556,False,True,False,no_promotion_shadow_or_reject,False,False,False,0,0,train_trade_event_count_63_below_80;validation_trade_event_count_17_below_30;locked_oos_trade_event_count_7_below_20
370,divtd_debounced_hysteresis_trend_2h_solusdt_short_only_lb6_e0p02_x0p005_hold6_2p0x_0p1_ebac58c9,debounced_momentum_hysteresis,SOLUSDT,2h,short_only,6,0.02,0.005,6,2.0,0.1,0.2,0.05174242208649393,0.05145341843660156,0.005848172376384575,0.10162202685205612,0.033628917191734886,0.01117286960606556,0.5318402545450214,2.2253183771746947,1.0855711993131925,362,88,30,1462,360,108,1.0056168017339502,0.00028900364989237204,7.1467433821124215,29.23489683897816,9.746953960640958,True,False,False,train_dominant_shadow_until_execution_efficiency,False,False,False,0,0,train_return_per_turnover_proxy_bps_7.147_not_above_10.000;locked_oos_return_per_turnover_proxy_bps_9.747_not_above_10.000
389,divtd_hysteresis_trend_1h_ethusdt_long_only_lb6_e0p02_x0p005_4p0x_0p1_d5b3b9b6,stateful_momentum_hysteresis,ETHUSDT,1h,long_only,6,0.02,0.005,0,4.0,0.1,0.4,0.052911217198819305,0.0509571091276968,0.02645196256130733,0.11493691661508676,0.036968038535829195,0.015853163711296303,0.4874479691668576,1.9156097383419153,2.7088011183061242,458,90,28,1395,277,80,1.0383480951838453,0.0019541080711225067,2.888166877664809,14.154752535471333,23.61782371545297,True,False,False,train_dominant_shadow_until_execution_efficiency,False,False,False,0,0,train_return_per_turnover_proxy_bps_2.888_not_above_10.000
392,divtd_hysteresis_trend_1h_ethusdt_short_only_lb12_e0p01_x0p0_3p0x_0p1_27eb81fc,stateful_momentum_hysteresis,ETHUSDT,1h,short_only,12,0.01,0.0,0,3.0,0.1,0.30000000000000004,0.07823659636565172,0.050463327635386745,0.015840635772643274,0.12231479897419795,0.03664091230558919,0.021925978072378394,0.5852788978362337,1.4019177349399035,1.760402006688868,573,150,54,3229,873,373,1.5503653847589183,0.027773268730264977,4.55128541975868,11.21407280786372,9.778170230026712,True,False,False,train_dominant_shadow_until_execution_efficiency,False,False,False,0,0,train_return_per_turnover_proxy_bps_4.551_not_above_10.000;locked_oos_return_per_turnover_proxy_bps_9.778_not_above_10.000
435,divtd_range_zscore_reversion_4h_trxusdt_lb24_2p0_3p0x_0p15_e9bfaac7,range_zscore_mean_reversion,TRXUSDT,4h,long_short,24,2.0,0.1,0,3.0,0.15,0.44999999999999996,0.046816495945015024,0.04318666637061819,0.0033634621340541404,0.09253250852108141,0.02735674873568894,0.03559626505228852,0.39714301032517885,2.1705123890641183,0.4207171523880776,133,38,23,1125,249,159,1.0840497746051168,0.0036298295743968367,7.822305086886388,25.255360450653914,3.249721868651343,True,False,False,train_dominant_shadow_until_execution_efficiency,False,False,False,0,0,train_return_per_turnover_proxy_bps_7.822_not_above_10.000;locked_oos_return_per_turnover_proxy_bps_3.250_not_above_10.000
448,divtd_debounced_hysteresis_trend_1h_solusdt_short_only_lb6_e0p02_x0p005_hold12_2p0x_0p1_9f925516,debounced_momentum_hysteresis,SOLUSDT,1h,short_only,6,0.02,0.005,12,2.0,0.1,0.2,0.15378427813637918,0.04446858741974302,0.002637686008611695,0.07499751817568101,0.034119235631244194,0.011720066391241235,1.3322577198085792,1.8635377241483195,0.5274506952225211,428,100,34,2947,696,212,3.4582676684733755,0.10931569071663616,17.965453053315322,22.234293709871512,3.878950012664257,True,False,False,train_dominant_shadow_until_execution_efficiency,False,False,False,0,0,locked_oos_return_per_turnover_proxy_bps_3.879_not_above_10.000
452,divtd_vol_contraction_breakout_12h_trxusdt_long_only_lb48_3p0x_0p15_5cf39fe5,volatility_contraction_breakout,TRXUSDT,12h,long_only,48,0.35,0.0,0,3.0,0.15,0.44999999999999996,0.060990245807315935,0.036843009738918076,0.02444184901337354,0.04651618428789306,0.014764645157494538,0.017273027256922258,0.7617568336838475,2.765997879867729,3.0210853250534484,6,1,3,144,41,78,1.6554088886742226,0.02414723606839786,225.88979928635533,818.733549753735,181.0507334323966,False,True,False,no_promotion_shadow_or_reject,False,False,False,0,0,train_trade_event_count_6_below_80;validation_trade_event_count_1_below_30;locked_oos_trade_event_count_3_below_20
473,divtd_debounced_hysteresis_trend_6h_bnbusdt_long_short_lb6_e0p04_x0p01_hold24_3p0x_0p1_068a0d2b,debounced_momentum_hysteresis,BNBUSDT,6h,long_short,6,0.04,0.01,24,3.0,0.1,0.30000000000000004,0.08236462150353607,0.05208137877682728,0.02460012682763968,0.09094121932269272,0.059097275684746875,0.016596137610873973,0.631332395042381,1.6188894218428076,3.4032826675942833,63,17,7,885,237,61,1.5814600810872312,0.030283242726708792,43.57916481668575,102.12035054279859,117.14346108399845,False,True,False,no_promotion_shadow_or_reject,False,False,False,0,0,train_trade_event_count_63_below_80;validation_trade_event_count_17_below_30;locked_oos_trade_event_count_7_below_20
482,divtd_funding_carry_momentum_12h_btcusdt_lb24_5e-05_4p0x_0p1_4408fa20,funding_carry_momentum,BTCUSDT,12h,long_short,24,5e-05,0.0,0,4.0,0.1,0.4,0.05290841927774226,0.08553802649866693,0.013070289660563228,0.0653881798471665,0.029822394247403627,0.019159640915925924,0.5088015983225109,3.7644527441465114,1.119313394549533,46,6,4,233,38,41,0.6185368244212042,-0.03262960722092467,28.754575694425135,356.4084437444455,81.68931037852016,False,True,False,no_promotion_shadow_or_reject,False,False,False,0,0,train_trade_event_count_46_below_80;validation_trade_event_count_6_below_30;locked_oos_trade_event_count_4_below_20;train_return_0.0529_below_validation_return_0.0855;train_validation_return_ratio_0.6185_below_1.00
483,divtd_range_zscore_reversion_4h_trxusdt_lb24_2p0_4p0x_0p1_1311c0d2,range_zscore_mean_reversion,TRXUSDT,4h,long_short,24,2.0,0.1,0,4.0,0.1,0.4,0.042513196715733725,0.038379413028058806,0.0030184756847742023,0.08243691264232389,0.024346994260303956,0.03169145107981408,0.397143010325179,2.170512389064118,0.4207171523880772,133,38,23,1125,249,159,1.1077083613720917,0.004133783687674919,7.991202390175512,25.249613834249214,3.2809518312763064,True,False,False,train_dominant_shadow_until_execution_efficiency,False,False,False,0,0,train_return_per_turnover_proxy_bps_7.991_not_above_10.000;locked_oos_return_per_turnover_proxy_bps_3.281_not_above_10.000
500,divtd_vol_contraction_breakout_4h_solusdt_short_only_lb12_3p0x_0p15_a1a61997,volatility_contraction_breakout,SOLUSDT,4h,short_only,12,0.35,0.0,0,3.0,0.15,0.44999999999999996,0.17965630932243903,0.03805321376418047,0.008514767157828729,0.060968072394305906,0.02546869944330543,0.015069713050026357,1.4893093970261562,1.4977327954160116,1.2714190778200158,42,12,3,214,73,21,4.721186242922528,0.14160309555825856,95.05624831875082,70.46891437811199,63.07234931724985,False,True,False,no_promotion_shadow_or_reject,False,False,False,0,0,train_trade_event_count_42_below_80;validation_trade_event_count_12_below_30;locked_oos_trade_event_count_3_below_20
509,divtd_debounced_hysteresis_trend_1h_ethusdt_long_only_lb6_e0p02_x0p005_hold6_2p0x_0p1_26536d7f,debounced_momentum_hysteresis,ETHUSDT,1h,long_only,6,0.02,0.005,6,2.0,0.1,0.2,0.04458699615481376,0.035190598494462266,0.009498784153092465,0.05204628791501387,0.019346287360100356,0.009795656466177749,0.6937814753087562,2.3983774620818488,1.9172382197291684,442,86,28,1683,326,101,1.2670144317616578,0.009396397660351496,5.043777845567167,20.459650287478063,16.96211455909369,True,False,False,train_dominant_shadow_until_execution_efficiency,False,False,False,0,0,train_return_per_turnover_proxy_bps_5.044_not_above_10.000
512,divtd_vol_contraction_breakout_12h_trxusdt_long_only_lb48_4p0x_0p1_45d4b832,volatility_contraction_breakout,TRXUSDT,12h,long_only,48,0.35,0.0,0,4.0,0.1,0.4,0.054383295095180584,0.03271935024202355,0.02172270062586934,0.04139704088694729,0.013130998081280154,0.015362730005637593,0.7617568336838478,2.7659978798677294,3.0210853250534475,6,1,3,144,41,78,1.6621141524177534,0.021663944853157036,226.59706289658573,817.9837560505886,181.0225052155778,False,True,False,no_promotion_shadow_or_reject,False,False,False,0,0,train_trade_event_count_6_below_80;validation_trade_event_count_1_below_30;locked_oos_trade_event_count_3_below_20
514,divtd_hysteresis_trend_1h_ethusdt_long_only_lb6_e0p02_x0p005_3p0x_0p1_bb243625,stateful_momentum_hysteresis,ETHUSDT,1h,long_only,6,0.02,0.005,0,3.0,0.1,0.30000000000000004,0.040845532306157395,0.03826079787548409,0.019845034415958196,0.08710668713491143,0.027826720560283902,0.011904740449554363,0.487447969166858,1.9156097383419157,2.7088011183061247,458,90,28,1395,277,80,1.067555685563199,0.0025847344306733078,2.9727461649313964,14.170665879808919,23.625040971378798,True,False,False,train_dominant_shadow_until_execution_efficiency,False,False,False,0,0,train_return_per_turnover_proxy_bps_2.973_not_above_10.000
536,divtd_hysteresis_trend_12h_ethusdt_short_only_lb48_e0p04_x0p01_3p0x_0p15_41934a85,stateful_momentum_hysteresis,ETHUSDT,12h,short_only,48,0.04,0.01,0,3.0,0.15,0.44999999999999996,0.06524228954253708,0.05925119293468217,0.006687505745379685,0.2752918447417031,0.08664615360450256,0.0028408455815649436,0.37263210992827706,1.041151294465958,1.9150204952611933,27,8,1,359,84,4,1.1011135187515875,0.005991096607854907,53.697357648178674,164.58664704078382,148.6112387862152,False,True,False,no_promotion_shadow_or_reject,False,False,False,0,0,train_trade_event_count_27_below_80;validation_trade_event_count_8_below_30;locked_oos_trade_event_count_1_below_20
544,divtd_hysteresis_trend_12h_ethusdt_short_only_lb48_e0p04_x0p01_4p0x_0p15_302956eb,stateful_momentum_hysteresis,ETHUSDT,12h,short_only,48,0.04,0.01,0,4.0,0.15,0.6,0.07159454052935366,0.0759854478368116,0.00890539449729566,0.35184182341690984,0.11554943207315449,0.003787019061475494,0.3726321099282768,1.0411512944659584,1.9150204952611931,27,8,1,359,84,4,0.9422138391960526,-0.0043909073074579474,44.19416082058868,158.30301632669085,148.42324162159434,False,True,False,no_promotion_shadow_or_reject,False,False,False,0,0,train_trade_event_count_27_below_80;validation_trade_event_count_8_below_30;locked_oos_trade_event_count_1_below_20;train_return_0.0716_below_validation_return_0.0760;train_validation_return_ratio_0.9422_below_1.00
546,divtd_funding_carry_momentum_1h_ethusdt_lb12_2e-05_4p0x_0p1_1c338dbd,funding_carry_momentum,ETHUSDT,1h,long_short,12,2e-05,0.0,0,4.0,0.1,0.4,0.16206546001575806,0.04745537129470501,0.0017756071354042557,0.17402052866314766,0.057176541023070904,0.030751777819202242,0.890633537308277,1.3012775235423024,0.18856939374860815,698,168,72,2962,748,308,3.4151130966673326,0.11461008872105305,5.804636820048641,7.061811204569198,0.6165302553486999,True,False,False,train_dominant_shadow_until_execution_efficiency,False,False,False,0,0,train_return_per_turnover_proxy_bps_5.805_not_above_10.000;validation_return_per_turnover_proxy_bps_7.062_not_above_10.000;locked_oos_return_per_turnover_proxy_bps_0.617_not_above_10.000
563,divtd_vol_contraction_breakout_4h_solusdt_short_only_lb12_4p0x_0p1_c0072492,volatility_contraction_breakout,SOLUSDT,4h,short_only,12,0.35,0.0,0,4.0,0.1,0.4,0.15895342410726832,0.033891461709701476,0.007583081998409735,0.05434734639865968,0.022657026737821884,0.013403487880245257,1.489309397026156,1.4977327954160113,1.2714190778200165,42,12,3,214,73,21,4.690072841023782,0.12506196239756684,94.61513339718353,70.60721189521139,63.19234998674779,False,True,False,no_promotion_shadow_or_reject,False,False,False,0,0,train_trade_event_count_42_below_80;validation_trade_event_count_12_below_30;locked_oos_trade_event_count_3_below_20
577,divtd_hysteresis_trend_1h_ethusdt_short_only_lb12_e0p01_x0p0_2p0x_0p1_836b78d8,stateful_momentum_hysteresis,ETHUSDT,1h,short_only,12,0.01,0.0,0,2.0,0.1,0.2,0.05402071106827733,0.03400888136459357,0.01060585861495178,0.08205471120814356,0.024463795599074523,0.014640456871288898,0.5852788978362334,1.401917734939903,1.7604020066888668,573,150,54,3229,873,373,1.5884295190172868,0.02001182970368376,4.713849133357533,11.336293788197855,9.820239458288684,True,False,False,train_dominant_shadow_until_execution_efficiency,False,False,False,0,0,train_return_per_turnover_proxy_bps_4.714_not_above_10.000;locked_oos_return_per_turnover_proxy_bps_9.820_not_above_10.000
579,divtd_hysteresis_trend_12h_trxusdt_long_only_lb48_e0p02_x0p005_4p0x_0p15_cc0b2451,stateful_momentum_hysteresis,TRXUSDT,12h,long_only,48,0.02,0.005,0,4.0,0.15,0.6,0.05090056416149613,0.07282169486059775,0.07348389830753521,0.13887535272376006,0.047151966651005406,0.021090010920932656,0.4069404508618058,2.2098433811409666,5.854012877401788,26,5,1,303,110,93,0.698975274592755,-0.02192113069910162,32.62856677018983,242.73898286865918,1224.73163845892,False,True,False,no_promotion_shadow_or_reject,False,False,False,0,0,train_trade_event_count_26_below_80;validation_trade_event_count_5_below_30;locked_oos_trade_event_count_1_below_20;train_return_0.0509_below_validation_return_0.0728;train_validation_return_ratio_0.6990_below_1.00
582,divtd_trend_pullback_2h_solusdt_lb72_0p02_3p0x_0p15_c5db8131,trend_pullback_reentry,SOLUSDT,2h,long_short,72,0.02,0.0,0,3.0,0.15,0.44999999999999996,0.13839819840414447,0.035091933870880165,0.00736728349115956,0.08840411000666504,0.028169617056349683,0.008581480138528996,1.2454399783259897,1.6724880299477598,1.4558998238835443,102,20,4,405,67,28,3.9438749347179596,0.1033062645332643,30.15211294207941,38.9910376343113,40.92935272866423,False,True,False,no_promotion_shadow_or_reject,False,False,False,0,0,validation_trade_event_count_20_below_30;locked_oos_trade_event_count_4_below_20
587,divtd_hysteresis_trend_12h_ethusdt_short_only_lb48_e0p04_x0p01_4p0x_0p1_f28bbc49,stateful_momentum_hysteresis,ETHUSDT,12h,short_only,48,0.04,0.01,0,4.0,0.1,0.4,0.06134571487094509,0.05332156029320778,0.00594695691176339,0.2481815641281654,0.07700431610887604,0.0025253683052304243,0.372632109928277,1.0411512944659584,1.9150204952611933,27,8,1,359,84,4,1.1504861173156526,0.008024154577737308,56.801587843467665,166.6298759162743,148.67392279408475,False,True,False,no_promotion_shadow_or_reject,False,False,False,0,0,train_trade_event_count_27_below_80;validation_trade_event_count_8_below_30;locked_oos_trade_event_count_1_below_20
597,divtd_funding_carry_momentum_12h_btcusdt_lb24_5e-05_3p0x_0p1_cb33c02c,funding_carry_momentum,BTCUSDT,12h,long_short,24,5e-05,0.0,0,3.0,0.1,0.30000000000000004,0.0406927075580632,0.06369014793697492,0.009893983825723485,0.049129197329938035,0.022419046112530983,0.014385212045005868,0.5088015983225105,3.764452744146511,1.119313394549533,46,6,4,233,38,41,0.6389168321343983,-0.022997440378911715,29.487469244973326,353.83415520541615,82.44986521436235,False,True,False,no_promotion_shadow_or_reject,False,False,False,0,0,train_trade_event_count_46_below_80;validation_trade_event_count_6_below_30;locked_oos_trade_event_count_4_below_20;train_return_0.0407_below_validation_return_0.0637;train_validation_return_ratio_0.6389_below_1.00
600,divtd_trend_pullback_6h_ethusdt_lb72_0p005_3p0x_0p15_a8259103,trend_pullback_reentry,ETHUSDT,6h,long_short,72,0.005,0.0,0,3.0,0.15,0.44999999999999996,0.08489216089237894,0.03155030029117656,0.039898429559272586,0.06649537284564178,0.022015803258312205,0.013831179142103411,0.821858037925602,1.3955936004048322,3.9241310277358763,95,20,12,222,39,28,2.6906926434586143,0.053341860601202384,19.857815413421978,35.0558892124184,73.88598066531961,False,True,False,no_promotion_shadow_or_reject,False,False,False,0,0,validation_trade_event_count_20_below_30;locked_oos_trade_event_count_12_below_20
631,divtd_range_zscore_reversion_4h_trxusdt_lb24_2p0_3p0x_0p1_ba90caa7,range_zscore_mean_reversion,TRXUSDT,4h,long_short,24,2.0,0.1,0,3.0,0.1,0.30000000000000004,0.033212027782424824,0.02877042511871375,0.0023068852586674016,0.06210109940244801,0.018305143686802694,0.023844244894071442,0.3971430103251787,2.170512389064118,0.4207171523880775,133,38,23,1125,249,159,1.1543808492708727,0.004441602663711075,8.323816486823263,25.23721501641557,3.34331196908319,True,False,False,train_dominant_shadow_until_execution_efficiency,False,False,False,0,0,train_return_per_turnover_proxy_bps_8.324_not_above_10.000;locked_oos_return_per_turnover_proxy_bps_3.343_not_above_10.000
633,divtd_trend_pullback_2h_solusdt_lb72_0p02_4p0x_0p1_3e1c2e67,trend_pullback_reentry,SOLUSDT,2h,long_short,72,0.02,0.0,0,4.0,0.1,0.4,0.12277688826727107,0.031223499705450575,0.006556154512224799,0.07892847635973677,0.02507009125130788,0.0076284824863259715,1.24543997832599,1.67248802994776,1.4558998238835446,102,20,4,405,67,28,3.9321949629444757,0.09155338856182049,30.09237457531153,39.02937463181322,40.975965701404995,False,True,False,no_promotion_shadow_or_reject,False,False,False,0,0,validation_trade_event_count_20_below_30;locked_oos_trade_event_count_4_below_20
642,divtd_hysteresis_trend_12h_trxusdt_long_only_lb48_e0p02_x0p005_3p0x_0p15_2dc22fd6,stateful_momentum_hysteresis,TRXUSDT,12h,long_only,48,0.02,0.005,0,3.0,0.15,0.44999999999999996,0.04010146588094332,0.05456428076336173,0.05474112961913158,0.10582231985150414,0.035476053097646676,0.01584382511083582,0.4069404508618061,2.2098433811409666,5.8540128774017886,26,5,1,303,110,93,0.7349398786150636,-0.014462814882418407,34.274757163199425,242.5079145038299,1216.4695470918132,False,True,False,no_promotion_shadow_or_reject,False,False,False,0,0,train_trade_event_count_26_below_80;validation_trade_event_count_5_below_30;locked_oos_trade_event_count_1_below_20;train_return_0.0401_below_validation_return_0.0546;train_validation_return_ratio_0.7349_below_1.00
650,divtd_vol_contraction_breakout_12h_trxusdt_long_only_lb48_3p0x_0p1_faebd20a,volatility_contraction_breakout,TRXUSDT,12h,long_only,48,0.35,0.0,0,3.0,0.1,0.30000000000000004,0.04103413424367397,0.02449430539909181,0.01628676159679099,0.031121408813866047,0.009858557150619118,0.011535440196631441,0.7617568336838478,2.7659978798677285,3.021085325053448,6,1,3,144,41,78,1.6752520055210636,0.01653982884458216,227.96741246485536,816.4768466363935,180.96401774212208,False,True,False,no_promotion_shadow_or_reject,False,False,False,0,0,train_trade_event_count_6_below_80;validation_trade_event_count_1_below_30;locked_oos_trade_event_count_3_below_20
653,divtd_trend_pullback_6h_ethusdt_lb72_0p005_4p0x_0p1_ca12ce6e,trend_pullback_reentry,ETHUSDT,6h,long_short,72,0.005,0.0,0,4.0,0.1,0.4,0.07571207895737042,0.028104996782815306,0.03542824899334174,0.05916541501214412,0.019569602896277516,0.012299839723997064,0.8218580379256021,1.395593600404831,3.9241310277358767,95,20,12,222,39,28,2.6939010006812842,0.047607082174555115,19.924231304571162,35.13124597851913,73.80885206946193,False,True,False,no_promotion_shadow_or_reject,False,False,False,0,0,validation_trade_event_count_20_below_30;locked_oos_trade_event_count_12_below_20
668,divtd_hysteresis_trend_12h_trxusdt_long_only_lb48_e0p04_x0p01_4p0x_0p15_f0cbdd57,stateful_momentum_hysteresis,TRXUSDT,12h,long_only,48,0.04,0.01,0,4.0,0.15,0.6,0.08523878112561456,0.03796092236197146,0.07348389830753521,0.1051589099857555,0.04715196665100596,0.021090010920932656,0.6406075213377206,1.3118835253077874,5.854012877401788,16,5,1,263,88,93,2.2454349320817655,0.0472778587636431,88.7903970058485,126.5364078732382,1224.73163845892,False,True,False,no_promotion_shadow_or_reject,False,False,False,0,0,train_trade_event_count_16_below_80;validation_trade_event_count_5_below_30;locked_oos_trade_event_count_1_below_20
676,divtd_debounced_hysteresis_trend_6h_bnbusdt_long_short_lb6_e0p04_x0p01_hold24_2p0x_0p1_cf51e932,debounced_momentum_hysteresis,BNBUSDT,6h,long_short,6,0.04,0.01,24,2.0,0.1,0.2,0.0565162338348808,0.03492222723590643,0.016379514779570004,0.061187647589077576,0.039609780112178306,0.011085989951678754,0.6313323950423808,1.6188894218428076,3.403282667594283,63,17,7,885,237,61,1.6183456299365633,0.02159400659897437,44.85415383720698,102.71243304678362,116.99653413978574,False,True,False,no_promotion_shadow_or_reject,False,False,False,0,0,train_trade_event_count_63_below_80;validation_trade_event_count_17_below_30;locked_oos_trade_event_count_7_below_20
683,divtd_funding_carry_momentum_1h_ethusdt_lb12_2e-05_3p0x_0p1_8e3ea4f1,funding_carry_momentum,ETHUSDT,1h,long_short,12,2e-05,0.0,0,3.0,0.1,0.30000000000000004,0.1229503533410079,0.03595036841140664,0.0014527057184519077,0.13274783349627095,0.04298808534586496,0.023107639958185544,0.8906335373082769,1.3012775235423022,0.18856939374860915,698,168,72,2962,748,308,3.4200025973029295,0.08699998492960126,5.871554600812219,7.133009605437825,0.672548943727735,True,False,False,train_dominant_shadow_until_execution_efficiency,False,False,False,0,0,train_return_per_turnover_proxy_bps_5.872_not_above_10.000;validation_return_per_turnover_proxy_bps_7.133_not_above_10.000;locked_oos_return_per_turnover_proxy_bps_0.673_not_above_10.000
685,divtd_hysteresis_trend_12h_trxusdt_long_only_lb48_e0p02_x0p005_4p0x_0p1_df11f268,stateful_momentum_hysteresis,TRXUSDT,12h,long_only,48,0.02,0.005,0,4.0,0.1,0.4,0.03620699385387982,0.048484386518130806,0.04854896174366008,0.09456383697466297,0.03156739413715859,0.014091202262219715,0.40694045086180586,2.2098433811409666,5.854012877401791,26,5,1,303,110,93,0.7467763635689226,-0.012277392664250986,34.81441716719213,242.42193259065402,1213.7240435915019,False,True,False,no_promotion_shadow_or_reject,False,False,False,0,0,train_trade_event_count_26_below_80;validation_trade_event_count_5_below_30;locked_oos_trade_event_count_1_below_20;train_return_0.0362_below_validation_return_0.0485;train_validation_return_ratio_0.7468_below_1.00
691,divtd_hysteresis_trend_1h_ethusdt_long_only_lb6_e0p04_x0p01_4p0x_0p15_f419c863,stateful_momentum_hysteresis,ETHUSDT,1h,long_only,6,0.04,0.01,0,4.0,0.15,0.6,0.1318333080013303,0.030509543095657454,0.004385687891715451,0.07709765320185824,0.029361325003991134,0.007598212033973484,1.20719003430659,1.1734562427378417,1.2270363450791835,116,34,6,363,98,18,4.321051534203233,0.10132376490567285,18.941567241570446,14.955658380224243,12.182466365876252,False,True,False,no_promotion_shadow_or_reject,False,False,False,0,0,locked_oos_trade_event_count_6_below_20
693,divtd_debounced_hysteresis_trend_12h_ethusdt_long_short_lb12_e0p04_x0p01_hold24_3p0x_0p1_17d451c3,debounced_momentum_hysteresis,ETHUSDT,12h,long_short,12,0.04,0.01,24,3.0,0.1,0.30000000000000004,0.06369749586421047,0.06882467534033276,0.0089288074675411,0.2181841100273405,0.11172696371412927,0.05125659482964395,0.3931109862652333,1.432978342584501,0.5396089719432321,38,8,6,655,173,84,0.925503760812982,-0.00512717947612229,55.87499637211444,286.7694805847198,49.60448593078388,False,True,False,no_promotion_shadow_or_reject,False,False,False,0,0,train_trade_event_count_38_below_80;validation_trade_event_count_8_below_30;locked_oos_trade_event_count_6_below_20;train_return_0.0637_below_validation_return_0.0688;train_validation_return_ratio_0.9255_below_1.00
701,divtd_vol_contraction_breakout_4h_solusdt_short_only_lb12_3p0x_0p1_56f6bdf3,volatility_contraction_breakout,SOLUSDT,4h,short_only,12,0.35,0.0,0,3.0,0.1,0.30000000000000004,0.11808567424760086,0.025516454827481105,0.005708866605368845,0.040991772465217235,0.01702005706758758,0.010064907222881114,1.4893093970261562,1.4977327954160113,1.2714190778200172,42,12,3,214,73,21,4.627824478203889,0.09256921942011975,93.71878908539749,70.87904118744751,63.43185117076494,False,True,False,no_promotion_shadow_or_reject,False,False,False,0,0,train_trade_event_count_42_below_80;validation_trade_event_count_12_below_30;locked_oos_trade_event_count_3_below_20
702,divtd_hysteresis_trend_12h_ethusdt_short_only_lb48_e0p04_x0p01_3p0x_0p1_eefc2481,stateful_momentum_hysteresis,ETHUSDT,12h,short_only,48,0.04,0.01,0,3.0,0.1,0.30000000000000004,0.05094297841506834,0.04095280000700985,0.004463979547179475,0.19146296789417638,0.057720387549116015,0.001894284578014993,0.3726321099282773,1.041151294465958,1.9150204952611938,27,8,1,359,84,4,1.243943720730902,0.009990178408058492,62.892565944528805,170.63666669587434,148.79931823931582,False,True,False,no_promotion_shadow_or_reject,False,False,False,0,0,train_trade_event_count_27_below_80;validation_trade_event_count_8_below_30;locked_oos_trade_event_count_1_below_20
711,divtd_hysteresis_trend_1h_ethusdt_long_only_lb6_e0p02_x0p005_2p0x_0p1_6d05bfbe,stateful_momentum_hysteresis,ETHUSDT,1h,long_only,6,0.02,0.005,0,2.0,0.1,0.2,0.027983065779608518,0.025532739085308842,0.013233794478806127,0.05867505471650869,0.018618459648693797,0.007946398941845345,0.4874479691668576,1.9156097383419153,2.7088011183061242,458,90,28,1395,277,80,1.0959680309312978,0.002450326694299676,3.0549198449354273,14.184855047393802,23.63177585501094,True,False,False,train_dominant_shadow_until_execution_efficiency,False,False,False,0,0,train_return_per_turnover_proxy_bps_3.055_not_above_10.000
728,divtd_debounced_hysteresis_trend_12h_ethusdt_long_short_lb12_e0p04_x0p01_hold24_2p0x_0p1_62bc43eb,debounced_momentum_hysteresis,ETHUSDT,12h,long_short,12,0.04,0.01,24,2.0,0.1,0.2,0.04747785260442905,0.04653938597711371,0.006256457098061885,0.1505006911465835,0.07563651698954998,0.0343699894282361,0.3931109862652336,1.4329783425845002,0.539608971943232,38,8,6,655,173,84,1.0201649980465328,0.0009384666273153375,62.47085869003822,290.87116235696067,52.13714248384904,False,True,False,no_promotion_shadow_or_reject,False,False,False,0,0,train_trade_event_count_38_below_80;validation_trade_event_count_8_below_30;locked_oos_trade_event_count_6_below_20
756,divtd_funding_carry_momentum_12h_btcusdt_lb24_5e-05_2p0x_0p1_3d568603,funding_carry_momentum,BTCUSDT,12h,long_short,24,5e-05,0.0,0,2.0,0.1,0.2,0.02778284881066284,0.042152113022956295,0.006656540920185305,0.0328080463767888,0.014980918908849672,0.009600431395632492,0.5088015983225109,3.7644527441465114,1.119313394549533,46,6,4,233,38,41,0.6591092787099934,-0.014369264212293453,30.198748707242217,351.26760852463576,83.20676150231631,False,True,False,no_promotion_shadow_or_reject,False,False,False,0,0,train_trade_event_count_46_below_80;validation_trade_event_count_6_below_30;locked_oos_trade_event_count_4_below_20;train_return_0.0278_below_validation_return_0.0422;train_validation_return_ratio_0.6591_below_1.00
763,divtd_trend_pullback_2h_solusdt_lb72_0p02_3p0x_0p1_716f04d2,trend_pullback_reentry,SOLUSDT,2h,long_short,72,0.02,0.0,0,3.0,0.1,0.30000000000000004,0.09169499884200971,0.02346291481295082,0.004928282619237834,0.05972084150248491,0.018848290383994604,0.0057221085959968665,1.2454399783259902,1.6724880299477602,1.4558998238835446,102,20,4,405,67,28,3.9080821617012753,0.06823208402905889,29.965685896081602,39.1048580215847,41.06902182698194,False,True,False,no_promotion_shadow_or_reject,False,False,False,0,0,validation_trade_event_count_20_below_30;locked_oos_trade_event_count_4_below_20
767,divtd_trend_pullback_6h_ethusdt_lb72_0p02_3p0x_0p15_02245967,trend_pullback_reentry,ETHUSDT,6h,long_short,72,0.02,0.0,0,3.0,0.15,0.44999999999999996,0.03944442158645978,0.024609303723492015,0.027969182068310117,0.034938403865226286,0.022015803258312316,0.0026741011940955017,0.5546837224707923,1.3741055946262786,4.709175245967535,34,8,4,96,15,13,1.6028255829443143,0.014835117862967762,25.780667703568483,68.35917700970005,155.38434482394513,False,True,False,no_promotion_shadow_or_reject,False,False,False,0,0,train_trade_event_count_34_below_80;validation_trade_event_count_8_below_30;locked_oos_trade_event_count_4_below_20
777,divtd_hysteresis_trend_12h_trxusdt_long_only_lb48_e0p02_x0p005_3p0x_0p1_6e1860f1,stateful_momentum_hysteresis,TRXUSDT,12h,long_only,48,0.02,0.005,0,3.0,0.1,0.30000000000000004,0.02798598824355847,0.03633550026445698,0.036247377064177355,0.07167901004656174,0.02372513702108059,0.010580110065508741,0.4069404508618061,2.209843381140966,5.8540128774017886,26,5,1,303,110,93,0.7702106215648855,-0.008349512020898509,35.87947210712623,242.23666842971315,1208.2459021392451,False,True,False,no_promotion_shadow_or_reject,False,False,False,0,0,train_trade_event_count_26_below_80;validation_trade_event_count_5_below_30;locked_oos_trade_event_count_1_below_20;train_return_0.0280_below_validation_return_0.0363;train_validation_return_ratio_0.7702_below_1.00
779,divtd_trend_pullback_2h_ethusdt_lb72_0p02_3p0x_0p15_c06c91b9,trend_pullback_reentry,ETHUSDT,2h,long_short,72,0.02,0.0,0,3.0,0.15,0.44999999999999996,0.16700486038378348,0.020088305068272527,0.012415795715772004,0.056622873323804224,0.011661207193472634,0.005873661112620998,1.9253222788544142,1.1776866631122618,2.5696743143083447,86,14,4,341,31,16,8.313536648124236,0.14691655531551095,43.15371069348411,31.88619852106751,68.97664286540004,False,True,False,no_promotion_shadow_or_reject,False,False,False,0,0,validation_trade_event_count_14_below_30;locked_oos_trade_event_count_4_below_20
783,divtd_trend_pullback_6h_ethusdt_lb72_0p005_3p0x_0p1_ab8f3aab,trend_pullback_reentry,ETHUSDT,6h,long_short,72,0.005,0.0,0,3.0,0.1,0.30000000000000004,0.057143302780951366,0.021167785187240273,0.02651549482028548,0.04445852933673089,0.014677202172208137,0.009233069606382482,0.8218580379256017,1.3955936004048313,3.9241310277358767,95,20,12,222,39,28,2.699540942781145,0.03597551759371109,20.050281677526794,35.279641978733785,73.65415227857076,False,True,False,no_promotion_shadow_or_reject,False,False,False,0,0,validation_trade_event_count_20_below_30;locked_oos_trade_event_count_12_below_20
797,divtd_hysteresis_trend_12h_trxusdt_long_only_lb48_e0p04_x0p01_3p0x_0p15_9d05c6e8,stateful_momentum_hysteresis,TRXUSDT,12h,long_only,48,0.04,0.01,0,3.0,0.15,0.44999999999999996,0.0653247248088622,0.028682621453397728,0.05474112961913158,0.07976630626123438,0.0354760530976469,0.01584382511083582,0.6406075213377207,1.311883525307788,5.8540128774017886,16,5,1,263,88,93,2.277501898318428,0.03664210335546447,90.72878445675306,127.47831757065657,1216.4695470918132,False,True,False,no_promotion_shadow_or_reject,False,False,False,0,0,train_trade_event_count_16_below_80;validation_trade_event_count_5_below_30;locked_oos_trade_event_count_1_below_20
811,divtd_hysteresis_trend_1h_ethusdt_long_only_lb6_e0p04_x0p01_3p0x_0p15_8580c0df,stateful_momentum_hysteresis,ETHUSDT,1h,long_only,6,0.04,0.01,0,3.0,0.15,0.44999999999999996,0.09850952211791908,0.023076551184401994,0.003297069644543127,0.05823370026696273,0.022076066544227668,0.00570114085391249,1.2071900343065902,1.1734562427378419,1.2270363450791835,116,34,6,363,98,18,4.268814751855298,0.07543297093351709,18.871555961287182,15.082713192419606,12.211369053863436,False,True,False,no_promotion_shadow_or_reject,False,False,False,0,0,locked_oos_trade_event_count_6_below_20
819,divtd_trend_pullback_6h_ethusdt_lb72_0p02_4p0x_0p1_a09d0b9e,trend_pullback_reentry,ETHUSDT,6h,long_short,72,0.02,0.0,0,4.0,0.1,0.4,0.03527369544396208,0.021913059370612054,0.024836976674237565,0.031044520526054553,0.019569602896277516,0.0023769788391960756,0.5546837224707923,1.3741055946262783,4.709175245967537,34,8,4,96,15,13,1.6097111246487192,0.01336063607335003,25.936540767619174,68.47831053316266,155.23110421398476,False,True,False,no_promotion_shadow_or_reject,False,False,False,0,0,train_trade_event_count_34_below_80;validation_trade_event_count_8_below_30;locked_oos_trade_event_count_4_below_20
821,divtd_vol_contraction_breakout_12h_trxusdt_long_short_lb48_3p0x_0p15_58e8c834,volatility_contraction_breakout,TRXUSDT,12h,long_short,48,0.35,0.0,0,3.0,0.15,0.44999999999999996,0.04180608682129017,0.026045448041270625,0.02444184901337354,0.05068853317713451,0.03050915945508681,0.017273027256922258,0.5315608101066908,1.4455250392550476,3.0210853250534484,8,3,3,171,64,78,1.6051206627371446,0.015760638780019542,116.12801894802824,192.92924475015278,181.0507334323966,False,True,False,no_promotion_shadow_or_reject,False,False,False,0,0,train_trade_event_count_8_below_80;validation_trade_event_count_3_below_30;locked_oos_trade_event_count_3_below_20
827,divtd_funding_carry_momentum_1h_ethusdt_lb12_0p0001_4p0x_0p1_563358a7,funding_carry_momentum,ETHUSDT,1h,long_short,12,0.0001,0.0,0,4.0,0.1,0.4,0.06357967998013891,0.021368665829750277,0.003406804145690945,0.05896794112514969,0.018870563377308414,0.012620405913824295,0.6706939652263642,1.4130336160386474,0.9460634788060678,150,22,8,813,108,43,2.9753696597950836,0.04221101415038864,10.596613330023153,24.282574806534406,10.646262955284202,False,True,False,no_promotion_shadow_or_reject,False,False,False,0,0,validation_trade_event_count_22_below_30;locked_oos_trade_event_count_8_below_20
833,divtd_trend_pullback_2h_ethusdt_lb72_0p02_4p0x_0p1_39ee5462,trend_pullback_reentry,ETHUSDT,2h,long_short,72,0.02,0.0,0,4.0,0.1,0.4,0.14753023553278632,0.01789710380540699,0.011037769043121148,0.05041600407079627,0.01036824911065537,0.005221885096531098,1.9253222788544142,1.1776866631122616,2.5696743143083434,86,14,4,341,31,16,8.243246345155308,0.12963313172737934,42.88669637580998,31.95911393822676,68.98605651950717,False,True,False,no_promotion_shadow_or_reject,False,False,False,0,0,validation_trade_event_count_14_below_30;locked_oos_trade_event_count_4_below_20;validation_return_0.0179_below_0.02
835,divtd_funding_carry_momentum_2h_ethusdt_lb6_0p0001_4p0x_0p1_de96df3d,funding_carry_momentum,ETHUSDT,2h,long_short,6,0.0001,0.0,0,4.0,0.1,0.4,0.06305100875372638,0.022904605496788966,0.006277817894102755,0.08859212268195604,0.023847995602815808,0.012292855134142355,0.685819588666711,1.3872646941967823,1.4833048202331387,126,22,8,413,58,22,2.7527655415224506,0.04014640325693741,12.510120784469517,26.02796079180564,19.618180919071108,False,True,False,no_promotion_shadow_or_reject,False,False,False,0,0,validation_trade_event_count_22_below_30;locked_oos_trade_event_count_8_below_20
836,divtd_vol_contraction_breakout_12h_trxusdt_long_only_lb48_2p0x_0p1_577109ab,volatility_contraction_breakout,TRXUSDT,12h,long_only,48,0.35,0.0,0,2.0,0.1,0.2,0.027513451376282694,0.016299205552517737,0.01085416997237032,0.020796372968766463,0.006579248281130878,0.007699222512993709,0.7617568336838478,2.7659978798677294,3.0210853250534475,6,1,3,144,41,78,1.688024075015895,0.011214245823764957,229.2787614690224,814.9602776258868,180.90283287283864,False,True,False,no_promotion_shadow_or_reject,False,False,False,0,0,train_trade_event_count_6_below_80;validation_trade_event_count_1_below_30;locked_oos_trade_event_count_3_below_20;validation_return_0.0163_below_0.02
839,divtd_hysteresis_trend_12h_trxusdt_long_only_lb48_e0p04_x0p01_4p0x_0p1_64cfdec1,stateful_momentum_hysteresis,TRXUSDT,12h,long_only,48,0.04,0.01,0,4.0,0.1,0.4,0.05846598572429529,0.02555738601245805,0.04854896174366008,0.07117136127462609,0.03156739413715837,0.014091202262219715,0.6406075213377208,1.3118835253077867,5.854012877401791,16,5,1,263,88,93,2.2876355858848716,0.03290859971183724,91.35310269421137,127.78693006229025,1213.7240435915019,False,True,False,no_promotion_shadow_or_reject,False,False,False,0,0,train_trade_event_count_16_below_80;validation_trade_event_count_5_below_30;locked_oos_trade_event_count_1_below_20
849,divtd_hysteresis_trend_12h_ethusdt_short_only_lb48_e0p04_x0p01_2p0x_0p1_49d0a591,stateful_momentum_hysteresis,ETHUSDT,12h,short_only,48,0.04,0.01,0,2.0,0.1,0.2,0.03715381236541848,0.027925504228350384,0.0029784950051436887,0.13129205665397836,0.03844838627804903,0.0012630286180718153,0.372632109928277,1.0411512944659584,1.9150204952611933,27,8,1,359,84,4,1.3304616475894957,0.009228308137068097,68.80335623225643,174.5344014271899,148.92475025718443,False,True,False,no_promotion_shadow_or_reject,False,False,False,0,0,train_trade_event_count_27_below_80;validation_trade_event_count_8_below_30;locked_oos_trade_event_count_1_below_20
850,divtd_funding_carry_momentum_1h_ethusdt_lb12_2e-05_2p0x_0p1_1152c1b3,funding_carry_momentum,ETHUSDT,1h,long_short,12,2e-05,0.0,0,2.0,0.1,0.2,0.08276409586711564,0.02419871674016716,0.0010490871460793194,0.08999709818563262,0.02872719504160204,0.015434162818067643,0.890633537308277,1.3012775235423024,0.18856939374860815,698,168,72,2962,748,308,3.4201853245274165,0.05856537912694848,5.928660162400834,7.201999029811654,0.7285327403328606,True,False,False,train_dominant_shadow_until_execution_efficiency,False,False,False,0,0,train_return_per_turnover_proxy_bps_5.929_not_above_10.000;validation_return_per_turnover_proxy_bps_7.202_not_above_10.000;locked_oos_return_per_turnover_proxy_bps_0.729_not_above_10.000
858,divtd_hysteresis_trend_1h_ethusdt_long_only_lb6_e0p04_x0p01_4p0x_0p1_5f801827,stateful_momentum_hysteresis,ETHUSDT,1h,long_only,6,0.04,0.01,0,4.0,0.1,0.4,0.08744812629485477,0.02056940283383657,0.002933037416042783,0.05188513026784758,0.019639514116030155,0.005068416115605934,1.2071900343065902,1.173456242737842,1.227036345079183,116,34,6,363,98,18,4.251369230369829,0.0668787234610182,18.846578942856627,15.12456090723277,12.220989233511593,False,True,False,no_promotion_shadow_or_reject,False,False,False,0,0,locked_oos_trade_event_count_6_below_20
859,divtd_debounced_hysteresis_trend_4h_solusdt_short_only_lb12_e0p02_x0p005_hold12_3p0x_0p15_94c1eebb,debounced_momentum_hysteresis,SOLUSDT,4h,short_only,12,0.02,0.005,12,3.0,0.15,0.44999999999999996,0.18242326436973033,0.05763916284327286,0.018233159896988704,0.24850616399424352,0.11707337207467072,0.05321340228634497,0.7494345382869061,1.0278665542752077,1.1140217636360141,143,39,13,1149,297,111,3.16491870060221,0.12478410152645747,28.348603631659728,32.84282783092471,31.167794695707187,False,True,False,no_promotion_shadow_or_reject,False,False,False,0,0,locked_oos_trade_event_count_13_below_20
865,divtd_vol_contraction_breakout_12h_trxusdt_long_short_lb48_4p0x_0p1_a6619c2b,volatility_contraction_breakout,TRXUSDT,12h,long_short,48,0.35,0.0,0,4.0,0.1,0.4,0.03743210972501276,0.023186117622093105,0.02172270062586934,0.0451203212554957,0.027146946121044513,0.015362730005637593,0.531560810106691,1.4455250392550467,3.0210853250534475,8,3,3,171,64,78,1.6144190388021336,0.014245992102919658,116.97534289066489,193.21764685077585,181.0225052155778,False,True,False,no_promotion_shadow_or_reject,False,False,False,0,0,train_trade_event_count_8_below_80;validation_trade_event_count_3_below_30;locked_oos_trade_event_count_3_below_20
868,divtd_vol_contraction_breakout_4h_solusdt_short_only_lb12_2p0x_0p1_6ebbfa05,volatility_contraction_breakout,SOLUSDT,4h,short_only,12,0.35,0.0,0,2.0,0.1,0.2,0.07795593622795405,0.017074680464125747,0.003820240892334459,0.0274829210442169,0.011364907423247028,0.006718141452486059,1.489309397026156,1.4977327954160113,1.2714190778200165,42,12,3,214,73,21,4.565586828505579,0.0608812557638283,92.80468598565957,71.14450193385726,63.670681538907644,False,True,False,no_promotion_shadow_or_reject,False,False,False,0,0,train_trade_event_count_42_below_80;validation_trade_event_count_12_below_30;locked_oos_trade_event_count_3_below_20;validation_return_0.0171_below_0.02
869,divtd_trend_pullback_12h_ethusdt_lb72_0p01_3p0x_0p15_e0517d85,trend_pullback_reentry,ETHUSDT,12h,long_short,72,0.01,0.0,0,3.0,0.15,0.44999999999999996,0.25739471809033976,0.020489828156714518,0.020565344795468787,0.050709168859954024,0.020344577540669095,0.03201822314764924,2.0393931493490727,1.3662535836905265,1.4511828293148603,48,8,12,111,8,26,12.56207305018278,0.23690488993362524,119.16422133812027,56.916189324207,38.083971843460716,False,True,False,no_promotion_shadow_or_reject,False,False,False,0,0,train_trade_event_count_48_below_80;validation_trade_event_count_8_below_30;locked_oos_trade_event_count_12_below_20
870,divtd_trend_pullback_12h_ethusdt_lb72_0p02_3p0x_0p15_6365ff21,trend_pullback_reentry,ETHUSDT,12h,long_short,72,0.02,0.0,0,3.0,0.15,0.44999999999999996,0.11839824672290455,0.020489828156714518,0.02476170794569099,0.047275560679091444,0.020344577540669095,0.019249018703612952,1.3286174839533837,1.3662535836905265,1.9665212869594266,28,8,10,77,8,12,5.778391395835374,0.09790841856619004,93.9668624784957,56.916189324207,55.026017657091096,False,True,False,no_promotion_shadow_or_reject,False,False,False,0,0,train_trade_event_count_28_below_80;validation_trade_event_count_8_below_30;locked_oos_trade_event_count_10_below_20
874,divtd_debounced_hysteresis_trend_12h_ethusdt_long_short_lb12_e0p04_x0p01_hold24_4p0x_0p1_a79332fa,debounced_momentum_hysteresis,ETHUSDT,12h,long_short,12,0.04,0.01,24,4.0,0.1,0.4,0.07454241644716553,0.09037178793708023,0.011296390911596177,0.2811887287544299,0.14669557578112524,0.06794446044462832,0.3931109862652336,1.4329783425845002,0.539608971943232,38,8,6,655,173,84,0.8248416696045051,-0.0158293714899147,49.041063452082575,282.4118373033757,47.06829546498406,False,True,False,no_promotion_shadow_or_reject,False,False,False,0,0,train_trade_event_count_38_below_80;validation_trade_event_count_8_below_30;locked_oos_trade_event_count_6_below_20;train_return_0.0745_below_validation_return_0.0904;train_validation_return_ratio_0.8248_below_1.00;validation_mdd_0.1467_above_0.12
894,divtd_debounced_hysteresis_trend_4h_solusdt_short_only_lb12_e0p02_x0p005_hold12_4p0x_0p1_7f94f460,debounced_momentum_hysteresis,SOLUSDT,4h,short_only,12,0.02,0.005,12,4.0,0.1,0.4,0.1648863539132912,0.05188097707665684,0.016307404872507147,0.22302208447297134,0.10443224618524571,0.0474032260419881,0.7494345382869061,1.0278665542752081,1.114021763636015,143,39,13,1149,297,111,3.1781659329519383,0.11300537683663436,28.826285649176786,33.25703658760054,31.360393985590665,False,True,False,no_promotion_shadow_or_reject,False,False,False,0,0,locked_oos_trade_event_count_13_below_20
907,divtd_hysteresis_trend_12h_ethusdt_short_only_lb48_e0p01_x0p0_4p0x_0p15_01962d20,stateful_momentum_hysteresis,ETHUSDT,12h,short_only,48,0.01,0.0,0,4.0,0.15,0.6,0.16079921373701023,0.06737008765419317,0.017578156946572943,0.2703151276658494,0.14612954923778942,0.020723423092391502,0.5922391096380781,0.9291721248985074,1.486669192423528,33,16,3,400,98,13,2.38680428267191,0.09342912608281706,81.21172410960112,70.17717463978455,97.6564274809608,False,True,False,no_promotion_shadow_or_reject,False,False,False,0,0,train_trade_event_count_33_below_80;validation_trade_event_count_16_below_30;locked_oos_trade_event_count_3_below_20;validation_mdd_0.1461_above_0.12
916,divtd_trend_pullback_12h_ethusdt_lb72_0p01_4p0x_0p1_37c9790e,trend_pullback_reentry,ETHUSDT,12h,long_short,72,0.01,0.0,0,4.0,0.1,0.4,0.2265906218748921,0.018239453499624192,0.018341007795500852,0.04515328396953966,0.01808746222799451,0.028492181397562044,2.0393931493490722,1.3662535836905265,1.4511828293148605,48,8,12,111,8,26,12.423103679041743,0.2083511683752679,118.01594889317293,56.9982921863256,38.21043290729344,False,True,False,no_promotion_shadow_or_reject,False,False,False,0,0,train_trade_event_count_48_below_80;validation_trade_event_count_8_below_30;locked_oos_trade_event_count_12_below_20;validation_return_0.0182_below_0.02
917,divtd_trend_pullback_12h_ethusdt_lb72_0p02_4p0x_0p1_16a4f225,trend_pullback_reentry,ETHUSDT,12h,long_short,72,0.02,0.0,0,4.0,0.1,0.4,0.10498741656587285,0.018239453499624192,0.022042485574661486,0.04208534777027495,0.01808746222799451,0.017121344175774156,1.328617483953384,1.3662535836905265,1.9665212869594282,28,8,10,77,8,12,5.756061527174376,0.08674796306624866,93.7387647909579,56.9982921863256,55.10621393665372,False,True,False,no_promotion_shadow_or_reject,False,False,False,0,0,train_trade_event_count_28_below_80;validation_trade_event_count_8_below_30;locked_oos_trade_event_count_10_below_20;validation_return_0.0182_below_0.02
920,divtd_hysteresis_trend_12h_trxusdt_long_only_lb48_e0p02_x0p005_2p0x_0p1_e7220502,stateful_momentum_hysteresis,TRXUSDT,12h,long_only,48,0.02,0.005,0,2.0,0.1,0.2,0.019200895918675354,0.024203382669703233,0.02405569992922274,0.04829619837384602,0.015849732746210377,0.007061216840527074,0.40694045086180586,2.2098433811409666,5.854012877401791,26,5,1,303,110,93,0.7933145618818902,-0.005002486751027879,36.92479984360645,242.03382669703234,1202.7849964611369,False,True,False,no_promotion_shadow_or_reject,False,False,False,0,0,train_trade_event_count_26_below_80;validation_trade_event_count_5_below_30;locked_oos_trade_event_count_1_below_20;train_return_0.0192_below_validation_return_0.0242;train_validation_return_ratio_0.7933_below_1.00
923,divtd_hysteresis_trend_1h_ethusdt_short_only_lb12_e0p02_x0p005_3p0x_0p15_1cf674a1,stateful_momentum_hysteresis,ETHUSDT,1h,short_only,12,0.02,0.005,0,3.0,0.15,0.44999999999999996,0.09392015405131815,0.04868216456400476,0.009933599770832302,0.13147737269101256,0.09830620563522696,0.013516992273552741,0.5617144404743958,1.1254066266135512,1.0103424873227878,372,96,34,2099,556,211,1.9292518090036208,0.04523798948731339,5.610522942133701,11.269019575001103,6.492548869825034,True,False,False,train_dominant_shadow_until_execution_efficiency,False,False,False,0,0,train_return_per_turnover_proxy_bps_5.611_not_above_10.000;locked_oos_return_per_turnover_proxy_bps_6.493_not_above_10.000
930,divtd_hysteresis_trend_12h_ethusdt_short_only_lb48_e0p01_x0p0_3p0x_0p15_494da785,stateful_momentum_hysteresis,ETHUSDT,12h,short_only,48,0.01,0.0,0,3.0,0.15,0.44999999999999996,0.13214585940688806,0.05303942565261166,0.013263578737640058,0.20861689042061515,0.11035423710747416,0.015543716481591252,0.5922391096380784,0.9291721248985069,1.486669192423528,33,16,3,400,98,13,2.491464750625202,0.0791064337542764,88.98711071170914,73.66586896196064,98.24873138992636,False,True,False,no_promotion_shadow_or_reject,False,False,False,0,0,train_trade_event_count_33_below_80;validation_trade_event_count_16_below_30;locked_oos_trade_event_count_3_below_20
934,divtd_trend_pullback_6h_ethusdt_lb72_0p02_3p0x_0p1_df51904f,trend_pullback_reentry,ETHUSDT,6h,long_short,72,0.02,0.0,0,3.0,0.1,0.30000000000000004,0.026767804140483742,0.016491220782989924,0.01859098992576791,0.023265292664163995,0.014677202172208248,0.0017827341293970012,0.5546837224707921,1.3741055946262786,4.709175245967536,34,8,4,96,15,13,1.6231547981028627,0.010276583357493818,26.24294523576837,68.71341992912467,154.92491604806588,False,True,False,no_promotion_shadow_or_reject,False,False,False,0,0,train_trade_event_count_34_below_80;validation_trade_event_count_8_below_30;locked_oos_trade_event_count_4_below_20;validation_return_0.0165_below_0.02
935,divtd_trend_pullback_2h_solusdt_lb72_0p02_2p0x_0p1_04612a3a,trend_pullback_reentry,SOLUSDT,2h,long_short,72,0.02,0.0,0,2.0,0.1,0.2,0.06085248379063346,0.015671500619968803,0.0032929480880712347,0.04016705799025899,0.012596074469481744,0.0038152337908310407,1.24543997832599,1.67248802994776,1.4558998238835446,102,20,4,405,67,28,3.8830029916276514,0.04518098317066466,29.829648916977185,39.17875154992201,41.16185110089043,False,True,False,no_promotion_shadow_or_reject,False,False,False,0,0,validation_trade_event_count_20_below_30;locked_oos_trade_event_count_4_below_20;validation_return_0.0157_below_0.02
942,divtd_funding_carry_momentum_1h_ethusdt_lb12_0p0001_3p0x_0p1_b37f4943,funding_carry_momentum,ETHUSDT,1h,long_short,12,0.0001,0.0,0,3.0,0.1,0.30000000000000004,0.04828034080360144,0.016074590910814424,0.0025638466572117657,0.044467854579561816,0.014182106733989452,0.009476933666769494,0.6706939652263645,1.4130336160386472,0.9460634788060676,150,22,8,813,108,43,3.0035190986490434,0.03220574989278702,10.72896462302254,24.355440773961245,10.682694405049022,False,True,False,no_promotion_shadow_or_reject,False,False,False,0,0,validation_trade_event_count_22_below_30;locked_oos_trade_event_count_8_below_20;validation_return_0.0161_below_0.02
947,divtd_trend_pullback_2h_ethusdt_lb72_0p02_3p0x_0p1_c8cafddb,trend_pullback_reentry,ETHUSDT,2h,long_short,72,0.02,0.0,0,3.0,0.1,0.30000000000000004,0.10927474618927402,0.01348388929674682,0.00828056790028664,0.037938449818265885,0.0077802758894359725,0.0039176933170336214,1.9253222788544144,1.177686663112262,2.5696743143083447,86,14,4,341,31,16,8.104096954848043,0.0957908568925272,42.35455278654031,32.10449832558766,69.00473250238865,False,True,False,no_promotion_shadow_or_reject,False,False,False,0,0,validation_trade_event_count_14_below_30;locked_oos_trade_event_count_4_below_20;validation_return_0.0135_below_0.02
949,divtd_trend_pullback_6h_ethusdt_lb72_0p005_2p0x_0p1_15c3a854,trend_pullback_reentry,ETHUSDT,6h,long_short,72,0.005,0.0,0,2.0,0.1,0.2,0.038317897628295405,0.014169979774301344,0.017639728506740227,0.029692483635851197,0.009784801448138758,0.006160841761702174,0.8218580379256021,1.395593600404831,3.9241310277358767,95,20,12,222,39,28,2.704160361455751,0.02414791785399406,20.16731454120811,35.42494943575336,73.49886877808427,False,True,False,no_promotion_shadow_or_reject,False,False,False,0,0,validation_trade_event_count_20_below_30;locked_oos_trade_event_count_12_below_20;validation_return_0.0142_below_0.02
950,divtd_hysteresis_trend_12h_ethusdt_short_only_lb48_e0p01_x0p0_4p0x_0p1_ff2083f7,stateful_momentum_hysteresis,ETHUSDT,12h,short_only,48,0.01,0.0,0,4.0,0.1,0.4,0.12071100842779625,0.04787499627785552,0.011813352592664028,0.1872046538092944,0.09830759128969202,0.013816977365058158,0.5922391096380784,0.9291721248985076,1.4866691924235274,33,16,3,400,98,13,2.5213789621458598,0.07283601214994073,91.44773365742138,74.80468168414924,98.44460493886689,False,True,False,no_promotion_shadow_or_reject,False,False,False,0,0,train_trade_event_count_33_below_80;validation_trade_event_count_16_below_30;locked_oos_trade_event_count_3_below_20
951,divtd_funding_carry_momentum_2h_ethusdt_lb6_0p0001_3p0x_0p1_e31f6f4e,funding_carry_momentum,ETHUSDT,2h,long_short,6,0.0001,0.0,0,3.0,0.1,0.30000000000000004,0.04782365191079796,0.01723767672147347,0.00471812384790371,0.06705580679414591,0.017928352817853543,0.009228797836324909,0.6858195886667109,1.3872646941967814,1.4833048202331391,126,22,8,413,58,22,2.774367606698567,0.030585975189324488,12.651759764761364,26.117692002232527,19.658849366265457,False,True,False,no_promotion_shadow_or_reject,False,False,False,0,0,validation_trade_event_count_22_below_30;locked_oos_trade_event_count_8_below_20;validation_return_0.0172_below_0.02
954,divtd_hysteresis_trend_12h_trxusdt_long_only_lb48_e0p04_x0p01_3p0x_0p1_cad4bf9b,stateful_momentum_hysteresis,TRXUSDT,12h,long_only,48,0.04,0.01,0,3.0,0.1,0.30000000000000004,0.04443289777226389,0.019259413865315045,0.036247377064177355,0.053782938752217735,0.02372513702108059,0.010580110065508741,0.6406075213377207,1.3118835253077874,5.8540128774017886,16,5,1,263,88,93,2.3070742486241835,0.025173483906948846,92.56853702554976,128.39609243543362,1208.2459021392451,False,True,False,no_promotion_shadow_or_reject,False,False,False,0,0,train_trade_event_count_16_below_80;validation_trade_event_count_5_below_30;locked_oos_trade_event_count_1_below_20;validation_return_0.0193_below_0.02
957,divtd_hysteresis_trend_1h_ethusdt_short_only_lb12_e0p02_x0p005_4p0x_0p1_9561afbf,stateful_momentum_hysteresis,ETHUSDT,1h,short_only,12,0.02,0.005,0,4.0,0.1,0.4,0.08503344516832612,0.043602914238376256,0.008865445887002776,0.11702472435571576,0.08776050811990121,0.012020837760089775,0.5617144404743957,1.1254066266135514,1.010342487322788,372,96,34,2099,556,211,1.9501780248781075,0.04143053092994986,5.71461325055955,11.354925582910482,6.518710211031453,True,False,False,train_dominant_shadow_until_execution_efficiency,False,False,False,0,0,train_return_per_turnover_proxy_bps_5.715_not_above_10.000;locked_oos_return_per_turnover_proxy_bps_6.519_not_above_10.000
963,divtd_trend_pullback_6h_ethusdt_lb72_0p01_3p0x_0p15_f73d97ee,trend_pullback_reentry,ETHUSDT,6h,long_short,72,0.01,0.0,0,3.0,0.15,0.44999999999999996,0.07279301797249405,0.018456949134743716,0.048637600721671115,0.06063540515501886,0.022015803258312205,0.0138311791421033,0.8242193329533228,0.853136292829592,4.907184593065338,59,14,12,149,32,25,3.943935557337971,0.05433606883775033,27.41733256967761,29.296744658323366,90.06963096605763,False,True,False,no_promotion_shadow_or_reject,False,False,False,0,0,train_trade_event_count_59_below_80;validation_trade_event_count_14_below_30;locked_oos_trade_event_count_12_below_20;validation_return_0.0185_below_0.02
973,divtd_hysteresis_trend_1h_ethusdt_long_only_lb6_e0p04_x0p01_3p0x_0p1_40682c1d,stateful_momentum_hysteresis,ETHUSDT,1h,long_only,6,0.04,0.01,0,3.0,0.1,0.30000000000000004,0.06540387420193405,0.015511645846764566,0.0022032375277507565,0.03909685206583935,0.014754180644584558,0.0038024151215636515,1.2071900343065902,1.1734562427378417,1.2270363450791841,116,34,6,363,98,18,4.2164367887225875,0.04989222835516949,18.794216724693694,15.207495928200553,12.240208487504201,False,True,False,no_promotion_shadow_or_reject,False,False,False,0,0,locked_oos_trade_event_count_6_below_20;validation_return_0.0155_below_0.02
976,divtd_debounced_hysteresis_trend_4h_solusdt_short_only_lb12_e0p02_x0p005_hold12_3p0x_0p1_97458943,debounced_momentum_hysteresis,SOLUSDT,4h,short_only,12,0.02,0.005,12,3.0,0.1,0.30000000000000004,0.12747952467203083,0.03986131020346306,0.012379949881929031,0.17043237341795414,0.07886789427259233,0.0357062920936525,0.7494345382869058,1.0278665542752081,1.1140217636360148,143,39,13,1149,297,111,3.198076631734892,0.08761821446856777,29.7155069165573,34.06949590039578,31.74346123571546,False,True,False,no_promotion_shadow_or_reject,False,False,False,0,0,locked_oos_trade_event_count_13_below_20
980,divtd_vol_contraction_breakout_12h_trxusdt_long_short_lb48_3p0x_0p1_4506d707,volatility_contraction_breakout,TRXUSDT,12h,long_short,48,0.35,0.0,0,3.0,0.1,0.30000000000000004,0.02847466236365026,0.01744085559056141,0.01628676159679099,0.03393550190436656,0.02040172060056522,0.011535440196631441,0.5315608101066912,1.4455250392550474,3.021085325053448,8,3,3,171,64,78,1.6326413699027524,0.01103380677308885,118.64442651520939,193.7872843395712,180.96401774212208,False,True,False,no_promotion_shadow_or_reject,False,False,False,0,0,train_trade_event_count_8_below_80;validation_trade_event_count_3_below_30;locked_oos_trade_event_count_3_below_20;validation_return_0.0174_below_0.02
1003,divtd_trend_pullback_6h_ethusdt_lb72_0p01_4p0x_0p1_88e23edb,trend_pullback_reentry,ETHUSDT,6h,long_short,72,0.01,0.0,0,4.0,0.1,0.4,0.0648792051356133,0.016493586229033852,0.04315707244428424,0.054005994582773886,0.019569602896277516,0.012299839723997064,0.8242193329533232,0.8531362928295914,4.907184593065338,59,14,12,149,32,25,3.933602082329777,0.04838561890657944,27.49118861678529,29.45283255184616,89.91056759225881,False,True,False,no_promotion_shadow_or_reject,False,False,False,0,0,train_trade_event_count_59_below_80;validation_trade_event_count_14_below_30;locked_oos_trade_event_count_12_below_20;validation_return_0.0165_below_0.02
1011,divtd_trend_pullback_2h_ethusdt_lb72_0p005_3p0x_0p15_e1341f94,trend_pullback_reentry,ETHUSDT,2h,long_short,72,0.005,0.0,0,3.0,0.15,0.44999999999999996,0.09246888268854048,0.02146368421535927,0.0023202386805540876,0.08545959746734677,0.0330676936588884,0.015109951409874145,0.8242768149315134,1.0164339612926454,0.3026402507000085,218,42,21,754,125,59,4.308155196504911,0.07100519847318121,9.425981925437357,11.356446674793265,2.4552790270413625,True,False,False,train_dominant_shadow_until_execution_efficiency,False,False,False,0,0,train_return_per_turnover_proxy_bps_9.426_not_above_10.000;locked_oos_return_per_turnover_proxy_bps_2.455_not_above_10.000
1016,divtd_hysteresis_trend_12h_ethusdt_short_only_lb48_e0p01_x0p0_3p0x_0p1_3a6e4e23,stateful_momentum_hysteresis,ETHUSDT,12h,short_only,48,0.01,0.0,0,3.0,0.1,0.30000000000000004,0.09519378816724777,0.036981345989093306,0.008895060964710488,0.14308230227031316,0.07404222115671688,0.010363243762592567,0.5922391096380785,0.9291721248985072,1.4866691924235278,33,16,3,400,98,13,2.574102851619374,0.05821244217815447,96.15534158307854,77.04447081061105,98.8340107190054,False,True,False,no_promotion_shadow_or_reject,False,False,False,0,0,train_trade_event_count_33_below_80;validation_trade_event_count_16_below_30;locked_oos_trade_event_count_3_below_20
1022,divtd_trend_pullback_12h_ethusdt_lb72_0p01_3p0x_0p1_5ac4a2dc,trend_pullback_reentry,ETHUSDT,12h,long_short,72,0.01,0.0,0,3.0,0.1,0.30000000000000004,0.16666767636360036,0.013718605579528864,0.0138465601431772,0.033982884679146785,0.013570686625428818,0.021416443162445842,2.0393931493490727,1.3662535836905265,1.4511828293148594,48,8,12,111,8,26,12.149024578146973,0.1529490707840715,115.7414419191669,57.160856581370254,38.46266706438111,False,True,False,no_promotion_shadow_or_reject,False,False,False,0,0,train_trade_event_count_48_below_80;validation_trade_event_count_8_below_30;locked_oos_trade_event_count_12_below_20;validation_return_0.0137_below_0.02
1023,divtd_trend_pullback_12h_ethusdt_lb72_0p02_3p0x_0p1_539c965d,trend_pullback_reentry,ETHUSDT,12h,long_short,72,0.02,0.0,0,3.0,0.1,0.30000000000000004,0.07834880492696317,0.013718605579528864,0.01657987052846277,0.03165807774119345,0.013570686625428818,0.01285767516571601,1.3286174839533837,1.3662535836905265,1.9665212869594273,28,8,10,77,8,12,5.711134741265291,0.0646301993474343,93.27238681781327,57.160856581370254,55.266235094875896,False,True,False,no_promotion_shadow_or_reject,False,False,False,0,0,train_trade_event_count_28_below_80;validation_trade_event_count_8_below_30;locked_oos_trade_event_count_10_below_20;validation_return_0.0137_below_0.02
1046,divtd_debounced_hysteresis_trend_1h_ethusdt_long_only_lb6_e0p04_x0p01_hold6_3p0x_0p15_5ebb847d,debounced_momentum_hysteresis,ETHUSDT,1h,long_only,6,0.04,0.01,6,3.0,0.15,0.44999999999999996,0.06942134240114428,0.01971389522076228,0.003297069644543127,0.07708886388824032,0.03099895656156082,0.00570114085391249,0.8367213314465796,0.947092606252981,1.2270363450791835,116,32,6,413,114,18,3.521442192105755,0.049707447180382,13.299107739682814,13.69020501441825,12.211369053863436,False,True,False,no_promotion_shadow_or_reject,False,False,False,0,0,locked_oos_trade_event_count_6_below_20;validation_return_0.0197_below_0.02
1047,divtd_hysteresis_trend_1h_ethusdt_short_only_lb12_e0p02_x0p005_3p0x_0p1_45cdca80,stateful_momentum_hysteresis,ETHUSDT,1h,short_only,12,0.02,0.005,0,3.0,0.1,0.30000000000000004,0.06602652751812199,0.03318770970431295,0.006702301339797989,0.08796910369674327,0.06638860438838212,0.009024229706353415,0.5617144404743957,1.1254066266135516,1.0103424873227884,372,96,34,2099,556,211,1.9894873164309206,0.03283881781380904,5.916355512376521,11.523510313997551,6.5708836664686165,True,False,False,train_dominant_shadow_until_execution_efficiency,False,False,False,0,0,train_return_per_turnover_proxy_bps_5.916_not_above_10.000;locked_oos_return_per_turnover_proxy_bps_6.571_not_above_10.000
1064,divtd_trend_pullback_6h_ethusdt_lb72_0p02_2p0x_0p1_78a83bb7,trend_pullback_reentry,ETHUSDT,6h,long_short,72,0.02,0.0,0,2.0,0.1,0.2,0.018048685978375945,0.011031093167510386,0.012369529511833566,0.015497828428744698,0.009784801448138758,0.0011884894195979268,0.5546837224707923,1.3741055946262783,4.709175245967537,34,8,4,96,15,13,1.6361647666556118,0.007017592810865558,26.542185262317563,68.9443322969399,154.61911889791955,False,True,False,no_promotion_shadow_or_reject,False,False,False,0,0,train_trade_event_count_34_below_80;validation_trade_event_count_8_below_30;locked_oos_trade_event_count_4_below_20;validation_return_0.0110_below_0.02
1071,divtd_funding_carry_momentum_1h_ethusdt_lb12_0p0001_2p0x_0p1_2c705518,funding_carry_momentum,ETHUSDT,1h,long_short,12,0.0001,0.0,0,2.0,0.1,0.2,0.03256743831116271,0.01074796105020015,0.0017150495771860452,0.029807013912104496,0.009474239772213178,0.006325718211076303,0.6706939652263642,1.4130336160386474,0.9460634788060678,150,22,8,813,108,43,3.0301038642632814,0.02181947726096256,10.855812770387569,24.427184205000337,10.719059857412782,False,True,False,no_promotion_shadow_or_reject,False,False,False,0,0,validation_trade_event_count_22_below_30;locked_oos_trade_event_count_8_below_20;validation_return_0.0107_below_0.02
1073,divtd_debounced_hysteresis_trend_1h_ethusdt_long_only_lb6_e0p04_x0p01_hold6_4p0x_0p1_a88a987f,debounced_momentum_hysteresis,ETHUSDT,1h,long_only,6,0.04,0.01,6,4.0,0.1,0.4,0.06184868165142077,0.017599659440729942,0.002933037416042783,0.06876470142492408,0.027594231720460827,0.005068416115605934,0.8367213314465796,0.9470926062529803,1.227036345079183,116,32,6,413,114,18,3.514197638863835,0.044249022210690825,13.32945725246137,13.749733938070268,12.220989233511593,False,True,False,no_promotion_shadow_or_reject,False,False,False,0,0,locked_oos_trade_event_count_6_below_20;validation_return_0.0176_below_0.02
1075,divtd_trend_pullback_2h_ethusdt_lb72_0p02_2p0x_0p1_392c8202,trend_pullback_reentry,ETHUSDT,2h,long_short,72,0.02,0.0,0,2.0,0.1,0.2,0.07193915513262894,0.009029799134415928,0.005521856537192171,0.025376239234917497,0.005189569182680431,0.002612648541112761,1.9253222788544142,1.1776866631122616,2.5696743143083434,86,14,4,341,31,16,7.966861063214798,0.06290935599821301,41.82509019338892,32.24928262291402,69.02320671490213,False,True,False,no_promotion_shadow_or_reject,False,False,False,0,0,validation_trade_event_count_14_below_30;locked_oos_trade_event_count_4_below_20;validation_return_0.0090_below_0.02
1076,divtd_debounced_hysteresis_trend_4h_solusdt_short_only_lb12_e0p02_x0p005_hold12_2p0x_0p1_f792bd2a,debounced_momentum_hysteresis,SOLUSDT,4h,short_only,12,0.02,0.005,12,2.0,0.1,0.2,0.08727061100997857,0.027190839330488714,0.008352146851570152,0.11570623278097936,0.052934716222048483,0.023906983504746626,0.7494345382869061,1.0278665542752081,1.114021763636015,143,39,13,1149,297,111,3.209559291247153,0.06007977167948986,30.51419965383866,34.86005042370347,32.12364173680828,False,True,False,no_promotion_shadow_or_reject,False,False,False,0,0,locked_oos_trade_event_count_13_below_20
1080,divtd_funding_carry_momentum_2h_ethusdt_lb6_0p0001_2p0x_0p1_61139cf2,funding_carry_momentum,ETHUSDT,2h,long_short,6,0.0001,0.0,0,2.0,0.1,0.2,0.03222438213613832,0.01153070915897847,0.0031518973879258727,0.04511483251085846,0.011980539156824177,0.006158640401932369,0.685819588666711,1.3872646941967823,1.4833048202331387,126,22,8,413,58,22,2.794657439698457,0.02069367297715985,12.787453228626315,26.20615717949652,19.699358674536704,False,True,False,no_promotion_shadow_or_reject,False,False,False,0,0,validation_trade_event_count_22_below_30;locked_oos_trade_event_count_8_below_20;validation_return_0.0115_below_0.02
1083,divtd_trend_pullback_6h_ethusdt_lb72_0p01_3p0x_0p1_ccc15757,trend_pullback_reentry,ETHUSDT,6h,long_short,72,0.01,0.0,0,3.0,0.1,0.30000000000000004,0.04890867791679265,0.012500439576434097,0.032253406896068926,0.040665881473795906,0.014677202172208026,0.009233069606382482,0.8242193329533232,0.8531362928295916,4.907184593065338,59,14,12,149,32,25,3.912556643927593,0.036408238340358556,27.632021421916747,29.76295137246213,89.59279693352478,False,True,False,no_promotion_shadow_or_reject,False,False,False,0,0,train_trade_event_count_59_below_80;validation_trade_event_count_14_below_30;locked_oos_trade_event_count_12_below_20;validation_return_0.0125_below_0.02
1084,divtd_hysteresis_trend_12h_trxusdt_long_only_lb48_e0p04_x0p01_2p0x_0p1_a18978fc,stateful_momentum_hysteresis,TRXUSDT,12h,long_only,48,0.04,0.01,0,2.0,0.1,0.2,0.02999654873225177,0.012899447726915314,0.02405569992922274,0.03612709558740024,0.015849732746209932,0.007061216840527074,0.6406075213377208,1.3118835253077867,5.854012877401791,16,5,1,263,88,93,2.3254134105030357,0.017097101005336457,93.73921478828679,128.99447726915315,1202.7849964611369,False,True,False,no_promotion_shadow_or_reject,False,False,False,0,0,train_trade_event_count_16_below_80;validation_trade_event_count_5_below_30;locked_oos_trade_event_count_1_below_20;validation_return_0.0129_below_0.02
1087,divtd_debounced_hysteresis_trend_12h_ethusdt_long_short_lb12_e0p04_x0p01_hold24_3p0x_0p15_4a9dc84a,debounced_momentum_hysteresis,ETHUSDT,12h,long_short,12,0.04,0.01,24,3.0,0.15,0.44999999999999996,0.0778917396577361,0.10084971101647722,0.012365781877611726,0.311018845527808,0.16376626033863861,0.07621392871923927,0.393110986265233,1.4329783425845,0.5396089719432319,38,8,6,655,173,84,0.7723546143331025,-0.022957971358741114,45.55072494604451,280.1380861568812,45.79919213930269,False,True,False,no_promotion_shadow_or_reject,False,False,False,0,0,train_trade_event_count_38_below_80;validation_trade_event_count_8_below_30;locked_oos_trade_event_count_6_below_20;train_return_0.0779_below_validation_return_0.1008;train_validation_return_ratio_0.7724_below_1.00;validation_mdd_0.1638_above_0.12
1089,divtd_hysteresis_trend_1h_ethusdt_long_only_lb6_e0p04_x0p01_2p0x_0p1_afd802f8,stateful_momentum_hysteresis,ETHUSDT,1h,long_only,6,0.04,0.01,0,2.0,0.1,0.2,0.04347378885092934,0.010396800257873595,0.001471127948041051,0.026186780222589467,0.009852509851511981,0.002535678770948291,1.2071900343065902,1.173456242737842,1.227036345079183,116,34,6,363,98,18,4.181458503832102,0.033076988593055745,18.738702090917815,15.289412143931756,12.259399567008757,False,True,False,no_promotion_shadow_or_reject,False,False,False,0,0,locked_oos_trade_event_count_6_below_20;validation_return_0.0104_below_0.02
1097,divtd_hysteresis_trend_12h_ethusdt_short_only_lb48_e0p01_x0p0_2p0x_0p1_cca4096c,stateful_momentum_hysteresis,ETHUSDT,12h,short_only,48,0.01,0.0,0,2.0,0.1,0.2,0.06637065578211643,0.02535423857970831,0.005953217710725767,0.09719829349330089,0.049559263121776165,0.0069091696675943615,0.5922391096380784,0.9291721248985076,1.4866691924235274,33,16,3,400,98,13,2.617734134411541,0.04101641720240812,100.56159966987337,79.23199556158846,99.22029517876277,False,True,False,no_promotion_shadow_or_reject,False,False,False,0,0,train_trade_event_count_33_below_80;validation_trade_event_count_16_below_30;locked_oos_trade_event_count_3_below_20
1098,divtd_vol_contraction_breakout_12h_trxusdt_long_short_lb48_2p0x_0p1_468ea5e0,volatility_contraction_breakout,TRXUSDT,12h,long_short,48,0.35,0.0,0,2.0,0.1,0.2,0.019244626040244572,0.011660841129067068,0.01085416997237032,0.022686713902056677,0.013628794780859765,0.007699222512993709,0.531560810106691,1.4455250392550467,3.0210853250534475,8,3,3,171,64,78,1.6503634538226704,0.007583784911177505,120.27891275152857,194.34735215111775,180.90283287283864,False,True,False,no_promotion_shadow_or_reject,False,False,False,0,0,train_trade_event_count_8_below_80;validation_trade_event_count_3_below_30;locked_oos_trade_event_count_3_below_20;validation_return_0.0117_below_0.02
1140,divtd_trend_pullback_12h_ethusdt_lb72_0p01_2p0x_0p1_b9d47f5c,trend_pullback_reentry,ETHUSDT,12h,long_short,72,0.01,0.0,0,2.0,0.1,0.2,0.1089570332227201,0.00917139798792932,0.009291353394941027,0.022734067382751855,0.009050517719907725,0.014309165698867088,2.0393931493490722,1.3662535836905265,1.4511828293148605,48,8,12,111,8,26,11.880089967322416,0.09978563523479078,113.49690960700009,57.32123742455824,38.71397247892094,False,True,False,no_promotion_shadow_or_reject,False,False,False,0,0,train_trade_event_count_48_below_80;validation_trade_event_count_8_below_30;locked_oos_trade_event_count_12_below_20;validation_return_0.0092_below_0.02
1141,divtd_trend_pullback_12h_ethusdt_lb72_0p02_2p0x_0p1_3ba2a62a,trend_pullback_reentry,ETHUSDT,12h,long_short,72,0.02,0.0,0,2.0,0.1,0.2,0.0519639673256711,0.00917139798792932,0.01108515174338831,0.02116820856494328,0.009050517719907725,0.008582902835389428,1.328617483953384,1.3662535836905265,1.9665212869594282,28,8,10,77,8,12,5.665872028894835,0.04279256933774178,92.79279879584125,57.32123742455824,55.42575871694155,False,True,False,no_promotion_shadow_or_reject,False,False,False,0,0,train_trade_event_count_28_below_80;validation_trade_event_count_8_below_30;locked_oos_trade_event_count_10_below_20;validation_return_0.0092_below_0.02
1148,divtd_hysteresis_trend_1h_ethusdt_short_only_lb12_e0p02_x0p005_2p0x_0p1_c6a26e21,stateful_momentum_hysteresis,ETHUSDT,1h,short_only,12,0.02,0.005,0,2.0,0.1,0.2,0.045451992825960685,0.02244044549294122,0.004503541956723867,0.05874934143502186,0.04463999181957945,0.00602188836981421,0.5617144404743957,1.1254066266135514,1.010342487322788,372,96,34,2099,556,211,2.0254496658837673,0.023011547333019466,6.10913882069364,11.687732027573551,6.622855818711567,True,False,False,train_dominant_shadow_until_execution_efficiency,False,False,False,0,0,train_return_per_turnover_proxy_bps_6.109_not_above_10.000;locked_oos_return_per_turnover_proxy_bps_6.623_not_above_10.000
1150,divtd_debounced_hysteresis_trend_1h_ethusdt_long_only_lb6_e0p04_x0p01_hold6_3p0x_0p1_9a05566f,debounced_momentum_hysteresis,ETHUSDT,1h,long_only,6,0.04,0.01,6,3.0,0.1,0.30000000000000004,0.04658839769426826,0.013313258407411155,0.0022032375277507565,0.05193703642473224,0.020755215021480367,0.0038024151215636515,0.8367213314465798,0.947092606252981,1.2270363450791841,116,32,6,413,114,18,3.4993985896295436,0.0332751392868571,13.387470601801223,13.867977507719951,12.240208487504201,False,True,False,no_promotion_shadow_or_reject,False,False,False,0,0,locked_oos_trade_event_count_6_below_20;validation_return_0.0133_below_0.02
1173,divtd_trend_pullback_6h_ethusdt_lb72_0p01_2p0x_0p1_f4e721a8,trend_pullback_reentry,ETHUSDT,6h,long_short,72,0.01,0.0,0,2.0,0.1,0.2,0.03276118803776762,0.008419685867907534,0.021426121535292886,0.027217810259038355,0.009784801448138758,0.006160841761702063,0.8242193329533232,0.8531362928295914,4.907184593065338,59,14,12,149,32,25,3.8910226048503938,0.024341502169860085,27.76371867607425,30.07030667109833,89.27550639705368,False,True,False,no_promotion_shadow_or_reject,False,False,False,0,0,train_trade_event_count_59_below_80;validation_trade_event_count_14_below_30;locked_oos_trade_event_count_12_below_20;validation_return_0.0084_below_0.02
1201,divtd_hysteresis_trend_12h_ethusdt_short_only_lb48_e0p02_x0p005_3p0x_0p1_462baa3d,stateful_momentum_hysteresis,ETHUSDT,12h,short_only,48,0.02,0.005,0,3.0,0.1,0.30000000000000004,0.12176813363170114,0.029838396311883786,0.018513363182887543,0.14515911648881874,0.06778124334045987,0.00419452863835601,0.7290048788919787,0.7782658121974081,3.848668067420687,27,12,3,386,90,11,4.0809208497309335,0.09192973731981735,150.33102917493963,82.88443419967717,205.7040353654171,False,True,False,no_promotion_shadow_or_reject,False,False,False,0,0,train_trade_event_count_27_below_80;validation_trade_event_count_12_below_30;locked_oos_trade_event_count_3_below_20
1204,divtd_hysteresis_trend_12h_ethusdt_short_only_lb48_e0p02_x0p005_4p0x_0p1_cf9759d7,stateful_momentum_hysteresis,ETHUSDT,12h,short_only,48,0.02,0.005,0,4.0,0.1,0.4,0.15725202784877057,0.0383159255903871,0.02471920241314951,0.18982195018010528,0.0901533264271448,0.005592435175447719,0.7290048788919787,0.7782658121974088,3.848668067420686,27,12,3,386,90,11,4.104090542659963,0.11893610225838347,145.6037294896024,79.82484497997311,205.99335344291254,False,True,False,no_promotion_shadow_or_reject,False,False,False,0,0,train_trade_event_count_27_below_80;validation_trade_event_count_12_below_30;locked_oos_trade_event_count_3_below_20
1214,divtd_hysteresis_trend_12h_ethusdt_short_only_lb48_e0p02_x0p005_3p0x_0p15_7dd57956,stateful_momentum_hysteresis,ETHUSDT,12h,short_only,48,0.02,0.005,0,3.0,0.15,0.44999999999999996,0.17383639984956845,0.04226900087254637,0.02782858266177679,0.21147874943551204,0.1012892812626418,0.006291337879800518,0.7290048788919787,0.7782658121974083,3.848668067420686,27,12,3,386,90,11,4.112621454520228,0.13156739897702208,143.0752262136366,78.27592754175255,206.13764934649475,False,True,False,no_promotion_shadow_or_reject,False,False,False,0,0,train_trade_event_count_27_below_80;validation_trade_event_count_12_below_30;locked_oos_trade_event_count_3_below_20
1217,divtd_debounced_hysteresis_trend_1h_ethusdt_long_only_lb6_e0p04_x0p01_hold6_2p0x_0p1_40d1e7cf,debounced_momentum_hysteresis,ETHUSDT,1h,long_only,6,0.04,0.01,6,2.0,0.1,0.2,0.03118522781957145,0.008950479949770829,0.001471127948041051,0.03486845897499946,0.013876625076134408,0.002535678770948291,0.8367213314465796,0.9470926062529803,1.227036345079183,116,32,6,413,114,18,3.4841961542375084,0.02223474786980062,13.441908542918725,13.98512492151692,12.259399567008757,False,True,False,no_promotion_shadow_or_reject,False,False,False,0,0,locked_oos_trade_event_count_6_below_20;validation_return_0.0090_below_0.02
1227,divtd_debounced_hysteresis_trend_12h_trxusdt_long_only_lb24_e0p02_x0p005_hold24_2p0x_0p1_eed4ab19,debounced_momentum_hysteresis,TRXUSDT,12h,long_only,24,0.02,0.005,24,2.0,0.1,0.2,0.0125581114142157,0.020693962930637744,0.01378928225669962,0.056442684971116264,0.015664719888530354,0.007160510718842494,0.2227675913249887,2.0184631839398754,3.7913617289585817,27,7,5,452,104,73,0.6068490340061069,-0.008135851516422044,23.25576187817722,147.81402093312673,137.8928225669962,False,True,False,no_promotion_shadow_or_reject,False,False,False,0,0,train_trade_event_count_27_below_80;validation_trade_event_count_7_below_30;locked_oos_trade_event_count_5_below_20;train_return_0.0126_below_validation_return_0.0207;train_validation_return_ratio_0.6068_below_1.00
1236,divtd_hysteresis_trend_12h_ethusdt_short_only_lb48_e0p02_x0p005_2p0x_0p1_5861215c,stateful_momentum_hysteresis,ETHUSDT,12h,short_only,48,0.02,0.005,0,2.0,0.1,0.2,0.08348778725993111,0.020613716275890592,0.012324825339681045,0.09866210560443045,0.04528804681372012,0.002796487263417635,0.7290048788919787,0.7782658121974088,3.848668067420686,27,12,3,386,90,11,4.050108488083579,0.06287407098404052,154.60701344431686,85.89048448287745,205.4137556613507,False,True,False,no_promotion_shadow_or_reject,False,False,False,0,0,train_trade_event_count_27_below_80;validation_trade_event_count_12_below_30;locked_oos_trade_event_count_3_below_20
1251,divtd_debounced_hysteresis_trend_12h_trxusdt_long_only_lb24_e0p02_x0p005_hold24_3p0x_0p1_065ee77f,debounced_momentum_hysteresis,TRXUSDT,12h,long_only,24,0.02,0.005,24,3.0,0.1,0.30000000000000004,0.017250813569848367,0.031036321731312766,0.02071525706309596,0.08393026578099105,0.023452710180087655,0.01072852304899885,0.22276759132498858,2.018463183939876,3.791361728958584,27,7,5,452,104,73,0.5558266124185682,-0.0137855081614644,21.2973007035165,147.79200824434648,138.10171375397303,False,True,False,no_promotion_shadow_or_reject,False,False,False,0,0,train_trade_event_count_27_below_80;validation_trade_event_count_7_below_30;locked_oos_trade_event_count_5_below_20;train_return_0.0173_below_validation_return_0.0310;train_validation_return_ratio_0.5558_below_1.00
1302,divtd_hysteresis_trend_12h_ethusdt_short_only_lb48_e0p02_x0p005_4p0x_0p15_53d2132b,stateful_momentum_hysteresis,ETHUSDT,12h,short_only,48,0.02,0.005,0,4.0,0.15,0.6,0.21846885131773464,0.052961333089190266,0.03718243303047397,0.273814960723483,0.13447505175089847,0.008387843736089473,0.7290048788919784,0.7782658121974086,3.8486680674206855,27,12,3,386,90,11,4.125063297591455,0.16550751822854437,134.85731562823128,73.55740706831983,206.56907239152207,False,True,False,no_promotion_shadow_or_reject,False,False,False,0,0,train_trade_event_count_27_below_80;validation_trade_event_count_12_below_30;locked_oos_trade_event_count_3_below_20;validation_mdd_0.1345_above_0.12
1336,divtd_debounced_hysteresis_trend_12h_trxusdt_long_only_lb24_e0p02_x0p005_hold24_4p0x_0p1_f5e3ed17,debounced_momentum_hysteresis,TRXUSDT,12h,long_only,24,0.02,0.005,24,4.0,0.1,0.4,0.0208647400368569,0.04137270781262847,0.027661854946031905,0.11092389194317531,0.03121084002747454,0.014288384021767242,0.2227675913249887,2.0184631839398754,3.7913617289585817,27,7,5,452,104,73,0.5043116861325719,-0.020507967775771574,19.31920373783046,147.75967075938738,138.30927473015953,False,True,False,no_promotion_shadow_or_reject,False,False,False,0,0,train_trade_event_count_27_below_80;validation_trade_event_count_7_below_30;locked_oos_trade_event_count_5_below_20;train_return_0.0209_below_validation_return_0.0414;train_validation_return_ratio_0.5043_below_1.00
1338,divtd_trend_pullback_12h_ethusdt_lb48_0p02_4p0x_0p1_d08da1d2,trend_pullback_reentry,ETHUSDT,12h,long_short,48,0.02,0.0,0,4.0,0.1,0.4,0.09241327573835045,0.01841909187253754,0.022281320252861114,0.0482632601313685,0.04536516143831404,0.015981017683413534,1.1773911173485438,0.6588349538316861,3.091858399266078,42,19,4,91,40,11,5.017254725578334,0.07399418386581291,55.0079022252086,24.23564720070729,139.25825158038197,False,True,False,no_promotion_shadow_or_reject,False,False,False,0,0,train_trade_event_count_42_below_80;validation_trade_event_count_19_below_30;locked_oos_trade_event_count_4_below_20;validation_return_0.0184_below_0.02
1340,divtd_trend_pullback_12h_ethusdt_lb48_0p02_3p0x_0p1_fb50d1cf,trend_pullback_reentry,ETHUSDT,12h,long_short,48,0.02,0.0,0,3.0,0.1,0.30000000000000004,0.0691392688592396,0.01414142210351721,0.016703434811507156,0.03625695998322631,0.0341596470443597,0.012000377047007404,1.1773911173485436,0.6588349538316857,3.0918583992660773,42,19,4,91,40,11,4.889131259439848,0.05499784675572239,54.8724356025711,24.809512462310888,139.19529009589294,False,True,False,no_promotion_shadow_or_reject,False,False,False,0,0,train_trade_event_count_42_below_80;validation_trade_event_count_19_below_30;locked_oos_trade_event_count_4_below_20;validation_return_0.0141_below_0.02
1344,divtd_trend_pullback_12h_ethusdt_lb48_0p02_3p0x_0p15_80c2562e,trend_pullback_reentry,ETHUSDT,12h,long_short,48,0.02,0.0,0,3.0,0.15,0.44999999999999996,0.10408501126568082,0.020474371127737978,0.025072046304888795,0.05425044857166916,0.05093424345930864,0.017967690638680867,1.1773911173485436,0.6588349538316852,3.0918583992660773,42,19,4,91,40,11,5.0836731744434385,0.08361064013794284,55.07143453210625,23.94663289793916,139.2891461382711,False,True,False,no_promotion_shadow_or_reject,False,False,False,0,0,train_trade_event_count_42_below_80;validation_trade_event_count_19_below_30;locked_oos_trade_event_count_4_below_20
1348,divtd_trend_pullback_12h_ethusdt_lb48_0p02_2p0x_0p1_329e4fab,trend_pullback_reentry,ETHUSDT,12h,long_short,48,0.02,0.0,0,2.0,0.1,0.2,0.045969809831793995,0.009643526613339226,0.011130461709723649,0.0242096853705015,0.022863934564118726,0.00801000109732719,1.1773911173485438,0.6588349538316861,3.091858399266078,42,19,4,91,40,11,4.7669085880062925,0.03632628321845477,54.725964085469045,25.377701614050594,139.1307713715456,False,True,False,no_promotion_shadow_or_reject,False,False,False,0,0,train_trade_event_count_42_below_80;validation_trade_event_count_19_below_30;locked_oos_trade_event_count_4_below_20;validation_return_0.0096_below_0.02
1376,divtd_hysteresis_trend_12h_trxusdt_long_only_lb48_e0p01_x0p0_2p0x_0p1_2e0d55f3,stateful_momentum_hysteresis,TRXUSDT,12h,long_only,48,0.01,0.0,0,2.0,0.1,0.2,0.012955815336168852,0.02978739141506348,0.02405569992922274,0.05362485205807288,0.015849732746210377,0.007061216840527074,0.27664774001188436,2.6859798415762137,5.854012877401791,34,3,1,322,113,93,0.4349429312436234,-0.016831576078894628,19.052669612013013,496.4565235843912,1202.7849964611369,False,True,False,no_promotion_shadow_or_reject,False,False,False,0,0,train_trade_event_count_34_below_80;validation_trade_event_count_3_below_30;locked_oos_trade_event_count_1_below_20;train_return_0.0130_below_validation_return_0.0298;train_validation_return_ratio_0.4349_below_1.00
1399,divtd_debounced_hysteresis_trend_4h_trxusdt_long_only_lb6_e0p02_x0p005_hold24_3p0x_0p1_4bbaf234,debounced_momentum_hysteresis,TRXUSDT,4h,long_only,6,0.02,0.005,24,3.0,0.1,0.30000000000000004,0.04811654909636154,0.009402267508811901,0.005745934124114838,0.04842079103270236,0.02425803602347565,0.0021262831771057256,0.56720198484776,0.7715344978544235,2.8992380449404673,88,20,2,1119,258,24,5.117547341773271,0.03871428158754964,18.22596556680361,15.670445848019833,95.76556873524729,False,True,False,no_promotion_shadow_or_reject,False,False,False,0,0,validation_trade_event_count_20_below_30;locked_oos_trade_event_count_2_below_20;validation_return_0.0094_below_0.02
1400,divtd_debounced_hysteresis_trend_4h_trxusdt_long_only_lb6_e0p02_x0p005_hold24_2p0x_0p1_b434cc24,debounced_momentum_hysteresis,TRXUSDT,4h,long_only,6,0.02,0.005,24,2.0,0.1,0.2,0.03275557377184879,0.0063298362667219,0.0038303975539419888,0.03249658724697024,0.01621451960617082,0.0014178421594086554,0.5672019848477596,0.7715344978544235,2.899238044940467,88,20,2,1119,258,24,5.174790056427837,0.02642573750512689,18.61112146127772,15.824590666804749,95.75993884854971,False,True,False,no_promotion_shadow_or_reject,False,False,False,0,0,validation_trade_event_count_20_below_30;locked_oos_trade_event_count_2_below_20;validation_return_0.0063_below_0.02
1403,divtd_debounced_hysteresis_trend_4h_trxusdt_long_only_lb6_e0p02_x0p005_hold24_4p0x_0p1_0fb96761,debounced_momentum_hysteresis,TRXUSDT,4h,long_only,6,0.02,0.005,24,4.0,0.1,0.4,0.06274742280304668,0.0124121409552862,0.007661682623267385,0.06413190113696554,0.03225906218959296,0.0028344042649416368,0.5672019848477596,0.7715344978544235,2.899238044940467,88,20,2,1119,258,24,5.055326315507497,0.05033528184776048,17.82597238722917,15.515176194107749,95.7710327908423,False,True,False,no_promotion_shadow_or_reject,False,False,False,0,0,validation_trade_event_count_20_below_30;locked_oos_trade_event_count_2_below_20;validation_return_0.0124_below_0.02
1408,divtd_debounced_hysteresis_trend_4h_trxusdt_long_only_lb6_e0p02_x0p005_hold24_3p0x_0p15_a16b2ad3,debounced_momentum_hysteresis,TRXUSDT,4h,long_only,6,0.02,0.005,24,3.0,0.15,0.44999999999999996,0.06977729251358844,0.013893411186361115,0.008619633231820023,0.07190823581392347,0.03624364347367992,0.00318834486128583,0.5672019848477599,0.771534497854424,2.899238044940467,88,20,2,1119,258,24,5.0223297631964865,0.055883881327227325,17.620528412522336,15.437123540401238,95.77370257577805,False,True,False,no_promotion_shadow_or_reject,False,False,False,0,0,validation_trade_event_count_20_below_30;locked_oos_trade_event_count_2_below_20;validation_return_0.0139_below_0.02
1432,divtd_debounced_hysteresis_trend_12h_trxusdt_long_only_lb24_e0p02_x0p005_hold24_3p0x_0p15_a8880789,debounced_momentum_hysteresis,TRXUSDT,12h,long_only,24,0.02,0.005,24,3.0,0.15,0.44999999999999996,0.022263364061127167,0.04653797649639935,0.031142824201308317,0.12423454611570972,0.035078642803546334,0.016065260250186175,0.22276759132498844,2.018463183939876,3.7913617289585835,27,7,5,452,104,73,0.4783913211793746,-0.02427461243527218,18.32375642891125,147.7396079250773,138.41255200581475,False,True,False,no_promotion_shadow_or_reject,False,False,False,0,0,train_trade_event_count_27_below_80;validation_trade_event_count_7_below_30;locked_oos_trade_event_count_5_below_20;train_return_0.0223_below_validation_return_0.0465;train_validation_return_ratio_0.4784_below_1.00
1449,divtd_hysteresis_trend_12h_trxusdt_long_only_lb48_e0p01_x0p0_3p0x_0p1_8dc950b0,stateful_momentum_hysteresis,TRXUSDT,12h,long_only,48,0.01,0.0,0,3.0,0.1,0.30000000000000004,0.018494303736149353,0.044818588881576193,0.036247377064177355,0.07951253409929881,0.02372513702108059,0.010580110065508741,0.2766477400118845,2.6859798415762133,5.8540128774017886,34,3,1,322,113,93,0.4126480596034986,-0.02632428514542684,18.131670329558187,497.98432090640205,1208.2459021392451,False,True,False,no_promotion_shadow_or_reject,False,False,False,0,0,train_trade_event_count_34_below_80;validation_trade_event_count_3_below_30;locked_oos_trade_event_count_1_below_20;train_return_0.0185_below_validation_return_0.0448;train_validation_return_ratio_0.4126_below_1.00
1508,divtd_hysteresis_trend_12h_bnbusdt_long_only_lb12_e0p02_x0p005_2p0x_0p1_59df4abd,stateful_momentum_hysteresis,BNBUSDT,12h,long_only,12,0.02,0.005,0,2.0,0.1,0.2,0.02790531523407691,0.0029726650280204048,0.0027764987740268587,0.07097813642683137,0.012395289880570926,0.009462594562155924,0.43364602271592684,0.3545606912550092,0.45454605847785595,59,12,10,290,62,48,9.387305657058837,0.024932650206056506,23.648572232268567,12.386104283418351,13.882493870134294,False,True,False,no_promotion_shadow_or_reject,False,False,False,0,0,train_trade_event_count_59_below_80;validation_trade_event_count_12_below_30;locked_oos_trade_event_count_10_below_20;validation_return_0.0030_below_0.02
1542,divtd_hysteresis_trend_12h_trxusdt_long_only_lb48_e0p01_x0p0_4p0x_0p1_099ffc1e,stateful_momentum_hysteresis,TRXUSDT,12h,long_only,48,0.01,0.0,0,4.0,0.1,0.4,0.023392345836447115,0.059938375476431105,0.04854896174366008,0.10479882025160747,0.03156739413715859,0.014091202262219715,0.27664774001188436,2.6859798415762137,5.854012877401791,34,3,1,322,113,93,0.390273270680241,-0.03654602963998399,17.200254291505228,499.48646230359253,1213.7240435915019,False,True,False,no_promotion_shadow_or_reject,False,False,False,0,0,train_trade_event_count_34_below_80;validation_trade_event_count_3_below_30;locked_oos_trade_event_count_1_below_20;train_return_0.0234_below_validation_return_0.0599;train_validation_return_ratio_0.3903_below_1.00
1552,divtd_hysteresis_trend_12h_bnbusdt_long_only_lb12_e0p02_x0p005_3p0x_0p1_7abdabdc,stateful_momentum_hysteresis,BNBUSDT,12h,long_only,12,0.02,0.005,0,3.0,0.1,0.30000000000000004,0.04028906928235787,0.0043444122658309325,0.004045943730093482,0.10497792881856016,0.018549415523087864,0.01417731429290936,0.433646022715927,0.3545606912550089,0.45454605847785573,59,12,10,290,62,48,9.273767501126414,0.03594465701652694,22.76218603523043,12.067811849530367,13.486479100311605,False,True,False,no_promotion_shadow_or_reject,False,False,False,0,0,train_trade_event_count_59_below_80;validation_trade_event_count_12_below_30;locked_oos_trade_event_count_10_below_20;validation_return_0.0043_below_0.02
1589,divtd_debounced_hysteresis_trend_1h_ethusdt_short_only_lb12_e0p02_x0p005_hold6_3p0x_0p1_40c39351,debounced_momentum_hysteresis,ETHUSDT,1h,short_only,12,0.02,0.005,6,3.0,0.1,0.30000000000000004,0.06087166785114184,0.024780628228117996,0.005242127298772825,0.1075773910130714,0.07370466907232665,0.009024229706353415,0.5169741080025843,0.8388135415983019,0.7945758463143104,358,94,34,2201,597,214,2.4564214954838066,0.036091039623023846,5.667753058765534,8.787456818481559,5.139340488992965,True,False,False,train_dominant_shadow_until_execution_efficiency,False,False,False,0,0,train_return_per_turnover_proxy_bps_5.668_not_above_10.000;validation_return_per_turnover_proxy_bps_8.787_not_above_10.000;locked_oos_return_per_turnover_proxy_bps_5.139_not_above_10.000
1622,divtd_hysteresis_trend_12h_bnbusdt_long_only_lb12_e0p02_x0p005_4p0x_0p1_7ffb8521,stateful_momentum_hysteresis,BNBUSDT,12h,long_only,12,0.02,0.005,0,4.0,0.1,0.4,0.05156575576619704,0.00563939569919758,0.005235871740720155,0.1380114966638809,0.024704185902369558,0.01888098232344615,0.43364602271592684,0.3545606912550092,0.45454605847785595,59,12,10,290,62,48,9.143844219609248,0.04592636006699946,21.84989651110044,11.748741039994956,13.089679351800388,False,True,False,no_promotion_shadow_or_reject,False,False,False,0,0,train_trade_event_count_59_below_80;validation_trade_event_count_12_below_30;locked_oos_trade_event_count_10_below_20;validation_return_0.0056_below_0.02
1626,divtd_hysteresis_trend_12h_trxusdt_long_only_lb48_e0p01_x0p0_3p0x_0p15_80c9e0f6,stateful_momentum_hysteresis,TRXUSDT,12h,long_only,48,0.01,0.0,0,3.0,0.15,0.44999999999999996,0.02559828877492687,0.06753074493412603,0.05474112961913158,0.11721993014390619,0.035476053097646676,0.01584382511083582,0.27664774001188447,2.685979841576214,5.8540128774017886,34,3,1,322,113,93,0.37906125276564234,-0.04193245615919916,16.730907696030634,500.22774025278545,1216.4695470918132,False,True,False,no_promotion_shadow_or_reject,False,False,False,0,0,train_trade_event_count_34_below_80;validation_trade_event_count_3_below_30;locked_oos_trade_event_count_1_below_20;train_return_0.0256_below_validation_return_0.0675;train_validation_return_ratio_0.3791_below_1.00
1633,divtd_vol_contraction_breakout_4h_solusdt_long_only_lb48_2p0x_0p1_2a5810b0,volatility_contraction_breakout,SOLUSDT,4h,long_only,48,0.35,0.0,0,2.0,0.1,0.2,0.041065129650782906,0.0015741069833987709,0.009294971339682156,0.03786832832750664,0.014694628998304093,0.0162266185783263,0.827164487625847,0.1928718172778641,1.483536782263061,16,4,2,313,77,47,26.087889885423255,0.039491022667384135,128.32853015869657,19.676337292484636,232.3742834920539,False,True,False,no_promotion_shadow_or_reject,False,False,False,0,0,train_trade_event_count_16_below_80;validation_trade_event_count_4_below_30;locked_oos_trade_event_count_2_below_20;validation_return_0.0016_below_0.02
1653,divtd_hysteresis_trend_12h_bnbusdt_long_only_lb12_e0p02_x0p005_3p0x_0p15_b827a3ed,stateful_momentum_hysteresis,BNBUSDT,12h,long_only,12,0.02,0.005,0,3.0,0.15,0.44999999999999996,0.05677565636191417,0.006258019148160043,0.005800949234499253,0.15417211952169596,0.02778066444686378,0.021228671951133316,0.43364602271592684,0.35456069125500944,0.45454605847785595,59,12,10,290,62,48,9.072464468026935,0.05051763721375413,21.384428008253927,11.588924348444527,12.89099829888723,False,True,False,no_promotion_shadow_or_reject,False,False,False,0,0,train_trade_event_count_59_below_80;validation_trade_event_count_12_below_30;locked_oos_trade_event_count_10_below_20;validation_return_0.0063_below_0.02
1691,divtd_debounced_hysteresis_trend_1h_ethusdt_short_only_lb12_e0p02_x0p005_hold6_4p0x_0p1_4f1ab912,debounced_momentum_hysteresis,ETHUSDT,1h,short_only,12,0.02,0.005,6,4.0,0.1,0.4,0.07789931072427336,0.03224395540533531,0.0069143985559747545,0.1423220785513507,0.09731526784532152,0.012020837760089775,0.5169741080025845,0.8388135415983027,0.7945758463143098,358,94,34,2201,597,214,2.4159353201246394,0.04565535531893805,5.439896000298419,8.575520054610454,5.084116585275554,True,False,False,train_dominant_shadow_until_execution_efficiency,False,False,False,0,0,train_return_per_turnover_proxy_bps_5.440_not_above_10.000;validation_return_per_turnover_proxy_bps_8.576_not_above_10.000;locked_oos_return_per_turnover_proxy_bps_5.084_not_above_10.000
1694,divtd_debounced_hysteresis_trend_12h_bnbusdt_long_only_lb24_e0p02_x0p005_hold12_2p0x_0p1_9ec586db,debounced_momentum_hysteresis,BNBUSDT,12h,long_only,24,0.02,0.005,12,2.0,0.1,0.2,0.03324581835332596,0.0035005417350364443,0.002205411431904114,0.06647223785461043,0.022029813795017228,0.011520861287010686,0.460863917253827,0.3403395385077819,0.4008128005582996,29,4,3,364,77,51,9.497335232593603,0.029745276618289518,57.32037647125165,43.75677168795555,36.756857198401896,False,True,False,no_promotion_shadow_or_reject,False,False,False,0,0,train_trade_event_count_29_below_80;validation_trade_event_count_4_below_30;locked_oos_trade_event_count_3_below_20;validation_return_0.0035_below_0.02
1695,divtd_debounced_hysteresis_trend_12h_bnbusdt_long_only_lb24_e0p02_x0p005_hold24_2p0x_0p1_51f1135f,debounced_momentum_hysteresis,BNBUSDT,12h,long_only,24,0.02,0.005,24,2.0,0.1,0.2,0.04142570423805969,0.0035005417350364443,0.002205411431904114,0.054419808289856264,0.022029813795017228,0.011520861287010686,0.5503254548417609,0.3403395385077819,0.4008128005582996,23,4,3,393,77,51,11.83408380006885,0.037925162503023246,90.05587877839062,43.75677168795555,36.756857198401896,False,True,False,no_promotion_shadow_or_reject,False,False,False,0,0,train_trade_event_count_23_below_80;validation_trade_event_count_4_below_30;locked_oos_trade_event_count_3_below_20;validation_return_0.0035_below_0.02
1766,divtd_debounced_hysteresis_trend_1h_ethusdt_short_only_lb12_e0p02_x0p005_hold6_3p0x_0p15_007194b1,debounced_momentum_hysteresis,ETHUSDT,1h,short_only,12,0.02,0.005,6,3.0,0.15,0.44999999999999996,0.0857502386236495,0.03582057736270294,0.007736367197481719,0.15946297846914204,0.10894396225762382,0.013516992273552741,0.5169741080025843,0.8388135415983015,0.7945758463143098,358,94,34,2201,597,214,2.3938820906034377,0.049929661260946556,5.322795693584699,8.468221598747741,5.056449148680863,True,False,False,train_dominant_shadow_until_execution_efficiency,False,False,False,0,0,train_return_per_turnover_proxy_bps_5.323_not_above_10.000;validation_return_per_turnover_proxy_bps_8.468_not_above_10.000;locked_oos_return_per_turnover_proxy_bps_5.056_not_above_10.000
1796,divtd_hysteresis_trend_12h_bnbusdt_long_only_lb12_e0p02_x0p005_4p0x_0p15_5323d711,stateful_momentum_hysteresis,BNBUSDT,12h,long_only,12,0.02,0.005,0,4.0,0.15,0.6,0.07063261773052254,0.00799804816709071,0.007376336337997946,0.20125868019226856,0.03699390613155251,0.02825516328387012,0.4336460227159267,0.35456069125500944,0.45454605847785584,59,12,10,290,62,48,8.831231852435211,0.06263456956343183,19.95271687302897,11.108400232070432,12.293893896663244,False,True,False,no_promotion_shadow_or_reject,False,False,False,0,0,train_trade_event_count_59_below_80;validation_trade_event_count_12_below_30;locked_oos_trade_event_count_10_below_20;validation_return_0.0080_below_0.02
1804,divtd_vol_contraction_breakout_4h_solusdt_long_only_lb48_3p0x_0p1_deb286a3,volatility_contraction_breakout,SOLUSDT,4h,long_only,48,0.35,0.0,0,3.0,0.1,0.30000000000000004,0.06122565903224508,0.0022383890335657686,0.013855110146012706,0.05638722883017899,0.022039410811299343,0.02427999781931489,0.8271644876258472,0.19287181727786393,1.4835367822630614,16,4,2,313,77,47,27.352554946497484,0.058987269998679315,127.55345631717724,18.653241946381403,230.91850243354506,False,True,False,no_promotion_shadow_or_reject,False,False,False,0,0,train_trade_event_count_16_below_80;validation_trade_event_count_4_below_30;locked_oos_trade_event_count_2_below_20;validation_return_0.0022_below_0.02
1805,divtd_debounced_hysteresis_trend_12h_btcusdt_long_only_lb24_e0p02_x0p005_hold12_2p0x_0p1_be1bb8b4,debounced_momentum_hysteresis,BTCUSDT,12h,long_only,24,0.02,0.005,12,2.0,0.1,0.2,0.007757651531246079,0.002804655777195908,0.0125531596079127,0.05117587567171156,0.02357868710597144,0.010928418050592414,0.17943563772667787,0.2432268085960171,1.7223210562447262,25,6,4,323,86,74,2.7659906054504027,0.004952995754050171,15.51530306249216,23.372131476632564,156.91449509890876,False,True,False,no_promotion_shadow_or_reject,False,False,False,0,0,train_trade_event_count_25_below_80;validation_trade_event_count_6_below_30;locked_oos_trade_event_count_4_below_20;validation_return_0.0028_below_0.02
1856,divtd_hysteresis_trend_6h_ethusdt_long_only_lb48_e0p01_x0p0_2p0x_0p1_f636a249,stateful_momentum_hysteresis,ETHUSDT,6h,long_only,48,0.01,0.0,0,2.0,0.1,0.2,0.018559869350534886,0.00330082745673721,0.0037116818303402077,0.09024037403907414,0.026488736275058766,0.0279100137783328,0.2513745797803469,0.21944241354365498,0.40529797091639297,68,12,12,618,162,105,5.62279294928093,0.015259041893797676,13.646962757746238,13.75344773640504,15.465340959750863,False,True,False,no_promotion_shadow_or_reject,False,False,False,0,0,train_trade_event_count_68_below_80;validation_trade_event_count_12_below_30;locked_oos_trade_event_count_12_below_20;validation_return_0.0033_below_0.02
1918,divtd_debounced_hysteresis_trend_12h_bnbusdt_long_only_lb24_e0p02_x0p005_hold12_3p0x_0p1_20ee6c5e,debounced_momentum_hysteresis,BNBUSDT,12h,long_only,24,0.02,0.005,12,3.0,0.1,0.30000000000000004,0.047913909609480054,0.005072322150796671,0.0032108819944955957,0.09833148871049346,0.032922195724027326,0.017262634558179113,0.46086391725382664,0.34033953850778137,0.40081280055829965,29,4,3,364,77,51,9.446148762841213,0.04284158745868338,55.07345932124144,42.26935125663892,35.67646660550661,False,True,False,no_promotion_shadow_or_reject,False,False,False,0,0,train_trade_event_count_29_below_80;validation_trade_event_count_4_below_30;locked_oos_trade_event_count_3_below_20;validation_return_0.0051_below_0.02
1919,divtd_debounced_hysteresis_trend_12h_bnbusdt_long_only_lb24_e0p02_x0p005_hold24_3p0x_0p1_11931def,debounced_momentum_hysteresis,BNBUSDT,12h,long_only,24,0.02,0.005,24,3.0,0.1,0.30000000000000004,0.06025615421703723,0.005072322150796671,0.0032108819944955957,0.08076307166728136,0.032922195724027326,0.017262634558179113,0.5503254548417607,0.34033953850778137,0.40081280055829965,23,4,3,393,77,51,11.879402061947753,0.05518383206624056,87.32775973483655,42.26935125663892,35.67646660550661,False,True,False,no_promotion_shadow_or_reject,False,False,False,0,0,train_trade_event_count_23_below_80;validation_trade_event_count_4_below_30;locked_oos_trade_event_count_3_below_20;validation_return_0.0051_below_0.02
2011,divtd_vol_contraction_breakout_4h_solusdt_long_only_lb48_4p0x_0p1_255e3af4,volatility_contraction_breakout,SOLUSDT,4h,long_only,48,0.35,0.0,0,4.0,0.1,0.4,0.081098487265856,0.0028205931877705037,0.018355727091858398,0.0746319455658957,0.02938154051114361,0.032293482691034936,0.827164487625847,0.1928718172778641,1.483536782263061,16,4,2,313,77,47,28.75228076756404,0.0782778940780855,126.71638635289999,17.628707423565647,229.44658864822998,False,True,False,no_promotion_shadow_or_reject,False,False,False,0,0,train_trade_event_count_16_below_80;validation_trade_event_count_4_below_30;locked_oos_trade_event_count_2_below_20;validation_return_0.0028_below_0.02
2059,divtd_debounced_hysteresis_trend_4h_solusdt_short_only_lb12_e0p02_x0p005_hold24_2p0x_0p1_3944a0aa,debounced_momentum_hysteresis,SOLUSDT,4h,short_only,12,0.02,0.005,24,2.0,0.1,0.2,0.12001791593973432,0.013791787420864177,0.0072028444146743364,0.0843198849946446,0.05953072230396106,0.023535323176902878,0.9018673640386432,0.5212786115014879,0.8708229930759895,103,29,11,1404,357,151,8.702129193071201,0.10622612851887014,58.261124242589474,23.778943829076162,32.74020188488335,False,True,False,no_promotion_shadow_or_reject,False,False,False,0,0,validation_trade_event_count_29_below_30;locked_oos_trade_event_count_11_below_20;validation_return_0.0138_below_0.02
2107,divtd_hysteresis_trend_12h_trxusdt_long_only_lb48_e0p01_x0p0_4p0x_0p15_abb4ecdf,stateful_momentum_hysteresis,TRXUSDT,12h,long_only,48,0.01,0.0,0,4.0,0.15,0.6,0.031231632766840267,0.09043408434030864,0.07348389830753521,0.15361167227086114,0.047151966651005406,0.021090010920932656,0.27664774001188447,2.6859798415762137,5.854012877401788,34,3,1,322,113,93,0.3453524519506809,-0.05920245157346837,15.309623905313858,502.41157966838136,1224.73163845892,False,True,False,no_promotion_shadow_or_reject,False,False,False,0,0,train_trade_event_count_34_below_80;validation_trade_event_count_3_below_30;locked_oos_trade_event_count_1_below_20;train_return_0.0312_below_validation_return_0.0904;train_validation_return_ratio_0.3454_below_1.00
2121,divtd_debounced_hysteresis_trend_12h_btcusdt_long_only_lb24_e0p02_x0p005_hold12_3p0x_0p1_90babe45,debounced_momentum_hysteresis,BTCUSDT,12h,long_only,24,0.02,0.005,12,3.0,0.1,0.30000000000000004,0.010710995791702205,0.003956083455875614,0.018727740992227515,0.07604813592405002,0.035267743595629564,0.016381863914405437,0.1794356377266774,0.24322680859601714,1.7223210562447255,25,6,4,323,86,74,2.707474680746213,0.0067549123358265906,14.281327722269603,21.978241421531187,156.0645082685626,False,True,False,no_promotion_shadow_or_reject,False,False,False,0,0,train_trade_event_count_25_below_80;validation_trade_event_count_6_below_30;locked_oos_trade_event_count_4_below_20;validation_return_0.0040_below_0.02
2123,divtd_vol_contraction_breakout_4h_solusdt_long_only_lb48_3p0x_0p15_d2d4a466,volatility_contraction_breakout,SOLUSDT,4h,long_only,48,0.35,0.0,0,3.0,0.15,0.44999999999999996,0.09091770340397187,0.0030808684888319338,0.020583414570241265,0.08365212285118184,0.033051387083009254,0.036285278934678145,0.8271644876258468,0.1928718172778643,1.4835367822630623,16,4,2,313,77,47,29.510413616662355,0.08783683491513994,126.27458806107205,17.1159360490663,228.70460633601408,False,True,False,no_promotion_shadow_or_reject,False,False,False,0,0,train_trade_event_count_16_below_80;validation_trade_event_count_4_below_30;locked_oos_trade_event_count_2_below_20;validation_return_0.0031_below_0.02
2169,divtd_debounced_hysteresis_trend_6h_solusdt_long_short_lb6_e0p02_x0p005_hold6_3p0x_0p1_c4685191,debounced_momentum_hysteresis,SOLUSDT,6h,long_short,6,0.02,0.005,6,3.0,0.1,0.30000000000000004,0.1946052506069198,0.022749188510859053,0.00012599268609303493,0.12026568623193656,0.08590989729476894,0.046476495485359814,0.8763659543223987,0.5828964835216447,0.06788873250877023,240,58,29,1175,269,115,8.554382083300567,0.17185606209606075,27.028507028738854,13.07424627060865,0.1448191794172815,True,False,False,train_dominant_shadow_until_execution_efficiency,False,False,False,0,0,locked_oos_return_per_turnover_proxy_bps_0.145_not_above_10.000
2183,divtd_debounced_hysteresis_trend_12h_bnbusdt_long_only_lb24_e0p02_x0p005_hold12_4p0x_0p1_dea1bc73,debounced_momentum_hysteresis,BNBUSDT,12h,long_only,24,0.02,0.005,12,4.0,0.1,0.4,0.061187783350934,0.006524478259990474,0.004151304645085174,0.1292988514493495,0.04373300867966845,0.02299175873553083,0.460863917253827,0.3403395385077819,0.4008128005582996,29,4,3,364,77,51,9.378187942804692,0.054663305090943526,52.74808909563275,40.77798912494046,34.594205375709784,False,True,False,no_promotion_shadow_or_reject,False,False,False,0,0,train_trade_event_count_29_below_80;validation_trade_event_count_4_below_30;locked_oos_trade_event_count_3_below_20;validation_return_0.0065_below_0.02
2184,divtd_debounced_hysteresis_trend_12h_bnbusdt_long_only_lb24_e0p02_x0p005_hold24_4p0x_0p1_ceb2e98f,debounced_momentum_hysteresis,BNBUSDT,12h,long_only,24,0.02,0.005,24,4.0,0.1,0.4,0.07771394081183858,0.006524478259990474,0.004151304645085174,0.10654011388890017,0.04373300867966845,0.02299175873553083,0.5503254548417609,0.3403395385077819,0.4008128005582996,23,4,3,393,77,51,11.911134916089374,0.0711894625518481,84.4716747954767,40.77798912494046,34.594205375709784,False,True,False,no_promotion_shadow_or_reject,False,False,False,0,0,train_trade_event_count_23_below_80;validation_trade_event_count_4_below_30;locked_oos_trade_event_count_3_below_20;validation_return_0.0065_below_0.02
2242,divtd_hysteresis_trend_6h_ethusdt_long_only_lb48_e0p01_x0p0_3p0x_0p1_1e5f211f,stateful_momentum_hysteresis,ETHUSDT,6h,long_only,48,0.01,0.0,0,3.0,0.1,0.30000000000000004,0.024944142104110334,0.004463077781728941,0.005273817150007742,0.13295973788370086,0.039528115134546904,0.04165886854104439,0.2513745797803469,0.21944241354365535,0.4052979709163923,68,12,12,618,162,105,5.589000085597272,0.020481064322381393,12.227520639269772,12.39743828258039,14.649492083354838,False,True,False,no_promotion_shadow_or_reject,False,False,False,0,0,train_trade_event_count_68_below_80;validation_trade_event_count_12_below_30;locked_oos_trade_event_count_12_below_20;validation_return_0.0045_below_0.02
2264,divtd_debounced_hysteresis_trend_4h_bnbusdt_long_short_lb24_e0p02_x0p005_hold24_2p0x_0p1_f06cd2ac,debounced_momentum_hysteresis,BNBUSDT,4h,long_short,24,0.02,0.005,24,2.0,0.1,0.2,0.026755980371433452,0.012095625293957024,0.005864467009286445,0.06171698568796091,0.06017475402883188,0.02536708240775487,0.31250535122985335,0.5785699375376863,0.7412480406109593,108,28,16,1857,493,217,2.212037800542709,0.014660355077476428,12.387027949737709,21.599330882066113,18.326459404020138,False,True,False,no_promotion_shadow_or_reject,False,False,False,0,0,validation_trade_event_count_28_below_30;locked_oos_trade_event_count_16_below_20;validation_return_0.0121_below_0.02
2299,divtd_range_zscore_reversion_12h_solusdt_lb72_2p0_2p0x_0p1_8d8b3ec5,range_zscore_mean_reversion,SOLUSDT,12h,long_short,72,2.0,0.1,0,2.0,0.1,0.2,0.013724290863586841,0.02143831100672955,0.028809017137922943,0.09732180068103302,0.05773101168962702,0.01944308701510522,0.16873426244167095,0.8041795637914889,2.732036062585342,15,8,4,433,93,43,0.64017593826672,-0.007714020143142708,45.74763621195614,133.98944379205966,360.1127142240368,False,True,False,no_promotion_shadow_or_reject,False,False,False,0,0,train_trade_event_count_15_below_80;validation_trade_event_count_8_below_30;locked_oos_trade_event_count_4_below_20;train_return_0.0137_below_validation_return_0.0214;train_validation_return_ratio_0.6402_below_1.00
2322,divtd_debounced_hysteresis_trend_12h_bnbusdt_long_only_lb24_e0p02_x0p005_hold12_3p0x_0p15_e3886180,debounced_momentum_hysteresis,BNBUSDT,12h,long_only,24,0.02,0.005,12,3.0,0.15,0.44999999999999996,0.06728221273790291,0.007205563236739154,0.004597074394071754,0.14445408394445314,0.049107856303780895,0.025851528606516183,0.460863917253827,0.34033953850778137,0.4008128005583002,29,4,3,364,77,51,9.337536917981609,0.06007664950116376,51.55725114015549,40.03090687077308,34.05240291905003,False,True,False,no_promotion_shadow_or_reject,False,False,False,0,0,train_trade_event_count_29_below_80;validation_trade_event_count_4_below_30;locked_oos_trade_event_count_3_below_20;validation_return_0.0072_below_0.02
2323,divtd_debounced_hysteresis_trend_12h_bnbusdt_long_only_lb24_e0p02_x0p005_hold24_3p0x_0p15_b4f0d306,debounced_momentum_hysteresis,BNBUSDT,12h,long_only,24,0.02,0.005,24,3.0,0.15,0.44999999999999996,0.08590198027371398,0.007205563236739154,0.004597074394071754,0.11921898491945904,0.049107856303780895,0.025851528606516183,0.550325454841761,0.34033953850778137,0.4008128005583002,23,4,3,393,77,51,11.921619095051971,0.07869641703697483,82.99708239006182,40.03090687077308,34.05240291905003,False,True,False,no_promotion_shadow_or_reject,False,False,False,0,0,train_trade_event_count_23_below_80;validation_trade_event_count_4_below_30;locked_oos_trade_event_count_3_below_20;validation_return_0.0072_below_0.02
2461,divtd_debounced_hysteresis_trend_12h_btcusdt_long_only_lb24_e0p02_x0p005_hold12_4p0x_0p1_2b45cdae,debounced_momentum_hysteresis,BTCUSDT,12h,long_only,24,0.02,0.005,12,4.0,0.1,0.4,0.013039499766706042,0.004939620208698203,0.024832360667033315,0.1004481365331249,0.04688874601681481,0.02182785696888745,0.17943563772667787,0.2432268085960171,1.7223210562447262,25,6,4,323,86,74,2.63977779986905,0.008099879558007839,13.03949976670604,20.581750869575842,155.2022541689582,False,True,False,no_promotion_shadow_or_reject,False,False,False,0,0,train_trade_event_count_25_below_80;validation_trade_event_count_6_below_30;locked_oos_trade_event_count_4_below_20;validation_return_0.0049_below_0.02
2585,divtd_debounced_hysteresis_trend_4h_solusdt_short_only_lb12_e0p02_x0p005_hold24_3p0x_0p1_fa4fad04,debounced_momentum_hysteresis,SOLUSDT,4h,short_only,12,0.02,0.005,24,3.0,0.1,0.30000000000000004,0.17715320514793187,0.01939364974400859,0.010606557911382763,0.12456113480171227,0.088567809581932,0.035209473571345073,0.901867364038643,0.5212786115014872,0.8708229930759895,103,29,11,1404,357,151,9.134598566350874,0.15775955540392328,57.3311343520815,22.291551429894927,32.141084579947766,False,True,False,no_promotion_shadow_or_reject,False,False,False,0,0,validation_trade_event_count_29_below_30;locked_oos_trade_event_count_11_below_20;validation_return_0.0194_below_0.02
2614,divtd_range_zscore_reversion_6h_ethusdt_lb48_2p0_2p0x_0p1_e189ac8f,range_zscore_mean_reversion,ETHUSDT,6h,long_short,48,2.0,0.1,0,2.0,0.1,0.2,0.030111055631346417,0.013575922926380768,0.001953269090011478,0.11160585438545145,0.0740430324236615,0.023327178514316538,0.31665129950079335,0.5249090004685283,0.26431554599798057,58,16,7,803,188,81,2.2179748511119297,0.01653513270496565,25.957806578746904,42.42475914493989,13.951922071510555,False,True,False,no_promotion_shadow_or_reject,False,False,False,0,0,train_trade_event_count_58_below_80;validation_trade_event_count_16_below_30;locked_oos_trade_event_count_7_below_20;validation_return_0.0136_below_0.02
2618,divtd_hysteresis_trend_6h_ethusdt_long_only_lb48_e0p01_x0p0_4p0x_0p1_9f946d5d,stateful_momentum_hysteresis,ETHUSDT,6h,long_only,48,0.01,0.0,0,4.0,0.1,0.4,0.02934920038537414,0.00529898473255197,0.006640382568555481,0.1741198478633944,0.052432059064806524,0.055270707790817664,0.2513745797803469,0.21944241354365498,0.40529797091639297,68,12,12,618,162,105,5.538645960815909,0.02405021565282217,10.7901472005052,11.039551526149937,13.834130351157249,False,True,False,no_promotion_shadow_or_reject,False,False,False,0,0,train_trade_event_count_68_below_80;validation_trade_event_count_12_below_30;locked_oos_trade_event_count_12_below_20;validation_return_0.0053_below_0.02
2620,divtd_debounced_hysteresis_trend_12h_btcusdt_long_only_lb24_e0p02_x0p005_hold12_3p0x_0p15_8ee25e93,debounced_momentum_hysteresis,BTCUSDT,12h,long_only,24,0.02,0.005,12,3.0,0.15,0.44999999999999996,0.013967980698766258,0.005368310587070546,0.027857979222400298,0.11247222235630971,0.0526734562466723,0.024547994380905824,0.17943563772667775,0.24322680859601678,1.722321056244726,25,6,4,323,86,74,2.6019322973614494,0.008599670111695712,12.415982843347786,19.882631803964987,154.76655123555722,False,True,False,no_promotion_shadow_or_reject,False,False,False,0,0,train_trade_event_count_25_below_80;validation_trade_event_count_6_below_30;locked_oos_trade_event_count_4_below_20;validation_return_0.0054_below_0.02
2785,divtd_debounced_hysteresis_trend_4h_bnbusdt_long_short_lb24_e0p02_x0p005_hold24_3p0x_0p1_12f75d3a,debounced_momentum_hysteresis,BNBUSDT,4h,long_short,24,0.02,0.005,24,3.0,0.1,0.30000000000000004,0.03644834849859757,0.017412185793715507,0.008608597002839558,0.09175287483685846,0.08928155579636332,0.037885741694447916,0.31250535122985323,0.5785699375376853,0.74124804061096,108,28,16,1857,493,217,2.093266688651616,0.019036162704882065,11.249490277344929,20.728792611566075,17.934577089249075,False,True,False,no_promotion_shadow_or_reject,False,False,False,0,0,validation_trade_event_count_28_below_30;locked_oos_trade_event_count_16_below_20;validation_return_0.0174_below_0.02
2815,divtd_hysteresis_trend_6h_ethusdt_long_only_lb48_e0p01_x0p0_3p0x_0p15_921ef332,stateful_momentum_hysteresis,ETHUSDT,6h,long_only,48,0.01,0.0,0,3.0,0.15,0.44999999999999996,0.030802001055804995,0.005594454107258784,0.007250415189761439,0.19412516812406122,0.058888794005446665,0.062025351955344976,0.2513745797803469,0.2194424135436552,0.4052979709163927,68,12,12,618,162,105,5.505809944144418,0.02520754694854621,10.066013416929737,10.360100198627379,13.426694795854518,False,True,False,no_promotion_shadow_or_reject,False,False,False,0,0,train_trade_event_count_68_below_80;validation_trade_event_count_12_below_30;locked_oos_trade_event_count_12_below_20;validation_return_0.0056_below_0.02
3179,divtd_debounced_hysteresis_trend_4h_solusdt_short_only_lb12_e0p02_x0p005_hold24_4p0x_0p1_eeb532c9,debounced_momentum_hysteresis,SOLUSDT,4h,short_only,12,0.02,0.005,24,4.0,0.1,0.4,0.23151450671946128,0.02411429608078941,0.013876926391120703,0.16353570997745115,0.11710586647904986,0.0468197832342665,0.9018673640386432,0.5212786115014879,0.8708229930759895,103,29,11,1404,357,151,9.60071593812339,0.20740021063867187,56.19284143676244,20.788186276542593,31.538469070728866,False,True,False,no_promotion_shadow_or_reject,False,False,False,0,0,validation_trade_event_count_29_below_30;locked_oos_trade_event_count_11_below_20
3353,divtd_debounced_hysteresis_trend_1h_ethusdt_short_only_lb12_e0p02_x0p005_hold12_4p0x_0p1_d0ceb039,debounced_momentum_hysteresis,ETHUSDT,1h,short_only,12,0.02,0.005,12,4.0,0.1,0.4,0.09779150822001448,0.02189710664731548,0.015562459935175132,0.16775124870031288,0.11630126713484779,0.012020837760089775,0.6034435765913607,0.5832937357003268,1.6781672200630386,346,92,34,2544,683,240,4.4659556988550095,0.075894401572699,7.065860420521277,5.9503007193792055,11.442985246452302,True,False,False,train_dominant_shadow_until_execution_efficiency,False,False,False,0,0,train_return_per_turnover_proxy_bps_7.066_not_above_10.000;validation_return_per_turnover_proxy_bps_5.950_not_above_10.000
3367,divtd_range_zscore_reversion_6h_ethusdt_lb48_2p0_3p0x_0p1_db6777bf,range_zscore_mean_reversion,ETHUSDT,6h,long_short,48,2.0,0.1,0,3.0,0.1,0.30000000000000004,0.04039154651633203,0.01913931444464212,0.0027209380555703877,0.16434837857376716,0.10937476394133494,0.03491751595341608,0.3166512995007933,0.5249090004685283,0.26431554599798046,58,16,7,803,188,81,2.110396724666347,0.021252232071689914,23.213532480650592,39.87357175967107,12.956847883668509,False,True,False,no_promotion_shadow_or_reject,False,False,False,0,0,train_trade_event_count_58_below_80;validation_trade_event_count_16_below_30;locked_oos_trade_event_count_7_below_20;validation_return_0.0191_below_0.02
3374,divtd_debounced_hysteresis_trend_4h_bnbusdt_long_short_lb24_e0p02_x0p005_hold24_4p0x_0p1_f5e5420b,debounced_momentum_hysteresis,BNBUSDT,4h,long_short,24,0.02,0.005,24,4.0,0.1,0.4,0.04357800230706821,0.022231376336501185,0.01122603078381923,0.12122990289260138,0.11773965424004662,0.05029457092094658,0.31250535122985335,0.5785699375376863,0.7412480406109593,108,28,16,1857,493,217,1.9602026274692894,0.021346625970567024,10.087500534043567,19.849443157590343,17.540673099717544,False,True,False,no_promotion_shadow_or_reject,False,False,False,0,0,validation_trade_event_count_28_below_30;locked_oos_trade_event_count_16_below_20
3496,divtd_debounced_hysteresis_trend_4h_solusdt_short_only_lb12_e0p02_x0p005_hold24_3p0x_0p15_d9d8448b,debounced_momentum_hysteresis,SOLUSDT,4h,short_only,12,0.02,0.005,24,3.0,0.15,0.44999999999999996,0.2574551603234574,0.0261405992971393,0.015461763344420065,0.18255152424774812,0.1311849216117288,0.05260065720423712,0.9018673640386433,0.5212786115014875,0.8708229930759886,103,29,11,1404,357,151,9.848862200784817,0.2313145610263181,55.54588140743418,20.03111057252054,31.235885544282965,False,True,False,no_promotion_shadow_or_reject,False,False,False,0,0,validation_trade_event_count_29_below_30;locked_oos_trade_event_count_11_below_20;validation_mdd_0.1312_above_0.12
3633,divtd_range_zscore_reversion_12h_solusdt_lb72_2p0_3p0x_0p1_88f114a5,range_zscore_mean_reversion,SOLUSDT,12h,long_short,72,2.0,0.1,0,3.0,0.1,0.30000000000000004,0.014057474676345771,0.031062779816412034,0.04318466992691272,0.1437982489093501,0.08606264697567267,0.029073191825243372,0.16873426244167106,0.8041795637914887,2.7320360625853426,15,8,4,433,93,43,0.4525504400903134,-0.017005305140066262,31.238832614101707,129.42824923505012,359.8722493909393,False,True,False,no_promotion_shadow_or_reject,False,False,False,0,0,train_trade_event_count_15_below_80;validation_trade_event_count_8_below_30;locked_oos_trade_event_count_4_below_20;train_return_0.0141_below_validation_return_0.0311;train_validation_return_ratio_0.4526_below_1.00
4184,divtd_range_zscore_reversion_6h_ethusdt_lb48_2p0_4p0x_0p1_5fdd9cf0,range_zscore_mean_reversion,ETHUSDT,6h,long_short,48,2.0,0.1,0,4.0,0.1,0.4,0.04734170771776802,0.023866483386403514,0.0033480748681746775,0.2150258724641365,0.14361333498229023,0.04645782294035439,0.31665129950079335,0.5249090004685283,0.26431554599798057,58,16,7,803,188,81,1.9836063382818307,0.023475224331364508,20.40590849903794,37.291380291255486,11.95741024348099,False,True,False,no_promotion_shadow_or_reject,False,False,False,0,0,train_trade_event_count_58_below_80;validation_trade_event_count_16_below_30;locked_oos_trade_event_count_7_below_20;validation_mdd_0.1436_above_0.12
4613,divtd_range_zscore_reversion_6h_ethusdt_lb48_2p0_3p0x_0p15_230725ce,range_zscore_mean_reversion,ETHUSDT,6h,long_short,48,2.0,0.1,0,3.0,0.15,0.44999999999999996,0.049544236634294414,0.025912494203953917,0.0036086723586337133,0.23958769679485714,0.1603304145512906,0.052208939815613475,0.3166512995007932,0.5249090004685282,0.26431554599798057,58,16,7,803,188,81,1.9119825457301827,0.023631742430340497,18.982466143407823,35.98957528326933,11.456102725821312,False,True,False,no_promotion_shadow_or_reject,False,False,False,0,0,train_trade_event_count_58_below_80;validation_trade_event_count_16_below_30;locked_oos_trade_event_count_7_below_20;validation_mdd_0.1603_above_0.12
5319,divtd_debounced_hysteresis_trend_2h_dogeusdt_long_short_lb12_e0p02_x0p005_hold12_3p0x_0p15_a9a6b467,debounced_momentum_hysteresis,DOGEUSDT,2h,long_short,12,0.02,0.005,12,3.0,0.15,0.44999999999999996,0.07781354984003741,0.3458328953710983,0.0,0.19951649203294775,0.04850376973075865,0.0,0.38628193373092345,5.182374538031267,0.0,381,61,0,3740,640,0,0.22500332062552655,-0.2680193455310609,4.538556421116209,125.98648283100123,,False,False,False,no_promotion_shadow_or_reject,False,False,False,0,0,locked_oos_trade_event_count_0_below_20;train_return_0.0778_below_validation_return_0.3458;train_validation_return_ratio_0.2250_below_1.00;locked_oos_return_not_positive;train_return_per_turnover_proxy_bps_4.539_not_above_10.000;locked_oos_return_per_turnover_proxy_bps_missing_not_above_10.000
5520,divtd_range_zscore_reversion_12h_solusdt_lb72_2p0_4p0x_0p1_1b83a0e5,range_zscore_mean_reversion,SOLUSDT,12h,long_short,72,2.0,0.1,0,4.0,0.1,0.4,0.010050466738192432,0.03992271401953684,0.057534118017922076,0.18878668992954328,0.11401832784794652,0.03864250752544818,0.16873426244167095,0.8041795637914889,2.732036062585342,15,8,4,433,93,43,0.251748083391176,-0.02987224728134441,16.750777896987387,124.75848131105262,359.5882376120129,False,True,False,no_promotion_shadow_or_reject,False,False,False,0,0,train_trade_event_count_15_below_80;validation_trade_event_count_8_below_30;locked_oos_trade_event_count_4_below_20;train_return_0.0101_below_validation_return_0.0399;train_validation_return_ratio_0.2517_below_1.00
