selection_rank,model_id,source_artifact_kind,symbol,timeframe,family,side,notional_fraction,monitoring_score_train_validation_only,train_return,validation_return,locked_oos_return,validation_mdd,train_trade_event_count,validation_trade_event_count,locked_oos_trade_event_count,train_return_per_turnover_proxy_bps,validation_return_per_turnover_proxy_bps,locked_oos_return_per_turnover_proxy_bps,max_abs_corr_to_prior_train_validation,max_abs_corr_to_prior_validation,nearest_prior_model_id_train_validation,correlation_decision,correlation_rejection_reasons,ready_for_paper,ready_for_real,real_money_execution
1,debrepair_debounced_efficiency_repair_1h_solusdt_short_only_lb12_e0p02_x0p005_hold36_cool0_none_3p0x_0p15_1e40357d,alpha_zoo_debounced_efficiency_repair_discovery,SOLUSDT,1h,debounced_momentum_hysteresis_efficiency_repair,short_only,0.44999999999999996,1.326555261374202,0.2821976972035505,0.16929444454793252,0.024704079822259528,0.0924175220171839,254,63,26,24.68921235376645,59.715853456060856,21.11459813868336,0.0,0.0,,selected_corr_diversified_paper_monitor,,True,False,False
2,a30fb_booster_rs_chandelier_2h_solusdt_lb12_atr0p25_rel0p005_trail3p0_hold18_4p0x_0p125_9eeb8c26,alpha_zoo_30m_plus_alpha_booster_discovery,SOLUSDT,2h,relative_strength_chandelier_breakout,long_short,0.5,1.2702750717907347,0.37460228264393236,0.16091887116519876,0.04237256321195004,0.10855416987945865,242,53,27,30.958866334209286,60.7241023264901,31.387083860703733,0.017470014408827443,0.017938094417527365,debrepair_debounced_efficiency_repair_1h_solusdt_short_only_lb12_e0p02_x0p005_hold36_cool0_none_3p0x_0p15_1e40357d,selected_corr_diversified_paper_monitor,,True,False,False
,a30fb_booster_rs_chandelier_2h_solusdt_lb12_atr0p25_rel0p005_trail3p0_hold18_5p0x_0p1_3beb48bb,alpha_zoo_30m_plus_alpha_booster_discovery,SOLUSDT,2h,relative_strength_chandelier_breakout,long_short,0.5,1.2702750717907347,0.37460228264393236,0.16091887116519876,0.04237256321195004,0.10855416987945865,242,53,27,30.958866334209286,60.7241023264901,31.387083860703733,1.0,1.0,a30fb_booster_rs_chandelier_2h_solusdt_lb12_atr0p25_rel0p005_trail3p0_hold18_4p0x_0p125_9eeb8c26,rejected_high_pnl_correlation_duplicate,train_validation_abs_corr_1.0000_above_0.70_to_a30fb_booster_rs_chandelier_2h_solusdt_lb12_atr0p25_rel0p005_trail3p0_hold18_4p0x_0p125_9eeb8c26;validation_abs_corr_1.0000_above_0.75,False,False,False
,a30fb_booster_rs_chandelier_2h_solusdt_lb12_atr0p25_rel0p005_trail2p0_hold18_4p0x_0p125_f89f6f75,alpha_zoo_30m_plus_alpha_booster_discovery,SOLUSDT,2h,relative_strength_chandelier_breakout,long_short,0.5,1.2569107386492455,0.3532414396284278,0.16091887116519876,0.04237256321195004,0.10855416987945865,244,53,27,28.954216362985886,60.7241023264901,31.387083860703733,0.9983648746217698,1.0,a30fb_booster_rs_chandelier_2h_solusdt_lb12_atr0p25_rel0p005_trail3p0_hold18_4p0x_0p125_9eeb8c26,rejected_high_pnl_correlation_duplicate,train_validation_abs_corr_0.9984_above_0.70_to_a30fb_booster_rs_chandelier_2h_solusdt_lb12_atr0p25_rel0p005_trail3p0_hold18_4p0x_0p125_9eeb8c26;validation_abs_corr_1.0000_above_0.75,False,False,False
,a30fb_booster_rs_chandelier_2h_solusdt_lb12_atr0p25_rel0p005_trail2p0_hold18_5p0x_0p1_e0f89ffc,alpha_zoo_30m_plus_alpha_booster_discovery,SOLUSDT,2h,relative_strength_chandelier_breakout,long_short,0.5,1.2569107386492455,0.3532414396284278,0.16091887116519876,0.04237256321195004,0.10855416987945865,244,53,27,28.954216362985886,60.7241023264901,31.387083860703733,0.9983648746217698,1.0,a30fb_booster_rs_chandelier_2h_solusdt_lb12_atr0p25_rel0p005_trail3p0_hold18_4p0x_0p125_9eeb8c26,rejected_high_pnl_correlation_duplicate,train_validation_abs_corr_0.9984_above_0.70_to_a30fb_booster_rs_chandelier_2h_solusdt_lb12_atr0p25_rel0p005_trail3p0_hold18_4p0x_0p125_9eeb8c26;validation_abs_corr_1.0000_above_0.75,False,False,False
,debrepair_debounced_efficiency_repair_1h_solusdt_short_only_lb12_e0p02_x0p005_hold36_cool0_none_4p0x_0p1_edcf6277,alpha_zoo_debounced_efficiency_repair_discovery,SOLUSDT,1h,debounced_momentum_hysteresis_efficiency_repair,short_only,0.4,1.1949755255591603,0.25340605545353756,0.1501574690438907,0.022042554415161897,0.08250058303297003,254,63,26,24.941540891096214,59.586297239639165,21.194763860732593,0.9999999999999971,0.9999999999999976,debrepair_debounced_efficiency_repair_1h_solusdt_short_only_lb12_e0p02_x0p005_hold36_cool0_none_3p0x_0p15_1e40357d,rejected_high_pnl_correlation_duplicate,train_validation_abs_corr_1.0000_above_0.70_to_debrepair_debounced_efficiency_repair_1h_solusdt_short_only_lb12_e0p02_x0p005_hold36_cool0_none_3p0x_0p15_1e40357d;validation_abs_corr_1.0000_above_0.75,False,False,False
,a30fb_booster_rs_chandelier_2h_solusdt_lb12_atr0p25_rel0p005_trail3p0_hold18_3p0x_0p15_76d4e65b,alpha_zoo_30m_plus_alpha_booster_discovery,SOLUSDT,2h,relative_strength_chandelier_breakout,long_short,0.44999999999999996,1.1610151884085564,0.33775512428303744,0.1446027797729439,0.038287407643292415,0.09810740131328177,242,53,27,31.015162927735307,60.63009634085698,31.51226966526125,1.0,0.9999999999999992,a30fb_booster_rs_chandelier_2h_solusdt_lb12_atr0p25_rel0p005_trail3p0_hold18_4p0x_0p125_9eeb8c26,rejected_high_pnl_correlation_duplicate,train_validation_abs_corr_1.0000_above_0.70_to_a30fb_booster_rs_chandelier_2h_solusdt_lb12_atr0p25_rel0p005_trail3p0_hold18_4p0x_0p125_9eeb8c26;validation_abs_corr_1.0000_above_0.75,False,False,False
3,debrepair_debounced_efficiency_repair_1h_solusdt_long_short_lb12_e0p03_x-0p005_hold48_cool0_none_3p0x_0p15_d6eac828,alpha_zoo_debounced_efficiency_repair_discovery,SOLUSDT,1h,debounced_momentum_hysteresis_efficiency_repair,long_short,0.44999999999999996,1.1536961515424982,0.2635703875580513,0.1513134531010254,0.017642821714091594,0.10284066627968258,250,61,22,23.428478894049007,55.123298033160445,17.821032034435955,0.1674690016411347,0.28152392626871836,debrepair_debounced_efficiency_repair_1h_solusdt_short_only_lb12_e0p02_x0p005_hold36_cool0_none_3p0x_0p15_1e40357d,selected_corr_diversified_paper_monitor,,True,False,False
,a30fb_booster_rs_chandelier_2h_solusdt_lb12_atr0p25_rel0p005_trail2p0_hold18_3p0x_0p15_8757709e,alpha_zoo_30m_plus_alpha_booster_discovery,SOLUSDT,2h,relative_strength_chandelier_breakout,long_short,0.44999999999999996,1.1479556364748695,0.3190374069117514,0.1446027797729439,0.038287407643292415,0.09810740131328177,244,53,27,29.056230137682284,60.63009634085698,31.51226966526125,0.9983648746217755,0.9999999999999992,a30fb_booster_rs_chandelier_2h_solusdt_lb12_atr0p25_rel0p005_trail3p0_hold18_4p0x_0p125_9eeb8c26,rejected_high_pnl_correlation_duplicate,train_validation_abs_corr_0.9984_above_0.70_to_a30fb_booster_rs_chandelier_2h_solusdt_lb12_atr0p25_rel0p005_trail3p0_hold18_4p0x_0p125_9eeb8c26;validation_abs_corr_1.0000_above_0.75,False,False,False
,debrepair_debounced_efficiency_repair_1h_solusdt_short_only_lb12_e0p02_x0p005_hold36_cool12_none_3p0x_0p15_6ff58bc8,alpha_zoo_debounced_efficiency_repair_discovery,SOLUSDT,1h,debounced_momentum_hysteresis_efficiency_repair,short_only,0.44999999999999996,1.0866649530330894,0.24515399235918012,0.1362393578884964,0.024704079822259528,0.07703954194861007,230,59,26,23.68637607335074,51.314259091712394,21.11459813868336,0.9103471219541224,0.9208713341933251,debrepair_debounced_efficiency_repair_1h_solusdt_short_only_lb12_e0p02_x0p005_hold36_cool0_none_3p0x_0p15_1e40357d,rejected_high_pnl_correlation_duplicate,train_validation_abs_corr_0.9103_above_0.70_to_debrepair_debounced_efficiency_repair_1h_solusdt_short_only_lb12_e0p02_x0p005_hold36_cool0_none_3p0x_0p15_1e40357d;validation_abs_corr_0.9209_above_0.75,False,False,False
,debrepair_debounced_efficiency_repair_1h_solusdt_long_short_lb12_e0p03_x-0p005_hold48_cool0_none_4p0x_0p1_44b8ef4f,alpha_zoo_debounced_efficiency_repair_discovery,SOLUSDT,1h,debounced_momentum_hysteresis_efficiency_repair,long_short,0.4,1.0458833191494734,0.2392282246636026,0.13465787261755113,0.015867299113065947,0.09177257245000203,250,61,22,23.922822466360262,55.18765271211112,18.031021719393117,1.0,0.9999999999999993,debrepair_debounced_efficiency_repair_1h_solusdt_long_short_lb12_e0p03_x-0p005_hold48_cool0_none_3p0x_0p15_d6eac828,rejected_high_pnl_correlation_duplicate,train_validation_abs_corr_1.0000_above_0.70_to_debrepair_debounced_efficiency_repair_1h_solusdt_long_short_lb12_e0p03_x-0p005_hold48_cool0_none_3p0x_0p15_d6eac828;validation_abs_corr_1.0000_above_0.75,False,False,False
,debrepair_debounced_efficiency_repair_1h_solusdt_short_only_lb12_e0p02_x0p005_hold36_cool6_none_3p0x_0p15_ef4179cd,alpha_zoo_debounced_efficiency_repair_discovery,SOLUSDT,1h,debounced_momentum_hysteresis_efficiency_repair,short_only,0.44999999999999996,1.038059819191146,0.2332332533793091,0.1380999094363724,0.024704079822259528,0.09981955452128333,246,63,26,21.06894791141004,48.712490101013195,21.11459813868336,0.9650737061007365,0.9820049262593048,debrepair_debounced_efficiency_repair_1h_solusdt_short_only_lb12_e0p02_x0p005_hold36_cool0_none_3p0x_0p15_1e40357d,rejected_high_pnl_correlation_duplicate,train_validation_abs_corr_0.9651_above_0.70_to_debrepair_debounced_efficiency_repair_1h_solusdt_short_only_lb12_e0p02_x0p005_hold36_cool0_none_3p0x_0p15_1e40357d;validation_abs_corr_0.9820_above_0.75,False,False,False
,debrepair_debounced_efficiency_repair_1h_solusdt_short_only_lb12_e0p02_x0p005_hold36_cool12_none_4p0x_0p1_ffd0f1b7,alpha_zoo_debounced_efficiency_repair_discovery,SOLUSDT,1h,debounced_momentum_hysteresis_efficiency_repair,short_only,0.4,0.9842114830663673,0.2206254773993459,0.12109654021398009,0.022042554415161897,0.06867718649641275,230,59,26,23.981030152102814,51.31209331100851,21.194763860732593,0.9103471219541227,0.9208713341933242,debrepair_debounced_efficiency_repair_1h_solusdt_short_only_lb12_e0p02_x0p005_hold36_cool0_none_3p0x_0p15_1e40357d,rejected_high_pnl_correlation_duplicate,train_validation_abs_corr_0.9103_above_0.70_to_debrepair_debounced_efficiency_repair_1h_solusdt_short_only_lb12_e0p02_x0p005_hold36_cool0_none_3p0x_0p15_1e40357d;validation_abs_corr_0.9209_above_0.75,False,False,False
,debrepair_debounced_efficiency_repair_1h_solusdt_short_only_lb12_e0p02_x0p005_hold36_cool6_none_4p0x_0p1_e5d4ce1a,alpha_zoo_debounced_efficiency_repair_discovery,SOLUSDT,1h,debounced_momentum_hysteresis_efficiency_repair,short_only,0.4,0.9398673538286948,0.21049653505438637,0.12282506795275072,0.022042554415161897,0.08889300921047194,246,63,26,21.391924294144953,48.740106330456626,21.194763860732593,0.9650737061007333,0.9820049262593038,debrepair_debounced_efficiency_repair_1h_solusdt_short_only_lb12_e0p02_x0p005_hold36_cool0_none_3p0x_0p15_1e40357d,rejected_high_pnl_correlation_duplicate,train_validation_abs_corr_0.9651_above_0.70_to_debrepair_debounced_efficiency_repair_1h_solusdt_short_only_lb12_e0p02_x0p005_hold36_cool0_none_3p0x_0p15_1e40357d;validation_abs_corr_0.9820_above_0.75,False,False,False
,debrepair_debounced_efficiency_repair_1h_solusdt_short_only_lb12_e0p02_x0p005_hold36_cool0_none_2p0x_0p15_bfc43af2,alpha_zoo_debounced_efficiency_repair_discovery,SOLUSDT,1h,debounced_momentum_hysteresis_efficiency_repair,short_only,0.3,0.9334801686110825,0.19334309364201996,0.11208726313449069,0.01665578000731549,0.06240599957188775,254,63,26,25.373109401839887,59.30543022988926,21.353564111942937,0.9999999999999943,1.0,debrepair_debounced_efficiency_repair_1h_solusdt_short_only_lb12_e0p02_x0p005_hold36_cool0_none_3p0x_0p15_1e40357d,rejected_high_pnl_correlation_duplicate,train_validation_abs_corr_1.0000_above_0.70_to_debrepair_debounced_efficiency_repair_1h_solusdt_short_only_lb12_e0p02_x0p005_hold36_cool0_none_3p0x_0p15_1e40357d;validation_abs_corr_1.0000_above_0.75,False,False,False
,debrepair_debounced_efficiency_repair_1h_solusdt_short_only_lb12_e0p02_x0p005_hold36_cool0_none_3p0x_0p1_2d4f59e0,alpha_zoo_debounced_efficiency_repair_discovery,SOLUSDT,1h,debounced_momentum_hysteresis_efficiency_repair,short_only,0.30000000000000004,0.9334801686110825,0.19334309364201996,0.11208726313449069,0.016655780007315935,0.06240599957188775,254,63,26,25.373109401839884,59.30543022988925,21.353564111943502,0.9999999999999941,1.0,debrepair_debounced_efficiency_repair_1h_solusdt_short_only_lb12_e0p02_x0p005_hold36_cool0_none_3p0x_0p15_1e40357d,rejected_high_pnl_correlation_duplicate,train_validation_abs_corr_1.0000_above_0.70_to_debrepair_debounced_efficiency_repair_1h_solusdt_short_only_lb12_e0p02_x0p005_hold36_cool0_none_3p0x_0p15_1e40357d;validation_abs_corr_1.0000_above_0.75,False,False,False
,a30fb_booster_rs_chandelier_2h_solusdt_lb12_atr0p5_rel0p005_trail2p0_hold12_4p0x_0p15_f9efb529,alpha_zoo_30m_plus_alpha_booster_discovery,SOLUSDT,2h,relative_strength_chandelier_breakout,long_short,0.6,0.9118408944641595,0.37053141340192397,0.1188811927723521,0.03453136761338493,0.10563311059150582,232,45,26,26.61863602025316,44.03007139716744,22.135492059862138,0.7343850075856837,0.6845366716159307,a30fb_booster_rs_chandelier_2h_solusdt_lb12_atr0p25_rel0p005_trail3p0_hold18_4p0x_0p125_9eeb8c26,rejected_high_pnl_correlation_duplicate,train_validation_abs_corr_0.7344_above_0.70_to_a30fb_booster_rs_chandelier_2h_solusdt_lb12_atr0p25_rel0p005_trail3p0_hold18_4p0x_0p125_9eeb8c26,False,False,False
,a30fb_booster_rs_chandelier_2h_solusdt_lb12_atr0p5_rel0p005_trail3p0_hold12_4p0x_0p15_d8f15883,alpha_zoo_30m_plus_alpha_booster_discovery,SOLUSDT,2h,relative_strength_chandelier_breakout,long_short,0.6,0.9114341207998288,0.3696820699908012,0.1188811927723521,0.03453136761338493,0.10563311059150582,232,45,26,26.557619970603536,44.03007139716744,22.135492059862138,0.7343957407350513,0.6845366716159307,a30fb_booster_rs_chandelier_2h_solusdt_lb12_atr0p25_rel0p005_trail3p0_hold18_4p0x_0p125_9eeb8c26,rejected_high_pnl_correlation_duplicate,train_validation_abs_corr_0.7344_above_0.70_to_a30fb_booster_rs_chandelier_2h_solusdt_lb12_atr0p25_rel0p005_trail3p0_hold18_4p0x_0p125_9eeb8c26,False,False,False
,debrepair_debounced_efficiency_repair_1h_solusdt_short_only_lb12_e0p025_x0p0_hold36_cool0_adx20_3p0x_0p15_c2ecca50,alpha_zoo_debounced_efficiency_repair_discovery,SOLUSDT,1h,debounced_momentum_hysteresis_efficiency_repair,short_only,0.44999999999999996,0.9089832003319681,0.3202042982838673,0.11226462386796698,0.03162370552127447,0.10445373773405575,210,51,24,33.88405272845157,48.917047437022646,29.28120881599488,0.8556696583074739,0.8214942675553143,debrepair_debounced_efficiency_repair_1h_solusdt_short_only_lb12_e0p02_x0p005_hold36_cool0_none_3p0x_0p15_1e40357d,rejected_high_pnl_correlation_duplicate,train_validation_abs_corr_0.8557_above_0.70_to_debrepair_debounced_efficiency_repair_1h_solusdt_short_only_lb12_e0p02_x0p005_hold36_cool0_none_3p0x_0p15_1e40357d;validation_abs_corr_0.8215_above_0.75,False,False,False
,debrepair_debounced_efficiency_repair_1h_solusdt_short_only_lb6_e0p02_x0p005_hold18_cool0_adx20_3p0x_0p15_a9f9a6d7,alpha_zoo_debounced_efficiency_repair_discovery,SOLUSDT,1h,debounced_momentum_hysteresis_efficiency_repair,short_only,0.44999999999999996,0.8714268788936493,0.2594103331030162,0.11716515320165599,0.018327402882343247,0.07908195892392034,372,92,30,15.496435669236334,28.300761642912075,13.575853986920926,0.7290062781462026,0.7686937397269811,debrepair_debounced_efficiency_repair_1h_solusdt_short_only_lb12_e0p02_x0p005_hold36_cool0_none_3p0x_0p15_1e40357d,rejected_high_pnl_correlation_duplicate,train_validation_abs_corr_0.7290_above_0.70_to_debrepair_debounced_efficiency_repair_1h_solusdt_short_only_lb12_e0p02_x0p005_hold36_cool0_none_3p0x_0p15_1e40357d;validation_abs_corr_0.7687_above_0.75,False,False,False
,a30fb_booster_rs_chandelier_2h_solusdt_lb12_atr0p25_rel0p01_trail3p0_hold18_3p0x_0p15_e781bedb,alpha_zoo_30m_plus_alpha_booster_discovery,SOLUSDT,2h,relative_strength_chandelier_breakout,long_short,0.44999999999999996,0.8690814776231054,0.36122841334653866,0.11034656070180304,0.04808590952311964,0.11728542030028555,236,49,23,34.013974891387825,50.04379170149798,46.459815964366804,0.9686421082578053,0.9363490594519995,a30fb_booster_rs_chandelier_2h_solusdt_lb12_atr0p25_rel0p005_trail3p0_hold18_4p0x_0p125_9eeb8c26,rejected_high_pnl_correlation_duplicate,train_validation_abs_corr_0.9686_above_0.70_to_a30fb_booster_rs_chandelier_2h_solusdt_lb12_atr0p25_rel0p005_trail3p0_hold18_4p0x_0p125_9eeb8c26;validation_abs_corr_0.9363_above_0.75,False,False,False
,debrepair_debounced_efficiency_repair_1h_solusdt_short_only_lb6_e0p02_x0p005_hold18_cool0_none_3p0x_0p15_e2b9713c,alpha_zoo_debounced_efficiency_repair_discovery,SOLUSDT,1h,debounced_momentum_hysteresis_efficiency_repair,short_only,0.44999999999999996,0.8669519182298332,0.3202923777501181,0.1141170038251742,0.018327402882343247,0.08159465433395197,370,92,30,19.236779444451543,27.56449367757831,13.575853986920926,0.7295597928827826,0.7677700971202804,debrepair_debounced_efficiency_repair_1h_solusdt_short_only_lb12_e0p02_x0p005_hold36_cool0_none_3p0x_0p15_1e40357d,rejected_high_pnl_correlation_duplicate,train_validation_abs_corr_0.7296_above_0.70_to_debrepair_debounced_efficiency_repair_1h_solusdt_short_only_lb12_e0p02_x0p005_hold36_cool0_none_3p0x_0p15_1e40357d;validation_abs_corr_0.7678_above_0.75,False,False,False
,a30fb_booster_rs_chandelier_2h_solusdt_lb12_atr0p25_rel0p01_trail2p0_hold18_3p0x_0p15_7476f4b9,alpha_zoo_30m_plus_alpha_booster_discovery,SOLUSDT,2h,relative_strength_chandelier_breakout,long_short,0.44999999999999996,0.8553202509195729,0.34218226038753863,0.11034656070180304,0.04808590952311964,0.11728542030028555,238,49,23,31.94979088585795,50.04379170149798,46.459815964366804,0.9669939350086423,0.9363490594519995,a30fb_booster_rs_chandelier_2h_solusdt_lb12_atr0p25_rel0p005_trail3p0_hold18_4p0x_0p125_9eeb8c26,rejected_high_pnl_correlation_duplicate,train_validation_abs_corr_0.9670_above_0.70_to_a30fb_booster_rs_chandelier_2h_solusdt_lb12_atr0p25_rel0p005_trail3p0_hold18_4p0x_0p125_9eeb8c26;validation_abs_corr_0.9363_above_0.75,False,False,False
,a30fb_booster_rs_chandelier_2h_solusdt_lb12_atr0p25_rel0p005_trail3p0_hold18_3p0x_0p1_3ac49851,alpha_zoo_30m_plus_alpha_booster_discovery,SOLUSDT,2h,relative_strength_chandelier_breakout,long_short,0.30000000000000004,0.8353655161710566,0.2254303742433812,0.0958964108875553,0.025822922008857274,0.06622627125136926,242,53,27,31.051015736002913,60.31220810538068,31.88015062821885,1.0,0.9999999999999983,a30fb_booster_rs_chandelier_2h_solusdt_lb12_atr0p25_rel0p005_trail3p0_hold18_4p0x_0p125_9eeb8c26,rejected_high_pnl_correlation_duplicate,train_validation_abs_corr_1.0000_above_0.70_to_a30fb_booster_rs_chandelier_2h_solusdt_lb12_atr0p25_rel0p005_trail3p0_hold18_4p0x_0p125_9eeb8c26;validation_abs_corr_1.0000_above_0.75,False,False,False
,a30fb_booster_rs_chandelier_2h_solusdt_lb12_atr0p25_rel0p005_trail3p0_hold18_2p0x_0p15_3fa94945,alpha_zoo_30m_plus_alpha_booster_discovery,SOLUSDT,2h,relative_strength_chandelier_breakout,long_short,0.3,0.835365516171054,0.2254303742433803,0.09589641088755507,0.025822922008857274,0.06622627125136926,242,53,27,31.0510157360028,60.312208105380556,31.880150628218857,1.0,0.999999999999998,a30fb_booster_rs_chandelier_2h_solusdt_lb12_atr0p25_rel0p005_trail3p0_hold18_4p0x_0p125_9eeb8c26,rejected_high_pnl_correlation_duplicate,train_validation_abs_corr_1.0000_above_0.70_to_a30fb_booster_rs_chandelier_2h_solusdt_lb12_atr0p25_rel0p005_trail3p0_hold18_4p0x_0p125_9eeb8c26;validation_abs_corr_1.0000_above_0.75,False,False,False
,debrepair_debounced_efficiency_repair_1h_solusdt_short_only_lb12_e0p025_x0p0_hold36_cool0_adx20_4p0x_0p1_83808fb2,alpha_zoo_debounced_efficiency_repair_discovery,SOLUSDT,1h,debounced_momentum_hysteresis_efficiency_repair,short_only,0.4,0.8344345314297831,0.28563127383594233,0.10003900142625288,0.028181114843290223,0.09322448357581137,210,51,24,34.00372307570742,49.03872618933964,29.35532796176064,0.855669658307474,0.8214942675553167,debrepair_debounced_efficiency_repair_1h_solusdt_short_only_lb12_e0p02_x0p005_hold36_cool0_none_3p0x_0p15_1e40357d,rejected_high_pnl_correlation_duplicate,train_validation_abs_corr_0.8557_above_0.70_to_debrepair_debounced_efficiency_repair_1h_solusdt_short_only_lb12_e0p02_x0p005_hold36_cool0_none_3p0x_0p15_1e40357d;validation_abs_corr_0.8215_above_0.75,False,False,False
,debrepair_debounced_efficiency_repair_1h_solusdt_long_short_lb12_e0p03_x-0p005_hold48_cool0_none_2p0x_0p15_ceaf4509,alpha_zoo_debounced_efficiency_repair_discovery,SOLUSDT,1h,debounced_momentum_hysteresis_efficiency_repair,long_short,0.3,0.8287456753856819,0.1861113454428973,0.1011709642698635,0.012176043919103652,0.06936717291678962,250,61,22,24.814846059052975,55.28467992888716,18.44855139258129,1.0,1.0,debrepair_debounced_efficiency_repair_1h_solusdt_long_short_lb12_e0p03_x-0p005_hold48_cool0_none_3p0x_0p15_d6eac828,rejected_high_pnl_correlation_duplicate,train_validation_abs_corr_1.0000_above_0.70_to_debrepair_debounced_efficiency_repair_1h_solusdt_long_short_lb12_e0p03_x-0p005_hold48_cool0_none_3p0x_0p15_d6eac828;validation_abs_corr_1.0000_above_0.75,False,False,False
,debrepair_debounced_efficiency_repair_1h_solusdt_long_short_lb12_e0p03_x-0p005_hold48_cool0_none_3p0x_0p1_da1b90f4,alpha_zoo_debounced_efficiency_repair_discovery,SOLUSDT,1h,debounced_momentum_hysteresis_efficiency_repair,long_short,0.30000000000000004,0.8287456753856806,0.18611134544289532,0.1011709642698635,0.012176043919103874,0.0693671729167894,250,61,22,24.814846059052705,55.284679928887144,18.448551392581624,1.0,1.0,debrepair_debounced_efficiency_repair_1h_solusdt_long_short_lb12_e0p03_x-0p005_hold48_cool0_none_3p0x_0p15_d6eac828,rejected_high_pnl_correlation_duplicate,train_validation_abs_corr_1.0000_above_0.70_to_debrepair_debounced_efficiency_repair_1h_solusdt_long_short_lb12_e0p03_x-0p005_hold48_cool0_none_3p0x_0p15_d6eac828;validation_abs_corr_1.0000_above_0.75,False,False,False
,a30fb_booster_rs_chandelier_2h_solusdt_lb12_atr0p25_rel0p005_trail2p0_hold18_3p0x_0p1_5e18fb88,alpha_zoo_30m_plus_alpha_booster_discovery,SOLUSDT,2h,relative_strength_chandelier_breakout,long_short,0.30000000000000004,0.8232444211792341,0.21398447288652034,0.0958964108875553,0.025822922008857274,0.06622627125136926,244,53,27,29.232851487229546,60.31220810538068,31.88015062821885,0.9983648746217775,0.9999999999999983,a30fb_booster_rs_chandelier_2h_solusdt_lb12_atr0p25_rel0p005_trail3p0_hold18_4p0x_0p125_9eeb8c26,rejected_high_pnl_correlation_duplicate,train_validation_abs_corr_0.9984_above_0.70_to_a30fb_booster_rs_chandelier_2h_solusdt_lb12_atr0p25_rel0p005_trail3p0_hold18_4p0x_0p125_9eeb8c26;validation_abs_corr_1.0000_above_0.75,False,False,False
,a30fb_booster_rs_chandelier_2h_solusdt_lb12_atr0p25_rel0p005_trail2p0_hold18_2p0x_0p15_56095a3e,alpha_zoo_30m_plus_alpha_booster_discovery,SOLUSDT,2h,relative_strength_chandelier_breakout,long_short,0.3,0.8232444211792321,0.21398447288652012,0.09589641088755507,0.025822922008857274,0.06622627125136926,244,53,27,29.23285148722952,60.312208105380556,31.880150628218857,0.9983648746217775,0.999999999999998,a30fb_booster_rs_chandelier_2h_solusdt_lb12_atr0p25_rel0p005_trail3p0_hold18_4p0x_0p125_9eeb8c26,rejected_high_pnl_correlation_duplicate,train_validation_abs_corr_0.9984_above_0.70_to_a30fb_booster_rs_chandelier_2h_solusdt_lb12_atr0p25_rel0p005_trail3p0_hold18_4p0x_0p125_9eeb8c26;validation_abs_corr_1.0000_above_0.75,False,False,False
,a30fb_booster_rs_chandelier_2h_solusdt_lb12_atr0p5_rel0p005_trail2p0_hold12_4p0x_0p125_c0b334c0,alpha_zoo_30m_plus_alpha_booster_discovery,SOLUSDT,2h,relative_strength_chandelier_breakout,long_short,0.5,0.7907855900768481,0.3104633513479593,0.09934052134341842,0.028995229468097072,0.08848289704443335,232,45,26,26.764082012755114,44.15134281929708,22.30402266776698,0.734385007585677,0.6845366716159281,a30fb_booster_rs_chandelier_2h_solusdt_lb12_atr0p25_rel0p005_trail3p0_hold18_4p0x_0p125_9eeb8c26,rejected_high_pnl_correlation_duplicate,train_validation_abs_corr_0.7344_above_0.70_to_a30fb_booster_rs_chandelier_2h_solusdt_lb12_atr0p25_rel0p005_trail3p0_hold18_4p0x_0p125_9eeb8c26,False,False,False
,a30fb_booster_rs_chandelier_2h_solusdt_lb12_atr0p5_rel0p005_trail2p0_hold12_5p0x_0p1_559e4350,alpha_zoo_30m_plus_alpha_booster_discovery,SOLUSDT,2h,relative_strength_chandelier_breakout,long_short,0.5,0.7907855900768481,0.3104633513479593,0.09934052134341842,0.028995229468097072,0.08848289704443335,232,45,26,26.764082012755114,44.15134281929708,22.30402266776698,0.734385007585677,0.6845366716159281,a30fb_booster_rs_chandelier_2h_solusdt_lb12_atr0p25_rel0p005_trail3p0_hold18_4p0x_0p125_9eeb8c26,rejected_high_pnl_correlation_duplicate,train_validation_abs_corr_0.7344_above_0.70_to_a30fb_booster_rs_chandelier_2h_solusdt_lb12_atr0p25_rel0p005_trail3p0_hold18_4p0x_0p125_9eeb8c26,False,False,False
,a30fb_booster_rs_chandelier_2h_solusdt_lb12_atr0p5_rel0p005_trail3p0_hold12_4p0x_0p125_92888586,alpha_zoo_30m_plus_alpha_booster_discovery,SOLUSDT,2h,relative_strength_chandelier_breakout,long_short,0.5,0.7903966446107409,0.30978658623693267,0.09934052134341842,0.028995229468097072,0.08848289704443335,232,45,26,26.705740192839023,44.15134281929708,22.30402266776698,0.7343957407350458,0.6845366716159281,a30fb_booster_rs_chandelier_2h_solusdt_lb12_atr0p25_rel0p005_trail3p0_hold18_4p0x_0p125_9eeb8c26,rejected_high_pnl_correlation_duplicate,train_validation_abs_corr_0.7344_above_0.70_to_a30fb_booster_rs_chandelier_2h_solusdt_lb12_atr0p25_rel0p005_trail3p0_hold18_4p0x_0p125_9eeb8c26,False,False,False
,a30fb_booster_rs_chandelier_2h_solusdt_lb12_atr0p5_rel0p005_trail3p0_hold12_5p0x_0p1_1b982013,alpha_zoo_30m_plus_alpha_booster_discovery,SOLUSDT,2h,relative_strength_chandelier_breakout,long_short,0.5,0.7903966446107409,0.30978658623693267,0.09934052134341842,0.028995229468097072,0.08848289704443335,232,45,26,26.705740192839023,44.15134281929708,22.30402266776698,0.7343957407350458,0.6845366716159281,a30fb_booster_rs_chandelier_2h_solusdt_lb12_atr0p25_rel0p005_trail3p0_hold18_4p0x_0p125_9eeb8c26,rejected_high_pnl_correlation_duplicate,train_validation_abs_corr_0.7344_above_0.70_to_a30fb_booster_rs_chandelier_2h_solusdt_lb12_atr0p25_rel0p005_trail3p0_hold18_4p0x_0p125_9eeb8c26,False,False,False
,debrepair_debounced_efficiency_repair_1h_solusdt_short_only_lb6_e0p02_x0p005_hold18_cool0_adx20_4p0x_0p1_def286e6,alpha_zoo_debounced_efficiency_repair_discovery,SOLUSDT,1h,debounced_momentum_hysteresis_efficiency_repair,short_only,0.4,0.7862054475553174,0.23210050012724737,0.10422726228495938,0.016342806254864284,0.07028016499641876,372,92,30,15.598151890272,28.32262562091287,13.619005212386902,0.7290062781462021,0.7686937397269791,debrepair_debounced_efficiency_repair_1h_solusdt_short_only_lb12_e0p02_x0p005_hold36_cool0_none_3p0x_0p15_1e40357d,rejected_high_pnl_correlation_duplicate,train_validation_abs_corr_0.7290_above_0.70_to_debrepair_debounced_efficiency_repair_1h_solusdt_short_only_lb12_e0p02_x0p005_hold36_cool0_none_3p0x_0p15_1e40357d;validation_abs_corr_0.7687_above_0.75,False,False,False
,debrepair_debounced_efficiency_repair_1h_solusdt_short_only_lb6_e0p02_x0p005_hold18_cool0_none_4p0x_0p1_377fe0d7,alpha_zoo_debounced_efficiency_repair_discovery,SOLUSDT,1h,debounced_momentum_hysteresis_efficiency_repair,short_only,0.4,0.7846048407339868,0.2849095726341322,0.1015475055007451,0.016342806254864284,0.072536424301332,370,92,30,19.250646799603526,27.594430842593773,13.619005212386902,0.72955979288278,0.7677700971202813,debrepair_debounced_efficiency_repair_1h_solusdt_short_only_lb12_e0p02_x0p005_hold36_cool0_none_3p0x_0p15_1e40357d,rejected_high_pnl_correlation_duplicate,train_validation_abs_corr_0.7296_above_0.70_to_debrepair_debounced_efficiency_repair_1h_solusdt_short_only_lb12_e0p02_x0p005_hold36_cool0_none_3p0x_0p15_1e40357d;validation_abs_corr_0.7678_above_0.75,False,False,False
,debrepair_debounced_efficiency_repair_1h_solusdt_short_only_lb12_e0p02_x0p005_hold36_cool12_none_2p0x_0p15_cc327ac3,alpha_zoo_debounced_efficiency_repair_discovery,SOLUSDT,1h,debounced_momentum_hysteresis_efficiency_repair,short_only,0.3,0.7789118213067883,0.16908130388050369,0.0907796427870986,0.01665578000731549,0.05180444980925325,230,59,26,24.504536794275896,51.28793377802181,21.353564111942937,0.9103471219541229,0.9208713341933273,debrepair_debounced_efficiency_repair_1h_solusdt_short_only_lb12_e0p02_x0p005_hold36_cool0_none_3p0x_0p15_1e40357d,rejected_high_pnl_correlation_duplicate,train_validation_abs_corr_0.9103_above_0.70_to_debrepair_debounced_efficiency_repair_1h_solusdt_short_only_lb12_e0p02_x0p005_hold36_cool0_none_3p0x_0p15_1e40357d;validation_abs_corr_0.9209_above_0.75,False,False,False
,debrepair_debounced_efficiency_repair_1h_solusdt_short_only_lb12_e0p02_x0p005_hold36_cool12_none_3p0x_0p1_2bceab04,alpha_zoo_debounced_efficiency_repair_discovery,SOLUSDT,1h,debounced_momentum_hysteresis_efficiency_repair,short_only,0.30000000000000004,0.7789118213067847,0.16908130388050369,0.09077964278709816,0.016655780007315935,0.05180444980925325,230,59,26,24.504536794275893,51.28793377802155,21.353564111943502,0.9103471219541229,0.9208713341933273,debrepair_debounced_efficiency_repair_1h_solusdt_short_only_lb12_e0p02_x0p005_hold36_cool0_none_3p0x_0p15_1e40357d,rejected_high_pnl_correlation_duplicate,train_validation_abs_corr_0.9103_above_0.70_to_debrepair_debounced_efficiency_repair_1h_solusdt_short_only_lb12_e0p02_x0p005_hold36_cool0_none_3p0x_0p15_1e40357d;validation_abs_corr_0.9209_above_0.75,False,False,False
,debrepair_debounced_efficiency_repair_1h_solusdt_short_only_lb12_e0p02_x0p005_hold36_cool6_adx20_3p0x_0p15_2ba33ec4,alpha_zoo_debounced_efficiency_repair_discovery,SOLUSDT,1h,debounced_momentum_hysteresis_efficiency_repair,short_only,0.44999999999999996,0.7557852015106984,0.15973127582852764,0.11027761920021417,0.014143708519347653,0.10792945947857602,244,63,26,14.547475029920554,38.89863111118666,12.088639760126199,0.9397298480177602,0.9770600541370803,debrepair_debounced_efficiency_repair_1h_solusdt_short_only_lb12_e0p02_x0p005_hold36_cool0_none_3p0x_0p15_1e40357d,rejected_high_pnl_correlation_duplicate,train_validation_abs_corr_0.9397_above_0.70_to_debrepair_debounced_efficiency_repair_1h_solusdt_short_only_lb12_e0p02_x0p005_hold36_cool0_none_3p0x_0p15_1e40357d;validation_abs_corr_0.9771_above_0.75,False,False,False
,debrepair_debounced_efficiency_repair_1h_solusdt_short_only_lb12_e0p02_x0p005_hold36_cool6_none_2p0x_0p15_5ee15f39,alpha_zoo_debounced_efficiency_repair_discovery,SOLUSDT,1h,debounced_momentum_hysteresis_efficiency_repair,short_only,0.3,0.7425875663331079,0.16217934683512492,0.09218231159112289,0.01665578000731549,0.06690720070251077,246,63,26,21.97552125137194,48.77370983657296,21.353564111942937,0.9650737061007378,0.9820049262593054,debrepair_debounced_efficiency_repair_1h_solusdt_short_only_lb12_e0p02_x0p005_hold36_cool0_none_3p0x_0p15_1e40357d,rejected_high_pnl_correlation_duplicate,train_validation_abs_corr_0.9651_above_0.70_to_debrepair_debounced_efficiency_repair_1h_solusdt_short_only_lb12_e0p02_x0p005_hold36_cool0_none_3p0x_0p15_1e40357d;validation_abs_corr_0.9820_above_0.75,False,False,False
,debrepair_debounced_efficiency_repair_1h_solusdt_short_only_lb12_e0p02_x0p005_hold36_cool6_none_3p0x_0p1_5c607f19,alpha_zoo_debounced_efficiency_repair_discovery,SOLUSDT,1h,debounced_momentum_hysteresis_efficiency_repair,short_only,0.30000000000000004,0.7425875663331056,0.16217934683512492,0.09218231159112267,0.016655780007315935,0.066907200702511,246,63,26,21.975521251371937,48.773709836572834,21.353564111943502,0.9650737061007378,0.9820049262593054,debrepair_debounced_efficiency_repair_1h_solusdt_short_only_lb12_e0p02_x0p005_hold36_cool0_none_3p0x_0p15_1e40357d,rejected_high_pnl_correlation_duplicate,train_validation_abs_corr_0.9651_above_0.70_to_debrepair_debounced_efficiency_repair_1h_solusdt_short_only_lb12_e0p02_x0p005_hold36_cool0_none_3p0x_0p15_1e40357d;validation_abs_corr_0.9820_above_0.75,False,False,False
,a30fb_booster_rs_chandelier_2h_solusdt_lb12_atr0p5_rel0p005_trail2p0_hold12_3p0x_0p15_f85ad5d9,alpha_zoo_30m_plus_alpha_booster_discovery,SOLUSDT,2h,relative_strength_chandelier_breakout,long_short,0.44999999999999996,0.7298343599985486,0.2799456242286893,0.08951836395012358,0.026193360698671286,0.07983865901599951,232,45,26,26.814714964433843,44.20659948154252,22.387487776642125,0.7343850075856849,0.6845366716159283,a30fb_booster_rs_chandelier_2h_solusdt_lb12_atr0p25_rel0p005_trail3p0_hold18_4p0x_0p125_9eeb8c26,rejected_high_pnl_correlation_duplicate,train_validation_abs_corr_0.7344_above_0.70_to_a30fb_booster_rs_chandelier_2h_solusdt_lb12_atr0p25_rel0p005_trail3p0_hold18_4p0x_0p125_9eeb8c26,False,False,False
,a30fb_booster_rs_chandelier_2h_solusdt_lb12_atr0p5_rel0p005_trail3p0_hold12_3p0x_0p15_3e387b21,alpha_zoo_30m_plus_alpha_booster_discovery,SOLUSDT,2h,relative_strength_chandelier_breakout,long_short,0.44999999999999996,0.7294544721925333,0.27935071992446936,0.08951836395012358,0.026193360698671286,0.07983865901599951,232,45,26,26.75773179353155,44.20659948154252,22.387487776642125,0.7343957407350474,0.6845366716159283,a30fb_booster_rs_chandelier_2h_solusdt_lb12_atr0p25_rel0p005_trail3p0_hold18_4p0x_0p125_9eeb8c26,rejected_high_pnl_correlation_duplicate,train_validation_abs_corr_0.7344_above_0.70_to_a30fb_booster_rs_chandelier_2h_solusdt_lb12_atr0p25_rel0p005_trail3p0_hold18_4p0x_0p125_9eeb8c26,False,False,False
,debrepair_debounced_efficiency_repair_1h_solusdt_short_only_lb12_e0p02_x0p005_hold18_cool0_adx20_3p0x_0p15_e92f3de1,alpha_zoo_debounced_efficiency_repair_discovery,SOLUSDT,1h,debounced_momentum_hysteresis_efficiency_repair,short_only,0.44999999999999996,0.7262765378320092,0.16077832289342342,0.1050259157312654,0.024044766982457055,0.08614850921231099,342,94,30,10.446934560976182,24.828821685878346,17.810938505523747,0.8246167188084059,0.8503655974307046,debrepair_debounced_efficiency_repair_1h_solusdt_short_only_lb12_e0p02_x0p005_hold36_cool0_none_3p0x_0p15_1e40357d,rejected_high_pnl_correlation_duplicate,train_validation_abs_corr_0.8246_above_0.70_to_debrepair_debounced_efficiency_repair_1h_solusdt_short_only_lb12_e0p02_x0p005_hold36_cool0_none_3p0x_0p15_1e40357d;validation_abs_corr_0.8504_above_0.75,False,False,False
,debrepair_debounced_efficiency_repair_1h_solusdt_short_only_lb12_e0p025_x0p0_hold36_cool12_none_3p0x_0p15_9eb0e26f,alpha_zoo_debounced_efficiency_repair_discovery,SOLUSDT,1h,debounced_momentum_hysteresis_efficiency_repair,short_only,0.44999999999999996,0.7175474572586076,0.30562484346455676,0.08662476191355828,0.04335214032002033,0.09362607524450084,208,49,20,32.65222686587145,39.28560631000376,48.16904480002259,0.8343912064905414,0.782575886849635,debrepair_debounced_efficiency_repair_1h_solusdt_short_only_lb12_e0p02_x0p005_hold36_cool0_none_3p0x_0p15_1e40357d,rejected_high_pnl_correlation_duplicate,train_validation_abs_corr_0.8344_above_0.70_to_debrepair_debounced_efficiency_repair_1h_solusdt_short_only_lb12_e0p02_x0p005_hold36_cool0_none_3p0x_0p15_1e40357d;validation_abs_corr_0.7826_above_0.75,False,False,False
,debrepair_debounced_efficiency_repair_1h_solusdt_long_short_lb12_e0p03_x-0p005_hold48_cool0_adx20_3p0x_0p15_feb660b6,alpha_zoo_debounced_efficiency_repair_discovery,SOLUSDT,1h,debounced_momentum_hysteresis_efficiency_repair,long_short,0.44999999999999996,0.7122062355632156,0.1716682652727517,0.10576205579196629,0.013039908927900523,0.114559975539409,248,61,22,15.382461045945494,38.52898207357607,13.1716251796975,0.7853179716225256,0.6000765235290684,debrepair_debounced_efficiency_repair_1h_solusdt_long_short_lb12_e0p03_x-0p005_hold48_cool0_none_3p0x_0p15_d6eac828,rejected_high_pnl_correlation_duplicate,train_validation_abs_corr_0.7853_above_0.70_to_debrepair_debounced_efficiency_repair_1h_solusdt_long_short_lb12_e0p03_x-0p005_hold48_cool0_none_3p0x_0p15_d6eac828,False,False,False
,debrepair_debounced_efficiency_repair_1h_solusdt_short_only_lb12_e0p02_x0p005_hold36_cool6_adx20_4p0x_0p1_b91a1902,alpha_zoo_debounced_efficiency_repair_discovery,SOLUSDT,1h,debounced_momentum_hysteresis_efficiency_repair,short_only,0.4,0.6870015517663943,0.14612611830794897,0.09839252245540675,0.012667616826911976,0.09619577510917743,244,63,26,14.971938351224278,39.04465176801855,12.18040079510767,0.939729848017762,0.9770600541370799,debrepair_debounced_efficiency_repair_1h_solusdt_short_only_lb12_e0p02_x0p005_hold36_cool0_none_3p0x_0p15_1e40357d,rejected_high_pnl_correlation_duplicate,train_validation_abs_corr_0.9397_above_0.70_to_debrepair_debounced_efficiency_repair_1h_solusdt_short_only_lb12_e0p02_x0p005_hold36_cool0_none_3p0x_0p15_1e40357d;validation_abs_corr_0.9771_above_0.75,False,False,False
,debrepair_debounced_efficiency_repair_1h_solusdt_short_only_lb12_e0p025_x0p0_hold36_cool0_adx20_2p0x_0p15_a7f035e1,alpha_zoo_debounced_efficiency_repair_discovery,SOLUSDT,1h,debounced_momentum_hysteresis_efficiency_repair,short_only,0.3,0.683612671092459,0.21522229166806328,0.0753689639211701,0.02124098968181576,0.07048374853425154,210,51,24,34.162268518740206,49.260760732790914,29.501374558077448,0.8556696583074749,0.8214942675553147,debrepair_debounced_efficiency_repair_1h_solusdt_short_only_lb12_e0p02_x0p005_hold36_cool0_none_3p0x_0p15_1e40357d,rejected_high_pnl_correlation_duplicate,train_validation_abs_corr_0.8557_above_0.70_to_debrepair_debounced_efficiency_repair_1h_solusdt_short_only_lb12_e0p02_x0p005_hold36_cool0_none_3p0x_0p15_1e40357d;validation_abs_corr_0.8215_above_0.75,False,False,False
,debrepair_debounced_efficiency_repair_1h_solusdt_short_only_lb12_e0p025_x0p0_hold36_cool0_adx20_3p0x_0p1_8a3a1aa2,alpha_zoo_debounced_efficiency_repair_discovery,SOLUSDT,1h,debounced_momentum_hysteresis_efficiency_repair,short_only,0.30000000000000004,0.6836126710924587,0.21522229166806306,0.0753689639211701,0.02124098968181598,0.07048374853425154,210,51,24,34.16226851874016,49.26076073279091,29.501374558077746,0.8556696583074749,0.8214942675553147,debrepair_debounced_efficiency_repair_1h_solusdt_short_only_lb12_e0p02_x0p005_hold36_cool0_none_3p0x_0p15_1e40357d,rejected_high_pnl_correlation_duplicate,train_validation_abs_corr_0.8557_above_0.70_to_debrepair_debounced_efficiency_repair_1h_solusdt_short_only_lb12_e0p02_x0p005_hold36_cool0_none_3p0x_0p15_1e40357d;validation_abs_corr_0.8215_above_0.75,False,False,False
,debrepair_debounced_efficiency_repair_1h_solusdt_short_only_lb12_e0p025_x0p0_hold36_cool6_adx20_3p0x_0p15_ee603b40,alpha_zoo_debounced_efficiency_repair_discovery,SOLUSDT,1h,debounced_momentum_hysteresis_efficiency_repair,short_only,0.44999999999999996,0.6668486744673229,0.2854567676093258,0.08591674381102465,0.04484466962314282,0.10884103103370135,208,51,22,30.497517906979258,37.43648967800638,45.29764608398265,0.8437838726812852,0.8067366088425286,debrepair_debounced_efficiency_repair_1h_solusdt_short_only_lb12_e0p02_x0p005_hold36_cool0_none_3p0x_0p15_1e40357d,rejected_high_pnl_correlation_duplicate,train_validation_abs_corr_0.8438_above_0.70_to_debrepair_debounced_efficiency_repair_1h_solusdt_short_only_lb12_e0p02_x0p005_hold36_cool0_none_3p0x_0p15_1e40357d;validation_abs_corr_0.8067_above_0.75,False,False,False
,debrepair_debounced_efficiency_repair_1h_solusdt_short_only_lb12_e0p025_x0p0_hold36_cool12_none_4p0x_0p1_04c979bc,alpha_zoo_debounced_efficiency_repair_discovery,SOLUSDT,1h,debounced_momentum_hysteresis_efficiency_repair,short_only,0.4,0.6646194410366272,0.27276122571078054,0.0773667320282807,0.03855603049874201,0.08349654481867963,208,49,20,32.78380116716112,39.47282246340852,48.195038123427516,0.8343912064905373,0.7825758868496344,debrepair_debounced_efficiency_repair_1h_solusdt_short_only_lb12_e0p02_x0p005_hold36_cool0_none_3p0x_0p15_1e40357d,rejected_high_pnl_correlation_duplicate,train_validation_abs_corr_0.8344_above_0.70_to_debrepair_debounced_efficiency_repair_1h_solusdt_short_only_lb12_e0p02_x0p005_hold36_cool0_none_3p0x_0p15_1e40357d;validation_abs_corr_0.7826_above_0.75,False,False,False
,debrepair_debounced_efficiency_repair_1h_solusdt_short_only_lb12_e0p02_x0p005_hold18_cool0_adx20_4p0x_0p1_f85f64f5,alpha_zoo_debounced_efficiency_repair_discovery,SOLUSDT,1h,debounced_momentum_hysteresis_efficiency_repair,short_only,0.4,0.6548741872693504,0.14583112860108316,0.0935717915033818,0.02141597952280172,0.07674397311011005,342,94,30,10.660170219377422,24.88611476153771,17.846649602334768,0.8246167188084084,0.8503655974307054,debrepair_debounced_efficiency_repair_1h_solusdt_short_only_lb12_e0p02_x0p005_hold36_cool0_none_3p0x_0p15_1e40357d,rejected_high_pnl_correlation_duplicate,train_validation_abs_corr_0.8246_above_0.70_to_debrepair_debounced_efficiency_repair_1h_solusdt_short_only_lb12_e0p02_x0p005_hold36_cool0_none_3p0x_0p15_1e40357d;validation_abs_corr_0.8504_above_0.75,False,False,False
,debrepair_debounced_efficiency_repair_1h_solusdt_long_short_lb12_e0p03_x-0p005_hold48_cool0_adx20_4p0x_0p1_c04d6a79,alpha_zoo_debounced_efficiency_repair_discovery,SOLUSDT,1h,debounced_momentum_hysteresis_efficiency_repair,long_short,0.4,0.6512934676172382,0.15843817249475278,0.0946006148658507,0.011779138544047774,0.10233435888554743,248,61,22,15.971589969229111,38.77074379747979,13.385384709145196,0.7853179716225239,0.6000765235290686,debrepair_debounced_efficiency_repair_1h_solusdt_long_short_lb12_e0p03_x-0p005_hold48_cool0_none_3p0x_0p15_d6eac828,rejected_high_pnl_correlation_duplicate,train_validation_abs_corr_0.7853_above_0.70_to_debrepair_debounced_efficiency_repair_1h_solusdt_long_short_lb12_e0p03_x-0p005_hold48_cool0_none_3p0x_0p15_d6eac828,False,False,False
,a30fb_booster_rs_chandelier_2h_solusdt_lb12_atr0p25_rel0p01_trail3p0_hold18_3p0x_0p1_ff6828e8,alpha_zoo_30m_plus_alpha_booster_discovery,SOLUSDT,2h,relative_strength_chandelier_breakout,long_short,0.30000000000000004,0.6511882196841458,0.23948832625926975,0.07381944628274462,0.032164342607933216,0.07949712456351465,236,49,23,33.82603478238273,50.2173103964249,46.61498928685973,0.9686421082578017,0.9363490594519971,a30fb_booster_rs_chandelier_2h_solusdt_lb12_atr0p25_rel0p005_trail3p0_hold18_4p0x_0p125_9eeb8c26,rejected_high_pnl_correlation_duplicate,train_validation_abs_corr_0.9686_above_0.70_to_a30fb_booster_rs_chandelier_2h_solusdt_lb12_atr0p25_rel0p005_trail3p0_hold18_4p0x_0p125_9eeb8c26;validation_abs_corr_0.9363_above_0.75,False,False,False
,a30fb_booster_rs_chandelier_2h_solusdt_lb12_atr0p25_rel0p01_trail3p0_hold18_2p0x_0p15_fb50ee3d,alpha_zoo_30m_plus_alpha_booster_discovery,SOLUSDT,2h,relative_strength_chandelier_breakout,long_short,0.3,0.6511882196841429,0.2394883262592684,0.0738194462827444,0.032164342607933216,0.07949712456351465,236,49,23,33.82603478238255,50.21731039642476,46.61498928685974,0.9686421082578017,0.9363490594519969,a30fb_booster_rs_chandelier_2h_solusdt_lb12_atr0p25_rel0p005_trail3p0_hold18_4p0x_0p125_9eeb8c26,rejected_high_pnl_correlation_duplicate,train_validation_abs_corr_0.9686_above_0.70_to_a30fb_booster_rs_chandelier_2h_solusdt_lb12_atr0p25_rel0p005_trail3p0_hold18_4p0x_0p125_9eeb8c26;validation_abs_corr_0.9363_above_0.75,False,False,False
,debrepair_debounced_efficiency_repair_1h_solusdt_short_only_lb12_e0p02_x0p005_hold18_cool0_none_2p0x_0p15_9c252c31,alpha_zoo_debounced_efficiency_repair_discovery,SOLUSDT,1h,debounced_momentum_hysteresis_efficiency_repair,short_only,0.3,0.6433573408458627,0.10672955033588782,0.0863507173019662,0.020304038212809905,0.05177408209802936,352,94,30,10.106964993928772,30.620821738285887,22.56004245867767,0.8370076256559829,0.8490869491434345,debrepair_debounced_efficiency_repair_1h_solusdt_short_only_lb12_e0p02_x0p005_hold36_cool0_none_3p0x_0p15_1e40357d,rejected_high_pnl_correlation_duplicate,train_validation_abs_corr_0.8370_above_0.70_to_debrepair_debounced_efficiency_repair_1h_solusdt_short_only_lb12_e0p02_x0p005_hold36_cool0_none_3p0x_0p15_1e40357d;validation_abs_corr_0.8491_above_0.75,False,False,False
,debrepair_debounced_efficiency_repair_1h_solusdt_short_only_lb12_e0p02_x0p005_hold18_cool0_none_3p0x_0p1_93d755d3,alpha_zoo_debounced_efficiency_repair_discovery,SOLUSDT,1h,debounced_momentum_hysteresis_efficiency_repair,short_only,0.30000000000000004,0.6433573408458603,0.1067295503358876,0.08635071730196597,0.02030403821281035,0.051774082098029583,352,94,30,10.106964993928747,30.6208217382858,22.56004245867816,0.8370076256559831,0.8490869491434343,debrepair_debounced_efficiency_repair_1h_solusdt_short_only_lb12_e0p02_x0p005_hold36_cool0_none_3p0x_0p15_1e40357d,rejected_high_pnl_correlation_duplicate,train_validation_abs_corr_0.8370_above_0.70_to_debrepair_debounced_efficiency_repair_1h_solusdt_short_only_lb12_e0p02_x0p005_hold36_cool0_none_3p0x_0p15_1e40357d;validation_abs_corr_0.8491_above_0.75,False,False,False
,a30fb_booster_rs_chandelier_2h_solusdt_lb12_atr0p25_rel0p01_trail2p0_hold18_3p0x_0p1_96d23673,alpha_zoo_30m_plus_alpha_booster_discovery,SOLUSDT,2h,relative_strength_chandelier_breakout,long_short,0.30000000000000004,0.6384834866365231,0.22791111925220875,0.07381944628274462,0.032164342607933216,0.07949712456351465,238,49,23,31.92032482523932,50.2173103964249,46.61498928685973,0.9669939350086408,0.9363490594519971,a30fb_booster_rs_chandelier_2h_solusdt_lb12_atr0p25_rel0p005_trail3p0_hold18_4p0x_0p125_9eeb8c26,rejected_high_pnl_correlation_duplicate,train_validation_abs_corr_0.9670_above_0.70_to_a30fb_booster_rs_chandelier_2h_solusdt_lb12_atr0p25_rel0p005_trail3p0_hold18_4p0x_0p125_9eeb8c26;validation_abs_corr_0.9363_above_0.75,False,False,False
,a30fb_booster_rs_chandelier_2h_solusdt_lb12_atr0p25_rel0p01_trail2p0_hold18_2p0x_0p15_e4835679,alpha_zoo_30m_plus_alpha_booster_discovery,SOLUSDT,2h,relative_strength_chandelier_breakout,long_short,0.3,0.6384834866365203,0.22791111925220764,0.0738194462827444,0.032164342607933216,0.07949712456351465,238,49,23,31.920324825239167,50.21731039642476,46.61498928685974,0.9669939350086408,0.9363490594519969,a30fb_booster_rs_chandelier_2h_solusdt_lb12_atr0p25_rel0p005_trail3p0_hold18_4p0x_0p125_9eeb8c26,rejected_high_pnl_correlation_duplicate,train_validation_abs_corr_0.9670_above_0.70_to_a30fb_booster_rs_chandelier_2h_solusdt_lb12_atr0p25_rel0p005_trail3p0_hold18_4p0x_0p125_9eeb8c26;validation_abs_corr_0.9363_above_0.75,False,False,False
4,debrepair_debounced_efficiency_repair_1h_solusdt_short_only_lb6_e0p02_x0p005_hold12_cool6_none_4p0x_0p1_b27a86b8,alpha_zoo_debounced_efficiency_repair_discovery,SOLUSDT,1h,debounced_momentum_hysteresis_efficiency_repair,short_only,0.4,0.6375613836535556,0.24293293090049795,0.0859147081079703,0.012826162289531373,0.06831475257674935,410,99,32,14.81298359149378,21.69563336059856,10.020439288696386,0.674665190101603,0.7311599263356451,debrepair_debounced_efficiency_repair_1h_solusdt_short_only_lb12_e0p02_x0p005_hold36_cool0_none_3p0x_0p15_1e40357d,selected_corr_diversified_paper_monitor,,True,False,False
,debrepair_debounced_efficiency_repair_1h_solusdt_short_only_lb6_e0p02_x0p005_hold18_cool0_none_3p0x_0p1_59a8ac16,alpha_zoo_debounced_efficiency_repair_discovery,SOLUSDT,1h,debounced_momentum_hysteresis_efficiency_repair,short_only,0.30000000000000004,0.6188226576117477,0.21358588254046107,0.07629906316204127,0.012334253026742292,0.05440482850909634,370,92,30,19.241971400041535,27.644588102188862,13.70472558526921,0.8786032605939735,0.924128048460295,debrepair_debounced_efficiency_repair_1h_solusdt_short_only_lb6_e0p02_x0p005_hold12_cool6_none_4p0x_0p1_b27a86b8,rejected_high_pnl_correlation_duplicate,train_validation_abs_corr_0.8786_above_0.70_to_debrepair_debounced_efficiency_repair_1h_solusdt_short_only_lb6_e0p02_x0p005_hold12_cool6_none_4p0x_0p1_b27a86b8;validation_abs_corr_0.9241_above_0.75,False,False,False
,debrepair_debounced_efficiency_repair_1h_solusdt_short_only_lb6_e0p02_x0p005_hold18_cool0_none_2p0x_0p15_99448b7f,alpha_zoo_debounced_efficiency_repair_discovery,SOLUSDT,1h,debounced_momentum_hysteresis_efficiency_repair,short_only,0.3,0.6188226576117474,0.21358588254046063,0.07629906316204127,0.012334253026741848,0.05440482850909634,370,92,30,19.241971400041496,27.64458810218887,13.70472558526872,0.8786032605939738,0.9241280484602951,debrepair_debounced_efficiency_repair_1h_solusdt_short_only_lb6_e0p02_x0p005_hold12_cool6_none_4p0x_0p1_b27a86b8,rejected_high_pnl_correlation_duplicate,train_validation_abs_corr_0.8786_above_0.70_to_debrepair_debounced_efficiency_repair_1h_solusdt_short_only_lb6_e0p02_x0p005_hold12_cool6_none_4p0x_0p1_b27a86b8;validation_abs_corr_0.9241_above_0.75,False,False,False
,debrepair_debounced_efficiency_repair_1h_solusdt_short_only_lb12_e0p025_x0p0_hold36_cool6_adx20_4p0x_0p1_d29a687c,alpha_zoo_debounced_efficiency_repair_discovery,SOLUSDT,1h,debounced_momentum_hysteresis_efficiency_repair,short_only,0.4,0.6187963375236019,0.25542583242718586,0.0768244043940518,0.03987795606233635,0.09717351629324678,208,51,22,30.700220243652147,37.65902176179009,45.31585916174585,0.8437838726812875,0.8067366088425276,debrepair_debounced_efficiency_repair_1h_solusdt_short_only_lb12_e0p02_x0p005_hold36_cool0_none_3p0x_0p15_1e40357d,rejected_high_pnl_correlation_duplicate,train_validation_abs_corr_0.8438_above_0.70_to_debrepair_debounced_efficiency_repair_1h_solusdt_short_only_lb12_e0p02_x0p005_hold36_cool0_none_3p0x_0p15_1e40357d;validation_abs_corr_0.8067_above_0.75,False,False,False
,a30fb_booster_rs_chandelier_2h_solusdt_lb12_atr0p25_rel0p0_trail3p0_hold18_4p0x_0p125_09855687,alpha_zoo_30m_plus_alpha_booster_discovery,SOLUSDT,2h,relative_strength_chandelier_breakout,long_short,0.5,0.6173299233031938,0.2470105493669983,0.09112800585780478,0.051460508324018495,0.11979628291814637,244,59,32,20.246766341557237,30.890849443323656,32.16281770251156,0.9237964262694338,0.9084468827948341,a30fb_booster_rs_chandelier_2h_solusdt_lb12_atr0p25_rel0p005_trail3p0_hold18_4p0x_0p125_9eeb8c26,rejected_high_pnl_correlation_duplicate,train_validation_abs_corr_0.9238_above_0.70_to_a30fb_booster_rs_chandelier_2h_solusdt_lb12_atr0p25_rel0p005_trail3p0_hold18_4p0x_0p125_9eeb8c26;validation_abs_corr_0.9084_above_0.75,False,False,False
,a30fb_booster_rs_chandelier_2h_solusdt_lb12_atr0p25_rel0p0_trail3p0_hold18_5p0x_0p1_9ba7d42a,alpha_zoo_30m_plus_alpha_booster_discovery,SOLUSDT,2h,relative_strength_chandelier_breakout,long_short,0.5,0.6173299233031938,0.2470105493669983,0.09112800585780478,0.051460508324018495,0.11979628291814637,244,59,32,20.246766341557237,30.890849443323656,32.16281770251156,0.9237964262694338,0.9084468827948341,a30fb_booster_rs_chandelier_2h_solusdt_lb12_atr0p25_rel0p005_trail3p0_hold18_4p0x_0p125_9eeb8c26,rejected_high_pnl_correlation_duplicate,train_validation_abs_corr_0.9238_above_0.70_to_a30fb_booster_rs_chandelier_2h_solusdt_lb12_atr0p25_rel0p005_trail3p0_hold18_4p0x_0p125_9eeb8c26;validation_abs_corr_0.9084_above_0.75,False,False,False
,debrepair_debounced_efficiency_repair_1h_solusdt_short_only_lb6_e0p02_x0p005_hold18_cool0_adx20_2p0x_0p15_07b26490,alpha_zoo_debounced_efficiency_repair_discovery,SOLUSDT,1h,debounced_momentum_hysteresis_efficiency_repair,short_only,0.3,0.614838204934646,0.17597511028478663,0.07826407156504134,0.012334253026741848,0.052678447318764254,372,92,30,15.768379057776581,28.356547668493242,13.70472558526872,0.8741353773936973,0.9232632001915088,debrepair_debounced_efficiency_repair_1h_solusdt_short_only_lb6_e0p02_x0p005_hold12_cool6_none_4p0x_0p1_b27a86b8,rejected_high_pnl_correlation_duplicate,train_validation_abs_corr_0.8741_above_0.70_to_debrepair_debounced_efficiency_repair_1h_solusdt_short_only_lb6_e0p02_x0p005_hold12_cool6_none_4p0x_0p1_b27a86b8;validation_abs_corr_0.9233_above_0.75,False,False,False
,debrepair_debounced_efficiency_repair_1h_solusdt_short_only_lb6_e0p02_x0p005_hold18_cool0_adx20_3p0x_0p1_990b654b,alpha_zoo_debounced_efficiency_repair_discovery,SOLUSDT,1h,debounced_momentum_hysteresis_efficiency_repair,short_only,0.30000000000000004,0.6148382049346393,0.1759751102847884,0.07826407156504045,0.012334253026742292,0.05267844731876459,372,92,30,15.768379057776736,28.356547668492908,13.70472558526921,0.8741353773936972,0.923263200191509,debrepair_debounced_efficiency_repair_1h_solusdt_short_only_lb6_e0p02_x0p005_hold12_cool6_none_4p0x_0p1_b27a86b8,rejected_high_pnl_correlation_duplicate,train_validation_abs_corr_0.8741_above_0.70_to_debrepair_debounced_efficiency_repair_1h_solusdt_short_only_lb6_e0p02_x0p005_hold12_cool6_none_4p0x_0p1_b27a86b8;validation_abs_corr_0.9233_above_0.75,False,False,False
,debrepair_debounced_efficiency_repair_1h_solusdt_short_only_lb6_e0p02_x0p005_hold12_cool6_adx20_4p0x_0p1_200ca6b9,alpha_zoo_debounced_efficiency_repair_discovery,SOLUSDT,1h,debounced_momentum_hysteresis_efficiency_repair,short_only,0.4,0.6101768209752704,0.172376278333348,0.08611935274357663,0.012826162289531373,0.0683147525767498,412,99,32,10.459725627023543,21.747311298882988,10.020439288696386,0.9950710406686364,0.9990733354588369,debrepair_debounced_efficiency_repair_1h_solusdt_short_only_lb6_e0p02_x0p005_hold12_cool6_none_4p0x_0p1_b27a86b8,rejected_high_pnl_correlation_duplicate,train_validation_abs_corr_0.9951_above_0.70_to_debrepair_debounced_efficiency_repair_1h_solusdt_short_only_lb6_e0p02_x0p005_hold12_cool6_none_4p0x_0p1_b27a86b8;validation_abs_corr_0.9991_above_0.75,False,False,False
,a30fb_booster_rs_chandelier_2h_solusdt_lb12_atr0p25_rel0p0_trail2p0_hold18_4p0x_0p125_6573a062,alpha_zoo_30m_plus_alpha_booster_discovery,SOLUSDT,2h,relative_strength_chandelier_breakout,long_short,0.5,0.605729496018829,0.22763243766150087,0.09112800585780478,0.051460508324018495,0.11979628291814637,246,59,32,18.50670224890251,30.890849443323656,32.16281770251156,0.9221848183666287,0.9084468827948341,a30fb_booster_rs_chandelier_2h_solusdt_lb12_atr0p25_rel0p005_trail3p0_hold18_4p0x_0p125_9eeb8c26,rejected_high_pnl_correlation_duplicate,train_validation_abs_corr_0.9222_above_0.70_to_a30fb_booster_rs_chandelier_2h_solusdt_lb12_atr0p25_rel0p005_trail3p0_hold18_4p0x_0p125_9eeb8c26;validation_abs_corr_0.9084_above_0.75,False,False,False
,a30fb_booster_rs_chandelier_2h_solusdt_lb12_atr0p25_rel0p0_trail2p0_hold18_5p0x_0p1_c28e80e1,alpha_zoo_30m_plus_alpha_booster_discovery,SOLUSDT,2h,relative_strength_chandelier_breakout,long_short,0.5,0.605729496018829,0.22763243766150087,0.09112800585780478,0.051460508324018495,0.11979628291814637,246,59,32,18.50670224890251,30.890849443323656,32.16281770251156,0.9221848183666287,0.9084468827948341,a30fb_booster_rs_chandelier_2h_solusdt_lb12_atr0p25_rel0p005_trail3p0_hold18_4p0x_0p125_9eeb8c26,rejected_high_pnl_correlation_duplicate,train_validation_abs_corr_0.9222_above_0.70_to_a30fb_booster_rs_chandelier_2h_solusdt_lb12_atr0p25_rel0p005_trail3p0_hold18_4p0x_0p125_9eeb8c26;validation_abs_corr_0.9084_above_0.75,False,False,False
,a30fb_booster_rs_chandelier_2h_solusdt_lb12_atr0p25_rel0p0_trail3p0_hold18_3p0x_0p15_ed6820f0,alpha_zoo_30m_plus_alpha_booster_discovery,SOLUSDT,2h,relative_strength_chandelier_breakout,long_short,0.44999999999999996,0.5739322443253795,0.22530822540985906,0.08255947673729058,0.04646089678948795,0.10813136748527619,244,59,32,20.51987480964108,31.095848111973858,32.26451165936663,0.9237964262694297,0.9084468827948353,a30fb_booster_rs_chandelier_2h_solusdt_lb12_atr0p25_rel0p005_trail3p0_hold18_4p0x_0p125_9eeb8c26,rejected_high_pnl_correlation_duplicate,train_validation_abs_corr_0.9238_above_0.70_to_a30fb_booster_rs_chandelier_2h_solusdt_lb12_atr0p25_rel0p005_trail3p0_hold18_4p0x_0p125_9eeb8c26;validation_abs_corr_0.9084_above_0.75,False,False,False
5,debrepair_debounced_efficiency_repair_1h_ethusdt_long_short_lb6_e0p02_x0p005_hold48_cool6_adx20_3p0x_0p1_236cf336,alpha_zoo_debounced_efficiency_repair_discovery,ETHUSDT,1h,debounced_momentum_hysteresis_efficiency_repair,long_short,0.30000000000000004,0.5676156971086295,0.11639687680058386,0.08333447331241417,0.014278695722198309,0.09772198994004588,250,59,29,15.519583573411179,47.08162334034698,16.412293933561273,0.22895343277826377,0.24298724197439758,debrepair_debounced_efficiency_repair_1h_solusdt_long_short_lb12_e0p03_x-0p005_hold48_cool0_none_3p0x_0p15_d6eac828,selected_corr_diversified_paper_monitor,,True,False,False
,debrepair_debounced_efficiency_repair_1h_ethusdt_long_short_lb6_e0p02_x0p005_hold48_cool6_adx20_2p0x_0p15_5f977da5,alpha_zoo_debounced_efficiency_repair_discovery,ETHUSDT,1h,debounced_momentum_hysteresis_efficiency_repair,long_short,0.3,0.5676156971086266,0.11639687680058253,0.08333447331241395,0.014278695722198309,0.09772198994004588,250,59,29,15.519583573411003,47.081623340346866,16.412293933561276,1.0,1.0,debrepair_debounced_efficiency_repair_1h_ethusdt_long_short_lb6_e0p02_x0p005_hold48_cool6_adx20_3p0x_0p1_236cf336,rejected_high_pnl_correlation_duplicate,train_validation_abs_corr_1.0000_above_0.70_to_debrepair_debounced_efficiency_repair_1h_ethusdt_long_short_lb6_e0p02_x0p005_hold48_cool6_adx20_3p0x_0p1_236cf336;validation_abs_corr_1.0000_above_0.75,False,False,False
,debrepair_debounced_efficiency_repair_1h_solusdt_short_only_lb12_e0p02_x0p005_hold36_cool0_adx20_4p0x_0p1_c05661f5,alpha_zoo_debounced_efficiency_repair_discovery,SOLUSDT,1h,debounced_momentum_hysteresis_efficiency_repair,short_only,0.4,0.566796805586977,0.20126810306722853,0.08425522375827188,0.012667616826911976,0.11681185992867515,250,65,26,20.126810306722852,32.40585529164303,12.18040079510767,0.9704205446149863,0.9850680114019869,debrepair_debounced_efficiency_repair_1h_solusdt_short_only_lb12_e0p02_x0p005_hold36_cool0_none_3p0x_0p15_1e40357d,rejected_high_pnl_correlation_duplicate,train_validation_abs_corr_0.9704_above_0.70_to_debrepair_debounced_efficiency_repair_1h_solusdt_short_only_lb12_e0p02_x0p005_hold36_cool0_none_3p0x_0p15_1e40357d;validation_abs_corr_0.9851_above_0.75,False,False,False
,a30fb_booster_rs_chandelier_2h_solusdt_lb12_atr0p25_rel0p01_trail2p0_hold12_3p0x_0p1_b5d9c18f,alpha_zoo_30m_plus_alpha_booster_discovery,SOLUSDT,2h,relative_strength_chandelier_breakout,long_short,0.30000000000000004,0.5644978408058383,0.09288826095304525,0.07577996458544467,0.030449421600885707,0.05353806340624312,286,57,26,10.826137640215064,44.31576876341793,39.03772000113552,0.8320159306355146,0.8154883059332683,a30fb_booster_rs_chandelier_2h_solusdt_lb12_atr0p25_rel0p005_trail3p0_hold18_4p0x_0p125_9eeb8c26,rejected_high_pnl_correlation_duplicate,train_validation_abs_corr_0.8320_above_0.70_to_a30fb_booster_rs_chandelier_2h_solusdt_lb12_atr0p25_rel0p005_trail3p0_hold18_4p0x_0p125_9eeb8c26;validation_abs_corr_0.8155_above_0.75,False,False,False
,a30fb_booster_rs_chandelier_2h_solusdt_lb12_atr0p25_rel0p01_trail2p0_hold12_2p0x_0p15_ce11185e,alpha_zoo_30m_plus_alpha_booster_discovery,SOLUSDT,2h,relative_strength_chandelier_breakout,long_short,0.3,0.5644978408058361,0.09288826095304481,0.07577996458544445,0.030449421600885707,0.05353806340624312,286,57,26,10.826137640215013,44.315768763417815,39.03772000113552,0.8320159306355147,0.8154883059332682,a30fb_booster_rs_chandelier_2h_solusdt_lb12_atr0p25_rel0p005_trail3p0_hold18_4p0x_0p125_9eeb8c26,rejected_high_pnl_correlation_duplicate,train_validation_abs_corr_0.8320_above_0.70_to_a30fb_booster_rs_chandelier_2h_solusdt_lb12_atr0p25_rel0p005_trail3p0_hold18_4p0x_0p125_9eeb8c26;validation_abs_corr_0.8155_above_0.75,False,False,False
,a30fb_booster_rs_chandelier_2h_solusdt_lb12_atr0p25_rel0p01_trail3p0_hold12_3p0x_0p1_9ed17b35,alpha_zoo_30m_plus_alpha_booster_discovery,SOLUSDT,2h,relative_strength_chandelier_breakout,long_short,0.30000000000000004,0.5642347161492938,0.09254961952007257,0.07577996458544467,0.030449421600885707,0.05353806340624312,286,57,26,10.786668941733398,44.31576876341793,39.03772000113552,0.8320257160298721,0.8154883059332683,a30fb_booster_rs_chandelier_2h_solusdt_lb12_atr0p25_rel0p005_trail3p0_hold18_4p0x_0p125_9eeb8c26,rejected_high_pnl_correlation_duplicate,train_validation_abs_corr_0.8320_above_0.70_to_a30fb_booster_rs_chandelier_2h_solusdt_lb12_atr0p25_rel0p005_trail3p0_hold18_4p0x_0p125_9eeb8c26;validation_abs_corr_0.8155_above_0.75,False,False,False
,a30fb_booster_rs_chandelier_2h_solusdt_lb12_atr0p25_rel0p01_trail3p0_hold12_2p0x_0p15_67a10879,alpha_zoo_30m_plus_alpha_booster_discovery,SOLUSDT,2h,relative_strength_chandelier_breakout,long_short,0.3,0.5642347161492919,0.09254961952007235,0.07577996458544445,0.030449421600885707,0.05353806340624312,286,57,26,10.786668941733375,44.315768763417815,39.03772000113552,0.8320257160298722,0.8154883059332682,a30fb_booster_rs_chandelier_2h_solusdt_lb12_atr0p25_rel0p005_trail3p0_hold18_4p0x_0p125_9eeb8c26,rejected_high_pnl_correlation_duplicate,train_validation_abs_corr_0.8320_above_0.70_to_a30fb_booster_rs_chandelier_2h_solusdt_lb12_atr0p25_rel0p005_trail3p0_hold18_4p0x_0p125_9eeb8c26;validation_abs_corr_0.8155_above_0.75,False,False,False
6,debrepair_debounced_efficiency_repair_2h_ethusdt_long_short_lb6_e0p02_x0p005_hold24_cool0_trend_strength2_3p0x_0p15_c6ebae40,alpha_zoo_debounced_efficiency_repair_discovery,ETHUSDT,2h,debounced_momentum_hysteresis_efficiency_repair,long_short,0.44999999999999996,0.5636540017555234,0.170562319511794,0.07892078566447691,0.02367768700711137,0.0918977085578504,208,45,22,18.22247003331133,38.97322748863058,23.91685556273876,0.32737961211769073,0.3497854342961281,a30fb_booster_rs_chandelier_2h_solusdt_lb12_atr0p25_rel0p005_trail3p0_hold18_4p0x_0p125_9eeb8c26,selected_corr_diversified_paper_monitor,,True,False,False
,a30fb_booster_rs_chandelier_2h_solusdt_lb12_atr0p25_rel0p0_trail2p0_hold18_3p0x_0p15_be9815a7,alpha_zoo_30m_plus_alpha_booster_discovery,SOLUSDT,2h,relative_strength_chandelier_breakout,long_short,0.44999999999999996,0.5624952302336995,0.2081638522434921,0.08255947673729058,0.04646089678948795,0.10813136748527619,246,59,32,18.80432269588908,31.095848111973858,32.26451165936663,0.9221848183666251,0.9084468827948353,a30fb_booster_rs_chandelier_2h_solusdt_lb12_atr0p25_rel0p005_trail3p0_hold18_4p0x_0p125_9eeb8c26,rejected_high_pnl_correlation_duplicate,train_validation_abs_corr_0.9222_above_0.70_to_a30fb_booster_rs_chandelier_2h_solusdt_lb12_atr0p25_rel0p005_trail3p0_hold18_4p0x_0p125_9eeb8c26;validation_abs_corr_0.9084_above_0.75,False,False,False
,debrepair_debounced_efficiency_repair_1h_ethusdt_long_short_lb6_e0p02_x0p005_hold48_cool6_none_3p0x_0p1_7865a8ae,alpha_zoo_debounced_efficiency_repair_discovery,ETHUSDT,1h,debounced_momentum_hysteresis_efficiency_repair,long_short,0.30000000000000004,0.5594257633983734,0.10718320137654569,0.08333447331241417,0.016427241454975983,0.09772198994004588,250,59,29,14.291093516872754,47.08162334034698,18.88188672985745,0.9974437502944392,1.0,debrepair_debounced_efficiency_repair_1h_ethusdt_long_short_lb6_e0p02_x0p005_hold48_cool6_adx20_3p0x_0p1_236cf336,rejected_high_pnl_correlation_duplicate,train_validation_abs_corr_0.9974_above_0.70_to_debrepair_debounced_efficiency_repair_1h_ethusdt_long_short_lb6_e0p02_x0p005_hold48_cool6_adx20_3p0x_0p1_236cf336;validation_abs_corr_1.0000_above_0.75,False,False,False
,debrepair_debounced_efficiency_repair_1h_ethusdt_long_short_lb6_e0p02_x0p005_hold48_cool6_none_2p0x_0p15_3a8c496f,alpha_zoo_debounced_efficiency_repair_discovery,ETHUSDT,1h,debounced_momentum_hysteresis_efficiency_repair,long_short,0.3,0.5594257633983714,0.10718320137654547,0.08333447331241395,0.016427241454975983,0.09772198994004588,250,59,29,14.291093516872728,47.081623340346866,18.881886729857452,0.9974437502944391,1.0,debrepair_debounced_efficiency_repair_1h_ethusdt_long_short_lb6_e0p02_x0p005_hold48_cool6_adx20_3p0x_0p1_236cf336,rejected_high_pnl_correlation_duplicate,train_validation_abs_corr_0.9974_above_0.70_to_debrepair_debounced_efficiency_repair_1h_ethusdt_long_short_lb6_e0p02_x0p005_hold48_cool6_adx20_3p0x_0p1_236cf336;validation_abs_corr_1.0000_above_0.75,False,False,False
,debrepair_debounced_efficiency_repair_1h_solusdt_short_only_lb12_e0p025_x0p0_hold36_cool12_none_3p0x_0p1_6945c0fc,alpha_zoo_debounced_efficiency_repair_discovery,SOLUSDT,1h,debounced_momentum_hysteresis_efficiency_repair,short_only,0.30000000000000004,0.5562771254969338,0.20574262498222007,0.058551175412482115,0.02894652053697233,0.06303138728939961,208,49,20,32.971574516381416,39.83073157311707,48.24420089495388,0.8343912064905414,0.7825758868496323,debrepair_debounced_efficiency_repair_1h_solusdt_short_only_lb12_e0p02_x0p005_hold36_cool0_none_3p0x_0p15_1e40357d,rejected_high_pnl_correlation_duplicate,train_validation_abs_corr_0.8344_above_0.70_to_debrepair_debounced_efficiency_repair_1h_solusdt_short_only_lb12_e0p02_x0p005_hold36_cool0_none_3p0x_0p15_1e40357d;validation_abs_corr_0.7826_above_0.75,False,False,False
,debrepair_debounced_efficiency_repair_1h_solusdt_short_only_lb12_e0p025_x0p0_hold36_cool12_none_2p0x_0p15_06dfa05d,alpha_zoo_debounced_efficiency_repair_discovery,SOLUSDT,1h,debounced_momentum_hysteresis_efficiency_repair,short_only,0.3,0.5562771254969335,0.20574262498221985,0.058551175412482115,0.02894652053697211,0.06303138728939961,208,49,20,32.97157451638138,39.830731573117085,48.244200894953515,0.8343912064905414,0.7825758868496325,debrepair_debounced_efficiency_repair_1h_solusdt_short_only_lb12_e0p02_x0p005_hold36_cool0_none_3p0x_0p15_1e40357d,rejected_high_pnl_correlation_duplicate,train_validation_abs_corr_0.8344_above_0.70_to_debrepair_debounced_efficiency_repair_1h_solusdt_short_only_lb12_e0p02_x0p005_hold36_cool0_none_3p0x_0p15_1e40357d;validation_abs_corr_0.7826_above_0.75,False,False,False
,debrepair_debounced_efficiency_repair_1h_solusdt_short_only_lb12_e0p02_x0p005_hold36_cool6_adx20_2p0x_0p15_087c8689,alpha_zoo_debounced_efficiency_repair_discovery,SOLUSDT,1h,debounced_momentum_hysteresis_efficiency_repair,short_only,0.3,0.5470312814479749,0.11547980041865213,0.07430889964519771,0.009643173033802244,0.07252638791994193,244,63,26,15.775929018941548,39.31687811915223,12.363042351028517,0.93972984801776,0.9770600541370796,debrepair_debounced_efficiency_repair_1h_solusdt_short_only_lb12_e0p02_x0p005_hold36_cool0_none_3p0x_0p15_1e40357d,rejected_high_pnl_correlation_duplicate,train_validation_abs_corr_0.9397_above_0.70_to_debrepair_debounced_efficiency_repair_1h_solusdt_short_only_lb12_e0p02_x0p005_hold36_cool0_none_3p0x_0p15_1e40357d;validation_abs_corr_0.9771_above_0.75,False,False,False
,debrepair_debounced_efficiency_repair_1h_solusdt_short_only_lb12_e0p02_x0p005_hold36_cool6_adx20_3p0x_0p1_98546977,alpha_zoo_debounced_efficiency_repair_discovery,SOLUSDT,1h,debounced_momentum_hysteresis_efficiency_repair,short_only,0.30000000000000004,0.5470312814479746,0.11547980041865213,0.07430889964519771,0.009643173033802688,0.07252638791994204,244,63,26,15.775929018941547,39.31687811915222,12.363042351029087,0.9397298480177598,0.9770600541370794,debrepair_debounced_efficiency_repair_1h_solusdt_short_only_lb12_e0p02_x0p005_hold36_cool0_none_3p0x_0p15_1e40357d,rejected_high_pnl_correlation_duplicate,train_validation_abs_corr_0.9397_above_0.70_to_debrepair_debounced_efficiency_repair_1h_solusdt_short_only_lb12_e0p02_x0p005_hold36_cool0_none_3p0x_0p15_1e40357d;validation_abs_corr_0.9771_above_0.75,False,False,False
,a30fb_booster_rs_chandelier_2h_solusdt_lb12_atr0p5_rel0p005_trail2p0_hold12_3p0x_0p1_009ee0a3,alpha_zoo_30m_plus_alpha_booster_discovery,SOLUSDT,2h,relative_strength_chandelier_breakout,long_short,0.30000000000000004,0.5455311546717995,0.18708789566702944,0.05987390931074499,0.017655028075666213,0.053631542506232255,232,45,26,26.880444779745606,44.35104393388517,22.634651379059243,0.7343850075856837,0.6845366716159307,a30fb_booster_rs_chandelier_2h_solusdt_lb12_atr0p25_rel0p005_trail3p0_hold18_4p0x_0p125_9eeb8c26,rejected_high_pnl_correlation_duplicate,train_validation_abs_corr_0.7344_above_0.70_to_a30fb_booster_rs_chandelier_2h_solusdt_lb12_atr0p25_rel0p005_trail3p0_hold18_4p0x_0p125_9eeb8c26,False,False,False
,a30fb_booster_rs_chandelier_2h_solusdt_lb12_atr0p5_rel0p005_trail2p0_hold12_2p0x_0p15_854256af,alpha_zoo_30m_plus_alpha_booster_discovery,SOLUSDT,2h,relative_strength_chandelier_breakout,long_short,0.3,0.545531154671796,0.18708789566702788,0.059873909310744766,0.017655028075666213,0.053631542506232366,232,45,26,26.880444779745385,44.35104393388501,22.634651379059246,0.7343850075856837,0.6845366716159307,a30fb_booster_rs_chandelier_2h_solusdt_lb12_atr0p25_rel0p005_trail3p0_hold18_4p0x_0p125_9eeb8c26,rejected_high_pnl_correlation_duplicate,train_validation_abs_corr_0.7344_above_0.70_to_a30fb_booster_rs_chandelier_2h_solusdt_lb12_atr0p25_rel0p005_trail3p0_hold18_4p0x_0p125_9eeb8c26,False,False,False
,a30fb_booster_rs_chandelier_2h_solusdt_lb12_atr0p5_rel0p005_trail3p0_hold12_3p0x_0p1_9edf2312,alpha_zoo_30m_plus_alpha_booster_discovery,SOLUSDT,2h,relative_strength_chandelier_breakout,long_short,0.30000000000000004,0.5451788270356127,0.18672006561485044,0.05987390931074499,0.017655028075666213,0.053631542506232255,232,45,26,26.82759563431759,44.35104393388517,22.634651379059243,0.734395740735051,0.6845366716159307,a30fb_booster_rs_chandelier_2h_solusdt_lb12_atr0p25_rel0p005_trail3p0_hold18_4p0x_0p125_9eeb8c26,rejected_high_pnl_correlation_duplicate,train_validation_abs_corr_0.7344_above_0.70_to_a30fb_booster_rs_chandelier_2h_solusdt_lb12_atr0p25_rel0p005_trail3p0_hold18_4p0x_0p125_9eeb8c26,False,False,False
,a30fb_booster_rs_chandelier_2h_solusdt_lb12_atr0p5_rel0p005_trail3p0_hold12_2p0x_0p15_f7197477,alpha_zoo_30m_plus_alpha_booster_discovery,SOLUSDT,2h,relative_strength_chandelier_breakout,long_short,0.3,0.5451788270356107,0.18672006561485044,0.059873909310744766,0.017655028075666213,0.053631542506232366,232,45,26,26.827595634317593,44.35104393388501,22.634651379059246,0.7343957407350513,0.6845366716159307,a30fb_booster_rs_chandelier_2h_solusdt_lb12_atr0p25_rel0p005_trail3p0_hold18_4p0x_0p125_9eeb8c26,rejected_high_pnl_correlation_duplicate,train_validation_abs_corr_0.7344_above_0.70_to_a30fb_booster_rs_chandelier_2h_solusdt_lb12_atr0p25_rel0p005_trail3p0_hold18_4p0x_0p125_9eeb8c26,False,False,False
,debrepair_debounced_efficiency_repair_1h_solusdt_long_short_lb12_e0p03_x-0p005_hold48_cool0_adx20_2p0x_0p15_3c896169,alpha_zoo_debounced_efficiency_repair_discovery,SOLUSDT,1h,debounced_momentum_hysteresis_efficiency_repair,long_short,0.3,0.5258992055483632,0.12713001936616308,0.071790129474391,0.009115345783357487,0.07750880910463831,248,61,22,17.08736819437676,39.229578947754646,13.811129974784071,0.7853179716225246,0.6000765235290693,debrepair_debounced_efficiency_repair_1h_solusdt_long_short_lb12_e0p03_x-0p005_hold48_cool0_none_3p0x_0p15_d6eac828,rejected_high_pnl_correlation_duplicate,train_validation_abs_corr_0.7853_above_0.70_to_debrepair_debounced_efficiency_repair_1h_solusdt_long_short_lb12_e0p03_x-0p005_hold48_cool0_none_3p0x_0p15_d6eac828,False,False,False
,debrepair_debounced_efficiency_repair_1h_solusdt_long_short_lb12_e0p03_x-0p005_hold48_cool0_adx20_3p0x_0p1_e6814b9e,alpha_zoo_debounced_efficiency_repair_discovery,SOLUSDT,1h,debounced_momentum_hysteresis_efficiency_repair,long_short,0.30000000000000004,0.5258992055483629,0.1271300193661633,0.071790129474391,0.009115345783357709,0.07750880910463853,248,61,22,17.087368194376786,39.22957894775464,13.811129974784405,0.7853179716225246,0.6000765235290694,debrepair_debounced_efficiency_repair_1h_solusdt_long_short_lb12_e0p03_x-0p005_hold48_cool0_none_3p0x_0p15_d6eac828,rejected_high_pnl_correlation_duplicate,train_validation_abs_corr_0.7853_above_0.70_to_debrepair_debounced_efficiency_repair_1h_solusdt_long_short_lb12_e0p03_x-0p005_hold48_cool0_none_3p0x_0p15_d6eac828,False,False,False
,debrepair_debounced_efficiency_repair_1h_solusdt_short_only_lb12_e0p025_x0p0_hold36_cool6_adx20_2p0x_0p15_5ffcd988,alpha_zoo_debounced_efficiency_repair_discovery,SOLUSDT,1h,debounced_momentum_hysteresis_efficiency_repair,short_only,0.3,0.5198829850726091,0.19362667228210184,0.05827218211888696,0.02993077139497169,0.07352028737199001,208,51,22,31.029915429824015,38.08639354175619,45.34965362874499,0.8437838726812881,0.806736608842528,debrepair_debounced_efficiency_repair_1h_solusdt_short_only_lb12_e0p02_x0p005_hold36_cool0_none_3p0x_0p15_1e40357d,rejected_high_pnl_correlation_duplicate,train_validation_abs_corr_0.8438_above_0.70_to_debrepair_debounced_efficiency_repair_1h_solusdt_short_only_lb12_e0p02_x0p005_hold36_cool0_none_3p0x_0p15_1e40357d;validation_abs_corr_0.8067_above_0.75,False,False,False
,debrepair_debounced_efficiency_repair_1h_solusdt_short_only_lb12_e0p025_x0p0_hold36_cool6_adx20_3p0x_0p1_f4266890,alpha_zoo_debounced_efficiency_repair_discovery,SOLUSDT,1h,debounced_momentum_hysteresis_efficiency_repair,short_only,0.30000000000000004,0.5198829850726091,0.19362667228210184,0.05827218211888696,0.02993077139497191,0.07352028737199001,208,51,22,31.029915429824012,38.08639354175618,45.349653628745315,0.843783872681288,0.806736608842528,debrepair_debounced_efficiency_repair_1h_solusdt_short_only_lb12_e0p02_x0p005_hold36_cool0_none_3p0x_0p15_1e40357d,rejected_high_pnl_correlation_duplicate,train_validation_abs_corr_0.8438_above_0.70_to_debrepair_debounced_efficiency_repair_1h_solusdt_short_only_lb12_e0p02_x0p005_hold36_cool0_none_3p0x_0p15_1e40357d;validation_abs_corr_0.8067_above_0.75,False,False,False
,debrepair_debounced_efficiency_repair_2h_ethusdt_long_short_lb6_e0p02_x0p005_hold24_cool0_trend_strength2_4p0x_0p1_d3b31f6d,alpha_zoo_debounced_efficiency_repair_discovery,ETHUSDT,2h,debounced_momentum_hysteresis_efficiency_repair,long_short,0.4,0.5191514186683058,0.15443960436327653,0.07060545667446694,0.0211392135458619,0.08202095885541216,208,45,22,18.562452447509198,39.22525370803719,24.02183357484307,0.9999999999999982,1.0,debrepair_debounced_efficiency_repair_2h_ethusdt_long_short_lb6_e0p02_x0p005_hold24_cool0_trend_strength2_3p0x_0p15_c6ebae40,rejected_high_pnl_correlation_duplicate,train_validation_abs_corr_1.0000_above_0.70_to_debrepair_debounced_efficiency_repair_2h_ethusdt_long_short_lb6_e0p02_x0p005_hold24_cool0_trend_strength2_3p0x_0p15_c6ebae40;validation_abs_corr_1.0000_above_0.75,False,False,False
,debrepair_debounced_efficiency_repair_1h_solusdt_short_only_lb12_e0p02_x0p005_hold18_cool0_adx20_2p0x_0p15_a7b41433,alpha_zoo_debounced_efficiency_repair_discovery,SOLUSDT,1h,debounced_momentum_hysteresis_efficiency_repair,short_only,0.3,0.5106568386074039,0.11349502055232819,0.07047524178677467,0.016125555179662632,0.05780552398125516,342,94,30,11.061892841357524,24.991220491764068,17.91728353295848,0.8246167188084077,0.8503655974307053,debrepair_debounced_efficiency_repair_1h_solusdt_short_only_lb12_e0p02_x0p005_hold36_cool0_none_3p0x_0p15_1e40357d,rejected_high_pnl_correlation_duplicate,train_validation_abs_corr_0.8246_above_0.70_to_debrepair_debounced_efficiency_repair_1h_solusdt_short_only_lb12_e0p02_x0p005_hold36_cool0_none_3p0x_0p15_1e40357d;validation_abs_corr_0.8504_above_0.75,False,False,False
,debrepair_debounced_efficiency_repair_1h_solusdt_short_only_lb12_e0p02_x0p005_hold18_cool0_adx20_3p0x_0p1_06ff9e4e,alpha_zoo_debounced_efficiency_repair_discovery,SOLUSDT,1h,debounced_momentum_hysteresis_efficiency_repair,short_only,0.30000000000000004,0.5106568386074032,0.11349502055232707,0.07047524178677467,0.016125555179662854,0.05780552398125516,342,94,30,11.061892841357414,24.991220491764064,17.917283532958724,0.8246167188084073,0.8503655974307053,debrepair_debounced_efficiency_repair_1h_solusdt_short_only_lb12_e0p02_x0p005_hold36_cool0_none_3p0x_0p15_1e40357d,rejected_high_pnl_correlation_duplicate,train_validation_abs_corr_0.8246_above_0.70_to_debrepair_debounced_efficiency_repair_1h_solusdt_short_only_lb12_e0p02_x0p005_hold36_cool0_none_3p0x_0p15_1e40357d;validation_abs_corr_0.8504_above_0.75,False,False,False
,a30fb_booster_rs_chandelier_2h_solusdt_lb12_atr0p5_rel0p005_trail2p0_hold18_3p0x_0p1_28237b51,alpha_zoo_30m_plus_alpha_booster_discovery,SOLUSDT,2h,relative_strength_chandelier_breakout,long_short,0.30000000000000004,0.5044547615650108,0.23601979306479182,0.0530447920345134,0.008322557581794898,0.08743565592804092,202,39,23,38.94716057174782,45.337429089327685,12.061677654775211,0.8442504782930619,0.7965533851309319,a30fb_booster_rs_chandelier_2h_solusdt_lb12_atr0p25_rel0p005_trail3p0_hold18_4p0x_0p125_9eeb8c26,rejected_high_pnl_correlation_duplicate,train_validation_abs_corr_0.8443_above_0.70_to_a30fb_booster_rs_chandelier_2h_solusdt_lb12_atr0p25_rel0p005_trail3p0_hold18_4p0x_0p125_9eeb8c26;validation_abs_corr_0.7966_above_0.75,False,False,False
,a30fb_booster_rs_chandelier_2h_solusdt_lb12_atr0p5_rel0p005_trail2p0_hold18_2p0x_0p15_fe09d5b5,alpha_zoo_30m_plus_alpha_booster_discovery,SOLUSDT,2h,relative_strength_chandelier_breakout,long_short,0.3,0.5044547615650083,0.23601979306479115,0.05304479203451318,0.008322557581794898,0.08743565592804092,202,39,23,38.947160571747716,45.33742908932751,12.061677654775215,0.844250478293062,0.7965533851309321,a30fb_booster_rs_chandelier_2h_solusdt_lb12_atr0p25_rel0p005_trail3p0_hold18_4p0x_0p125_9eeb8c26,rejected_high_pnl_correlation_duplicate,train_validation_abs_corr_0.8443_above_0.70_to_a30fb_booster_rs_chandelier_2h_solusdt_lb12_atr0p25_rel0p005_trail3p0_hold18_4p0x_0p125_9eeb8c26;validation_abs_corr_0.7966_above_0.75,False,False,False
,debrepair_debounced_efficiency_repair_1h_solusdt_short_only_lb6_e0p02_x0p005_hold12_cool6_none_3p0x_0p1_672fa8f4,alpha_zoo_debounced_efficiency_repair_discovery,SOLUSDT,1h,debounced_momentum_hysteresis_efficiency_repair,short_only,0.30000000000000004,0.5015506214826816,0.1825922539916578,0.06469633565686217,0.009676385446317104,0.051553027547803776,410,99,32,14.844898698508763,21.78327799894349,10.079568173246981,0.9999999999999937,0.999999999999999,debrepair_debounced_efficiency_repair_1h_solusdt_short_only_lb6_e0p02_x0p005_hold12_cool6_none_4p0x_0p1_b27a86b8,rejected_high_pnl_correlation_duplicate,train_validation_abs_corr_1.0000_above_0.70_to_debrepair_debounced_efficiency_repair_1h_solusdt_short_only_lb6_e0p02_x0p005_hold12_cool6_none_4p0x_0p1_b27a86b8;validation_abs_corr_1.0000_above_0.75,False,False,False
,debrepair_debounced_efficiency_repair_1h_solusdt_short_only_lb6_e0p02_x0p005_hold12_cool6_none_2p0x_0p15_a801e8a4,alpha_zoo_debounced_efficiency_repair_discovery,SOLUSDT,1h,debounced_momentum_hysteresis_efficiency_repair,short_only,0.3,0.5015506214826811,0.18259225399165713,0.06469633565686217,0.009676385446316882,0.051553027547803776,410,99,32,14.84489869850871,21.783277998943493,10.079568173246754,0.9999999999999939,0.9999999999999992,debrepair_debounced_efficiency_repair_1h_solusdt_short_only_lb6_e0p02_x0p005_hold12_cool6_none_4p0x_0p1_b27a86b8,rejected_high_pnl_correlation_duplicate,train_validation_abs_corr_1.0000_above_0.70_to_debrepair_debounced_efficiency_repair_1h_solusdt_short_only_lb6_e0p02_x0p005_hold12_cool6_none_4p0x_0p1_b27a86b8;validation_abs_corr_1.0000_above_0.75,False,False,False
,a30fb_booster_rs_chandelier_2h_solusdt_lb12_atr0p5_rel0p005_trail3p0_hold18_3p0x_0p1_98cb5ceb,alpha_zoo_30m_plus_alpha_booster_discovery,SOLUSDT,2h,relative_strength_chandelier_breakout,long_short,0.30000000000000004,0.4999699461984277,0.2319430958965678,0.0530447920345134,0.008322557581794898,0.08743565592804092,202,39,23,38.27443826676036,45.337429089327685,12.061677654775211,0.8438223905919667,0.7965533851309319,a30fb_booster_rs_chandelier_2h_solusdt_lb12_atr0p25_rel0p005_trail3p0_hold18_4p0x_0p125_9eeb8c26,rejected_high_pnl_correlation_duplicate,train_validation_abs_corr_0.8438_above_0.70_to_a30fb_booster_rs_chandelier_2h_solusdt_lb12_atr0p25_rel0p005_trail3p0_hold18_4p0x_0p125_9eeb8c26;validation_abs_corr_0.7966_above_0.75,False,False,False
,a30fb_booster_rs_chandelier_2h_solusdt_lb12_atr0p5_rel0p005_trail3p0_hold18_2p0x_0p15_6bd3dc1f,alpha_zoo_30m_plus_alpha_booster_discovery,SOLUSDT,2h,relative_strength_chandelier_breakout,long_short,0.3,0.4999699461984245,0.23194309589656648,0.05304479203451318,0.008322557581794898,0.08743565592804092,202,39,23,38.27443826676014,45.33742908932751,12.061677654775215,0.8438223905919667,0.7965533851309321,a30fb_booster_rs_chandelier_2h_solusdt_lb12_atr0p25_rel0p005_trail3p0_hold18_4p0x_0p125_9eeb8c26,rejected_high_pnl_correlation_duplicate,train_validation_abs_corr_0.8438_above_0.70_to_a30fb_booster_rs_chandelier_2h_solusdt_lb12_atr0p25_rel0p005_trail3p0_hold18_4p0x_0p125_9eeb8c26;validation_abs_corr_0.7966_above_0.75,False,False,False
,debrepair_debounced_efficiency_repair_1h_solusdt_short_only_lb12_e0p025_x0p0_hold36_cool12_adx20_3p0x_0p15_4cb89c73,alpha_zoo_debounced_efficiency_repair_discovery,SOLUSDT,1h,debounced_momentum_hysteresis_efficiency_repair,short_only,0.44999999999999996,0.48633551934710206,0.20884012378655203,0.0664329212352952,0.052030298926317275,0.09471925924337665,206,49,20,22.52860019272406,30.128308950247263,57.81144325146364,0.8190502133565628,0.7683364272999922,debrepair_debounced_efficiency_repair_1h_solusdt_short_only_lb12_e0p02_x0p005_hold36_cool0_none_3p0x_0p15_1e40357d,rejected_high_pnl_correlation_duplicate,train_validation_abs_corr_0.8191_above_0.70_to_debrepair_debounced_efficiency_repair_1h_solusdt_short_only_lb12_e0p02_x0p005_hold36_cool0_none_3p0x_0p15_1e40357d;validation_abs_corr_0.7683_above_0.75,False,False,False
,debrepair_debounced_efficiency_repair_1h_solusdt_short_only_lb6_e0p02_x0p005_hold12_cool6_adx20_2p0x_0p15_7d8bcdf8,alpha_zoo_debounced_efficiency_repair_discovery,SOLUSDT,1h,debounced_momentum_hysteresis_efficiency_repair,short_only,0.3,0.47491523432856597,0.13184380538996665,0.06484851572292749,0.009676385446316882,0.05155302754780633,412,99,32,10.666974546113808,21.834517078426767,10.079568173246754,0.9950710406686396,0.9990733354588337,debrepair_debounced_efficiency_repair_1h_solusdt_short_only_lb6_e0p02_x0p005_hold12_cool6_none_4p0x_0p1_b27a86b8,rejected_high_pnl_correlation_duplicate,train_validation_abs_corr_0.9951_above_0.70_to_debrepair_debounced_efficiency_repair_1h_solusdt_short_only_lb6_e0p02_x0p005_hold12_cool6_none_4p0x_0p1_b27a86b8;validation_abs_corr_0.9991_above_0.75,False,False,False
,debrepair_debounced_efficiency_repair_1h_solusdt_short_only_lb6_e0p02_x0p005_hold12_cool6_adx20_3p0x_0p1_d2cd7ae5,alpha_zoo_debounced_efficiency_repair_discovery,SOLUSDT,1h,debounced_momentum_hysteresis_efficiency_repair,short_only,0.30000000000000004,0.47491523432856597,0.13184380538996665,0.06484851572292749,0.009676385446317104,0.05155302754780633,412,99,32,10.666974546113805,21.834517078426764,10.079568173246981,0.9950710406686395,0.9990733354588335,debrepair_debounced_efficiency_repair_1h_solusdt_short_only_lb6_e0p02_x0p005_hold12_cool6_none_4p0x_0p1_b27a86b8,rejected_high_pnl_correlation_duplicate,train_validation_abs_corr_0.9951_above_0.70_to_debrepair_debounced_efficiency_repair_1h_solusdt_short_only_lb6_e0p02_x0p005_hold12_cool6_none_4p0x_0p1_b27a86b8;validation_abs_corr_0.9991_above_0.75,False,False,False
,debrepair_debounced_efficiency_repair_1h_solusdt_short_only_lb12_e0p02_x0p005_hold36_cool0_adx20_2p0x_0p15_39f2eda1,alpha_zoo_debounced_efficiency_repair_discovery,SOLUSDT,1h,debounced_momentum_hysteresis_efficiency_repair,short_only,0.3,0.46555474478579467,0.15582794076404372,0.06396140392712946,0.009643173033802244,0.0884251058774177,250,65,26,20.77705876853916,32.80071996263049,12.363042351028517,0.9704205446149965,0.9850680114019907,debrepair_debounced_efficiency_repair_1h_solusdt_short_only_lb12_e0p02_x0p005_hold36_cool0_none_3p0x_0p15_1e40357d,rejected_high_pnl_correlation_duplicate,train_validation_abs_corr_0.9704_above_0.70_to_debrepair_debounced_efficiency_repair_1h_solusdt_short_only_lb12_e0p02_x0p005_hold36_cool0_none_3p0x_0p15_1e40357d;validation_abs_corr_0.9851_above_0.75,False,False,False
,debrepair_debounced_efficiency_repair_1h_solusdt_short_only_lb12_e0p02_x0p005_hold36_cool0_adx20_3p0x_0p1_5b5da6bc,alpha_zoo_debounced_efficiency_repair_discovery,SOLUSDT,1h,debounced_momentum_hysteresis_efficiency_repair,short_only,0.30000000000000004,0.4655547447857939,0.15582794076404283,0.06396140392712946,0.009643173033802688,0.0884251058774177,250,65,26,20.77705876853904,32.80071996263049,12.363042351029087,0.9704205446149965,0.9850680114019907,debrepair_debounced_efficiency_repair_1h_solusdt_short_only_lb12_e0p02_x0p005_hold36_cool0_none_3p0x_0p15_1e40357d,rejected_high_pnl_correlation_duplicate,train_validation_abs_corr_0.9704_above_0.70_to_debrepair_debounced_efficiency_repair_1h_solusdt_short_only_lb12_e0p02_x0p005_hold36_cool0_none_3p0x_0p15_1e40357d;validation_abs_corr_0.9851_above_0.75,False,False,False
,debrepair_debounced_efficiency_repair_1h_solusdt_short_only_lb12_e0p025_x0p0_hold36_cool12_adx20_4p0x_0p1_bb794a67,alpha_zoo_debounced_efficiency_repair_discovery,SOLUSDT,1h,debounced_momentum_hysteresis_efficiency_repair,short_only,0.4,0.4543476720840741,0.18850845897142032,0.059585036808535996,0.046222766406117444,0.08448377841355525,206,49,20,22.877240166434504,30.400528983946934,57.778458007646805,0.819050213356559,0.7683364272999916,debrepair_debounced_efficiency_repair_1h_solusdt_short_only_lb12_e0p02_x0p005_hold36_cool0_none_3p0x_0p15_1e40357d,rejected_high_pnl_correlation_duplicate,train_validation_abs_corr_0.8191_above_0.70_to_debrepair_debounced_efficiency_repair_1h_solusdt_short_only_lb12_e0p02_x0p005_hold36_cool0_none_3p0x_0p15_1e40357d;validation_abs_corr_0.7683_above_0.75,False,False,False
,a30fb_booster_rs_chandelier_2h_solusdt_lb12_atr0p25_rel0p0_trail3p0_hold18_2p0x_0p15_1f0e3de7,alpha_zoo_30m_plus_alpha_booster_discovery,SOLUSDT,2h,relative_strength_chandelier_breakout,long_short,0.3,0.4377062680225625,0.15546334725456856,0.05607560977430137,0.031258529154552184,0.0727031790634145,244,59,32,21.23816219324707,31.68113546570699,32.5609678693252,0.9237964262694315,0.9084468827948352,a30fb_booster_rs_chandelier_2h_solusdt_lb12_atr0p25_rel0p005_trail3p0_hold18_4p0x_0p125_9eeb8c26,rejected_high_pnl_correlation_duplicate,train_validation_abs_corr_0.9238_above_0.70_to_a30fb_booster_rs_chandelier_2h_solusdt_lb12_atr0p25_rel0p005_trail3p0_hold18_4p0x_0p125_9eeb8c26;validation_abs_corr_0.9084_above_0.75,False,False,False
,a30fb_booster_rs_chandelier_2h_solusdt_lb12_atr0p25_rel0p0_trail3p0_hold18_3p0x_0p1_83ce82c2,alpha_zoo_30m_plus_alpha_booster_discovery,SOLUSDT,2h,relative_strength_chandelier_breakout,long_short,0.30000000000000004,0.43770626802255386,0.15546334725456967,0.05607560977430026,0.031258529154552184,0.07270317906341484,244,59,32,21.23816219324722,31.681135465706355,32.56096786932519,0.9237964262694317,0.908446882794835,a30fb_booster_rs_chandelier_2h_solusdt_lb12_atr0p25_rel0p005_trail3p0_hold18_4p0x_0p125_9eeb8c26,rejected_high_pnl_correlation_duplicate,train_validation_abs_corr_0.9238_above_0.70_to_a30fb_booster_rs_chandelier_2h_solusdt_lb12_atr0p25_rel0p005_trail3p0_hold18_4p0x_0p125_9eeb8c26;validation_abs_corr_0.9084_above_0.75,False,False,False
,debrepair_debounced_efficiency_repair_2h_ethusdt_long_short_lb6_e0p02_x0p005_hold24_cool0_trend_strength2_2p0x_0p15_67f318f8,alpha_zoo_debounced_efficiency_repair_discovery,ETHUSDT,2h,debounced_momentum_hysteresis_efficiency_repair,long_short,0.3,0.42745300387372304,0.1198116522606214,0.05361094141696121,0.015991844101883146,0.062019214724905014,208,45,22,19.200585298176506,39.71180845700831,24.23006682103507,1.0,0.9999999999999966,debrepair_debounced_efficiency_repair_2h_ethusdt_long_short_lb6_e0p02_x0p005_hold24_cool0_trend_strength2_3p0x_0p15_c6ebae40,rejected_high_pnl_correlation_duplicate,train_validation_abs_corr_1.0000_above_0.70_to_debrepair_debounced_efficiency_repair_2h_ethusdt_long_short_lb6_e0p02_x0p005_hold24_cool0_trend_strength2_3p0x_0p15_c6ebae40;validation_abs_corr_1.0000_above_0.75,False,False,False
,debrepair_debounced_efficiency_repair_2h_ethusdt_long_short_lb6_e0p02_x0p005_hold24_cool0_trend_strength2_3p0x_0p1_b7768f90,alpha_zoo_debounced_efficiency_repair_discovery,ETHUSDT,2h,debounced_momentum_hysteresis_efficiency_repair,long_short,0.30000000000000004,0.42745300387372104,0.11981165226062118,0.05361094141696099,0.015991844101883146,0.062019214724905014,208,45,22,19.20058529817647,39.71180845700813,24.230066821035063,1.0,0.9999999999999966,debrepair_debounced_efficiency_repair_2h_ethusdt_long_short_lb6_e0p02_x0p005_hold24_cool0_trend_strength2_3p0x_0p15_c6ebae40,rejected_high_pnl_correlation_duplicate,train_validation_abs_corr_1.0000_above_0.70_to_debrepair_debounced_efficiency_repair_2h_ethusdt_long_short_lb6_e0p02_x0p005_hold24_cool0_trend_strength2_3p0x_0p15_c6ebae40;validation_abs_corr_1.0000_above_0.75,False,False,False
,a30fb_booster_rs_chandelier_2h_solusdt_lb12_atr0p25_rel0p0_trail2p0_hold18_2p0x_0p15_17ab46c7,alpha_zoo_30m_plus_alpha_booster_discovery,SOLUSDT,2h,relative_strength_chandelier_breakout,long_short,0.3,0.42680592722302435,0.1446709597210747,0.05607560977430137,0.031258529154552184,0.0727031790634145,246,59,32,19.603111073316352,31.68113546570699,32.5609678693252,0.9221848183666297,0.9084468827948352,a30fb_booster_rs_chandelier_2h_solusdt_lb12_atr0p25_rel0p005_trail3p0_hold18_4p0x_0p125_9eeb8c26,rejected_high_pnl_correlation_duplicate,train_validation_abs_corr_0.9222_above_0.70_to_a30fb_booster_rs_chandelier_2h_solusdt_lb12_atr0p25_rel0p005_trail3p0_hold18_4p0x_0p125_9eeb8c26;validation_abs_corr_0.9084_above_0.75,False,False,False
,a30fb_booster_rs_chandelier_2h_solusdt_lb12_atr0p25_rel0p0_trail2p0_hold18_3p0x_0p1_e78fd6d3,alpha_zoo_30m_plus_alpha_booster_discovery,SOLUSDT,2h,relative_strength_chandelier_breakout,long_short,0.30000000000000004,0.4268059272230156,0.14467095972107558,0.05607560977430026,0.031258529154552184,0.07270317906341484,246,59,32,19.603111073316473,31.681135465706355,32.56096786932519,0.9221848183666297,0.908446882794835,a30fb_booster_rs_chandelier_2h_solusdt_lb12_atr0p25_rel0p005_trail3p0_hold18_4p0x_0p125_9eeb8c26,rejected_high_pnl_correlation_duplicate,train_validation_abs_corr_0.9222_above_0.70_to_a30fb_booster_rs_chandelier_2h_solusdt_lb12_atr0p25_rel0p005_trail3p0_hold18_4p0x_0p125_9eeb8c26;validation_abs_corr_0.9084_above_0.75,False,False,False
7,a30fb_voladj_trend_6h_solusdt_lb6_z1p5_hold8_cool2_adx20_low_vol_q75_3p0x_0p1_e295f93a,alpha_zoo_30m_plus_alpha_feedback_discovery,SOLUSDT,6h,volatility_adjusted_trend_persistence,long_short,0.30000000000000004,0.4186493722235152,0.1445403062026802,0.05546889503033259,0.018229983401978345,0.10795793073225579,164,42,23,29.37811101680492,44.022932563756015,26.42026579996861,0.026548618727845245,0.015512680207435793,a30fb_booster_rs_chandelier_2h_solusdt_lb12_atr0p25_rel0p005_trail3p0_hold18_4p0x_0p125_9eeb8c26,selected_corr_diversified_paper_monitor,,True,False,False
,a30fb_voladj_trend_6h_solusdt_lb6_z1p5_hold8_cool2_adx20_low_vol_q75_2p0x_0p15_f0c8eb5b,alpha_zoo_30m_plus_alpha_feedback_discovery,SOLUSDT,6h,volatility_adjusted_trend_persistence,long_short,0.3,0.4186493722235138,0.1445403062026791,0.05546889503033259,0.018229983401978345,0.10795793073225579,164,42,23,29.3781110168047,44.02293256375602,26.420265799968618,1.0,1.0,a30fb_voladj_trend_6h_solusdt_lb6_z1p5_hold8_cool2_adx20_low_vol_q75_3p0x_0p1_e295f93a,rejected_high_pnl_correlation_duplicate,train_validation_abs_corr_1.0000_above_0.70_to_a30fb_voladj_trend_6h_solusdt_lb6_z1p5_hold8_cool2_adx20_low_vol_q75_3p0x_0p1_e295f93a;validation_abs_corr_1.0000_above_0.75,False,False,False
8,a30fb_asset_diverse_residual_reclaim_2h_ethusdt_btcusdt_lb48_z1p0_hold6_4p0x_0p125_fa49c5d5,alpha_zoo_asset_diverse_strategy_discovery,ETHUSDT,2h,relative_residual_reclaim,long_short,0.5,0.3993147277844647,0.168300604729533,0.047366877944118535,0.04811963234172745,0.04886862785871027,184,32,26,18.293543992340545,29.604298715074084,37.015101801328804,0.15907497335702384,0.22740838143953168,a30fb_booster_rs_chandelier_2h_solusdt_lb12_atr0p25_rel0p005_trail3p0_hold18_4p0x_0p125_9eeb8c26,selected_corr_diversified_paper_monitor,,True,False,False
,a30fb_asset_diverse_residual_reclaim_2h_ethusdt_btcusdt_lb48_z1p0_hold6_5p0x_0p1_cf067261,alpha_zoo_asset_diverse_strategy_discovery,ETHUSDT,2h,relative_residual_reclaim,long_short,0.5,0.3993147277844647,0.168300604729533,0.047366877944118535,0.04811963234172745,0.04886862785871027,184,32,26,18.293543992340545,29.604298715074084,37.015101801328804,1.0,1.0,a30fb_asset_diverse_residual_reclaim_2h_ethusdt_btcusdt_lb48_z1p0_hold6_4p0x_0p125_fa49c5d5,rejected_high_pnl_correlation_duplicate,train_validation_abs_corr_1.0000_above_0.70_to_a30fb_asset_diverse_residual_reclaim_2h_ethusdt_btcusdt_lb48_z1p0_hold6_4p0x_0p125_fa49c5d5;validation_abs_corr_1.0000_above_0.75,False,False,False
,debrepair_debounced_efficiency_repair_1h_solusdt_short_only_lb12_e0p025_x0p0_hold36_cool12_adx20_2p0x_0p15_58729c29,alpha_zoo_debounced_efficiency_repair_discovery,SOLUSDT,1h,debounced_momentum_hysteresis_efficiency_repair,short_only,0.3,0.3870442030711482,0.14532414613021194,0.04546836899170814,0.034625992594409016,0.06379548777009991,206,49,20,23.51523400165242,30.930863259665404,57.709987657348364,0.819050213356564,0.7683364272999927,debrepair_debounced_efficiency_repair_1h_solusdt_short_only_lb12_e0p02_x0p005_hold36_cool0_none_3p0x_0p15_1e40357d,rejected_high_pnl_correlation_duplicate,train_validation_abs_corr_0.8191_above_0.70_to_debrepair_debounced_efficiency_repair_1h_solusdt_short_only_lb12_e0p02_x0p005_hold36_cool0_none_3p0x_0p15_1e40357d;validation_abs_corr_0.7683_above_0.75,False,False,False
,debrepair_debounced_efficiency_repair_1h_solusdt_short_only_lb12_e0p025_x0p0_hold36_cool12_adx20_3p0x_0p1_c6f0bc78,alpha_zoo_debounced_efficiency_repair_discovery,SOLUSDT,1h,debounced_momentum_hysteresis_efficiency_repair,short_only,0.30000000000000004,0.38704420307114784,0.14532414613021172,0.04546836899170814,0.03462599259440924,0.06379548777009991,206,49,20,23.515234001652377,30.930863259665397,57.70998765734873,0.819050213356564,0.7683364272999927,debrepair_debounced_efficiency_repair_1h_solusdt_short_only_lb12_e0p02_x0p005_hold36_cool0_none_3p0x_0p15_1e40357d,rejected_high_pnl_correlation_duplicate,train_validation_abs_corr_0.8191_above_0.70_to_debrepair_debounced_efficiency_repair_1h_solusdt_short_only_lb12_e0p02_x0p005_hold36_cool0_none_3p0x_0p15_1e40357d;validation_abs_corr_0.7683_above_0.75,False,False,False
9,debrepair_debounced_efficiency_repair_4h_solusdt_long_short_lb12_e0p02_x0p005_hold12_cool6_low_vol_q55_adx15_2p0x_0p15_de16b11e,alpha_zoo_debounced_efficiency_repair_discovery,SOLUSDT,4h,debounced_momentum_hysteresis_efficiency_repair,long_short,0.3,0.31097894206093607,0.07873517019257625,0.05234899000522142,0.023500458455606,0.09855487949646946,185,44,23,14.186517151815542,39.65832576153139,34.058635442907246,0.06727441876413526,0.04428624892389185,a30fb_voladj_trend_6h_solusdt_lb6_z1p5_hold8_cool2_adx20_low_vol_q75_3p0x_0p1_e295f93a,selected_corr_diversified_paper_monitor,,True,False,False
,debrepair_debounced_efficiency_repair_4h_solusdt_long_short_lb12_e0p02_x0p005_hold12_cool6_low_vol_q55_adx15_3p0x_0p1_a1f53df6,alpha_zoo_debounced_efficiency_repair_discovery,SOLUSDT,4h,debounced_momentum_hysteresis_efficiency_repair,long_short,0.30000000000000004,0.31097894206093396,0.07873517019257603,0.052348990005221196,0.023500458455606,0.09855487949646946,185,44,23,14.186517151815499,39.6583257615312,34.05863544290724,1.0,0.9999999999999999,debrepair_debounced_efficiency_repair_4h_solusdt_long_short_lb12_e0p02_x0p005_hold12_cool6_low_vol_q55_adx15_2p0x_0p15_de16b11e,rejected_high_pnl_correlation_duplicate,train_validation_abs_corr_1.0000_above_0.70_to_debrepair_debounced_efficiency_repair_4h_solusdt_long_short_lb12_e0p02_x0p005_hold12_cool6_low_vol_q55_adx15_2p0x_0p15_de16b11e;validation_abs_corr_1.0000_above_0.75,False,False,False
,a30fb_asset_diverse_residual_reclaim_2h_ethusdt_btcusdt_lb48_z1p0_hold6_2p0x_0p15_1a9aa250,alpha_zoo_asset_diverse_strategy_discovery,ETHUSDT,2h,relative_residual_reclaim,long_short,0.3,0.28920600580738604,0.10104665528018986,0.028751438541771535,0.02874583597543645,0.029501262906019843,184,32,26,18.305553492788018,29.949415147678682,36.85363586594417,0.9999999999999947,1.0,a30fb_asset_diverse_residual_reclaim_2h_ethusdt_btcusdt_lb48_z1p0_hold6_4p0x_0p125_fa49c5d5,rejected_high_pnl_correlation_duplicate,train_validation_abs_corr_1.0000_above_0.70_to_a30fb_asset_diverse_residual_reclaim_2h_ethusdt_btcusdt_lb48_z1p0_hold6_4p0x_0p125_fa49c5d5;validation_abs_corr_1.0000_above_0.75,False,False,False
,a30fb_asset_diverse_residual_reclaim_2h_ethusdt_btcusdt_lb48_z1p0_hold6_3p0x_0p1_06295c43,alpha_zoo_asset_diverse_strategy_discovery,ETHUSDT,2h,relative_residual_reclaim,long_short,0.30000000000000004,0.28920600580738604,0.10104665528018986,0.028751438541771535,0.028745835975436673,0.029501262906019843,184,32,26,18.305553492788015,29.94941514767868,36.85363586594445,0.9999999999999947,1.0,a30fb_asset_diverse_residual_reclaim_2h_ethusdt_btcusdt_lb48_z1p0_hold6_4p0x_0p125_fa49c5d5,rejected_high_pnl_correlation_duplicate,train_validation_abs_corr_1.0000_above_0.70_to_a30fb_asset_diverse_residual_reclaim_2h_ethusdt_btcusdt_lb48_z1p0_hold6_4p0x_0p125_fa49c5d5;validation_abs_corr_1.0000_above_0.75,False,False,False
,debrepair_debounced_efficiency_repair_1h_solusdt_short_only_lb12_e0p025_x0p0_hold36_cool0_none_4p0x_0p1_201de93a,alpha_zoo_debounced_efficiency_repair_discovery,SOLUSDT,1h,debounced_momentum_hysteresis_efficiency_repair,short_only,0.4,0.28806226811874686,0.3441132580287112,0.04661349713844887,0.03855603049874201,0.11253451666179448,214,53,20,40.20014696597093,21.987498650211727,48.195038123427516,0.8824218321799127,0.8964662068341106,debrepair_debounced_efficiency_repair_1h_solusdt_short_only_lb12_e0p02_x0p005_hold36_cool0_none_3p0x_0p15_1e40357d,rejected_high_pnl_correlation_duplicate,train_validation_abs_corr_0.8824_above_0.70_to_debrepair_debounced_efficiency_repair_1h_solusdt_short_only_lb12_e0p02_x0p005_hold36_cool0_none_3p0x_0p15_1e40357d;validation_abs_corr_0.8965_above_0.75,False,False,False
10,a30fb_voladj_trend_4h_trxusdt_lb6_z1p5_hold12_cool2_adx15_3p0x_0p15_cca555d7,alpha_zoo_30m_plus_alpha_feedback_discovery,TRXUSDT,4h,volatility_adjusted_trend_persistence,long_short,0.44999999999999996,0.26622176740667336,0.1349142742436873,0.029576296641619093,0.011824956187697966,0.02420577956060277,199,52,25,15.065803935643471,12.63944300923893,10.511072166842638,0.06504600350027724,0.12919140616981334,debrepair_debounced_efficiency_repair_4h_solusdt_long_short_lb12_e0p02_x0p005_hold12_cool6_low_vol_q55_adx15_2p0x_0p15_de16b11e,selected_corr_diversified_paper_monitor,,True,False,False
,a30fb_voladj_trend_4h_trxusdt_lb6_z1p5_hold12_cool2_none_3p0x_0p15_c555caef,alpha_zoo_30m_plus_alpha_feedback_discovery,TRXUSDT,4h,volatility_adjusted_trend_persistence,long_short,0.44999999999999996,0.26622176740667336,0.13277671699059757,0.029576296641619093,0.011824956187697966,0.02420577956060277,199,52,25,14.827104074885266,12.63944300923893,10.511072166842638,0.9926004641950482,1.0,a30fb_voladj_trend_4h_trxusdt_lb6_z1p5_hold12_cool2_adx15_3p0x_0p15_cca555d7,rejected_high_pnl_correlation_duplicate,train_validation_abs_corr_0.9926_above_0.70_to_a30fb_voladj_trend_4h_trxusdt_lb6_z1p5_hold12_cool2_adx15_3p0x_0p15_cca555d7;validation_abs_corr_1.0000_above_0.75,False,False,False
,debrepair_debounced_efficiency_repair_1h_solusdt_short_only_lb12_e0p025_x0p0_hold36_cool0_none_2p0x_0p15_a1ef52d6,alpha_zoo_debounced_efficiency_repair_discovery,SOLUSDT,1h,debounced_momentum_hysteresis_efficiency_repair,short_only,0.3,0.26175196546194257,0.25651303500987455,0.035957019551870584,0.02894652053697211,0.08515368782844102,214,53,20,39.95530140340725,22.614477705578985,48.244200894953515,0.8824218321799098,0.89646620683411,debrepair_debounced_efficiency_repair_1h_solusdt_short_only_lb12_e0p02_x0p005_hold36_cool0_none_3p0x_0p15_1e40357d,rejected_high_pnl_correlation_duplicate,train_validation_abs_corr_0.8824_above_0.70_to_debrepair_debounced_efficiency_repair_1h_solusdt_short_only_lb12_e0p02_x0p005_hold36_cool0_none_3p0x_0p15_1e40357d;validation_abs_corr_0.8965_above_0.75,False,False,False
,debrepair_debounced_efficiency_repair_1h_solusdt_short_only_lb12_e0p025_x0p0_hold36_cool0_none_3p0x_0p1_30da0500,alpha_zoo_debounced_efficiency_repair_discovery,SOLUSDT,1h,debounced_momentum_hysteresis_efficiency_repair,short_only,0.30000000000000004,0.2617519654619425,0.256513035009875,0.035957019551870584,0.02894652053697233,0.08515368782844102,214,53,20,39.95530140340732,22.614477705578977,48.24420089495388,0.8824218321799097,0.8964662068341099,debrepair_debounced_efficiency_repair_1h_solusdt_short_only_lb12_e0p02_x0p005_hold36_cool0_none_3p0x_0p15_1e40357d,rejected_high_pnl_correlation_duplicate,train_validation_abs_corr_0.8824_above_0.70_to_debrepair_debounced_efficiency_repair_1h_solusdt_short_only_lb12_e0p02_x0p005_hold36_cool0_none_3p0x_0p15_1e40357d;validation_abs_corr_0.8965_above_0.75,False,False,False
,debrepair_debounced_efficiency_repair_1h_solusdt_short_only_lb12_e0p025_x0p0_hold36_cool6_none_2p0x_0p15_07e37c9b,alpha_zoo_debounced_efficiency_repair_discovery,SOLUSDT,1h,debounced_momentum_hysteresis_efficiency_repair,short_only,0.3,0.14213208481117154,0.24144180770233992,0.025721843407625844,0.02894652053697211,0.08256553124090471,212,53,20,37.96254838087106,16.177260004796132,48.244200894953515,0.8693763959998978,0.8799992938782302,debrepair_debounced_efficiency_repair_1h_solusdt_short_only_lb12_e0p02_x0p005_hold36_cool0_none_3p0x_0p15_1e40357d,rejected_high_pnl_correlation_duplicate,train_validation_abs_corr_0.8694_above_0.70_to_debrepair_debounced_efficiency_repair_1h_solusdt_short_only_lb12_e0p02_x0p005_hold36_cool0_none_3p0x_0p15_1e40357d;validation_abs_corr_0.8800_above_0.75,False,False,False
,debrepair_debounced_efficiency_repair_1h_solusdt_short_only_lb12_e0p025_x0p0_hold36_cool6_none_3p0x_0p1_525696af,alpha_zoo_debounced_efficiency_repair_discovery,SOLUSDT,1h,debounced_momentum_hysteresis_efficiency_repair,short_only,0.30000000000000004,0.14213208481117148,0.24144180770234014,0.025721843407625844,0.02894652053697233,0.08256553124090471,212,53,20,37.96254838087109,16.17726000479613,48.24420089495388,0.8693763959998978,0.8799992938782302,debrepair_debounced_efficiency_repair_1h_solusdt_short_only_lb12_e0p02_x0p005_hold36_cool0_none_3p0x_0p15_1e40357d,rejected_high_pnl_correlation_duplicate,train_validation_abs_corr_0.8694_above_0.70_to_debrepair_debounced_efficiency_repair_1h_solusdt_short_only_lb12_e0p02_x0p005_hold36_cool0_none_3p0x_0p15_1e40357d;validation_abs_corr_0.8800_above_0.75,False,False,False
,debrepair_debounced_efficiency_repair_1h_solusdt_short_only_lb12_e0p025_x0p0_hold36_cool6_none_4p0x_0p1_9ab9dfa7,alpha_zoo_debounced_efficiency_repair_discovery,SOLUSDT,1h,debounced_momentum_hysteresis_efficiency_repair,short_only,0.4,0.14191882632380123,0.3228256715093938,0.03289805442589189,0.03855603049874201,0.10917930521130825,212,53,20,38.069065036485114,15.517950200892399,48.195038123427516,0.8693763959998921,0.8799992938782308,debrepair_debounced_efficiency_repair_1h_solusdt_short_only_lb12_e0p02_x0p005_hold36_cool0_none_3p0x_0p15_1e40357d,rejected_high_pnl_correlation_duplicate,train_validation_abs_corr_0.8694_above_0.70_to_debrepair_debounced_efficiency_repair_1h_solusdt_short_only_lb12_e0p02_x0p005_hold36_cool0_none_3p0x_0p15_1e40357d;validation_abs_corr_0.8800_above_0.75,False,False,False
11,debrepair_debounced_efficiency_repair_1h_ethusdt_short_only_lb6_e0p02_x0p005_hold18_cool12_adx20_4p0x_0p1_7117e59a,alpha_zoo_debounced_efficiency_repair_discovery,ETHUSDT,1h,debounced_momentum_hysteresis_efficiency_repair,short_only,0.4,0.12290827145357654,0.21012903766465474,0.03131647839093943,0.01041967999647686,0.09689329973094496,282,70,26,18.628460785873646,11.184456568192653,10.018923073535442,0.5491250100531607,0.5937516021397986,debrepair_debounced_efficiency_repair_1h_solusdt_short_only_lb6_e0p02_x0p005_hold12_cool6_none_4p0x_0p1_b27a86b8,selected_corr_diversified_paper_monitor,,True,False,False
,debrepair_debounced_efficiency_repair_1h_ethusdt_short_only_lb6_e0p02_x0p005_hold18_cool12_adx20_3p0x_0p1_6f810d7a,alpha_zoo_debounced_efficiency_repair_discovery,ETHUSDT,1h,debounced_momentum_hysteresis_efficiency_repair,short_only,0.30000000000000004,0.11408596779893072,0.15726302602926046,0.024086038622170847,0.007881605040545914,0.07333297792599713,282,70,26,18.589010168943314,11.469542201033734,10.104621846853735,1.0,1.0,debrepair_debounced_efficiency_repair_1h_ethusdt_short_only_lb6_e0p02_x0p005_hold18_cool12_adx20_4p0x_0p1_7117e59a,rejected_high_pnl_correlation_duplicate,train_validation_abs_corr_1.0000_above_0.70_to_debrepair_debounced_efficiency_repair_1h_ethusdt_short_only_lb6_e0p02_x0p005_hold18_cool12_adx20_4p0x_0p1_7117e59a;validation_abs_corr_1.0000_above_0.75,False,False,False
,debrepair_debounced_efficiency_repair_1h_ethusdt_short_only_lb6_e0p02_x0p005_hold18_cool12_adx20_2p0x_0p15_1bb7d246,alpha_zoo_debounced_efficiency_repair_discovery,ETHUSDT,1h,debounced_momentum_hysteresis_efficiency_repair,short_only,0.3,0.11408596779892873,0.15726302602926112,0.024086038622170625,0.007881605040545914,0.07333297792599691,282,70,26,18.589010168943396,11.469542201033631,10.104621846853735,1.0,1.0,debrepair_debounced_efficiency_repair_1h_ethusdt_short_only_lb6_e0p02_x0p005_hold18_cool12_adx20_4p0x_0p1_7117e59a,rejected_high_pnl_correlation_duplicate,train_validation_abs_corr_1.0000_above_0.70_to_debrepair_debounced_efficiency_repair_1h_ethusdt_short_only_lb6_e0p02_x0p005_hold18_cool12_adx20_4p0x_0p1_7117e59a;validation_abs_corr_1.0000_above_0.75,False,False,False
