,debrepair_debounced_efficiency_repair_1h_solusdt_short_only_lb12_e0p02_x0p005_hold36_cool0_none_3p0x_0p15_1e40357d,a30fb_booster_rs_chandelier_2h_solusdt_lb12_atr0p25_rel0p005_trail3p0_hold18_4p0x_0p125_9eeb8c26,a30fb_booster_rs_chandelier_2h_solusdt_lb12_atr0p25_rel0p005_trail3p0_hold18_5p0x_0p1_3beb48bb,a30fb_booster_rs_chandelier_2h_solusdt_lb12_atr0p25_rel0p005_trail2p0_hold18_4p0x_0p125_f89f6f75,a30fb_booster_rs_chandelier_2h_solusdt_lb12_atr0p25_rel0p005_trail2p0_hold18_5p0x_0p1_e0f89ffc,debrepair_debounced_efficiency_repair_1h_solusdt_short_only_lb12_e0p02_x0p005_hold36_cool0_none_4p0x_0p1_edcf6277,a30fb_booster_rs_chandelier_2h_solusdt_lb12_atr0p25_rel0p005_trail3p0_hold18_3p0x_0p15_76d4e65b,debrepair_debounced_efficiency_repair_1h_solusdt_long_short_lb12_e0p03_x-0p005_hold48_cool0_none_3p0x_0p15_d6eac828,a30fb_booster_rs_chandelier_2h_solusdt_lb12_atr0p25_rel0p005_trail2p0_hold18_3p0x_0p15_8757709e,debrepair_debounced_efficiency_repair_1h_solusdt_short_only_lb12_e0p02_x0p005_hold36_cool12_none_3p0x_0p15_6ff58bc8,debrepair_debounced_efficiency_repair_1h_solusdt_long_short_lb12_e0p03_x-0p005_hold48_cool0_none_4p0x_0p1_44b8ef4f,debrepair_debounced_efficiency_repair_1h_solusdt_short_only_lb12_e0p02_x0p005_hold36_cool6_none_3p0x_0p15_ef4179cd,debrepair_debounced_efficiency_repair_1h_solusdt_short_only_lb12_e0p02_x0p005_hold36_cool12_none_4p0x_0p1_ffd0f1b7,debrepair_debounced_efficiency_repair_1h_solusdt_short_only_lb12_e0p02_x0p005_hold36_cool6_none_4p0x_0p1_e5d4ce1a,debrepair_debounced_efficiency_repair_1h_solusdt_short_only_lb12_e0p02_x0p005_hold36_cool0_none_2p0x_0p15_bfc43af2,debrepair_debounced_efficiency_repair_1h_solusdt_short_only_lb12_e0p02_x0p005_hold36_cool0_none_3p0x_0p1_2d4f59e0,a30fb_booster_rs_chandelier_2h_solusdt_lb12_atr0p5_rel0p005_trail2p0_hold12_4p0x_0p15_f9efb529,a30fb_booster_rs_chandelier_2h_solusdt_lb12_atr0p5_rel0p005_trail3p0_hold12_4p0x_0p15_d8f15883,debrepair_debounced_efficiency_repair_1h_solusdt_short_only_lb12_e0p025_x0p0_hold36_cool0_adx20_3p0x_0p15_c2ecca50,debrepair_debounced_efficiency_repair_1h_solusdt_short_only_lb6_e0p02_x0p005_hold18_cool0_adx20_3p0x_0p15_a9f9a6d7,a30fb_booster_rs_chandelier_2h_solusdt_lb12_atr0p25_rel0p01_trail3p0_hold18_3p0x_0p15_e781bedb,debrepair_debounced_efficiency_repair_1h_solusdt_short_only_lb6_e0p02_x0p005_hold18_cool0_none_3p0x_0p15_e2b9713c,a30fb_booster_rs_chandelier_2h_solusdt_lb12_atr0p25_rel0p01_trail2p0_hold18_3p0x_0p15_7476f4b9,a30fb_booster_rs_chandelier_2h_solusdt_lb12_atr0p25_rel0p005_trail3p0_hold18_3p0x_0p1_3ac49851,a30fb_booster_rs_chandelier_2h_solusdt_lb12_atr0p25_rel0p005_trail3p0_hold18_2p0x_0p15_3fa94945,debrepair_debounced_efficiency_repair_1h_solusdt_short_only_lb12_e0p025_x0p0_hold36_cool0_adx20_4p0x_0p1_83808fb2,debrepair_debounced_efficiency_repair_1h_solusdt_long_short_lb12_e0p03_x-0p005_hold48_cool0_none_2p0x_0p15_ceaf4509,debrepair_debounced_efficiency_repair_1h_solusdt_long_short_lb12_e0p03_x-0p005_hold48_cool0_none_3p0x_0p1_da1b90f4,a30fb_booster_rs_chandelier_2h_solusdt_lb12_atr0p25_rel0p005_trail2p0_hold18_3p0x_0p1_5e18fb88,a30fb_booster_rs_chandelier_2h_solusdt_lb12_atr0p25_rel0p005_trail2p0_hold18_2p0x_0p15_56095a3e,a30fb_booster_rs_chandelier_2h_solusdt_lb12_atr0p5_rel0p005_trail2p0_hold12_4p0x_0p125_c0b334c0,a30fb_booster_rs_chandelier_2h_solusdt_lb12_atr0p5_rel0p005_trail2p0_hold12_5p0x_0p1_559e4350,a30fb_booster_rs_chandelier_2h_solusdt_lb12_atr0p5_rel0p005_trail3p0_hold12_4p0x_0p125_92888586,a30fb_booster_rs_chandelier_2h_solusdt_lb12_atr0p5_rel0p005_trail3p0_hold12_5p0x_0p1_1b982013,debrepair_debounced_efficiency_repair_1h_solusdt_short_only_lb6_e0p02_x0p005_hold18_cool0_adx20_4p0x_0p1_def286e6,debrepair_debounced_efficiency_repair_1h_solusdt_short_only_lb6_e0p02_x0p005_hold18_cool0_none_4p0x_0p1_377fe0d7,debrepair_debounced_efficiency_repair_1h_solusdt_short_only_lb12_e0p02_x0p005_hold36_cool12_none_2p0x_0p15_cc327ac3,debrepair_debounced_efficiency_repair_1h_solusdt_short_only_lb12_e0p02_x0p005_hold36_cool12_none_3p0x_0p1_2bceab04,debrepair_debounced_efficiency_repair_1h_solusdt_short_only_lb12_e0p02_x0p005_hold36_cool6_adx20_3p0x_0p15_2ba33ec4,debrepair_debounced_efficiency_repair_1h_solusdt_short_only_lb12_e0p02_x0p005_hold36_cool6_none_2p0x_0p15_5ee15f39,debrepair_debounced_efficiency_repair_1h_solusdt_short_only_lb12_e0p02_x0p005_hold36_cool6_none_3p0x_0p1_5c607f19,a30fb_booster_rs_chandelier_2h_solusdt_lb12_atr0p5_rel0p005_trail2p0_hold12_3p0x_0p15_f85ad5d9,a30fb_booster_rs_chandelier_2h_solusdt_lb12_atr0p5_rel0p005_trail3p0_hold12_3p0x_0p15_3e387b21,debrepair_debounced_efficiency_repair_1h_solusdt_short_only_lb12_e0p02_x0p005_hold18_cool0_adx20_3p0x_0p15_e92f3de1,debrepair_debounced_efficiency_repair_1h_solusdt_short_only_lb12_e0p025_x0p0_hold36_cool12_none_3p0x_0p15_9eb0e26f,debrepair_debounced_efficiency_repair_1h_solusdt_long_short_lb12_e0p03_x-0p005_hold48_cool0_adx20_3p0x_0p15_feb660b6,debrepair_debounced_efficiency_repair_1h_solusdt_short_only_lb12_e0p02_x0p005_hold36_cool6_adx20_4p0x_0p1_b91a1902,debrepair_debounced_efficiency_repair_1h_solusdt_short_only_lb12_e0p025_x0p0_hold36_cool0_adx20_2p0x_0p15_a7f035e1,debrepair_debounced_efficiency_repair_1h_solusdt_short_only_lb12_e0p025_x0p0_hold36_cool0_adx20_3p0x_0p1_8a3a1aa2,debrepair_debounced_efficiency_repair_1h_solusdt_short_only_lb12_e0p025_x0p0_hold36_cool6_adx20_3p0x_0p15_ee603b40,debrepair_debounced_efficiency_repair_1h_solusdt_short_only_lb12_e0p025_x0p0_hold36_cool12_none_4p0x_0p1_04c979bc,debrepair_debounced_efficiency_repair_1h_solusdt_short_only_lb12_e0p02_x0p005_hold18_cool0_adx20_4p0x_0p1_f85f64f5,debrepair_debounced_efficiency_repair_1h_solusdt_long_short_lb12_e0p03_x-0p005_hold48_cool0_adx20_4p0x_0p1_c04d6a79,a30fb_booster_rs_chandelier_2h_solusdt_lb12_atr0p25_rel0p01_trail3p0_hold18_3p0x_0p1_ff6828e8,a30fb_booster_rs_chandelier_2h_solusdt_lb12_atr0p25_rel0p01_trail3p0_hold18_2p0x_0p15_fb50ee3d,debrepair_debounced_efficiency_repair_1h_solusdt_short_only_lb12_e0p02_x0p005_hold18_cool0_none_2p0x_0p15_9c252c31,debrepair_debounced_efficiency_repair_1h_solusdt_short_only_lb12_e0p02_x0p005_hold18_cool0_none_3p0x_0p1_93d755d3,a30fb_booster_rs_chandelier_2h_solusdt_lb12_atr0p25_rel0p01_trail2p0_hold18_3p0x_0p1_96d23673,a30fb_booster_rs_chandelier_2h_solusdt_lb12_atr0p25_rel0p01_trail2p0_hold18_2p0x_0p15_e4835679,debrepair_debounced_efficiency_repair_1h_solusdt_short_only_lb6_e0p02_x0p005_hold12_cool6_none_4p0x_0p1_b27a86b8,debrepair_debounced_efficiency_repair_1h_solusdt_short_only_lb6_e0p02_x0p005_hold18_cool0_none_3p0x_0p1_59a8ac16,debrepair_debounced_efficiency_repair_1h_solusdt_short_only_lb6_e0p02_x0p005_hold18_cool0_none_2p0x_0p15_99448b7f,debrepair_debounced_efficiency_repair_1h_solusdt_short_only_lb12_e0p025_x0p0_hold36_cool6_adx20_4p0x_0p1_d29a687c,a30fb_booster_rs_chandelier_2h_solusdt_lb12_atr0p25_rel0p0_trail3p0_hold18_4p0x_0p125_09855687,a30fb_booster_rs_chandelier_2h_solusdt_lb12_atr0p25_rel0p0_trail3p0_hold18_5p0x_0p1_9ba7d42a,debrepair_debounced_efficiency_repair_1h_solusdt_short_only_lb6_e0p02_x0p005_hold18_cool0_adx20_2p0x_0p15_07b26490,debrepair_debounced_efficiency_repair_1h_solusdt_short_only_lb6_e0p02_x0p005_hold18_cool0_adx20_3p0x_0p1_990b654b,debrepair_debounced_efficiency_repair_1h_solusdt_short_only_lb6_e0p02_x0p005_hold12_cool6_adx20_4p0x_0p1_200ca6b9,a30fb_booster_rs_chandelier_2h_solusdt_lb12_atr0p25_rel0p0_trail2p0_hold18_4p0x_0p125_6573a062,a30fb_booster_rs_chandelier_2h_solusdt_lb12_atr0p25_rel0p0_trail2p0_hold18_5p0x_0p1_c28e80e1,a30fb_booster_rs_chandelier_2h_solusdt_lb12_atr0p25_rel0p0_trail3p0_hold18_3p0x_0p15_ed6820f0,debrepair_debounced_efficiency_repair_1h_ethusdt_long_short_lb6_e0p02_x0p005_hold48_cool6_adx20_3p0x_0p1_236cf336,debrepair_debounced_efficiency_repair_1h_ethusdt_long_short_lb6_e0p02_x0p005_hold48_cool6_adx20_2p0x_0p15_5f977da5,debrepair_debounced_efficiency_repair_1h_solusdt_short_only_lb12_e0p02_x0p005_hold36_cool0_adx20_4p0x_0p1_c05661f5,a30fb_booster_rs_chandelier_2h_solusdt_lb12_atr0p25_rel0p01_trail2p0_hold12_3p0x_0p1_b5d9c18f,a30fb_booster_rs_chandelier_2h_solusdt_lb12_atr0p25_rel0p01_trail2p0_hold12_2p0x_0p15_ce11185e,a30fb_booster_rs_chandelier_2h_solusdt_lb12_atr0p25_rel0p01_trail3p0_hold12_3p0x_0p1_9ed17b35,a30fb_booster_rs_chandelier_2h_solusdt_lb12_atr0p25_rel0p01_trail3p0_hold12_2p0x_0p15_67a10879,debrepair_debounced_efficiency_repair_2h_ethusdt_long_short_lb6_e0p02_x0p005_hold24_cool0_trend_strength2_3p0x_0p15_c6ebae40,a30fb_booster_rs_chandelier_2h_solusdt_lb12_atr0p25_rel0p0_trail2p0_hold18_3p0x_0p15_be9815a7,debrepair_debounced_efficiency_repair_1h_ethusdt_long_short_lb6_e0p02_x0p005_hold48_cool6_none_3p0x_0p1_7865a8ae,debrepair_debounced_efficiency_repair_1h_ethusdt_long_short_lb6_e0p02_x0p005_hold48_cool6_none_2p0x_0p15_3a8c496f,debrepair_debounced_efficiency_repair_1h_solusdt_short_only_lb12_e0p025_x0p0_hold36_cool12_none_3p0x_0p1_6945c0fc,debrepair_debounced_efficiency_repair_1h_solusdt_short_only_lb12_e0p025_x0p0_hold36_cool12_none_2p0x_0p15_06dfa05d,debrepair_debounced_efficiency_repair_1h_solusdt_short_only_lb12_e0p02_x0p005_hold36_cool6_adx20_2p0x_0p15_087c8689,debrepair_debounced_efficiency_repair_1h_solusdt_short_only_lb12_e0p02_x0p005_hold36_cool6_adx20_3p0x_0p1_98546977,a30fb_booster_rs_chandelier_2h_solusdt_lb12_atr0p5_rel0p005_trail2p0_hold12_3p0x_0p1_009ee0a3,a30fb_booster_rs_chandelier_2h_solusdt_lb12_atr0p5_rel0p005_trail2p0_hold12_2p0x_0p15_854256af,a30fb_booster_rs_chandelier_2h_solusdt_lb12_atr0p5_rel0p005_trail3p0_hold12_3p0x_0p1_9edf2312,a30fb_booster_rs_chandelier_2h_solusdt_lb12_atr0p5_rel0p005_trail3p0_hold12_2p0x_0p15_f7197477,debrepair_debounced_efficiency_repair_1h_solusdt_long_short_lb12_e0p03_x-0p005_hold48_cool0_adx20_2p0x_0p15_3c896169,debrepair_debounced_efficiency_repair_1h_solusdt_long_short_lb12_e0p03_x-0p005_hold48_cool0_adx20_3p0x_0p1_e6814b9e,debrepair_debounced_efficiency_repair_1h_solusdt_short_only_lb12_e0p025_x0p0_hold36_cool6_adx20_2p0x_0p15_5ffcd988,debrepair_debounced_efficiency_repair_1h_solusdt_short_only_lb12_e0p025_x0p0_hold36_cool6_adx20_3p0x_0p1_f4266890,debrepair_debounced_efficiency_repair_2h_ethusdt_long_short_lb6_e0p02_x0p005_hold24_cool0_trend_strength2_4p0x_0p1_d3b31f6d,debrepair_debounced_efficiency_repair_1h_solusdt_short_only_lb12_e0p02_x0p005_hold18_cool0_adx20_2p0x_0p15_a7b41433,debrepair_debounced_efficiency_repair_1h_solusdt_short_only_lb12_e0p02_x0p005_hold18_cool0_adx20_3p0x_0p1_06ff9e4e,a30fb_booster_rs_chandelier_2h_solusdt_lb12_atr0p5_rel0p005_trail2p0_hold18_3p0x_0p1_28237b51,a30fb_booster_rs_chandelier_2h_solusdt_lb12_atr0p5_rel0p005_trail2p0_hold18_2p0x_0p15_fe09d5b5,debrepair_debounced_efficiency_repair_1h_solusdt_short_only_lb6_e0p02_x0p005_hold12_cool6_none_3p0x_0p1_672fa8f4,debrepair_debounced_efficiency_repair_1h_solusdt_short_only_lb6_e0p02_x0p005_hold12_cool6_none_2p0x_0p15_a801e8a4,a30fb_booster_rs_chandelier_2h_solusdt_lb12_atr0p5_rel0p005_trail3p0_hold18_3p0x_0p1_98cb5ceb,a30fb_booster_rs_chandelier_2h_solusdt_lb12_atr0p5_rel0p005_trail3p0_hold18_2p0x_0p15_6bd3dc1f,debrepair_debounced_efficiency_repair_1h_solusdt_short_only_lb12_e0p025_x0p0_hold36_cool12_adx20_3p0x_0p15_4cb89c73,debrepair_debounced_efficiency_repair_1h_solusdt_short_only_lb6_e0p02_x0p005_hold12_cool6_adx20_2p0x_0p15_7d8bcdf8,debrepair_debounced_efficiency_repair_1h_solusdt_short_only_lb6_e0p02_x0p005_hold12_cool6_adx20_3p0x_0p1_d2cd7ae5,debrepair_debounced_efficiency_repair_1h_solusdt_short_only_lb12_e0p02_x0p005_hold36_cool0_adx20_2p0x_0p15_39f2eda1,debrepair_debounced_efficiency_repair_1h_solusdt_short_only_lb12_e0p02_x0p005_hold36_cool0_adx20_3p0x_0p1_5b5da6bc,debrepair_debounced_efficiency_repair_1h_solusdt_short_only_lb12_e0p025_x0p0_hold36_cool12_adx20_4p0x_0p1_bb794a67,a30fb_booster_rs_chandelier_2h_solusdt_lb12_atr0p25_rel0p0_trail3p0_hold18_2p0x_0p15_1f0e3de7,a30fb_booster_rs_chandelier_2h_solusdt_lb12_atr0p25_rel0p0_trail3p0_hold18_3p0x_0p1_83ce82c2,debrepair_debounced_efficiency_repair_2h_ethusdt_long_short_lb6_e0p02_x0p005_hold24_cool0_trend_strength2_2p0x_0p15_67f318f8,debrepair_debounced_efficiency_repair_2h_ethusdt_long_short_lb6_e0p02_x0p005_hold24_cool0_trend_strength2_3p0x_0p1_b7768f90,a30fb_booster_rs_chandelier_2h_solusdt_lb12_atr0p25_rel0p0_trail2p0_hold18_2p0x_0p15_17ab46c7,a30fb_booster_rs_chandelier_2h_solusdt_lb12_atr0p25_rel0p0_trail2p0_hold18_3p0x_0p1_e78fd6d3,a30fb_voladj_trend_6h_solusdt_lb6_z1p5_hold8_cool2_adx20_low_vol_q75_3p0x_0p1_e295f93a,a30fb_voladj_trend_6h_solusdt_lb6_z1p5_hold8_cool2_adx20_low_vol_q75_2p0x_0p15_f0c8eb5b,a30fb_asset_diverse_residual_reclaim_2h_ethusdt_btcusdt_lb48_z1p0_hold6_4p0x_0p125_fa49c5d5,a30fb_asset_diverse_residual_reclaim_2h_ethusdt_btcusdt_lb48_z1p0_hold6_5p0x_0p1_cf067261,debrepair_debounced_efficiency_repair_1h_solusdt_short_only_lb12_e0p025_x0p0_hold36_cool12_adx20_2p0x_0p15_58729c29,debrepair_debounced_efficiency_repair_1h_solusdt_short_only_lb12_e0p025_x0p0_hold36_cool12_adx20_3p0x_0p1_c6f0bc78,debrepair_debounced_efficiency_repair_4h_solusdt_long_short_lb12_e0p02_x0p005_hold12_cool6_low_vol_q55_adx15_2p0x_0p15_de16b11e,debrepair_debounced_efficiency_repair_4h_solusdt_long_short_lb12_e0p02_x0p005_hold12_cool6_low_vol_q55_adx15_3p0x_0p1_a1f53df6,a30fb_asset_diverse_residual_reclaim_2h_ethusdt_btcusdt_lb48_z1p0_hold6_2p0x_0p15_1a9aa250,a30fb_asset_diverse_residual_reclaim_2h_ethusdt_btcusdt_lb48_z1p0_hold6_3p0x_0p1_06295c43,debrepair_debounced_efficiency_repair_1h_solusdt_short_only_lb12_e0p025_x0p0_hold36_cool0_none_4p0x_0p1_201de93a,a30fb_voladj_trend_4h_trxusdt_lb6_z1p5_hold12_cool2_adx15_3p0x_0p15_cca555d7,a30fb_voladj_trend_4h_trxusdt_lb6_z1p5_hold12_cool2_none_3p0x_0p15_c555caef,debrepair_debounced_efficiency_repair_1h_solusdt_short_only_lb12_e0p025_x0p0_hold36_cool0_none_2p0x_0p15_a1ef52d6,debrepair_debounced_efficiency_repair_1h_solusdt_short_only_lb12_e0p025_x0p0_hold36_cool0_none_3p0x_0p1_30da0500,debrepair_debounced_efficiency_repair_1h_solusdt_short_only_lb12_e0p025_x0p0_hold36_cool6_none_2p0x_0p15_07e37c9b,debrepair_debounced_efficiency_repair_1h_solusdt_short_only_lb12_e0p025_x0p0_hold36_cool6_none_3p0x_0p1_525696af,debrepair_debounced_efficiency_repair_1h_solusdt_short_only_lb12_e0p025_x0p0_hold36_cool6_none_4p0x_0p1_9ab9dfa7,debrepair_debounced_efficiency_repair_1h_ethusdt_short_only_lb6_e0p02_x0p005_hold18_cool12_adx20_4p0x_0p1_7117e59a,debrepair_debounced_efficiency_repair_1h_ethusdt_short_only_lb6_e0p02_x0p005_hold18_cool12_adx20_3p0x_0p1_6f810d7a,debrepair_debounced_efficiency_repair_1h_ethusdt_short_only_lb6_e0p02_x0p005_hold18_cool12_adx20_2p0x_0p15_1bb7d246
debrepair_debounced_efficiency_repair_1h_solusdt_short_only_lb12_e0p02_x0p005_hold36_cool0_none_3p0x_0p15_1e40357d,1.0,0.014010764402072247,0.014010764402072247,0.014010764402072247,0.014010764402072247,0.9999999999999996,0.014010764402072181,0.08176801326038571,0.014010764402072181,1.0,0.08176801326038571,1.0,0.9999999999999996,0.9999999999999996,0.9999999999999989,0.9999999999999992,-0.004858803699299897,-0.004858803699299897,0.6897032573393251,0.6913926212122803,-0.005209921205918649,0.6913926212122803,-0.005209921205918649,0.014010764402072242,0.014010764402072228,0.6897032573393229,0.08176801326038571,0.08176801326038571,0.014010764402072242,0.014010764402072228,-0.004858803699299918,-0.004858803699299918,-0.004858803699299918,-0.004858803699299918,0.6913926212122804,0.6913926212122804,0.9999999999999989,0.9999999999999992,0.9472860702692947,0.9999999999999989,0.9999999999999992,-0.0048588036992999,-0.0048588036992999,0.7747286403456849,0.6570197461139005,0.08444548193585417,0.9472860702692932,0.6897032573393248,0.6897032573393247,0.6467496063439534,0.6570197461138995,0.7747286403456846,0.08444548193585434,-0.0052099212059186035,-0.005209921205918607,0.8151241695955768,0.8151241695955768,-0.0052099212059186035,-0.005209921205918607,0.5864554878785349,0.6913926212122801,0.6913926212122801,0.6467496063439537,0.025295296850825818,0.025295296850825818,0.6913926212122801,0.6913926212122801,0.5864554878785349,0.025295296850825818,0.025295296850825818,0.025295296850825863,0.12305092186401177,0.12305092186401176,0.9472860702692932,0.002815480194080204,0.0028154801940802098,0.002815480194080204,0.0028154801940802098,-0.05255091077567615,0.025295296850825863,0.12331758688506535,0.12331758688506533,0.6570197461139007,0.6570197461139008,0.9472860702692936,0.9472860702692936,-0.004858803699299897,-0.004858803699299897,-0.004858803699299897,-0.004858803699299897,0.08444548193585448,0.08444548193585452,0.6467496063439532,0.6467496063439532,-0.05255091077567614,0.774728640345684,0.7747286403456837,-0.010069786136294225,-0.010069786136294228,0.5864554878785332,0.586455487878533,-0.010069786136294225,-0.010069786136294228,0.6093927251301949,0.586455487878533,0.5864554878785332,0.9472860702692936,0.9472860702692936,0.6093927251301939,0.025295296850825745,0.02529529685082575,-0.052550910775676155,-0.05255091077567615,0.025295296850825745,0.02529529685082575,0.04229448020159517,0.04229448020159519,-0.031838291856434144,-0.031838291856434144,0.6093927251301935,0.6093927251301935,-0.02398992073615219,-0.02398992073615219,-0.03183829185643419,-0.03183829185643419,0.6570197461138995,0.03315135845437776,0.03315135845437776,0.6570197461139008,0.6570197461139007,0.6570197461139008,0.6570197461139007,0.6570197461138995,0.44415846507225015,0.4441584650722509,0.4441584650722508
a30fb_booster_rs_chandelier_2h_solusdt_lb12_atr0p25_rel0p005_trail3p0_hold18_4p0x_0p125_9eeb8c26,0.014010764402072247,1.0,1.0,1.0,1.0,0.014010764402072244,0.9999999999999977,0.01061578770633858,0.9999999999999977,0.014010764402072252,0.01061578770633855,0.014010764402072252,0.014010764402072244,0.014010764402072244,0.014010764402072256,0.014010764402072244,0.694393203125682,0.694393203125682,0.009821897189325765,-0.00482114625017546,0.8826535552727204,-0.00482114625017546,0.8826535552727204,1.0,1.0,0.009821897189325772,0.010615787706338569,0.010615787706338572,1.0,1.0,0.6943932031256828,0.6943932031256828,0.6943932031256828,0.6943932031256828,-0.0048211462501754595,-0.0048211462501754595,0.014010764402072256,0.014010764402072244,0.00681643459444258,0.014010764402072256,0.014010764402072244,0.6943932031256826,0.6943932031256826,-0.05995045487433286,0.011628181588720504,0.01056662673655999,0.006816434594442553,0.009821897189325773,0.009821897189325763,0.01735766636381123,0.011628181588720487,-0.05995045487433287,0.010566626736560034,0.8826535552727192,0.8826535552727194,-0.043941175888400706,-0.04394117588840071,0.8826535552727192,0.8826535552727194,-0.00882130676723798,-0.004821146250175467,-0.00482114625017547,0.017357666363811253,0.8759461501970571,0.8759461501970571,-0.00482114625017547,-0.004821146250175467,-0.00882130676723798,0.8759461501970571,0.8759461501970571,0.875946150197058,-0.013067354260158008,-0.013067354260158015,0.006816434594442553,0.7987394606979736,0.7987394606979735,0.7987394606979736,0.7987394606979735,0.2723879188257466,0.875946150197058,-0.017617575557009643,-0.017617575557009654,0.011628181588720499,0.011628181588720508,0.006816434594442572,0.00681643459444257,0.694393203125682,0.694393203125682,0.694393203125682,0.694393203125682,0.010566626736560038,0.010566626736560026,0.01735766636381118,0.017357666363811176,0.27238791882574587,-0.05995045487433279,-0.05995045487433279,0.733344455083227,0.733344455083227,-0.008821306767237991,-0.008821306767237998,0.733344455083227,0.733344455083227,0.023641885344782742,-0.008821306767237998,-0.008821306767237991,0.006816434594442572,0.00681643459444257,0.023641885344782773,0.8759461501970567,0.8759461501970568,0.2723879188257461,0.272387918825746,0.8759461501970567,0.8759461501970568,0.04698849023093815,0.046988490230938165,0.04986252166129426,0.04986252166129426,0.02364188534478275,0.023641885344782745,-0.04145500183425557,-0.041455001834255566,0.049862521661294304,0.04986252166129429,0.011628181588720487,-0.016996799683647236,-0.016996799683647236,0.011628181588720508,0.011628181588720499,0.011628181588720508,0.011628181588720499,0.011628181588720487,-0.005609750169540056,-0.005609750169540057,-0.00560975016954006
a30fb_booster_rs_chandelier_2h_solusdt_lb12_atr0p25_rel0p005_trail3p0_hold18_5p0x_0p1_3beb48bb,0.014010764402072247,1.0,1.0,1.0,1.0,0.014010764402072244,0.9999999999999977,0.01061578770633858,0.9999999999999977,0.014010764402072252,0.01061578770633855,0.014010764402072252,0.014010764402072244,0.014010764402072244,0.014010764402072256,0.014010764402072244,0.694393203125682,0.694393203125682,0.009821897189325765,-0.00482114625017546,0.8826535552727204,-0.00482114625017546,0.8826535552727204,1.0,1.0,0.009821897189325772,0.010615787706338569,0.010615787706338572,1.0,1.0,0.6943932031256828,0.6943932031256828,0.6943932031256828,0.6943932031256828,-0.0048211462501754595,-0.0048211462501754595,0.014010764402072256,0.014010764402072244,0.00681643459444258,0.014010764402072256,0.014010764402072244,0.6943932031256826,0.6943932031256826,-0.05995045487433286,0.011628181588720504,0.01056662673655999,0.006816434594442553,0.009821897189325773,0.009821897189325763,0.01735766636381123,0.011628181588720487,-0.05995045487433287,0.010566626736560034,0.8826535552727192,0.8826535552727194,-0.043941175888400706,-0.04394117588840071,0.8826535552727192,0.8826535552727194,-0.00882130676723798,-0.004821146250175467,-0.00482114625017547,0.017357666363811253,0.8759461501970571,0.8759461501970571,-0.00482114625017547,-0.004821146250175467,-0.00882130676723798,0.8759461501970571,0.8759461501970571,0.875946150197058,-0.013067354260158008,-0.013067354260158015,0.006816434594442553,0.7987394606979736,0.7987394606979735,0.7987394606979736,0.7987394606979735,0.2723879188257466,0.875946150197058,-0.017617575557009643,-0.017617575557009654,0.011628181588720499,0.011628181588720508,0.006816434594442572,0.00681643459444257,0.694393203125682,0.694393203125682,0.694393203125682,0.694393203125682,0.010566626736560038,0.010566626736560026,0.01735766636381118,0.017357666363811176,0.27238791882574587,-0.05995045487433279,-0.05995045487433279,0.733344455083227,0.733344455083227,-0.008821306767237991,-0.008821306767237998,0.733344455083227,0.733344455083227,0.023641885344782742,-0.008821306767237998,-0.008821306767237991,0.006816434594442572,0.00681643459444257,0.023641885344782773,0.8759461501970567,0.8759461501970568,0.2723879188257461,0.272387918825746,0.8759461501970567,0.8759461501970568,0.04698849023093815,0.046988490230938165,0.04986252166129426,0.04986252166129426,0.02364188534478275,0.023641885344782745,-0.04145500183425557,-0.041455001834255566,0.049862521661294304,0.04986252166129429,0.011628181588720487,-0.016996799683647236,-0.016996799683647236,0.011628181588720508,0.011628181588720499,0.011628181588720508,0.011628181588720499,0.011628181588720487,-0.005609750169540056,-0.005609750169540057,-0.00560975016954006
a30fb_booster_rs_chandelier_2h_solusdt_lb12_atr0p25_rel0p005_trail2p0_hold18_4p0x_0p125_f89f6f75,0.014010764402072247,1.0,1.0,1.0,1.0,0.014010764402072244,0.9999999999999977,0.01061578770633858,0.9999999999999977,0.014010764402072252,0.01061578770633855,0.014010764402072252,0.014010764402072244,0.014010764402072244,0.014010764402072256,0.014010764402072244,0.694393203125682,0.694393203125682,0.009821897189325765,-0.00482114625017546,0.8826535552727204,-0.00482114625017546,0.8826535552727204,1.0,1.0,0.009821897189325772,0.010615787706338569,0.010615787706338572,1.0,1.0,0.6943932031256828,0.6943932031256828,0.6943932031256828,0.6943932031256828,-0.0048211462501754595,-0.0048211462501754595,0.014010764402072256,0.014010764402072244,0.00681643459444258,0.014010764402072256,0.014010764402072244,0.6943932031256826,0.6943932031256826,-0.05995045487433286,0.011628181588720504,0.01056662673655999,0.006816434594442553,0.009821897189325773,0.009821897189325763,0.01735766636381123,0.011628181588720487,-0.05995045487433287,0.010566626736560034,0.8826535552727192,0.8826535552727194,-0.043941175888400706,-0.04394117588840071,0.8826535552727192,0.8826535552727194,-0.00882130676723798,-0.004821146250175467,-0.00482114625017547,0.017357666363811253,0.8759461501970571,0.8759461501970571,-0.00482114625017547,-0.004821146250175467,-0.00882130676723798,0.8759461501970571,0.8759461501970571,0.875946150197058,-0.013067354260158008,-0.013067354260158015,0.006816434594442553,0.7987394606979736,0.7987394606979735,0.7987394606979736,0.7987394606979735,0.2723879188257466,0.875946150197058,-0.017617575557009643,-0.017617575557009654,0.011628181588720499,0.011628181588720508,0.006816434594442572,0.00681643459444257,0.694393203125682,0.694393203125682,0.694393203125682,0.694393203125682,0.010566626736560038,0.010566626736560026,0.01735766636381118,0.017357666363811176,0.27238791882574587,-0.05995045487433279,-0.05995045487433279,0.733344455083227,0.733344455083227,-0.008821306767237991,-0.008821306767237998,0.733344455083227,0.733344455083227,0.023641885344782742,-0.008821306767237998,-0.008821306767237991,0.006816434594442572,0.00681643459444257,0.023641885344782773,0.8759461501970567,0.8759461501970568,0.2723879188257461,0.272387918825746,0.8759461501970567,0.8759461501970568,0.04698849023093815,0.046988490230938165,0.04986252166129426,0.04986252166129426,0.02364188534478275,0.023641885344782745,-0.04145500183425557,-0.041455001834255566,0.049862521661294304,0.04986252166129429,0.011628181588720487,-0.016996799683647236,-0.016996799683647236,0.011628181588720508,0.011628181588720499,0.011628181588720508,0.011628181588720499,0.011628181588720487,-0.005609750169540056,-0.005609750169540057,-0.00560975016954006
a30fb_booster_rs_chandelier_2h_solusdt_lb12_atr0p25_rel0p005_trail2p0_hold18_5p0x_0p1_e0f89ffc,0.014010764402072247,1.0,1.0,1.0,1.0,0.014010764402072244,0.9999999999999977,0.01061578770633858,0.9999999999999977,0.014010764402072252,0.01061578770633855,0.014010764402072252,0.014010764402072244,0.014010764402072244,0.014010764402072256,0.014010764402072244,0.694393203125682,0.694393203125682,0.009821897189325765,-0.00482114625017546,0.8826535552727204,-0.00482114625017546,0.8826535552727204,1.0,1.0,0.009821897189325772,0.010615787706338569,0.010615787706338572,1.0,1.0,0.6943932031256828,0.6943932031256828,0.6943932031256828,0.6943932031256828,-0.0048211462501754595,-0.0048211462501754595,0.014010764402072256,0.014010764402072244,0.00681643459444258,0.014010764402072256,0.014010764402072244,0.6943932031256826,0.6943932031256826,-0.05995045487433286,0.011628181588720504,0.01056662673655999,0.006816434594442553,0.009821897189325773,0.009821897189325763,0.01735766636381123,0.011628181588720487,-0.05995045487433287,0.010566626736560034,0.8826535552727192,0.8826535552727194,-0.043941175888400706,-0.04394117588840071,0.8826535552727192,0.8826535552727194,-0.00882130676723798,-0.004821146250175467,-0.00482114625017547,0.017357666363811253,0.8759461501970571,0.8759461501970571,-0.00482114625017547,-0.004821146250175467,-0.00882130676723798,0.8759461501970571,0.8759461501970571,0.875946150197058,-0.013067354260158008,-0.013067354260158015,0.006816434594442553,0.7987394606979736,0.7987394606979735,0.7987394606979736,0.7987394606979735,0.2723879188257466,0.875946150197058,-0.017617575557009643,-0.017617575557009654,0.011628181588720499,0.011628181588720508,0.006816434594442572,0.00681643459444257,0.694393203125682,0.694393203125682,0.694393203125682,0.694393203125682,0.010566626736560038,0.010566626736560026,0.01735766636381118,0.017357666363811176,0.27238791882574587,-0.05995045487433279,-0.05995045487433279,0.733344455083227,0.733344455083227,-0.008821306767237991,-0.008821306767237998,0.733344455083227,0.733344455083227,0.023641885344782742,-0.008821306767237998,-0.008821306767237991,0.006816434594442572,0.00681643459444257,0.023641885344782773,0.8759461501970567,0.8759461501970568,0.2723879188257461,0.272387918825746,0.8759461501970567,0.8759461501970568,0.04698849023093815,0.046988490230938165,0.04986252166129426,0.04986252166129426,0.02364188534478275,0.023641885344782745,-0.04145500183425557,-0.041455001834255566,0.049862521661294304,0.04986252166129429,0.011628181588720487,-0.016996799683647236,-0.016996799683647236,0.011628181588720508,0.011628181588720499,0.011628181588720508,0.011628181588720499,0.011628181588720487,-0.005609750169540056,-0.005609750169540057,-0.00560975016954006
debrepair_debounced_efficiency_repair_1h_solusdt_short_only_lb12_e0p02_x0p005_hold36_cool0_none_4p0x_0p1_edcf6277,0.9999999999999996,0.014010764402072244,0.014010764402072244,0.014010764402072244,0.014010764402072244,1.0,0.014010764402072223,0.08176801326038585,0.014010764402072223,0.9999999999999998,0.0817680132603858,0.9999999999999998,1.0,1.0,0.9999999999999989,0.9999999999999987,-0.004858803699299917,-0.004858803699299917,0.6897032573393233,0.6913926212122807,-0.00520992120591863,0.6913926212122807,-0.00520992120591863,0.014010764402072228,0.014010764402072239,0.6897032573393251,0.08176801326038588,0.08176801326038588,0.014010764402072228,0.014010764402072239,-0.004858803699299923,-0.004858803699299923,-0.004858803699299923,-0.004858803699299923,0.6913926212122816,0.6913926212122816,0.9999999999999989,0.9999999999999987,0.9472860702692948,0.9999999999999989,0.9999999999999987,-0.004858803699299904,-0.004858803699299904,0.7747286403456841,0.6570197461139001,0.08444548193585437,0.9472860702692922,0.6897032573393251,0.6897032573393251,0.6467496063439543,0.6570197461138998,0.774728640345684,0.0844454819358544,-0.005209921205918611,-0.005209921205918615,0.8151241695955771,0.8151241695955773,-0.005209921205918611,-0.005209921205918615,0.5864554878785344,0.6913926212122802,0.6913926212122801,0.6467496063439537,0.025295296850825842,0.025295296850825842,0.6913926212122801,0.6913926212122802,0.5864554878785344,0.025295296850825842,0.025295296850825842,0.02529529685082586,0.12305092186401186,0.12305092186401186,0.9472860702692922,0.002815480194080222,0.002815480194080222,0.002815480194080222,0.002815480194080222,-0.05255091077567625,0.02529529685082586,0.12331758688506533,0.12331758688506533,0.6570197461139005,0.6570197461139005,0.947286070269296,0.9472860702692962,-0.004858803699299919,-0.004858803699299917,-0.004858803699299919,-0.004858803699299917,0.0844454819358544,0.0844454819358544,0.646749606343952,0.6467496063439522,-0.052550910775676134,0.774728640345686,0.7747286403456857,-0.01006978613629424,-0.010069786136294237,0.5864554878785344,0.5864554878785344,-0.01006978613629424,-0.010069786136294237,0.6093927251301945,0.5864554878785344,0.5864554878785344,0.947286070269296,0.9472860702692962,0.6093927251301946,0.025295296850825842,0.02529529685082585,-0.05255091077567613,-0.05255091077567611,0.025295296850825842,0.02529529685082585,0.042294480201595167,0.04229448020159516,-0.03183829185643416,-0.03183829185643416,0.609392725130195,0.609392725130195,-0.023989920736152245,-0.023989920736152262,-0.03183829185643417,-0.03183829185643417,0.6570197461138998,0.033151358454377784,0.033151358454377784,0.6570197461139005,0.6570197461139005,0.6570197461139005,0.6570197461139005,0.6570197461138998,0.44415846507225204,0.444158465072251,0.4441584650722509
a30fb_booster_rs_chandelier_2h_solusdt_lb12_atr0p25_rel0p005_trail3p0_hold18_3p0x_0p15_76d4e65b,0.014010764402072181,0.9999999999999977,0.9999999999999977,0.9999999999999977,0.9999999999999977,0.014010764402072223,1.0,0.010615787706338572,1.0,0.014010764402072187,0.010615787706338552,0.014010764402072187,0.014010764402072213,0.014010764402072213,0.01401076440207225,0.014010764402072256,0.694393203125682,0.694393203125682,0.009821897189325746,-0.004821146250175455,0.8826535552727195,-0.004821146250175455,0.8826535552727195,0.9999999999999974,0.9999999999999974,0.00982189718932579,0.010615787706338576,0.01061578770633857,0.9999999999999974,0.9999999999999974,0.6943932031256823,0.6943932031256823,0.6943932031256823,0.6943932031256823,-0.004821146250175442,-0.004821146250175442,0.01401076440207225,0.014010764402072256,0.0068164345944425565,0.01401076440207225,0.014010764402072256,0.6943932031256823,0.6943932031256823,-0.05995045487433274,0.011628181588720473,0.010566626736560024,0.00681643459444255,0.009821897189325761,0.009821897189325763,0.017357666363811246,0.011628181588720506,-0.0599504548743329,0.010566626736560015,0.8826535552727195,0.8826535552727197,-0.04394117588840066,-0.04394117588840066,0.8826535552727195,0.8826535552727197,-0.008821306767237972,-0.004821146250175474,-0.00482114625017547,0.017357666363811208,0.8759461501970565,0.8759461501970565,-0.00482114625017547,-0.004821146250175474,-0.008821306767237972,0.8759461501970565,0.8759461501970565,0.8759461501970587,-0.013067354260158011,-0.013067354260158011,0.00681643459444255,0.7987394606979727,0.7987394606979727,0.7987394606979727,0.7987394606979727,0.2723879188257465,0.8759461501970587,-0.017617575557009657,-0.01761757555700965,0.011628181588720516,0.011628181588720522,0.006816434594442536,0.006816434594442527,0.6943932031256819,0.694393203125682,0.6943932031256819,0.694393203125682,0.010566626736560012,0.01056662673656001,0.017357666363811215,0.017357666363811208,0.2723879188257456,-0.05995045487433289,-0.05995045487433286,0.7333444550832257,0.7333444550832255,-0.008821306767238024,-0.00882130676723802,0.7333444550832257,0.7333444550832255,0.023641885344782756,-0.00882130676723802,-0.008821306767238024,0.006816434594442536,0.006816434594442527,0.023641885344782787,0.8759461501970589,0.875946150197059,0.27238791882574587,0.27238791882574587,0.8759461501970589,0.875946150197059,0.04698849023093797,0.046988490230937964,0.04986252166129417,0.04986252166129417,0.02364188534478272,0.023641885344782735,-0.04145500183425559,-0.041455001834255586,0.04986252166129418,0.049862521661294186,0.011628181588720506,-0.016996799683647246,-0.016996799683647246,0.011628181588720522,0.011628181588720516,0.011628181588720522,0.011628181588720516,0.011628181588720506,-0.0056097501695400636,-0.005609750169540072,-0.005609750169540071
debrepair_debounced_efficiency_repair_1h_solusdt_long_short_lb12_e0p03_x-0p005_hold48_cool0_none_3p0x_0p15_d6eac828,0.08176801326038571,0.01061578770633858,0.01061578770633858,0.01061578770633858,0.01061578770633858,0.08176801326038585,0.010615787706338572,1.0,0.010615787706338566,0.08176801326038571,0.9999999999999993,0.08176801326038571,0.08176801326038585,0.08176801326038585,0.08176801326038576,0.08176801326038574,-0.010349942524275738,-0.010349942524275738,0.007559000051616531,0.11319954286237398,-0.0033404849836093874,0.11319954286237398,-0.0033404849836093874,0.010615787706338585,0.010615787706338578,0.007559000051616427,1.0,1.0,0.010615787706338585,0.010615787706338578,-0.010349942524275752,-0.010349942524275752,-0.010349942524275752,-0.010349942524275752,0.11319954286237399,0.11319954286237399,0.08176801326038576,0.08176801326038574,0.09544407941009556,0.08176801326038576,0.08176801326038574,-0.010349942524275783,-0.010349942524275783,0.14822430893887,-0.02579626460965596,0.9928131422371772,0.09544407941009557,0.0075590000516165415,0.007559000051616548,0.001111831507431838,-0.025796264609656103,0.1482243089388702,0.9928131422371761,-0.00334048498360937,-0.003340484983609365,0.12952926776491752,0.12952926776491758,-0.00334048498360937,-0.003340484983609365,0.08465450303522663,0.11319954286237403,0.11319954286237403,0.0011118315074316895,0.015992749953460107,0.015992749953460107,0.11319954286237403,0.11319954286237403,0.08465450303522663,0.015992749953460107,0.015992749953460107,0.015992749953460148,0.15176150161109972,0.15176150161109975,0.09544407941009557,0.008519317039236677,0.008519317039236678,0.008519317039236677,0.008519317039236678,0.03071437917381307,0.015992749953460148,0.15611803137527866,0.15611803137527872,-0.025796264609656398,-0.025796264609656398,0.09544407941009564,0.09544407941009561,-0.010349942524275747,-0.010349942524275738,-0.010349942524275747,-0.010349942524275738,0.9928131422371778,0.9928131422371781,0.0011118315074312623,0.001111831507431382,0.030714379173813155,0.1482243089388699,0.14822430893886987,-0.03518062781540137,-0.03518062781540135,0.08465450303522656,0.08465450303522655,-0.03518062781540137,-0.03518062781540135,-0.06427172247843696,0.08465450303522655,0.08465450303522656,0.09544407941009564,0.09544407941009561,-0.064271722478437,0.015992749953460124,0.01599274995346013,0.030714379173813065,0.030714379173813044,0.015992749953460124,0.01599274995346013,-0.010199902693144074,-0.010199902693144067,-0.023446374946451763,-0.023446374946451763,-0.06427172247843732,-0.06427172247843733,0.043034514856239124,0.04303451485623913,-0.023446374946451926,-0.02344637494645193,-0.025796264609656103,0.014395434207241936,0.014395434207241936,-0.025796264609656398,-0.025796264609656398,-0.025796264609656398,-0.025796264609656398,-0.025796264609656103,0.06870162518765373,0.0687016251876537,0.06870162518765369
a30fb_booster_rs_chandelier_2h_solusdt_lb12_atr0p25_rel0p005_trail2p0_hold18_3p0x_0p15_8757709e,0.014010764402072181,0.9999999999999977,0.9999999999999977,0.9999999999999977,0.9999999999999977,0.014010764402072223,1.0,0.010615787706338566,1.0,0.014010764402072187,0.010615787706338552,0.014010764402072187,0.014010764402072213,0.014010764402072213,0.01401076440207225,0.014010764402072256,0.694393203125682,0.694393203125682,0.009821897189325746,-0.004821146250175455,0.8826535552727195,-0.004821146250175455,0.8826535552727195,0.9999999999999974,0.9999999999999974,0.00982189718932579,0.010615787706338576,0.01061578770633857,0.9999999999999974,0.9999999999999974,0.6943932031256823,0.6943932031256823,0.6943932031256823,0.6943932031256823,-0.004821146250175442,-0.004821146250175442,0.01401076440207225,0.014010764402072256,0.0068164345944425565,0.01401076440207225,0.014010764402072256,0.6943932031256823,0.6943932031256823,-0.05995045487433274,0.011628181588720473,0.010566626736560024,0.00681643459444255,0.009821897189325761,0.009821897189325763,0.017357666363811246,0.011628181588720506,-0.0599504548743329,0.010566626736560015,0.8826535552727195,0.8826535552727197,-0.04394117588840066,-0.04394117588840066,0.8826535552727195,0.8826535552727197,-0.008821306767237972,-0.004821146250175474,-0.00482114625017547,0.017357666363811208,0.8759461501970565,0.8759461501970565,-0.00482114625017547,-0.004821146250175474,-0.008821306767237972,0.8759461501970565,0.8759461501970565,0.8759461501970587,-0.013067354260158011,-0.013067354260158011,0.00681643459444255,0.7987394606979727,0.7987394606979727,0.7987394606979727,0.7987394606979727,0.2723879188257465,0.8759461501970587,-0.017617575557009657,-0.01761757555700965,0.011628181588720516,0.011628181588720522,0.006816434594442536,0.006816434594442527,0.6943932031256819,0.694393203125682,0.6943932031256819,0.694393203125682,0.010566626736560012,0.01056662673656001,0.017357666363811215,0.017357666363811208,0.2723879188257456,-0.05995045487433289,-0.05995045487433286,0.7333444550832257,0.7333444550832255,-0.008821306767238024,-0.00882130676723802,0.7333444550832257,0.7333444550832255,0.023641885344782756,-0.00882130676723802,-0.008821306767238024,0.006816434594442536,0.006816434594442527,0.023641885344782787,0.8759461501970589,0.875946150197059,0.27238791882574587,0.27238791882574587,0.8759461501970589,0.875946150197059,0.04698849023093797,0.046988490230937964,0.04986252166129417,0.04986252166129417,0.02364188534478272,0.023641885344782735,-0.04145500183425559,-0.041455001834255586,0.04986252166129418,0.049862521661294186,0.011628181588720506,-0.016996799683647246,-0.016996799683647246,0.011628181588720522,0.011628181588720516,0.011628181588720522,0.011628181588720516,0.011628181588720506,-0.0056097501695400636,-0.005609750169540072,-0.005609750169540071
debrepair_debounced_efficiency_repair_1h_solusdt_short_only_lb12_e0p02_x0p005_hold36_cool12_none_3p0x_0p15_6ff58bc8,1.0,0.014010764402072252,0.014010764402072252,0.014010764402072252,0.014010764402072252,0.9999999999999998,0.014010764402072187,0.08176801326038571,0.014010764402072187,1.0,0.08176801326038571,1.0,0.9999999999999996,0.9999999999999996,0.9999999999999989,0.9999999999999992,-0.004858803699299897,-0.004858803699299897,0.6897032573393251,0.6913926212122803,-0.005209921205918649,0.6913926212122803,-0.005209921205918649,0.014010764402072242,0.014010764402072228,0.6897032573393229,0.08176801326038571,0.08176801326038571,0.014010764402072242,0.014010764402072228,-0.004858803699299918,-0.004858803699299918,-0.004858803699299918,-0.004858803699299918,0.6913926212122804,0.6913926212122804,0.9999999999999989,0.9999999999999992,0.9472860702692947,0.9999999999999989,0.9999999999999992,-0.0048588036992999,-0.0048588036992999,0.7747286403456849,0.6570197461139005,0.08444548193585417,0.9472860702692932,0.6897032573393248,0.6897032573393247,0.6467496063439534,0.6570197461138995,0.7747286403456846,0.08444548193585434,-0.0052099212059186035,-0.005209921205918607,0.8151241695955768,0.8151241695955768,-0.0052099212059186035,-0.005209921205918607,0.5864554878785349,0.6913926212122801,0.6913926212122801,0.6467496063439537,0.025295296850825818,0.025295296850825818,0.6913926212122801,0.6913926212122801,0.5864554878785349,0.025295296850825818,0.025295296850825818,0.025295296850825863,0.12305092186401177,0.12305092186401176,0.9472860702692932,0.002815480194080204,0.0028154801940802098,0.002815480194080204,0.0028154801940802098,-0.05255091077567615,0.025295296850825863,0.12331758688506535,0.12331758688506533,0.6570197461139007,0.6570197461139008,0.9472860702692936,0.9472860702692936,-0.004858803699299897,-0.004858803699299897,-0.004858803699299897,-0.004858803699299897,0.08444548193585448,0.08444548193585452,0.6467496063439532,0.6467496063439532,-0.05255091077567614,0.774728640345684,0.7747286403456837,-0.010069786136294225,-0.010069786136294228,0.5864554878785332,0.586455487878533,-0.010069786136294225,-0.010069786136294228,0.6093927251301949,0.586455487878533,0.5864554878785332,0.9472860702692936,0.9472860702692936,0.6093927251301939,0.025295296850825745,0.02529529685082575,-0.052550910775676155,-0.05255091077567615,0.025295296850825745,0.02529529685082575,0.04229448020159517,0.04229448020159519,-0.031838291856434144,-0.031838291856434144,0.6093927251301935,0.6093927251301935,-0.02398992073615219,-0.02398992073615219,-0.03183829185643419,-0.03183829185643419,0.6570197461138995,0.03315135845437776,0.03315135845437776,0.6570197461139008,0.6570197461139007,0.6570197461139008,0.6570197461139007,0.6570197461138995,0.44415846507225015,0.4441584650722509,0.4441584650722508
debrepair_debounced_efficiency_repair_1h_solusdt_long_short_lb12_e0p03_x-0p005_hold48_cool0_none_4p0x_0p1_44b8ef4f,0.08176801326038571,0.01061578770633855,0.01061578770633855,0.01061578770633855,0.01061578770633855,0.0817680132603858,0.010615787706338552,0.9999999999999993,0.010615787706338552,0.08176801326038571,1.0,0.08176801326038573,0.08176801326038581,0.08176801326038581,0.08176801326038581,0.0817680132603858,-0.010349942524275773,-0.010349942524275773,0.007559000051616415,0.1131995428623739,-0.0033404849836093983,0.1131995428623739,-0.0033404849836093983,0.010615787706338569,0.010615787706338569,0.007559000051616295,1.0,1.0,0.010615787706338569,0.010615787706338569,-0.010349942524275754,-0.010349942524275754,-0.010349942524275754,-0.010349942524275754,0.11319954286237394,0.11319954286237394,0.08176801326038581,0.0817680132603858,0.09544407941009563,0.08176801326038581,0.0817680132603858,-0.010349942524275785,-0.010349942524275785,0.14822430893886993,-0.025796264609656092,0.9928131422371748,0.0954440794100954,0.007559000051616405,0.0075590000516163845,0.0011118315074317192,-0.025796264609656124,0.1482243089388699,0.992813142237177,-0.003340484983609413,-0.0033404849836094134,0.12952926776491744,0.12952926776491744,-0.003340484983609413,-0.0033404849836094134,0.08465450303522655,0.11319954286237387,0.11319954286237384,0.0011118315074316297,0.01599274995346013,0.01599274995346013,0.11319954286237384,0.11319954286237387,0.08465450303522655,0.01599274995346013,0.01599274995346013,0.01599274995346011,0.1517615016110998,0.15176150161109972,0.0954440794100954,0.00851931703923667,0.008519317039236685,0.00851931703923667,0.008519317039236685,0.03071437917381317,0.01599274995346011,0.1561180313752789,0.1561180313752789,-0.025796264609656176,-0.025796264609656172,0.09544407941009544,0.0954440794100954,-0.010349942524275771,-0.010349942524275773,-0.010349942524275771,-0.010349942524275773,0.9928131422371781,0.9928131422371781,0.0011118315074313773,0.001111831507431381,0.03071437917381303,0.14822430893886987,0.14822430893886984,-0.035180627815401336,-0.035180627815401336,0.08465450303522652,0.08465450303522651,-0.035180627815401336,-0.035180627815401336,-0.0642717224784369,0.08465450303522651,0.08465450303522652,0.09544407941009544,0.0954440794100954,-0.064271722478437,0.015992749953460166,0.015992749953460172,0.030714379173812974,0.03071437917381294,0.015992749953460166,0.015992749953460172,-0.010199902693144034,-0.010199902693144034,-0.023446374946451843,-0.023446374946451843,-0.06427172247843664,-0.06427172247843663,0.04303451485623913,0.04303451485623914,-0.023446374946451833,-0.02344637494645184,-0.025796264609656124,0.014395434207241896,0.014395434207241896,-0.025796264609656172,-0.025796264609656176,-0.025796264609656172,-0.025796264609656176,-0.025796264609656124,0.06870162518765367,0.06870162518765374,0.06870162518765373
debrepair_debounced_efficiency_repair_1h_solusdt_short_only_lb12_e0p02_x0p005_hold36_cool6_none_3p0x_0p15_ef4179cd,1.0,0.014010764402072252,0.014010764402072252,0.014010764402072252,0.014010764402072252,0.9999999999999998,0.014010764402072187,0.08176801326038571,0.014010764402072187,1.0,0.08176801326038573,1.0,0.9999999999999996,0.9999999999999996,0.9999999999999989,0.9999999999999992,-0.004858803699299897,-0.004858803699299897,0.6897032573393251,0.6913926212122803,-0.005209921205918649,0.6913926212122803,-0.005209921205918649,0.014010764402072242,0.014010764402072228,0.6897032573393229,0.08176801326038571,0.08176801326038571,0.014010764402072242,0.014010764402072228,-0.004858803699299918,-0.004858803699299918,-0.004858803699299918,-0.004858803699299918,0.6913926212122804,0.6913926212122804,0.9999999999999989,0.9999999999999992,0.9472860702692947,0.9999999999999989,0.9999999999999992,-0.0048588036992999,-0.0048588036992999,0.7747286403456849,0.6570197461139005,0.08444548193585417,0.9472860702692932,0.6897032573393248,0.6897032573393247,0.6467496063439534,0.6570197461138995,0.7747286403456846,0.08444548193585434,-0.0052099212059186035,-0.005209921205918607,0.8151241695955768,0.8151241695955768,-0.0052099212059186035,-0.005209921205918607,0.5864554878785349,0.6913926212122801,0.6913926212122801,0.6467496063439537,0.025295296850825818,0.025295296850825818,0.6913926212122801,0.6913926212122801,0.5864554878785349,0.025295296850825818,0.025295296850825818,0.025295296850825863,0.12305092186401177,0.12305092186401176,0.9472860702692932,0.002815480194080204,0.0028154801940802098,0.002815480194080204,0.0028154801940802098,-0.05255091077567615,0.025295296850825863,0.12331758688506535,0.12331758688506533,0.6570197461139007,0.6570197461139008,0.9472860702692936,0.9472860702692936,-0.004858803699299897,-0.004858803699299897,-0.004858803699299897,-0.004858803699299897,0.08444548193585448,0.08444548193585452,0.6467496063439532,0.6467496063439532,-0.05255091077567614,0.774728640345684,0.7747286403456837,-0.010069786136294225,-0.010069786136294228,0.5864554878785332,0.586455487878533,-0.010069786136294225,-0.010069786136294228,0.6093927251301949,0.586455487878533,0.5864554878785332,0.9472860702692936,0.9472860702692936,0.6093927251301939,0.025295296850825745,0.02529529685082575,-0.052550910775676155,-0.05255091077567615,0.025295296850825745,0.02529529685082575,0.04229448020159517,0.04229448020159519,-0.031838291856434144,-0.031838291856434144,0.6093927251301935,0.6093927251301935,-0.02398992073615219,-0.02398992073615219,-0.03183829185643419,-0.03183829185643419,0.6570197461138995,0.03315135845437776,0.03315135845437776,0.6570197461139008,0.6570197461139007,0.6570197461139008,0.6570197461139007,0.6570197461138995,0.44415846507225015,0.4441584650722509,0.4441584650722508
debrepair_debounced_efficiency_repair_1h_solusdt_short_only_lb12_e0p02_x0p005_hold36_cool12_none_4p0x_0p1_ffd0f1b7,0.9999999999999996,0.014010764402072244,0.014010764402072244,0.014010764402072244,0.014010764402072244,1.0,0.014010764402072213,0.08176801326038585,0.014010764402072213,0.9999999999999996,0.08176801326038581,0.9999999999999996,1.0,1.0,0.9999999999999989,0.9999999999999987,-0.004858803699299917,-0.004858803699299917,0.6897032573393233,0.6913926212122807,-0.00520992120591863,0.6913926212122807,-0.00520992120591863,0.014010764402072228,0.014010764402072239,0.6897032573393251,0.08176801326038588,0.08176801326038588,0.014010764402072228,0.014010764402072239,-0.004858803699299923,-0.004858803699299923,-0.004858803699299923,-0.004858803699299923,0.6913926212122816,0.6913926212122816,0.9999999999999989,0.9999999999999987,0.9472860702692948,0.9999999999999989,0.9999999999999987,-0.004858803699299904,-0.004858803699299904,0.7747286403456841,0.6570197461139001,0.08444548193585437,0.9472860702692922,0.6897032573393251,0.6897032573393251,0.6467496063439543,0.6570197461138998,0.774728640345684,0.0844454819358544,-0.005209921205918611,-0.005209921205918615,0.8151241695955771,0.8151241695955773,-0.005209921205918611,-0.005209921205918615,0.5864554878785344,0.6913926212122802,0.6913926212122801,0.6467496063439537,0.025295296850825842,0.025295296850825842,0.6913926212122801,0.6913926212122802,0.5864554878785344,0.025295296850825842,0.025295296850825842,0.02529529685082586,0.12305092186401186,0.12305092186401186,0.9472860702692922,0.002815480194080222,0.002815480194080222,0.002815480194080222,0.002815480194080222,-0.05255091077567625,0.02529529685082586,0.12331758688506533,0.12331758688506533,0.6570197461139005,0.6570197461139005,0.947286070269296,0.9472860702692962,-0.004858803699299919,-0.004858803699299917,-0.004858803699299919,-0.004858803699299917,0.0844454819358544,0.0844454819358544,0.646749606343952,0.6467496063439522,-0.052550910775676134,0.774728640345686,0.7747286403456857,-0.01006978613629424,-0.010069786136294237,0.5864554878785344,0.5864554878785344,-0.01006978613629424,-0.010069786136294237,0.6093927251301945,0.5864554878785344,0.5864554878785344,0.947286070269296,0.9472860702692962,0.6093927251301946,0.025295296850825842,0.02529529685082585,-0.05255091077567613,-0.05255091077567611,0.025295296850825842,0.02529529685082585,0.042294480201595167,0.04229448020159516,-0.03183829185643416,-0.03183829185643416,0.609392725130195,0.609392725130195,-0.023989920736152245,-0.023989920736152262,-0.03183829185643417,-0.03183829185643417,0.6570197461138998,0.033151358454377784,0.033151358454377784,0.6570197461139005,0.6570197461139005,0.6570197461139005,0.6570197461139005,0.6570197461138998,0.44415846507225204,0.444158465072251,0.4441584650722509
debrepair_debounced_efficiency_repair_1h_solusdt_short_only_lb12_e0p02_x0p005_hold36_cool6_none_4p0x_0p1_e5d4ce1a,0.9999999999999996,0.014010764402072244,0.014010764402072244,0.014010764402072244,0.014010764402072244,1.0,0.014010764402072213,0.08176801326038585,0.014010764402072213,0.9999999999999996,0.08176801326038581,0.9999999999999996,1.0,1.0,0.9999999999999989,0.9999999999999987,-0.004858803699299917,-0.004858803699299917,0.6897032573393233,0.6913926212122807,-0.00520992120591863,0.6913926212122807,-0.00520992120591863,0.014010764402072228,0.014010764402072239,0.6897032573393251,0.08176801326038588,0.08176801326038588,0.014010764402072228,0.014010764402072239,-0.004858803699299923,-0.004858803699299923,-0.004858803699299923,-0.004858803699299923,0.6913926212122816,0.6913926212122816,0.9999999999999989,0.9999999999999987,0.9472860702692948,0.9999999999999989,0.9999999999999987,-0.004858803699299904,-0.004858803699299904,0.7747286403456841,0.6570197461139001,0.08444548193585437,0.9472860702692922,0.6897032573393251,0.6897032573393251,0.6467496063439543,0.6570197461138998,0.774728640345684,0.0844454819358544,-0.005209921205918611,-0.005209921205918615,0.8151241695955771,0.8151241695955773,-0.005209921205918611,-0.005209921205918615,0.5864554878785344,0.6913926212122802,0.6913926212122801,0.6467496063439537,0.025295296850825842,0.025295296850825842,0.6913926212122801,0.6913926212122802,0.5864554878785344,0.025295296850825842,0.025295296850825842,0.02529529685082586,0.12305092186401186,0.12305092186401186,0.9472860702692922,0.002815480194080222,0.002815480194080222,0.002815480194080222,0.002815480194080222,-0.05255091077567625,0.02529529685082586,0.12331758688506533,0.12331758688506533,0.6570197461139005,0.6570197461139005,0.947286070269296,0.9472860702692962,-0.004858803699299919,-0.004858803699299917,-0.004858803699299919,-0.004858803699299917,0.0844454819358544,0.0844454819358544,0.646749606343952,0.6467496063439522,-0.052550910775676134,0.774728640345686,0.7747286403456857,-0.01006978613629424,-0.010069786136294237,0.5864554878785344,0.5864554878785344,-0.01006978613629424,-0.010069786136294237,0.6093927251301945,0.5864554878785344,0.5864554878785344,0.947286070269296,0.9472860702692962,0.6093927251301946,0.025295296850825842,0.02529529685082585,-0.05255091077567613,-0.05255091077567611,0.025295296850825842,0.02529529685082585,0.042294480201595167,0.04229448020159516,-0.03183829185643416,-0.03183829185643416,0.609392725130195,0.609392725130195,-0.023989920736152245,-0.023989920736152262,-0.03183829185643417,-0.03183829185643417,0.6570197461138998,0.033151358454377784,0.033151358454377784,0.6570197461139005,0.6570197461139005,0.6570197461139005,0.6570197461139005,0.6570197461138998,0.44415846507225204,0.444158465072251,0.4441584650722509
debrepair_debounced_efficiency_repair_1h_solusdt_short_only_lb12_e0p02_x0p005_hold36_cool0_none_2p0x_0p15_bfc43af2,0.9999999999999989,0.014010764402072256,0.014010764402072256,0.014010764402072256,0.014010764402072256,0.9999999999999989,0.01401076440207225,0.08176801326038576,0.01401076440207225,0.9999999999999989,0.08176801326038581,0.9999999999999989,0.9999999999999989,0.9999999999999989,1.0,0.9999999999999998,-0.004858803699299903,-0.004858803699299903,0.6897032573393249,0.6913926212122803,-0.005209921205918594,0.6913926212122803,-0.005209921205918594,0.01401076440207221,0.014010764402072221,0.6897032573393247,0.08176801326038581,0.08176801326038584,0.01401076440207221,0.014010764402072221,-0.004858803699299916,-0.004858803699299916,-0.004858803699299916,-0.004858803699299916,0.6913926212122801,0.6913926212122801,1.0,0.9999999999999998,0.9472860702692941,1.0,0.9999999999999998,-0.004858803699299899,-0.004858803699299899,0.7747286403456838,0.6570197461139008,0.0844454819358544,0.9472860702692948,0.6897032573393233,0.6897032573393233,0.6467496063439541,0.6570197461138999,0.7747286403456862,0.0844454819358543,-0.005209921205918635,-0.0052099212059186295,0.8151241695955779,0.8151241695955778,-0.005209921205918635,-0.0052099212059186295,0.5864554878785344,0.6913926212122806,0.6913926212122805,0.6467496063439523,0.025295296850825853,0.025295296850825853,0.6913926212122805,0.6913926212122806,0.5864554878785344,0.025295296850825853,0.025295296850825853,0.025295296850825773,0.12305092186401193,0.12305092186401188,0.9472860702692948,0.0028154801940802436,0.0028154801940802458,0.0028154801940802436,0.0028154801940802458,-0.05255091077567623,0.025295296850825773,0.1233175868850655,0.12331758688506547,0.6570197461139001,0.6570197461139001,0.9472860702692948,0.9472860702692948,-0.0048588036992999045,-0.004858803699299903,-0.0048588036992999045,-0.004858803699299903,0.08444548193585445,0.08444548193585448,0.6467496063439536,0.6467496063439536,-0.05255091077567608,0.7747286403456841,0.7747286403456839,-0.010069786136294284,-0.010069786136294275,0.586455487878535,0.586455487878535,-0.010069786136294284,-0.010069786136294275,0.609392725130194,0.586455487878535,0.586455487878535,0.9472860702692948,0.9472860702692948,0.609392725130195,0.02529529685082584,0.02529529685082583,-0.052550910775676175,-0.05255091077567619,0.02529529685082584,0.02529529685082583,0.04229448020159517,0.04229448020159518,-0.031838291856434164,-0.031838291856434164,0.6093927251301938,0.6093927251301939,-0.023989920736152203,-0.02398992073615222,-0.031838291856434234,-0.031838291856434234,0.6570197461138999,0.03315135845437774,0.03315135845437774,0.6570197461139001,0.6570197461139001,0.6570197461139001,0.6570197461139001,0.6570197461138999,0.4441584650722509,0.4441584650722503,0.4441584650722503
debrepair_debounced_efficiency_repair_1h_solusdt_short_only_lb12_e0p02_x0p005_hold36_cool0_none_3p0x_0p1_2d4f59e0,0.9999999999999992,0.014010764402072244,0.014010764402072244,0.014010764402072244,0.014010764402072244,0.9999999999999987,0.014010764402072256,0.08176801326038574,0.014010764402072256,0.9999999999999992,0.0817680132603858,0.9999999999999992,0.9999999999999987,0.9999999999999987,0.9999999999999998,1.0,-0.004858803699299901,-0.004858803699299901,0.6897032573393249,0.6913926212122805,-0.005209921205918602,0.6913926212122805,-0.005209921205918602,0.014010764402072214,0.014010764402072206,0.6897032573393249,0.0817680132603858,0.08176801326038582,0.014010764402072214,0.014010764402072206,-0.00485880369929991,-0.00485880369929991,-0.00485880369929991,-0.00485880369929991,0.69139262121228,0.69139262121228,0.9999999999999998,1.0,0.9472860702692942,0.9999999999999998,1.0,-0.0048588036992999045,-0.0048588036992999045,0.7747286403456839,0.6570197461139009,0.08444548193585442,0.9472860702692948,0.6897032573393233,0.6897032573393233,0.6467496063439541,0.6570197461138998,0.7747286403456862,0.08444548193585431,-0.005209921205918629,-0.00520992120591863,0.8151241695955778,0.8151241695955779,-0.005209921205918629,-0.00520992120591863,0.5864554878785343,0.6913926212122806,0.6913926212122808,0.6467496063439525,0.025295296850825846,0.025295296850825846,0.6913926212122808,0.6913926212122806,0.5864554878785343,0.025295296850825846,0.025295296850825846,0.025295296850825787,0.12305092186401193,0.12305092186401193,0.9472860702692948,0.0028154801940802328,0.0028154801940802436,0.0028154801940802328,0.0028154801940802436,-0.052550910775676196,0.025295296850825787,0.12331758688506547,0.1233175868850655,0.6570197461139003,0.6570197461139002,0.9472860702692949,0.9472860702692949,-0.004858803699299909,-0.004858803699299901,-0.004858803699299909,-0.004858803699299901,0.08444548193585448,0.08444548193585447,0.6467496063439536,0.6467496063439535,-0.05255091077567609,0.7747286403456842,0.774728640345684,-0.010069786136294277,-0.010069786136294279,0.5864554878785351,0.586455487878535,-0.010069786136294277,-0.010069786136294279,0.6093927251301942,0.586455487878535,0.5864554878785351,0.9472860702692949,0.9472860702692949,0.6093927251301952,0.025295296850825832,0.02529529685082582,-0.05255091077567619,-0.05255091077567618,0.025295296850825832,0.02529529685082582,0.04229448020159516,0.04229448020159517,-0.031838291856434164,-0.031838291856434164,0.6093927251301939,0.609392725130194,-0.02398992073615221,-0.023989920736152217,-0.03183829185643422,-0.03183829185643423,0.6570197461138998,0.03315135845437775,0.03315135845437775,0.6570197461139002,0.6570197461139003,0.6570197461139002,0.6570197461139003,0.6570197461138998,0.444158465072251,0.44415846507225026,0.44415846507225026
a30fb_booster_rs_chandelier_2h_solusdt_lb12_atr0p5_rel0p005_trail2p0_hold12_4p0x_0p15_f9efb529,-0.004858803699299897,0.694393203125682,0.694393203125682,0.694393203125682,0.694393203125682,-0.004858803699299917,0.694393203125682,-0.010349942524275738,0.694393203125682,-0.004858803699299897,-0.010349942524275773,-0.004858803699299897,-0.004858803699299917,-0.004858803699299917,-0.004858803699299903,-0.004858803699299901,1.0,1.0,-0.020868233281300674,-0.01095537867286858,0.6456564870092503,-0.01095537867286858,0.6456564870092503,0.6943932031256816,0.6943932031256816,-0.02086823328130062,-0.010349942524275773,-0.010349942524275771,0.6943932031256816,0.6943932031256816,1.0,1.0,1.0,1.0,-0.010955378672868641,-0.010955378672868641,-0.004858803699299899,-0.004858803699299895,-0.014504134435183474,-0.004858803699299899,-0.004858803699299895,0.9999999999999994,0.9999999999999994,-0.06810272595243022,-0.017367644192844915,-0.010601609587748357,-0.01450413443518343,-0.020868233281300694,-0.020868233281300694,-0.02204735369415077,-0.01736764419284494,-0.06810272595243035,-0.010601609587748384,0.6456564870092527,0.6456564870092528,-0.048316788061307056,-0.04831678806130706,0.6456564870092527,0.6456564870092528,0.0001366068906122631,-0.01095537867286861,-0.010955378672868605,-0.02204735369415075,0.6079669607685347,0.6079669607685347,-0.010955378672868605,-0.01095537867286861,0.0001366068906122631,0.6079669607685347,0.6079669607685347,0.6079669607685345,-0.0058417433365478555,-0.005841743336547833,-0.01450413443518343,0.7106168460000075,0.7106168460000074,0.7106168460000075,0.7106168460000074,0.23296806161670344,0.6079669607685345,-0.01201515117538862,-0.012015151175388601,-0.01736764419284494,-0.01736764419284493,-0.014504134435183488,-0.01450413443518349,1.0,1.0,1.0,1.0,-0.010601609587748346,-0.010601609587748351,-0.022047353694150725,-0.022047353694150718,0.23296806161670383,-0.06810272595243029,-0.06810272595243026,0.817606868619633,0.817606868619633,0.0001366068906122698,0.00013660689061226677,0.817606868619633,0.817606868619633,-0.015839523964561994,0.00013660689061226677,0.0001366068906122698,-0.014504134435183488,-0.01450413443518349,-0.015839523964562008,0.6079669607685335,0.6079669607685334,0.23296806161670375,0.23296806161670375,0.6079669607685335,0.6079669607685334,0.020172573531033487,0.02017257353103348,0.15202559292707363,0.15202559292707363,-0.015839523964562036,-0.01583952396456204,-0.09229698360231359,-0.0922969836023136,0.15202559292707374,0.15202559292707377,-0.01736764419284494,-0.034448456901517585,-0.034448456901517585,-0.01736764419284493,-0.01736764419284494,-0.01736764419284493,-0.01736764419284494,-0.01736764419284494,-0.013269586965815396,-0.013269586965815415,-0.013269586965815422
a30fb_booster_rs_chandelier_2h_solusdt_lb12_atr0p5_rel0p005_trail3p0_hold12_4p0x_0p15_d8f15883,-0.004858803699299897,0.694393203125682,0.694393203125682,0.694393203125682,0.694393203125682,-0.004858803699299917,0.694393203125682,-0.010349942524275738,0.694393203125682,-0.004858803699299897,-0.010349942524275773,-0.004858803699299897,-0.004858803699299917,-0.004858803699299917,-0.004858803699299903,-0.004858803699299901,1.0,1.0,-0.020868233281300674,-0.01095537867286858,0.6456564870092503,-0.01095537867286858,0.6456564870092503,0.6943932031256816,0.6943932031256816,-0.02086823328130062,-0.010349942524275773,-0.010349942524275771,0.6943932031256816,0.6943932031256816,1.0,1.0,1.0,1.0,-0.010955378672868641,-0.010955378672868641,-0.004858803699299899,-0.004858803699299895,-0.014504134435183474,-0.004858803699299899,-0.004858803699299895,0.9999999999999994,0.9999999999999994,-0.06810272595243022,-0.017367644192844915,-0.010601609587748357,-0.01450413443518343,-0.020868233281300694,-0.020868233281300694,-0.02204735369415077,-0.01736764419284494,-0.06810272595243035,-0.010601609587748384,0.6456564870092527,0.6456564870092528,-0.048316788061307056,-0.04831678806130706,0.6456564870092527,0.6456564870092528,0.0001366068906122631,-0.01095537867286861,-0.010955378672868605,-0.02204735369415075,0.6079669607685347,0.6079669607685347,-0.010955378672868605,-0.01095537867286861,0.0001366068906122631,0.6079669607685347,0.6079669607685347,0.6079669607685345,-0.0058417433365478555,-0.005841743336547833,-0.01450413443518343,0.7106168460000075,0.7106168460000074,0.7106168460000075,0.7106168460000074,0.23296806161670344,0.6079669607685345,-0.01201515117538862,-0.012015151175388601,-0.01736764419284494,-0.01736764419284493,-0.014504134435183488,-0.01450413443518349,1.0,1.0,1.0,1.0,-0.010601609587748346,-0.010601609587748351,-0.022047353694150725,-0.022047353694150718,0.23296806161670383,-0.06810272595243029,-0.06810272595243026,0.817606868619633,0.817606868619633,0.0001366068906122698,0.00013660689061226677,0.817606868619633,0.817606868619633,-0.015839523964561994,0.00013660689061226677,0.0001366068906122698,-0.014504134435183488,-0.01450413443518349,-0.015839523964562008,0.6079669607685335,0.6079669607685334,0.23296806161670375,0.23296806161670375,0.6079669607685335,0.6079669607685334,0.020172573531033487,0.02017257353103348,0.15202559292707363,0.15202559292707363,-0.015839523964562036,-0.01583952396456204,-0.09229698360231359,-0.0922969836023136,0.15202559292707374,0.15202559292707377,-0.01736764419284494,-0.034448456901517585,-0.034448456901517585,-0.01736764419284493,-0.01736764419284494,-0.01736764419284493,-0.01736764419284494,-0.01736764419284494,-0.013269586965815396,-0.013269586965815415,-0.013269586965815422
debrepair_debounced_efficiency_repair_1h_solusdt_short_only_lb12_e0p025_x0p0_hold36_cool0_adx20_3p0x_0p15_c2ecca50,0.6897032573393251,0.009821897189325765,0.009821897189325765,0.009821897189325765,0.009821897189325765,0.6897032573393233,0.009821897189325746,0.007559000051616531,0.009821897189325746,0.6897032573393251,0.007559000051616415,0.6897032573393251,0.6897032573393233,0.6897032573393233,0.6897032573393249,0.6897032573393249,-0.020868233281300674,-0.020868233281300674,1.0,0.5969272472695744,-0.014282016404081653,0.5969272472695744,-0.014282016404081653,0.009821897189325753,0.009821897189325753,0.9999999999999996,0.007559000051616507,0.007559000051616549,0.009821897189325753,0.009821897189325753,-0.02086823328130068,-0.02086823328130068,-0.02086823328130068,-0.02086823328130068,0.5969272472695729,0.5969272472695729,0.6897032573393249,0.6897032573393248,0.6557670853441178,0.6897032573393249,0.6897032573393248,-0.020868233281300653,-0.020868233281300653,0.5430157227963119,0.9549010295040024,0.010119200033613444,0.6557670853441173,1.0,1.0,0.965806374771199,0.9549010295040037,0.5430157227963134,0.010119200033613227,-0.014282016404081624,-0.01428201640408163,0.5848024043389077,0.584802404338908,-0.014282016404081624,-0.01428201640408163,0.46835948905143765,0.5969272472695738,0.5969272472695738,0.9658063747711993,0.007306252212513222,0.007306252212513222,0.5969272472695738,0.5969272472695738,0.46835948905143765,0.007306252212513222,0.007306252212513222,0.007306252212513195,-0.001799769636590625,-0.0017997696365906295,0.6557670853441173,-0.012345134974575813,-0.012345134974575817,-0.012345134974575813,-0.012345134974575817,-0.10755107840113454,0.007306252212513195,-0.001834564485823875,-0.0018345644858238576,0.9549010295040005,0.9549010295040006,0.6557670853441183,0.6557670853441184,-0.02086823328130067,-0.020868233281300663,-0.02086823328130067,-0.020868233281300663,0.010119200033613319,0.010119200033613373,0.9658063747711986,0.9658063747711986,-0.10755107840113445,0.5430157227963133,0.5430157227963133,-0.02437657243379687,-0.024376572433796866,0.46835948905143737,0.4683594890514375,-0.02437657243379687,-0.024376572433796866,0.9267125087775806,0.4683594890514375,0.46835948905143737,0.6557670853441183,0.6557670853441184,0.92671250877758,0.007306252212513209,0.007306252212513211,-0.10755107840113433,-0.10755107840113433,0.007306252212513209,0.007306252212513211,0.026507113140266037,0.02650711314026604,-0.03827545063870313,-0.03827545063870313,0.9267125087775794,0.9267125087775793,-0.03545824931239392,-0.03545824931239392,-0.03827545063870322,-0.03827545063870322,0.9549010295040037,0.04086540086495627,0.04086540086495627,0.9549010295040006,0.9549010295040005,0.9549010295040006,0.9549010295040005,0.9549010295040037,0.4511878051543414,0.4511878051543418,0.45118780515434187
debrepair_debounced_efficiency_repair_1h_solusdt_short_only_lb6_e0p02_x0p005_hold18_cool0_adx20_3p0x_0p15_a9f9a6d7,0.6913926212122803,-0.00482114625017546,-0.00482114625017546,-0.00482114625017546,-0.00482114625017546,0.6913926212122807,-0.004821146250175455,0.11319954286237398,-0.004821146250175455,0.6913926212122803,0.1131995428623739,0.6913926212122803,0.6913926212122807,0.6913926212122807,0.6913926212122803,0.6913926212122805,-0.01095537867286858,-0.01095537867286858,0.5969272472695744,1.0,-0.008348947759423495,1.0,-0.008348947759423495,-0.004821146250175474,-0.004821146250175472,0.5969272472695729,0.11319954286237405,0.11319954286237408,-0.004821146250175474,-0.004821146250175472,-0.010955378672868627,-0.010955378672868627,-0.010955378672868627,-0.010955378672868627,1.0,1.0,0.6913926212122803,0.6913926212122805,0.604897873891613,0.6913926212122803,0.6913926212122805,-0.010955378672868605,-0.010955378672868605,0.715152459174738,0.59739690685608,0.11094257822797035,0.6048978738916124,0.596927247269574,0.596927247269574,0.5500924025337176,0.5973969068560817,0.7151524591747386,0.11094257822797053,-0.00834894775942345,-0.008348947759423447,0.8082490428333151,0.8082490428333152,-0.00834894775942345,-0.008348947759423447,0.8377026862525196,1.0,1.0,0.5500924025337176,0.002286679399483948,0.002286679399483948,1.0,1.0,0.8377026862525196,0.002286679399483948,0.002286679399483948,0.0022866793994839375,0.09809010564919751,0.09809010564919751,0.6048978738916124,0.0075373915634584085,0.0075373915634584085,0.0075373915634584085,0.0075373915634584085,-0.032861112050359444,0.0022866793994839375,0.09835431081270334,0.09835431081270332,0.5973969068560816,0.5973969068560817,0.6048978738916136,0.6048978738916136,-0.010955378672868582,-0.010955378672868575,-0.010955378672868582,-0.010955378672868575,0.11094257822797063,0.11094257822797061,0.5500924025337166,0.5500924025337165,-0.03286111205035944,0.7151524591747387,0.7151524591747385,-0.0077780184967080335,-0.007778018496708028,0.8377026862525192,0.8377026862525194,-0.0077780184967080335,-0.007778018496708028,0.5256049284373029,0.8377026862525194,0.8377026862525192,0.6048978738916136,0.6048978738916136,0.5256049284373037,0.00228667939948394,0.002286679399483933,-0.03286111205035936,-0.032861112050359347,0.00228667939948394,0.002286679399483933,0.0174439609953022,0.0174439609953022,-0.028038401743490805,-0.028038401743490805,0.5256049284373039,0.5256049284373039,-0.069615052095824,-0.06961505209582403,-0.02803840174349075,-0.02803840174349075,0.5973969068560817,0.04510138804717209,0.04510138804717209,0.5973969068560817,0.5973969068560816,0.5973969068560817,0.5973969068560816,0.5973969068560817,0.6392500430478146,0.6392500430478154,0.6392500430478154
a30fb_booster_rs_chandelier_2h_solusdt_lb12_atr0p25_rel0p01_trail3p0_hold18_3p0x_0p15_e781bedb,-0.005209921205918649,0.8826535552727204,0.8826535552727204,0.8826535552727204,0.8826535552727204,-0.00520992120591863,0.8826535552727195,-0.0033404849836093874,0.8826535552727195,-0.005209921205918649,-0.0033404849836093983,-0.005209921205918649,-0.00520992120591863,-0.00520992120591863,-0.005209921205918594,-0.005209921205918602,0.6456564870092503,0.6456564870092503,-0.014282016404081653,-0.008348947759423495,1.0,-0.008348947759423499,1.0,0.8826535552727195,0.8826535552727197,-0.014282016404081567,-0.0033404849836093714,-0.0033404849836093675,0.8826535552727195,0.8826535552727197,0.6456564870092512,0.6456564870092512,0.6456564870092512,0.6456564870092512,-0.008348947759423476,-0.008348947759423476,-0.005209921205918591,-0.0052099212059186,-0.014025606014055239,-0.005209921205918591,-0.0052099212059186,0.6456564870092519,0.6456564870092519,-0.07080649361889711,-0.013277221305829152,-0.003494465775813897,-0.01402560601405514,-0.014282016404081627,-0.014282016404081627,-0.006619411976862678,-0.01327722130582917,-0.0708064936188971,-0.0034944657758139,0.9999999999999969,0.9999999999999971,-0.0525473974366631,-0.0525473974366631,0.9999999999999969,0.9999999999999971,-0.010645969780243058,-0.00834894775942345,-0.008348947759423452,-0.006619411976862687,0.7567092434708493,0.7567092434708493,-0.008348947759423452,-0.00834894775942345,-0.010645969780243058,0.7567092434708493,0.7567092434708493,0.7567092434708488,-0.007115904427321789,-0.007115904427321784,-0.01402560601405514,0.9048487553336342,0.9048487553336341,0.9048487553336342,0.9048487553336341,0.19349934591909926,0.7567092434708488,-0.0123130036592786,-0.012313003659278596,-0.013277221305829165,-0.013277221305829158,-0.014025606014055125,-0.014025606014055126,0.6456564870092502,0.6456564870092503,0.6456564870092502,0.6456564870092503,-0.0034944657758138905,-0.0034944657758139057,-0.0066194119768626805,-0.0066194119768626805,0.19349934591909942,-0.07080649361889703,-0.07080649361889702,0.7667758490736911,0.7667758490736912,-0.010645969780243075,-0.010645969780243068,0.7667758490736911,0.7667758490736912,-0.0007015958659994518,-0.010645969780243068,-0.010645969780243075,-0.014025606014055125,-0.014025606014055126,-0.000701595865999419,0.75670924347085,0.7567092434708498,0.19349934591909915,0.19349934591909915,0.75670924347085,0.7567092434708498,0.03906606949874599,0.03906606949874597,0.10128364359556256,0.10128364359556256,-0.0007015958659994387,-0.0007015958659994355,-0.026366741982129537,-0.02636674198212953,0.10128364359556262,0.10128364359556262,-0.01327722130582917,-0.01415325580422821,-0.01415325580422821,-0.013277221305829158,-0.013277221305829165,-0.013277221305829158,-0.013277221305829165,-0.01327722130582917,-0.007122046641913144,-0.007122046641913102,-0.007122046641913111
debrepair_debounced_efficiency_repair_1h_solusdt_short_only_lb6_e0p02_x0p005_hold18_cool0_none_3p0x_0p15_e2b9713c,0.6913926212122803,-0.00482114625017546,-0.00482114625017546,-0.00482114625017546,-0.00482114625017546,0.6913926212122807,-0.004821146250175455,0.11319954286237398,-0.004821146250175455,0.6913926212122803,0.1131995428623739,0.6913926212122803,0.6913926212122807,0.6913926212122807,0.6913926212122803,0.6913926212122805,-0.01095537867286858,-0.01095537867286858,0.5969272472695744,1.0,-0.008348947759423499,1.0,-0.008348947759423495,-0.004821146250175474,-0.004821146250175472,0.5969272472695729,0.11319954286237405,0.11319954286237408,-0.004821146250175474,-0.004821146250175472,-0.010955378672868627,-0.010955378672868627,-0.010955378672868627,-0.010955378672868627,1.0,1.0,0.6913926212122803,0.6913926212122805,0.604897873891613,0.6913926212122803,0.6913926212122805,-0.010955378672868605,-0.010955378672868605,0.715152459174738,0.59739690685608,0.11094257822797035,0.6048978738916124,0.596927247269574,0.596927247269574,0.5500924025337176,0.5973969068560817,0.7151524591747386,0.11094257822797053,-0.00834894775942345,-0.008348947759423447,0.8082490428333151,0.8082490428333152,-0.00834894775942345,-0.008348947759423447,0.8377026862525196,1.0,1.0,0.5500924025337176,0.002286679399483948,0.002286679399483948,1.0,1.0,0.8377026862525196,0.002286679399483948,0.002286679399483948,0.0022866793994839375,0.09809010564919751,0.09809010564919751,0.6048978738916124,0.0075373915634584085,0.0075373915634584085,0.0075373915634584085,0.0075373915634584085,-0.032861112050359444,0.0022866793994839375,0.09835431081270334,0.09835431081270332,0.5973969068560816,0.5973969068560817,0.6048978738916136,0.6048978738916136,-0.010955378672868582,-0.010955378672868575,-0.010955378672868582,-0.010955378672868575,0.11094257822797063,0.11094257822797061,0.5500924025337166,0.5500924025337165,-0.03286111205035944,0.7151524591747387,0.7151524591747385,-0.0077780184967080335,-0.007778018496708028,0.8377026862525192,0.8377026862525194,-0.0077780184967080335,-0.007778018496708028,0.5256049284373029,0.8377026862525194,0.8377026862525192,0.6048978738916136,0.6048978738916136,0.5256049284373037,0.00228667939948394,0.002286679399483933,-0.03286111205035936,-0.032861112050359347,0.00228667939948394,0.002286679399483933,0.0174439609953022,0.0174439609953022,-0.028038401743490805,-0.028038401743490805,0.5256049284373039,0.5256049284373039,-0.069615052095824,-0.06961505209582403,-0.02803840174349075,-0.02803840174349075,0.5973969068560817,0.04510138804717209,0.04510138804717209,0.5973969068560817,0.5973969068560816,0.5973969068560817,0.5973969068560816,0.5973969068560817,0.6392500430478146,0.6392500430478154,0.6392500430478154
a30fb_booster_rs_chandelier_2h_solusdt_lb12_atr0p25_rel0p01_trail2p0_hold18_3p0x_0p15_7476f4b9,-0.005209921205918649,0.8826535552727204,0.8826535552727204,0.8826535552727204,0.8826535552727204,-0.00520992120591863,0.8826535552727195,-0.0033404849836093874,0.8826535552727195,-0.005209921205918649,-0.0033404849836093983,-0.005209921205918649,-0.00520992120591863,-0.00520992120591863,-0.005209921205918594,-0.005209921205918602,0.6456564870092503,0.6456564870092503,-0.014282016404081653,-0.008348947759423495,1.0,-0.008348947759423495,1.0,0.8826535552727195,0.8826535552727197,-0.014282016404081567,-0.0033404849836093714,-0.0033404849836093675,0.8826535552727195,0.8826535552727197,0.6456564870092512,0.6456564870092512,0.6456564870092512,0.6456564870092512,-0.008348947759423476,-0.008348947759423476,-0.005209921205918591,-0.0052099212059186,-0.014025606014055239,-0.005209921205918591,-0.0052099212059186,0.6456564870092519,0.6456564870092519,-0.07080649361889711,-0.013277221305829152,-0.003494465775813897,-0.01402560601405514,-0.014282016404081627,-0.014282016404081627,-0.006619411976862678,-0.01327722130582917,-0.0708064936188971,-0.0034944657758139,0.9999999999999969,0.9999999999999971,-0.0525473974366631,-0.0525473974366631,0.9999999999999969,0.9999999999999971,-0.010645969780243058,-0.00834894775942345,-0.008348947759423452,-0.006619411976862687,0.7567092434708493,0.7567092434708493,-0.008348947759423452,-0.00834894775942345,-0.010645969780243058,0.7567092434708493,0.7567092434708493,0.7567092434708488,-0.007115904427321789,-0.007115904427321784,-0.01402560601405514,0.9048487553336342,0.9048487553336341,0.9048487553336342,0.9048487553336341,0.19349934591909926,0.7567092434708488,-0.0123130036592786,-0.012313003659278596,-0.013277221305829165,-0.013277221305829158,-0.014025606014055125,-0.014025606014055126,0.6456564870092502,0.6456564870092503,0.6456564870092502,0.6456564870092503,-0.0034944657758138905,-0.0034944657758139057,-0.0066194119768626805,-0.0066194119768626805,0.19349934591909942,-0.07080649361889703,-0.07080649361889702,0.7667758490736911,0.7667758490736912,-0.010645969780243075,-0.010645969780243068,0.7667758490736911,0.7667758490736912,-0.0007015958659994518,-0.010645969780243068,-0.010645969780243075,-0.014025606014055125,-0.014025606014055126,-0.000701595865999419,0.75670924347085,0.7567092434708498,0.19349934591909915,0.19349934591909915,0.75670924347085,0.7567092434708498,0.03906606949874599,0.03906606949874597,0.10128364359556256,0.10128364359556256,-0.0007015958659994387,-0.0007015958659994355,-0.026366741982129537,-0.02636674198212953,0.10128364359556262,0.10128364359556262,-0.01327722130582917,-0.01415325580422821,-0.01415325580422821,-0.013277221305829158,-0.013277221305829165,-0.013277221305829158,-0.013277221305829165,-0.01327722130582917,-0.007122046641913144,-0.007122046641913102,-0.007122046641913111
a30fb_booster_rs_chandelier_2h_solusdt_lb12_atr0p25_rel0p005_trail3p0_hold18_3p0x_0p1_3ac49851,0.014010764402072242,1.0,1.0,1.0,1.0,0.014010764402072228,0.9999999999999974,0.010615787706338585,0.9999999999999974,0.014010764402072242,0.010615787706338569,0.014010764402072242,0.014010764402072228,0.014010764402072228,0.01401076440207221,0.014010764402072214,0.6943932031256816,0.6943932031256816,0.009821897189325753,-0.004821146250175474,0.8826535552727195,-0.004821146250175474,0.8826535552727195,1.0,1.0,0.009821897189325753,0.010615787706338576,0.010615787706338574,1.0,1.0,0.6943932031256819,0.6943932031256819,0.6943932031256819,0.6943932031256819,-0.004821146250175464,-0.004821146250175464,0.014010764402072228,0.014010764402072221,0.006816434594442529,0.014010764402072228,0.014010764402072221,0.6943932031256816,0.6943932031256816,-0.05995045487433285,0.011628181588720522,0.010566626736560008,0.006816434594442567,0.009821897189325805,0.0098218971893258,0.017357666363811232,0.011628181588720511,-0.05995045487433287,0.01056662673656003,0.8826535552727182,0.8826535552727182,-0.04394117588840071,-0.04394117588840072,0.8826535552727182,0.8826535552727182,-0.008821306767237951,-0.004821146250175431,-0.004821146250175429,0.017357666363811225,0.8759461501970558,0.8759461501970558,-0.004821146250175429,-0.004821146250175431,-0.008821306767237951,0.8759461501970558,0.8759461501970558,0.8759461501970591,-0.013067354260158055,-0.013067354260158053,0.006816434594442567,0.7987394606979729,0.7987394606979726,0.7987394606979729,0.7987394606979726,0.2723879188257461,0.8759461501970591,-0.01761757555700967,-0.017617575557009674,0.011628181588720515,0.011628181588720506,0.00681643459444256,0.006816434594442554,0.6943932031256819,0.6943932031256816,0.6943932031256819,0.6943932031256816,0.01056662673656003,0.010566626736560034,0.017357666363811194,0.01735766636381121,0.27238791882574587,-0.059950454874332836,-0.059950454874332836,0.7333444550832244,0.7333444550832244,-0.008821306767237969,-0.008821306767237976,0.7333444550832244,0.7333444550832244,0.02364188534478274,-0.008821306767237976,-0.008821306767237969,0.00681643459444256,0.006816434594442554,0.023641885344782725,0.8759461501970564,0.8759461501970564,0.2723879188257457,0.27238791882574565,0.8759461501970564,0.8759461501970564,0.046988490230938054,0.04698849023093805,0.049862521661294276,0.049862521661294276,0.02364188534478277,0.023641885344782766,-0.04145500183425551,-0.041455001834255524,0.0498625216612942,0.04986252166129418,0.011628181588720511,-0.016996799683647205,-0.016996799683647205,0.011628181588720506,0.011628181588720515,0.011628181588720506,0.011628181588720515,0.011628181588720511,-0.005609750169540075,-0.005609750169540059,-0.005609750169540055
a30fb_booster_rs_chandelier_2h_solusdt_lb12_atr0p25_rel0p005_trail3p0_hold18_2p0x_0p15_3fa94945,0.014010764402072228,1.0,1.0,1.0,1.0,0.014010764402072239,0.9999999999999974,0.010615787706338578,0.9999999999999974,0.014010764402072228,0.010615787706338569,0.014010764402072228,0.014010764402072239,0.014010764402072239,0.014010764402072221,0.014010764402072206,0.6943932031256816,0.6943932031256816,0.009821897189325753,-0.004821146250175472,0.8826535552727197,-0.004821146250175472,0.8826535552727197,1.0,1.0,0.009821897189325749,0.010615787706338578,0.010615787706338578,1.0,1.0,0.6943932031256818,0.6943932031256818,0.6943932031256818,0.6943932031256818,-0.004821146250175469,-0.004821146250175469,0.014010764402072221,0.014010764402072209,0.00681643459444253,0.014010764402072221,0.014010764402072209,0.694393203125682,0.694393203125682,-0.05995045487433285,0.011628181588720513,0.010566626736559994,0.006816434594442566,0.009821897189325794,0.009821897189325792,0.01735766636381122,0.011628181588720502,-0.05995045487433288,0.01056662673656003,0.8826535552727183,0.8826535552727182,-0.0439411758884007,-0.04394117588840072,0.8826535552727183,0.8826535552727182,-0.008821306767237946,-0.004821146250175432,-0.004821146250175437,0.01735766636381122,0.875946150197056,0.875946150197056,-0.004821146250175437,-0.004821146250175432,-0.008821306767237946,0.875946150197056,0.875946150197056,0.8759461501970595,-0.013067354260158048,-0.013067354260158055,0.006816434594442566,0.7987394606979726,0.7987394606979725,0.7987394606979726,0.7987394606979725,0.2723879188257462,0.8759461501970595,-0.01761757555700966,-0.017617575557009664,0.011628181588720497,0.011628181588720508,0.00681643459444257,0.0068164345944425565,0.6943932031256818,0.6943932031256816,0.6943932031256818,0.6943932031256816,0.010566626736560045,0.010566626736560043,0.017357666363811187,0.017357666363811197,0.272387918825746,-0.059950454874332836,-0.05995045487433281,0.7333444550832245,0.7333444550832247,-0.008821306767237974,-0.008821306767237977,0.7333444550832245,0.7333444550832247,0.02364188534478273,-0.008821306767237977,-0.008821306767237974,0.00681643459444257,0.0068164345944425565,0.023641885344782714,0.8759461501970566,0.8759461501970564,0.2723879188257457,0.2723879188257457,0.8759461501970566,0.8759461501970564,0.04698849023093805,0.04698849023093802,0.04986252166129427,0.04986252166129427,0.023641885344782773,0.023641885344782763,-0.041455001834255545,-0.04145500183425554,0.049862521661294214,0.04986252166129421,0.011628181588720502,-0.0169967996836472,-0.0169967996836472,0.011628181588720508,0.011628181588720497,0.011628181588720508,0.011628181588720497,0.011628181588720502,-0.005609750169540073,-0.005609750169540055,-0.005609750169540051
debrepair_debounced_efficiency_repair_1h_solusdt_short_only_lb12_e0p025_x0p0_hold36_cool0_adx20_4p0x_0p1_83808fb2,0.6897032573393229,0.009821897189325772,0.009821897189325772,0.009821897189325772,0.009821897189325772,0.6897032573393251,0.00982189718932579,0.007559000051616427,0.00982189718932579,0.6897032573393229,0.007559000051616295,0.6897032573393229,0.6897032573393251,0.6897032573393251,0.6897032573393247,0.6897032573393249,-0.02086823328130062,-0.02086823328130062,0.9999999999999996,0.5969272472695729,-0.014282016404081567,0.5969272472695729,-0.014282016404081567,0.009821897189325753,0.009821897189325749,1.0,0.007559000051616388,0.007559000051616388,0.009821897189325753,0.009821897189325765,-0.020868233281300646,-0.020868233281300646,-0.020868233281300646,-0.020868233281300646,0.5969272472695744,0.5969272472695744,0.6897032573393247,0.6897032573393248,0.6557670853441178,0.6897032573393247,0.6897032573393248,-0.020868233281300677,-0.020868233281300677,0.5430157227963127,0.9549010295040039,0.01011920003361325,0.6557670853441179,1.0,1.0,0.9658063747711998,0.9549010295040022,0.5430157227963128,0.010119200033613463,-0.014282016404081627,-0.014282016404081627,0.5848024043389076,0.5848024043389075,-0.014282016404081627,-0.014282016404081627,0.4683594890514375,0.5969272472695748,0.5969272472695748,0.965806374771197,0.007306252212513198,0.007306252212513198,0.5969272472695748,0.5969272472695748,0.4683594890514375,0.007306252212513198,0.007306252212513198,0.007306252212513191,-0.0017997696365905874,-0.0017997696365906438,0.6557670853441179,-0.01234513497457578,-0.012345134974575782,-0.01234513497457578,-0.012345134974575782,-0.10755107840113463,0.007306252212513191,-0.0018345644858238066,-0.0018345644858238832,0.9549010295040031,0.9549010295040031,0.6557670853441182,0.6557670853441181,-0.020868233281300597,-0.020868233281300604,-0.020868233281300597,-0.020868233281300604,0.010119200033613194,0.010119200033613237,0.9658063747711967,0.9658063747711966,-0.10755107840113454,0.5430157227963135,0.5430157227963133,-0.024376572433796866,-0.02437657243379685,0.468359489051437,0.468359489051437,-0.024376572433796866,-0.02437657243379685,0.92671250877758,0.468359489051437,0.468359489051437,0.6557670853441182,0.6557670853441181,0.9267125087775812,0.007306252212513216,0.00730625221251321,-0.10755107840113452,-0.10755107840113448,0.007306252212513216,0.00730625221251321,0.02650711314026602,0.02650711314026602,-0.038275450638703135,-0.038275450638703135,0.9267125087775775,0.9267125087775777,-0.03545824931239393,-0.03545824931239392,-0.038275450638703086,-0.0382754506387031,0.9549010295040022,0.040865400864956346,0.040865400864956346,0.9549010295040031,0.9549010295040031,0.9549010295040031,0.9549010295040031,0.9549010295040022,0.4511878051543413,0.4511878051543418,0.45118780515434176
debrepair_debounced_efficiency_repair_1h_solusdt_long_short_lb12_e0p03_x-0p005_hold48_cool0_none_2p0x_0p15_ceaf4509,0.08176801326038571,0.010615787706338569,0.010615787706338569,0.010615787706338569,0.010615787706338569,0.08176801326038588,0.010615787706338576,1.0,0.010615787706338576,0.08176801326038571,1.0,0.08176801326038571,0.08176801326038588,0.08176801326038588,0.08176801326038581,0.0817680132603858,-0.010349942524275773,-0.010349942524275773,0.007559000051616507,0.11319954286237405,-0.0033404849836093714,0.11319954286237405,-0.0033404849836093714,0.010615787706338576,0.010615787706338578,0.007559000051616388,1.0,1.0,0.010615787706338572,0.010615787706338574,-0.010349942524275754,-0.010349942524275754,-0.010349942524275754,-0.010349942524275754,0.11319954286237395,0.11319954286237395,0.08176801326038581,0.08176801326038581,0.09544407941009561,0.08176801326038581,0.08176801326038581,-0.010349942524275737,-0.010349942524275737,0.14822430893886981,-0.02579626460965638,0.9928131422371764,0.09544407941009538,0.007559000051616406,0.007559000051616444,0.0011118315074313213,-0.025796264609656172,0.14822430893887012,0.9928131422371779,-0.0033404849836094035,-0.003340484983609404,0.12952926776491758,0.12952926776491758,-0.0033404849836094035,-0.003340484983609404,0.0846545030352266,0.11319954286237396,0.11319954286237396,0.0011118315074314174,0.015992749953460117,0.015992749953460117,0.11319954286237396,0.11319954286237396,0.0846545030352266,0.015992749953460117,0.015992749953460117,0.015992749953460124,0.15176150161109977,0.15176150161109977,0.09544407941009538,0.00851931703923669,0.008519317039236704,0.00851931703923669,0.008519317039236704,0.03071437917381311,0.015992749953460124,0.15611803137527894,0.15611803137527894,-0.025796264609656217,-0.025796264609656224,0.09544407941009567,0.09544407941009567,-0.010349942524275782,-0.01034994252427578,-0.010349942524275782,-0.01034994252427578,0.992813142237177,0.992813142237177,0.0011118315074316472,0.001111831507431709,0.030714379173812985,0.14822430893887006,0.14822430893887004,-0.035180627815401384,-0.03518062781540139,0.08465450303522662,0.08465450303522658,-0.035180627815401384,-0.03518062781540139,-0.06427172247843735,0.08465450303522658,0.08465450303522662,0.09544407941009567,0.09544407941009567,-0.06427172247843672,0.015992749953460124,0.015992749953460117,0.03071437917381315,0.030714379173813134,0.015992749953460124,0.015992749953460117,-0.010199902693144072,-0.010199902693144067,-0.023446374946451902,-0.023446374946451902,-0.06427172247843689,-0.06427172247843689,0.04303451485623919,0.043034514856239194,-0.02344637494645184,-0.02344637494645182,-0.025796264609656172,0.014395434207241958,0.014395434207241958,-0.025796264609656224,-0.025796264609656217,-0.025796264609656224,-0.025796264609656217,-0.025796264609656172,0.0687016251876538,0.06870162518765366,0.06870162518765367
debrepair_debounced_efficiency_repair_1h_solusdt_long_short_lb12_e0p03_x-0p005_hold48_cool0_none_3p0x_0p1_da1b90f4,0.08176801326038571,0.010615787706338572,0.010615787706338572,0.010615787706338572,0.010615787706338572,0.08176801326038588,0.01061578770633857,1.0,0.01061578770633857,0.08176801326038571,1.0,0.08176801326038571,0.08176801326038588,0.08176801326038588,0.08176801326038584,0.08176801326038582,-0.010349942524275771,-0.010349942524275771,0.007559000051616549,0.11319954286237408,-0.0033404849836093675,0.11319954286237408,-0.0033404849836093675,0.010615787706338574,0.010615787706338578,0.007559000051616388,1.0,1.0,0.010615787706338569,0.010615787706338578,-0.010349942524275747,-0.010349942524275747,-0.010349942524275747,-0.010349942524275747,0.11319954286237395,0.11319954286237395,0.08176801326038581,0.08176801326038582,0.0954440794100956,0.08176801326038581,0.08176801326038582,-0.010349942524275747,-0.010349942524275747,0.14822430893886981,-0.02579626460965642,0.9928131422371764,0.09544407941009536,0.007559000051616447,0.007559000051616421,0.0011118315074313794,-0.025796264609656148,0.14822430893887006,0.9928131422371778,-0.0033404849836094082,-0.003340484983609399,0.12952926776491755,0.12952926776491755,-0.0033404849836094082,-0.003340484983609399,0.08465450303522658,0.11319954286237396,0.11319954286237396,0.0011118315074314096,0.015992749953460113,0.015992749953460113,0.11319954286237396,0.11319954286237396,0.08465450303522658,0.015992749953460113,0.015992749953460113,0.01599274995346013,0.15176150161109983,0.15176150161109983,0.09544407941009536,0.008519317039236687,0.008519317039236689,0.008519317039236687,0.008519317039236689,0.030714379173813124,0.01599274995346013,0.15611803137527897,0.15611803137527897,-0.025796264609656207,-0.02579626460965622,0.09544407941009567,0.09544407941009565,-0.010349942524275787,-0.01034994252427579,-0.010349942524275787,-0.01034994252427579,0.9928131422371769,0.9928131422371769,0.001111831507431709,0.0011118315074317374,0.030714379173812954,0.14822430893887012,0.1482243089388701,-0.03518062781540139,-0.03518062781540137,0.08465450303522663,0.0846545030352266,-0.03518062781540139,-0.03518062781540137,-0.06427172247843735,0.0846545030352266,0.08465450303522663,0.09544407941009567,0.09544407941009565,-0.06427172247843672,0.01599274995346011,0.015992749953460113,0.030714379173813134,0.03071437917381315,0.01599274995346011,0.015992749953460113,-0.01019990269314408,-0.010199902693144075,-0.02344637494645191,-0.02344637494645191,-0.06427172247843689,-0.06427172247843688,0.04303451485623917,0.04303451485623918,-0.02344637494645182,-0.023446374946451815,-0.025796264609656148,0.014395434207241964,0.014395434207241964,-0.02579626460965622,-0.025796264609656207,-0.02579626460965622,-0.025796264609656207,-0.025796264609656148,0.0687016251876538,0.06870162518765367,0.06870162518765366
a30fb_booster_rs_chandelier_2h_solusdt_lb12_atr0p25_rel0p005_trail2p0_hold18_3p0x_0p1_5e18fb88,0.014010764402072242,1.0,1.0,1.0,1.0,0.014010764402072228,0.9999999999999974,0.010615787706338585,0.9999999999999974,0.014010764402072242,0.010615787706338569,0.014010764402072242,0.014010764402072228,0.014010764402072228,0.01401076440207221,0.014010764402072214,0.6943932031256816,0.6943932031256816,0.009821897189325753,-0.004821146250175474,0.8826535552727195,-0.004821146250175474,0.8826535552727195,1.0,1.0,0.009821897189325753,0.010615787706338572,0.010615787706338569,1.0,1.0,0.6943932031256819,0.6943932031256819,0.6943932031256819,0.6943932031256819,-0.004821146250175464,-0.004821146250175464,0.014010764402072228,0.014010764402072221,0.006816434594442529,0.014010764402072228,0.014010764402072221,0.6943932031256816,0.6943932031256816,-0.05995045487433285,0.011628181588720522,0.010566626736560008,0.006816434594442567,0.009821897189325805,0.0098218971893258,0.017357666363811232,0.011628181588720511,-0.05995045487433287,0.01056662673656003,0.8826535552727182,0.8826535552727182,-0.04394117588840071,-0.04394117588840072,0.8826535552727182,0.8826535552727182,-0.008821306767237951,-0.004821146250175431,-0.004821146250175429,0.017357666363811225,0.8759461501970558,0.8759461501970558,-0.004821146250175429,-0.004821146250175431,-0.008821306767237951,0.8759461501970558,0.8759461501970558,0.8759461501970591,-0.013067354260158055,-0.013067354260158053,0.006816434594442567,0.7987394606979729,0.7987394606979726,0.7987394606979729,0.7987394606979726,0.2723879188257461,0.8759461501970591,-0.01761757555700967,-0.017617575557009674,0.011628181588720515,0.011628181588720506,0.00681643459444256,0.006816434594442554,0.6943932031256819,0.6943932031256816,0.6943932031256819,0.6943932031256816,0.01056662673656003,0.010566626736560034,0.017357666363811194,0.01735766636381121,0.27238791882574587,-0.059950454874332836,-0.059950454874332836,0.7333444550832244,0.7333444550832244,-0.008821306767237969,-0.008821306767237976,0.7333444550832244,0.7333444550832244,0.02364188534478274,-0.008821306767237976,-0.008821306767237969,0.00681643459444256,0.006816434594442554,0.023641885344782725,0.8759461501970564,0.8759461501970564,0.2723879188257457,0.27238791882574565,0.8759461501970564,0.8759461501970564,0.046988490230938054,0.04698849023093805,0.049862521661294276,0.049862521661294276,0.02364188534478277,0.023641885344782766,-0.04145500183425551,-0.041455001834255524,0.0498625216612942,0.04986252166129418,0.011628181588720511,-0.016996799683647205,-0.016996799683647205,0.011628181588720506,0.011628181588720515,0.011628181588720506,0.011628181588720515,0.011628181588720511,-0.005609750169540075,-0.005609750169540059,-0.005609750169540055
a30fb_booster_rs_chandelier_2h_solusdt_lb12_atr0p25_rel0p005_trail2p0_hold18_2p0x_0p15_56095a3e,0.014010764402072228,1.0,1.0,1.0,1.0,0.014010764402072239,0.9999999999999974,0.010615787706338578,0.9999999999999974,0.014010764402072228,0.010615787706338569,0.014010764402072228,0.014010764402072239,0.014010764402072239,0.014010764402072221,0.014010764402072206,0.6943932031256816,0.6943932031256816,0.009821897189325753,-0.004821146250175472,0.8826535552727197,-0.004821146250175472,0.8826535552727197,1.0,1.0,0.009821897189325765,0.010615787706338574,0.010615787706338578,1.0,1.0,0.6943932031256818,0.6943932031256818,0.6943932031256818,0.6943932031256818,-0.004821146250175469,-0.004821146250175469,0.014010764402072221,0.014010764402072209,0.00681643459444253,0.014010764402072221,0.014010764402072209,0.694393203125682,0.694393203125682,-0.05995045487433285,0.011628181588720513,0.010566626736559994,0.006816434594442566,0.009821897189325794,0.009821897189325792,0.01735766636381122,0.011628181588720502,-0.05995045487433288,0.01056662673656003,0.8826535552727183,0.8826535552727182,-0.0439411758884007,-0.04394117588840072,0.8826535552727183,0.8826535552727182,-0.008821306767237946,-0.004821146250175432,-0.004821146250175437,0.01735766636381122,0.875946150197056,0.875946150197056,-0.004821146250175437,-0.004821146250175432,-0.008821306767237946,0.875946150197056,0.875946150197056,0.8759461501970595,-0.013067354260158048,-0.013067354260158055,0.006816434594442566,0.7987394606979726,0.7987394606979725,0.7987394606979726,0.7987394606979725,0.2723879188257462,0.8759461501970595,-0.01761757555700966,-0.017617575557009664,0.011628181588720497,0.011628181588720508,0.00681643459444257,0.0068164345944425565,0.6943932031256818,0.6943932031256816,0.6943932031256818,0.6943932031256816,0.010566626736560045,0.010566626736560043,0.017357666363811187,0.017357666363811197,0.272387918825746,-0.059950454874332836,-0.05995045487433281,0.7333444550832245,0.7333444550832247,-0.008821306767237974,-0.008821306767237977,0.7333444550832245,0.7333444550832247,0.02364188534478273,-0.008821306767237977,-0.008821306767237974,0.00681643459444257,0.0068164345944425565,0.023641885344782714,0.8759461501970566,0.8759461501970564,0.2723879188257457,0.2723879188257457,0.8759461501970566,0.8759461501970564,0.04698849023093805,0.04698849023093802,0.04986252166129427,0.04986252166129427,0.023641885344782773,0.023641885344782763,-0.041455001834255545,-0.04145500183425554,0.049862521661294214,0.04986252166129421,0.011628181588720502,-0.0169967996836472,-0.0169967996836472,0.011628181588720508,0.011628181588720497,0.011628181588720508,0.011628181588720497,0.011628181588720502,-0.005609750169540073,-0.005609750169540055,-0.005609750169540051
a30fb_booster_rs_chandelier_2h_solusdt_lb12_atr0p5_rel0p005_trail2p0_hold12_4p0x_0p125_c0b334c0,-0.004858803699299918,0.6943932031256828,0.6943932031256828,0.6943932031256828,0.6943932031256828,-0.004858803699299923,0.6943932031256823,-0.010349942524275752,0.6943932031256823,-0.004858803699299918,-0.010349942524275754,-0.004858803699299918,-0.004858803699299923,-0.004858803699299923,-0.004858803699299916,-0.00485880369929991,1.0,1.0,-0.02086823328130068,-0.010955378672868627,0.6456564870092512,-0.010955378672868627,0.6456564870092512,0.6943932031256819,0.6943932031256818,-0.020868233281300646,-0.010349942524275754,-0.010349942524275747,0.6943932031256819,0.6943932031256818,1.0,1.0,1.0,1.0,-0.010955378672868618,-0.010955378672868618,-0.0048588036992999045,-0.004858803699299907,-0.014504134435183474,-0.0048588036992999045,-0.004858803699299907,1.0,1.0,-0.06810272595243029,-0.017367644192844957,-0.01060160958774833,-0.01450413443518345,-0.020868233281300674,-0.020868233281300656,-0.022047353694150822,-0.017367644192844946,-0.06810272595243036,-0.010601609587748377,0.6456564870092518,0.6456564870092519,-0.04831678806130702,-0.048316788061307035,0.6456564870092518,0.6456564870092519,0.000136606890612249,-0.010955378672868594,-0.01095537867286859,-0.022047353694150788,0.6079669607685347,0.6079669607685347,-0.01095537867286859,-0.010955378672868594,0.000136606890612249,0.6079669607685347,0.6079669607685347,0.6079669607685352,-0.005841743336547841,-0.005841743336547838,-0.01450413443518345,0.7106168460000071,0.710616846000007,0.7106168460000071,0.710616846000007,0.23296806161670328,0.6079669607685352,-0.012015151175388592,-0.012015151175388582,-0.017367644192845,-0.017367644192844985,-0.014504134435183535,-0.01450413443518353,1.0,1.0,1.0,1.0,-0.010601609587748388,-0.010601609587748384,-0.022047353694150732,-0.022047353694150736,0.23296806161670336,-0.06810272595243039,-0.06810272595243035,0.8176068686196338,0.8176068686196339,0.00013660689061227867,0.00013660689061228363,0.8176068686196338,0.8176068686196339,-0.015839523964562098,0.00013660689061228363,0.00013660689061227867,-0.014504134435183535,-0.01450413443518353,-0.01583952396456203,0.6079669607685352,0.6079669607685351,0.23296806161670383,0.23296806161670378,0.6079669607685352,0.6079669607685351,0.020172573531033543,0.020172573531033543,0.15202559292707368,0.15202559292707368,-0.015839523964562067,-0.01583952396456208,-0.09229698360231338,-0.09229698360231336,0.15202559292707366,0.15202559292707366,-0.017367644192844946,-0.03444845690151769,-0.03444845690151769,-0.017367644192844985,-0.017367644192845,-0.017367644192844985,-0.017367644192845,-0.017367644192844946,-0.013269586965815438,-0.013269586965815431,-0.013269586965815419
a30fb_booster_rs_chandelier_2h_solusdt_lb12_atr0p5_rel0p005_trail2p0_hold12_5p0x_0p1_559e4350,-0.004858803699299918,0.6943932031256828,0.6943932031256828,0.6943932031256828,0.6943932031256828,-0.004858803699299923,0.6943932031256823,-0.010349942524275752,0.6943932031256823,-0.004858803699299918,-0.010349942524275754,-0.004858803699299918,-0.004858803699299923,-0.004858803699299923,-0.004858803699299916,-0.00485880369929991,1.0,1.0,-0.02086823328130068,-0.010955378672868627,0.6456564870092512,-0.010955378672868627,0.6456564870092512,0.6943932031256819,0.6943932031256818,-0.020868233281300646,-0.010349942524275754,-0.010349942524275747,0.6943932031256819,0.6943932031256818,1.0,1.0,1.0,1.0,-0.010955378672868618,-0.010955378672868618,-0.0048588036992999045,-0.004858803699299907,-0.014504134435183474,-0.0048588036992999045,-0.004858803699299907,1.0,1.0,-0.06810272595243029,-0.017367644192844957,-0.01060160958774833,-0.01450413443518345,-0.020868233281300674,-0.020868233281300656,-0.022047353694150822,-0.017367644192844946,-0.06810272595243036,-0.010601609587748377,0.6456564870092518,0.6456564870092519,-0.04831678806130702,-0.048316788061307035,0.6456564870092518,0.6456564870092519,0.000136606890612249,-0.010955378672868594,-0.01095537867286859,-0.022047353694150788,0.6079669607685347,0.6079669607685347,-0.01095537867286859,-0.010955378672868594,0.000136606890612249,0.6079669607685347,0.6079669607685347,0.6079669607685352,-0.005841743336547841,-0.005841743336547838,-0.01450413443518345,0.7106168460000071,0.710616846000007,0.7106168460000071,0.710616846000007,0.23296806161670328,0.6079669607685352,-0.012015151175388592,-0.012015151175388582,-0.017367644192845,-0.017367644192844985,-0.014504134435183535,-0.01450413443518353,1.0,1.0,1.0,1.0,-0.010601609587748388,-0.010601609587748384,-0.022047353694150732,-0.022047353694150736,0.23296806161670336,-0.06810272595243039,-0.06810272595243035,0.8176068686196338,0.8176068686196339,0.00013660689061227867,0.00013660689061228363,0.8176068686196338,0.8176068686196339,-0.015839523964562098,0.00013660689061228363,0.00013660689061227867,-0.014504134435183535,-0.01450413443518353,-0.01583952396456203,0.6079669607685352,0.6079669607685351,0.23296806161670383,0.23296806161670378,0.6079669607685352,0.6079669607685351,0.020172573531033543,0.020172573531033543,0.15202559292707368,0.15202559292707368,-0.015839523964562067,-0.01583952396456208,-0.09229698360231338,-0.09229698360231336,0.15202559292707366,0.15202559292707366,-0.017367644192844946,-0.03444845690151769,-0.03444845690151769,-0.017367644192844985,-0.017367644192845,-0.017367644192844985,-0.017367644192845,-0.017367644192844946,-0.013269586965815438,-0.013269586965815431,-0.013269586965815419
a30fb_booster_rs_chandelier_2h_solusdt_lb12_atr0p5_rel0p005_trail3p0_hold12_4p0x_0p125_92888586,-0.004858803699299918,0.6943932031256828,0.6943932031256828,0.6943932031256828,0.6943932031256828,-0.004858803699299923,0.6943932031256823,-0.010349942524275752,0.6943932031256823,-0.004858803699299918,-0.010349942524275754,-0.004858803699299918,-0.004858803699299923,-0.004858803699299923,-0.004858803699299916,-0.00485880369929991,1.0,1.0,-0.02086823328130068,-0.010955378672868627,0.6456564870092512,-0.010955378672868627,0.6456564870092512,0.6943932031256819,0.6943932031256818,-0.020868233281300646,-0.010349942524275754,-0.010349942524275747,0.6943932031256819,0.6943932031256818,1.0,1.0,1.0,1.0,-0.010955378672868618,-0.010955378672868618,-0.0048588036992999045,-0.004858803699299907,-0.014504134435183474,-0.0048588036992999045,-0.004858803699299907,1.0,1.0,-0.06810272595243029,-0.017367644192844957,-0.01060160958774833,-0.01450413443518345,-0.020868233281300674,-0.020868233281300656,-0.022047353694150822,-0.017367644192844946,-0.06810272595243036,-0.010601609587748377,0.6456564870092518,0.6456564870092519,-0.04831678806130702,-0.048316788061307035,0.6456564870092518,0.6456564870092519,0.000136606890612249,-0.010955378672868594,-0.01095537867286859,-0.022047353694150788,0.6079669607685347,0.6079669607685347,-0.01095537867286859,-0.010955378672868594,0.000136606890612249,0.6079669607685347,0.6079669607685347,0.6079669607685352,-0.005841743336547841,-0.005841743336547838,-0.01450413443518345,0.7106168460000071,0.710616846000007,0.7106168460000071,0.710616846000007,0.23296806161670328,0.6079669607685352,-0.012015151175388592,-0.012015151175388582,-0.017367644192845,-0.017367644192844985,-0.014504134435183535,-0.01450413443518353,1.0,1.0,1.0,1.0,-0.010601609587748388,-0.010601609587748384,-0.022047353694150732,-0.022047353694150736,0.23296806161670336,-0.06810272595243039,-0.06810272595243035,0.8176068686196338,0.8176068686196339,0.00013660689061227867,0.00013660689061228363,0.8176068686196338,0.8176068686196339,-0.015839523964562098,0.00013660689061228363,0.00013660689061227867,-0.014504134435183535,-0.01450413443518353,-0.01583952396456203,0.6079669607685352,0.6079669607685351,0.23296806161670383,0.23296806161670378,0.6079669607685352,0.6079669607685351,0.020172573531033543,0.020172573531033543,0.15202559292707368,0.15202559292707368,-0.015839523964562067,-0.01583952396456208,-0.09229698360231338,-0.09229698360231336,0.15202559292707366,0.15202559292707366,-0.017367644192844946,-0.03444845690151769,-0.03444845690151769,-0.017367644192844985,-0.017367644192845,-0.017367644192844985,-0.017367644192845,-0.017367644192844946,-0.013269586965815438,-0.013269586965815431,-0.013269586965815419
a30fb_booster_rs_chandelier_2h_solusdt_lb12_atr0p5_rel0p005_trail3p0_hold12_5p0x_0p1_1b982013,-0.004858803699299918,0.6943932031256828,0.6943932031256828,0.6943932031256828,0.6943932031256828,-0.004858803699299923,0.6943932031256823,-0.010349942524275752,0.6943932031256823,-0.004858803699299918,-0.010349942524275754,-0.004858803699299918,-0.004858803699299923,-0.004858803699299923,-0.004858803699299916,-0.00485880369929991,1.0,1.0,-0.02086823328130068,-0.010955378672868627,0.6456564870092512,-0.010955378672868627,0.6456564870092512,0.6943932031256819,0.6943932031256818,-0.020868233281300646,-0.010349942524275754,-0.010349942524275747,0.6943932031256819,0.6943932031256818,1.0,1.0,1.0,1.0,-0.010955378672868618,-0.010955378672868618,-0.0048588036992999045,-0.004858803699299907,-0.014504134435183474,-0.0048588036992999045,-0.004858803699299907,1.0,1.0,-0.06810272595243029,-0.017367644192844957,-0.01060160958774833,-0.01450413443518345,-0.020868233281300674,-0.020868233281300656,-0.022047353694150822,-0.017367644192844946,-0.06810272595243036,-0.010601609587748377,0.6456564870092518,0.6456564870092519,-0.04831678806130702,-0.048316788061307035,0.6456564870092518,0.6456564870092519,0.000136606890612249,-0.010955378672868594,-0.01095537867286859,-0.022047353694150788,0.6079669607685347,0.6079669607685347,-0.01095537867286859,-0.010955378672868594,0.000136606890612249,0.6079669607685347,0.6079669607685347,0.6079669607685352,-0.005841743336547841,-0.005841743336547838,-0.01450413443518345,0.7106168460000071,0.710616846000007,0.7106168460000071,0.710616846000007,0.23296806161670328,0.6079669607685352,-0.012015151175388592,-0.012015151175388582,-0.017367644192845,-0.017367644192844985,-0.014504134435183535,-0.01450413443518353,1.0,1.0,1.0,1.0,-0.010601609587748388,-0.010601609587748384,-0.022047353694150732,-0.022047353694150736,0.23296806161670336,-0.06810272595243039,-0.06810272595243035,0.8176068686196338,0.8176068686196339,0.00013660689061227867,0.00013660689061228363,0.8176068686196338,0.8176068686196339,-0.015839523964562098,0.00013660689061228363,0.00013660689061227867,-0.014504134435183535,-0.01450413443518353,-0.01583952396456203,0.6079669607685352,0.6079669607685351,0.23296806161670383,0.23296806161670378,0.6079669607685352,0.6079669607685351,0.020172573531033543,0.020172573531033543,0.15202559292707368,0.15202559292707368,-0.015839523964562067,-0.01583952396456208,-0.09229698360231338,-0.09229698360231336,0.15202559292707366,0.15202559292707366,-0.017367644192844946,-0.03444845690151769,-0.03444845690151769,-0.017367644192844985,-0.017367644192845,-0.017367644192844985,-0.017367644192845,-0.017367644192844946,-0.013269586965815438,-0.013269586965815431,-0.013269586965815419
debrepair_debounced_efficiency_repair_1h_solusdt_short_only_lb6_e0p02_x0p005_hold18_cool0_adx20_4p0x_0p1_def286e6,0.6913926212122804,-0.0048211462501754595,-0.0048211462501754595,-0.0048211462501754595,-0.0048211462501754595,0.6913926212122816,-0.004821146250175442,0.11319954286237399,-0.004821146250175442,0.6913926212122804,0.11319954286237394,0.6913926212122804,0.6913926212122816,0.6913926212122816,0.6913926212122801,0.69139262121228,-0.010955378672868641,-0.010955378672868641,0.5969272472695729,1.0,-0.008348947759423476,1.0,-0.008348947759423476,-0.004821146250175464,-0.004821146250175469,0.5969272472695744,0.11319954286237395,0.11319954286237395,-0.004821146250175464,-0.004821146250175469,-0.010955378672868618,-0.010955378672868618,-0.010955378672868618,-0.010955378672868618,1.0,1.0,0.6913926212122801,0.6913926212122802,0.6048978738916131,0.6913926212122801,0.6913926212122802,-0.010955378672868608,-0.010955378672868608,0.7151524591747379,0.5973969068560819,0.1109425782279705,0.6048978738916136,0.596927247269575,0.596927247269575,0.5500924025337177,0.5973969068560805,0.7151524591747394,0.11094257822797056,-0.008348947759423454,-0.008348947759423455,0.8082490428333169,0.808249042833317,-0.008348947759423454,-0.008348947759423455,0.8377026862525201,1.0,1.0,0.550092402533717,0.002286679399483946,0.002286679399483946,1.0,1.0,0.8377026862525201,0.002286679399483946,0.002286679399483946,0.0022866793994839184,0.09809010564919746,0.09809010564919747,0.6048978738916136,0.007537391563458407,0.007537391563458402,0.007537391563458407,0.007537391563458402,-0.03286111205035949,0.0022866793994839184,0.0983543108127034,0.09835431081270339,0.5973969068560809,0.5973969068560808,0.6048978738916128,0.604897873891613,-0.010955378672868648,-0.010955378672868641,-0.010955378672868648,-0.010955378672868641,0.11094257822797067,0.11094257822797068,0.5500924025337173,0.5500924025337173,-0.032861112050359444,0.7151524591747381,0.7151524591747379,-0.007778018496708027,-0.007778018496708027,0.8377026862525192,0.8377026862525191,-0.007778018496708027,-0.007778018496708027,0.5256049284373038,0.8377026862525191,0.8377026862525192,0.6048978738916128,0.604897873891613,0.5256049284373043,0.0022866793994839323,0.0022866793994839314,-0.032861112050359464,-0.032861112050359444,0.0022866793994839323,0.0022866793994839314,0.017443960995302224,0.01744396099530222,-0.028038401743490822,-0.028038401743490822,0.5256049284373036,0.5256049284373036,-0.06961505209582418,-0.06961505209582416,-0.028038401743490725,-0.02803840174349073,0.5973969068560805,0.04510138804717217,0.04510138804717217,0.5973969068560808,0.5973969068560809,0.5973969068560808,0.5973969068560809,0.5973969068560805,0.6392500430478152,0.6392500430478151,0.6392500430478151
debrepair_debounced_efficiency_repair_1h_solusdt_short_only_lb6_e0p02_x0p005_hold18_cool0_none_4p0x_0p1_377fe0d7,0.6913926212122804,-0.0048211462501754595,-0.0048211462501754595,-0.0048211462501754595,-0.0048211462501754595,0.6913926212122816,-0.004821146250175442,0.11319954286237399,-0.004821146250175442,0.6913926212122804,0.11319954286237394,0.6913926212122804,0.6913926212122816,0.6913926212122816,0.6913926212122801,0.69139262121228,-0.010955378672868641,-0.010955378672868641,0.5969272472695729,1.0,-0.008348947759423476,1.0,-0.008348947759423476,-0.004821146250175464,-0.004821146250175469,0.5969272472695744,0.11319954286237395,0.11319954286237395,-0.004821146250175464,-0.004821146250175469,-0.010955378672868618,-0.010955378672868618,-0.010955378672868618,-0.010955378672868618,1.0,1.0,0.6913926212122801,0.6913926212122802,0.6048978738916131,0.6913926212122801,0.6913926212122802,-0.010955378672868608,-0.010955378672868608,0.7151524591747379,0.5973969068560819,0.1109425782279705,0.6048978738916136,0.596927247269575,0.596927247269575,0.5500924025337177,0.5973969068560805,0.7151524591747394,0.11094257822797056,-0.008348947759423454,-0.008348947759423455,0.8082490428333169,0.808249042833317,-0.008348947759423454,-0.008348947759423455,0.8377026862525201,1.0,1.0,0.550092402533717,0.002286679399483946,0.002286679399483946,1.0,1.0,0.8377026862525201,0.002286679399483946,0.002286679399483946,0.0022866793994839184,0.09809010564919746,0.09809010564919747,0.6048978738916136,0.007537391563458407,0.007537391563458402,0.007537391563458407,0.007537391563458402,-0.03286111205035949,0.0022866793994839184,0.0983543108127034,0.09835431081270339,0.5973969068560809,0.5973969068560808,0.6048978738916128,0.604897873891613,-0.010955378672868648,-0.010955378672868641,-0.010955378672868648,-0.010955378672868641,0.11094257822797067,0.11094257822797068,0.5500924025337173,0.5500924025337173,-0.032861112050359444,0.7151524591747381,0.7151524591747379,-0.007778018496708027,-0.007778018496708027,0.8377026862525192,0.8377026862525191,-0.007778018496708027,-0.007778018496708027,0.5256049284373038,0.8377026862525191,0.8377026862525192,0.6048978738916128,0.604897873891613,0.5256049284373043,0.0022866793994839323,0.0022866793994839314,-0.032861112050359464,-0.032861112050359444,0.0022866793994839323,0.0022866793994839314,0.017443960995302224,0.01744396099530222,-0.028038401743490822,-0.028038401743490822,0.5256049284373036,0.5256049284373036,-0.06961505209582418,-0.06961505209582416,-0.028038401743490725,-0.02803840174349073,0.5973969068560805,0.04510138804717217,0.04510138804717217,0.5973969068560808,0.5973969068560809,0.5973969068560808,0.5973969068560809,0.5973969068560805,0.6392500430478152,0.6392500430478151,0.6392500430478151
debrepair_debounced_efficiency_repair_1h_solusdt_short_only_lb12_e0p02_x0p005_hold36_cool12_none_2p0x_0p15_cc327ac3,0.9999999999999989,0.014010764402072256,0.014010764402072256,0.014010764402072256,0.014010764402072256,0.9999999999999989,0.01401076440207225,0.08176801326038576,0.01401076440207225,0.9999999999999989,0.08176801326038581,0.9999999999999989,0.9999999999999989,0.9999999999999989,1.0,0.9999999999999998,-0.004858803699299899,-0.004858803699299899,0.6897032573393249,0.6913926212122803,-0.005209921205918591,0.6913926212122803,-0.005209921205918591,0.014010764402072228,0.014010764402072221,0.6897032573393247,0.08176801326038581,0.08176801326038581,0.014010764402072228,0.014010764402072221,-0.0048588036992999045,-0.0048588036992999045,-0.0048588036992999045,-0.0048588036992999045,0.6913926212122801,0.6913926212122801,1.0,0.9999999999999998,0.9472860702692941,1.0,0.9999999999999998,-0.004858803699299899,-0.004858803699299899,0.7747286403456838,0.6570197461139008,0.0844454819358544,0.9472860702692948,0.6897032573393233,0.6897032573393233,0.6467496063439541,0.6570197461138999,0.7747286403456862,0.0844454819358543,-0.005209921205918635,-0.0052099212059186295,0.8151241695955779,0.8151241695955778,-0.005209921205918635,-0.0052099212059186295,0.5864554878785344,0.6913926212122806,0.6913926212122805,0.6467496063439523,0.025295296850825853,0.025295296850825853,0.6913926212122805,0.6913926212122806,0.5864554878785344,0.025295296850825853,0.025295296850825853,0.025295296850825773,0.12305092186401193,0.12305092186401188,0.9472860702692948,0.0028154801940802436,0.0028154801940802458,0.0028154801940802436,0.0028154801940802458,-0.05255091077567623,0.025295296850825773,0.1233175868850655,0.12331758688506547,0.6570197461139001,0.6570197461139001,0.9472860702692948,0.9472860702692948,-0.0048588036992999045,-0.004858803699299903,-0.0048588036992999045,-0.004858803699299903,0.08444548193585445,0.08444548193585448,0.6467496063439536,0.6467496063439536,-0.05255091077567608,0.7747286403456841,0.7747286403456839,-0.010069786136294284,-0.010069786136294275,0.586455487878535,0.586455487878535,-0.010069786136294284,-0.010069786136294275,0.609392725130194,0.586455487878535,0.586455487878535,0.9472860702692948,0.9472860702692948,0.609392725130195,0.02529529685082584,0.02529529685082583,-0.052550910775676175,-0.05255091077567619,0.02529529685082584,0.02529529685082583,0.04229448020159517,0.04229448020159518,-0.031838291856434164,-0.031838291856434164,0.6093927251301938,0.6093927251301939,-0.023989920736152203,-0.02398992073615222,-0.031838291856434234,-0.031838291856434234,0.6570197461138999,0.03315135845437774,0.03315135845437774,0.6570197461139001,0.6570197461139001,0.6570197461139001,0.6570197461139001,0.6570197461138999,0.4441584650722509,0.4441584650722503,0.4441584650722503
debrepair_debounced_efficiency_repair_1h_solusdt_short_only_lb12_e0p02_x0p005_hold36_cool12_none_3p0x_0p1_2bceab04,0.9999999999999992,0.014010764402072244,0.014010764402072244,0.014010764402072244,0.014010764402072244,0.9999999999999987,0.014010764402072256,0.08176801326038574,0.014010764402072256,0.9999999999999992,0.0817680132603858,0.9999999999999992,0.9999999999999987,0.9999999999999987,0.9999999999999998,1.0,-0.004858803699299895,-0.004858803699299895,0.6897032573393248,0.6913926212122805,-0.0052099212059186,0.6913926212122805,-0.0052099212059186,0.014010764402072221,0.014010764402072209,0.6897032573393248,0.08176801326038581,0.08176801326038582,0.014010764402072221,0.014010764402072209,-0.004858803699299907,-0.004858803699299907,-0.004858803699299907,-0.004858803699299907,0.6913926212122802,0.6913926212122802,0.9999999999999998,1.0,0.9472860702692942,0.9999999999999998,1.0,-0.0048588036992999045,-0.0048588036992999045,0.7747286403456839,0.6570197461139009,0.08444548193585442,0.9472860702692948,0.6897032573393233,0.6897032573393233,0.6467496063439541,0.6570197461138998,0.7747286403456862,0.08444548193585431,-0.005209921205918629,-0.00520992120591863,0.8151241695955778,0.8151241695955779,-0.005209921205918629,-0.00520992120591863,0.5864554878785343,0.6913926212122806,0.6913926212122808,0.6467496063439525,0.025295296850825846,0.025295296850825846,0.6913926212122808,0.6913926212122806,0.5864554878785343,0.025295296850825846,0.025295296850825846,0.025295296850825787,0.12305092186401193,0.12305092186401193,0.9472860702692948,0.0028154801940802328,0.0028154801940802436,0.0028154801940802328,0.0028154801940802436,-0.052550910775676196,0.025295296850825787,0.12331758688506547,0.1233175868850655,0.6570197461139003,0.6570197461139002,0.9472860702692949,0.9472860702692949,-0.004858803699299909,-0.004858803699299901,-0.004858803699299909,-0.004858803699299901,0.08444548193585448,0.08444548193585447,0.6467496063439536,0.6467496063439535,-0.05255091077567609,0.7747286403456842,0.774728640345684,-0.010069786136294277,-0.010069786136294279,0.5864554878785351,0.586455487878535,-0.010069786136294277,-0.010069786136294279,0.6093927251301942,0.586455487878535,0.5864554878785351,0.9472860702692949,0.9472860702692949,0.6093927251301952,0.025295296850825832,0.02529529685082582,-0.05255091077567619,-0.05255091077567618,0.025295296850825832,0.02529529685082582,0.04229448020159516,0.04229448020159517,-0.031838291856434164,-0.031838291856434164,0.6093927251301939,0.609392725130194,-0.02398992073615221,-0.023989920736152217,-0.03183829185643422,-0.03183829185643423,0.6570197461138998,0.03315135845437775,0.03315135845437775,0.6570197461139002,0.6570197461139003,0.6570197461139002,0.6570197461139003,0.6570197461138998,0.444158465072251,0.44415846507225026,0.44415846507225026
debrepair_debounced_efficiency_repair_1h_solusdt_short_only_lb12_e0p02_x0p005_hold36_cool6_adx20_3p0x_0p15_2ba33ec4,0.9472860702692947,0.00681643459444258,0.00681643459444258,0.00681643459444258,0.00681643459444258,0.9472860702692948,0.0068164345944425565,0.09544407941009556,0.0068164345944425565,0.9472860702692947,0.09544407941009563,0.9472860702692947,0.9472860702692948,0.9472860702692948,0.9472860702692941,0.9472860702692942,-0.014504134435183474,-0.014504134435183474,0.6557670853441178,0.604897873891613,-0.014025606014055239,0.604897873891613,-0.014025606014055239,0.006816434594442529,0.00681643459444253,0.6557670853441178,0.09544407941009561,0.0954440794100956,0.006816434594442529,0.00681643459444253,-0.014504134435183474,-0.014504134435183474,-0.014504134435183474,-0.014504134435183474,0.6048978738916131,0.6048978738916131,0.9472860702692941,0.9472860702692942,1.0,0.9472860702692941,0.9472860702692941,-0.014504134435183455,-0.014504134435183455,0.8006374920033028,0.5924938851053558,0.10097261794953342,0.9999999999999989,0.6557670853441188,0.6557670853441188,0.6066068118060397,0.5924938851053566,0.800637492003306,0.10097261794953345,-0.014025606014055135,-0.014025606014055116,0.739342946836093,0.7393429468360933,-0.014025606014055135,-0.014025606014055116,0.47605676481420317,0.6048978738916136,0.6048978738916136,0.6066068118060399,0.018944813510730598,0.018944813510730598,0.6048978738916136,0.6048978738916136,0.47605676481420317,0.018944813510730598,0.018944813510730598,0.01894481351073062,0.13204558966222874,0.13204558966222874,0.9999999999999989,-0.005609379185642554,-0.005609379185642544,-0.005609379185642554,-0.005609379185642544,-0.053154325508237774,0.01894481351073062,0.13233920969785745,0.13233920969785745,0.592493885105356,0.5924938851053562,0.9999999999999993,0.9999999999999993,-0.014504134435183476,-0.014504134435183473,-0.014504134435183476,-0.014504134435183473,0.10097261794953356,0.10097261794953355,0.6066068118060381,0.6066068118060379,-0.05315432550823757,0.8006374920033061,0.800637492003306,-0.018636360877206503,-0.01863636087720651,0.47605676481420395,0.476056764814204,-0.018636360877206503,-0.01863636087720651,0.546499046921485,0.476056764814204,0.47605676481420395,0.9999999999999993,0.9999999999999993,0.5464990469214845,0.018944813510730612,0.01894481351073061,-0.05315432550823769,-0.05315432550823768,0.018944813510730612,0.01894481351073061,0.039413187334761096,0.03941318733476112,-0.03186548423138498,-0.03186548423138498,0.5464990469214839,0.5464990469214838,-0.025181167316313504,-0.025181167316313514,-0.03186548423138499,-0.031865484231384994,0.5924938851053566,0.017703809725137788,0.017703809725137788,0.5924938851053562,0.592493885105356,0.5924938851053562,0.592493885105356,0.5924938851053566,0.4592741599696276,0.45927415996962695,0.45927415996962695
debrepair_debounced_efficiency_repair_1h_solusdt_short_only_lb12_e0p02_x0p005_hold36_cool6_none_2p0x_0p15_5ee15f39,0.9999999999999989,0.014010764402072256,0.014010764402072256,0.014010764402072256,0.014010764402072256,0.9999999999999989,0.01401076440207225,0.08176801326038576,0.01401076440207225,0.9999999999999989,0.08176801326038581,0.9999999999999989,0.9999999999999989,0.9999999999999989,1.0,0.9999999999999998,-0.004858803699299899,-0.004858803699299899,0.6897032573393249,0.6913926212122803,-0.005209921205918591,0.6913926212122803,-0.005209921205918591,0.014010764402072228,0.014010764402072221,0.6897032573393247,0.08176801326038581,0.08176801326038581,0.014010764402072228,0.014010764402072221,-0.0048588036992999045,-0.0048588036992999045,-0.0048588036992999045,-0.0048588036992999045,0.6913926212122801,0.6913926212122801,1.0,0.9999999999999998,0.9472860702692941,1.0,0.9999999999999998,-0.004858803699299899,-0.004858803699299899,0.7747286403456838,0.6570197461139008,0.0844454819358544,0.9472860702692948,0.6897032573393233,0.6897032573393233,0.6467496063439541,0.6570197461138999,0.7747286403456862,0.0844454819358543,-0.005209921205918635,-0.0052099212059186295,0.8151241695955779,0.8151241695955778,-0.005209921205918635,-0.0052099212059186295,0.5864554878785344,0.6913926212122806,0.6913926212122805,0.6467496063439523,0.025295296850825853,0.025295296850825853,0.6913926212122805,0.6913926212122806,0.5864554878785344,0.025295296850825853,0.025295296850825853,0.025295296850825773,0.12305092186401193,0.12305092186401188,0.9472860702692948,0.0028154801940802436,0.0028154801940802458,0.0028154801940802436,0.0028154801940802458,-0.05255091077567623,0.025295296850825773,0.1233175868850655,0.12331758688506547,0.6570197461139001,0.6570197461139001,0.9472860702692948,0.9472860702692948,-0.0048588036992999045,-0.004858803699299903,-0.0048588036992999045,-0.004858803699299903,0.08444548193585445,0.08444548193585448,0.6467496063439536,0.6467496063439536,-0.05255091077567608,0.7747286403456841,0.7747286403456839,-0.010069786136294284,-0.010069786136294275,0.586455487878535,0.586455487878535,-0.010069786136294284,-0.010069786136294275,0.609392725130194,0.586455487878535,0.586455487878535,0.9472860702692948,0.9472860702692948,0.609392725130195,0.02529529685082584,0.02529529685082583,-0.052550910775676175,-0.05255091077567619,0.02529529685082584,0.02529529685082583,0.04229448020159517,0.04229448020159518,-0.031838291856434164,-0.031838291856434164,0.6093927251301938,0.6093927251301939,-0.023989920736152203,-0.02398992073615222,-0.031838291856434234,-0.031838291856434234,0.6570197461138999,0.03315135845437774,0.03315135845437774,0.6570197461139001,0.6570197461139001,0.6570197461139001,0.6570197461139001,0.6570197461138999,0.4441584650722509,0.4441584650722503,0.4441584650722503
debrepair_debounced_efficiency_repair_1h_solusdt_short_only_lb12_e0p02_x0p005_hold36_cool6_none_3p0x_0p1_5c607f19,0.9999999999999992,0.014010764402072244,0.014010764402072244,0.014010764402072244,0.014010764402072244,0.9999999999999987,0.014010764402072256,0.08176801326038574,0.014010764402072256,0.9999999999999992,0.0817680132603858,0.9999999999999992,0.9999999999999987,0.9999999999999987,0.9999999999999998,1.0,-0.004858803699299895,-0.004858803699299895,0.6897032573393248,0.6913926212122805,-0.0052099212059186,0.6913926212122805,-0.0052099212059186,0.014010764402072221,0.014010764402072209,0.6897032573393248,0.08176801326038581,0.08176801326038582,0.014010764402072221,0.014010764402072209,-0.004858803699299907,-0.004858803699299907,-0.004858803699299907,-0.004858803699299907,0.6913926212122802,0.6913926212122802,0.9999999999999998,1.0,0.9472860702692941,0.9999999999999998,1.0,-0.0048588036992999045,-0.0048588036992999045,0.7747286403456839,0.6570197461139009,0.08444548193585442,0.9472860702692948,0.6897032573393233,0.6897032573393233,0.6467496063439541,0.6570197461138998,0.7747286403456862,0.08444548193585431,-0.005209921205918629,-0.00520992120591863,0.8151241695955778,0.8151241695955779,-0.005209921205918629,-0.00520992120591863,0.5864554878785343,0.6913926212122806,0.6913926212122808,0.6467496063439525,0.025295296850825846,0.025295296850825846,0.6913926212122808,0.6913926212122806,0.5864554878785343,0.025295296850825846,0.025295296850825846,0.025295296850825787,0.12305092186401193,0.12305092186401193,0.9472860702692948,0.0028154801940802328,0.0028154801940802436,0.0028154801940802328,0.0028154801940802436,-0.052550910775676196,0.025295296850825787,0.12331758688506547,0.1233175868850655,0.6570197461139003,0.6570197461139002,0.9472860702692949,0.9472860702692949,-0.004858803699299909,-0.004858803699299901,-0.004858803699299909,-0.004858803699299901,0.08444548193585448,0.08444548193585447,0.6467496063439536,0.6467496063439535,-0.05255091077567609,0.7747286403456842,0.774728640345684,-0.010069786136294277,-0.010069786136294279,0.5864554878785351,0.586455487878535,-0.010069786136294277,-0.010069786136294279,0.6093927251301942,0.586455487878535,0.5864554878785351,0.9472860702692949,0.9472860702692949,0.6093927251301952,0.025295296850825832,0.02529529685082582,-0.05255091077567619,-0.05255091077567618,0.025295296850825832,0.02529529685082582,0.04229448020159516,0.04229448020159517,-0.031838291856434164,-0.031838291856434164,0.6093927251301939,0.609392725130194,-0.02398992073615221,-0.023989920736152217,-0.03183829185643422,-0.03183829185643423,0.6570197461138998,0.03315135845437775,0.03315135845437775,0.6570197461139002,0.6570197461139003,0.6570197461139002,0.6570197461139003,0.6570197461138998,0.444158465072251,0.44415846507225026,0.44415846507225026
a30fb_booster_rs_chandelier_2h_solusdt_lb12_atr0p5_rel0p005_trail2p0_hold12_3p0x_0p15_f85ad5d9,-0.0048588036992999,0.6943932031256826,0.6943932031256826,0.6943932031256826,0.6943932031256826,-0.004858803699299904,0.6943932031256823,-0.010349942524275783,0.6943932031256823,-0.0048588036992999,-0.010349942524275785,-0.0048588036992999,-0.004858803699299904,-0.004858803699299904,-0.004858803699299899,-0.0048588036992999045,0.9999999999999994,0.9999999999999994,-0.020868233281300653,-0.010955378672868605,0.6456564870092519,-0.010955378672868605,0.6456564870092519,0.6943932031256816,0.694393203125682,-0.020868233281300677,-0.010349942524275737,-0.010349942524275747,0.6943932031256816,0.694393203125682,1.0,1.0,1.0,1.0,-0.010955378672868608,-0.010955378672868608,-0.004858803699299899,-0.0048588036992999045,-0.014504134435183455,-0.004858803699299899,-0.0048588036992999045,1.0,1.0,-0.06810272595243026,-0.0173676441928449,-0.010601609587748358,-0.014504134435183473,-0.020868233281300688,-0.02086823328130068,-0.02204735369415072,-0.01736764419284491,-0.06810272595243032,-0.010601609587748357,0.6456564870092502,0.6456564870092503,-0.04831678806130699,-0.04831678806130699,0.6456564870092502,0.6456564870092503,0.0001366068906122659,-0.01095537867286858,-0.01095537867286857,-0.02204735369415075,0.6079669607685346,0.6079669607685346,-0.01095537867286857,-0.01095537867286858,0.0001366068906122659,0.6079669607685346,0.6079669607685346,0.607966960768534,-0.005841743336547827,-0.005841743336547817,-0.014504134435183473,0.710616846000007,0.7106168460000071,0.710616846000007,0.7106168460000071,0.23296806161670383,0.607966960768534,-0.01201515117538863,-0.012015151175388632,-0.017367644192844915,-0.017367644192844915,-0.014504134435183485,-0.014504134435183481,0.9999999999999996,0.9999999999999994,0.9999999999999996,0.9999999999999994,-0.010601609587748369,-0.010601609587748386,-0.022047353694150743,-0.022047353694150753,0.2329680616167036,-0.06810272595243025,-0.06810272595243025,0.817606868619633,0.817606868619633,0.0001366068906122645,0.00013660689061226007,0.817606868619633,0.817606868619633,-0.01583952396456205,0.00013660689061226007,0.0001366068906122645,-0.014504134435183485,-0.014504134435183481,-0.015839523964562056,0.6079669607685344,0.6079669607685341,0.23296806161670314,0.2329680616167032,0.6079669607685344,0.6079669607685341,0.020172573531033522,0.020172573531033532,0.15202559292707388,0.15202559292707388,-0.01583952396456199,-0.015839523964561997,-0.09229698360231336,-0.09229698360231338,0.15202559292707354,0.1520255929270736,-0.01736764419284491,-0.03444845690151759,-0.03444845690151759,-0.017367644192844915,-0.017367644192844915,-0.017367644192844915,-0.017367644192844915,-0.01736764419284491,-0.013269586965815428,-0.013269586965815474,-0.013269586965815474
a30fb_booster_rs_chandelier_2h_solusdt_lb12_atr0p5_rel0p005_trail3p0_hold12_3p0x_0p15_3e387b21,-0.0048588036992999,0.6943932031256826,0.6943932031256826,0.6943932031256826,0.6943932031256826,-0.004858803699299904,0.6943932031256823,-0.010349942524275783,0.6943932031256823,-0.0048588036992999,-0.010349942524275785,-0.0048588036992999,-0.004858803699299904,-0.004858803699299904,-0.004858803699299899,-0.0048588036992999045,0.9999999999999994,0.9999999999999994,-0.020868233281300653,-0.010955378672868605,0.6456564870092519,-0.010955378672868605,0.6456564870092519,0.6943932031256816,0.694393203125682,-0.020868233281300677,-0.010349942524275737,-0.010349942524275747,0.6943932031256816,0.694393203125682,1.0,1.0,1.0,1.0,-0.010955378672868608,-0.010955378672868608,-0.004858803699299899,-0.0048588036992999045,-0.014504134435183455,-0.004858803699299899,-0.0048588036992999045,1.0,1.0,-0.06810272595243026,-0.0173676441928449,-0.010601609587748358,-0.014504134435183473,-0.020868233281300688,-0.02086823328130068,-0.02204735369415072,-0.01736764419284491,-0.06810272595243032,-0.010601609587748357,0.6456564870092502,0.6456564870092503,-0.04831678806130699,-0.04831678806130699,0.6456564870092502,0.6456564870092503,0.0001366068906122659,-0.01095537867286858,-0.01095537867286857,-0.02204735369415075,0.6079669607685346,0.6079669607685346,-0.01095537867286857,-0.01095537867286858,0.0001366068906122659,0.6079669607685346,0.6079669607685346,0.607966960768534,-0.005841743336547827,-0.005841743336547817,-0.014504134435183473,0.710616846000007,0.7106168460000071,0.710616846000007,0.7106168460000071,0.23296806161670383,0.607966960768534,-0.01201515117538863,-0.012015151175388632,-0.017367644192844915,-0.017367644192844915,-0.014504134435183485,-0.014504134435183481,0.9999999999999996,0.9999999999999994,0.9999999999999996,0.9999999999999994,-0.010601609587748369,-0.010601609587748386,-0.022047353694150743,-0.022047353694150753,0.2329680616167036,-0.06810272595243025,-0.06810272595243025,0.817606868619633,0.817606868619633,0.0001366068906122645,0.00013660689061226007,0.817606868619633,0.817606868619633,-0.01583952396456205,0.00013660689061226007,0.0001366068906122645,-0.014504134435183485,-0.014504134435183481,-0.015839523964562056,0.6079669607685344,0.6079669607685341,0.23296806161670314,0.2329680616167032,0.6079669607685344,0.6079669607685341,0.020172573531033522,0.020172573531033532,0.15202559292707388,0.15202559292707388,-0.01583952396456199,-0.015839523964561997,-0.09229698360231336,-0.09229698360231338,0.15202559292707354,0.1520255929270736,-0.01736764419284491,-0.03444845690151759,-0.03444845690151759,-0.017367644192844915,-0.017367644192844915,-0.017367644192844915,-0.017367644192844915,-0.01736764419284491,-0.013269586965815428,-0.013269586965815474,-0.013269586965815474
debrepair_debounced_efficiency_repair_1h_solusdt_short_only_lb12_e0p02_x0p005_hold18_cool0_adx20_3p0x_0p15_e92f3de1,0.7747286403456849,-0.05995045487433286,-0.05995045487433286,-0.05995045487433286,-0.05995045487433286,0.7747286403456841,-0.05995045487433274,0.14822430893887,-0.05995045487433274,0.7747286403456849,0.14822430893886993,0.7747286403456849,0.7747286403456841,0.7747286403456841,0.7747286403456838,0.7747286403456839,-0.06810272595243022,-0.06810272595243022,0.5430157227963119,0.715152459174738,-0.07080649361889711,0.715152459174738,-0.07080649361889711,-0.05995045487433285,-0.05995045487433285,0.5430157227963127,0.14822430893886981,0.14822430893886981,-0.05995045487433285,-0.05995045487433285,-0.06810272595243029,-0.06810272595243029,-0.06810272595243029,-0.06810272595243029,0.7151524591747379,0.7151524591747379,0.7747286403456838,0.7747286403456839,0.8006374920033028,0.7747286403456838,0.7747286403456839,-0.06810272595243026,-0.06810272595243026,1.0,0.5048077572211634,0.1495760785507449,0.8006374920033041,0.5430157227963134,0.5430157227963133,0.48965885730260594,0.504807757221163,1.0,0.1495760785507448,-0.07080649361889699,-0.070806493618897,0.9240783496453762,0.924078349645376,-0.07080649361889699,-0.070806493618897,0.5652545481196293,0.7151524591747382,0.7151524591747384,0.48965885730260605,-0.042070844733964434,-0.042070844733964434,0.7151524591747384,0.7151524591747382,0.5652545481196293,-0.042070844733964434,-0.042070844733964434,-0.04207084473396453,0.17225824856089064,0.17225824856089061,0.8006374920033041,-0.06258910981121298,-0.06258910981121296,-0.06258910981121298,-0.06258910981121296,-0.07910984861485053,-0.04207084473396453,0.1726207498606667,0.17262074986066667,0.5048077572211628,0.5048077572211629,0.8006374920033058,0.800637492003306,-0.06810272595243023,-0.06810272595243022,-0.06810272595243023,-0.06810272595243022,0.14957607855074517,0.14957607855074517,0.4896588573026055,0.48965885730260555,-0.07910984861485042,0.9999999999999994,0.9999999999999991,-0.06121185037816553,-0.061211850378165546,0.5652545481196284,0.5652545481196284,-0.06121185037816553,-0.061211850378165546,0.44011849029754874,0.5652545481196284,0.5652545481196284,0.8006374920033058,0.800637492003306,0.44011849029754896,-0.042070844733964496,-0.0420708447339645,-0.07910984861485035,-0.07910984861485032,-0.042070844733964496,-0.0420708447339645,-0.0036179857561414353,-0.0036179857561414357,-0.029108894252570648,-0.029108894252570648,0.4401184902975489,0.4401184902975489,-0.06871194403917445,-0.06871194403917445,-0.029108894252570624,-0.02910889425257062,0.504807757221163,0.020156553681693334,0.020156553681693334,0.5048077572211629,0.5048077572211628,0.5048077572211629,0.5048077572211628,0.504807757221163,0.5507436575595451,0.550743657559544,0.550743657559544
debrepair_debounced_efficiency_repair_1h_solusdt_short_only_lb12_e0p025_x0p0_hold36_cool12_none_3p0x_0p15_9eb0e26f,0.6570197461139005,0.011628181588720504,0.011628181588720504,0.011628181588720504,0.011628181588720504,0.6570197461139001,0.011628181588720473,-0.02579626460965596,0.011628181588720473,0.6570197461139005,-0.025796264609656092,0.6570197461139005,0.6570197461139001,0.6570197461139001,0.6570197461139008,0.6570197461139009,-0.017367644192844915,-0.017367644192844915,0.9549010295040024,0.59739690685608,-0.013277221305829152,0.59739690685608,-0.013277221305829152,0.011628181588720522,0.011628181588720513,0.9549010295040039,-0.02579626460965638,-0.02579626460965642,0.011628181588720522,0.011628181588720513,-0.017367644192844957,-0.017367644192844957,-0.017367644192844957,-0.017367644192844957,0.5973969068560819,0.5973969068560819,0.6570197461139008,0.6570197461139009,0.5924938851053558,0.6570197461139008,0.6570197461139009,-0.0173676441928449,-0.0173676441928449,0.5048077572211634,1.0,-0.023593097927588423,0.5924938851053562,0.9549010295040008,0.9549010295040005,0.9586006886239015,0.9999999999999989,0.5048077572211638,-0.023593097927588222,-0.013277221305829161,-0.013277221305829163,0.5810830345002946,0.5810830345002946,-0.013277221305829161,-0.013277221305829163,0.4958389222068481,0.5973969068560814,0.5973969068560815,0.9586006886239,0.008903979005015127,0.008903979005015127,0.5973969068560815,0.5973969068560814,0.4958389222068481,0.008903979005015127,0.008903979005015127,0.00890397900501517,-0.010418861425498551,-0.010418861425498588,0.5924938851053562,-0.008750699213702806,-0.008750699213702808,-0.008750699213702806,-0.008750699213702808,-0.09897072786118283,0.00890397900501517,-0.010479057628040456,-0.010479057628040484,1.0,1.0,0.5924938851053558,0.5924938851053558,-0.01736764419284491,-0.017367644192844905,-0.01736764419284491,-0.017367644192844905,-0.02359309792758783,-0.023593097927587896,0.9586006886239006,0.9586006886239006,-0.09897072786118258,0.5048077572211629,0.5048077572211628,-0.021323107389608013,-0.021323107389608017,0.49583892220684894,0.4958389222068489,-0.021323107389608013,-0.021323107389608017,0.9630342730503239,0.4958389222068489,0.49583892220684894,0.5924938851053558,0.5924938851053558,0.9630342730503253,0.008903979005015149,0.008903979005015147,-0.09897072786118284,-0.09897072786118288,0.008903979005015149,0.008903979005015147,0.034204278330454606,0.034204278330454606,-0.0404555943438294,-0.0404555943438294,0.9630342730503271,0.9630342730503271,-0.036324388311048214,-0.03632438831104821,-0.04045559434382943,-0.04045559434382938,0.9999999999999989,0.04230904414931688,0.04230904414931688,1.0,1.0,1.0,1.0,0.9999999999999989,0.45240576986651143,0.45240576986651204,0.4524057698665121
debrepair_debounced_efficiency_repair_1h_solusdt_long_short_lb12_e0p03_x-0p005_hold48_cool0_adx20_3p0x_0p15_feb660b6,0.08444548193585417,0.01056662673655999,0.01056662673655999,0.01056662673655999,0.01056662673655999,0.08444548193585437,0.010566626736560024,0.9928131422371772,0.010566626736560024,0.08444548193585417,0.9928131422371748,0.08444548193585417,0.08444548193585437,0.08444548193585437,0.0844454819358544,0.08444548193585442,-0.010601609587748357,-0.010601609587748357,0.010119200033613444,0.11094257822797035,-0.003494465775813897,0.11094257822797035,-0.003494465775813897,0.010566626736560008,0.010566626736559994,0.01011920003361325,0.9928131422371764,0.9928131422371764,0.010566626736560008,0.010566626736559994,-0.01060160958774833,-0.01060160958774833,-0.01060160958774833,-0.01060160958774833,0.1109425782279705,0.1109425782279705,0.0844454819358544,0.08444548193585442,0.10097261794953342,0.0844454819358544,0.08444548193585442,-0.010601609587748358,-0.010601609587748358,0.1495760785507449,-0.023593097927588423,1.0,0.1009726179495333,0.010119200033613366,0.010119200033613348,0.0035181135975320835,-0.023593097927588156,0.1495760785507449,0.9999999999999976,-0.0034944657758138754,-0.003494465775813871,0.12760339858778721,0.12760339858778724,-0.0034944657758138754,-0.003494465775813871,0.08161559220938831,0.11094257822797045,0.11094257822797042,0.003518113597532415,0.015953956851564696,0.015953956851564696,0.11094257822797042,0.11094257822797045,0.08161559220938831,0.015953956851564696,0.015953956851564696,0.015953956851564696,0.15979679760906454,0.1597967976090645,0.1009726179495333,0.008432008715884315,0.008432008715884324,0.008432008715884315,0.008432008715884324,0.03096352842085318,0.015953956851564696,0.164197750569838,0.164197750569838,-0.023593097927587865,-0.02359309792758785,0.1009726179495334,0.10097261794953337,-0.010601609587748367,-0.01060160958774837,-0.010601609587748367,-0.01060160958774837,0.9999999999999987,0.9999999999999989,0.003518113597532188,0.003518113597532129,0.030963528420853283,0.14957607855074498,0.14957607855074498,-0.03560958816146063,-0.03560958816146062,0.08161559220938837,0.08161559220938835,-0.03560958816146063,-0.03560958816146062,-0.062209890076740056,0.08161559220938835,0.08161559220938837,0.1009726179495334,0.10097261794953337,-0.06220989007673939,0.015953956851564713,0.015953956851564696,0.03096352842085323,0.03096352842085323,0.015953956851564713,0.015953956851564696,-0.008706497204371002,-0.008706497204370998,-0.021361072965099686,-0.021361072965099686,-0.06220989007673982,-0.06220989007673984,0.04188624287990564,0.04188624287990566,-0.021361072965099672,-0.021361072965099686,-0.023593097927588156,0.01382716700615502,0.01382716700615502,-0.02359309792758785,-0.023593097927587865,-0.02359309792758785,-0.023593097927587865,-0.023593097927588156,0.06952425631941457,0.06952425631941447,0.06952425631941447
debrepair_debounced_efficiency_repair_1h_solusdt_short_only_lb12_e0p02_x0p005_hold36_cool6_adx20_4p0x_0p1_b91a1902,0.9472860702692932,0.006816434594442553,0.006816434594442553,0.006816434594442553,0.006816434594442553,0.9472860702692922,0.00681643459444255,0.09544407941009557,0.00681643459444255,0.9472860702692932,0.0954440794100954,0.9472860702692932,0.9472860702692922,0.9472860702692922,0.9472860702692948,0.9472860702692948,-0.01450413443518343,-0.01450413443518343,0.6557670853441173,0.6048978738916124,-0.01402560601405514,0.6048978738916124,-0.01402560601405514,0.006816434594442567,0.006816434594442566,0.6557670853441179,0.09544407941009538,0.09544407941009536,0.006816434594442567,0.006816434594442566,-0.01450413443518345,-0.01450413443518345,-0.01450413443518345,-0.01450413443518345,0.6048978738916136,0.6048978738916136,0.9472860702692948,0.9472860702692948,0.9999999999999989,0.9472860702692948,0.9472860702692948,-0.014504134435183473,-0.014504134435183473,0.8006374920033041,0.5924938851053562,0.1009726179495333,1.0,0.6557670853441177,0.6557670853441175,0.6066068118060391,0.5924938851053553,0.800637492003306,0.10097261794953344,-0.014025606014055182,-0.01402560601405517,0.7393429468360937,0.7393429468360937,-0.014025606014055182,-0.01402560601405517,0.4760567648142037,0.6048978738916121,0.604897873891612,0.6066068118060388,0.018944813510730598,0.018944813510730598,0.604897873891612,0.6048978738916121,0.4760567648142037,0.018944813510730598,0.018944813510730598,0.01894481351073058,0.13204558966222876,0.13204558966222874,1.0,-0.005609379185642533,-0.005609379185642527,-0.005609379185642533,-0.005609379185642527,-0.05315432550823759,0.01894481351073058,0.13233920969785742,0.13233920969785742,0.5924938851053555,0.5924938851053554,0.9999999999999993,0.9999999999999994,-0.01450413443518344,-0.01450413443518343,-0.01450413443518344,-0.01450413443518343,0.10097261794953352,0.10097261794953354,0.6066068118060385,0.6066068118060386,-0.053154325508237614,0.8006374920033061,0.8006374920033057,-0.018636360877206486,-0.018636360877206482,0.4760567648142038,0.4760567648142038,-0.018636360877206486,-0.018636360877206482,0.546499046921484,0.4760567648142038,0.4760567648142038,0.9999999999999993,0.9999999999999994,0.5464990469214838,0.018944813510730584,0.01894481351073059,-0.05315432550823752,-0.05315432550823752,0.018944813510730584,0.01894481351073059,0.03941318733476103,0.03941318733476103,-0.03186548423138495,-0.03186548423138495,0.5464990469214837,0.5464990469214837,-0.025181167316313466,-0.02518116731631348,-0.031865484231384925,-0.03186548423138492,0.5924938851053553,0.01770380972513777,0.01770380972513777,0.5924938851053554,0.5924938851053555,0.5924938851053554,0.5924938851053555,0.5924938851053553,0.45927415996962756,0.4592741599696271,0.45927415996962706
debrepair_debounced_efficiency_repair_1h_solusdt_short_only_lb12_e0p025_x0p0_hold36_cool0_adx20_2p0x_0p15_a7f035e1,0.6897032573393248,0.009821897189325773,0.009821897189325773,0.009821897189325773,0.009821897189325773,0.6897032573393251,0.009821897189325761,0.0075590000516165415,0.009821897189325761,0.6897032573393248,0.007559000051616405,0.6897032573393248,0.6897032573393251,0.6897032573393251,0.6897032573393233,0.6897032573393233,-0.020868233281300694,-0.020868233281300694,1.0,0.596927247269574,-0.014282016404081627,0.596927247269574,-0.014282016404081627,0.009821897189325805,0.009821897189325794,1.0,0.007559000051616406,0.007559000051616447,0.009821897189325805,0.009821897189325794,-0.020868233281300674,-0.020868233281300674,-0.020868233281300674,-0.020868233281300674,0.596927247269575,0.596927247269575,0.6897032573393233,0.6897032573393233,0.6557670853441188,0.6897032573393233,0.6897032573393233,-0.020868233281300688,-0.020868233281300688,0.5430157227963134,0.9549010295040008,0.010119200033613366,0.6557670853441177,1.0,1.0,0.9658063747711998,0.9549010295040031,0.543015722796314,0.010119200033613178,-0.014282016404081575,-0.014282016404081572,0.5848024043389084,0.5848024043389085,-0.014282016404081575,-0.014282016404081572,0.4683594890514373,0.596927247269573,0.5969272472695731,0.965806374771198,0.007306252212513196,0.007306252212513196,0.5969272472695731,0.596927247269573,0.4683594890514373,0.007306252212513196,0.007306252212513196,0.007306252212513226,-0.0017997696365904447,-0.0017997696365904291,0.6557670853441177,-0.012345134974575803,-0.012345134974575796,-0.012345134974575803,-0.012345134974575796,-0.10755107840113454,0.007306252212513226,-0.0018345644858237392,-0.0018345644858237455,0.9549010295040045,0.9549010295040048,0.655767085344118,0.655767085344118,-0.0208682332813007,-0.020868233281300698,-0.0208682332813007,-0.020868233281300698,0.010119200033613222,0.0101192000336132,0.9658063747711991,0.965806374771199,-0.1075510784011345,0.5430157227963132,0.543015722796313,-0.024376572433796907,-0.0243765724337969,0.46835948905143776,0.4683594890514378,-0.024376572433796907,-0.0243765724337969,0.9267125087775803,0.4683594890514378,0.46835948905143776,0.655767085344118,0.655767085344118,0.9267125087775785,0.007306252212513192,0.007306252212513195,-0.10755107840113458,-0.10755107840113454,0.007306252212513192,0.007306252212513195,0.026507113140266027,0.02650711314026603,-0.038275450638703225,-0.038275450638703225,0.92671250877758,0.9267125087775799,-0.03545824931239382,-0.035458249312393844,-0.03827545063870318,-0.03827545063870318,0.9549010295040031,0.04086540086495628,0.04086540086495628,0.9549010295040048,0.9549010295040045,0.9549010295040048,0.9549010295040045,0.9549010295040031,0.45118780515434204,0.4511878051543415,0.4511878051543415
debrepair_debounced_efficiency_repair_1h_solusdt_short_only_lb12_e0p025_x0p0_hold36_cool0_adx20_3p0x_0p1_8a3a1aa2,0.6897032573393247,0.009821897189325763,0.009821897189325763,0.009821897189325763,0.009821897189325763,0.6897032573393251,0.009821897189325763,0.007559000051616548,0.009821897189325763,0.6897032573393247,0.0075590000516163845,0.6897032573393247,0.6897032573393251,0.6897032573393251,0.6897032573393233,0.6897032573393233,-0.020868233281300694,-0.020868233281300694,1.0,0.596927247269574,-0.014282016404081627,0.596927247269574,-0.014282016404081627,0.0098218971893258,0.009821897189325792,1.0,0.007559000051616444,0.007559000051616421,0.0098218971893258,0.009821897189325792,-0.020868233281300656,-0.020868233281300656,-0.020868233281300656,-0.020868233281300656,0.596927247269575,0.596927247269575,0.6897032573393233,0.6897032573393233,0.6557670853441188,0.6897032573393233,0.6897032573393233,-0.02086823328130068,-0.02086823328130068,0.5430157227963133,0.9549010295040005,0.010119200033613348,0.6557670853441175,1.0,1.0,0.9658063747711997,0.9549010295040028,0.5430157227963139,0.010119200033613234,-0.014282016404081582,-0.014282016404081565,0.5848024043389083,0.5848024043389083,-0.014282016404081582,-0.014282016404081565,0.46835948905143715,0.5969272472695729,0.5969272472695729,0.9658063747711977,0.007306252212513193,0.007306252212513193,0.5969272472695729,0.5969272472695729,0.46835948905143715,0.007306252212513193,0.007306252212513193,0.007306252212513214,-0.0017997696365904545,-0.0017997696365904443,0.6557670853441175,-0.012345134974575792,-0.012345134974575806,-0.012345134974575792,-0.012345134974575806,-0.10755107840113452,0.007306252212513214,-0.00183456448582377,-0.0018345644858237386,0.9549010295040042,0.9549010295040045,0.655767085344118,0.655767085344118,-0.020868233281300688,-0.020868233281300688,-0.020868233281300688,-0.020868233281300688,0.01011920003361322,0.010119200033613213,0.965806374771199,0.9658063747711991,-0.10755107840113447,0.5430157227963132,0.5430157227963129,-0.02437657243379692,-0.024376572433796897,0.46835948905143765,0.46835948905143765,-0.02437657243379692,-0.024376572433796897,0.9267125087775799,0.46835948905143765,0.46835948905143765,0.655767085344118,0.655767085344118,0.9267125087775784,0.0073062522125131885,0.007306252212513184,-0.10755107840113451,-0.10755107840113452,0.0073062522125131885,0.007306252212513184,0.026507113140266027,0.02650711314026601,-0.03827545063870322,-0.03827545063870322,0.9267125087775798,0.9267125087775798,-0.03545824931239383,-0.03545824931239384,-0.038275450638703176,-0.03827545063870318,0.9549010295040028,0.04086540086495626,0.04086540086495626,0.9549010295040045,0.9549010295040042,0.9549010295040045,0.9549010295040042,0.9549010295040028,0.451187805154342,0.45118780515434137,0.4511878051543414
debrepair_debounced_efficiency_repair_1h_solusdt_short_only_lb12_e0p025_x0p0_hold36_cool6_adx20_3p0x_0p15_ee603b40,0.6467496063439534,0.01735766636381123,0.01735766636381123,0.01735766636381123,0.01735766636381123,0.6467496063439543,0.017357666363811246,0.001111831507431838,0.017357666363811246,0.6467496063439534,0.0011118315074317192,0.6467496063439534,0.6467496063439543,0.6467496063439543,0.6467496063439541,0.6467496063439541,-0.02204735369415077,-0.02204735369415077,0.965806374771199,0.5500924025337176,-0.006619411976862678,0.5500924025337176,-0.006619411976862678,0.017357666363811232,0.01735766636381122,0.9658063747711998,0.0011118315074313213,0.0011118315074313794,0.017357666363811232,0.01735766636381122,-0.022047353694150822,-0.022047353694150822,-0.022047353694150822,-0.022047353694150822,0.5500924025337177,0.5500924025337177,0.6467496063439541,0.6467496063439541,0.6066068118060397,0.6467496063439541,0.6467496063439541,-0.02204735369415072,-0.02204735369415072,0.48965885730260594,0.9586006886239015,0.0035181135975320835,0.6066068118060391,0.9658063747711998,0.9658063747711997,1.0,0.9586006886238997,0.48965885730260666,0.0035181135975324374,-0.0066194119768626936,-0.006619411976862689,0.5393897850697175,0.5393897850697175,-0.0066194119768626936,-0.006619411976862689,0.4407047265390804,0.5500924025337169,0.5500924025337169,1.0,0.014307742280948292,0.014307742280948292,0.5500924025337169,0.5500924025337169,0.4407047265390804,0.014307742280948292,0.014307742280948292,0.014307742280948308,0.002631755202261007,0.002631755202261026,0.606606811806039,-0.0133133734950715,-0.01331337349507149,-0.0133133734950715,-0.01331337349507149,-0.10678962134959326,0.014307742280948308,0.002589304087310311,0.002589304087310348,0.958600688623902,0.9586006886239017,0.6066068118060386,0.6066068118060385,-0.022047353694150774,-0.022047353694150774,-0.022047353694150774,-0.022047353694150774,0.003518113597532166,0.0035181135975321624,1.0,0.9999999999999997,-0.10678962134959291,0.4896588573026062,0.4896588573026061,-0.025568699744276294,-0.025568699744276294,0.44070472653907977,0.44070472653907966,-0.025568699744276294,-0.025568699744276294,0.9570747823613623,0.44070472653907966,0.44070472653907977,0.6066068118060386,0.6066068118060385,0.9570747823613633,0.014307742280948285,0.014307742280948272,-0.10678962134959342,-0.1067896213495934,0.014307742280948285,0.014307742280948272,0.026300035033872474,0.026300035033872477,-0.03719933959769643,-0.03719933959769643,0.9570747823613656,0.9570747823613653,-0.03775212550704872,-0.037752125507048734,-0.03719933959769636,-0.03719933959769636,0.9586006886238997,0.0380250918172278,0.0380250918172278,0.9586006886239017,0.958600688623902,0.9586006886239017,0.958600688623902,0.9586006886238997,0.45688882210924875,0.45688882210924836,0.4568888221092484
debrepair_debounced_efficiency_repair_1h_solusdt_short_only_lb12_e0p025_x0p0_hold36_cool12_none_4p0x_0p1_04c979bc,0.6570197461138995,0.011628181588720487,0.011628181588720487,0.011628181588720487,0.011628181588720487,0.6570197461138998,0.011628181588720506,-0.025796264609656103,0.011628181588720506,0.6570197461138995,-0.025796264609656124,0.6570197461138995,0.6570197461138998,0.6570197461138998,0.6570197461138999,0.6570197461138998,-0.01736764419284494,-0.01736764419284494,0.9549010295040037,0.5973969068560817,-0.01327722130582917,0.5973969068560817,-0.01327722130582917,0.011628181588720511,0.011628181588720502,0.9549010295040022,-0.025796264609656172,-0.025796264609656148,0.011628181588720511,0.011628181588720502,-0.017367644192844946,-0.017367644192844946,-0.017367644192844946,-0.017367644192844946,0.5973969068560805,0.5973969068560805,0.6570197461138999,0.6570197461138998,0.5924938851053566,0.6570197461138999,0.6570197461138998,-0.01736764419284491,-0.01736764419284491,0.504807757221163,0.9999999999999989,-0.023593097927588156,0.5924938851053553,0.9549010295040031,0.9549010295040028,0.9586006886238997,1.0,0.5048077572211641,-0.023593097927588225,-0.013277221305829189,-0.013277221305829184,0.5810830345002966,0.5810830345002967,-0.013277221305829189,-0.013277221305829184,0.4958389222068488,0.5973969068560804,0.5973969068560803,0.9586006886239015,0.008903979005015147,0.008903979005015147,0.5973969068560803,0.5973969068560804,0.4958389222068488,0.008903979005015147,0.008903979005015147,0.00890397900501517,-0.01041886142549888,-0.010418861425498914,0.5924938851053553,-0.008750699213702848,-0.008750699213702851,-0.008750699213702848,-0.008750699213702851,-0.09897072786118272,0.00890397900501517,-0.010479057628040541,-0.010479057628040604,1.0,1.0,0.5924938851053557,0.5924938851053556,-0.017367644192844946,-0.017367644192844946,-0.017367644192844946,-0.017367644192844946,-0.02359309792758852,-0.023593097927588486,0.9586006886238984,0.9586006886238984,-0.09897072786118247,0.5048077572211626,0.5048077572211626,-0.02132310738960801,-0.021323107389607996,0.49583892220684933,0.4958389222068493,-0.02132310738960801,-0.021323107389607996,0.9630342730503253,0.4958389222068493,0.49583892220684933,0.5924938851053557,0.5924938851053556,0.9630342730503247,0.008903979005015149,0.00890397900501515,-0.0989707278611829,-0.09897072786118286,0.008903979005015149,0.00890397900501515,0.034204278330454564,0.03420427833045458,-0.04045559434382937,-0.04045559434382937,0.9630342730503243,0.9630342730503245,-0.03632438831104829,-0.03632438831104829,-0.040455594343829386,-0.04045559434382937,1.0,0.04230904414931686,0.04230904414931686,1.0,1.0,1.0,1.0,1.0,0.4524057698665124,0.45240576986651126,0.4524057698665112
debrepair_debounced_efficiency_repair_1h_solusdt_short_only_lb12_e0p02_x0p005_hold18_cool0_adx20_4p0x_0p1_f85f64f5,0.7747286403456846,-0.05995045487433287,-0.05995045487433287,-0.05995045487433287,-0.05995045487433287,0.774728640345684,-0.0599504548743329,0.1482243089388702,-0.0599504548743329,0.7747286403456846,0.1482243089388699,0.7747286403456846,0.774728640345684,0.774728640345684,0.7747286403456862,0.7747286403456862,-0.06810272595243035,-0.06810272595243035,0.5430157227963134,0.7151524591747386,-0.0708064936188971,0.7151524591747386,-0.0708064936188971,-0.05995045487433287,-0.05995045487433288,0.5430157227963128,0.14822430893887012,0.14822430893887006,-0.05995045487433287,-0.05995045487433288,-0.06810272595243036,-0.06810272595243036,-0.06810272595243036,-0.06810272595243036,0.7151524591747394,0.7151524591747394,0.7747286403456862,0.7747286403456862,0.800637492003306,0.7747286403456862,0.7747286403456862,-0.06810272595243032,-0.06810272595243032,1.0,0.5048077572211638,0.1495760785507449,0.800637492003306,0.543015722796314,0.5430157227963139,0.48965885730260666,0.5048077572211641,1.0,0.14957607855074515,-0.07080649361889704,-0.07080649361889706,0.9240783496453767,0.9240783496453766,-0.07080649361889704,-0.07080649361889706,0.5652545481196296,0.7151524591747385,0.7151524591747386,0.48965885730260605,-0.042070844733964476,-0.042070844733964476,0.7151524591747386,0.7151524591747385,0.5652545481196296,-0.042070844733964476,-0.042070844733964476,-0.042070844733964524,0.17225824856089084,0.17225824856089084,0.800637492003306,-0.0625891098112131,-0.06258910981121311,-0.0625891098112131,-0.06258910981121311,-0.07910984861485064,-0.042070844733964524,0.17262074986066703,0.17262074986066697,0.5048077572211633,0.5048077572211633,0.8006374920033075,0.8006374920033072,-0.06810272595243035,-0.06810272595243036,-0.06810272595243035,-0.06810272595243036,0.14957607855074528,0.14957607855074526,0.4896588573026065,0.4896588573026064,-0.07910984861485047,1.0,1.0,-0.06121185037816561,-0.061211850378165615,0.5652545481196302,0.5652545481196299,-0.06121185037816561,-0.061211850378165615,0.44011849029754946,0.5652545481196299,0.5652545481196302,0.8006374920033075,0.8006374920033072,0.44011849029754957,-0.04207084473396452,-0.042070844733964524,-0.07910984861485064,-0.07910984861485063,-0.04207084473396452,-0.042070844733964524,-0.003617985756141461,-0.003617985756141458,-0.02910889425257074,-0.02910889425257074,0.44011849029754896,0.440118490297549,-0.0687119440391746,-0.06871194403917462,-0.029108894252570718,-0.029108894252570728,0.5048077572211642,0.02015655368169337,0.02015655368169337,0.5048077572211633,0.5048077572211633,0.5048077572211633,0.5048077572211633,0.5048077572211642,0.5507436575595445,0.5507436575595452,0.5507436575595454
debrepair_debounced_efficiency_repair_1h_solusdt_long_short_lb12_e0p03_x-0p005_hold48_cool0_adx20_4p0x_0p1_c04d6a79,0.08444548193585434,0.010566626736560034,0.010566626736560034,0.010566626736560034,0.010566626736560034,0.0844454819358544,0.010566626736560015,0.9928131422371761,0.010566626736560015,0.08444548193585434,0.992813142237177,0.08444548193585434,0.0844454819358544,0.0844454819358544,0.0844454819358543,0.08444548193585431,-0.010601609587748384,-0.010601609587748384,0.010119200033613227,0.11094257822797053,-0.0034944657758139,0.11094257822797053,-0.0034944657758139,0.01056662673656003,0.01056662673656003,0.010119200033613463,0.9928131422371779,0.9928131422371778,0.01056662673656003,0.01056662673656003,-0.010601609587748377,-0.010601609587748377,-0.010601609587748377,-0.010601609587748377,0.11094257822797056,0.11094257822797056,0.0844454819358543,0.08444548193585431,0.10097261794953345,0.0844454819358543,0.08444548193585431,-0.010601609587748357,-0.010601609587748357,0.1495760785507448,-0.023593097927588222,0.9999999999999976,0.10097261794953344,0.010119200033613178,0.010119200033613234,0.0035181135975324374,-0.023593097927588225,0.14957607855074515,1.0,-0.0034944657758139023,-0.0034944657758139105,0.1276033985877871,0.1276033985877871,-0.0034944657758139023,-0.0034944657758139105,0.08161559220938851,0.11094257822797056,0.11094257822797055,0.0035181135975318844,0.015953956851564713,0.015953956851564713,0.11094257822797055,0.11094257822797056,0.08161559220938851,0.015953956851564713,0.015953956851564713,0.015953956851564657,0.15979679760906426,0.1597967976090643,0.10097261794953344,0.008432008715884284,0.008432008715884301,0.008432008715884284,0.008432008715884301,0.030963528420853363,0.015953956851564657,0.16419775056983787,0.16419775056983787,-0.023593097927588447,-0.023593097927588468,0.10097261794953354,0.1009726179495335,-0.010601609587748395,-0.010601609587748391,-0.010601609587748395,-0.010601609587748391,0.9999999999999998,1.0,0.0035181135975321867,0.003518113597532167,0.03096352842085329,0.149576078550745,0.14957607855074498,-0.035609588161460606,-0.0356095881614606,0.0816155922093884,0.08161559220938841,-0.035609588161460606,-0.0356095881614606,-0.062209890076739424,0.08161559220938841,0.0816155922093884,0.10097261794953354,0.1009726179495335,-0.062209890076739875,0.01595395685156473,0.015953956851564727,0.0309635284208533,0.030963528420853297,0.01595395685156473,0.015953956851564727,-0.008706497204371022,-0.008706497204371031,-0.021361072965099627,-0.021361072965099627,-0.0622098900767397,-0.06220989007673973,0.041886242879905534,0.041886242879905555,-0.021361072965099624,-0.02136107296509961,-0.02359309792758823,0.01382716700615504,0.01382716700615504,-0.023593097927588468,-0.023593097927588447,-0.023593097927588468,-0.023593097927588447,-0.02359309792758823,0.06952425631941456,0.06952425631941449,0.06952425631941446
a30fb_booster_rs_chandelier_2h_solusdt_lb12_atr0p25_rel0p01_trail3p0_hold18_3p0x_0p1_ff6828e8,-0.0052099212059186035,0.8826535552727192,0.8826535552727192,0.8826535552727192,0.8826535552727192,-0.005209921205918611,0.8826535552727195,-0.00334048498360937,0.8826535552727195,-0.0052099212059186035,-0.003340484983609413,-0.0052099212059186035,-0.005209921205918611,-0.005209921205918611,-0.005209921205918635,-0.005209921205918629,0.6456564870092527,0.6456564870092527,-0.014282016404081624,-0.00834894775942345,0.9999999999999969,-0.00834894775942345,0.9999999999999969,0.8826535552727182,0.8826535552727183,-0.014282016404081627,-0.0033404849836094035,-0.0033404849836094082,0.8826535552727182,0.8826535552727183,0.6456564870092518,0.6456564870092518,0.6456564870092518,0.6456564870092518,-0.008348947759423454,-0.008348947759423454,-0.005209921205918635,-0.005209921205918629,-0.014025606014055135,-0.005209921205918635,-0.005209921205918629,0.6456564870092502,0.6456564870092502,-0.07080649361889699,-0.013277221305829161,-0.0034944657758138754,-0.014025606014055182,-0.014282016404081575,-0.014282016404081582,-0.0066194119768626936,-0.013277221305829189,-0.07080649361889704,-0.0034944657758139023,1.0,1.0,-0.0525473974366631,-0.05254739743666309,1.0,1.0,-0.010645969780243021,-0.008348947759423476,-0.008348947759423478,-0.006619411976862744,0.7567092434708492,0.7567092434708492,-0.008348947759423478,-0.008348947759423476,-0.010645969780243021,0.7567092434708492,0.7567092434708492,0.7567092434708502,-0.007115904427321777,-0.0071159044273217936,-0.014025606014055177,0.9048487553336338,0.9048487553336338,0.9048487553336338,0.9048487553336338,0.19349934591909937,0.7567092434708502,-0.01231300365927862,-0.012313003659278631,-0.013277221305829192,-0.013277221305829185,-0.014025606014055166,-0.014025606014055168,0.6456564870092527,0.6456564870092527,0.6456564870092527,0.6456564870092527,-0.003494465775813892,-0.003494465775813897,-0.006619411976862679,-0.006619411976862669,0.1934993459190993,-0.07080649361889704,-0.07080649361889703,0.7667758490736925,0.7667758490736922,-0.010645969780243052,-0.010645969780243037,0.7667758490736925,0.7667758490736922,-0.0007015958659994398,-0.010645969780243037,-0.010645969780243052,-0.014025606014055166,-0.014025606014055168,-0.00070159586599946,0.7567092434708492,0.7567092434708491,0.19349934591909948,0.19349934591909942,0.7567092434708492,0.7567092434708491,0.039066069498745935,0.03906606949874596,0.10128364359556256,0.10128364359556256,-0.0007015958659994227,-0.0007015958659994275,-0.026366741982129547,-0.026366741982129554,0.10128364359556251,0.10128364359556251,-0.013277221305829172,-0.014153255804228281,-0.014153255804228281,-0.013277221305829185,-0.013277221305829192,-0.013277221305829185,-0.013277221305829192,-0.013277221305829172,-0.007122046641913138,-0.007122046641913123,-0.007122046641913129
a30fb_booster_rs_chandelier_2h_solusdt_lb12_atr0p25_rel0p01_trail3p0_hold18_2p0x_0p15_fb50ee3d,-0.005209921205918607,0.8826535552727194,0.8826535552727194,0.8826535552727194,0.8826535552727194,-0.005209921205918615,0.8826535552727197,-0.003340484983609365,0.8826535552727197,-0.005209921205918607,-0.0033404849836094134,-0.005209921205918607,-0.005209921205918615,-0.005209921205918615,-0.0052099212059186295,-0.00520992120591863,0.6456564870092528,0.6456564870092528,-0.01428201640408163,-0.008348947759423447,0.9999999999999971,-0.008348947759423447,0.9999999999999971,0.8826535552727182,0.8826535552727182,-0.014282016404081627,-0.003340484983609404,-0.003340484983609399,0.8826535552727182,0.8826535552727182,0.6456564870092519,0.6456564870092519,0.6456564870092519,0.6456564870092519,-0.008348947759423455,-0.008348947759423455,-0.0052099212059186295,-0.00520992120591863,-0.014025606014055116,-0.0052099212059186295,-0.00520992120591863,0.6456564870092503,0.6456564870092503,-0.070806493618897,-0.013277221305829163,-0.003494465775813871,-0.01402560601405517,-0.014282016404081572,-0.014282016404081565,-0.006619411976862689,-0.013277221305829184,-0.07080649361889706,-0.0034944657758139105,1.0,1.0,-0.0525473974366631,-0.0525473974366631,1.0,1.0,-0.010645969780243018,-0.008348947759423473,-0.008348947759423476,-0.0066194119768627465,0.7567092434708492,0.7567092434708492,-0.008348947759423476,-0.008348947759423473,-0.010645969780243018,0.7567092434708492,0.7567092434708492,0.7567092434708501,-0.0071159044273217875,-0.007115904427321793,-0.014025606014055175,0.9048487553336338,0.9048487553336337,0.9048487553336338,0.9048487553336337,0.1934993459190994,0.7567092434708501,-0.01231300365927862,-0.012313003659278628,-0.013277221305829194,-0.01327722130582919,-0.014025606014055171,-0.014025606014055163,0.6456564870092527,0.6456564870092528,0.6456564870092527,0.6456564870092528,-0.0034944657758138775,-0.0034944657758138884,-0.006619411976862677,-0.006619411976862673,0.1934993459190993,-0.07080649361889704,-0.07080649361889703,0.7667758490736925,0.7667758490736925,-0.010645969780243052,-0.010645969780243038,0.7667758490736925,0.7667758490736925,-0.0007015958659994417,-0.010645969780243038,-0.010645969780243052,-0.014025606014055171,-0.014025606014055163,-0.0007015958659994658,0.7567092434708492,0.7567092434708492,0.19349934591909954,0.1934993459190995,0.7567092434708492,0.7567092434708492,0.03906606949874596,0.03906606949874596,0.10128364359556254,0.10128364359556254,-0.0007015958659994245,-0.0007015958659994275,-0.02636674198212955,-0.026366741982129568,0.10128364359556252,0.10128364359556251,-0.013277221305829182,-0.014153255804228273,-0.014153255804228273,-0.01327722130582919,-0.013277221305829194,-0.01327722130582919,-0.013277221305829194,-0.013277221305829182,-0.00712204664191314,-0.007122046641913123,-0.007122046641913124
debrepair_debounced_efficiency_repair_1h_solusdt_short_only_lb12_e0p02_x0p005_hold18_cool0_none_2p0x_0p15_9c252c31,0.8151241695955768,-0.043941175888400706,-0.043941175888400706,-0.043941175888400706,-0.043941175888400706,0.8151241695955771,-0.04394117588840066,0.12952926776491752,-0.04394117588840066,0.8151241695955768,0.12952926776491744,0.8151241695955768,0.8151241695955771,0.8151241695955771,0.8151241695955779,0.8151241695955778,-0.048316788061307056,-0.048316788061307056,0.5848024043389077,0.8082490428333151,-0.0525473974366631,0.8082490428333151,-0.0525473974366631,-0.04394117588840071,-0.0439411758884007,0.5848024043389076,0.12952926776491758,0.12952926776491755,-0.04394117588840071,-0.0439411758884007,-0.04831678806130702,-0.04831678806130702,-0.04831678806130702,-0.04831678806130702,0.8082490428333169,0.8082490428333169,0.8151241695955779,0.8151241695955778,0.739342946836093,0.8151241695955779,0.8151241695955778,-0.04831678806130699,-0.04831678806130699,0.9240783496453762,0.5810830345002946,0.12760339858778721,0.7393429468360937,0.5848024043389084,0.5848024043389083,0.5393897850697175,0.5810830345002966,0.9240783496453767,0.1276033985877871,-0.0525473974366631,-0.0525473974366631,1.0,1.0,-0.0525473974366631,-0.0525473974366631,0.689275377005543,0.8082490428333176,0.8082490428333176,0.5393897850697179,-0.027699656273756926,-0.027699656273756926,0.8082490428333176,0.8082490428333176,0.689275377005543,-0.027699656273756926,-0.027699656273756926,-0.027699656273756937,0.15278140517223907,0.1527814051722391,0.7393429468360937,-0.04436544131773892,-0.04436544131773892,-0.04436544131773892,-0.04436544131773892,-0.06449897263564928,-0.027699656273756937,0.1531026684513999,0.15310266845139991,0.5810830345002962,0.5810830345002961,0.7393429468360929,0.7393429468360928,-0.04831678806130707,-0.04831678806130706,-0.04831678806130707,-0.04831678806130706,0.12760339858778738,0.12760339858778738,0.539389785069718,0.5393897850697179,-0.0644989726356492,0.9240783496453776,0.9240783496453773,-0.04369525752458654,-0.043695257524586535,0.6892753770055432,0.6892753770055431,-0.04369525752458654,-0.043695257524586535,0.515772087020266,0.6892753770055431,0.6892753770055432,0.7393429468360929,0.7393429468360928,0.515772087020266,-0.02769965627375696,-0.02769965627375695,-0.06449897263564923,-0.06449897263564922,-0.02769965627375696,-0.02769965627375695,0.004689110416262973,0.004689110416262974,-0.02786923242173309,-0.02786923242173309,0.5157720870202671,0.515772087020267,-0.0653384696411868,-0.0653384696411868,-0.02786923242173308,-0.027869232421733083,0.5810830345002966,0.04363526605450399,0.04363526605450399,0.5810830345002961,0.5810830345002962,0.5810830345002961,0.5810830345002962,0.5810830345002966,0.5050278306059544,0.5050278306059537,0.5050278306059536
debrepair_debounced_efficiency_repair_1h_solusdt_short_only_lb12_e0p02_x0p005_hold18_cool0_none_3p0x_0p1_93d755d3,0.8151241695955768,-0.04394117588840071,-0.04394117588840071,-0.04394117588840071,-0.04394117588840071,0.8151241695955773,-0.04394117588840066,0.12952926776491758,-0.04394117588840066,0.8151241695955768,0.12952926776491744,0.8151241695955768,0.8151241695955773,0.8151241695955773,0.8151241695955778,0.8151241695955779,-0.04831678806130706,-0.04831678806130706,0.584802404338908,0.8082490428333152,-0.0525473974366631,0.8082490428333152,-0.0525473974366631,-0.04394117588840072,-0.04394117588840072,0.5848024043389075,0.12952926776491758,0.12952926776491755,-0.04394117588840072,-0.04394117588840072,-0.048316788061307035,-0.048316788061307035,-0.048316788061307035,-0.048316788061307035,0.808249042833317,0.808249042833317,0.8151241695955778,0.8151241695955779,0.7393429468360933,0.8151241695955778,0.8151241695955779,-0.04831678806130699,-0.04831678806130699,0.924078349645376,0.5810830345002946,0.12760339858778724,0.7393429468360937,0.5848024043389085,0.5848024043389083,0.5393897850697175,0.5810830345002967,0.9240783496453766,0.1276033985877871,-0.05254739743666309,-0.0525473974366631,1.0,1.0,-0.05254739743666309,-0.052547397436663104,0.689275377005543,0.8082490428333173,0.8082490428333176,0.5393897850697179,-0.027699656273756926,-0.027699656273756926,0.8082490428333176,0.8082490428333173,0.689275377005543,-0.027699656273756926,-0.027699656273756926,-0.02769965627375694,0.15278140517223912,0.15278140517223907,0.7393429468360937,-0.04436544131773892,-0.04436544131773891,-0.04436544131773892,-0.04436544131773891,-0.06449897263564927,-0.02769965627375694,0.1531026684513999,0.15310266845139991,0.5810830345002962,0.5810830345002962,0.739342946836093,0.7393429468360928,-0.04831678806130707,-0.04831678806130706,-0.04831678806130707,-0.04831678806130706,0.12760339858778738,0.1276033985877874,0.5393897850697179,0.5393897850697179,-0.0644989726356492,0.9240783496453775,0.9240783496453772,-0.04369525752458653,-0.043695257524586535,0.6892753770055433,0.6892753770055431,-0.04369525752458653,-0.043695257524586535,0.5157720870202659,0.6892753770055431,0.6892753770055433,0.739342946836093,0.7393429468360928,0.515772087020266,-0.02769965627375695,-0.027699656273756944,-0.06449897263564923,-0.06449897263564923,-0.02769965627375695,-0.027699656273756944,0.004689110416262968,0.004689110416262972,-0.027869232421733076,-0.027869232421733076,0.515772087020267,0.5157720870202669,-0.06533846964118678,-0.0653384696411868,-0.02786923242173308,-0.02786923242173308,0.5810830345002967,0.04363526605450398,0.04363526605450398,0.5810830345002962,0.5810830345002962,0.5810830345002962,0.5810830345002962,0.5810830345002967,0.5050278306059545,0.5050278306059537,0.5050278306059536
a30fb_booster_rs_chandelier_2h_solusdt_lb12_atr0p25_rel0p01_trail2p0_hold18_3p0x_0p1_96d23673,-0.0052099212059186035,0.8826535552727192,0.8826535552727192,0.8826535552727192,0.8826535552727192,-0.005209921205918611,0.8826535552727195,-0.00334048498360937,0.8826535552727195,-0.0052099212059186035,-0.003340484983609413,-0.0052099212059186035,-0.005209921205918611,-0.005209921205918611,-0.005209921205918635,-0.005209921205918629,0.6456564870092527,0.6456564870092527,-0.014282016404081624,-0.00834894775942345,0.9999999999999969,-0.00834894775942345,0.9999999999999969,0.8826535552727182,0.8826535552727183,-0.014282016404081627,-0.0033404849836094035,-0.0033404849836094082,0.8826535552727182,0.8826535552727183,0.6456564870092518,0.6456564870092518,0.6456564870092518,0.6456564870092518,-0.008348947759423454,-0.008348947759423454,-0.005209921205918635,-0.005209921205918629,-0.014025606014055135,-0.005209921205918635,-0.005209921205918629,0.6456564870092502,0.6456564870092502,-0.07080649361889699,-0.013277221305829161,-0.0034944657758138754,-0.014025606014055182,-0.014282016404081575,-0.014282016404081582,-0.0066194119768626936,-0.013277221305829189,-0.07080649361889704,-0.0034944657758139023,1.0,1.0,-0.0525473974366631,-0.05254739743666309,1.0,1.0,-0.010645969780243021,-0.008348947759423476,-0.008348947759423478,-0.006619411976862744,0.7567092434708492,0.7567092434708492,-0.008348947759423478,-0.008348947759423476,-0.010645969780243021,0.7567092434708492,0.7567092434708492,0.7567092434708502,-0.007115904427321777,-0.0071159044273217936,-0.014025606014055177,0.9048487553336338,0.9048487553336338,0.9048487553336338,0.9048487553336338,0.19349934591909937,0.7567092434708502,-0.01231300365927862,-0.012313003659278631,-0.013277221305829192,-0.013277221305829185,-0.014025606014055166,-0.014025606014055168,0.6456564870092527,0.6456564870092527,0.6456564870092527,0.6456564870092527,-0.003494465775813892,-0.003494465775813897,-0.006619411976862679,-0.006619411976862669,0.1934993459190993,-0.07080649361889704,-0.07080649361889703,0.7667758490736925,0.7667758490736922,-0.010645969780243052,-0.010645969780243037,0.7667758490736925,0.7667758490736922,-0.0007015958659994398,-0.010645969780243037,-0.010645969780243052,-0.014025606014055166,-0.014025606014055168,-0.00070159586599946,0.7567092434708492,0.7567092434708491,0.19349934591909948,0.19349934591909942,0.7567092434708492,0.7567092434708491,0.039066069498745935,0.03906606949874596,0.10128364359556256,0.10128364359556256,-0.0007015958659994227,-0.0007015958659994275,-0.026366741982129547,-0.026366741982129554,0.10128364359556251,0.10128364359556251,-0.013277221305829172,-0.014153255804228281,-0.014153255804228281,-0.013277221305829185,-0.013277221305829192,-0.013277221305829185,-0.013277221305829192,-0.013277221305829172,-0.007122046641913138,-0.007122046641913123,-0.007122046641913129
a30fb_booster_rs_chandelier_2h_solusdt_lb12_atr0p25_rel0p01_trail2p0_hold18_2p0x_0p15_e4835679,-0.005209921205918607,0.8826535552727194,0.8826535552727194,0.8826535552727194,0.8826535552727194,-0.005209921205918615,0.8826535552727197,-0.003340484983609365,0.8826535552727197,-0.005209921205918607,-0.0033404849836094134,-0.005209921205918607,-0.005209921205918615,-0.005209921205918615,-0.0052099212059186295,-0.00520992120591863,0.6456564870092528,0.6456564870092528,-0.01428201640408163,-0.008348947759423447,0.9999999999999971,-0.008348947759423447,0.9999999999999971,0.8826535552727182,0.8826535552727182,-0.014282016404081627,-0.003340484983609404,-0.003340484983609399,0.8826535552727182,0.8826535552727182,0.6456564870092519,0.6456564870092519,0.6456564870092519,0.6456564870092519,-0.008348947759423455,-0.008348947759423455,-0.0052099212059186295,-0.00520992120591863,-0.014025606014055116,-0.0052099212059186295,-0.00520992120591863,0.6456564870092503,0.6456564870092503,-0.070806493618897,-0.013277221305829163,-0.003494465775813871,-0.01402560601405517,-0.014282016404081572,-0.014282016404081565,-0.006619411976862689,-0.013277221305829184,-0.07080649361889706,-0.0034944657758139105,1.0,1.0,-0.0525473974366631,-0.052547397436663104,1.0,1.0,-0.010645969780243018,-0.008348947759423473,-0.008348947759423476,-0.0066194119768627465,0.7567092434708492,0.7567092434708492,-0.008348947759423476,-0.008348947759423473,-0.010645969780243018,0.7567092434708492,0.7567092434708492,0.7567092434708501,-0.0071159044273217875,-0.007115904427321793,-0.014025606014055175,0.9048487553336338,0.9048487553336337,0.9048487553336338,0.9048487553336337,0.1934993459190994,0.7567092434708501,-0.01231300365927862,-0.012313003659278628,-0.013277221305829194,-0.01327722130582919,-0.014025606014055171,-0.014025606014055163,0.6456564870092527,0.6456564870092528,0.6456564870092527,0.6456564870092528,-0.0034944657758138775,-0.0034944657758138884,-0.006619411976862677,-0.006619411976862673,0.1934993459190993,-0.07080649361889704,-0.07080649361889703,0.7667758490736925,0.7667758490736925,-0.010645969780243052,-0.010645969780243038,0.7667758490736925,0.7667758490736925,-0.0007015958659994417,-0.010645969780243038,-0.010645969780243052,-0.014025606014055171,-0.014025606014055163,-0.0007015958659994658,0.7567092434708492,0.7567092434708492,0.19349934591909954,0.1934993459190995,0.7567092434708492,0.7567092434708492,0.03906606949874596,0.03906606949874596,0.10128364359556254,0.10128364359556254,-0.0007015958659994245,-0.0007015958659994275,-0.02636674198212955,-0.026366741982129568,0.10128364359556252,0.10128364359556251,-0.013277221305829182,-0.014153255804228273,-0.014153255804228273,-0.01327722130582919,-0.013277221305829194,-0.01327722130582919,-0.013277221305829194,-0.013277221305829182,-0.00712204664191314,-0.007122046641913123,-0.007122046641913124
debrepair_debounced_efficiency_repair_1h_solusdt_short_only_lb6_e0p02_x0p005_hold12_cool6_none_4p0x_0p1_b27a86b8,0.5864554878785349,-0.00882130676723798,-0.00882130676723798,-0.00882130676723798,-0.00882130676723798,0.5864554878785344,-0.008821306767237972,0.08465450303522663,-0.008821306767237972,0.5864554878785349,0.08465450303522655,0.5864554878785349,0.5864554878785344,0.5864554878785344,0.5864554878785344,0.5864554878785343,0.0001366068906122631,0.0001366068906122631,0.46835948905143765,0.8377026862525196,-0.010645969780243058,0.8377026862525196,-0.010645969780243058,-0.008821306767237951,-0.008821306767237946,0.4683594890514375,0.0846545030352266,0.08465450303522658,-0.008821306767237951,-0.008821306767237946,0.000136606890612249,0.000136606890612249,0.000136606890612249,0.000136606890612249,0.8377026862525201,0.8377026862525201,0.5864554878785344,0.5864554878785343,0.47605676481420317,0.5864554878785344,0.5864554878785343,0.0001366068906122659,0.0001366068906122659,0.5652545481196293,0.4958389222068481,0.08161559220938831,0.4760567648142037,0.4683594890514373,0.46835948905143715,0.4407047265390804,0.4958389222068488,0.5652545481196296,0.08161559220938851,-0.010645969780243021,-0.010645969780243018,0.689275377005543,0.689275377005543,-0.010645969780243021,-0.010645969780243018,1.0,0.8377026862525189,0.8377026862525191,0.44070472653907994,-0.004030525763754899,-0.004030525763754899,0.8377026862525191,0.8377026862525189,1.0,-0.004030525763754899,-0.004030525763754899,-0.004030525763754876,0.10203417869096096,0.10203417869096093,0.4760567648142037,0.0036421829264053685,0.0036421829264053755,0.0036421829264053685,0.0036421829264053755,-0.014649844091621225,-0.004030525763754876,0.1023332300978707,0.10233323009787071,0.49583892220684966,0.4958389222068498,0.4760567648142044,0.4760567648142043,0.00013660689061225164,0.0001366068906122555,0.00013660689061225164,0.0001366068906122555,0.0816155922093885,0.08161559220938851,0.44070472653907933,0.44070472653907933,-0.014649844091621235,0.5652545481196297,0.5652545481196296,0.0011139733641485907,0.0011139733641485948,1.0,1.0,0.0011139733641485907,0.0011139733641485948,0.4601670717257572,1.0,1.0,0.4760567648142044,0.4760567648142043,0.460167071725757,-0.004030525763754909,-0.00403052576375491,-0.014649844091621225,-0.014649844091621221,-0.004030525763754909,-0.00403052576375491,0.020193144096662865,0.020193144096662865,-0.01811370822203319,-0.01811370822203319,0.46016707172575677,0.4601670717257568,-0.015235013806913812,-0.015235013806913816,-0.018113708222033197,-0.0181137082220332,0.4958389222068488,0.00748604632038259,0.00748604632038259,0.4958389222068498,0.49583892220684966,0.4958389222068498,0.49583892220684966,0.4958389222068488,0.5328282768953049,0.5328282768953055,0.5328282768953055
debrepair_debounced_efficiency_repair_1h_solusdt_short_only_lb6_e0p02_x0p005_hold18_cool0_none_3p0x_0p1_59a8ac16,0.6913926212122801,-0.004821146250175467,-0.004821146250175467,-0.004821146250175467,-0.004821146250175467,0.6913926212122802,-0.004821146250175474,0.11319954286237403,-0.004821146250175474,0.6913926212122801,0.11319954286237387,0.6913926212122801,0.6913926212122802,0.6913926212122802,0.6913926212122806,0.6913926212122806,-0.01095537867286861,-0.01095537867286861,0.5969272472695738,1.0,-0.00834894775942345,1.0,-0.00834894775942345,-0.004821146250175431,-0.004821146250175432,0.5969272472695748,0.11319954286237396,0.11319954286237396,-0.004821146250175431,-0.004821146250175432,-0.010955378672868594,-0.010955378672868594,-0.010955378672868594,-0.010955378672868594,1.0,1.0,0.6913926212122806,0.6913926212122806,0.6048978738916136,0.6913926212122806,0.6913926212122806,-0.01095537867286858,-0.01095537867286858,0.7151524591747382,0.5973969068560814,0.11094257822797045,0.6048978738916121,0.596927247269573,0.5969272472695729,0.5500924025337169,0.5973969068560804,0.7151524591747385,0.11094257822797056,-0.008348947759423476,-0.008348947759423473,0.8082490428333176,0.8082490428333173,-0.008348947759423476,-0.008348947759423473,0.8377026862525189,1.0,1.0,0.5500924025337178,0.002286679399483927,0.002286679399483927,1.0,1.0,0.8377026862525189,0.002286679399483927,0.002286679399483927,0.002286679399483937,0.09809010564919744,0.09809010564919743,0.604897873891612,0.007537391563458381,0.007537391563458388,0.007537391563458381,0.007537391563458388,-0.03286111205035939,0.002286679399483937,0.09835431081270338,0.09835431081270334,0.597396906856082,0.597396906856082,0.604897873891613,0.604897873891613,-0.010955378672868624,-0.010955378672868613,-0.010955378672868624,-0.010955378672868613,0.11094257822797066,0.11094257822797064,0.550092402533717,0.550092402533717,-0.03286111205035944,0.715152459174738,0.7151524591747377,-0.007778018496708027,-0.007778018496708027,0.8377026862525193,0.8377026862525193,-0.007778018496708027,-0.007778018496708027,0.525604928437304,0.8377026862525193,0.8377026862525193,0.604897873891613,0.604897873891613,0.5256049284373039,0.002286679399483917,0.0022866793994839093,-0.03286111205035945,-0.03286111205035946,0.002286679399483917,0.0022866793994839093,0.017443960995302266,0.017443960995302266,-0.02803840174349073,-0.02803840174349073,0.5256049284373033,0.5256049284373034,-0.06961505209582401,-0.069615052095824,-0.028038401743490787,-0.028038401743490794,0.5973969068560804,0.0451013880471722,0.0451013880471722,0.597396906856082,0.597396906856082,0.597396906856082,0.597396906856082,0.5973969068560804,0.6392500430478151,0.6392500430478146,0.6392500430478145
debrepair_debounced_efficiency_repair_1h_solusdt_short_only_lb6_e0p02_x0p005_hold18_cool0_none_2p0x_0p15_99448b7f,0.6913926212122801,-0.00482114625017547,-0.00482114625017547,-0.00482114625017547,-0.00482114625017547,0.6913926212122801,-0.00482114625017547,0.11319954286237403,-0.00482114625017547,0.6913926212122801,0.11319954286237384,0.6913926212122801,0.6913926212122801,0.6913926212122801,0.6913926212122805,0.6913926212122808,-0.010955378672868605,-0.010955378672868605,0.5969272472695738,1.0,-0.008348947759423452,1.0,-0.008348947759423452,-0.004821146250175429,-0.004821146250175437,0.5969272472695748,0.11319954286237396,0.11319954286237396,-0.004821146250175429,-0.004821146250175437,-0.01095537867286859,-0.01095537867286859,-0.01095537867286859,-0.01095537867286859,1.0,1.0,0.6913926212122805,0.6913926212122808,0.6048978738916136,0.6913926212122805,0.6913926212122808,-0.01095537867286857,-0.01095537867286857,0.7151524591747384,0.5973969068560815,0.11094257822797042,0.604897873891612,0.5969272472695731,0.5969272472695729,0.5500924025337169,0.5973969068560803,0.7151524591747386,0.11094257822797055,-0.008348947759423478,-0.008348947759423476,0.8082490428333176,0.8082490428333176,-0.008348947759423478,-0.008348947759423476,0.8377026862525191,1.0,1.0,0.5500924025337178,0.0022866793994839197,0.0022866793994839197,1.0,1.0,0.8377026862525191,0.0022866793994839197,0.0022866793994839197,0.0022866793994839383,0.09809010564919743,0.09809010564919741,0.604897873891612,0.007537391563458385,0.007537391563458391,0.007537391563458385,0.007537391563458391,-0.03286111205035939,0.0022866793994839383,0.09835431081270336,0.09835431081270334,0.597396906856082,0.597396906856082,0.6048978738916132,0.6048978738916131,-0.010955378672868624,-0.01095537867286861,-0.010955378672868624,-0.01095537867286861,0.11094257822797067,0.11094257822797066,0.550092402533717,0.550092402533717,-0.03286111205035943,0.715152459174738,0.7151524591747378,-0.007778018496708032,-0.007778018496708032,0.8377026862525193,0.8377026862525194,-0.007778018496708032,-0.007778018496708032,0.5256049284373041,0.8377026862525194,0.8377026862525193,0.6048978738916132,0.6048978738916131,0.5256049284373039,0.002286679399483919,0.002286679399483912,-0.03286111205035947,-0.03286111205035947,0.002286679399483919,0.002286679399483912,0.017443960995302266,0.01744396099530227,-0.028038401743490732,-0.028038401743490732,0.5256049284373034,0.5256049284373033,-0.06961505209582401,-0.06961505209582401,-0.02803840174349079,-0.028038401743490794,0.5973969068560804,0.045101388047172196,0.045101388047172196,0.597396906856082,0.597396906856082,0.597396906856082,0.597396906856082,0.5973969068560804,0.6392500430478152,0.6392500430478145,0.6392500430478144
debrepair_debounced_efficiency_repair_1h_solusdt_short_only_lb12_e0p025_x0p0_hold36_cool6_adx20_4p0x_0p1_d29a687c,0.6467496063439537,0.017357666363811253,0.017357666363811253,0.017357666363811253,0.017357666363811253,0.6467496063439537,0.017357666363811208,0.0011118315074316895,0.017357666363811208,0.6467496063439537,0.0011118315074316297,0.6467496063439537,0.6467496063439537,0.6467496063439537,0.6467496063439523,0.6467496063439525,-0.02204735369415075,-0.02204735369415075,0.9658063747711993,0.5500924025337176,-0.006619411976862687,0.5500924025337176,-0.006619411976862687,0.017357666363811225,0.01735766636381122,0.965806374771197,0.0011118315074314174,0.0011118315074314096,0.017357666363811225,0.01735766636381122,-0.022047353694150788,-0.022047353694150788,-0.022047353694150788,-0.022047353694150788,0.550092402533717,0.550092402533717,0.6467496063439523,0.6467496063439525,0.6066068118060399,0.6467496063439523,0.6467496063439525,-0.02204735369415075,-0.02204735369415075,0.48965885730260605,0.9586006886239,0.003518113597532415,0.6066068118060388,0.965806374771198,0.9658063747711977,1.0,0.9586006886239015,0.48965885730260605,0.0035181135975318844,-0.006619411976862744,-0.0066194119768627465,0.5393897850697179,0.5393897850697179,-0.006619411976862744,-0.0066194119768627465,0.44070472653907994,0.5500924025337178,0.5500924025337178,1.0,0.014307742280948282,0.014307742280948282,0.5500924025337178,0.5500924025337177,0.44070472653907994,0.014307742280948282,0.014307742280948282,0.0143077422809483,0.002631755202260894,0.002631755202260899,0.6066068118060388,-0.013313373495071515,-0.013313373495071515,-0.013313373495071515,-0.013313373495071515,-0.10678962134959312,0.0143077422809483,0.0025893040873104347,0.002589304087310414,0.9586006886238998,0.9586006886238998,0.6066068118060397,0.6066068118060397,-0.022047353694150763,-0.022047353694150753,-0.022047353694150763,-0.022047353694150753,0.0035181135975321776,0.003518113597532209,0.9999999999999977,0.9999999999999977,-0.10678962134959294,0.4896588573026066,0.4896588573026064,-0.025568699744276172,-0.025568699744276172,0.44070472653907966,0.44070472653907966,-0.025568699744276172,-0.025568699744276172,0.9570747823613635,0.44070472653907966,0.44070472653907966,0.6066068118060397,0.6066068118060397,0.9570747823613629,0.014307742280948298,0.014307742280948306,-0.10678962134959298,-0.10678962134959297,0.014307742280948298,0.014307742280948306,0.026300035033872435,0.026300035033872432,-0.037199339597696446,-0.037199339597696446,0.9570747823613635,0.9570747823613637,-0.03775212550704883,-0.03775212550704883,-0.03719933959769641,-0.03719933959769641,0.9586006886239015,0.038025091817227796,0.038025091817227796,0.9586006886238998,0.9586006886238998,0.9586006886238998,0.9586006886238998,0.9586006886239015,0.456888822109249,0.4568888221092487,0.4568888221092486
a30fb_booster_rs_chandelier_2h_solusdt_lb12_atr0p25_rel0p0_trail3p0_hold18_4p0x_0p125_09855687,0.025295296850825818,0.8759461501970571,0.8759461501970571,0.8759461501970571,0.8759461501970571,0.025295296850825842,0.8759461501970565,0.015992749953460107,0.8759461501970565,0.025295296850825818,0.01599274995346013,0.025295296850825818,0.025295296850825842,0.025295296850825842,0.025295296850825853,0.025295296850825846,0.6079669607685347,0.6079669607685347,0.007306252212513222,0.002286679399483948,0.7567092434708493,0.002286679399483948,0.7567092434708493,0.8759461501970558,0.875946150197056,0.007306252212513198,0.015992749953460117,0.015992749953460113,0.8759461501970558,0.875946150197056,0.6079669607685347,0.6079669607685347,0.6079669607685347,0.6079669607685347,0.002286679399483946,0.002286679399483946,0.025295296850825853,0.025295296850825846,0.018944813510730598,0.025295296850825853,0.025295296850825846,0.6079669607685346,0.6079669607685346,-0.042070844733964434,0.008903979005015127,0.015953956851564696,0.018944813510730598,0.007306252212513196,0.007306252212513193,0.014307742280948292,0.008903979005015147,-0.042070844733964476,0.015953956851564713,0.7567092434708492,0.7567092434708492,-0.027699656273756926,-0.027699656273756926,0.7567092434708492,0.7567092434708492,-0.004030525763754899,0.002286679399483927,0.0022866793994839197,0.014307742280948282,1.0,1.0,0.0022866793994839258,0.0022866793994839314,-0.004030525763754895,1.0,1.0,0.9999999999999993,-0.004617777225289222,-0.00461777722528922,0.018944813510730595,0.7079041222308334,0.7079041222308332,0.7079041222308334,0.7079041222308332,0.28177575152500733,0.9999999999999993,-0.008896286152413628,-0.008896286152413637,0.00890397900501514,0.008903979005015139,0.018944813510730584,0.018944813510730574,0.6079669607685348,0.6079669607685347,0.6079669607685348,0.6079669607685347,0.015953956851564723,0.01595395685156471,0.014307742280948296,0.014307742280948285,0.28177575152500695,-0.042070844733964496,-0.04207084473396447,0.6123167785480343,0.6123167785480341,-0.004030525763754887,-0.004030525763754885,0.6123167785480343,0.6123167785480341,0.020116370075678666,-0.004030525763754885,-0.004030525763754887,0.018944813510730584,0.018944813510730574,0.020116370075678583,0.9999999999999991,0.9999999999999989,0.281775751525006,0.28177575152500606,0.9999999999999991,0.9999999999999989,0.05170764242682541,0.05170764242682541,0.10851965255687909,0.10851965255687909,0.020116370075678586,0.020116370075678573,-0.019407314868667817,-0.019407314868667817,0.1085196525568793,0.1085196525568793,0.008903979005015146,-0.047755592966288535,-0.047755592966288535,0.008903979005015139,0.00890397900501514,0.008903979005015139,0.00890397900501514,0.008903979005015146,0.015786686500215356,0.015786686500215356,0.015786686500215356
a30fb_booster_rs_chandelier_2h_solusdt_lb12_atr0p25_rel0p0_trail3p0_hold18_5p0x_0p1_9ba7d42a,0.025295296850825818,0.8759461501970571,0.8759461501970571,0.8759461501970571,0.8759461501970571,0.025295296850825842,0.8759461501970565,0.015992749953460107,0.8759461501970565,0.025295296850825818,0.01599274995346013,0.025295296850825818,0.025295296850825842,0.025295296850825842,0.025295296850825853,0.025295296850825846,0.6079669607685347,0.6079669607685347,0.007306252212513222,0.002286679399483948,0.7567092434708493,0.002286679399483948,0.7567092434708493,0.8759461501970558,0.875946150197056,0.007306252212513198,0.015992749953460117,0.015992749953460113,0.8759461501970558,0.875946150197056,0.6079669607685347,0.6079669607685347,0.6079669607685347,0.6079669607685347,0.002286679399483946,0.002286679399483946,0.025295296850825853,0.025295296850825846,0.018944813510730598,0.025295296850825853,0.025295296850825846,0.6079669607685346,0.6079669607685346,-0.042070844733964434,0.008903979005015127,0.015953956851564696,0.018944813510730598,0.007306252212513196,0.007306252212513193,0.014307742280948292,0.008903979005015147,-0.042070844733964476,0.015953956851564713,0.7567092434708492,0.7567092434708492,-0.027699656273756926,-0.027699656273756926,0.7567092434708492,0.7567092434708492,-0.004030525763754899,0.002286679399483927,0.0022866793994839197,0.014307742280948282,1.0,1.0,0.0022866793994839258,0.0022866793994839314,-0.004030525763754895,1.0,1.0,0.9999999999999993,-0.004617777225289222,-0.00461777722528922,0.018944813510730595,0.7079041222308334,0.7079041222308332,0.7079041222308334,0.7079041222308332,0.28177575152500733,0.9999999999999993,-0.008896286152413628,-0.008896286152413637,0.00890397900501514,0.008903979005015139,0.018944813510730584,0.018944813510730574,0.6079669607685348,0.6079669607685347,0.6079669607685348,0.6079669607685347,0.015953956851564723,0.01595395685156471,0.014307742280948296,0.014307742280948285,0.28177575152500695,-0.042070844733964496,-0.04207084473396447,0.6123167785480343,0.6123167785480341,-0.004030525763754887,-0.004030525763754885,0.6123167785480343,0.6123167785480341,0.020116370075678666,-0.004030525763754885,-0.004030525763754887,0.018944813510730584,0.018944813510730574,0.020116370075678583,0.9999999999999991,0.9999999999999989,0.281775751525006,0.28177575152500606,0.9999999999999991,0.9999999999999989,0.05170764242682541,0.05170764242682541,0.10851965255687909,0.10851965255687909,0.020116370075678586,0.020116370075678573,-0.019407314868667817,-0.019407314868667817,0.1085196525568793,0.1085196525568793,0.008903979005015146,-0.047755592966288535,-0.047755592966288535,0.008903979005015139,0.00890397900501514,0.008903979005015139,0.00890397900501514,0.008903979005015146,0.015786686500215356,0.015786686500215356,0.015786686500215356
debrepair_debounced_efficiency_repair_1h_solusdt_short_only_lb6_e0p02_x0p005_hold18_cool0_adx20_2p0x_0p15_07b26490,0.6913926212122801,-0.00482114625017547,-0.00482114625017547,-0.00482114625017547,-0.00482114625017547,0.6913926212122801,-0.00482114625017547,0.11319954286237403,-0.00482114625017547,0.6913926212122801,0.11319954286237384,0.6913926212122801,0.6913926212122801,0.6913926212122801,0.6913926212122805,0.6913926212122808,-0.010955378672868605,-0.010955378672868605,0.5969272472695738,1.0,-0.008348947759423452,1.0,-0.008348947759423452,-0.004821146250175429,-0.004821146250175437,0.5969272472695748,0.11319954286237396,0.11319954286237396,-0.004821146250175429,-0.004821146250175437,-0.01095537867286859,-0.01095537867286859,-0.01095537867286859,-0.01095537867286859,1.0,1.0,0.6913926212122805,0.6913926212122808,0.6048978738916136,0.6913926212122805,0.6913926212122808,-0.01095537867286857,-0.01095537867286857,0.7151524591747384,0.5973969068560815,0.11094257822797042,0.604897873891612,0.5969272472695731,0.5969272472695729,0.5500924025337169,0.5973969068560803,0.7151524591747386,0.11094257822797055,-0.008348947759423478,-0.008348947759423476,0.8082490428333176,0.8082490428333176,-0.008348947759423478,-0.008348947759423476,0.8377026862525191,1.0,1.0,0.5500924025337178,0.0022866793994839258,0.0022866793994839258,1.0,1.0,0.8377026862525191,0.0022866793994839197,0.0022866793994839197,0.0022866793994839383,0.09809010564919743,0.09809010564919741,0.604897873891612,0.007537391563458385,0.007537391563458391,0.007537391563458385,0.007537391563458391,-0.03286111205035939,0.0022866793994839383,0.09835431081270336,0.09835431081270334,0.597396906856082,0.597396906856082,0.6048978738916132,0.6048978738916131,-0.010955378672868624,-0.01095537867286861,-0.010955378672868624,-0.01095537867286861,0.11094257822797067,0.11094257822797066,0.550092402533717,0.550092402533717,-0.03286111205035943,0.715152459174738,0.7151524591747378,-0.007778018496708032,-0.007778018496708032,0.8377026862525193,0.8377026862525194,-0.007778018496708032,-0.007778018496708032,0.5256049284373041,0.8377026862525194,0.8377026862525193,0.6048978738916132,0.6048978738916131,0.5256049284373039,0.002286679399483919,0.002286679399483912,-0.03286111205035947,-0.03286111205035947,0.002286679399483919,0.002286679399483912,0.017443960995302266,0.01744396099530227,-0.028038401743490732,-0.028038401743490732,0.5256049284373034,0.5256049284373033,-0.06961505209582401,-0.06961505209582401,-0.02803840174349079,-0.028038401743490794,0.5973969068560804,0.045101388047172196,0.045101388047172196,0.597396906856082,0.597396906856082,0.597396906856082,0.597396906856082,0.5973969068560804,0.6392500430478152,0.6392500430478145,0.6392500430478144
debrepair_debounced_efficiency_repair_1h_solusdt_short_only_lb6_e0p02_x0p005_hold18_cool0_adx20_3p0x_0p1_990b654b,0.6913926212122801,-0.004821146250175467,-0.004821146250175467,-0.004821146250175467,-0.004821146250175467,0.6913926212122802,-0.004821146250175474,0.11319954286237403,-0.004821146250175474,0.6913926212122801,0.11319954286237387,0.6913926212122801,0.6913926212122802,0.6913926212122802,0.6913926212122806,0.6913926212122806,-0.01095537867286861,-0.01095537867286861,0.5969272472695738,1.0,-0.00834894775942345,1.0,-0.00834894775942345,-0.004821146250175431,-0.004821146250175432,0.5969272472695748,0.11319954286237396,0.11319954286237396,-0.004821146250175431,-0.004821146250175432,-0.010955378672868594,-0.010955378672868594,-0.010955378672868594,-0.010955378672868594,1.0,1.0,0.6913926212122806,0.6913926212122806,0.6048978738916136,0.6913926212122806,0.6913926212122806,-0.01095537867286858,-0.01095537867286858,0.7151524591747382,0.5973969068560814,0.11094257822797045,0.6048978738916121,0.596927247269573,0.5969272472695729,0.5500924025337169,0.5973969068560804,0.7151524591747385,0.11094257822797056,-0.008348947759423476,-0.008348947759423473,0.8082490428333176,0.8082490428333173,-0.008348947759423476,-0.008348947759423473,0.8377026862525189,1.0,1.0,0.5500924025337177,0.0022866793994839314,0.0022866793994839314,1.0,1.0,0.8377026862525189,0.002286679399483927,0.002286679399483927,0.002286679399483937,0.09809010564919744,0.09809010564919743,0.604897873891612,0.007537391563458381,0.007537391563458388,0.007537391563458381,0.007537391563458388,-0.03286111205035939,0.002286679399483937,0.09835431081270338,0.09835431081270334,0.597396906856082,0.597396906856082,0.604897873891613,0.604897873891613,-0.010955378672868624,-0.010955378672868613,-0.010955378672868624,-0.010955378672868613,0.11094257822797066,0.11094257822797064,0.550092402533717,0.550092402533717,-0.03286111205035944,0.715152459174738,0.7151524591747377,-0.007778018496708027,-0.007778018496708027,0.8377026862525193,0.8377026862525193,-0.007778018496708027,-0.007778018496708027,0.525604928437304,0.8377026862525193,0.8377026862525193,0.604897873891613,0.604897873891613,0.5256049284373039,0.002286679399483917,0.0022866793994839093,-0.03286111205035945,-0.03286111205035946,0.002286679399483917,0.0022866793994839093,0.017443960995302266,0.017443960995302266,-0.02803840174349073,-0.02803840174349073,0.5256049284373033,0.5256049284373034,-0.06961505209582401,-0.069615052095824,-0.028038401743490787,-0.028038401743490794,0.5973969068560804,0.0451013880471722,0.0451013880471722,0.597396906856082,0.597396906856082,0.597396906856082,0.597396906856082,0.5973969068560804,0.6392500430478151,0.6392500430478146,0.6392500430478145
debrepair_debounced_efficiency_repair_1h_solusdt_short_only_lb6_e0p02_x0p005_hold12_cool6_adx20_4p0x_0p1_200ca6b9,0.5864554878785349,-0.00882130676723798,-0.00882130676723798,-0.00882130676723798,-0.00882130676723798,0.5864554878785344,-0.008821306767237972,0.08465450303522663,-0.008821306767237972,0.5864554878785349,0.08465450303522655,0.5864554878785349,0.5864554878785344,0.5864554878785344,0.5864554878785344,0.5864554878785343,0.0001366068906122631,0.0001366068906122631,0.46835948905143765,0.8377026862525196,-0.010645969780243058,0.8377026862525196,-0.010645969780243058,-0.008821306767237951,-0.008821306767237946,0.4683594890514375,0.0846545030352266,0.08465450303522658,-0.008821306767237951,-0.008821306767237946,0.000136606890612249,0.000136606890612249,0.000136606890612249,0.000136606890612249,0.8377026862525201,0.8377026862525201,0.5864554878785344,0.5864554878785343,0.47605676481420317,0.5864554878785344,0.5864554878785343,0.0001366068906122659,0.0001366068906122659,0.5652545481196293,0.4958389222068481,0.08161559220938831,0.4760567648142037,0.4683594890514373,0.46835948905143715,0.4407047265390804,0.4958389222068488,0.5652545481196296,0.08161559220938851,-0.010645969780243021,-0.010645969780243018,0.689275377005543,0.689275377005543,-0.010645969780243021,-0.010645969780243018,1.0,0.8377026862525189,0.8377026862525191,0.44070472653907994,-0.004030525763754895,-0.004030525763754895,0.8377026862525191,0.8377026862525189,1.0,-0.004030525763754899,-0.004030525763754899,-0.004030525763754876,0.10203417869096096,0.10203417869096093,0.4760567648142037,0.0036421829264053685,0.0036421829264053755,0.0036421829264053685,0.0036421829264053755,-0.014649844091621225,-0.004030525763754876,0.1023332300978707,0.10233323009787071,0.49583892220684966,0.4958389222068498,0.4760567648142044,0.4760567648142043,0.00013660689061225164,0.0001366068906122555,0.00013660689061225164,0.0001366068906122555,0.0816155922093885,0.08161559220938851,0.44070472653907933,0.44070472653907933,-0.014649844091621235,0.5652545481196297,0.5652545481196296,0.0011139733641485907,0.0011139733641485948,1.0,1.0,0.0011139733641485907,0.0011139733641485948,0.4601670717257572,1.0,1.0,0.4760567648142044,0.4760567648142043,0.460167071725757,-0.004030525763754909,-0.00403052576375491,-0.014649844091621225,-0.014649844091621221,-0.004030525763754909,-0.00403052576375491,0.020193144096662865,0.020193144096662865,-0.01811370822203319,-0.01811370822203319,0.46016707172575677,0.4601670717257568,-0.015235013806913812,-0.015235013806913816,-0.018113708222033197,-0.0181137082220332,0.4958389222068488,0.00748604632038259,0.00748604632038259,0.4958389222068498,0.49583892220684966,0.4958389222068498,0.49583892220684966,0.4958389222068488,0.5328282768953049,0.5328282768953055,0.5328282768953055
a30fb_booster_rs_chandelier_2h_solusdt_lb12_atr0p25_rel0p0_trail2p0_hold18_4p0x_0p125_6573a062,0.025295296850825818,0.8759461501970571,0.8759461501970571,0.8759461501970571,0.8759461501970571,0.025295296850825842,0.8759461501970565,0.015992749953460107,0.8759461501970565,0.025295296850825818,0.01599274995346013,0.025295296850825818,0.025295296850825842,0.025295296850825842,0.025295296850825853,0.025295296850825846,0.6079669607685347,0.6079669607685347,0.007306252212513222,0.002286679399483948,0.7567092434708493,0.002286679399483948,0.7567092434708493,0.8759461501970558,0.875946150197056,0.007306252212513198,0.015992749953460117,0.015992749953460113,0.8759461501970558,0.875946150197056,0.6079669607685347,0.6079669607685347,0.6079669607685347,0.6079669607685347,0.002286679399483946,0.002286679399483946,0.025295296850825853,0.025295296850825846,0.018944813510730598,0.025295296850825853,0.025295296850825846,0.6079669607685346,0.6079669607685346,-0.042070844733964434,0.008903979005015127,0.015953956851564696,0.018944813510730598,0.007306252212513196,0.007306252212513193,0.014307742280948292,0.008903979005015147,-0.042070844733964476,0.015953956851564713,0.7567092434708492,0.7567092434708492,-0.027699656273756926,-0.027699656273756926,0.7567092434708492,0.7567092434708492,-0.004030525763754899,0.002286679399483927,0.0022866793994839197,0.014307742280948282,1.0,1.0,0.0022866793994839197,0.002286679399483927,-0.004030525763754899,1.0,1.0,0.9999999999999993,-0.004617777225289222,-0.00461777722528922,0.018944813510730595,0.7079041222308334,0.7079041222308332,0.7079041222308334,0.7079041222308332,0.28177575152500733,0.9999999999999993,-0.008896286152413628,-0.008896286152413637,0.00890397900501514,0.008903979005015139,0.018944813510730584,0.018944813510730574,0.6079669607685348,0.6079669607685347,0.6079669607685348,0.6079669607685347,0.015953956851564723,0.01595395685156471,0.014307742280948296,0.014307742280948285,0.28177575152500695,-0.042070844733964496,-0.04207084473396447,0.6123167785480343,0.6123167785480341,-0.004030525763754887,-0.004030525763754885,0.6123167785480343,0.6123167785480341,0.020116370075678666,-0.004030525763754885,-0.004030525763754887,0.018944813510730584,0.018944813510730574,0.020116370075678583,0.9999999999999991,0.9999999999999989,0.281775751525006,0.28177575152500606,0.9999999999999991,0.9999999999999989,0.05170764242682541,0.05170764242682541,0.10851965255687909,0.10851965255687909,0.020116370075678586,0.020116370075678573,-0.019407314868667817,-0.019407314868667817,0.1085196525568793,0.1085196525568793,0.008903979005015146,-0.047755592966288535,-0.047755592966288535,0.008903979005015139,0.00890397900501514,0.008903979005015139,0.00890397900501514,0.008903979005015146,0.015786686500215356,0.015786686500215356,0.015786686500215356
a30fb_booster_rs_chandelier_2h_solusdt_lb12_atr0p25_rel0p0_trail2p0_hold18_5p0x_0p1_c28e80e1,0.025295296850825818,0.8759461501970571,0.8759461501970571,0.8759461501970571,0.8759461501970571,0.025295296850825842,0.8759461501970565,0.015992749953460107,0.8759461501970565,0.025295296850825818,0.01599274995346013,0.025295296850825818,0.025295296850825842,0.025295296850825842,0.025295296850825853,0.025295296850825846,0.6079669607685347,0.6079669607685347,0.007306252212513222,0.002286679399483948,0.7567092434708493,0.002286679399483948,0.7567092434708493,0.8759461501970558,0.875946150197056,0.007306252212513198,0.015992749953460117,0.015992749953460113,0.8759461501970558,0.875946150197056,0.6079669607685347,0.6079669607685347,0.6079669607685347,0.6079669607685347,0.002286679399483946,0.002286679399483946,0.025295296850825853,0.025295296850825846,0.018944813510730598,0.025295296850825853,0.025295296850825846,0.6079669607685346,0.6079669607685346,-0.042070844733964434,0.008903979005015127,0.015953956851564696,0.018944813510730598,0.007306252212513196,0.007306252212513193,0.014307742280948292,0.008903979005015147,-0.042070844733964476,0.015953956851564713,0.7567092434708492,0.7567092434708492,-0.027699656273756926,-0.027699656273756926,0.7567092434708492,0.7567092434708492,-0.004030525763754899,0.002286679399483927,0.0022866793994839197,0.014307742280948282,1.0,1.0,0.0022866793994839197,0.002286679399483927,-0.004030525763754899,1.0,1.0,0.9999999999999993,-0.004617777225289222,-0.00461777722528922,0.018944813510730595,0.7079041222308334,0.7079041222308332,0.7079041222308334,0.7079041222308332,0.28177575152500733,0.9999999999999993,-0.008896286152413628,-0.008896286152413637,0.00890397900501514,0.008903979005015139,0.018944813510730584,0.018944813510730574,0.6079669607685348,0.6079669607685347,0.6079669607685348,0.6079669607685347,0.015953956851564723,0.01595395685156471,0.014307742280948296,0.014307742280948285,0.28177575152500695,-0.042070844733964496,-0.04207084473396447,0.6123167785480343,0.6123167785480341,-0.004030525763754887,-0.004030525763754885,0.6123167785480343,0.6123167785480341,0.020116370075678666,-0.004030525763754885,-0.004030525763754887,0.018944813510730584,0.018944813510730574,0.020116370075678583,0.9999999999999991,0.9999999999999989,0.281775751525006,0.28177575152500606,0.9999999999999991,0.9999999999999989,0.05170764242682541,0.05170764242682541,0.10851965255687909,0.10851965255687909,0.020116370075678586,0.020116370075678573,-0.019407314868667817,-0.019407314868667817,0.1085196525568793,0.1085196525568793,0.008903979005015146,-0.047755592966288535,-0.047755592966288535,0.008903979005015139,0.00890397900501514,0.008903979005015139,0.00890397900501514,0.008903979005015146,0.015786686500215356,0.015786686500215356,0.015786686500215356
a30fb_booster_rs_chandelier_2h_solusdt_lb12_atr0p25_rel0p0_trail3p0_hold18_3p0x_0p15_ed6820f0,0.025295296850825863,0.875946150197058,0.875946150197058,0.875946150197058,0.875946150197058,0.02529529685082586,0.8759461501970587,0.015992749953460148,0.8759461501970587,0.025295296850825863,0.01599274995346011,0.025295296850825863,0.02529529685082586,0.02529529685082586,0.025295296850825773,0.025295296850825787,0.6079669607685345,0.6079669607685345,0.007306252212513195,0.0022866793994839375,0.7567092434708488,0.0022866793994839375,0.7567092434708488,0.8759461501970591,0.8759461501970595,0.007306252212513191,0.015992749953460124,0.01599274995346013,0.8759461501970591,0.8759461501970595,0.6079669607685352,0.6079669607685352,0.6079669607685352,0.6079669607685352,0.0022866793994839184,0.0022866793994839184,0.025295296850825773,0.025295296850825787,0.01894481351073062,0.025295296850825773,0.025295296850825787,0.607966960768534,0.607966960768534,-0.04207084473396453,0.00890397900501517,0.015953956851564696,0.01894481351073058,0.007306252212513226,0.007306252212513214,0.014307742280948308,0.00890397900501517,-0.042070844733964524,0.015953956851564657,0.7567092434708502,0.7567092434708501,-0.027699656273756937,-0.02769965627375694,0.7567092434708502,0.7567092434708501,-0.004030525763754876,0.002286679399483937,0.0022866793994839383,0.0143077422809483,0.9999999999999993,0.9999999999999993,0.0022866793994839383,0.002286679399483937,-0.004030525763754876,0.9999999999999993,0.9999999999999993,1.0,-0.004617777225289256,-0.004617777225289252,0.018944813510730567,0.7079041222308331,0.7079041222308328,0.7079041222308331,0.7079041222308328,0.2817757515250075,1.0,-0.008896286152413654,-0.008896286152413658,0.008903979005015149,0.008903979005015163,0.018944813510730633,0.018944813510730636,0.6079669607685346,0.6079669607685345,0.6079669607685346,0.6079669607685345,0.01595395685156472,0.015953956851564727,0.01430774228094828,0.014307742280948268,0.281775751525007,-0.04207084473396454,-0.04207084473396453,0.6123167785480359,0.612316778548036,-0.004030525763754893,-0.0040305257637549005,0.6123167785480359,0.612316778548036,0.020116370075678635,-0.0040305257637549005,-0.004030525763754893,0.018944813510730633,0.018944813510730636,0.02011637007567861,1.0,1.0,0.281775751525007,0.281775751525007,1.0,1.0,0.051707642426825344,0.051707642426825365,0.10851965255687919,0.10851965255687919,0.020116370075678645,0.02011637007567863,-0.019407314868667695,-0.01940731486866772,0.10851965255687913,0.10851965255687912,0.008903979005015172,-0.04775559296628864,-0.04775559296628864,0.008903979005015163,0.008903979005015149,0.008903979005015163,0.008903979005015149,0.008903979005015172,0.015786686500215374,0.015786686500215356,0.01578668650021536
debrepair_debounced_efficiency_repair_1h_ethusdt_long_short_lb6_e0p02_x0p005_hold48_cool6_adx20_3p0x_0p1_236cf336,0.12305092186401177,-0.013067354260158008,-0.013067354260158008,-0.013067354260158008,-0.013067354260158008,0.12305092186401186,-0.013067354260158011,0.15176150161109972,-0.013067354260158011,0.12305092186401177,0.1517615016110998,0.12305092186401177,0.12305092186401186,0.12305092186401186,0.12305092186401193,0.12305092186401193,-0.0058417433365478555,-0.0058417433365478555,-0.001799769636590625,0.09809010564919751,-0.007115904427321789,0.09809010564919751,-0.007115904427321789,-0.013067354260158055,-0.013067354260158048,-0.0017997696365905874,0.15176150161109977,0.15176150161109983,-0.013067354260158055,-0.013067354260158048,-0.005841743336547841,-0.005841743336547841,-0.005841743336547841,-0.005841743336547841,0.09809010564919746,0.09809010564919746,0.12305092186401193,0.12305092186401193,0.13204558966222874,0.12305092186401193,0.12305092186401193,-0.005841743336547827,-0.005841743336547827,0.17225824856089064,-0.010418861425498551,0.15979679760906454,0.13204558966222876,-0.0017997696365904447,-0.0017997696365904545,0.002631755202261007,-0.01041886142549888,0.17225824856089084,0.15979679760906426,-0.007115904427321777,-0.0071159044273217875,0.15278140517223907,0.15278140517223912,-0.007115904427321777,-0.0071159044273217875,0.10203417869096096,0.09809010564919744,0.09809010564919743,0.002631755202260894,-0.004617777225289222,-0.004617777225289222,0.09809010564919743,0.09809010564919744,0.10203417869096096,-0.004617777225289222,-0.004617777225289222,-0.004617777225289256,1.0,1.0,0.13204558966222876,-0.010371495013718226,-0.010371495013718219,-0.010371495013718226,-0.010371495013718219,0.047411094966424365,-0.0046177772252892595,0.9987688337166672,0.9987688337166674,-0.010418861425498749,-0.010418861425498797,0.13204558966222865,0.13204558966222865,-0.00584174333654785,-0.005841743336547855,-0.00584174333654785,-0.005841743336547855,0.1597967976090647,0.15979679760906476,0.0026317552022612307,0.0026317552022612,0.04741109496642433,0.1722582485608908,0.17225824856089073,0.003371426512720234,0.0033714265127202294,0.10203417869096101,0.10203417869096101,0.003371426512720234,0.0033714265127202294,-0.03427215948251741,0.10203417869096101,0.10203417869096101,0.13204558966222865,0.13204558966222865,-0.03427215948251693,-0.004617777225289223,-0.004617777225289237,0.047411094966424296,0.0474110949664243,-0.004617777225289223,-0.004617777225289237,0.02964217912797655,0.029642179127976537,-0.02429572084710759,-0.02429572084710759,-0.0342721594825173,-0.03427215948251729,-0.011814415320462466,-0.011814415320462466,-0.02429572084710759,-0.024295720847107582,-0.01041886142549888,-0.03966902686988661,-0.03966902686988661,-0.010418861425498797,-0.010418861425498749,-0.010418861425498797,-0.010418861425498749,-0.01041886142549888,0.1784140202763363,0.17841402027633602,0.17841402027633602
debrepair_debounced_efficiency_repair_1h_ethusdt_long_short_lb6_e0p02_x0p005_hold48_cool6_adx20_2p0x_0p15_5f977da5,0.12305092186401176,-0.013067354260158015,-0.013067354260158015,-0.013067354260158015,-0.013067354260158015,0.12305092186401186,-0.013067354260158011,0.15176150161109975,-0.013067354260158011,0.12305092186401176,0.15176150161109972,0.12305092186401176,0.12305092186401186,0.12305092186401186,0.12305092186401188,0.12305092186401193,-0.005841743336547833,-0.005841743336547833,-0.0017997696365906295,0.09809010564919751,-0.007115904427321784,0.09809010564919751,-0.007115904427321784,-0.013067354260158053,-0.013067354260158055,-0.0017997696365906438,0.15176150161109977,0.15176150161109983,-0.013067354260158053,-0.013067354260158055,-0.005841743336547838,-0.005841743336547838,-0.005841743336547838,-0.005841743336547838,0.09809010564919747,0.09809010564919747,0.12305092186401188,0.12305092186401193,0.13204558966222874,0.12305092186401188,0.12305092186401193,-0.005841743336547817,-0.005841743336547817,0.17225824856089061,-0.010418861425498588,0.1597967976090645,0.13204558966222874,-0.0017997696365904291,-0.0017997696365904443,0.002631755202261026,-0.010418861425498914,0.17225824856089084,0.1597967976090643,-0.0071159044273217936,-0.007115904427321793,0.1527814051722391,0.15278140517223907,-0.0071159044273217936,-0.007115904427321793,0.10203417869096093,0.09809010564919743,0.09809010564919741,0.002631755202260899,-0.00461777722528922,-0.00461777722528922,0.09809010564919741,0.09809010564919743,0.10203417869096093,-0.00461777722528922,-0.00461777722528922,-0.004617777225289252,1.0,1.0,0.13204558966222874,-0.010371495013718222,-0.010371495013718214,-0.010371495013718222,-0.010371495013718214,0.047411094966424365,-0.004617777225289254,0.9987688337166672,0.9987688337166672,-0.0104188614254988,-0.010418861425498811,0.13204558966222865,0.13204558966222862,-0.005841743336547842,-0.0058417433365478355,-0.005841743336547842,-0.0058417433365478355,0.15979679760906473,0.15979679760906473,0.002631755202261197,0.0026317552022612134,0.04741109496642428,0.1722582485608908,0.17225824856089073,0.003371426512720232,0.0033714265127202316,0.10203417869096101,0.10203417869096107,0.003371426512720232,0.0033714265127202316,-0.03427215948251744,0.10203417869096107,0.10203417869096101,0.13204558966222865,0.13204558966222862,-0.03427215948251697,-0.004617777225289217,-0.004617777225289232,0.04741109496642429,0.04741109496642431,-0.004617777225289217,-0.004617777225289232,0.029642179127976537,0.029642179127976547,-0.024295720847107592,-0.024295720847107592,-0.03427215948251731,-0.03427215948251734,-0.011814415320462462,-0.011814415320462466,-0.02429572084710759,-0.024295720847107592,-0.010418861425498882,-0.03966902686988661,-0.03966902686988661,-0.010418861425498811,-0.0104188614254988,-0.010418861425498811,-0.0104188614254988,-0.010418861425498882,0.17841402027633624,0.17841402027633602,0.17841402027633602
debrepair_debounced_efficiency_repair_1h_solusdt_short_only_lb12_e0p02_x0p005_hold36_cool0_adx20_4p0x_0p1_c05661f5,0.9472860702692932,0.006816434594442553,0.006816434594442553,0.006816434594442553,0.006816434594442553,0.9472860702692922,0.00681643459444255,0.09544407941009557,0.00681643459444255,0.9472860702692932,0.0954440794100954,0.9472860702692932,0.9472860702692922,0.9472860702692922,0.9472860702692948,0.9472860702692948,-0.01450413443518343,-0.01450413443518343,0.6557670853441173,0.6048978738916124,-0.01402560601405514,0.6048978738916124,-0.01402560601405514,0.006816434594442567,0.006816434594442566,0.6557670853441179,0.09544407941009538,0.09544407941009536,0.006816434594442567,0.006816434594442566,-0.01450413443518345,-0.01450413443518345,-0.01450413443518345,-0.01450413443518345,0.6048978738916136,0.6048978738916136,0.9472860702692948,0.9472860702692948,0.9999999999999989,0.9472860702692948,0.9472860702692948,-0.014504134435183473,-0.014504134435183473,0.8006374920033041,0.5924938851053562,0.1009726179495333,1.0,0.6557670853441177,0.6557670853441175,0.606606811806039,0.5924938851053553,0.800637492003306,0.10097261794953344,-0.014025606014055177,-0.014025606014055175,0.7393429468360937,0.7393429468360937,-0.014025606014055177,-0.014025606014055175,0.4760567648142037,0.604897873891612,0.604897873891612,0.6066068118060388,0.018944813510730595,0.018944813510730595,0.604897873891612,0.604897873891612,0.4760567648142037,0.018944813510730595,0.018944813510730595,0.018944813510730567,0.13204558966222876,0.13204558966222874,1.0,-0.005609379185642533,-0.005609379185642527,-0.005609379185642533,-0.005609379185642527,-0.05315432550823759,0.01894481351073058,0.13233920969785742,0.13233920969785742,0.5924938851053555,0.5924938851053554,0.9999999999999993,0.9999999999999994,-0.01450413443518344,-0.01450413443518343,-0.01450413443518344,-0.01450413443518343,0.10097261794953352,0.10097261794953354,0.6066068118060385,0.6066068118060386,-0.053154325508237614,0.8006374920033061,0.8006374920033057,-0.018636360877206486,-0.018636360877206482,0.4760567648142038,0.4760567648142038,-0.018636360877206486,-0.018636360877206482,0.546499046921484,0.4760567648142038,0.4760567648142038,0.9999999999999993,0.9999999999999994,0.5464990469214838,0.018944813510730584,0.01894481351073059,-0.05315432550823752,-0.05315432550823752,0.018944813510730584,0.01894481351073059,0.03941318733476103,0.03941318733476103,-0.03186548423138495,-0.03186548423138495,0.5464990469214837,0.5464990469214837,-0.025181167316313466,-0.02518116731631348,-0.031865484231384925,-0.03186548423138492,0.5924938851053553,0.01770380972513777,0.01770380972513777,0.5924938851053554,0.5924938851053555,0.5924938851053554,0.5924938851053555,0.5924938851053553,0.45927415996962756,0.4592741599696271,0.45927415996962706
a30fb_booster_rs_chandelier_2h_solusdt_lb12_atr0p25_rel0p01_trail2p0_hold12_3p0x_0p1_b5d9c18f,0.002815480194080204,0.7987394606979736,0.7987394606979736,0.7987394606979736,0.7987394606979736,0.002815480194080222,0.7987394606979727,0.008519317039236677,0.7987394606979727,0.002815480194080204,0.00851931703923667,0.002815480194080204,0.002815480194080222,0.002815480194080222,0.0028154801940802436,0.0028154801940802328,0.7106168460000075,0.7106168460000075,-0.012345134974575813,0.0075373915634584085,0.9048487553336342,0.0075373915634584085,0.9048487553336342,0.7987394606979729,0.7987394606979726,-0.01234513497457578,0.00851931703923669,0.008519317039236687,0.7987394606979729,0.7987394606979726,0.7106168460000071,0.7106168460000071,0.7106168460000071,0.7106168460000071,0.007537391563458407,0.007537391563458407,0.0028154801940802436,0.0028154801940802328,-0.005609379185642554,0.0028154801940802436,0.0028154801940802328,0.710616846000007,0.710616846000007,-0.06258910981121298,-0.008750699213702806,0.008432008715884315,-0.005609379185642533,-0.012345134974575803,-0.012345134974575792,-0.0133133734950715,-0.008750699213702848,-0.0625891098112131,0.008432008715884284,0.9048487553336338,0.9048487553336338,-0.04436544131773892,-0.04436544131773892,0.9048487553336338,0.9048487553336338,0.0036421829264053685,0.007537391563458381,0.007537391563458385,-0.013313373495071515,0.7079041222308334,0.7079041222308334,0.007537391563458385,0.007537391563458381,0.0036421829264053685,0.7079041222308334,0.7079041222308334,0.7079041222308331,-0.010371495013718226,-0.010371495013718222,-0.005609379185642533,1.0,1.0,1.0,1.0,0.25516273375696347,0.7079041222308331,-0.016116334977750692,-0.01611633497775069,-0.00875069921370281,-0.00875069921370281,-0.005609379185642556,-0.005609379185642557,0.7106168460000074,0.7106168460000075,0.7106168460000074,0.7106168460000075,0.008432008715884346,0.008432008715884329,-0.013313373495071425,-0.013313373495071426,0.25516273375696363,-0.06258910981121309,-0.06258910981121307,0.6964658623810243,0.6964658623810243,0.003642182926405351,0.00364218292640535,0.6964658623810243,0.6964658623810243,-0.007035924155893691,0.00364218292640535,0.003642182926405351,-0.005609379185642556,-0.005609379185642557,-0.00703592415589373,0.7079041222308327,0.7079041222308325,0.25516273375696363,0.25516273375696363,0.7079041222308327,0.7079041222308325,-0.0036675083686336356,-0.0036675083686336604,0.11200297422482237,0.11200297422482237,-0.007035924155893701,-0.00703592415589371,-0.0295653132861546,-0.02956531328615461,0.11200297422482243,0.11200297422482244,-0.00875069921370284,-0.026040544372941257,-0.026040544372941257,-0.00875069921370281,-0.00875069921370281,-0.00875069921370281,-0.00875069921370281,-0.00875069921370284,-0.009414000286158375,-0.00941400028615839,-0.009414000286158387
a30fb_booster_rs_chandelier_2h_solusdt_lb12_atr0p25_rel0p01_trail2p0_hold12_2p0x_0p15_ce11185e,0.0028154801940802098,0.7987394606979735,0.7987394606979735,0.7987394606979735,0.7987394606979735,0.002815480194080222,0.7987394606979727,0.008519317039236678,0.7987394606979727,0.0028154801940802098,0.008519317039236685,0.0028154801940802098,0.002815480194080222,0.002815480194080222,0.0028154801940802458,0.0028154801940802436,0.7106168460000074,0.7106168460000074,-0.012345134974575817,0.0075373915634584085,0.9048487553336341,0.0075373915634584085,0.9048487553336341,0.7987394606979726,0.7987394606979725,-0.012345134974575782,0.008519317039236704,0.008519317039236689,0.7987394606979726,0.7987394606979725,0.710616846000007,0.710616846000007,0.710616846000007,0.710616846000007,0.007537391563458402,0.007537391563458402,0.0028154801940802458,0.0028154801940802436,-0.005609379185642544,0.0028154801940802458,0.0028154801940802436,0.7106168460000071,0.7106168460000071,-0.06258910981121296,-0.008750699213702808,0.008432008715884324,-0.005609379185642527,-0.012345134974575796,-0.012345134974575806,-0.01331337349507149,-0.008750699213702851,-0.06258910981121311,0.008432008715884301,0.9048487553336338,0.9048487553336337,-0.04436544131773892,-0.04436544131773891,0.9048487553336338,0.9048487553336337,0.0036421829264053755,0.007537391563458388,0.007537391563458391,-0.013313373495071515,0.7079041222308332,0.7079041222308332,0.007537391563458391,0.007537391563458388,0.0036421829264053755,0.7079041222308332,0.7079041222308332,0.7079041222308328,-0.010371495013718219,-0.010371495013718214,-0.005609379185642527,1.0,1.0,1.0,1.0,0.25516273375696347,0.7079041222308329,-0.016116334977750682,-0.016116334977750682,-0.008750699213702815,-0.008750699213702817,-0.00560937918564256,-0.005609379185642557,0.7106168460000075,0.7106168460000075,0.7106168460000075,0.7106168460000075,0.008432008715884344,0.00843200871588432,-0.013313373495071406,-0.013313373495071409,0.25516273375696363,-0.06258910981121307,-0.06258910981121306,0.6964658623810243,0.6964658623810241,0.0036421829264053594,0.003642182926405351,0.6964658623810243,0.6964658623810241,-0.007035924155893696,0.003642182926405351,0.0036421829264053594,-0.00560937918564256,-0.005609379185642557,-0.007035924155893739,0.7079041222308327,0.7079041222308325,0.2551627337569637,0.25516273375696363,0.7079041222308327,0.7079041222308325,-0.0036675083686336374,-0.00366750836863365,0.11200297422482232,0.11200297422482232,-0.007035924155893689,-0.007035924155893702,-0.029565313286154596,-0.029565313286154596,0.11200297422482244,0.11200297422482244,-0.008750699213702844,-0.026040544372941257,-0.026040544372941257,-0.008750699213702817,-0.008750699213702815,-0.008750699213702817,-0.008750699213702815,-0.008750699213702844,-0.009414000286158379,-0.009414000286158384,-0.009414000286158386
a30fb_booster_rs_chandelier_2h_solusdt_lb12_atr0p25_rel0p01_trail3p0_hold12_3p0x_0p1_9ed17b35,0.002815480194080204,0.7987394606979736,0.7987394606979736,0.7987394606979736,0.7987394606979736,0.002815480194080222,0.7987394606979727,0.008519317039236677,0.7987394606979727,0.002815480194080204,0.00851931703923667,0.002815480194080204,0.002815480194080222,0.002815480194080222,0.0028154801940802436,0.0028154801940802328,0.7106168460000075,0.7106168460000075,-0.012345134974575813,0.0075373915634584085,0.9048487553336342,0.0075373915634584085,0.9048487553336342,0.7987394606979729,0.7987394606979726,-0.01234513497457578,0.00851931703923669,0.008519317039236687,0.7987394606979729,0.7987394606979726,0.7106168460000071,0.7106168460000071,0.7106168460000071,0.7106168460000071,0.007537391563458407,0.007537391563458407,0.0028154801940802436,0.0028154801940802328,-0.005609379185642554,0.0028154801940802436,0.0028154801940802328,0.710616846000007,0.710616846000007,-0.06258910981121298,-0.008750699213702806,0.008432008715884315,-0.005609379185642533,-0.012345134974575803,-0.012345134974575792,-0.0133133734950715,-0.008750699213702848,-0.0625891098112131,0.008432008715884284,0.9048487553336338,0.9048487553336338,-0.04436544131773892,-0.04436544131773892,0.9048487553336338,0.9048487553336338,0.0036421829264053685,0.007537391563458381,0.007537391563458385,-0.013313373495071515,0.7079041222308334,0.7079041222308334,0.007537391563458385,0.007537391563458381,0.0036421829264053685,0.7079041222308334,0.7079041222308334,0.7079041222308331,-0.010371495013718226,-0.010371495013718222,-0.005609379185642533,1.0,1.0,1.0,1.0,0.25516273375696347,0.7079041222308331,-0.016116334977750692,-0.01611633497775069,-0.00875069921370281,-0.00875069921370281,-0.005609379185642556,-0.005609379185642557,0.7106168460000074,0.7106168460000075,0.7106168460000074,0.7106168460000075,0.008432008715884346,0.008432008715884329,-0.013313373495071425,-0.013313373495071426,0.25516273375696363,-0.06258910981121309,-0.06258910981121307,0.6964658623810243,0.6964658623810243,0.003642182926405351,0.00364218292640535,0.6964658623810243,0.6964658623810243,-0.007035924155893691,0.00364218292640535,0.003642182926405351,-0.005609379185642556,-0.005609379185642557,-0.00703592415589373,0.7079041222308327,0.7079041222308325,0.25516273375696363,0.25516273375696363,0.7079041222308327,0.7079041222308325,-0.0036675083686336356,-0.0036675083686336604,0.11200297422482237,0.11200297422482237,-0.007035924155893701,-0.00703592415589371,-0.0295653132861546,-0.02956531328615461,0.11200297422482243,0.11200297422482244,-0.00875069921370284,-0.026040544372941257,-0.026040544372941257,-0.00875069921370281,-0.00875069921370281,-0.00875069921370281,-0.00875069921370281,-0.00875069921370284,-0.009414000286158375,-0.00941400028615839,-0.009414000286158387
a30fb_booster_rs_chandelier_2h_solusdt_lb12_atr0p25_rel0p01_trail3p0_hold12_2p0x_0p15_67a10879,0.0028154801940802098,0.7987394606979735,0.7987394606979735,0.7987394606979735,0.7987394606979735,0.002815480194080222,0.7987394606979727,0.008519317039236678,0.7987394606979727,0.0028154801940802098,0.008519317039236685,0.0028154801940802098,0.002815480194080222,0.002815480194080222,0.0028154801940802458,0.0028154801940802436,0.7106168460000074,0.7106168460000074,-0.012345134974575817,0.0075373915634584085,0.9048487553336341,0.0075373915634584085,0.9048487553336341,0.7987394606979726,0.7987394606979725,-0.012345134974575782,0.008519317039236704,0.008519317039236689,0.7987394606979726,0.7987394606979725,0.710616846000007,0.710616846000007,0.710616846000007,0.710616846000007,0.007537391563458402,0.007537391563458402,0.0028154801940802458,0.0028154801940802436,-0.005609379185642544,0.0028154801940802458,0.0028154801940802436,0.7106168460000071,0.7106168460000071,-0.06258910981121296,-0.008750699213702808,0.008432008715884324,-0.005609379185642527,-0.012345134974575796,-0.012345134974575806,-0.01331337349507149,-0.008750699213702851,-0.06258910981121311,0.008432008715884301,0.9048487553336338,0.9048487553336337,-0.04436544131773892,-0.04436544131773891,0.9048487553336338,0.9048487553336337,0.0036421829264053755,0.007537391563458388,0.007537391563458391,-0.013313373495071515,0.7079041222308332,0.7079041222308332,0.007537391563458391,0.007537391563458388,0.0036421829264053755,0.7079041222308332,0.7079041222308332,0.7079041222308328,-0.010371495013718219,-0.010371495013718214,-0.005609379185642527,1.0,1.0,1.0,1.0,0.25516273375696347,0.7079041222308329,-0.016116334977750682,-0.016116334977750682,-0.008750699213702815,-0.008750699213702817,-0.00560937918564256,-0.005609379185642557,0.7106168460000075,0.7106168460000075,0.7106168460000075,0.7106168460000075,0.008432008715884344,0.00843200871588432,-0.013313373495071406,-0.013313373495071409,0.25516273375696363,-0.06258910981121307,-0.06258910981121306,0.6964658623810243,0.6964658623810241,0.0036421829264053594,0.003642182926405351,0.6964658623810243,0.6964658623810241,-0.007035924155893696,0.003642182926405351,0.0036421829264053594,-0.00560937918564256,-0.005609379185642557,-0.007035924155893739,0.7079041222308327,0.7079041222308325,0.2551627337569637,0.25516273375696363,0.7079041222308327,0.7079041222308325,-0.0036675083686336374,-0.00366750836863365,0.11200297422482232,0.11200297422482232,-0.007035924155893689,-0.007035924155893702,-0.029565313286154596,-0.029565313286154596,0.11200297422482244,0.11200297422482244,-0.008750699213702844,-0.026040544372941257,-0.026040544372941257,-0.008750699213702817,-0.008750699213702815,-0.008750699213702817,-0.008750699213702815,-0.008750699213702844,-0.009414000286158379,-0.009414000286158384,-0.009414000286158386
debrepair_debounced_efficiency_repair_2h_ethusdt_long_short_lb6_e0p02_x0p005_hold24_cool0_trend_strength2_3p0x_0p15_c6ebae40,-0.05255091077567615,0.2723879188257466,0.2723879188257466,0.2723879188257466,0.2723879188257466,-0.05255091077567625,0.2723879188257465,0.03071437917381307,0.2723879188257465,-0.05255091077567615,0.03071437917381317,-0.05255091077567615,-0.05255091077567625,-0.05255091077567625,-0.05255091077567623,-0.052550910775676196,0.23296806161670344,0.23296806161670344,-0.10755107840113454,-0.032861112050359444,0.19349934591909926,-0.032861112050359444,0.19349934591909926,0.2723879188257461,0.2723879188257462,-0.10755107840113463,0.03071437917381311,0.030714379173813124,0.2723879188257461,0.2723879188257462,0.23296806161670328,0.23296806161670328,0.23296806161670328,0.23296806161670328,-0.03286111205035949,-0.03286111205035949,-0.05255091077567623,-0.052550910775676196,-0.053154325508237774,-0.05255091077567623,-0.052550910775676196,0.23296806161670383,0.23296806161670383,-0.07910984861485053,-0.09897072786118283,0.03096352842085318,-0.05315432550823759,-0.10755107840113454,-0.10755107840113452,-0.10678962134959326,-0.09897072786118272,-0.07910984861485064,0.030963528420853363,0.19349934591909937,0.1934993459190994,-0.06449897263564928,-0.06449897263564927,0.19349934591909937,0.1934993459190994,-0.014649844091621225,-0.03286111205035939,-0.03286111205035939,-0.10678962134959312,0.28177575152500733,0.28177575152500733,-0.03286111205035939,-0.03286111205035939,-0.014649844091621225,0.28177575152500733,0.28177575152500733,0.2817757515250075,0.047411094966424365,0.047411094966424365,-0.05315432550823759,0.25516273375696347,0.25516273375696347,0.25516273375696347,0.25516273375696347,1.0,0.2817757515250075,0.04733631298366447,0.04733631298366446,-0.09897072786118301,-0.09897072786118301,-0.05315432550823775,-0.053154325508237774,0.23296806161670347,0.23296806161670344,0.23296806161670347,0.23296806161670344,0.03096352842085329,0.030963528420853332,-0.10678962134959342,-0.10678962134959344,1.0,-0.07910984861485046,-0.07910984861485044,0.22408946297070206,0.22408946297070206,-0.014649844091621188,-0.014649844091621195,0.22408946297070206,0.22408946297070206,-0.09699699680295235,-0.014649844091621195,-0.014649844091621188,-0.05315432550823775,-0.053154325508237774,-0.0969969968029524,0.2817757515250073,0.28177575152500717,1.0,1.0,0.2817757515250073,0.28177575152500717,-0.048958014788589056,-0.048958014788589056,0.17797253381247527,0.17797253381247527,-0.09699699680295269,-0.09699699680295268,-0.0011776251116754992,-0.0011776251116754955,0.17797253381247544,0.17797253381247552,-0.09897072786118272,-0.005549804167396526,-0.005549804167396526,-0.09897072786118301,-0.09897072786118301,-0.09897072786118301,-0.09897072786118301,-0.09897072786118272,-0.04250886927160387,-0.0425088692716038,-0.042508869271603814
a30fb_booster_rs_chandelier_2h_solusdt_lb12_atr0p25_rel0p0_trail2p0_hold18_3p0x_0p15_be9815a7,0.025295296850825863,0.875946150197058,0.875946150197058,0.875946150197058,0.875946150197058,0.02529529685082586,0.8759461501970587,0.015992749953460148,0.8759461501970587,0.025295296850825863,0.01599274995346011,0.025295296850825863,0.02529529685082586,0.02529529685082586,0.025295296850825773,0.025295296850825787,0.6079669607685345,0.6079669607685345,0.007306252212513195,0.0022866793994839375,0.7567092434708488,0.0022866793994839375,0.7567092434708488,0.8759461501970591,0.8759461501970595,0.007306252212513191,0.015992749953460124,0.01599274995346013,0.8759461501970591,0.8759461501970595,0.6079669607685352,0.6079669607685352,0.6079669607685352,0.6079669607685352,0.0022866793994839184,0.0022866793994839184,0.025295296850825773,0.025295296850825787,0.01894481351073062,0.025295296850825773,0.025295296850825787,0.607966960768534,0.607966960768534,-0.04207084473396453,0.00890397900501517,0.015953956851564696,0.01894481351073058,0.007306252212513226,0.007306252212513214,0.014307742280948308,0.00890397900501517,-0.042070844733964524,0.015953956851564657,0.7567092434708502,0.7567092434708501,-0.027699656273756937,-0.02769965627375694,0.7567092434708502,0.7567092434708501,-0.004030525763754876,0.002286679399483937,0.0022866793994839383,0.0143077422809483,0.9999999999999993,0.9999999999999993,0.0022866793994839383,0.002286679399483937,-0.004030525763754876,0.9999999999999993,0.9999999999999993,1.0,-0.0046177772252892595,-0.004617777225289254,0.01894481351073058,0.7079041222308331,0.7079041222308329,0.7079041222308331,0.7079041222308329,0.2817757515250075,1.0,-0.008896286152413654,-0.008896286152413658,0.008903979005015149,0.008903979005015163,0.018944813510730633,0.018944813510730636,0.6079669607685346,0.6079669607685345,0.6079669607685346,0.6079669607685345,0.01595395685156472,0.015953956851564727,0.01430774228094828,0.014307742280948268,0.281775751525007,-0.04207084473396454,-0.04207084473396453,0.6123167785480359,0.612316778548036,-0.004030525763754893,-0.0040305257637549005,0.6123167785480359,0.612316778548036,0.020116370075678635,-0.0040305257637549005,-0.004030525763754893,0.018944813510730633,0.018944813510730636,0.02011637007567861,1.0,1.0,0.281775751525007,0.281775751525007,1.0,1.0,0.051707642426825344,0.051707642426825365,0.10851965255687919,0.10851965255687919,0.020116370075678645,0.02011637007567863,-0.019407314868667695,-0.01940731486866772,0.10851965255687913,0.10851965255687912,0.008903979005015172,-0.04775559296628864,-0.04775559296628864,0.008903979005015163,0.008903979005015149,0.008903979005015163,0.008903979005015149,0.008903979005015172,0.015786686500215374,0.015786686500215356,0.01578668650021536
debrepair_debounced_efficiency_repair_1h_ethusdt_long_short_lb6_e0p02_x0p005_hold48_cool6_none_3p0x_0p1_7865a8ae,0.12331758688506535,-0.017617575557009643,-0.017617575557009643,-0.017617575557009643,-0.017617575557009643,0.12331758688506533,-0.017617575557009657,0.15611803137527866,-0.017617575557009657,0.12331758688506535,0.1561180313752789,0.12331758688506535,0.12331758688506533,0.12331758688506533,0.1233175868850655,0.12331758688506547,-0.01201515117538862,-0.01201515117538862,-0.001834564485823875,0.09835431081270334,-0.0123130036592786,0.09835431081270334,-0.0123130036592786,-0.01761757555700967,-0.01761757555700966,-0.0018345644858238066,0.15611803137527894,0.15611803137527897,-0.01761757555700967,-0.01761757555700966,-0.012015151175388592,-0.012015151175388592,-0.012015151175388592,-0.012015151175388592,0.0983543108127034,0.0983543108127034,0.1233175868850655,0.12331758688506547,0.13233920969785745,0.1233175868850655,0.12331758688506547,-0.01201515117538863,-0.01201515117538863,0.1726207498606667,-0.010479057628040456,0.164197750569838,0.13233920969785742,-0.0018345644858237392,-0.00183456448582377,0.002589304087310311,-0.010479057628040541,0.17262074986066703,0.16419775056983787,-0.01231300365927862,-0.01231300365927862,0.1531026684513999,0.1531026684513999,-0.01231300365927862,-0.01231300365927862,0.1023332300978707,0.09835431081270338,0.09835431081270336,0.0025893040873104347,-0.008896286152413628,-0.008896286152413628,0.09835431081270336,0.09835431081270338,0.1023332300978707,-0.008896286152413628,-0.008896286152413628,-0.008896286152413654,0.9987688337166672,0.9987688337166672,0.13233920969785742,-0.016116334977750692,-0.016116334977750682,-0.016116334977750692,-0.016116334977750682,0.04733631298366447,-0.008896286152413654,1.0,1.0,-0.010479057628040604,-0.010479057628040635,0.13233920969785742,0.13233920969785742,-0.012015151175388634,-0.012015151175388624,-0.012015151175388634,-0.012015151175388624,0.16419775056983807,0.1641977505698381,0.002589304087310632,0.002589304087310609,0.047336312983664426,0.17262074986066675,0.17262074986066672,-0.00221354414274385,-0.002213544142743861,0.10233323009787063,0.10233323009787058,-0.00221354414274385,-0.002213544142743861,-0.034377529996099575,0.10233323009787058,0.10233323009787063,0.13233920969785742,0.13233920969785742,-0.03437752999609935,-0.008896286152413632,-0.008896286152413646,0.04733631298366437,0.047336312983664364,-0.008896286152413632,-0.008896286152413646,0.02170186124642713,0.021701861246427118,-0.02439794998786128,-0.02439794998786128,-0.03437752999609962,-0.034377529996099644,-0.011860426289586189,-0.011860426289586194,-0.024397949987861232,-0.024397949987861253,-0.010479057628040545,-0.039750963498884524,-0.039750963498884524,-0.010479057628040635,-0.010479057628040604,-0.010479057628040635,-0.010479057628040604,-0.010479057628040545,0.1785956899316945,0.1785956899316947,0.17859568993169467
debrepair_debounced_efficiency_repair_1h_ethusdt_long_short_lb6_e0p02_x0p005_hold48_cool6_none_2p0x_0p15_3a8c496f,0.12331758688506533,-0.017617575557009654,-0.017617575557009654,-0.017617575557009654,-0.017617575557009654,0.12331758688506533,-0.01761757555700965,0.15611803137527872,-0.01761757555700965,0.12331758688506533,0.1561180313752789,0.12331758688506533,0.12331758688506533,0.12331758688506533,0.12331758688506547,0.1233175868850655,-0.012015151175388601,-0.012015151175388601,-0.0018345644858238576,0.09835431081270332,-0.012313003659278596,0.09835431081270332,-0.012313003659278596,-0.017617575557009674,-0.017617575557009664,-0.0018345644858238832,0.15611803137527894,0.15611803137527897,-0.017617575557009674,-0.017617575557009664,-0.012015151175388582,-0.012015151175388582,-0.012015151175388582,-0.012015151175388582,0.09835431081270339,0.09835431081270339,0.12331758688506547,0.1233175868850655,0.13233920969785745,0.12331758688506547,0.1233175868850655,-0.012015151175388632,-0.012015151175388632,0.17262074986066667,-0.010479057628040484,0.164197750569838,0.13233920969785742,-0.0018345644858237455,-0.0018345644858237386,0.002589304087310348,-0.010479057628040604,0.17262074986066697,0.16419775056983787,-0.012313003659278631,-0.012313003659278628,0.15310266845139991,0.15310266845139991,-0.012313003659278631,-0.012313003659278628,0.10233323009787071,0.09835431081270334,0.09835431081270334,0.002589304087310414,-0.008896286152413637,-0.008896286152413637,0.09835431081270334,0.09835431081270334,0.10233323009787071,-0.008896286152413637,-0.008896286152413637,-0.008896286152413658,0.9987688337166674,0.9987688337166672,0.13233920969785742,-0.01611633497775069,-0.016116334977750682,-0.01611633497775069,-0.016116334977750682,0.04733631298366446,-0.008896286152413658,1.0,1.0,-0.01047905762804061,-0.010479057628040632,0.13233920969785745,0.1323392096978574,-0.012015151175388615,-0.012015151175388601,-0.012015151175388615,-0.012015151175388601,0.16419775056983815,0.1641977505698381,0.002589304087310609,0.0025893040873106263,0.04733631298366442,0.17262074986066672,0.17262074986066672,-0.002213544142743853,-0.0022135441427438506,0.1023332300978706,0.10233323009787058,-0.002213544142743853,-0.0022135441427438506,-0.03437752999609961,0.10233323009787058,0.1023332300978706,0.13233920969785745,0.1323392096978574,-0.03437752999609933,-0.008896286152413625,-0.008896286152413639,0.04733631298366433,0.04733631298366435,-0.008896286152413625,-0.008896286152413639,0.021701861246427125,0.02170186124642712,-0.024397949987861284,-0.024397949987861284,-0.034377529996099665,-0.03437752999609962,-0.011860426289586183,-0.011860426289586192,-0.024397949987861246,-0.024397949987861246,-0.010479057628040576,-0.0397509634988845,-0.0397509634988845,-0.010479057628040632,-0.01047905762804061,-0.010479057628040632,-0.01047905762804061,-0.010479057628040576,0.17859568993169453,0.17859568993169464,0.17859568993169467
debrepair_debounced_efficiency_repair_1h_solusdt_short_only_lb12_e0p025_x0p0_hold36_cool12_none_3p0x_0p1_6945c0fc,0.6570197461139007,0.011628181588720499,0.011628181588720499,0.011628181588720499,0.011628181588720499,0.6570197461139005,0.011628181588720516,-0.025796264609656398,0.011628181588720516,0.6570197461139007,-0.025796264609656176,0.6570197461139007,0.6570197461139005,0.6570197461139005,0.6570197461139001,0.6570197461139003,-0.01736764419284494,-0.01736764419284494,0.9549010295040005,0.5973969068560816,-0.013277221305829165,0.5973969068560816,-0.013277221305829165,0.011628181588720515,0.011628181588720497,0.9549010295040031,-0.025796264609656217,-0.025796264609656207,0.011628181588720515,0.011628181588720497,-0.017367644192845,-0.017367644192845,-0.017367644192845,-0.017367644192845,0.5973969068560809,0.5973969068560809,0.6570197461139001,0.6570197461139003,0.592493885105356,0.6570197461139001,0.6570197461139003,-0.017367644192844915,-0.017367644192844915,0.5048077572211628,1.0,-0.023593097927587865,0.5924938851053555,0.9549010295040045,0.9549010295040042,0.958600688623902,1.0,0.5048077572211633,-0.023593097927588447,-0.013277221305829192,-0.013277221305829194,0.5810830345002962,0.5810830345002962,-0.013277221305829192,-0.013277221305829194,0.49583892220684966,0.597396906856082,0.597396906856082,0.9586006886238998,0.00890397900501514,0.00890397900501514,0.597396906856082,0.597396906856082,0.49583892220684966,0.00890397900501514,0.00890397900501514,0.008903979005015149,-0.010418861425498749,-0.0104188614254988,0.5924938851053555,-0.00875069921370281,-0.008750699213702815,-0.00875069921370281,-0.008750699213702815,-0.09897072786118301,0.008903979005015149,-0.010479057628040604,-0.01047905762804061,1.0,0.9999999999999999,0.5924938851053569,0.5924938851053568,-0.017367644192844943,-0.017367644192844943,-0.017367644192844943,-0.017367644192844943,-0.023593097927588253,-0.02359309792758822,0.9586006886238996,0.9586006886238996,-0.09897072786118287,0.5048077572211637,0.5048077572211638,-0.021323107389608024,-0.021323107389608017,0.4958389222068483,0.49583892220684805,-0.021323107389608024,-0.021323107389608017,0.9630342730503277,0.49583892220684805,0.4958389222068483,0.5924938851053569,0.5924938851053568,0.9630342730503255,0.008903979005015177,0.00890397900501517,-0.09897072786118268,-0.09897072786118265,0.008903979005015177,0.00890397900501517,0.03420427833045468,0.03420427833045468,-0.040455594343829386,-0.040455594343829386,0.9630342730503253,0.9630342730503253,-0.036324388311048235,-0.03632438831104825,-0.04045559434382943,-0.04045559434382939,1.0,0.042309044149316924,0.042309044149316924,0.9999999999999999,1.0,0.9999999999999999,1.0,1.0,0.45240576986651165,0.45240576986651154,0.4524057698665114
debrepair_debounced_efficiency_repair_1h_solusdt_short_only_lb12_e0p025_x0p0_hold36_cool12_none_2p0x_0p15_06dfa05d,0.6570197461139008,0.011628181588720508,0.011628181588720508,0.011628181588720508,0.011628181588720508,0.6570197461139005,0.011628181588720522,-0.025796264609656398,0.011628181588720522,0.6570197461139008,-0.025796264609656172,0.6570197461139008,0.6570197461139005,0.6570197461139005,0.6570197461139001,0.6570197461139002,-0.01736764419284493,-0.01736764419284493,0.9549010295040006,0.5973969068560817,-0.013277221305829158,0.5973969068560817,-0.013277221305829158,0.011628181588720506,0.011628181588720508,0.9549010295040031,-0.025796264609656224,-0.02579626460965622,0.011628181588720506,0.011628181588720508,-0.017367644192844985,-0.017367644192844985,-0.017367644192844985,-0.017367644192844985,0.5973969068560808,0.5973969068560808,0.6570197461139001,0.6570197461139002,0.5924938851053562,0.6570197461139001,0.6570197461139002,-0.017367644192844915,-0.017367644192844915,0.5048077572211629,1.0,-0.02359309792758785,0.5924938851053554,0.9549010295040048,0.9549010295040045,0.9586006886239017,1.0,0.5048077572211633,-0.023593097927588468,-0.013277221305829185,-0.01327722130582919,0.5810830345002961,0.5810830345002962,-0.013277221305829185,-0.01327722130582919,0.4958389222068498,0.597396906856082,0.597396906856082,0.9586006886238998,0.008903979005015139,0.008903979005015139,0.597396906856082,0.597396906856082,0.4958389222068498,0.008903979005015139,0.008903979005015139,0.008903979005015163,-0.010418861425498797,-0.010418861425498811,0.5924938851053554,-0.00875069921370281,-0.008750699213702817,-0.00875069921370281,-0.008750699213702817,-0.09897072786118301,0.008903979005015163,-0.010479057628040635,-0.010479057628040632,0.9999999999999999,1.0,0.5924938851053568,0.5924938851053569,-0.017367644192844946,-0.01736764419284495,-0.017367644192844946,-0.01736764419284495,-0.023593097927588264,-0.023593097927588264,0.9586006886238995,0.9586006886238996,-0.0989707278611829,0.5048077572211636,0.5048077572211636,-0.02132310738960804,-0.02132310738960803,0.4958389222068482,0.4958389222068481,-0.02132310738960804,-0.02132310738960803,0.963034273050328,0.4958389222068481,0.4958389222068482,0.5924938851053568,0.5924938851053569,0.9630342730503256,0.008903979005015182,0.008903979005015173,-0.09897072786118268,-0.09897072786118268,0.008903979005015182,0.008903979005015173,0.03420427833045469,0.03420427833045469,-0.040455594343829414,-0.040455594343829414,0.9630342730503255,0.9630342730503255,-0.036324388311048235,-0.036324388311048256,-0.040455594343829435,-0.04045559434382941,1.0,0.04230904414931693,0.04230904414931693,1.0,0.9999999999999999,1.0,0.9999999999999999,1.0,0.4524057698665116,0.45240576986651143,0.45240576986651154
debrepair_debounced_efficiency_repair_1h_solusdt_short_only_lb12_e0p02_x0p005_hold36_cool6_adx20_2p0x_0p15_087c8689,0.9472860702692936,0.006816434594442572,0.006816434594442572,0.006816434594442572,0.006816434594442572,0.947286070269296,0.006816434594442536,0.09544407941009564,0.006816434594442536,0.9472860702692936,0.09544407941009544,0.9472860702692936,0.947286070269296,0.947286070269296,0.9472860702692948,0.9472860702692949,-0.014504134435183488,-0.014504134435183488,0.6557670853441183,0.6048978738916136,-0.014025606014055125,0.6048978738916136,-0.014025606014055125,0.00681643459444256,0.00681643459444257,0.6557670853441182,0.09544407941009567,0.09544407941009567,0.00681643459444256,0.00681643459444257,-0.014504134435183535,-0.014504134435183535,-0.014504134435183535,-0.014504134435183535,0.6048978738916128,0.6048978738916128,0.9472860702692948,0.9472860702692949,0.9999999999999993,0.9472860702692948,0.9472860702692949,-0.014504134435183485,-0.014504134435183485,0.8006374920033058,0.5924938851053558,0.1009726179495334,0.9999999999999993,0.655767085344118,0.655767085344118,0.6066068118060386,0.5924938851053557,0.8006374920033075,0.10097261794953354,-0.014025606014055166,-0.014025606014055171,0.7393429468360929,0.739342946836093,-0.014025606014055166,-0.014025606014055171,0.4760567648142044,0.604897873891613,0.6048978738916132,0.6066068118060397,0.018944813510730584,0.018944813510730584,0.6048978738916132,0.604897873891613,0.4760567648142044,0.018944813510730584,0.018944813510730584,0.018944813510730633,0.13204558966222865,0.13204558966222865,0.9999999999999993,-0.005609379185642556,-0.00560937918564256,-0.005609379185642556,-0.00560937918564256,-0.05315432550823775,0.018944813510730633,0.13233920969785742,0.13233920969785745,0.5924938851053569,0.5924938851053568,1.0,0.9999999999999999,-0.014504134435183495,-0.014504134435183487,-0.014504134435183495,-0.014504134435183487,0.10097261794953355,0.10097261794953355,0.6066068118060391,0.6066068118060394,-0.05315432550823755,0.8006374920033054,0.8006374920033054,-0.018636360877206444,-0.01863636087720646,0.4760567648142031,0.4760567648142031,-0.018636360877206444,-0.01863636087720646,0.5464990469214842,0.4760567648142031,0.4760567648142031,1.0,0.9999999999999999,0.5464990469214845,0.0189448135107306,0.01894481351073058,-0.05315432550823761,-0.053154325508237614,0.0189448135107306,0.01894481351073058,0.03941318733476104,0.03941318733476104,-0.031865484231385,-0.031865484231385,0.5464990469214842,0.5464990469214843,-0.025181167316313546,-0.025181167316313563,-0.031865484231384966,-0.031865484231384966,0.5924938851053556,0.017703809725137777,0.017703809725137777,0.5924938851053568,0.5924938851053569,0.5924938851053568,0.5924938851053569,0.5924938851053556,0.45927415996962767,0.45927415996962756,0.45927415996962745
debrepair_debounced_efficiency_repair_1h_solusdt_short_only_lb12_e0p02_x0p005_hold36_cool6_adx20_3p0x_0p1_98546977,0.9472860702692936,0.00681643459444257,0.00681643459444257,0.00681643459444257,0.00681643459444257,0.9472860702692962,0.006816434594442527,0.09544407941009561,0.006816434594442527,0.9472860702692936,0.0954440794100954,0.9472860702692936,0.9472860702692962,0.9472860702692962,0.9472860702692948,0.9472860702692949,-0.01450413443518349,-0.01450413443518349,0.6557670853441184,0.6048978738916136,-0.014025606014055126,0.6048978738916136,-0.014025606014055126,0.006816434594442554,0.0068164345944425565,0.6557670853441181,0.09544407941009567,0.09544407941009565,0.006816434594442554,0.0068164345944425565,-0.01450413443518353,-0.01450413443518353,-0.01450413443518353,-0.01450413443518353,0.604897873891613,0.604897873891613,0.9472860702692948,0.9472860702692949,0.9999999999999993,0.9472860702692948,0.9472860702692949,-0.014504134435183481,-0.014504134435183481,0.800637492003306,0.5924938851053558,0.10097261794953337,0.9999999999999994,0.655767085344118,0.655767085344118,0.6066068118060385,0.5924938851053556,0.8006374920033072,0.1009726179495335,-0.014025606014055168,-0.014025606014055163,0.7393429468360928,0.7393429468360928,-0.014025606014055168,-0.014025606014055163,0.4760567648142043,0.604897873891613,0.6048978738916131,0.6066068118060397,0.018944813510730574,0.018944813510730574,0.6048978738916131,0.604897873891613,0.4760567648142043,0.018944813510730574,0.018944813510730574,0.018944813510730636,0.13204558966222865,0.13204558966222862,0.9999999999999994,-0.005609379185642557,-0.005609379185642557,-0.005609379185642557,-0.005609379185642557,-0.053154325508237774,0.018944813510730636,0.13233920969785742,0.1323392096978574,0.5924938851053568,0.5924938851053569,0.9999999999999999,1.0,-0.014504134435183494,-0.014504134435183492,-0.014504134435183494,-0.014504134435183492,0.10097261794953354,0.10097261794953355,0.6066068118060394,0.6066068118060395,-0.053154325508237545,0.8006374920033055,0.8006374920033051,-0.01863636087720645,-0.018636360877206444,0.4760567648142032,0.47605676481420317,-0.01863636087720645,-0.018636360877206444,0.5464990469214841,0.47605676481420317,0.4760567648142032,0.9999999999999999,1.0,0.5464990469214844,0.01894481351073058,0.018944813510730574,-0.05315432550823759,-0.053154325508237586,0.01894481351073058,0.018944813510730574,0.039413187334761034,0.039413187334761034,-0.03186548423138501,-0.03186548423138501,0.5464990469214842,0.5464990469214843,-0.025181167316313542,-0.02518116731631357,-0.03186548423138497,-0.031865484231384966,0.5924938851053556,0.017703809725137774,0.017703809725137774,0.5924938851053569,0.5924938851053568,0.5924938851053569,0.5924938851053568,0.5924938851053556,0.45927415996962767,0.45927415996962745,0.45927415996962745
a30fb_booster_rs_chandelier_2h_solusdt_lb12_atr0p5_rel0p005_trail2p0_hold12_3p0x_0p1_009ee0a3,-0.004858803699299897,0.694393203125682,0.694393203125682,0.694393203125682,0.694393203125682,-0.004858803699299919,0.6943932031256819,-0.010349942524275747,0.6943932031256819,-0.004858803699299897,-0.010349942524275771,-0.004858803699299897,-0.004858803699299919,-0.004858803699299919,-0.0048588036992999045,-0.004858803699299909,1.0,1.0,-0.02086823328130067,-0.010955378672868582,0.6456564870092502,-0.010955378672868582,0.6456564870092502,0.6943932031256819,0.6943932031256818,-0.020868233281300597,-0.010349942524275782,-0.010349942524275787,0.6943932031256819,0.6943932031256818,1.0,1.0,1.0,1.0,-0.010955378672868648,-0.010955378672868648,-0.0048588036992999045,-0.004858803699299909,-0.014504134435183476,-0.0048588036992999045,-0.004858803699299909,0.9999999999999996,0.9999999999999996,-0.06810272595243023,-0.01736764419284491,-0.010601609587748367,-0.01450413443518344,-0.0208682332813007,-0.020868233281300688,-0.022047353694150774,-0.017367644192844946,-0.06810272595243035,-0.010601609587748395,0.6456564870092527,0.6456564870092527,-0.04831678806130707,-0.04831678806130707,0.6456564870092527,0.6456564870092527,0.00013660689061225164,-0.010955378672868624,-0.010955378672868624,-0.022047353694150763,0.6079669607685348,0.6079669607685348,-0.010955378672868624,-0.010955378672868624,0.00013660689061225164,0.6079669607685348,0.6079669607685348,0.6079669607685346,-0.00584174333654785,-0.005841743336547842,-0.01450413443518344,0.7106168460000074,0.7106168460000075,0.7106168460000074,0.7106168460000075,0.23296806161670347,0.6079669607685346,-0.012015151175388634,-0.012015151175388615,-0.017367644192844943,-0.017367644192844946,-0.014504134435183495,-0.014504134435183494,1.0,1.0,1.0,1.0,-0.01060160958774835,-0.010601609587748365,-0.022047353694150708,-0.022047353694150718,0.23296806161670386,-0.06810272595243029,-0.06810272595243029,0.817606868619633,0.817606868619633,0.00013660689061227682,0.0001366068906122635,0.817606868619633,0.817606868619633,-0.015839523964562018,0.0001366068906122635,0.00013660689061227682,-0.014504134435183487,-0.014504134435183494,-0.01583952396456203,0.6079669607685334,0.6079669607685334,0.23296806161670375,0.23296806161670378,0.6079669607685334,0.6079669607685334,0.020172573531033487,0.020172573531033487,0.15202559292707368,0.15202559292707368,-0.01583952396456205,-0.015839523964562032,-0.0922969836023136,-0.09229698360231361,0.15202559292707377,0.15202559292707377,-0.017367644192844943,-0.034448456901517606,-0.034448456901517606,-0.017367644192844936,-0.017367644192844936,-0.017367644192844936,-0.017367644192844936,-0.017367644192844943,-0.013269586965815398,-0.01326958696581542,-0.013269586965815428
a30fb_booster_rs_chandelier_2h_solusdt_lb12_atr0p5_rel0p005_trail2p0_hold12_2p0x_0p15_854256af,-0.004858803699299897,0.694393203125682,0.694393203125682,0.694393203125682,0.694393203125682,-0.004858803699299917,0.694393203125682,-0.010349942524275738,0.694393203125682,-0.004858803699299897,-0.010349942524275773,-0.004858803699299897,-0.004858803699299917,-0.004858803699299917,-0.004858803699299903,-0.004858803699299901,1.0,1.0,-0.020868233281300663,-0.010955378672868575,0.6456564870092503,-0.010955378672868575,0.6456564870092503,0.6943932031256816,0.6943932031256816,-0.020868233281300604,-0.01034994252427578,-0.01034994252427579,0.6943932031256816,0.6943932031256816,1.0,1.0,1.0,1.0,-0.010955378672868641,-0.010955378672868641,-0.004858803699299903,-0.004858803699299901,-0.014504134435183473,-0.004858803699299903,-0.004858803699299901,0.9999999999999994,0.9999999999999994,-0.06810272595243022,-0.017367644192844905,-0.01060160958774837,-0.01450413443518343,-0.020868233281300698,-0.020868233281300688,-0.022047353694150774,-0.017367644192844946,-0.06810272595243036,-0.010601609587748391,0.6456564870092527,0.6456564870092528,-0.04831678806130706,-0.04831678806130706,0.6456564870092527,0.6456564870092528,0.0001366068906122555,-0.010955378672868613,-0.01095537867286861,-0.022047353694150753,0.6079669607685347,0.6079669607685347,-0.01095537867286861,-0.010955378672868613,0.0001366068906122555,0.6079669607685347,0.6079669607685347,0.6079669607685345,-0.005841743336547855,-0.0058417433365478355,-0.01450413443518343,0.7106168460000075,0.7106168460000075,0.7106168460000075,0.7106168460000075,0.23296806161670344,0.6079669607685345,-0.012015151175388624,-0.012015151175388601,-0.017367644192844943,-0.01736764419284495,-0.014504134435183487,-0.014504134435183492,1.0,1.0,1.0,1.0,-0.010601609587748346,-0.010601609587748351,-0.022047353694150725,-0.022047353694150718,0.23296806161670383,-0.06810272595243029,-0.06810272595243026,0.817606868619633,0.817606868619633,0.0001366068906122698,0.00013660689061226677,0.817606868619633,0.817606868619633,-0.015839523964561994,0.00013660689061226677,0.0001366068906122698,-0.014504134435183488,-0.01450413443518349,-0.015839523964562008,0.6079669607685335,0.6079669607685334,0.23296806161670375,0.23296806161670375,0.6079669607685335,0.6079669607685334,0.020172573531033487,0.02017257353103348,0.15202559292707363,0.15202559292707363,-0.015839523964562036,-0.01583952396456204,-0.09229698360231359,-0.0922969836023136,0.15202559292707374,0.15202559292707377,-0.01736764419284494,-0.034448456901517585,-0.034448456901517585,-0.01736764419284493,-0.01736764419284494,-0.01736764419284493,-0.01736764419284494,-0.01736764419284494,-0.013269586965815396,-0.013269586965815415,-0.013269586965815422
a30fb_booster_rs_chandelier_2h_solusdt_lb12_atr0p5_rel0p005_trail3p0_hold12_3p0x_0p1_9edf2312,-0.004858803699299897,0.694393203125682,0.694393203125682,0.694393203125682,0.694393203125682,-0.004858803699299919,0.6943932031256819,-0.010349942524275747,0.6943932031256819,-0.004858803699299897,-0.010349942524275771,-0.004858803699299897,-0.004858803699299919,-0.004858803699299919,-0.0048588036992999045,-0.004858803699299909,1.0,1.0,-0.02086823328130067,-0.010955378672868582,0.6456564870092502,-0.010955378672868582,0.6456564870092502,0.6943932031256819,0.6943932031256818,-0.020868233281300597,-0.010349942524275782,-0.010349942524275787,0.6943932031256819,0.6943932031256818,1.0,1.0,1.0,1.0,-0.010955378672868648,-0.010955378672868648,-0.0048588036992999045,-0.004858803699299909,-0.014504134435183476,-0.0048588036992999045,-0.004858803699299909,0.9999999999999996,0.9999999999999996,-0.06810272595243023,-0.01736764419284491,-0.010601609587748367,-0.01450413443518344,-0.0208682332813007,-0.020868233281300688,-0.022047353694150774,-0.017367644192844946,-0.06810272595243035,-0.010601609587748395,0.6456564870092527,0.6456564870092527,-0.04831678806130707,-0.04831678806130707,0.6456564870092527,0.6456564870092527,0.00013660689061225164,-0.010955378672868624,-0.010955378672868624,-0.022047353694150763,0.6079669607685348,0.6079669607685348,-0.010955378672868624,-0.010955378672868624,0.00013660689061225164,0.6079669607685348,0.6079669607685348,0.6079669607685346,-0.00584174333654785,-0.005841743336547842,-0.01450413443518344,0.7106168460000074,0.7106168460000075,0.7106168460000074,0.7106168460000075,0.23296806161670347,0.6079669607685346,-0.012015151175388634,-0.012015151175388615,-0.017367644192844943,-0.017367644192844946,-0.014504134435183495,-0.014504134435183494,1.0,1.0,1.0,1.0,-0.01060160958774835,-0.010601609587748365,-0.022047353694150708,-0.022047353694150718,0.23296806161670386,-0.06810272595243029,-0.06810272595243029,0.817606868619633,0.817606868619633,0.00013660689061227682,0.0001366068906122635,0.817606868619633,0.817606868619633,-0.015839523964562018,0.0001366068906122635,0.00013660689061227682,-0.014504134435183487,-0.014504134435183494,-0.01583952396456203,0.6079669607685334,0.6079669607685334,0.23296806161670375,0.23296806161670378,0.6079669607685334,0.6079669607685334,0.020172573531033487,0.020172573531033487,0.15202559292707368,0.15202559292707368,-0.01583952396456205,-0.015839523964562032,-0.0922969836023136,-0.09229698360231361,0.15202559292707377,0.15202559292707377,-0.017367644192844943,-0.034448456901517606,-0.034448456901517606,-0.017367644192844936,-0.017367644192844936,-0.017367644192844936,-0.017367644192844936,-0.017367644192844943,-0.013269586965815398,-0.01326958696581542,-0.013269586965815428
a30fb_booster_rs_chandelier_2h_solusdt_lb12_atr0p5_rel0p005_trail3p0_hold12_2p0x_0p15_f7197477,-0.004858803699299897,0.694393203125682,0.694393203125682,0.694393203125682,0.694393203125682,-0.004858803699299917,0.694393203125682,-0.010349942524275738,0.694393203125682,-0.004858803699299897,-0.010349942524275773,-0.004858803699299897,-0.004858803699299917,-0.004858803699299917,-0.004858803699299903,-0.004858803699299901,1.0,1.0,-0.020868233281300663,-0.010955378672868575,0.6456564870092503,-0.010955378672868575,0.6456564870092503,0.6943932031256816,0.6943932031256816,-0.020868233281300604,-0.01034994252427578,-0.01034994252427579,0.6943932031256816,0.6943932031256816,1.0,1.0,1.0,1.0,-0.010955378672868641,-0.010955378672868641,-0.004858803699299903,-0.004858803699299901,-0.014504134435183473,-0.004858803699299903,-0.004858803699299901,0.9999999999999994,0.9999999999999994,-0.06810272595243022,-0.017367644192844905,-0.01060160958774837,-0.01450413443518343,-0.020868233281300698,-0.020868233281300688,-0.022047353694150774,-0.017367644192844946,-0.06810272595243036,-0.010601609587748391,0.6456564870092527,0.6456564870092528,-0.04831678806130706,-0.04831678806130706,0.6456564870092527,0.6456564870092528,0.0001366068906122555,-0.010955378672868613,-0.01095537867286861,-0.022047353694150753,0.6079669607685347,0.6079669607685347,-0.01095537867286861,-0.010955378672868613,0.0001366068906122555,0.6079669607685347,0.6079669607685347,0.6079669607685345,-0.005841743336547855,-0.0058417433365478355,-0.01450413443518343,0.7106168460000075,0.7106168460000075,0.7106168460000075,0.7106168460000075,0.23296806161670344,0.6079669607685345,-0.012015151175388624,-0.012015151175388601,-0.017367644192844943,-0.01736764419284495,-0.014504134435183487,-0.014504134435183492,1.0,1.0,1.0,1.0,-0.010601609587748346,-0.010601609587748351,-0.022047353694150725,-0.022047353694150718,0.23296806161670383,-0.06810272595243029,-0.06810272595243026,0.817606868619633,0.817606868619633,0.0001366068906122698,0.00013660689061226677,0.817606868619633,0.817606868619633,-0.015839523964561994,0.00013660689061226677,0.0001366068906122698,-0.014504134435183488,-0.01450413443518349,-0.015839523964562008,0.6079669607685335,0.6079669607685334,0.23296806161670375,0.23296806161670375,0.6079669607685335,0.6079669607685334,0.020172573531033487,0.02017257353103348,0.15202559292707363,0.15202559292707363,-0.015839523964562036,-0.01583952396456204,-0.09229698360231359,-0.0922969836023136,0.15202559292707374,0.15202559292707377,-0.01736764419284494,-0.034448456901517585,-0.034448456901517585,-0.01736764419284493,-0.01736764419284494,-0.01736764419284493,-0.01736764419284494,-0.01736764419284494,-0.013269586965815396,-0.013269586965815415,-0.013269586965815422
debrepair_debounced_efficiency_repair_1h_solusdt_long_short_lb12_e0p03_x-0p005_hold48_cool0_adx20_2p0x_0p15_3c896169,0.08444548193585448,0.010566626736560038,0.010566626736560038,0.010566626736560038,0.010566626736560038,0.0844454819358544,0.010566626736560012,0.9928131422371778,0.010566626736560012,0.08444548193585448,0.9928131422371781,0.08444548193585448,0.0844454819358544,0.0844454819358544,0.08444548193585445,0.08444548193585448,-0.010601609587748346,-0.010601609587748346,0.010119200033613319,0.11094257822797063,-0.0034944657758138905,0.11094257822797063,-0.0034944657758138905,0.01056662673656003,0.010566626736560045,0.010119200033613194,0.992813142237177,0.9928131422371769,0.01056662673656003,0.010566626736560045,-0.010601609587748388,-0.010601609587748388,-0.010601609587748388,-0.010601609587748388,0.11094257822797067,0.11094257822797067,0.08444548193585445,0.08444548193585448,0.10097261794953356,0.08444548193585445,0.08444548193585448,-0.010601609587748369,-0.010601609587748369,0.14957607855074517,-0.02359309792758783,0.9999999999999987,0.10097261794953352,0.010119200033613222,0.01011920003361322,0.003518113597532166,-0.02359309792758852,0.14957607855074528,0.9999999999999998,-0.003494465775813892,-0.0034944657758138775,0.12760339858778738,0.12760339858778738,-0.003494465775813892,-0.0034944657758138775,0.0816155922093885,0.11094257822797066,0.11094257822797067,0.0035181135975321776,0.015953956851564723,0.015953956851564723,0.11094257822797067,0.11094257822797066,0.0816155922093885,0.015953956851564723,0.015953956851564723,0.01595395685156472,0.1597967976090647,0.15979679760906473,0.10097261794953352,0.008432008715884346,0.008432008715884344,0.008432008715884346,0.008432008715884344,0.03096352842085329,0.01595395685156472,0.16419775056983807,0.16419775056983815,-0.023593097927588253,-0.023593097927588264,0.10097261794953355,0.10097261794953354,-0.01060160958774835,-0.010601609587748346,-0.01060160958774835,-0.010601609587748346,1.0,1.0,0.0035181135975323845,0.0035181135975323754,0.030963528420853346,0.14957607855074506,0.14957607855074498,-0.03560958816146071,-0.03560958816146067,0.08161559220938844,0.08161559220938845,-0.03560958816146071,-0.03560958816146067,-0.06220989007673993,0.08161559220938845,0.08161559220938844,0.10097261794953355,0.10097261794953355,-0.0622098900767398,0.015953956851564678,0.015953956851564668,0.03096352842085334,0.03096352842085334,0.015953956851564678,0.015953956851564668,-0.008706497204371017,-0.008706497204371009,-0.02136107296509963,-0.02136107296509963,-0.06220989007673944,-0.062209890076739466,0.041886242879905645,0.04188624287990565,-0.02136107296509971,-0.021361072965099707,-0.023593097927588586,0.01382716700615509,0.01382716700615509,-0.023593097927588284,-0.023593097927588222,-0.023593097927588284,-0.023593097927588222,-0.023593097927588586,0.06952425631941456,0.06952425631941468,0.06952425631941467
debrepair_debounced_efficiency_repair_1h_solusdt_long_short_lb12_e0p03_x-0p005_hold48_cool0_adx20_3p0x_0p1_e6814b9e,0.08444548193585452,0.010566626736560026,0.010566626736560026,0.010566626736560026,0.010566626736560026,0.0844454819358544,0.01056662673656001,0.9928131422371781,0.01056662673656001,0.08444548193585452,0.9928131422371781,0.08444548193585452,0.0844454819358544,0.0844454819358544,0.08444548193585448,0.08444548193585447,-0.010601609587748351,-0.010601609587748351,0.010119200033613373,0.11094257822797061,-0.0034944657758139057,0.11094257822797061,-0.0034944657758139057,0.010566626736560034,0.010566626736560043,0.010119200033613237,0.992813142237177,0.9928131422371769,0.010566626736560034,0.010566626736560043,-0.010601609587748384,-0.010601609587748384,-0.010601609587748384,-0.010601609587748384,0.11094257822797068,0.11094257822797068,0.08444548193585448,0.08444548193585447,0.10097261794953355,0.08444548193585448,0.08444548193585447,-0.010601609587748386,-0.010601609587748386,0.14957607855074517,-0.023593097927587896,0.9999999999999989,0.10097261794953354,0.0101192000336132,0.010119200033613213,0.0035181135975321624,-0.023593097927588486,0.14957607855074526,1.0,-0.003494465775813897,-0.0034944657758138884,0.12760339858778738,0.1276033985877874,-0.003494465775813897,-0.0034944657758138884,0.08161559220938851,0.11094257822797064,0.11094257822797066,0.003518113597532209,0.01595395685156471,0.01595395685156471,0.11094257822797066,0.11094257822797064,0.08161559220938851,0.01595395685156471,0.01595395685156471,0.015953956851564727,0.15979679760906476,0.15979679760906473,0.10097261794953354,0.008432008715884329,0.00843200871588432,0.008432008715884329,0.00843200871588432,0.030963528420853332,0.015953956851564727,0.1641977505698381,0.1641977505698381,-0.02359309792758822,-0.023593097927588264,0.10097261794953355,0.10097261794953355,-0.010601609587748365,-0.010601609587748351,-0.010601609587748365,-0.010601609587748351,1.0,1.0,0.0035181135975323966,0.0035181135975323684,0.030963528420853335,0.14957607855074503,0.14957607855074503,-0.03560958816146071,-0.03560958816146068,0.08161559220938842,0.08161559220938844,-0.03560958816146071,-0.03560958816146068,-0.06220989007674002,0.08161559220938844,0.08161559220938842,0.10097261794953358,0.10097261794953358,-0.062209890076739806,0.015953956851564668,0.015953956851564675,0.03096352842085333,0.030963528420853335,0.015953956851564668,0.015953956851564675,-0.008706497204371026,-0.008706497204371015,-0.021361072965099634,-0.021361072965099634,-0.062209890076739445,-0.06220989007673938,0.04188624287990565,0.04188624287990564,-0.021361072965099696,-0.021361072965099693,-0.023593097927588493,0.013827167006155083,0.013827167006155083,-0.023593097927588274,-0.023593097927588222,-0.023593097927588274,-0.023593097927588222,-0.023593097927588493,0.06952425631941456,0.06952425631941467,0.06952425631941468
debrepair_debounced_efficiency_repair_1h_solusdt_short_only_lb12_e0p025_x0p0_hold36_cool6_adx20_2p0x_0p15_5ffcd988,0.6467496063439532,0.01735766636381118,0.01735766636381118,0.01735766636381118,0.01735766636381118,0.646749606343952,0.017357666363811215,0.0011118315074312623,0.017357666363811215,0.6467496063439532,0.0011118315074313773,0.6467496063439532,0.646749606343952,0.646749606343952,0.6467496063439536,0.6467496063439536,-0.022047353694150725,-0.022047353694150725,0.9658063747711986,0.5500924025337166,-0.0066194119768626805,0.5500924025337166,-0.0066194119768626805,0.017357666363811194,0.017357666363811187,0.9658063747711967,0.0011118315074316472,0.001111831507431709,0.017357666363811194,0.017357666363811187,-0.022047353694150732,-0.022047353694150732,-0.022047353694150732,-0.022047353694150732,0.5500924025337173,0.5500924025337173,0.6467496063439536,0.6467496063439536,0.6066068118060381,0.6467496063439536,0.6467496063439536,-0.022047353694150743,-0.022047353694150743,0.4896588573026055,0.9586006886239006,0.003518113597532188,0.6066068118060385,0.9658063747711991,0.965806374771199,1.0,0.9586006886238984,0.4896588573026065,0.0035181135975321867,-0.006619411976862679,-0.006619411976862677,0.539389785069718,0.5393897850697179,-0.006619411976862679,-0.006619411976862677,0.44070472653907933,0.550092402533717,0.550092402533717,0.9999999999999977,0.014307742280948296,0.014307742280948296,0.550092402533717,0.550092402533717,0.44070472653907933,0.014307742280948296,0.014307742280948296,0.01430774228094828,0.0026317552022612307,0.002631755202261197,0.6066068118060385,-0.013313373495071425,-0.013313373495071406,-0.013313373495071425,-0.013313373495071406,-0.10678962134959342,0.01430774228094828,0.002589304087310632,0.002589304087310609,0.9586006886238996,0.9586006886238995,0.6066068118060391,0.6066068118060394,-0.022047353694150708,-0.022047353694150725,-0.022047353694150708,-0.022047353694150725,0.0035181135975323845,0.0035181135975323966,1.0,1.0,-0.10678962134959284,0.48965885730260594,0.4896588573026058,-0.025568699744276255,-0.02556869974427626,0.4407047265390798,0.4407047265390799,-0.025568699744276255,-0.02556869974427626,0.9570747823613651,0.4407047265390799,0.4407047265390798,0.606606811806039,0.6066068118060393,0.9570747823613632,0.01430774228094828,0.014307742280948277,-0.10678962134959288,-0.10678962134959286,0.01430774228094828,0.014307742280948277,0.026300035033872512,0.026300035033872515,-0.03719933959769635,-0.03719933959769635,0.9570747823613621,0.9570747823613626,-0.03775212550704872,-0.03775212550704871,-0.03719933959769642,-0.03719933959769642,0.9586006886238985,0.038025091817227775,0.038025091817227775,0.9586006886238996,0.9586006886238996,0.9586006886238996,0.9586006886238996,0.9586006886238985,0.4568888221092483,0.45688882210924825,0.45688882210924825
debrepair_debounced_efficiency_repair_1h_solusdt_short_only_lb12_e0p025_x0p0_hold36_cool6_adx20_3p0x_0p1_f4266890,0.6467496063439532,0.017357666363811176,0.017357666363811176,0.017357666363811176,0.017357666363811176,0.6467496063439522,0.017357666363811208,0.001111831507431382,0.017357666363811208,0.6467496063439532,0.001111831507431381,0.6467496063439532,0.6467496063439522,0.6467496063439522,0.6467496063439536,0.6467496063439535,-0.022047353694150718,-0.022047353694150718,0.9658063747711986,0.5500924025337165,-0.0066194119768626805,0.5500924025337165,-0.0066194119768626805,0.01735766636381121,0.017357666363811197,0.9658063747711966,0.001111831507431709,0.0011118315074317374,0.01735766636381121,0.017357666363811197,-0.022047353694150736,-0.022047353694150736,-0.022047353694150736,-0.022047353694150736,0.5500924025337173,0.5500924025337173,0.6467496063439536,0.6467496063439535,0.6066068118060379,0.6467496063439536,0.6467496063439535,-0.022047353694150753,-0.022047353694150753,0.48965885730260555,0.9586006886239006,0.003518113597532129,0.6066068118060386,0.965806374771199,0.9658063747711991,0.9999999999999997,0.9586006886238984,0.4896588573026064,0.003518113597532167,-0.006619411976862669,-0.006619411976862673,0.5393897850697179,0.5393897850697179,-0.006619411976862669,-0.006619411976862673,0.44070472653907933,0.550092402533717,0.550092402533717,0.9999999999999977,0.014307742280948285,0.014307742280948285,0.550092402533717,0.550092402533717,0.44070472653907933,0.014307742280948285,0.014307742280948285,0.014307742280948268,0.0026317552022612,0.0026317552022612134,0.6066068118060386,-0.013313373495071426,-0.013313373495071409,-0.013313373495071426,-0.013313373495071409,-0.10678962134959344,0.014307742280948268,0.002589304087310609,0.0025893040873106263,0.9586006886238996,0.9586006886238996,0.6066068118060394,0.6066068118060395,-0.022047353694150718,-0.022047353694150718,-0.022047353694150718,-0.022047353694150718,0.0035181135975323754,0.0035181135975323684,1.0,1.0,-0.10678962134959283,0.48965885730260583,0.48965885730260583,-0.025568699744276252,-0.025568699744276255,0.4407047265390799,0.4407047265390798,-0.025568699744276252,-0.025568699744276255,0.9570747823613651,0.4407047265390798,0.4407047265390799,0.6066068118060393,0.6066068118060395,0.9570747823613632,0.014307742280948272,0.014307742280948275,-0.10678962134959286,-0.10678962134959286,0.014307742280948272,0.014307742280948275,0.02630003503387249,0.0263000350338725,-0.03719933959769634,-0.03719933959769634,0.9570747823613626,0.9570747823613627,-0.03775212550704872,-0.03775212550704871,-0.03719933959769642,-0.037199339597696425,0.9586006886238984,0.038025091817227775,0.038025091817227775,0.9586006886238996,0.9586006886238996,0.9586006886238996,0.9586006886238996,0.9586006886238984,0.45688882210924836,0.4568888221092483,0.45688882210924825
debrepair_debounced_efficiency_repair_2h_ethusdt_long_short_lb6_e0p02_x0p005_hold24_cool0_trend_strength2_4p0x_0p1_d3b31f6d,-0.05255091077567614,0.27238791882574587,0.27238791882574587,0.27238791882574587,0.27238791882574587,-0.052550910775676134,0.2723879188257456,0.030714379173813155,0.2723879188257456,-0.05255091077567614,0.03071437917381303,-0.05255091077567614,-0.052550910775676134,-0.052550910775676134,-0.05255091077567608,-0.05255091077567609,0.23296806161670383,0.23296806161670383,-0.10755107840113445,-0.03286111205035944,0.19349934591909942,-0.03286111205035944,0.19349934591909942,0.27238791882574587,0.272387918825746,-0.10755107840113454,0.030714379173812985,0.030714379173812954,0.27238791882574587,0.272387918825746,0.23296806161670336,0.23296806161670336,0.23296806161670336,0.23296806161670336,-0.032861112050359444,-0.032861112050359444,-0.05255091077567608,-0.05255091077567609,-0.05315432550823757,-0.05255091077567608,-0.05255091077567609,0.2329680616167036,0.2329680616167036,-0.07910984861485042,-0.09897072786118258,0.030963528420853283,-0.053154325508237614,-0.1075510784011345,-0.10755107840113447,-0.10678962134959291,-0.09897072786118247,-0.07910984861485047,0.03096352842085329,0.1934993459190993,0.1934993459190993,-0.0644989726356492,-0.0644989726356492,0.1934993459190993,0.1934993459190993,-0.014649844091621235,-0.03286111205035944,-0.03286111205035943,-0.10678962134959294,0.28177575152500695,0.28177575152500695,-0.03286111205035943,-0.03286111205035944,-0.014649844091621235,0.28177575152500695,0.28177575152500695,0.281775751525007,0.04741109496642433,0.04741109496642428,-0.053154325508237614,0.25516273375696363,0.25516273375696363,0.25516273375696363,0.25516273375696363,1.0,0.281775751525007,0.047336312983664426,0.04733631298366442,-0.09897072786118287,-0.0989707278611829,-0.05315432550823755,-0.053154325508237545,0.23296806161670386,0.23296806161670383,0.23296806161670386,0.23296806161670383,0.030963528420853346,0.030963528420853335,-0.10678962134959284,-0.10678962134959283,1.0,-0.07910984861485054,-0.0791098486148505,0.2240894629707018,0.22408946297070173,-0.01464984409162121,-0.01464984409162121,0.2240894629707018,0.22408946297070173,-0.09699699680295225,-0.01464984409162121,-0.01464984409162121,-0.05315432550823756,-0.05315432550823755,-0.09699699680295223,0.2817757515250065,0.28177575152500667,0.9999999999999984,0.9999999999999984,0.2817757515250065,0.28177575152500667,-0.04895801478858898,-0.048958014788588994,0.17797253381247552,0.17797253381247552,-0.09699699680295236,-0.09699699680295235,-0.001177625111675346,-0.0011776251116753513,0.17797253381247552,0.1779725338124755,-0.09897072786118248,-0.005549804167396502,-0.005549804167396502,-0.0989707278611829,-0.09897072786118287,-0.0989707278611829,-0.09897072786118287,-0.09897072786118248,-0.042508869271603814,-0.042508869271603834,-0.04250886927160383
debrepair_debounced_efficiency_repair_1h_solusdt_short_only_lb12_e0p02_x0p005_hold18_cool0_adx20_2p0x_0p15_a7b41433,0.774728640345684,-0.05995045487433279,-0.05995045487433279,-0.05995045487433279,-0.05995045487433279,0.774728640345686,-0.05995045487433289,0.1482243089388699,-0.05995045487433289,0.774728640345684,0.14822430893886987,0.774728640345684,0.774728640345686,0.774728640345686,0.7747286403456841,0.7747286403456842,-0.06810272595243029,-0.06810272595243029,0.5430157227963133,0.7151524591747387,-0.07080649361889703,0.7151524591747387,-0.07080649361889703,-0.059950454874332836,-0.059950454874332836,0.5430157227963135,0.14822430893887006,0.14822430893887012,-0.059950454874332836,-0.059950454874332836,-0.06810272595243039,-0.06810272595243039,-0.06810272595243039,-0.06810272595243039,0.7151524591747381,0.7151524591747381,0.7747286403456841,0.7747286403456842,0.8006374920033061,0.7747286403456841,0.7747286403456842,-0.06810272595243025,-0.06810272595243025,0.9999999999999994,0.5048077572211629,0.14957607855074498,0.8006374920033061,0.5430157227963132,0.5430157227963132,0.4896588573026062,0.5048077572211626,1.0,0.149576078550745,-0.07080649361889704,-0.07080649361889704,0.9240783496453776,0.9240783496453775,-0.07080649361889704,-0.07080649361889704,0.5652545481196297,0.715152459174738,0.715152459174738,0.4896588573026066,-0.042070844733964496,-0.042070844733964496,0.715152459174738,0.715152459174738,0.5652545481196297,-0.042070844733964496,-0.042070844733964496,-0.04207084473396454,0.1722582485608908,0.1722582485608908,0.8006374920033061,-0.06258910981121309,-0.06258910981121307,-0.06258910981121309,-0.06258910981121307,-0.07910984861485046,-0.04207084473396454,0.17262074986066675,0.17262074986066672,0.5048077572211637,0.5048077572211636,0.8006374920033054,0.8006374920033055,-0.06810272595243029,-0.06810272595243029,-0.06810272595243029,-0.06810272595243029,0.14957607855074506,0.14957607855074503,0.48965885730260594,0.48965885730260583,-0.07910984861485054,1.0,1.0,-0.06121185037816542,-0.06121185037816542,0.5652545481196295,0.5652545481196295,-0.06121185037816542,-0.06121185037816542,0.44011849029754924,0.5652545481196295,0.5652545481196295,0.8006374920033054,0.8006374920033054,0.4401184902975488,-0.042070844733964476,-0.042070844733964496,-0.07910984861485051,-0.07910984861485049,-0.042070844733964476,-0.042070844733964496,-0.0036179857561414413,-0.00361798575614144,-0.029108894252570648,-0.029108894252570648,0.44011849029754896,0.44011849029754896,-0.06871194403917455,-0.06871194403917456,-0.029108894252570627,-0.029108894252570634,0.5048077572211626,0.020156553681693327,0.020156553681693327,0.5048077572211636,0.5048077572211637,0.5048077572211636,0.5048077572211637,0.5048077572211626,0.5507436575595449,0.5507436575595452,0.5507436575595452
debrepair_debounced_efficiency_repair_1h_solusdt_short_only_lb12_e0p02_x0p005_hold18_cool0_adx20_3p0x_0p1_06ff9e4e,0.7747286403456837,-0.05995045487433279,-0.05995045487433279,-0.05995045487433279,-0.05995045487433279,0.7747286403456857,-0.05995045487433286,0.14822430893886987,-0.05995045487433286,0.7747286403456837,0.14822430893886984,0.7747286403456837,0.7747286403456857,0.7747286403456857,0.7747286403456839,0.774728640345684,-0.06810272595243026,-0.06810272595243026,0.5430157227963133,0.7151524591747385,-0.07080649361889702,0.7151524591747385,-0.07080649361889702,-0.059950454874332836,-0.05995045487433281,0.5430157227963133,0.14822430893887004,0.1482243089388701,-0.059950454874332836,-0.05995045487433281,-0.06810272595243035,-0.06810272595243035,-0.06810272595243035,-0.06810272595243035,0.7151524591747379,0.7151524591747379,0.7747286403456839,0.774728640345684,0.800637492003306,0.7747286403456839,0.774728640345684,-0.06810272595243025,-0.06810272595243025,0.9999999999999991,0.5048077572211628,0.14957607855074498,0.8006374920033057,0.543015722796313,0.5430157227963129,0.4896588573026061,0.5048077572211626,1.0,0.14957607855074498,-0.07080649361889703,-0.07080649361889703,0.9240783496453773,0.9240783496453772,-0.07080649361889703,-0.07080649361889703,0.5652545481196296,0.7151524591747377,0.7151524591747378,0.4896588573026064,-0.04207084473396447,-0.04207084473396447,0.7151524591747378,0.7151524591747377,0.5652545481196296,-0.04207084473396447,-0.04207084473396447,-0.04207084473396453,0.17225824856089073,0.17225824856089073,0.8006374920033057,-0.06258910981121307,-0.06258910981121306,-0.06258910981121307,-0.06258910981121306,-0.07910984861485044,-0.04207084473396453,0.17262074986066672,0.17262074986066672,0.5048077572211638,0.5048077572211636,0.8006374920033054,0.8006374920033051,-0.06810272595243029,-0.06810272595243026,-0.06810272595243029,-0.06810272595243026,0.14957607855074498,0.14957607855074503,0.4896588573026058,0.48965885730260583,-0.0791098486148505,1.0,1.0,-0.06121185037816541,-0.06121185037816541,0.5652545481196293,0.5652545481196293,-0.06121185037816541,-0.06121185037816541,0.4401184902975492,0.5652545481196293,0.5652545481196293,0.8006374920033053,0.8006374920033051,0.44011849029754874,-0.04207084473396448,-0.042070844733964496,-0.07910984861485047,-0.07910984861485049,-0.04207084473396448,-0.042070844733964496,-0.0036179857561414426,-0.0036179857561414426,-0.029108894252570645,-0.029108894252570645,0.44011849029754885,0.44011849029754885,-0.06871194403917455,-0.06871194403917456,-0.02910889425257062,-0.029108894252570617,0.5048077572211626,0.020156553681693324,0.020156553681693324,0.5048077572211636,0.5048077572211637,0.5048077572211636,0.5048077572211637,0.5048077572211626,0.5507436575595448,0.5507436575595451,0.5507436575595451
a30fb_booster_rs_chandelier_2h_solusdt_lb12_atr0p5_rel0p005_trail2p0_hold18_3p0x_0p1_28237b51,-0.010069786136294225,0.733344455083227,0.733344455083227,0.733344455083227,0.733344455083227,-0.01006978613629424,0.7333444550832257,-0.03518062781540137,0.7333444550832257,-0.010069786136294225,-0.035180627815401336,-0.010069786136294225,-0.01006978613629424,-0.01006978613629424,-0.010069786136294284,-0.010069786136294277,0.817606868619633,0.817606868619633,-0.02437657243379687,-0.0077780184967080335,0.7667758490736911,-0.0077780184967080335,0.7667758490736911,0.7333444550832244,0.7333444550832245,-0.024376572433796866,-0.035180627815401384,-0.03518062781540139,0.7333444550832244,0.7333444550832245,0.8176068686196338,0.8176068686196338,0.8176068686196338,0.8176068686196338,-0.007778018496708027,-0.007778018496708027,-0.010069786136294284,-0.010069786136294277,-0.018636360877206503,-0.010069786136294284,-0.010069786136294277,0.817606868619633,0.817606868619633,-0.06121185037816553,-0.021323107389608013,-0.03560958816146063,-0.018636360877206486,-0.024376572433796907,-0.02437657243379692,-0.025568699744276294,-0.02132310738960801,-0.06121185037816561,-0.035609588161460606,0.7667758490736925,0.7667758490736925,-0.04369525752458654,-0.04369525752458653,0.7667758490736925,0.7667758490736925,0.0011139733641485907,-0.007778018496708027,-0.007778018496708032,-0.025568699744276172,0.6123167785480343,0.6123167785480343,-0.007778018496708032,-0.007778018496708027,0.0011139733641485907,0.6123167785480343,0.6123167785480343,0.6123167785480359,0.003371426512720234,0.003371426512720232,-0.018636360877206486,0.6964658623810243,0.6964658623810243,0.6964658623810243,0.6964658623810243,0.22408946297070206,0.6123167785480359,-0.00221354414274385,-0.002213544142743853,-0.021323107389608024,-0.02132310738960804,-0.018636360877206444,-0.01863636087720645,0.817606868619633,0.817606868619633,0.817606868619633,0.817606868619633,-0.03560958816146071,-0.03560958816146071,-0.025568699744276255,-0.025568699744276252,0.2240894629707018,-0.06121185037816542,-0.06121185037816541,1.0,1.0,0.001113973364148608,0.0011139733641486098,1.0,1.0,-0.020088952202691055,0.0011139733641486098,0.001113973364148608,-0.018636360877206447,-0.01863636087720645,-0.020088952202691086,0.6123167785480356,0.6123167785480357,0.22408946297070215,0.22408946297070215,0.6123167785480356,0.6123167785480357,0.025363289825554847,0.025363289825554813,0.17677351587239118,0.17677351587239118,-0.02008895220269105,-0.02008895220269104,-0.10330969952063089,-0.1033096995206309,0.17677351587239098,0.17677351587239096,-0.02132310738960799,-0.030484030815747406,-0.030484030815747406,-0.021323107389608027,-0.02132310738960803,-0.021323107389608027,-0.02132310738960803,-0.02132310738960799,-0.008503024184136936,-0.008503024184136947,-0.00850302418413695
a30fb_booster_rs_chandelier_2h_solusdt_lb12_atr0p5_rel0p005_trail2p0_hold18_2p0x_0p15_fe09d5b5,-0.010069786136294228,0.733344455083227,0.733344455083227,0.733344455083227,0.733344455083227,-0.010069786136294237,0.7333444550832255,-0.03518062781540135,0.7333444550832255,-0.010069786136294228,-0.035180627815401336,-0.010069786136294228,-0.010069786136294237,-0.010069786136294237,-0.010069786136294275,-0.010069786136294279,0.817606868619633,0.817606868619633,-0.024376572433796866,-0.007778018496708028,0.7667758490736912,-0.007778018496708028,0.7667758490736912,0.7333444550832244,0.7333444550832247,-0.02437657243379685,-0.03518062781540139,-0.03518062781540137,0.7333444550832244,0.7333444550832247,0.8176068686196339,0.8176068686196339,0.8176068686196339,0.8176068686196339,-0.007778018496708027,-0.007778018496708027,-0.010069786136294275,-0.010069786136294279,-0.01863636087720651,-0.010069786136294275,-0.010069786136294279,0.817606868619633,0.817606868619633,-0.061211850378165546,-0.021323107389608017,-0.03560958816146062,-0.018636360877206482,-0.0243765724337969,-0.024376572433796897,-0.025568699744276294,-0.021323107389607996,-0.061211850378165615,-0.0356095881614606,0.7667758490736922,0.7667758490736925,-0.043695257524586535,-0.043695257524586535,0.7667758490736922,0.7667758490736925,0.0011139733641485948,-0.007778018496708027,-0.007778018496708032,-0.025568699744276172,0.6123167785480341,0.6123167785480341,-0.007778018496708032,-0.007778018496708027,0.0011139733641485948,0.6123167785480341,0.6123167785480341,0.612316778548036,0.0033714265127202294,0.0033714265127202316,-0.018636360877206482,0.6964658623810243,0.6964658623810241,0.6964658623810243,0.6964658623810241,0.22408946297070206,0.612316778548036,-0.002213544142743861,-0.0022135441427438506,-0.021323107389608017,-0.02132310738960803,-0.01863636087720646,-0.018636360877206444,0.817606868619633,0.817606868619633,0.817606868619633,0.817606868619633,-0.03560958816146067,-0.03560958816146068,-0.02556869974427626,-0.025568699744276255,0.22408946297070173,-0.06121185037816542,-0.06121185037816541,1.0,1.0,0.0011139733641486126,0.0011139733641486026,1.0,1.0,-0.020088952202691062,0.0011139733641486026,0.0011139733641486126,-0.018636360877206454,-0.01863636087720645,-0.020088952202691107,0.6123167785480355,0.6123167785480355,0.22408946297070223,0.2240894629707022,0.6123167785480355,0.6123167785480355,0.025363289825554827,0.02536328982555483,0.17677351587239118,0.17677351587239118,-0.020088952202691048,-0.020088952202691045,-0.10330969952063092,-0.10330969952063093,0.17677351587239093,0.17677351587239098,-0.021323107389607996,-0.030484030815747402,-0.030484030815747402,-0.02132310738960803,-0.021323107389608038,-0.02132310738960803,-0.021323107389608038,-0.021323107389607996,-0.008503024184136938,-0.008503024184136943,-0.008503024184136947
debrepair_debounced_efficiency_repair_1h_solusdt_short_only_lb6_e0p02_x0p005_hold12_cool6_none_3p0x_0p1_672fa8f4,0.5864554878785332,-0.008821306767237991,-0.008821306767237991,-0.008821306767237991,-0.008821306767237991,0.5864554878785344,-0.008821306767238024,0.08465450303522656,-0.008821306767238024,0.5864554878785332,0.08465450303522652,0.5864554878785332,0.5864554878785344,0.5864554878785344,0.586455487878535,0.5864554878785351,0.0001366068906122698,0.0001366068906122698,0.46835948905143737,0.8377026862525192,-0.010645969780243075,0.8377026862525192,-0.010645969780243075,-0.008821306767237969,-0.008821306767237974,0.468359489051437,0.08465450303522662,0.08465450303522663,-0.008821306767237969,-0.008821306767237974,0.00013660689061227867,0.00013660689061227867,0.00013660689061227867,0.00013660689061227867,0.8377026862525192,0.8377026862525192,0.586455487878535,0.5864554878785351,0.47605676481420395,0.586455487878535,0.5864554878785351,0.0001366068906122645,0.0001366068906122645,0.5652545481196284,0.49583892220684894,0.08161559220938837,0.4760567648142038,0.46835948905143776,0.46835948905143765,0.44070472653907977,0.49583892220684933,0.5652545481196302,0.0816155922093884,-0.010645969780243052,-0.010645969780243052,0.6892753770055432,0.6892753770055433,-0.010645969780243052,-0.010645969780243052,1.0,0.8377026862525193,0.8377026862525193,0.44070472653907966,-0.004030525763754887,-0.004030525763754887,0.8377026862525193,0.8377026862525193,1.0,-0.004030525763754887,-0.004030525763754887,-0.004030525763754893,0.10203417869096101,0.10203417869096101,0.4760567648142038,0.003642182926405351,0.0036421829264053594,0.003642182926405351,0.0036421829264053594,-0.014649844091621188,-0.004030525763754893,0.10233323009787063,0.1023332300978706,0.4958389222068483,0.4958389222068482,0.4760567648142031,0.4760567648142032,0.00013660689061227682,0.0001366068906122698,0.00013660689061227682,0.0001366068906122698,0.08161559220938844,0.08161559220938842,0.4407047265390798,0.4407047265390799,-0.01464984409162121,0.5652545481196295,0.5652545481196293,0.001113973364148608,0.0011139733641486126,1.0,0.9999999999999999,0.0011139733641486135,0.001113973364148612,0.4601670717257573,0.9999999999999999,1.0,0.4760567648142031,0.4760567648142032,0.46016707172575705,-0.004030525763754874,-0.004030525763754877,-0.014649844091621195,-0.01464984409162119,-0.004030525763754874,-0.004030525763754877,0.02019314409666285,0.02019314409666285,-0.018113708222033228,-0.018113708222033228,0.4601670717257568,0.46016707172575694,-0.015235013806913807,-0.015235013806913805,-0.018113708222033228,-0.018113708222033217,0.4958389222068494,0.007486046320382542,0.007486046320382542,0.4958389222068482,0.4958389222068483,0.4958389222068482,0.4958389222068483,0.4958389222068494,0.5328282768953057,0.5328282768953038,0.5328282768953039
debrepair_debounced_efficiency_repair_1h_solusdt_short_only_lb6_e0p02_x0p005_hold12_cool6_none_2p0x_0p15_a801e8a4,0.586455487878533,-0.008821306767237998,-0.008821306767237998,-0.008821306767237998,-0.008821306767237998,0.5864554878785344,-0.00882130676723802,0.08465450303522655,-0.00882130676723802,0.586455487878533,0.08465450303522651,0.586455487878533,0.5864554878785344,0.5864554878785344,0.586455487878535,0.586455487878535,0.00013660689061226677,0.00013660689061226677,0.4683594890514375,0.8377026862525194,-0.010645969780243068,0.8377026862525194,-0.010645969780243068,-0.008821306767237976,-0.008821306767237977,0.468359489051437,0.08465450303522658,0.0846545030352266,-0.008821306767237976,-0.008821306767237977,0.00013660689061228363,0.00013660689061228363,0.00013660689061228363,0.00013660689061228363,0.8377026862525191,0.8377026862525191,0.586455487878535,0.586455487878535,0.476056764814204,0.586455487878535,0.586455487878535,0.00013660689061226007,0.00013660689061226007,0.5652545481196284,0.4958389222068489,0.08161559220938835,0.4760567648142038,0.4683594890514378,0.46835948905143765,0.44070472653907966,0.4958389222068493,0.5652545481196299,0.08161559220938841,-0.010645969780243037,-0.010645969780243038,0.6892753770055431,0.6892753770055431,-0.010645969780243037,-0.010645969780243038,1.0,0.8377026862525193,0.8377026862525194,0.44070472653907966,-0.004030525763754885,-0.004030525763754885,0.8377026862525194,0.8377026862525193,1.0,-0.004030525763754885,-0.004030525763754885,-0.0040305257637549005,0.10203417869096101,0.10203417869096107,0.4760567648142038,0.00364218292640535,0.003642182926405351,0.00364218292640535,0.003642182926405351,-0.014649844091621195,-0.0040305257637549005,0.10233323009787058,0.10233323009787058,0.49583892220684805,0.4958389222068481,0.4760567648142031,0.47605676481420317,0.0001366068906122635,0.00013660689061226677,0.0001366068906122635,0.00013660689061226677,0.08161559220938845,0.08161559220938844,0.4407047265390799,0.4407047265390798,-0.01464984409162121,0.5652545481196295,0.5652545481196293,0.0011139733641486098,0.0011139733641486026,0.9999999999999999,1.0,0.0011139733641486076,0.0011139733641486087,0.4601670717257574,1.0,0.9999999999999999,0.47605676481420317,0.476056764814203,0.46016707172575694,-0.004030525763754874,-0.004030525763754877,-0.014649844091621199,-0.01464984409162119,-0.004030525763754874,-0.004030525763754877,0.02019314409666285,0.02019314409666285,-0.01811370822203321,-0.01811370822203321,0.4601670717257568,0.4601670717257568,-0.015235013806913805,-0.015235013806913805,-0.018113708222033228,-0.018113708222033228,0.4958389222068493,0.0074860463203825405,0.0074860463203825405,0.4958389222068481,0.49583892220684805,0.4958389222068481,0.49583892220684805,0.4958389222068493,0.5328282768953057,0.5328282768953039,0.5328282768953038
a30fb_booster_rs_chandelier_2h_solusdt_lb12_atr0p5_rel0p005_trail3p0_hold18_3p0x_0p1_98cb5ceb,-0.010069786136294225,0.733344455083227,0.733344455083227,0.733344455083227,0.733344455083227,-0.01006978613629424,0.7333444550832257,-0.03518062781540137,0.7333444550832257,-0.010069786136294225,-0.035180627815401336,-0.010069786136294225,-0.01006978613629424,-0.01006978613629424,-0.010069786136294284,-0.010069786136294277,0.817606868619633,0.817606868619633,-0.02437657243379687,-0.0077780184967080335,0.7667758490736911,-0.0077780184967080335,0.7667758490736911,0.7333444550832244,0.7333444550832245,-0.024376572433796866,-0.035180627815401384,-0.03518062781540139,0.7333444550832244,0.7333444550832245,0.8176068686196338,0.8176068686196338,0.8176068686196338,0.8176068686196338,-0.007778018496708027,-0.007778018496708027,-0.010069786136294284,-0.010069786136294277,-0.018636360877206503,-0.010069786136294284,-0.010069786136294277,0.817606868619633,0.817606868619633,-0.06121185037816553,-0.021323107389608013,-0.03560958816146063,-0.018636360877206486,-0.024376572433796907,-0.02437657243379692,-0.025568699744276294,-0.02132310738960801,-0.06121185037816561,-0.035609588161460606,0.7667758490736925,0.7667758490736925,-0.04369525752458654,-0.04369525752458653,0.7667758490736925,0.7667758490736925,0.0011139733641485907,-0.007778018496708027,-0.007778018496708032,-0.025568699744276172,0.6123167785480343,0.6123167785480343,-0.007778018496708032,-0.007778018496708027,0.0011139733641485907,0.6123167785480343,0.6123167785480343,0.6123167785480359,0.003371426512720234,0.003371426512720232,-0.018636360877206486,0.6964658623810243,0.6964658623810243,0.6964658623810243,0.6964658623810243,0.22408946297070206,0.6123167785480359,-0.00221354414274385,-0.002213544142743853,-0.021323107389608024,-0.02132310738960804,-0.018636360877206444,-0.01863636087720645,0.817606868619633,0.817606868619633,0.817606868619633,0.817606868619633,-0.03560958816146071,-0.03560958816146071,-0.025568699744276255,-0.025568699744276252,0.2240894629707018,-0.06121185037816542,-0.06121185037816541,1.0,1.0,0.0011139733641486135,0.0011139733641486076,1.0,1.0,-0.020088952202691055,0.0011139733641486098,0.001113973364148608,-0.018636360877206447,-0.01863636087720645,-0.020088952202691086,0.6123167785480356,0.6123167785480357,0.22408946297070215,0.22408946297070215,0.6123167785480356,0.6123167785480357,0.025363289825554847,0.025363289825554813,0.17677351587239118,0.17677351587239118,-0.02008895220269105,-0.02008895220269104,-0.10330969952063089,-0.1033096995206309,0.17677351587239098,0.17677351587239096,-0.02132310738960799,-0.030484030815747406,-0.030484030815747406,-0.021323107389608027,-0.02132310738960803,-0.021323107389608027,-0.02132310738960803,-0.02132310738960799,-0.008503024184136936,-0.008503024184136947,-0.00850302418413695
a30fb_booster_rs_chandelier_2h_solusdt_lb12_atr0p5_rel0p005_trail3p0_hold18_2p0x_0p15_6bd3dc1f,-0.010069786136294228,0.733344455083227,0.733344455083227,0.733344455083227,0.733344455083227,-0.010069786136294237,0.7333444550832255,-0.03518062781540135,0.7333444550832255,-0.010069786136294228,-0.035180627815401336,-0.010069786136294228,-0.010069786136294237,-0.010069786136294237,-0.010069786136294275,-0.010069786136294279,0.817606868619633,0.817606868619633,-0.024376572433796866,-0.007778018496708028,0.7667758490736912,-0.007778018496708028,0.7667758490736912,0.7333444550832244,0.7333444550832247,-0.02437657243379685,-0.03518062781540139,-0.03518062781540137,0.7333444550832244,0.7333444550832247,0.8176068686196339,0.8176068686196339,0.8176068686196339,0.8176068686196339,-0.007778018496708027,-0.007778018496708027,-0.010069786136294275,-0.010069786136294279,-0.01863636087720651,-0.010069786136294275,-0.010069786136294279,0.817606868619633,0.817606868619633,-0.061211850378165546,-0.021323107389608017,-0.03560958816146062,-0.018636360877206482,-0.0243765724337969,-0.024376572433796897,-0.025568699744276294,-0.021323107389607996,-0.061211850378165615,-0.0356095881614606,0.7667758490736922,0.7667758490736925,-0.043695257524586535,-0.043695257524586535,0.7667758490736922,0.7667758490736925,0.0011139733641485948,-0.007778018496708027,-0.007778018496708032,-0.025568699744276172,0.6123167785480341,0.6123167785480341,-0.007778018496708032,-0.007778018496708027,0.0011139733641485948,0.6123167785480341,0.6123167785480341,0.612316778548036,0.0033714265127202294,0.0033714265127202316,-0.018636360877206482,0.6964658623810243,0.6964658623810241,0.6964658623810243,0.6964658623810241,0.22408946297070206,0.612316778548036,-0.002213544142743861,-0.0022135441427438506,-0.021323107389608017,-0.02132310738960803,-0.01863636087720646,-0.018636360877206444,0.817606868619633,0.817606868619633,0.817606868619633,0.817606868619633,-0.03560958816146067,-0.03560958816146068,-0.02556869974427626,-0.025568699744276255,0.22408946297070173,-0.06121185037816542,-0.06121185037816541,1.0,1.0,0.001113973364148612,0.0011139733641486087,1.0,1.0,-0.020088952202691062,0.0011139733641486026,0.0011139733641486126,-0.018636360877206454,-0.01863636087720645,-0.020088952202691107,0.6123167785480355,0.6123167785480355,0.22408946297070223,0.2240894629707022,0.6123167785480355,0.6123167785480355,0.025363289825554827,0.02536328982555483,0.17677351587239118,0.17677351587239118,-0.020088952202691048,-0.020088952202691045,-0.10330969952063092,-0.10330969952063093,0.17677351587239093,0.17677351587239098,-0.021323107389607996,-0.030484030815747402,-0.030484030815747402,-0.02132310738960803,-0.021323107389608038,-0.02132310738960803,-0.021323107389608038,-0.021323107389607996,-0.008503024184136938,-0.008503024184136943,-0.008503024184136947
debrepair_debounced_efficiency_repair_1h_solusdt_short_only_lb12_e0p025_x0p0_hold36_cool12_adx20_3p0x_0p15_4cb89c73,0.6093927251301949,0.023641885344782742,0.023641885344782742,0.023641885344782742,0.023641885344782742,0.6093927251301945,0.023641885344782756,-0.06427172247843696,0.023641885344782756,0.6093927251301949,-0.0642717224784369,0.6093927251301949,0.6093927251301945,0.6093927251301945,0.609392725130194,0.6093927251301942,-0.015839523964561994,-0.015839523964561994,0.9267125087775806,0.5256049284373029,-0.0007015958659994518,0.5256049284373029,-0.0007015958659994518,0.02364188534478274,0.02364188534478273,0.92671250877758,-0.06427172247843735,-0.06427172247843735,0.02364188534478274,0.02364188534478273,-0.015839523964562098,-0.015839523964562098,-0.015839523964562098,-0.015839523964562098,0.5256049284373038,0.5256049284373038,0.609392725130194,0.6093927251301942,0.546499046921485,0.609392725130194,0.6093927251301942,-0.01583952396456205,-0.01583952396456205,0.44011849029754874,0.9630342730503239,-0.062209890076740056,0.546499046921484,0.9267125087775803,0.9267125087775799,0.9570747823613623,0.9630342730503253,0.44011849029754946,-0.062209890076739424,-0.0007015958659994398,-0.0007015958659994417,0.515772087020266,0.5157720870202659,-0.0007015958659994398,-0.0007015958659994417,0.4601670717257572,0.525604928437304,0.5256049284373041,0.9570747823613635,0.020116370075678666,0.020116370075678666,0.5256049284373041,0.525604928437304,0.4601670717257572,0.020116370075678666,0.020116370075678666,0.020116370075678635,-0.03427215948251741,-0.03427215948251744,0.546499046921484,-0.007035924155893691,-0.007035924155893696,-0.007035924155893691,-0.007035924155893696,-0.09699699680295235,0.020116370075678635,-0.034377529996099575,-0.03437752999609961,0.9630342730503277,0.963034273050328,0.5464990469214842,0.5464990469214841,-0.015839523964562018,-0.015839523964561994,-0.015839523964562018,-0.015839523964561994,-0.06220989007673993,-0.06220989007674002,0.9570747823613651,0.9570747823613651,-0.09699699680295225,0.44011849029754924,0.4401184902975492,-0.020088952202691055,-0.020088952202691062,0.4601670717257573,0.4601670717257574,-0.020088952202691055,-0.020088952202691062,1.0,0.4601670717257574,0.4601670717257574,0.5464990469214841,0.5464990469214841,1.0,0.020116370075678642,0.02011637007567862,-0.09699699680295268,-0.09699699680295261,0.020116370075678642,0.02011637007567862,0.02937522624874889,0.029375226248748894,-0.02909565814715223,-0.02909565814715223,0.9999999999999993,0.9999999999999992,-0.037979529306073914,-0.03797952930607392,-0.029095658147152176,-0.029095658147152172,0.9630342730503253,0.04195283984279451,0.04195283984279451,0.963034273050328,0.9630342730503277,0.963034273050328,0.9630342730503277,0.9630342730503253,0.4274343353202905,0.42743433532029085,0.4274343353202907
debrepair_debounced_efficiency_repair_1h_solusdt_short_only_lb6_e0p02_x0p005_hold12_cool6_adx20_2p0x_0p15_7d8bcdf8,0.586455487878533,-0.008821306767237998,-0.008821306767237998,-0.008821306767237998,-0.008821306767237998,0.5864554878785344,-0.00882130676723802,0.08465450303522655,-0.00882130676723802,0.586455487878533,0.08465450303522651,0.586455487878533,0.5864554878785344,0.5864554878785344,0.586455487878535,0.586455487878535,0.00013660689061226677,0.00013660689061226677,0.4683594890514375,0.8377026862525194,-0.010645969780243068,0.8377026862525194,-0.010645969780243068,-0.008821306767237976,-0.008821306767237977,0.468359489051437,0.08465450303522658,0.0846545030352266,-0.008821306767237976,-0.008821306767237977,0.00013660689061228363,0.00013660689061228363,0.00013660689061228363,0.00013660689061228363,0.8377026862525191,0.8377026862525191,0.586455487878535,0.586455487878535,0.476056764814204,0.586455487878535,0.586455487878535,0.00013660689061226007,0.00013660689061226007,0.5652545481196284,0.4958389222068489,0.08161559220938835,0.4760567648142038,0.4683594890514378,0.46835948905143765,0.44070472653907966,0.4958389222068493,0.5652545481196299,0.08161559220938841,-0.010645969780243037,-0.010645969780243038,0.6892753770055431,0.6892753770055431,-0.010645969780243037,-0.010645969780243038,1.0,0.8377026862525193,0.8377026862525194,0.44070472653907966,-0.004030525763754885,-0.004030525763754885,0.8377026862525194,0.8377026862525193,1.0,-0.004030525763754885,-0.004030525763754885,-0.0040305257637549005,0.10203417869096101,0.10203417869096107,0.4760567648142038,0.00364218292640535,0.003642182926405351,0.00364218292640535,0.003642182926405351,-0.014649844091621195,-0.0040305257637549005,0.10233323009787058,0.10233323009787058,0.49583892220684805,0.4958389222068481,0.4760567648142031,0.47605676481420317,0.0001366068906122635,0.00013660689061226677,0.0001366068906122635,0.00013660689061226677,0.08161559220938845,0.08161559220938844,0.4407047265390799,0.4407047265390798,-0.01464984409162121,0.5652545481196295,0.5652545481196293,0.0011139733641486098,0.0011139733641486026,0.9999999999999999,1.0,0.0011139733641486098,0.0011139733641486026,0.4601670717257574,1.0,0.9999999999999999,0.47605676481420317,0.476056764814203,0.46016707172575694,-0.004030525763754874,-0.004030525763754877,-0.014649844091621199,-0.01464984409162119,-0.004030525763754874,-0.004030525763754877,0.02019314409666285,0.02019314409666285,-0.01811370822203321,-0.01811370822203321,0.4601670717257568,0.4601670717257568,-0.015235013806913805,-0.015235013806913805,-0.018113708222033228,-0.018113708222033228,0.4958389222068493,0.0074860463203825405,0.0074860463203825405,0.4958389222068481,0.49583892220684805,0.4958389222068481,0.49583892220684805,0.4958389222068493,0.5328282768953057,0.5328282768953039,0.5328282768953038
debrepair_debounced_efficiency_repair_1h_solusdt_short_only_lb6_e0p02_x0p005_hold12_cool6_adx20_3p0x_0p1_d2cd7ae5,0.5864554878785332,-0.008821306767237991,-0.008821306767237991,-0.008821306767237991,-0.008821306767237991,0.5864554878785344,-0.008821306767238024,0.08465450303522656,-0.008821306767238024,0.5864554878785332,0.08465450303522652,0.5864554878785332,0.5864554878785344,0.5864554878785344,0.586455487878535,0.5864554878785351,0.0001366068906122698,0.0001366068906122698,0.46835948905143737,0.8377026862525192,-0.010645969780243075,0.8377026862525192,-0.010645969780243075,-0.008821306767237969,-0.008821306767237974,0.468359489051437,0.08465450303522662,0.08465450303522663,-0.008821306767237969,-0.008821306767237974,0.00013660689061227867,0.00013660689061227867,0.00013660689061227867,0.00013660689061227867,0.8377026862525192,0.8377026862525192,0.586455487878535,0.5864554878785351,0.47605676481420395,0.586455487878535,0.5864554878785351,0.0001366068906122645,0.0001366068906122645,0.5652545481196284,0.49583892220684894,0.08161559220938837,0.4760567648142038,0.46835948905143776,0.46835948905143765,0.44070472653907977,0.49583892220684933,0.5652545481196302,0.0816155922093884,-0.010645969780243052,-0.010645969780243052,0.6892753770055432,0.6892753770055433,-0.010645969780243052,-0.010645969780243052,1.0,0.8377026862525193,0.8377026862525193,0.44070472653907966,-0.004030525763754887,-0.004030525763754887,0.8377026862525193,0.8377026862525193,1.0,-0.004030525763754887,-0.004030525763754887,-0.004030525763754893,0.10203417869096101,0.10203417869096101,0.4760567648142038,0.003642182926405351,0.0036421829264053594,0.003642182926405351,0.0036421829264053594,-0.014649844091621188,-0.004030525763754893,0.10233323009787063,0.1023332300978706,0.4958389222068483,0.4958389222068482,0.4760567648142031,0.4760567648142032,0.00013660689061227682,0.0001366068906122698,0.00013660689061227682,0.0001366068906122698,0.08161559220938844,0.08161559220938842,0.4407047265390798,0.4407047265390799,-0.01464984409162121,0.5652545481196295,0.5652545481196293,0.001113973364148608,0.0011139733641486126,1.0,0.9999999999999999,0.001113973364148608,0.0011139733641486126,0.4601670717257574,0.9999999999999999,1.0,0.4760567648142031,0.4760567648142032,0.46016707172575705,-0.004030525763754874,-0.004030525763754877,-0.014649844091621195,-0.01464984409162119,-0.004030525763754874,-0.004030525763754877,0.02019314409666285,0.02019314409666285,-0.018113708222033228,-0.018113708222033228,0.4601670717257568,0.46016707172575694,-0.015235013806913807,-0.015235013806913805,-0.018113708222033228,-0.018113708222033217,0.4958389222068494,0.007486046320382542,0.007486046320382542,0.4958389222068482,0.4958389222068483,0.4958389222068482,0.4958389222068483,0.4958389222068494,0.5328282768953057,0.5328282768953038,0.5328282768953039
debrepair_debounced_efficiency_repair_1h_solusdt_short_only_lb12_e0p02_x0p005_hold36_cool0_adx20_2p0x_0p15_39f2eda1,0.9472860702692936,0.006816434594442572,0.006816434594442572,0.006816434594442572,0.006816434594442572,0.947286070269296,0.006816434594442536,0.09544407941009564,0.006816434594442536,0.9472860702692936,0.09544407941009544,0.9472860702692936,0.947286070269296,0.947286070269296,0.9472860702692948,0.9472860702692949,-0.014504134435183488,-0.014504134435183488,0.6557670853441183,0.6048978738916136,-0.014025606014055125,0.6048978738916136,-0.014025606014055125,0.00681643459444256,0.00681643459444257,0.6557670853441182,0.09544407941009567,0.09544407941009567,0.00681643459444256,0.00681643459444257,-0.014504134435183535,-0.014504134435183535,-0.014504134435183535,-0.014504134435183535,0.6048978738916128,0.6048978738916128,0.9472860702692948,0.9472860702692949,0.9999999999999993,0.9472860702692948,0.9472860702692949,-0.014504134435183485,-0.014504134435183485,0.8006374920033058,0.5924938851053558,0.1009726179495334,0.9999999999999993,0.655767085344118,0.655767085344118,0.6066068118060386,0.5924938851053557,0.8006374920033075,0.10097261794953354,-0.014025606014055166,-0.014025606014055171,0.7393429468360929,0.739342946836093,-0.014025606014055166,-0.014025606014055171,0.4760567648142044,0.604897873891613,0.6048978738916132,0.6066068118060397,0.018944813510730584,0.018944813510730584,0.6048978738916132,0.604897873891613,0.4760567648142044,0.018944813510730584,0.018944813510730584,0.018944813510730633,0.13204558966222865,0.13204558966222865,0.9999999999999993,-0.005609379185642556,-0.00560937918564256,-0.005609379185642556,-0.00560937918564256,-0.05315432550823775,0.018944813510730633,0.13233920969785742,0.13233920969785745,0.5924938851053569,0.5924938851053568,1.0,0.9999999999999999,-0.014504134435183487,-0.014504134435183488,-0.014504134435183487,-0.014504134435183488,0.10097261794953355,0.10097261794953358,0.606606811806039,0.6066068118060393,-0.05315432550823756,0.8006374920033054,0.8006374920033053,-0.018636360877206447,-0.018636360877206454,0.4760567648142031,0.47605676481420317,-0.018636360877206447,-0.018636360877206454,0.5464990469214841,0.47605676481420317,0.4760567648142031,1.0,0.9999999999999999,0.5464990469214845,0.0189448135107306,0.01894481351073058,-0.05315432550823761,-0.053154325508237614,0.0189448135107306,0.01894481351073058,0.03941318733476104,0.03941318733476104,-0.031865484231385,-0.031865484231385,0.5464990469214842,0.5464990469214843,-0.025181167316313546,-0.025181167316313563,-0.031865484231384966,-0.031865484231384966,0.5924938851053556,0.017703809725137777,0.017703809725137777,0.5924938851053568,0.5924938851053569,0.5924938851053568,0.5924938851053569,0.5924938851053556,0.45927415996962767,0.45927415996962756,0.45927415996962745
debrepair_debounced_efficiency_repair_1h_solusdt_short_only_lb12_e0p02_x0p005_hold36_cool0_adx20_3p0x_0p1_5b5da6bc,0.9472860702692936,0.00681643459444257,0.00681643459444257,0.00681643459444257,0.00681643459444257,0.9472860702692962,0.006816434594442527,0.09544407941009561,0.006816434594442527,0.9472860702692936,0.0954440794100954,0.9472860702692936,0.9472860702692962,0.9472860702692962,0.9472860702692948,0.9472860702692949,-0.01450413443518349,-0.01450413443518349,0.6557670853441184,0.6048978738916136,-0.014025606014055126,0.6048978738916136,-0.014025606014055126,0.006816434594442554,0.0068164345944425565,0.6557670853441181,0.09544407941009567,0.09544407941009565,0.006816434594442554,0.0068164345944425565,-0.01450413443518353,-0.01450413443518353,-0.01450413443518353,-0.01450413443518353,0.604897873891613,0.604897873891613,0.9472860702692948,0.9472860702692949,0.9999999999999993,0.9472860702692948,0.9472860702692949,-0.014504134435183481,-0.014504134435183481,0.800637492003306,0.5924938851053558,0.10097261794953337,0.9999999999999994,0.655767085344118,0.655767085344118,0.6066068118060385,0.5924938851053556,0.8006374920033072,0.1009726179495335,-0.014025606014055168,-0.014025606014055163,0.7393429468360928,0.7393429468360928,-0.014025606014055168,-0.014025606014055163,0.4760567648142043,0.604897873891613,0.6048978738916131,0.6066068118060397,0.018944813510730574,0.018944813510730574,0.6048978738916131,0.604897873891613,0.4760567648142043,0.018944813510730574,0.018944813510730574,0.018944813510730636,0.13204558966222865,0.13204558966222862,0.9999999999999994,-0.005609379185642557,-0.005609379185642557,-0.005609379185642557,-0.005609379185642557,-0.053154325508237774,0.018944813510730636,0.13233920969785742,0.1323392096978574,0.5924938851053568,0.5924938851053569,0.9999999999999999,1.0,-0.014504134435183494,-0.01450413443518349,-0.014504134435183494,-0.01450413443518349,0.10097261794953355,0.10097261794953358,0.6066068118060393,0.6066068118060395,-0.05315432550823755,0.8006374920033054,0.8006374920033051,-0.01863636087720645,-0.01863636087720645,0.4760567648142032,0.476056764814203,-0.01863636087720645,-0.01863636087720645,0.5464990469214841,0.476056764814203,0.4760567648142032,0.9999999999999999,1.0,0.5464990469214844,0.01894481351073058,0.018944813510730574,-0.05315432550823759,-0.053154325508237586,0.01894481351073058,0.018944813510730574,0.039413187334761034,0.039413187334761034,-0.03186548423138501,-0.03186548423138501,0.5464990469214842,0.5464990469214843,-0.025181167316313542,-0.02518116731631357,-0.03186548423138497,-0.031865484231384966,0.5924938851053556,0.017703809725137774,0.017703809725137774,0.5924938851053569,0.5924938851053568,0.5924938851053569,0.5924938851053568,0.5924938851053556,0.45927415996962767,0.45927415996962745,0.45927415996962745
debrepair_debounced_efficiency_repair_1h_solusdt_short_only_lb12_e0p025_x0p0_hold36_cool12_adx20_4p0x_0p1_bb794a67,0.6093927251301939,0.023641885344782773,0.023641885344782773,0.023641885344782773,0.023641885344782773,0.6093927251301946,0.023641885344782787,-0.064271722478437,0.023641885344782787,0.6093927251301939,-0.064271722478437,0.6093927251301939,0.6093927251301946,0.6093927251301946,0.609392725130195,0.6093927251301952,-0.015839523964562008,-0.015839523964562008,0.92671250877758,0.5256049284373037,-0.000701595865999419,0.5256049284373037,-0.000701595865999419,0.023641885344782725,0.023641885344782714,0.9267125087775812,-0.06427172247843672,-0.06427172247843672,0.023641885344782725,0.023641885344782714,-0.01583952396456203,-0.01583952396456203,-0.01583952396456203,-0.01583952396456203,0.5256049284373043,0.5256049284373043,0.609392725130195,0.6093927251301952,0.5464990469214845,0.609392725130195,0.6093927251301952,-0.015839523964562056,-0.015839523964562056,0.44011849029754896,0.9630342730503253,-0.06220989007673939,0.5464990469214838,0.9267125087775785,0.9267125087775784,0.9570747823613633,0.9630342730503247,0.44011849029754957,-0.062209890076739875,-0.00070159586599946,-0.0007015958659994658,0.515772087020266,0.515772087020266,-0.00070159586599946,-0.0007015958659994658,0.460167071725757,0.5256049284373039,0.5256049284373039,0.9570747823613629,0.020116370075678583,0.020116370075678583,0.5256049284373039,0.5256049284373039,0.460167071725757,0.020116370075678583,0.020116370075678583,0.02011637007567861,-0.03427215948251693,-0.03427215948251697,0.5464990469214838,-0.00703592415589373,-0.007035924155893739,-0.00703592415589373,-0.007035924155893739,-0.0969969968029524,0.02011637007567861,-0.03437752999609935,-0.03437752999609933,0.9630342730503255,0.9630342730503256,0.5464990469214845,0.5464990469214844,-0.01583952396456203,-0.015839523964562008,-0.01583952396456203,-0.015839523964562008,-0.0622098900767398,-0.062209890076739806,0.9570747823613632,0.9570747823613632,-0.09699699680295223,0.4401184902975488,0.44011849029754874,-0.020088952202691086,-0.020088952202691107,0.46016707172575705,0.46016707172575694,-0.020088952202691086,-0.020088952202691107,1.0,0.46016707172575694,0.46016707172575705,0.5464990469214845,0.5464990469214844,1.0,0.020116370075678573,0.020116370075678573,-0.09699699680295244,-0.09699699680295243,0.020116370075678573,0.020116370075678573,0.029375226248748873,0.02937522624874888,-0.029095658147152197,-0.029095658147152197,0.9999999999999992,0.9999999999999992,-0.03797952930607397,-0.03797952930607398,-0.029095658147152176,-0.029095658147152176,0.9630342730503249,0.04195283984279448,0.04195283984279448,0.9630342730503255,0.9630342730503255,0.9630342730503255,0.9630342730503255,0.9630342730503249,0.4274343353202905,0.42743433532029096,0.42743433532029107
a30fb_booster_rs_chandelier_2h_solusdt_lb12_atr0p25_rel0p0_trail3p0_hold18_2p0x_0p15_1f0e3de7,0.025295296850825745,0.8759461501970567,0.8759461501970567,0.8759461501970567,0.8759461501970567,0.025295296850825842,0.8759461501970589,0.015992749953460124,0.8759461501970589,0.025295296850825745,0.015992749953460166,0.025295296850825745,0.025295296850825842,0.025295296850825842,0.02529529685082584,0.025295296850825832,0.6079669607685335,0.6079669607685335,0.007306252212513209,0.00228667939948394,0.75670924347085,0.00228667939948394,0.75670924347085,0.8759461501970564,0.8759461501970566,0.007306252212513216,0.015992749953460124,0.01599274995346011,0.8759461501970564,0.8759461501970566,0.6079669607685352,0.6079669607685352,0.6079669607685352,0.6079669607685352,0.0022866793994839323,0.0022866793994839323,0.02529529685082584,0.025295296850825832,0.018944813510730612,0.02529529685082584,0.025295296850825832,0.6079669607685344,0.6079669607685344,-0.042070844733964496,0.008903979005015149,0.015953956851564713,0.018944813510730584,0.007306252212513192,0.0073062522125131885,0.014307742280948285,0.008903979005015149,-0.04207084473396452,0.01595395685156473,0.7567092434708492,0.7567092434708492,-0.02769965627375696,-0.02769965627375695,0.7567092434708492,0.7567092434708492,-0.004030525763754909,0.002286679399483917,0.002286679399483919,0.014307742280948298,0.9999999999999991,0.9999999999999991,0.002286679399483919,0.002286679399483917,-0.004030525763754909,0.9999999999999991,0.9999999999999991,1.0,-0.004617777225289223,-0.004617777225289217,0.018944813510730584,0.7079041222308327,0.7079041222308327,0.7079041222308327,0.7079041222308327,0.2817757515250073,1.0,-0.008896286152413632,-0.008896286152413625,0.008903979005015177,0.008903979005015182,0.0189448135107306,0.01894481351073058,0.6079669607685334,0.6079669607685335,0.6079669607685334,0.6079669607685335,0.015953956851564678,0.015953956851564668,0.01430774228094828,0.014307742280948272,0.2817757515250065,-0.042070844733964476,-0.04207084473396448,0.6123167785480356,0.6123167785480355,-0.004030525763754874,-0.004030525763754874,0.6123167785480356,0.6123167785480355,0.020116370075678642,-0.004030525763754874,-0.004030525763754874,0.0189448135107306,0.01894481351073058,0.020116370075678573,1.0,1.0,0.28177575152500706,0.281775751525007,1.0,1.0,0.05170764242682538,0.0517076424268254,0.10851965255687936,0.10851965255687936,0.020116370075678593,0.020116370075678597,-0.01940731486866778,-0.019407314868667792,0.10851965255687898,0.10851965255687897,0.008903979005015156,-0.04775559296628859,-0.04775559296628859,0.008903979005015187,0.008903979005015182,0.008903979005015187,0.008903979005015182,0.008903979005015156,0.01578668650021536,0.015786686500215374,0.015786686500215374
a30fb_booster_rs_chandelier_2h_solusdt_lb12_atr0p25_rel0p0_trail3p0_hold18_3p0x_0p1_83ce82c2,0.02529529685082575,0.8759461501970568,0.8759461501970568,0.8759461501970568,0.8759461501970568,0.02529529685082585,0.875946150197059,0.01599274995346013,0.875946150197059,0.02529529685082575,0.015992749953460172,0.02529529685082575,0.02529529685082585,0.02529529685082585,0.02529529685082583,0.02529529685082582,0.6079669607685334,0.6079669607685334,0.007306252212513211,0.002286679399483933,0.7567092434708498,0.002286679399483933,0.7567092434708498,0.8759461501970564,0.8759461501970564,0.00730625221251321,0.015992749953460117,0.015992749953460113,0.8759461501970564,0.8759461501970564,0.6079669607685351,0.6079669607685351,0.6079669607685351,0.6079669607685351,0.0022866793994839314,0.0022866793994839314,0.02529529685082583,0.02529529685082582,0.01894481351073061,0.02529529685082583,0.02529529685082582,0.6079669607685341,0.6079669607685341,-0.0420708447339645,0.008903979005015147,0.015953956851564696,0.01894481351073059,0.007306252212513195,0.007306252212513184,0.014307742280948272,0.00890397900501515,-0.042070844733964524,0.015953956851564727,0.7567092434708491,0.7567092434708492,-0.02769965627375695,-0.027699656273756944,0.7567092434708491,0.7567092434708492,-0.00403052576375491,0.0022866793994839093,0.002286679399483912,0.014307742280948306,0.9999999999999989,0.9999999999999989,0.002286679399483912,0.0022866793994839093,-0.00403052576375491,0.9999999999999989,0.9999999999999989,1.0,-0.004617777225289237,-0.004617777225289232,0.01894481351073059,0.7079041222308325,0.7079041222308325,0.7079041222308325,0.7079041222308325,0.28177575152500717,1.0,-0.008896286152413646,-0.008896286152413639,0.00890397900501517,0.008903979005015173,0.01894481351073058,0.018944813510730574,0.6079669607685334,0.6079669607685334,0.6079669607685334,0.6079669607685334,0.015953956851564668,0.015953956851564675,0.014307742280948277,0.014307742280948275,0.28177575152500667,-0.042070844733964496,-0.042070844733964496,0.6123167785480357,0.6123167785480355,-0.004030525763754877,-0.004030525763754877,0.6123167785480357,0.6123167785480355,0.02011637007567862,-0.004030525763754877,-0.004030525763754877,0.01894481351073058,0.018944813510730574,0.020116370075678573,1.0,1.0,0.281775751525007,0.28177575152500695,1.0,1.0,0.051707642426825406,0.0517076424268254,0.10851965255687933,0.10851965255687933,0.020116370075678597,0.020116370075678586,-0.019407314868667768,-0.01940731486866778,0.10851965255687898,0.10851965255687897,0.008903979005015163,-0.04775559296628861,-0.04775559296628861,0.008903979005015177,0.008903979005015182,0.008903979005015177,0.008903979005015182,0.008903979005015163,0.01578668650021536,0.015786686500215367,0.015786686500215374
debrepair_debounced_efficiency_repair_2h_ethusdt_long_short_lb6_e0p02_x0p005_hold24_cool0_trend_strength2_2p0x_0p15_67f318f8,-0.052550910775676155,0.2723879188257461,0.2723879188257461,0.2723879188257461,0.2723879188257461,-0.05255091077567613,0.27238791882574587,0.030714379173813065,0.27238791882574587,-0.052550910775676155,0.030714379173812974,-0.052550910775676155,-0.05255091077567613,-0.05255091077567613,-0.052550910775676175,-0.05255091077567619,0.23296806161670375,0.23296806161670375,-0.10755107840113433,-0.03286111205035936,0.19349934591909915,-0.03286111205035936,0.19349934591909915,0.2723879188257457,0.2723879188257457,-0.10755107840113452,0.03071437917381315,0.030714379173813134,0.2723879188257457,0.2723879188257457,0.23296806161670383,0.23296806161670383,0.23296806161670383,0.23296806161670383,-0.032861112050359464,-0.032861112050359464,-0.052550910775676175,-0.05255091077567619,-0.05315432550823769,-0.052550910775676175,-0.05255091077567619,0.23296806161670314,0.23296806161670314,-0.07910984861485035,-0.09897072786118284,0.03096352842085323,-0.05315432550823752,-0.10755107840113458,-0.10755107840113451,-0.10678962134959342,-0.0989707278611829,-0.07910984861485064,0.0309635284208533,0.19349934591909948,0.19349934591909954,-0.06449897263564923,-0.06449897263564923,0.19349934591909948,0.19349934591909954,-0.014649844091621225,-0.03286111205035945,-0.03286111205035947,-0.10678962134959298,0.281775751525006,0.281775751525006,-0.03286111205035947,-0.03286111205035945,-0.014649844091621225,0.281775751525006,0.281775751525006,0.281775751525007,0.047411094966424296,0.04741109496642429,-0.05315432550823752,0.25516273375696363,0.2551627337569637,0.25516273375696363,0.2551627337569637,1.0,0.281775751525007,0.04733631298366437,0.04733631298366433,-0.09897072786118268,-0.09897072786118268,-0.05315432550823761,-0.05315432550823759,0.23296806161670375,0.23296806161670375,0.23296806161670375,0.23296806161670375,0.03096352842085334,0.03096352842085333,-0.10678962134959288,-0.10678962134959286,0.9999999999999984,-0.07910984861485051,-0.07910984861485047,0.22408946297070215,0.22408946297070223,-0.014649844091621195,-0.014649844091621199,0.22408946297070215,0.22408946297070223,-0.09699699680295268,-0.014649844091621199,-0.014649844091621195,-0.05315432550823761,-0.05315432550823759,-0.09699699680295244,0.28177575152500706,0.281775751525007,1.0,0.9999999999999998,0.281775751525007,0.281775751525007,-0.04895801478858897,-0.04895801478858899,0.17797253381247577,0.17797253381247577,-0.09699699680295222,-0.09699699680295228,-0.0011776251116753422,-0.0011776251116753546,0.17797253381247544,0.17797253381247546,-0.09897072786118287,-0.005549804167396518,-0.005549804167396518,-0.09897072786118268,-0.09897072786118266,-0.09897072786118268,-0.09897072786118266,-0.09897072786118287,-0.042508869271603855,-0.042508869271603786,-0.04250886927160377
debrepair_debounced_efficiency_repair_2h_ethusdt_long_short_lb6_e0p02_x0p005_hold24_cool0_trend_strength2_3p0x_0p1_b7768f90,-0.05255091077567615,0.272387918825746,0.272387918825746,0.272387918825746,0.272387918825746,-0.05255091077567611,0.27238791882574587,0.030714379173813044,0.27238791882574587,-0.05255091077567615,0.03071437917381294,-0.05255091077567615,-0.05255091077567611,-0.05255091077567611,-0.05255091077567619,-0.05255091077567618,0.23296806161670375,0.23296806161670375,-0.10755107840113433,-0.032861112050359347,0.19349934591909915,-0.032861112050359347,0.19349934591909915,0.27238791882574565,0.2723879188257457,-0.10755107840113448,0.030714379173813134,0.03071437917381315,0.27238791882574565,0.2723879188257457,0.23296806161670378,0.23296806161670378,0.23296806161670378,0.23296806161670378,-0.032861112050359444,-0.032861112050359444,-0.05255091077567619,-0.05255091077567618,-0.05315432550823768,-0.05255091077567619,-0.05255091077567618,0.2329680616167032,0.2329680616167032,-0.07910984861485032,-0.09897072786118288,0.03096352842085323,-0.05315432550823752,-0.10755107840113454,-0.10755107840113452,-0.1067896213495934,-0.09897072786118286,-0.07910984861485063,0.030963528420853297,0.19349934591909942,0.1934993459190995,-0.06449897263564922,-0.06449897263564923,0.19349934591909942,0.1934993459190995,-0.014649844091621221,-0.03286111205035946,-0.03286111205035947,-0.10678962134959297,0.28177575152500606,0.28177575152500606,-0.03286111205035947,-0.03286111205035946,-0.014649844091621221,0.28177575152500606,0.28177575152500606,0.281775751525007,0.0474110949664243,0.04741109496642431,-0.05315432550823752,0.25516273375696363,0.25516273375696363,0.25516273375696363,0.25516273375696363,1.0,0.281775751525007,0.047336312983664364,0.04733631298366435,-0.09897072786118265,-0.09897072786118268,-0.053154325508237614,-0.053154325508237586,0.23296806161670378,0.23296806161670375,0.23296806161670378,0.23296806161670375,0.03096352842085334,0.030963528420853335,-0.10678962134959286,-0.10678962134959286,0.9999999999999984,-0.07910984861485049,-0.07910984861485049,0.22408946297070215,0.2240894629707022,-0.01464984409162119,-0.01464984409162119,0.22408946297070215,0.2240894629707022,-0.09699699680295261,-0.01464984409162119,-0.01464984409162119,-0.053154325508237614,-0.053154325508237586,-0.09699699680295243,0.281775751525007,0.28177575152500695,0.9999999999999998,1.0,0.281775751525007,0.281775751525007,-0.04895801478858899,-0.04895801478858898,0.17797253381247574,0.17797253381247574,-0.09699699680295225,-0.09699699680295226,-0.0011776251116753515,-0.0011776251116753745,0.17797253381247546,0.17797253381247544,-0.09897072786118286,-0.005549804167396528,-0.005549804167396528,-0.09897072786118265,-0.09897072786118266,-0.09897072786118265,-0.09897072786118266,-0.09897072786118286,-0.04250886927160385,-0.04250886927160378,-0.042508869271603786
a30fb_booster_rs_chandelier_2h_solusdt_lb12_atr0p25_rel0p0_trail2p0_hold18_2p0x_0p15_17ab46c7,0.025295296850825745,0.8759461501970567,0.8759461501970567,0.8759461501970567,0.8759461501970567,0.025295296850825842,0.8759461501970589,0.015992749953460124,0.8759461501970589,0.025295296850825745,0.015992749953460166,0.025295296850825745,0.025295296850825842,0.025295296850825842,0.02529529685082584,0.025295296850825832,0.6079669607685335,0.6079669607685335,0.007306252212513209,0.00228667939948394,0.75670924347085,0.00228667939948394,0.75670924347085,0.8759461501970564,0.8759461501970566,0.007306252212513216,0.015992749953460124,0.01599274995346011,0.8759461501970564,0.8759461501970566,0.6079669607685352,0.6079669607685352,0.6079669607685352,0.6079669607685352,0.0022866793994839323,0.0022866793994839323,0.02529529685082584,0.025295296850825832,0.018944813510730612,0.02529529685082584,0.025295296850825832,0.6079669607685344,0.6079669607685344,-0.042070844733964496,0.008903979005015149,0.015953956851564713,0.018944813510730584,0.007306252212513192,0.0073062522125131885,0.014307742280948285,0.008903979005015149,-0.04207084473396452,0.01595395685156473,0.7567092434708492,0.7567092434708492,-0.02769965627375696,-0.02769965627375695,0.7567092434708492,0.7567092434708492,-0.004030525763754909,0.002286679399483917,0.002286679399483919,0.014307742280948298,0.9999999999999991,0.9999999999999991,0.002286679399483919,0.002286679399483917,-0.004030525763754909,0.9999999999999991,0.9999999999999991,1.0,-0.004617777225289223,-0.004617777225289217,0.018944813510730584,0.7079041222308327,0.7079041222308327,0.7079041222308327,0.7079041222308327,0.2817757515250073,1.0,-0.008896286152413632,-0.008896286152413625,0.008903979005015177,0.008903979005015182,0.0189448135107306,0.01894481351073058,0.6079669607685334,0.6079669607685335,0.6079669607685334,0.6079669607685335,0.015953956851564678,0.015953956851564668,0.01430774228094828,0.014307742280948272,0.2817757515250065,-0.042070844733964476,-0.04207084473396448,0.6123167785480356,0.6123167785480355,-0.004030525763754874,-0.004030525763754874,0.6123167785480356,0.6123167785480355,0.020116370075678642,-0.004030525763754874,-0.004030525763754874,0.0189448135107306,0.01894481351073058,0.020116370075678573,1.0,1.0,0.281775751525007,0.281775751525007,1.0,1.0,0.05170764242682538,0.0517076424268254,0.10851965255687936,0.10851965255687936,0.020116370075678593,0.020116370075678597,-0.01940731486866778,-0.019407314868667792,0.10851965255687898,0.10851965255687897,0.008903979005015156,-0.04775559296628859,-0.04775559296628859,0.008903979005015187,0.008903979005015182,0.008903979005015187,0.008903979005015182,0.008903979005015156,0.01578668650021536,0.015786686500215374,0.015786686500215374
a30fb_booster_rs_chandelier_2h_solusdt_lb12_atr0p25_rel0p0_trail2p0_hold18_3p0x_0p1_e78fd6d3,0.02529529685082575,0.8759461501970568,0.8759461501970568,0.8759461501970568,0.8759461501970568,0.02529529685082585,0.875946150197059,0.01599274995346013,0.875946150197059,0.02529529685082575,0.015992749953460172,0.02529529685082575,0.02529529685082585,0.02529529685082585,0.02529529685082583,0.02529529685082582,0.6079669607685334,0.6079669607685334,0.007306252212513211,0.002286679399483933,0.7567092434708498,0.002286679399483933,0.7567092434708498,0.8759461501970564,0.8759461501970564,0.00730625221251321,0.015992749953460117,0.015992749953460113,0.8759461501970564,0.8759461501970564,0.6079669607685351,0.6079669607685351,0.6079669607685351,0.6079669607685351,0.0022866793994839314,0.0022866793994839314,0.02529529685082583,0.02529529685082582,0.01894481351073061,0.02529529685082583,0.02529529685082582,0.6079669607685341,0.6079669607685341,-0.0420708447339645,0.008903979005015147,0.015953956851564696,0.01894481351073059,0.007306252212513195,0.007306252212513184,0.014307742280948272,0.00890397900501515,-0.042070844733964524,0.015953956851564727,0.7567092434708491,0.7567092434708492,-0.02769965627375695,-0.027699656273756944,0.7567092434708491,0.7567092434708492,-0.00403052576375491,0.0022866793994839093,0.002286679399483912,0.014307742280948306,0.9999999999999989,0.9999999999999989,0.002286679399483912,0.0022866793994839093,-0.00403052576375491,0.9999999999999989,0.9999999999999989,1.0,-0.004617777225289237,-0.004617777225289232,0.01894481351073059,0.7079041222308325,0.7079041222308325,0.7079041222308325,0.7079041222308325,0.28177575152500717,1.0,-0.008896286152413646,-0.008896286152413639,0.00890397900501517,0.008903979005015173,0.01894481351073058,0.018944813510730574,0.6079669607685334,0.6079669607685334,0.6079669607685334,0.6079669607685334,0.015953956851564668,0.015953956851564675,0.014307742280948277,0.014307742280948275,0.28177575152500667,-0.042070844733964496,-0.042070844733964496,0.6123167785480357,0.6123167785480355,-0.004030525763754877,-0.004030525763754877,0.6123167785480357,0.6123167785480355,0.02011637007567862,-0.004030525763754877,-0.004030525763754877,0.01894481351073058,0.018944813510730574,0.020116370075678573,1.0,1.0,0.281775751525007,0.281775751525007,1.0,1.0,0.051707642426825406,0.0517076424268254,0.10851965255687933,0.10851965255687933,0.020116370075678597,0.020116370075678586,-0.019407314868667768,-0.01940731486866778,0.10851965255687898,0.10851965255687897,0.008903979005015163,-0.04775559296628861,-0.04775559296628861,0.008903979005015177,0.008903979005015182,0.008903979005015177,0.008903979005015182,0.008903979005015163,0.01578668650021536,0.015786686500215367,0.015786686500215374
a30fb_voladj_trend_6h_solusdt_lb6_z1p5_hold8_cool2_adx20_low_vol_q75_3p0x_0p1_e295f93a,0.04229448020159517,0.04698849023093815,0.04698849023093815,0.04698849023093815,0.04698849023093815,0.042294480201595167,0.04698849023093797,-0.010199902693144074,0.04698849023093797,0.04229448020159517,-0.010199902693144034,0.04229448020159517,0.042294480201595167,0.042294480201595167,0.04229448020159517,0.04229448020159516,0.020172573531033487,0.020172573531033487,0.026507113140266037,0.0174439609953022,0.03906606949874599,0.0174439609953022,0.03906606949874599,0.046988490230938054,0.04698849023093805,0.02650711314026602,-0.010199902693144072,-0.01019990269314408,0.046988490230938054,0.04698849023093805,0.020172573531033543,0.020172573531033543,0.020172573531033543,0.020172573531033543,0.017443960995302224,0.017443960995302224,0.04229448020159517,0.04229448020159516,0.039413187334761096,0.04229448020159517,0.04229448020159516,0.020172573531033522,0.020172573531033522,-0.0036179857561414353,0.034204278330454606,-0.008706497204371002,0.03941318733476103,0.026507113140266027,0.026507113140266027,0.026300035033872474,0.034204278330454564,-0.003617985756141461,-0.008706497204371022,0.039066069498745935,0.03906606949874596,0.004689110416262973,0.004689110416262968,0.039066069498745935,0.03906606949874596,0.020193144096662865,0.017443960995302266,0.017443960995302266,0.026300035033872435,0.05170764242682541,0.05170764242682541,0.017443960995302266,0.017443960995302266,0.020193144096662865,0.05170764242682541,0.05170764242682541,0.051707642426825344,0.02964217912797655,0.029642179127976537,0.03941318733476103,-0.0036675083686336356,-0.0036675083686336374,-0.0036675083686336356,-0.0036675083686336374,-0.048958014788589056,0.051707642426825344,0.02170186124642713,0.021701861246427125,0.03420427833045468,0.03420427833045469,0.03941318733476104,0.039413187334761034,0.020172573531033487,0.020172573531033487,0.020172573531033487,0.020172573531033487,-0.008706497204371017,-0.008706497204371026,0.026300035033872512,0.02630003503387249,-0.04895801478858898,-0.0036179857561414413,-0.0036179857561414426,0.025363289825554847,0.025363289825554827,0.02019314409666285,0.02019314409666285,0.025363289825554847,0.025363289825554827,0.02937522624874889,0.02019314409666285,0.02019314409666285,0.03941318733476104,0.039413187334761034,0.029375226248748873,0.05170764242682538,0.051707642426825406,-0.04895801478858897,-0.04895801478858899,0.05170764242682538,0.051707642426825406,1.0,1.0,-0.03138496279137341,-0.03138496279137341,0.02937522624874886,0.029375226248748845,0.1177248923584304,0.1177248923584304,-0.031384962791373414,-0.031384962791373414,0.034204278330454564,-0.012788020326695107,-0.012788020326695107,0.03420427833045469,0.03420427833045468,0.03420427833045469,0.03420427833045468,0.034204278330454564,-0.004589257426681179,-0.004589257426681197,-0.004589257426681196
a30fb_voladj_trend_6h_solusdt_lb6_z1p5_hold8_cool2_adx20_low_vol_q75_2p0x_0p15_f0c8eb5b,0.04229448020159519,0.046988490230938165,0.046988490230938165,0.046988490230938165,0.046988490230938165,0.04229448020159516,0.046988490230937964,-0.010199902693144067,0.046988490230937964,0.04229448020159519,-0.010199902693144034,0.04229448020159519,0.04229448020159516,0.04229448020159516,0.04229448020159518,0.04229448020159517,0.02017257353103348,0.02017257353103348,0.02650711314026604,0.0174439609953022,0.03906606949874597,0.0174439609953022,0.03906606949874597,0.04698849023093805,0.04698849023093802,0.02650711314026602,-0.010199902693144067,-0.010199902693144075,0.04698849023093805,0.04698849023093802,0.020172573531033543,0.020172573531033543,0.020172573531033543,0.020172573531033543,0.01744396099530222,0.01744396099530222,0.04229448020159518,0.04229448020159517,0.03941318733476112,0.04229448020159518,0.04229448020159517,0.020172573531033532,0.020172573531033532,-0.0036179857561414357,0.034204278330454606,-0.008706497204370998,0.03941318733476103,0.02650711314026603,0.02650711314026601,0.026300035033872477,0.03420427833045458,-0.003617985756141458,-0.008706497204371031,0.03906606949874596,0.03906606949874596,0.004689110416262974,0.004689110416262972,0.03906606949874596,0.03906606949874596,0.020193144096662865,0.017443960995302266,0.01744396099530227,0.026300035033872432,0.05170764242682541,0.05170764242682541,0.01744396099530227,0.017443960995302266,0.020193144096662865,0.05170764242682541,0.05170764242682541,0.051707642426825365,0.029642179127976537,0.029642179127976547,0.03941318733476103,-0.0036675083686336604,-0.00366750836863365,-0.0036675083686336604,-0.00366750836863365,-0.048958014788589056,0.051707642426825365,0.021701861246427118,0.02170186124642712,0.03420427833045468,0.03420427833045469,0.03941318733476104,0.039413187334761034,0.020172573531033487,0.02017257353103348,0.020172573531033487,0.02017257353103348,-0.008706497204371009,-0.008706497204371015,0.026300035033872515,0.0263000350338725,-0.048958014788588994,-0.00361798575614144,-0.0036179857561414426,0.025363289825554813,0.02536328982555483,0.02019314409666285,0.02019314409666285,0.025363289825554813,0.02536328982555483,0.029375226248748894,0.02019314409666285,0.02019314409666285,0.03941318733476104,0.039413187334761034,0.02937522624874888,0.0517076424268254,0.0517076424268254,-0.04895801478858899,-0.04895801478858898,0.0517076424268254,0.0517076424268254,1.0,1.0,-0.03138496279137341,-0.03138496279137341,0.02937522624874887,0.02937522624874886,0.11772489235843042,0.1177248923584304,-0.03138496279137342,-0.03138496279137342,0.03420427833045458,-0.012788020326695113,-0.012788020326695113,0.03420427833045469,0.03420427833045469,0.03420427833045469,0.03420427833045469,0.03420427833045458,-0.004589257426681175,-0.004589257426681193,-0.004589257426681196
a30fb_asset_diverse_residual_reclaim_2h_ethusdt_btcusdt_lb48_z1p0_hold6_4p0x_0p125_fa49c5d5,-0.031838291856434144,0.04986252166129426,0.04986252166129426,0.04986252166129426,0.04986252166129426,-0.03183829185643416,0.04986252166129417,-0.023446374946451763,0.04986252166129417,-0.031838291856434144,-0.023446374946451843,-0.031838291856434144,-0.03183829185643416,-0.03183829185643416,-0.031838291856434164,-0.031838291856434164,0.15202559292707363,0.15202559292707363,-0.03827545063870313,-0.028038401743490805,0.10128364359556256,-0.028038401743490805,0.10128364359556256,0.049862521661294276,0.04986252166129427,-0.038275450638703135,-0.023446374946451902,-0.02344637494645191,0.049862521661294276,0.04986252166129427,0.15202559292707368,0.15202559292707368,0.15202559292707368,0.15202559292707368,-0.028038401743490822,-0.028038401743490822,-0.031838291856434164,-0.031838291856434164,-0.03186548423138498,-0.031838291856434164,-0.031838291856434164,0.15202559292707388,0.15202559292707388,-0.029108894252570648,-0.0404555943438294,-0.021361072965099686,-0.03186548423138495,-0.038275450638703225,-0.03827545063870322,-0.03719933959769643,-0.04045559434382937,-0.02910889425257074,-0.021361072965099627,0.10128364359556256,0.10128364359556254,-0.02786923242173309,-0.027869232421733076,0.10128364359556256,0.10128364359556254,-0.01811370822203319,-0.02803840174349073,-0.028038401743490732,-0.037199339597696446,0.10851965255687909,0.10851965255687909,-0.028038401743490732,-0.02803840174349073,-0.01811370822203319,0.10851965255687909,0.10851965255687909,0.10851965255687919,-0.02429572084710759,-0.024295720847107592,-0.03186548423138495,0.11200297422482237,0.11200297422482232,0.11200297422482237,0.11200297422482232,0.17797253381247527,0.10851965255687919,-0.02439794998786128,-0.024397949987861284,-0.040455594343829386,-0.040455594343829414,-0.031865484231385,-0.03186548423138501,0.15202559292707368,0.15202559292707363,0.15202559292707368,0.15202559292707363,-0.02136107296509963,-0.021361072965099634,-0.03719933959769635,-0.03719933959769634,0.17797253381247552,-0.029108894252570648,-0.029108894252570645,0.17677351587239118,0.17677351587239118,-0.018113708222033228,-0.01811370822203321,0.17677351587239118,0.17677351587239118,-0.02909565814715223,-0.01811370822203321,-0.018113708222033228,-0.031865484231385,-0.03186548423138501,-0.029095658147152197,0.10851965255687936,0.10851965255687933,0.17797253381247577,0.17797253381247574,0.10851965255687936,0.10851965255687933,-0.03138496279137341,-0.03138496279137341,1.0,1.0,-0.029095658147152235,-0.02909565814715224,0.027068456616340372,0.027068456616340372,0.9999999999999999,1.0,-0.04045559434382937,-0.04486829056863256,-0.04486829056863256,-0.04045559434382941,-0.04045559434382938,-0.04045559434382941,-0.04045559434382938,-0.04045559434382937,0.01793055581280329,0.017930555812803315,0.017930555812803315
a30fb_asset_diverse_residual_reclaim_2h_ethusdt_btcusdt_lb48_z1p0_hold6_5p0x_0p1_cf067261,-0.031838291856434144,0.04986252166129426,0.04986252166129426,0.04986252166129426,0.04986252166129426,-0.03183829185643416,0.04986252166129417,-0.023446374946451763,0.04986252166129417,-0.031838291856434144,-0.023446374946451843,-0.031838291856434144,-0.03183829185643416,-0.03183829185643416,-0.031838291856434164,-0.031838291856434164,0.15202559292707363,0.15202559292707363,-0.03827545063870313,-0.028038401743490805,0.10128364359556256,-0.028038401743490805,0.10128364359556256,0.049862521661294276,0.04986252166129427,-0.038275450638703135,-0.023446374946451902,-0.02344637494645191,0.049862521661294276,0.04986252166129427,0.15202559292707368,0.15202559292707368,0.15202559292707368,0.15202559292707368,-0.028038401743490822,-0.028038401743490822,-0.031838291856434164,-0.031838291856434164,-0.03186548423138498,-0.031838291856434164,-0.031838291856434164,0.15202559292707388,0.15202559292707388,-0.029108894252570648,-0.0404555943438294,-0.021361072965099686,-0.03186548423138495,-0.038275450638703225,-0.03827545063870322,-0.03719933959769643,-0.04045559434382937,-0.02910889425257074,-0.021361072965099627,0.10128364359556256,0.10128364359556254,-0.02786923242173309,-0.027869232421733076,0.10128364359556256,0.10128364359556254,-0.01811370822203319,-0.02803840174349073,-0.028038401743490732,-0.037199339597696446,0.10851965255687909,0.10851965255687909,-0.028038401743490732,-0.02803840174349073,-0.01811370822203319,0.10851965255687909,0.10851965255687909,0.10851965255687919,-0.02429572084710759,-0.024295720847107592,-0.03186548423138495,0.11200297422482237,0.11200297422482232,0.11200297422482237,0.11200297422482232,0.17797253381247527,0.10851965255687919,-0.02439794998786128,-0.024397949987861284,-0.040455594343829386,-0.040455594343829414,-0.031865484231385,-0.03186548423138501,0.15202559292707368,0.15202559292707363,0.15202559292707368,0.15202559292707363,-0.02136107296509963,-0.021361072965099634,-0.03719933959769635,-0.03719933959769634,0.17797253381247552,-0.029108894252570648,-0.029108894252570645,0.17677351587239118,0.17677351587239118,-0.018113708222033228,-0.01811370822203321,0.17677351587239118,0.17677351587239118,-0.02909565814715223,-0.01811370822203321,-0.018113708222033228,-0.031865484231385,-0.03186548423138501,-0.029095658147152197,0.10851965255687936,0.10851965255687933,0.17797253381247577,0.17797253381247574,0.10851965255687936,0.10851965255687933,-0.03138496279137341,-0.03138496279137341,1.0,1.0,-0.029095658147152235,-0.02909565814715224,0.027068456616340372,0.027068456616340372,0.9999999999999999,1.0,-0.04045559434382937,-0.04486829056863256,-0.04486829056863256,-0.04045559434382941,-0.04045559434382938,-0.04045559434382941,-0.04045559434382938,-0.04045559434382937,0.01793055581280329,0.017930555812803315,0.017930555812803315
debrepair_debounced_efficiency_repair_1h_solusdt_short_only_lb12_e0p025_x0p0_hold36_cool12_adx20_2p0x_0p15_58729c29,0.6093927251301935,0.02364188534478275,0.02364188534478275,0.02364188534478275,0.02364188534478275,0.609392725130195,0.02364188534478272,-0.06427172247843732,0.02364188534478272,0.6093927251301935,-0.06427172247843664,0.6093927251301935,0.609392725130195,0.609392725130195,0.6093927251301938,0.6093927251301939,-0.015839523964562036,-0.015839523964562036,0.9267125087775794,0.5256049284373039,-0.0007015958659994387,0.5256049284373039,-0.0007015958659994387,0.02364188534478277,0.023641885344782773,0.9267125087775775,-0.06427172247843689,-0.06427172247843689,0.02364188534478277,0.023641885344782773,-0.015839523964562067,-0.015839523964562067,-0.015839523964562067,-0.015839523964562067,0.5256049284373036,0.5256049284373036,0.6093927251301938,0.6093927251301939,0.5464990469214839,0.6093927251301938,0.6093927251301939,-0.01583952396456199,-0.01583952396456199,0.4401184902975489,0.9630342730503271,-0.06220989007673982,0.5464990469214837,0.92671250877758,0.9267125087775798,0.9570747823613656,0.9630342730503243,0.44011849029754896,-0.0622098900767397,-0.0007015958659994227,-0.0007015958659994245,0.5157720870202671,0.515772087020267,-0.0007015958659994227,-0.0007015958659994245,0.46016707172575677,0.5256049284373033,0.5256049284373034,0.9570747823613635,0.020116370075678586,0.020116370075678586,0.5256049284373034,0.5256049284373033,0.46016707172575677,0.020116370075678586,0.020116370075678586,0.020116370075678645,-0.0342721594825173,-0.03427215948251731,0.5464990469214837,-0.007035924155893701,-0.007035924155893689,-0.007035924155893701,-0.007035924155893689,-0.09699699680295269,0.020116370075678645,-0.03437752999609962,-0.034377529996099665,0.9630342730503253,0.9630342730503255,0.5464990469214842,0.5464990469214842,-0.01583952396456205,-0.015839523964562036,-0.01583952396456205,-0.015839523964562036,-0.06220989007673944,-0.062209890076739445,0.9570747823613621,0.9570747823613626,-0.09699699680295236,0.44011849029754896,0.44011849029754885,-0.02008895220269105,-0.020088952202691048,0.4601670717257568,0.4601670717257568,-0.02008895220269105,-0.020088952202691048,0.9999999999999993,0.4601670717257568,0.4601670717257568,0.5464990469214842,0.5464990469214842,0.9999999999999992,0.020116370075678593,0.020116370075678597,-0.09699699680295222,-0.09699699680295225,0.020116370075678593,0.020116370075678597,0.02937522624874886,0.02937522624874887,-0.029095658147152235,-0.029095658147152235,1.0,1.0,-0.03797952930607389,-0.037979529306073886,-0.029095658147152165,-0.029095658147152155,0.9630342730503243,0.04195283984279438,0.04195283984279438,0.9630342730503255,0.9630342730503253,0.9630342730503255,0.9630342730503253,0.9630342730503243,0.4274343353202908,0.42743433532029024,0.42743433532029035
debrepair_debounced_efficiency_repair_1h_solusdt_short_only_lb12_e0p025_x0p0_hold36_cool12_adx20_3p0x_0p1_c6f0bc78,0.6093927251301935,0.023641885344782745,0.023641885344782745,0.023641885344782745,0.023641885344782745,0.609392725130195,0.023641885344782735,-0.06427172247843733,0.023641885344782735,0.6093927251301935,-0.06427172247843663,0.6093927251301935,0.609392725130195,0.609392725130195,0.6093927251301939,0.609392725130194,-0.01583952396456204,-0.01583952396456204,0.9267125087775793,0.5256049284373039,-0.0007015958659994355,0.5256049284373039,-0.0007015958659994355,0.023641885344782766,0.023641885344782763,0.9267125087775777,-0.06427172247843689,-0.06427172247843688,0.023641885344782766,0.023641885344782763,-0.01583952396456208,-0.01583952396456208,-0.01583952396456208,-0.01583952396456208,0.5256049284373036,0.5256049284373036,0.6093927251301939,0.609392725130194,0.5464990469214838,0.6093927251301939,0.609392725130194,-0.015839523964561997,-0.015839523964561997,0.4401184902975489,0.9630342730503271,-0.06220989007673984,0.5464990469214837,0.9267125087775799,0.9267125087775798,0.9570747823613653,0.9630342730503245,0.440118490297549,-0.06220989007673973,-0.0007015958659994275,-0.0007015958659994275,0.515772087020267,0.5157720870202669,-0.0007015958659994275,-0.0007015958659994275,0.4601670717257568,0.5256049284373034,0.5256049284373033,0.9570747823613637,0.020116370075678573,0.020116370075678573,0.5256049284373033,0.5256049284373034,0.4601670717257568,0.020116370075678573,0.020116370075678573,0.02011637007567863,-0.03427215948251729,-0.03427215948251734,0.5464990469214837,-0.00703592415589371,-0.007035924155893702,-0.00703592415589371,-0.007035924155893702,-0.09699699680295268,0.02011637007567863,-0.034377529996099644,-0.03437752999609962,0.9630342730503253,0.9630342730503255,0.5464990469214843,0.5464990469214843,-0.015839523964562032,-0.01583952396456204,-0.015839523964562032,-0.01583952396456204,-0.062209890076739466,-0.06220989007673938,0.9570747823613626,0.9570747823613627,-0.09699699680295235,0.44011849029754896,0.44011849029754885,-0.02008895220269104,-0.020088952202691045,0.46016707172575694,0.4601670717257568,-0.02008895220269104,-0.020088952202691045,0.9999999999999992,0.4601670717257568,0.46016707172575694,0.5464990469214843,0.5464990469214843,0.9999999999999992,0.020116370075678597,0.020116370075678586,-0.09699699680295228,-0.09699699680295226,0.020116370075678597,0.020116370075678586,0.029375226248748845,0.02937522624874886,-0.02909565814715224,-0.02909565814715224,1.0,1.0,-0.03797952930607392,-0.03797952930607391,-0.02909565814715216,-0.02909565814715216,0.9630342730503245,0.04195283984279439,0.04195283984279439,0.9630342730503255,0.9630342730503253,0.9630342730503255,0.9630342730503253,0.9630342730503245,0.4274343353202909,0.42743433532029024,0.42743433532029024
debrepair_debounced_efficiency_repair_4h_solusdt_long_short_lb12_e0p02_x0p005_hold12_cool6_low_vol_q55_adx15_2p0x_0p15_de16b11e,-0.02398992073615219,-0.04145500183425557,-0.04145500183425557,-0.04145500183425557,-0.04145500183425557,-0.023989920736152245,-0.04145500183425559,0.043034514856239124,-0.04145500183425559,-0.02398992073615219,0.04303451485623913,-0.02398992073615219,-0.023989920736152245,-0.023989920736152245,-0.023989920736152203,-0.02398992073615221,-0.09229698360231359,-0.09229698360231359,-0.03545824931239392,-0.069615052095824,-0.026366741982129537,-0.069615052095824,-0.026366741982129537,-0.04145500183425551,-0.041455001834255545,-0.03545824931239393,0.04303451485623919,0.04303451485623917,-0.04145500183425551,-0.041455001834255545,-0.09229698360231338,-0.09229698360231338,-0.09229698360231338,-0.09229698360231338,-0.06961505209582418,-0.06961505209582418,-0.023989920736152203,-0.02398992073615221,-0.025181167316313504,-0.023989920736152203,-0.02398992073615221,-0.09229698360231336,-0.09229698360231336,-0.06871194403917445,-0.036324388311048214,0.04188624287990564,-0.025181167316313466,-0.03545824931239382,-0.03545824931239383,-0.03775212550704872,-0.03632438831104829,-0.0687119440391746,0.041886242879905534,-0.026366741982129547,-0.02636674198212955,-0.0653384696411868,-0.06533846964118678,-0.026366741982129547,-0.02636674198212955,-0.015235013806913812,-0.06961505209582401,-0.06961505209582401,-0.03775212550704883,-0.019407314868667817,-0.019407314868667817,-0.06961505209582401,-0.06961505209582401,-0.015235013806913812,-0.019407314868667817,-0.019407314868667817,-0.019407314868667695,-0.011814415320462466,-0.011814415320462462,-0.025181167316313466,-0.0295653132861546,-0.029565313286154596,-0.0295653132861546,-0.029565313286154596,-0.0011776251116754992,-0.019407314868667695,-0.011860426289586189,-0.011860426289586183,-0.036324388311048235,-0.036324388311048235,-0.025181167316313546,-0.025181167316313542,-0.0922969836023136,-0.09229698360231359,-0.0922969836023136,-0.09229698360231359,0.041886242879905645,0.04188624287990565,-0.03775212550704872,-0.03775212550704872,-0.001177625111675346,-0.06871194403917455,-0.06871194403917455,-0.10330969952063089,-0.10330969952063092,-0.015235013806913807,-0.015235013806913805,-0.10330969952063089,-0.10330969952063092,-0.037979529306073914,-0.015235013806913805,-0.015235013806913807,-0.025181167316313546,-0.025181167316313542,-0.03797952930607397,-0.01940731486866778,-0.019407314868667768,-0.0011776251116753422,-0.0011776251116753515,-0.01940731486866778,-0.019407314868667768,0.1177248923584304,0.11772489235843042,0.027068456616340372,0.027068456616340372,-0.03797952930607389,-0.03797952930607392,1.0,1.0,0.02706845661634037,0.027068456616340362,-0.03632438831104829,0.03978832020826461,0.03978832020826461,-0.03632438831104823,-0.036324388311048235,-0.03632438831104823,-0.036324388311048235,-0.03632438831104829,-0.006966360698929929,-0.0069663606989299395,-0.006966360698929937
debrepair_debounced_efficiency_repair_4h_solusdt_long_short_lb12_e0p02_x0p005_hold12_cool6_low_vol_q55_adx15_3p0x_0p1_a1f53df6,-0.02398992073615219,-0.041455001834255566,-0.041455001834255566,-0.041455001834255566,-0.041455001834255566,-0.023989920736152262,-0.041455001834255586,0.04303451485623913,-0.041455001834255586,-0.02398992073615219,0.04303451485623914,-0.02398992073615219,-0.023989920736152262,-0.023989920736152262,-0.02398992073615222,-0.023989920736152217,-0.0922969836023136,-0.0922969836023136,-0.03545824931239392,-0.06961505209582403,-0.02636674198212953,-0.06961505209582403,-0.02636674198212953,-0.041455001834255524,-0.04145500183425554,-0.03545824931239392,0.043034514856239194,0.04303451485623918,-0.041455001834255524,-0.04145500183425554,-0.09229698360231336,-0.09229698360231336,-0.09229698360231336,-0.09229698360231336,-0.06961505209582416,-0.06961505209582416,-0.02398992073615222,-0.023989920736152217,-0.025181167316313514,-0.02398992073615222,-0.023989920736152217,-0.09229698360231338,-0.09229698360231338,-0.06871194403917445,-0.03632438831104821,0.04188624287990566,-0.02518116731631348,-0.035458249312393844,-0.03545824931239384,-0.037752125507048734,-0.03632438831104829,-0.06871194403917462,0.041886242879905555,-0.026366741982129554,-0.026366741982129568,-0.0653384696411868,-0.0653384696411868,-0.026366741982129554,-0.026366741982129568,-0.015235013806913816,-0.069615052095824,-0.06961505209582401,-0.03775212550704883,-0.019407314868667817,-0.019407314868667817,-0.06961505209582401,-0.069615052095824,-0.015235013806913816,-0.019407314868667817,-0.019407314868667817,-0.01940731486866772,-0.011814415320462466,-0.011814415320462466,-0.02518116731631348,-0.02956531328615461,-0.029565313286154596,-0.02956531328615461,-0.029565313286154596,-0.0011776251116754955,-0.01940731486866772,-0.011860426289586194,-0.011860426289586192,-0.03632438831104825,-0.036324388311048256,-0.025181167316313563,-0.02518116731631357,-0.09229698360231361,-0.0922969836023136,-0.09229698360231361,-0.0922969836023136,0.04188624287990565,0.04188624287990564,-0.03775212550704871,-0.03775212550704871,-0.0011776251116753513,-0.06871194403917456,-0.06871194403917456,-0.1033096995206309,-0.10330969952063093,-0.015235013806913805,-0.015235013806913805,-0.1033096995206309,-0.10330969952063093,-0.03797952930607392,-0.015235013806913805,-0.015235013806913805,-0.025181167316313563,-0.02518116731631357,-0.03797952930607398,-0.019407314868667792,-0.01940731486866778,-0.0011776251116753546,-0.0011776251116753745,-0.019407314868667792,-0.01940731486866778,0.1177248923584304,0.1177248923584304,0.027068456616340372,0.027068456616340372,-0.037979529306073886,-0.03797952930607391,1.0,1.0,0.027068456616340376,0.02706845661634037,-0.0363243883110483,0.039788320208264616,0.039788320208264616,-0.036324388311048235,-0.036324388311048235,-0.036324388311048235,-0.036324388311048235,-0.0363243883110483,-0.006966360698929929,-0.006966360698929938,-0.0069663606989299465
a30fb_asset_diverse_residual_reclaim_2h_ethusdt_btcusdt_lb48_z1p0_hold6_2p0x_0p15_1a9aa250,-0.03183829185643419,0.049862521661294304,0.049862521661294304,0.049862521661294304,0.049862521661294304,-0.03183829185643417,0.04986252166129418,-0.023446374946451926,0.04986252166129418,-0.03183829185643419,-0.023446374946451833,-0.03183829185643419,-0.03183829185643417,-0.03183829185643417,-0.031838291856434234,-0.03183829185643422,0.15202559292707374,0.15202559292707374,-0.03827545063870322,-0.02803840174349075,0.10128364359556262,-0.02803840174349075,0.10128364359556262,0.0498625216612942,0.049862521661294214,-0.038275450638703086,-0.02344637494645184,-0.02344637494645182,0.0498625216612942,0.049862521661294214,0.15202559292707366,0.15202559292707366,0.15202559292707366,0.15202559292707366,-0.028038401743490725,-0.028038401743490725,-0.031838291856434234,-0.03183829185643422,-0.03186548423138499,-0.031838291856434234,-0.03183829185643422,0.15202559292707354,0.15202559292707354,-0.029108894252570624,-0.04045559434382943,-0.021361072965099672,-0.031865484231384925,-0.03827545063870318,-0.038275450638703176,-0.03719933959769636,-0.040455594343829386,-0.029108894252570718,-0.021361072965099624,0.10128364359556251,0.10128364359556252,-0.02786923242173308,-0.02786923242173308,0.10128364359556251,0.10128364359556252,-0.018113708222033197,-0.028038401743490787,-0.02803840174349079,-0.03719933959769641,0.1085196525568793,0.1085196525568793,-0.02803840174349079,-0.028038401743490787,-0.018113708222033197,0.1085196525568793,0.1085196525568793,0.10851965255687913,-0.02429572084710759,-0.02429572084710759,-0.031865484231384925,0.11200297422482243,0.11200297422482244,0.11200297422482243,0.11200297422482244,0.17797253381247544,0.10851965255687913,-0.024397949987861232,-0.024397949987861246,-0.04045559434382943,-0.040455594343829435,-0.031865484231384966,-0.03186548423138497,0.15202559292707377,0.15202559292707374,0.15202559292707377,0.15202559292707374,-0.02136107296509971,-0.021361072965099696,-0.03719933959769642,-0.03719933959769642,0.17797253381247552,-0.029108894252570627,-0.02910889425257062,0.17677351587239098,0.17677351587239093,-0.018113708222033228,-0.018113708222033228,0.17677351587239098,0.17677351587239093,-0.029095658147152176,-0.018113708222033228,-0.018113708222033228,-0.031865484231384966,-0.03186548423138497,-0.029095658147152176,0.10851965255687898,0.10851965255687898,0.17797253381247544,0.17797253381247546,0.10851965255687898,0.10851965255687898,-0.031384962791373414,-0.03138496279137342,0.9999999999999999,0.9999999999999999,-0.029095658147152165,-0.02909565814715216,0.02706845661634037,0.027068456616340376,1.0,1.0,-0.040455594343829386,-0.04486829056863281,-0.04486829056863281,-0.04045559434382942,-0.04045559434382942,-0.04045559434382942,-0.04045559434382942,-0.040455594343829386,0.017930555812803266,0.017930555812803266,0.017930555812803263
a30fb_asset_diverse_residual_reclaim_2h_ethusdt_btcusdt_lb48_z1p0_hold6_3p0x_0p1_06295c43,-0.03183829185643419,0.04986252166129429,0.04986252166129429,0.04986252166129429,0.04986252166129429,-0.03183829185643417,0.049862521661294186,-0.02344637494645193,0.049862521661294186,-0.03183829185643419,-0.02344637494645184,-0.03183829185643419,-0.03183829185643417,-0.03183829185643417,-0.031838291856434234,-0.03183829185643423,0.15202559292707377,0.15202559292707377,-0.03827545063870322,-0.02803840174349075,0.10128364359556262,-0.02803840174349075,0.10128364359556262,0.04986252166129418,0.04986252166129421,-0.0382754506387031,-0.02344637494645182,-0.023446374946451815,0.04986252166129418,0.04986252166129421,0.15202559292707366,0.15202559292707366,0.15202559292707366,0.15202559292707366,-0.02803840174349073,-0.02803840174349073,-0.031838291856434234,-0.03183829185643423,-0.031865484231384994,-0.031838291856434234,-0.03183829185643423,0.1520255929270736,0.1520255929270736,-0.02910889425257062,-0.04045559434382938,-0.021361072965099686,-0.03186548423138492,-0.03827545063870318,-0.03827545063870318,-0.03719933959769636,-0.04045559434382937,-0.029108894252570728,-0.02136107296509961,0.10128364359556251,0.10128364359556251,-0.027869232421733083,-0.02786923242173308,0.10128364359556251,0.10128364359556251,-0.0181137082220332,-0.028038401743490794,-0.028038401743490794,-0.03719933959769641,0.1085196525568793,0.1085196525568793,-0.028038401743490794,-0.028038401743490794,-0.0181137082220332,0.1085196525568793,0.1085196525568793,0.10851965255687912,-0.024295720847107582,-0.024295720847107592,-0.03186548423138492,0.11200297422482244,0.11200297422482244,0.11200297422482244,0.11200297422482244,0.17797253381247552,0.10851965255687912,-0.024397949987861253,-0.024397949987861246,-0.04045559434382939,-0.04045559434382941,-0.031865484231384966,-0.031865484231384966,0.15202559292707377,0.15202559292707377,0.15202559292707377,0.15202559292707377,-0.021361072965099707,-0.021361072965099693,-0.03719933959769642,-0.037199339597696425,0.1779725338124755,-0.029108894252570634,-0.029108894252570617,0.17677351587239096,0.17677351587239098,-0.018113708222033217,-0.018113708222033228,0.17677351587239096,0.17677351587239098,-0.029095658147152172,-0.018113708222033228,-0.018113708222033217,-0.031865484231384966,-0.031865484231384966,-0.029095658147152176,0.10851965255687897,0.10851965255687897,0.17797253381247546,0.17797253381247544,0.10851965255687897,0.10851965255687897,-0.031384962791373414,-0.03138496279137342,1.0,1.0,-0.029095658147152155,-0.02909565814715216,0.027068456616340362,0.02706845661634037,1.0,1.0,-0.04045559434382937,-0.044868290568632826,-0.044868290568632826,-0.04045559434382941,-0.0404555943438294,-0.04045559434382941,-0.0404555943438294,-0.04045559434382937,0.017930555812803263,0.017930555812803273,0.01793055581280327
debrepair_debounced_efficiency_repair_1h_solusdt_short_only_lb12_e0p025_x0p0_hold36_cool0_none_4p0x_0p1_201de93a,0.6570197461138995,0.011628181588720487,0.011628181588720487,0.011628181588720487,0.011628181588720487,0.6570197461138998,0.011628181588720506,-0.025796264609656103,0.011628181588720506,0.6570197461138995,-0.025796264609656124,0.6570197461138995,0.6570197461138998,0.6570197461138998,0.6570197461138999,0.6570197461138998,-0.01736764419284494,-0.01736764419284494,0.9549010295040037,0.5973969068560817,-0.01327722130582917,0.5973969068560817,-0.01327722130582917,0.011628181588720511,0.011628181588720502,0.9549010295040022,-0.025796264609656172,-0.025796264609656148,0.011628181588720511,0.011628181588720502,-0.017367644192844946,-0.017367644192844946,-0.017367644192844946,-0.017367644192844946,0.5973969068560805,0.5973969068560805,0.6570197461138999,0.6570197461138998,0.5924938851053566,0.6570197461138999,0.6570197461138998,-0.01736764419284491,-0.01736764419284491,0.504807757221163,0.9999999999999989,-0.023593097927588156,0.5924938851053553,0.9549010295040031,0.9549010295040028,0.9586006886238997,1.0,0.5048077572211642,-0.02359309792758823,-0.013277221305829172,-0.013277221305829182,0.5810830345002966,0.5810830345002967,-0.013277221305829172,-0.013277221305829182,0.4958389222068488,0.5973969068560804,0.5973969068560804,0.9586006886239015,0.008903979005015146,0.008903979005015146,0.5973969068560804,0.5973969068560804,0.4958389222068488,0.008903979005015146,0.008903979005015146,0.008903979005015172,-0.01041886142549888,-0.010418861425498882,0.5924938851053553,-0.00875069921370284,-0.008750699213702844,-0.00875069921370284,-0.008750699213702844,-0.09897072786118272,0.008903979005015172,-0.010479057628040545,-0.010479057628040576,1.0,1.0,0.5924938851053556,0.5924938851053556,-0.017367644192844943,-0.01736764419284494,-0.017367644192844943,-0.01736764419284494,-0.023593097927588586,-0.023593097927588493,0.9586006886238985,0.9586006886238984,-0.09897072786118248,0.5048077572211626,0.5048077572211626,-0.02132310738960799,-0.021323107389607996,0.4958389222068494,0.4958389222068493,-0.02132310738960799,-0.021323107389607996,0.9630342730503253,0.4958389222068493,0.4958389222068494,0.5924938851053556,0.5924938851053556,0.9630342730503249,0.008903979005015156,0.008903979005015163,-0.09897072786118287,-0.09897072786118286,0.008903979005015156,0.008903979005015163,0.034204278330454564,0.03420427833045458,-0.04045559434382937,-0.04045559434382937,0.9630342730503243,0.9630342730503245,-0.03632438831104829,-0.0363243883110483,-0.040455594343829386,-0.04045559434382937,1.0,0.04230904414931686,0.04230904414931686,1.0,1.0,1.0,1.0,1.0,0.4524057698665124,0.45240576986651126,0.4524057698665112
a30fb_voladj_trend_4h_trxusdt_lb6_z1p5_hold12_cool2_adx15_3p0x_0p15_cca555d7,0.03315135845437776,-0.016996799683647236,-0.016996799683647236,-0.016996799683647236,-0.016996799683647236,0.033151358454377784,-0.016996799683647246,0.014395434207241936,-0.016996799683647246,0.03315135845437776,0.014395434207241896,0.03315135845437776,0.033151358454377784,0.033151358454377784,0.03315135845437774,0.03315135845437775,-0.034448456901517585,-0.034448456901517585,0.04086540086495627,0.04510138804717209,-0.01415325580422821,0.04510138804717209,-0.01415325580422821,-0.016996799683647205,-0.0169967996836472,0.040865400864956346,0.014395434207241958,0.014395434207241964,-0.016996799683647205,-0.0169967996836472,-0.03444845690151769,-0.03444845690151769,-0.03444845690151769,-0.03444845690151769,0.04510138804717217,0.04510138804717217,0.03315135845437774,0.03315135845437775,0.017703809725137788,0.03315135845437774,0.03315135845437775,-0.03444845690151759,-0.03444845690151759,0.020156553681693334,0.04230904414931688,0.01382716700615502,0.01770380972513777,0.04086540086495628,0.04086540086495626,0.0380250918172278,0.04230904414931686,0.02015655368169337,0.01382716700615504,-0.014153255804228281,-0.014153255804228273,0.04363526605450399,0.04363526605450398,-0.014153255804228281,-0.014153255804228273,0.00748604632038259,0.0451013880471722,0.045101388047172196,0.038025091817227796,-0.047755592966288535,-0.047755592966288535,0.045101388047172196,0.0451013880471722,0.00748604632038259,-0.047755592966288535,-0.047755592966288535,-0.04775559296628864,-0.03966902686988661,-0.03966902686988661,0.01770380972513777,-0.026040544372941257,-0.026040544372941257,-0.026040544372941257,-0.026040544372941257,-0.005549804167396526,-0.04775559296628864,-0.039750963498884524,-0.0397509634988845,0.042309044149316924,0.04230904414931693,0.017703809725137777,0.017703809725137774,-0.034448456901517606,-0.034448456901517585,-0.034448456901517606,-0.034448456901517585,0.01382716700615509,0.013827167006155083,0.038025091817227775,0.038025091817227775,-0.005549804167396502,0.020156553681693327,0.020156553681693324,-0.030484030815747406,-0.030484030815747402,0.007486046320382542,0.0074860463203825405,-0.030484030815747406,-0.030484030815747402,0.04195283984279451,0.0074860463203825405,0.007486046320382542,0.017703809725137777,0.017703809725137774,0.04195283984279448,-0.04775559296628859,-0.04775559296628861,-0.005549804167396518,-0.005549804167396528,-0.04775559296628859,-0.04775559296628861,-0.012788020326695107,-0.012788020326695113,-0.04486829056863256,-0.04486829056863256,0.04195283984279438,0.04195283984279439,0.03978832020826461,0.039788320208264616,-0.04486829056863281,-0.044868290568632826,0.04230904414931686,1.0,1.0,0.04230904414931693,0.042309044149316924,0.04230904414931693,0.042309044149316924,0.04230904414931686,0.01603488670907486,0.01603488670907483,0.016034886709074832
a30fb_voladj_trend_4h_trxusdt_lb6_z1p5_hold12_cool2_none_3p0x_0p15_c555caef,0.03315135845437776,-0.016996799683647236,-0.016996799683647236,-0.016996799683647236,-0.016996799683647236,0.033151358454377784,-0.016996799683647246,0.014395434207241936,-0.016996799683647246,0.03315135845437776,0.014395434207241896,0.03315135845437776,0.033151358454377784,0.033151358454377784,0.03315135845437774,0.03315135845437775,-0.034448456901517585,-0.034448456901517585,0.04086540086495627,0.04510138804717209,-0.01415325580422821,0.04510138804717209,-0.01415325580422821,-0.016996799683647205,-0.0169967996836472,0.040865400864956346,0.014395434207241958,0.014395434207241964,-0.016996799683647205,-0.0169967996836472,-0.03444845690151769,-0.03444845690151769,-0.03444845690151769,-0.03444845690151769,0.04510138804717217,0.04510138804717217,0.03315135845437774,0.03315135845437775,0.017703809725137788,0.03315135845437774,0.03315135845437775,-0.03444845690151759,-0.03444845690151759,0.020156553681693334,0.04230904414931688,0.01382716700615502,0.01770380972513777,0.04086540086495628,0.04086540086495626,0.0380250918172278,0.04230904414931686,0.02015655368169337,0.01382716700615504,-0.014153255804228281,-0.014153255804228273,0.04363526605450399,0.04363526605450398,-0.014153255804228281,-0.014153255804228273,0.00748604632038259,0.0451013880471722,0.045101388047172196,0.038025091817227796,-0.047755592966288535,-0.047755592966288535,0.045101388047172196,0.0451013880471722,0.00748604632038259,-0.047755592966288535,-0.047755592966288535,-0.04775559296628864,-0.03966902686988661,-0.03966902686988661,0.01770380972513777,-0.026040544372941257,-0.026040544372941257,-0.026040544372941257,-0.026040544372941257,-0.005549804167396526,-0.04775559296628864,-0.039750963498884524,-0.0397509634988845,0.042309044149316924,0.04230904414931693,0.017703809725137777,0.017703809725137774,-0.034448456901517606,-0.034448456901517585,-0.034448456901517606,-0.034448456901517585,0.01382716700615509,0.013827167006155083,0.038025091817227775,0.038025091817227775,-0.005549804167396502,0.020156553681693327,0.020156553681693324,-0.030484030815747406,-0.030484030815747402,0.007486046320382542,0.0074860463203825405,-0.030484030815747406,-0.030484030815747402,0.04195283984279451,0.0074860463203825405,0.007486046320382542,0.017703809725137777,0.017703809725137774,0.04195283984279448,-0.04775559296628859,-0.04775559296628861,-0.005549804167396518,-0.005549804167396528,-0.04775559296628859,-0.04775559296628861,-0.012788020326695107,-0.012788020326695113,-0.04486829056863256,-0.04486829056863256,0.04195283984279438,0.04195283984279439,0.03978832020826461,0.039788320208264616,-0.04486829056863281,-0.044868290568632826,0.04230904414931686,1.0,1.0,0.04230904414931693,0.042309044149316924,0.04230904414931693,0.042309044149316924,0.04230904414931686,0.01603488670907486,0.01603488670907483,0.016034886709074832
debrepair_debounced_efficiency_repair_1h_solusdt_short_only_lb12_e0p025_x0p0_hold36_cool0_none_2p0x_0p15_a1ef52d6,0.6570197461139008,0.011628181588720508,0.011628181588720508,0.011628181588720508,0.011628181588720508,0.6570197461139005,0.011628181588720522,-0.025796264609656398,0.011628181588720522,0.6570197461139008,-0.025796264609656172,0.6570197461139008,0.6570197461139005,0.6570197461139005,0.6570197461139001,0.6570197461139002,-0.01736764419284493,-0.01736764419284493,0.9549010295040006,0.5973969068560817,-0.013277221305829158,0.5973969068560817,-0.013277221305829158,0.011628181588720506,0.011628181588720508,0.9549010295040031,-0.025796264609656224,-0.02579626460965622,0.011628181588720506,0.011628181588720508,-0.017367644192844985,-0.017367644192844985,-0.017367644192844985,-0.017367644192844985,0.5973969068560808,0.5973969068560808,0.6570197461139001,0.6570197461139002,0.5924938851053562,0.6570197461139001,0.6570197461139002,-0.017367644192844915,-0.017367644192844915,0.5048077572211629,1.0,-0.02359309792758785,0.5924938851053554,0.9549010295040048,0.9549010295040045,0.9586006886239017,1.0,0.5048077572211633,-0.023593097927588468,-0.013277221305829185,-0.01327722130582919,0.5810830345002961,0.5810830345002962,-0.013277221305829185,-0.01327722130582919,0.4958389222068498,0.597396906856082,0.597396906856082,0.9586006886238998,0.008903979005015139,0.008903979005015139,0.597396906856082,0.597396906856082,0.4958389222068498,0.008903979005015139,0.008903979005015139,0.008903979005015163,-0.010418861425498797,-0.010418861425498811,0.5924938851053554,-0.00875069921370281,-0.008750699213702817,-0.00875069921370281,-0.008750699213702817,-0.09897072786118301,0.008903979005015163,-0.010479057628040635,-0.010479057628040632,0.9999999999999999,1.0,0.5924938851053568,0.5924938851053569,-0.017367644192844936,-0.01736764419284493,-0.017367644192844936,-0.01736764419284493,-0.023593097927588284,-0.023593097927588274,0.9586006886238996,0.9586006886238996,-0.0989707278611829,0.5048077572211636,0.5048077572211636,-0.021323107389608027,-0.02132310738960803,0.4958389222068482,0.4958389222068481,-0.021323107389608027,-0.02132310738960803,0.963034273050328,0.4958389222068481,0.4958389222068482,0.5924938851053568,0.5924938851053569,0.9630342730503255,0.008903979005015187,0.008903979005015177,-0.09897072786118268,-0.09897072786118265,0.008903979005015187,0.008903979005015177,0.03420427833045469,0.03420427833045469,-0.04045559434382941,-0.04045559434382941,0.9630342730503255,0.9630342730503255,-0.03632438831104823,-0.036324388311048235,-0.04045559434382942,-0.04045559434382941,1.0,0.04230904414931693,0.04230904414931693,1.0,0.9999999999999999,1.0,0.9999999999999999,1.0,0.4524057698665116,0.45240576986651143,0.45240576986651154
debrepair_debounced_efficiency_repair_1h_solusdt_short_only_lb12_e0p025_x0p0_hold36_cool0_none_3p0x_0p1_30da0500,0.6570197461139007,0.011628181588720499,0.011628181588720499,0.011628181588720499,0.011628181588720499,0.6570197461139005,0.011628181588720516,-0.025796264609656398,0.011628181588720516,0.6570197461139007,-0.025796264609656176,0.6570197461139007,0.6570197461139005,0.6570197461139005,0.6570197461139001,0.6570197461139003,-0.01736764419284494,-0.01736764419284494,0.9549010295040005,0.5973969068560816,-0.013277221305829165,0.5973969068560816,-0.013277221305829165,0.011628181588720515,0.011628181588720497,0.9549010295040031,-0.025796264609656217,-0.025796264609656207,0.011628181588720515,0.011628181588720497,-0.017367644192845,-0.017367644192845,-0.017367644192845,-0.017367644192845,0.5973969068560809,0.5973969068560809,0.6570197461139001,0.6570197461139003,0.592493885105356,0.6570197461139001,0.6570197461139003,-0.017367644192844915,-0.017367644192844915,0.5048077572211628,1.0,-0.023593097927587865,0.5924938851053555,0.9549010295040045,0.9549010295040042,0.958600688623902,1.0,0.5048077572211633,-0.023593097927588447,-0.013277221305829192,-0.013277221305829194,0.5810830345002962,0.5810830345002962,-0.013277221305829192,-0.013277221305829194,0.49583892220684966,0.597396906856082,0.597396906856082,0.9586006886238998,0.00890397900501514,0.00890397900501514,0.597396906856082,0.597396906856082,0.49583892220684966,0.00890397900501514,0.00890397900501514,0.008903979005015149,-0.010418861425498749,-0.0104188614254988,0.5924938851053555,-0.00875069921370281,-0.008750699213702815,-0.00875069921370281,-0.008750699213702815,-0.09897072786118301,0.008903979005015149,-0.010479057628040604,-0.01047905762804061,1.0,0.9999999999999999,0.5924938851053569,0.5924938851053568,-0.017367644192844936,-0.01736764419284494,-0.017367644192844936,-0.01736764419284494,-0.023593097927588222,-0.023593097927588222,0.9586006886238996,0.9586006886238996,-0.09897072786118287,0.5048077572211637,0.5048077572211637,-0.02132310738960803,-0.021323107389608038,0.4958389222068483,0.49583892220684805,-0.02132310738960803,-0.021323107389608038,0.9630342730503277,0.49583892220684805,0.4958389222068483,0.5924938851053569,0.5924938851053568,0.9630342730503255,0.008903979005015182,0.008903979005015182,-0.09897072786118266,-0.09897072786118266,0.008903979005015182,0.008903979005015182,0.03420427833045468,0.03420427833045469,-0.04045559434382938,-0.04045559434382938,0.9630342730503253,0.9630342730503253,-0.036324388311048235,-0.036324388311048235,-0.04045559434382942,-0.0404555943438294,1.0,0.042309044149316924,0.042309044149316924,0.9999999999999999,1.0,0.9999999999999999,1.0,1.0,0.45240576986651165,0.45240576986651154,0.4524057698665114
debrepair_debounced_efficiency_repair_1h_solusdt_short_only_lb12_e0p025_x0p0_hold36_cool6_none_2p0x_0p15_07e37c9b,0.6570197461139008,0.011628181588720508,0.011628181588720508,0.011628181588720508,0.011628181588720508,0.6570197461139005,0.011628181588720522,-0.025796264609656398,0.011628181588720522,0.6570197461139008,-0.025796264609656172,0.6570197461139008,0.6570197461139005,0.6570197461139005,0.6570197461139001,0.6570197461139002,-0.01736764419284493,-0.01736764419284493,0.9549010295040006,0.5973969068560817,-0.013277221305829158,0.5973969068560817,-0.013277221305829158,0.011628181588720506,0.011628181588720508,0.9549010295040031,-0.025796264609656224,-0.02579626460965622,0.011628181588720506,0.011628181588720508,-0.017367644192844985,-0.017367644192844985,-0.017367644192844985,-0.017367644192844985,0.5973969068560808,0.5973969068560808,0.6570197461139001,0.6570197461139002,0.5924938851053562,0.6570197461139001,0.6570197461139002,-0.017367644192844915,-0.017367644192844915,0.5048077572211629,1.0,-0.02359309792758785,0.5924938851053554,0.9549010295040048,0.9549010295040045,0.9586006886239017,1.0,0.5048077572211633,-0.023593097927588468,-0.013277221305829185,-0.01327722130582919,0.5810830345002961,0.5810830345002962,-0.013277221305829185,-0.01327722130582919,0.4958389222068498,0.597396906856082,0.597396906856082,0.9586006886238998,0.008903979005015139,0.008903979005015139,0.597396906856082,0.597396906856082,0.4958389222068498,0.008903979005015139,0.008903979005015139,0.008903979005015163,-0.010418861425498797,-0.010418861425498811,0.5924938851053554,-0.00875069921370281,-0.008750699213702817,-0.00875069921370281,-0.008750699213702817,-0.09897072786118301,0.008903979005015163,-0.010479057628040635,-0.010479057628040632,0.9999999999999999,1.0,0.5924938851053568,0.5924938851053569,-0.017367644192844936,-0.01736764419284493,-0.017367644192844936,-0.01736764419284493,-0.023593097927588284,-0.023593097927588274,0.9586006886238996,0.9586006886238996,-0.0989707278611829,0.5048077572211636,0.5048077572211636,-0.021323107389608027,-0.02132310738960803,0.4958389222068482,0.4958389222068481,-0.021323107389608027,-0.02132310738960803,0.963034273050328,0.4958389222068481,0.4958389222068482,0.5924938851053568,0.5924938851053569,0.9630342730503255,0.008903979005015187,0.008903979005015177,-0.09897072786118268,-0.09897072786118265,0.008903979005015187,0.008903979005015177,0.03420427833045469,0.03420427833045469,-0.04045559434382941,-0.04045559434382941,0.9630342730503255,0.9630342730503255,-0.03632438831104823,-0.036324388311048235,-0.04045559434382942,-0.04045559434382941,1.0,0.04230904414931693,0.04230904414931693,1.0,0.9999999999999999,1.0,0.9999999999999999,1.0,0.4524057698665116,0.45240576986651143,0.45240576986651154
debrepair_debounced_efficiency_repair_1h_solusdt_short_only_lb12_e0p025_x0p0_hold36_cool6_none_3p0x_0p1_525696af,0.6570197461139007,0.011628181588720499,0.011628181588720499,0.011628181588720499,0.011628181588720499,0.6570197461139005,0.011628181588720516,-0.025796264609656398,0.011628181588720516,0.6570197461139007,-0.025796264609656176,0.6570197461139007,0.6570197461139005,0.6570197461139005,0.6570197461139001,0.6570197461139003,-0.01736764419284494,-0.01736764419284494,0.9549010295040005,0.5973969068560816,-0.013277221305829165,0.5973969068560816,-0.013277221305829165,0.011628181588720515,0.011628181588720497,0.9549010295040031,-0.025796264609656217,-0.025796264609656207,0.011628181588720515,0.011628181588720497,-0.017367644192845,-0.017367644192845,-0.017367644192845,-0.017367644192845,0.5973969068560809,0.5973969068560809,0.6570197461139001,0.6570197461139003,0.592493885105356,0.6570197461139001,0.6570197461139003,-0.017367644192844915,-0.017367644192844915,0.5048077572211628,1.0,-0.023593097927587865,0.5924938851053555,0.9549010295040045,0.9549010295040042,0.958600688623902,1.0,0.5048077572211633,-0.023593097927588447,-0.013277221305829192,-0.013277221305829194,0.5810830345002962,0.5810830345002962,-0.013277221305829192,-0.013277221305829194,0.49583892220684966,0.597396906856082,0.597396906856082,0.9586006886238998,0.00890397900501514,0.00890397900501514,0.597396906856082,0.597396906856082,0.49583892220684966,0.00890397900501514,0.00890397900501514,0.008903979005015149,-0.010418861425498749,-0.0104188614254988,0.5924938851053555,-0.00875069921370281,-0.008750699213702815,-0.00875069921370281,-0.008750699213702815,-0.09897072786118301,0.008903979005015149,-0.010479057628040604,-0.01047905762804061,1.0,0.9999999999999999,0.5924938851053569,0.5924938851053568,-0.017367644192844936,-0.01736764419284494,-0.017367644192844936,-0.01736764419284494,-0.023593097927588222,-0.023593097927588222,0.9586006886238996,0.9586006886238996,-0.09897072786118287,0.5048077572211637,0.5048077572211637,-0.02132310738960803,-0.021323107389608038,0.4958389222068483,0.49583892220684805,-0.02132310738960803,-0.021323107389608038,0.9630342730503277,0.49583892220684805,0.4958389222068483,0.5924938851053569,0.5924938851053568,0.9630342730503255,0.008903979005015182,0.008903979005015182,-0.09897072786118266,-0.09897072786118266,0.008903979005015182,0.008903979005015182,0.03420427833045468,0.03420427833045469,-0.04045559434382938,-0.04045559434382938,0.9630342730503253,0.9630342730503253,-0.036324388311048235,-0.036324388311048235,-0.04045559434382942,-0.0404555943438294,1.0,0.042309044149316924,0.042309044149316924,0.9999999999999999,1.0,0.9999999999999999,1.0,1.0,0.45240576986651165,0.45240576986651154,0.4524057698665114
debrepair_debounced_efficiency_repair_1h_solusdt_short_only_lb12_e0p025_x0p0_hold36_cool6_none_4p0x_0p1_9ab9dfa7,0.6570197461138995,0.011628181588720487,0.011628181588720487,0.011628181588720487,0.011628181588720487,0.6570197461138998,0.011628181588720506,-0.025796264609656103,0.011628181588720506,0.6570197461138995,-0.025796264609656124,0.6570197461138995,0.6570197461138998,0.6570197461138998,0.6570197461138999,0.6570197461138998,-0.01736764419284494,-0.01736764419284494,0.9549010295040037,0.5973969068560817,-0.01327722130582917,0.5973969068560817,-0.01327722130582917,0.011628181588720511,0.011628181588720502,0.9549010295040022,-0.025796264609656172,-0.025796264609656148,0.011628181588720511,0.011628181588720502,-0.017367644192844946,-0.017367644192844946,-0.017367644192844946,-0.017367644192844946,0.5973969068560805,0.5973969068560805,0.6570197461138999,0.6570197461138998,0.5924938851053566,0.6570197461138999,0.6570197461138998,-0.01736764419284491,-0.01736764419284491,0.504807757221163,0.9999999999999989,-0.023593097927588156,0.5924938851053553,0.9549010295040031,0.9549010295040028,0.9586006886238997,1.0,0.5048077572211642,-0.02359309792758823,-0.013277221305829172,-0.013277221305829182,0.5810830345002966,0.5810830345002967,-0.013277221305829172,-0.013277221305829182,0.4958389222068488,0.5973969068560804,0.5973969068560804,0.9586006886239015,0.008903979005015146,0.008903979005015146,0.5973969068560804,0.5973969068560804,0.4958389222068488,0.008903979005015146,0.008903979005015146,0.008903979005015172,-0.01041886142549888,-0.010418861425498882,0.5924938851053553,-0.00875069921370284,-0.008750699213702844,-0.00875069921370284,-0.008750699213702844,-0.09897072786118272,0.008903979005015172,-0.010479057628040545,-0.010479057628040576,1.0,1.0,0.5924938851053556,0.5924938851053556,-0.017367644192844943,-0.01736764419284494,-0.017367644192844943,-0.01736764419284494,-0.023593097927588586,-0.023593097927588493,0.9586006886238985,0.9586006886238984,-0.09897072786118248,0.5048077572211626,0.5048077572211626,-0.02132310738960799,-0.021323107389607996,0.4958389222068494,0.4958389222068493,-0.02132310738960799,-0.021323107389607996,0.9630342730503253,0.4958389222068493,0.4958389222068494,0.5924938851053556,0.5924938851053556,0.9630342730503249,0.008903979005015156,0.008903979005015163,-0.09897072786118287,-0.09897072786118286,0.008903979005015156,0.008903979005015163,0.034204278330454564,0.03420427833045458,-0.04045559434382937,-0.04045559434382937,0.9630342730503243,0.9630342730503245,-0.03632438831104829,-0.0363243883110483,-0.040455594343829386,-0.04045559434382937,1.0,0.04230904414931686,0.04230904414931686,1.0,1.0,1.0,1.0,1.0,0.4524057698665124,0.45240576986651126,0.4524057698665112
debrepair_debounced_efficiency_repair_1h_ethusdt_short_only_lb6_e0p02_x0p005_hold18_cool12_adx20_4p0x_0p1_7117e59a,0.44415846507225015,-0.005609750169540056,-0.005609750169540056,-0.005609750169540056,-0.005609750169540056,0.44415846507225204,-0.0056097501695400636,0.06870162518765373,-0.0056097501695400636,0.44415846507225015,0.06870162518765367,0.44415846507225015,0.44415846507225204,0.44415846507225204,0.4441584650722509,0.444158465072251,-0.013269586965815396,-0.013269586965815396,0.4511878051543414,0.6392500430478146,-0.007122046641913144,0.6392500430478146,-0.007122046641913144,-0.005609750169540075,-0.005609750169540073,0.4511878051543413,0.0687016251876538,0.0687016251876538,-0.005609750169540075,-0.005609750169540073,-0.013269586965815438,-0.013269586965815438,-0.013269586965815438,-0.013269586965815438,0.6392500430478152,0.6392500430478152,0.4441584650722509,0.444158465072251,0.4592741599696276,0.4441584650722509,0.444158465072251,-0.013269586965815428,-0.013269586965815428,0.5507436575595451,0.45240576986651143,0.06952425631941457,0.45927415996962756,0.45118780515434204,0.451187805154342,0.45688882210924875,0.4524057698665124,0.5507436575595445,0.06952425631941456,-0.007122046641913138,-0.00712204664191314,0.5050278306059544,0.5050278306059545,-0.007122046641913138,-0.00712204664191314,0.5328282768953049,0.6392500430478151,0.6392500430478152,0.456888822109249,0.015786686500215356,0.015786686500215356,0.6392500430478152,0.6392500430478151,0.5328282768953049,0.015786686500215356,0.015786686500215356,0.015786686500215374,0.1784140202763363,0.17841402027633624,0.45927415996962756,-0.009414000286158375,-0.009414000286158379,-0.009414000286158375,-0.009414000286158379,-0.04250886927160387,0.015786686500215374,0.1785956899316945,0.17859568993169453,0.45240576986651165,0.4524057698665116,0.45927415996962767,0.45927415996962767,-0.013269586965815398,-0.013269586965815396,-0.013269586965815398,-0.013269586965815396,0.06952425631941456,0.06952425631941456,0.4568888221092483,0.45688882210924836,-0.042508869271603814,0.5507436575595449,0.5507436575595448,-0.008503024184136936,-0.008503024184136938,0.5328282768953057,0.5328282768953057,-0.008503024184136936,-0.008503024184136938,0.4274343353202905,0.5328282768953057,0.5328282768953057,0.45927415996962767,0.45927415996962767,0.4274343353202905,0.01578668650021536,0.01578668650021536,-0.042508869271603855,-0.04250886927160385,0.01578668650021536,0.01578668650021536,-0.004589257426681179,-0.004589257426681175,0.01793055581280329,0.01793055581280329,0.4274343353202908,0.4274343353202909,-0.006966360698929929,-0.006966360698929929,0.017930555812803266,0.017930555812803263,0.4524057698665124,0.01603488670907486,0.01603488670907486,0.4524057698665116,0.45240576986651165,0.4524057698665116,0.45240576986651165,0.4524057698665124,1.0,0.9999999999999994,0.9999999999999997
debrepair_debounced_efficiency_repair_1h_ethusdt_short_only_lb6_e0p02_x0p005_hold18_cool12_adx20_3p0x_0p1_6f810d7a,0.4441584650722509,-0.005609750169540057,-0.005609750169540057,-0.005609750169540057,-0.005609750169540057,0.444158465072251,-0.005609750169540072,0.0687016251876537,-0.005609750169540072,0.4441584650722509,0.06870162518765374,0.4441584650722509,0.444158465072251,0.444158465072251,0.4441584650722503,0.44415846507225026,-0.013269586965815415,-0.013269586965815415,0.4511878051543418,0.6392500430478154,-0.007122046641913102,0.6392500430478154,-0.007122046641913102,-0.005609750169540059,-0.005609750169540055,0.4511878051543418,0.06870162518765366,0.06870162518765367,-0.005609750169540059,-0.005609750169540055,-0.013269586965815431,-0.013269586965815431,-0.013269586965815431,-0.013269586965815431,0.6392500430478151,0.6392500430478151,0.4441584650722503,0.44415846507225026,0.45927415996962695,0.4441584650722503,0.44415846507225026,-0.013269586965815474,-0.013269586965815474,0.550743657559544,0.45240576986651204,0.06952425631941447,0.4592741599696271,0.4511878051543415,0.45118780515434137,0.45688882210924836,0.45240576986651126,0.5507436575595452,0.06952425631941449,-0.007122046641913123,-0.007122046641913123,0.5050278306059537,0.5050278306059537,-0.007122046641913123,-0.007122046641913123,0.5328282768953055,0.6392500430478146,0.6392500430478145,0.4568888221092487,0.015786686500215356,0.015786686500215356,0.6392500430478145,0.6392500430478146,0.5328282768953055,0.015786686500215356,0.015786686500215356,0.015786686500215356,0.17841402027633602,0.17841402027633602,0.4592741599696271,-0.00941400028615839,-0.009414000286158384,-0.00941400028615839,-0.009414000286158384,-0.0425088692716038,0.015786686500215356,0.1785956899316947,0.17859568993169464,0.45240576986651154,0.45240576986651143,0.45927415996962756,0.45927415996962745,-0.01326958696581542,-0.013269586965815415,-0.01326958696581542,-0.013269586965815415,0.06952425631941468,0.06952425631941467,0.45688882210924825,0.4568888221092483,-0.042508869271603834,0.5507436575595452,0.5507436575595451,-0.008503024184136947,-0.008503024184136943,0.5328282768953038,0.5328282768953039,-0.008503024184136947,-0.008503024184136943,0.42743433532029085,0.5328282768953039,0.5328282768953038,0.45927415996962756,0.45927415996962745,0.42743433532029096,0.015786686500215374,0.015786686500215367,-0.042508869271603786,-0.04250886927160378,0.015786686500215374,0.015786686500215367,-0.004589257426681197,-0.004589257426681193,0.017930555812803315,0.017930555812803315,0.42743433532029024,0.42743433532029024,-0.0069663606989299395,-0.006966360698929938,0.017930555812803266,0.017930555812803273,0.45240576986651126,0.01603488670907483,0.01603488670907483,0.45240576986651143,0.45240576986651154,0.45240576986651143,0.45240576986651154,0.45240576986651126,0.9999999999999994,1.0,1.0
debrepair_debounced_efficiency_repair_1h_ethusdt_short_only_lb6_e0p02_x0p005_hold18_cool12_adx20_2p0x_0p15_1bb7d246,0.4441584650722508,-0.00560975016954006,-0.00560975016954006,-0.00560975016954006,-0.00560975016954006,0.4441584650722509,-0.005609750169540071,0.06870162518765369,-0.005609750169540071,0.4441584650722508,0.06870162518765373,0.4441584650722508,0.4441584650722509,0.4441584650722509,0.4441584650722503,0.44415846507225026,-0.013269586965815422,-0.013269586965815422,0.45118780515434187,0.6392500430478154,-0.007122046641913111,0.6392500430478154,-0.007122046641913111,-0.005609750169540055,-0.005609750169540051,0.45118780515434176,0.06870162518765367,0.06870162518765366,-0.005609750169540055,-0.005609750169540051,-0.013269586965815419,-0.013269586965815419,-0.013269586965815419,-0.013269586965815419,0.6392500430478151,0.6392500430478151,0.4441584650722503,0.44415846507225026,0.45927415996962695,0.4441584650722503,0.44415846507225026,-0.013269586965815474,-0.013269586965815474,0.550743657559544,0.4524057698665121,0.06952425631941447,0.45927415996962706,0.4511878051543415,0.4511878051543414,0.4568888221092484,0.4524057698665112,0.5507436575595454,0.06952425631941446,-0.007122046641913129,-0.007122046641913124,0.5050278306059536,0.5050278306059536,-0.007122046641913129,-0.007122046641913124,0.5328282768953055,0.6392500430478145,0.6392500430478144,0.4568888221092486,0.015786686500215356,0.015786686500215356,0.6392500430478144,0.6392500430478145,0.5328282768953055,0.015786686500215356,0.015786686500215356,0.01578668650021536,0.17841402027633602,0.17841402027633602,0.45927415996962706,-0.009414000286158387,-0.009414000286158386,-0.009414000286158387,-0.009414000286158386,-0.042508869271603814,0.01578668650021536,0.17859568993169467,0.17859568993169467,0.4524057698665114,0.45240576986651154,0.45927415996962745,0.45927415996962745,-0.013269586965815428,-0.013269586965815422,-0.013269586965815428,-0.013269586965815422,0.06952425631941467,0.06952425631941468,0.45688882210924825,0.45688882210924825,-0.04250886927160383,0.5507436575595452,0.5507436575595451,-0.00850302418413695,-0.008503024184136947,0.5328282768953039,0.5328282768953038,-0.00850302418413695,-0.008503024184136947,0.4274343353202907,0.5328282768953038,0.5328282768953039,0.45927415996962745,0.45927415996962745,0.42743433532029107,0.015786686500215374,0.015786686500215374,-0.04250886927160377,-0.042508869271603786,0.015786686500215374,0.015786686500215374,-0.004589257426681196,-0.004589257426681196,0.017930555812803315,0.017930555812803315,0.42743433532029035,0.42743433532029024,-0.006966360698929937,-0.0069663606989299465,0.017930555812803263,0.01793055581280327,0.4524057698665112,0.016034886709074832,0.016034886709074832,0.45240576986651154,0.4524057698665114,0.45240576986651154,0.4524057698665114,0.4524057698665112,0.9999999999999997,1.0,1.0
