effective_date,external_usd_ret_z,external_vix_z,external_curve_z,external_wti_ret_z,external_risk_off_score,external_usd_ret_z_lag1,external_vix_z_lag1,external_curve_z_lag1,external_wti_ret_z_lag1,external_risk_off_score_lag1
2024-01-02,,,,,0.0,,,,,
2024-01-03,,,,,0.0,,,,,0.0
2024-01-04,,,,,0.0,,,,,0.0
2024-01-05,,,,,0.0,,,,,0.0
2024-01-08,,,,,0.0,,,,,0.0
2024-01-09,,,,,0.0,,,,,0.0
2024-01-10,,,,,0.0,,,,,0.0
2024-01-11,,,,,0.0,,,,,0.0
2024-01-12,,,,,0.0,,,,,0.0
2024-01-15,,,,,0.0,,,,,0.0
2024-01-16,,,,,0.0,,,,,0.0
2024-01-17,,,,,0.0,,,,,0.0
2024-01-18,,,,,0.0,,,,,0.0
2024-01-19,,,,,0.0,,,,,0.0
2024-01-22,,,,,0.0,,,,,0.0
2024-01-23,,,,,0.0,,,,,0.0
2024-01-24,,,,,0.0,,,,,0.0
2024-01-25,,,,,0.0,,,,,0.0
2024-01-26,,,,,0.0,,,,,0.0
2024-01-29,,0.42280008419005216,0.5332986821730245,,0.2894754136467961,,,,,0.0
2024-01-30,,-0.05577976504876367,-0.45349258758252514,,0.05759338184686762,,0.42280008419005216,0.5332986821730245,,0.2894754136467961
2024-01-31,,1.5666351889644712,-0.22151302494097388,,1.6220134451997146,,-0.05577976504876367,-0.45349258758252514,,0.05759338184686762
2024-02-01,,0.7727322005819929,-0.7736149924560818,,0.9661359486960133,,1.5666351889644712,-0.22151302494097388,,1.6220134451997146
2024-02-02,,0.7009038694425953,-0.7483513062682641,,0.8879916960096613,,0.7727322005819929,-0.7736149924560818,,0.9661359486960133
2024-02-05,0.31382180010156385,0.3926098865667145,-0.2699448341549689,-1.7452203182329893,1.6465280543235152,,0.7009038694425953,-0.7483513062682641,,0.8879916960096613
2024-02-06,0.06009052744182498,-0.6226801763929518,-0.38201529780816573,-1.6926740746614348,0.379251212831632,0.31382180010156385,0.3926098865667145,-0.2699448341549689,-1.7452203182329893,1.6465280543235152
2024-02-07,0.27159712994396185,-0.9791449005344389,-0.6113745955413018,-0.8469950573391026,-0.13120659303560037,0.06009052744182498,-0.6226801763929518,-0.38201529780816573,-1.6926740746614348,0.379251212831632
2024-02-08,0.7726615974766492,-1.009170240283357,-0.4767150096109106,0.6653974766473592,-0.4500286287276596,0.27159712994396185,-0.9791449005344389,-0.6113745955413018,-0.8469950573391026,-0.13120659303560037
2024-02-09,-0.40192471260599966,-0.7487719378864703,-0.466829654325707,1.4129609899286752,-1.7404697318753808,0.7726615974766492,-1.009170240283357,-0.4767150096109106,0.6653974766473592,-0.4500286287276596
2024-02-12,-1.387722157107845,0.9447205877186905,-0.20780489829685356,1.191755371790693,-0.9869280307102878,-0.40192471260599966,-0.7487719378864703,-0.466829654325707,1.4129609899286752,-1.7404697318753808
2024-02-13,0.47020822686911856,3.309483012190957,-0.709651681473338,1.227812121030251,3.3431980989132843,-1.387722157107845,0.9447205877186905,-0.20780489829685356,1.191755371790693,-0.9869280307102878
2024-02-14,0.33453164343822966,1.2208904749736855,-0.18292727894037866,0.6402925097074489,1.2810076832932855,0.47020822686911856,3.309483012190957,-0.709651681473338,1.227812121030251,3.3431980989132843
2024-02-15,-0.38046549390457485,0.6965673717375028,-0.5704203576984435,0.25461519038171954,0.3313993720666791,0.33453164343822966,1.2208904749736855,-0.18292727894037866,0.6402925097074489,1.2810076832932855
2024-02-16,-0.41399424991817896,0.985202886558444,-0.8185782300734968,0.44297464507802,0.5543658716196294,-0.38046549390457485,0.6965673717375028,-0.5704203576984435,0.25461519038171954,0.3313993720666791
2024-02-19,-0.20260816373799695,1.5531600512254322,-0.7993040535837167,0.4063864874620352,1.347184657152347,-0.41399424991817896,0.985202886558444,-0.8185782300734968,0.44297464507802,0.5543658716196294
2024-02-20,-1.5857941270000155,2.2821687551439425,-0.518467580124827,-0.25067886410245355,0.9513309552263605,-0.20260816373799695,1.5531600512254322,-0.7993040535837167,0.4063864874620352,1.347184657152347
2024-02-21,-1.2537876814740747,2.0226464717082897,-0.5097097869670588,0.2367117919301984,0.7779303410108804,-1.5857941270000155,2.2821687551439425,-0.518467580124827,-0.25067886410245355,0.9513309552263605
2024-02-22,-0.7322238512509981,1.0300143129472956,-1.0349423903217658,-0.0007800653283373015,0.5569160919409076,-1.2537876814740747,2.0226464717082897,-0.5097097869670588,0.2367117919301984,0.7779303410108804
2024-02-23,-0.722813422555206,0.07875892788069042,-1.6423339335095524,-1.123513432642871,0.32828570502430804,-0.7322238512509981,1.0300143129472956,-1.0349423903217658,-0.0007800653283373015,0.5569160919409076
2024-02-26,-0.6635489507735156,0.06575053483838757,-1.5688300052195163,-0.7730884438608663,0.18095330730018416,-0.722813422555206,0.07875892788069042,-1.6423339335095524,-1.123513432642871,0.32828570502430804
2024-02-27,-0.5787911727010668,-0.3128374235200179,-1.261889126996299,0.02181895339198232,-0.5870657911680013,-0.6635489507735156,0.06575053483838757,-1.5688300052195163,-0.7730884438608663,0.18095330730018416
2024-02-28,-0.2738269332008519,0.19679419603325343,-0.9757709926215983,-0.17177331298641527,0.25279666748100876,-0.5787911727010668,-0.3128374235200179,-1.261889126996299,0.02181895339198232,-0.5870657911680013
2024-02-29,-0.29014108843534736,-0.3546383252399727,-1.202565992643346,-0.5234361863518355,-0.08241982233856571,-0.2738269332008519,0.19679419603325343,-0.9757709926215983,-0.17177331298641527,0.25279666748100876
2024-03-01,-0.5074767247278489,-0.7125816725044184,-0.6690546759852382,0.8772827551249358,-1.4914361057984258,-0.29014108843534736,-0.3546383252399727,-1.202565992643346,-0.5234361863518355,-0.08241982233856571
2024-03-04,-0.8355386985455979,-0.22190995667144686,-1.162973194904232,0.04159034444729468,-0.787500528714634,-0.5074767247278489,-0.7125816725044184,-0.6690546759852382,0.8772827551249358,-1.4914361057984258
2024-03-05,-0.5950594125492298,1.0145355422323885,-1.3786573937999447,-0.6467435418555155,1.0875122490609028,-0.8355386985455979,-0.22190995667144686,-1.162973194904232,0.04159034444729468,-0.787500528714634
2024-03-06,-1.765183591183563,1.0424759825039471,-1.691946788475009,-0.13686047628299688,-0.23129067341936516,-0.5950594125492298,1.0145355422323885,-1.3786573937999447,-0.6467435418555155,1.0875122490609028
2024-03-07,-2.2711720627915017,0.945498926888251,-1.2754624925736349,-0.15378914406697455,-0.9299129407263548,-1.765183591183563,1.0424759825039471,-1.691946788475009,-0.13686047628299688,-0.23129067341936516
2024-03-08,-2.198269348235326,1.2974554188356884,-1.0028532915014658,-1.1041455410796803,-0.09802783598443116,-2.2711720627915017,0.945498926888251,-1.2754624925736349,-0.15378914406697455,-0.9299129407263548
2024-03-11,-1.7297121563630344,1.8293084106877429,-1.222386965615178,-0.6603568881498916,0.7353714398034488,-2.198269348235326,1.2974554188356884,-1.0028532915014658,-1.1041455410796803,-0.09802783598443116
2024-03-12,-1.4631153491723252,0.09691013385739618,-1.310774099074165,-0.5751165392809902,-0.7509534209058928,-1.7297121563630344,1.8293084106877429,-1.222386965615178,-0.6603568881498916,0.7353714398034488
2024-03-13,-1.044345858962875,-0.016983192933996166,-1.277018363480878,-0.10295815142940905,-0.6905953853119469,-1.4631153491723252,0.09691013385739618,-1.310774099074165,-0.5751165392809902,-0.7509534209058928
2024-03-14,-0.03205804984289321,0.8022628027897964,-0.891945720504397,0.591767394814961,0.697307485665522,-1.044345858962875,-0.016983192933996166,-1.277018363480878,-0.10295815142940905,-0.6905953853119469
2024-03-15,0.6578375195965153,0.8026490400967099,-1.1148477646812718,0.8427634460511917,1.317816777837947,-0.03205804984289321,0.8022628027897964,-0.891945720504397,0.591767394814961,0.697307485665522
2024-03-18,0.8495538666320955,0.6901823799243542,-0.8548848400407872,1.535637067765215,0.9856389226840391,0.6578375195965153,0.8026490400967099,-1.1148477646812718,0.8427634460511917,1.317816777837947
2024-03-19,1.2487108934514857,0.029631880961385096,-0.7215333463663121,1.8850350884099207,0.5162085667994885,0.8495538666320955,0.6901823799243542,-0.8548848400407872,1.535637067765215,0.9856389226840391
2024-03-20,1.5665379775802002,-0.9724884824239876,0.021941319785655566,0.3820513666923992,0.39753848186359914,1.2487108934514857,0.029631880961385096,-0.7215333463663121,1.8850350884099207,0.5162085667994885
2024-03-21,0.8198819690469437,-1.1074039172063588,-0.3498677208678024,-0.4935133014211905,0.04670163276813072,1.5665379775802002,-0.9724884824239876,0.021941319785655566,0.3820513666923992,0.39753848186359914
2024-03-22,1.1888908363225308,-0.910398137931527,-0.5950556317957341,-0.7390201273482799,0.7967666700140772,0.8198819690469437,-1.1074039172063588,-0.3498677208678024,-0.4935133014211905,0.04670163276813072
2024-03-25,0.5767540639448683,-0.731141240868761,0.4148395100797778,-0.8794390605567178,0.18162247583452176,1.1888908363225308,-0.910398137931527,-0.5950556317957341,-0.7390201273482799,0.7967666700140772
2024-03-26,-0.000754154299831537,-0.6668721414815253,0.019235887606571425,-1.1173776466789458,-0.11374644434352675,0.5767540639448683,-0.731141240868761,0.4148395100797778,-0.8794390605567178,0.18162247583452176
2024-03-27,-0.11274463513387309,-1.228077981274599,-0.2577647107931124,-0.615308499972481,-0.9687271887239535,-0.000754154299831537,-0.6668721414815253,0.019235887606571425,-1.1173776466789458,-0.11374644434352675
2024-03-28,0.21269910489384727,-0.9014720733118591,-0.9075917127925573,0.3847710484001127,-0.6542605644199289,-0.11274463513387309,-1.228077981274599,-0.2577647107931124,-0.615308499972481,-0.9687271887239535
2024-03-29,-0.5722529086302248,-0.8896835498903332,-0.8938746980491535,0.7330030224992308,-1.6049692952578851,0.21269910489384727,-0.9014720733118591,-0.9075917127925573,0.3847710484001127,-0.6542605644199289
2024-04-01,0.6520901770202414,-0.08067994573151552,-0.8804042498069392,0.4275996233866607,0.5777114820471304,-0.5722529086302248,-0.8896835498903332,-0.8938746980491535,0.7330030224992308,-1.6049692952578851
2024-04-02,0.16992921134354325,1.1212791177785486,-0.23777341053180032,0.9629212176398201,0.869191072935132,0.6520901770202414,-0.08067994573151552,-0.8804042498069392,0.4275996233866607,0.5777114820471304
2024-04-03,-0.24456053194702604,0.7321190343251428,0.017138541927374226,1.1346499393066074,-0.0840511027570305,0.16992921134354325,1.1212791177785486,-0.23777341053180032,0.9629212176398201,0.869191072935132
2024-04-04,-0.8186889882564972,3.0897756275567154,-0.22753854054405206,0.8235966457007032,1.9161729515858799,-0.24456053194702604,0.7321190343251428,0.017138541927374226,1.1346499393066074,-0.0840511027570305
2024-04-05,-0.3423687182536893,2.522691775601418,-0.19897590476489713,0.9138704928365549,1.7731317871206755,-0.8186889882564972,3.0897756275567154,-0.22753854054405206,0.8235966457007032,1.9161729515858799
2024-04-08,-1.6379571011587621,1.4728115384865823,-0.4379739531551729,0.512876562826564,-0.3120903557966686,-0.3423687182536893,2.522691775601418,-0.19897590476489713,0.9138704928365549,1.7731317871206755
2024-04-09,-1.2674883164847248,1.1917119018143225,-0.6929074949286447,-0.46786183858472774,0.33138137835412274,-1.6379571011587621,1.4728115384865823,-0.4379739531551729,0.512876562826564,-0.3120903557966686
2024-04-10,0.9327806629496773,2.052991137391073,-1.227762131550054,-0.21663146063075436,3.4010280635436416,-1.2674883164847248,1.1917119018143225,-0.6929074949286447,-0.46786183858472774,0.33138137835412274
2024-04-11,1.5233591628700944,1.0363357885791322,-0.48111578733599153,-1.0375565705325225,3.1987521835494857,0.9327806629496773,2.052991137391073,-1.227762131550054,-0.21663146063075436,3.4010280635436416
2024-04-12,2.4100393258653288,3.2789698238449,-0.6044212747739591,-0.8908996617221513,6.285564299264794,1.5233591628700944,1.0363357885791322,-0.48111578733599153,-1.0375565705325225,3.1987521835494857
2024-04-15,2.9575907112676467,4.257854836421109,0.6203157268193855,-0.7962867515209675,7.458509991744393,2.4100393258653288,3.2789698238449,-0.6044212747739591,-0.8908996617221513,6.285564299264794
2024-04-16,3.722762074217717,3.207487769317073,0.6923541183887727,-0.37376066655380175,6.9440416472144975,2.9575907112676467,4.257854836421109,0.6203157268193855,-0.7962867515209675,7.458509991744393
2024-04-17,2.030098326928549,2.8030514425157875,0.10229454290260148,-1.568498381375098,5.591825324406235,3.722762074217717,3.207487769317073,0.6923541183887727,-0.37376066655380175,6.9440416472144975
2024-04-18,1.8512867554169463,2.4655714278729524,0.1824949574290092,-1.1485898914803023,4.845529389672797,2.030098326928549,2.8030514425157875,0.10229454290260148,-1.568498381375098,5.591825324406235
2024-04-19,0.9462662262294411,2.7139608439691196,0.04013667151489958,-1.2414889589567206,4.270937381798196,1.8512867554169463,2.4655714278729524,0.1824949574290092,-1.1485898914803023,4.845529389672797
2024-04-22,0.6590533290558915,1.5137530702005981,0.09988899865273283,-1.1064146196717677,2.7010414594291903,0.9462662262294411,2.7139608439691196,0.04013667151489958,-1.2414889589567206,4.270937381798196
2024-04-23,-0.8852567071135515,0.6995730365826426,2.38737043533183,-0.929311204378065,-0.3178706771748339,0.6590533290558915,1.5137530702005981,0.09988899865273283,-1.1064146196717677,2.7010414594291903
2024-04-24,-0.48269196519837954,0.8543389188347003,2.519587969941921,-0.02701139660294162,-0.24474434054768873,-0.8852567071135515,0.6995730365826426,2.38737043533183,-0.929311204378065,-0.3178706771748339
2024-04-25,-0.5433091404674569,0.46152850969111514,1.9802597232253478,0.2845179290362499,-0.7191045261008037,-0.48269196519837954,0.8543389188347003,2.519587969941921,-0.02701139660294162,-0.24474434054768873
2024-04-26,-0.5263691717032544,0.23581032283876907,1.29968571025327,0.31657699082704976,-0.7737687718413278,-0.5433091404674569,0.46152850969111514,1.9802597232253478,0.2845179290362499,-0.7191045261008037
2024-04-29,-1.023581812511692,-0.0013688287915622826,0.2528251968684596,-0.18362830574726194,-0.9963427876467383,-0.5263691717032544,0.23581032283876907,1.29968571025327,0.31657699082704976,-0.7737687718413278
2024-04-30,0.13190759863011361,0.5940279287124695,0.05477039915829162,-0.709284501680179,1.0668851783930995,-1.023581812511692,-0.0013688287915622826,0.2528251968684596,-0.18362830574726194,-0.9963427876467383
2024-05-01,-0.06125886189950983,0.4061535504397079,0.4977030117800293,-1.8533217809450628,1.1471298260677223,0.13190759863011361,0.5940279287124695,0.05477039915829162,-0.709284501680179,1.0668851783930995
2024-05-02,-0.8157679715448946,-0.07135742355170745,1.3570885856271908,-2.1124482508376756,-0.17017341608456193,-0.06125886189950983,0.4061535504397079,0.4977030117800293,-1.8533217809450628,1.1471298260677223
2024-05-03,-1.377183506763702,-0.8584211024230437,0.9216590929125938,-2.5255368164599257,-1.2032509741849315,-0.8157679715448946,-0.07135742355170745,1.3570885856271908,-2.1124482508376756,-0.17017341608456193
2024-05-06,-1.1399940498018262,-0.8506552423376047,0.5077541796531299,-1.8539682471788497,-1.1906037134632883,-1.377183506763702,-0.8584211024230437,0.9216590929125938,-2.5255368164599257,-1.2032509741849315
2024-05-07,-1.4272668016996208,-0.9877557468463399,0.07374815631912536,-1.5669954405330395,-1.6499618673592222,-1.1399940498018262,-0.8506552423376047,0.5077541796531299,-1.8539682471788497,-1.1906037134632883
2024-05-08,-1.2828601344669592,-1.1110085247765724,-0.12378091630902788,-0.17295910181390506,-2.276443879259322,-1.4272668016996208,-0.9877557468463399,0.07374815631912536,-1.5669954405330395,-1.6499618673592222
2024-05-09,-0.49692837355531133,-1.2804082961379897,0.11310488343752746,0.008531780422101067,-1.8098787807637335,-1.2828601344669592,-1.1110085247765724,-0.12378091630902788,-0.17295910181390506,-2.276443879259322
2024-05-10,-0.2766735477429155,-1.331725371667309,-0.3280254999676852,-0.021198763046020835,-1.515793162895293,-0.49692837355531133,-1.2804082961379897,0.11310488343752746,0.008531780422101067,-1.8098787807637335
2024-05-13,0.09272007051317649,-0.6595140417548382,-0.31677610658126626,0.1874560392011626,-0.5813279641969263,-0.2766735477429155,-1.331725371667309,-0.3280254999676852,-0.021198763046020835,-1.515793162895293
2024-05-14,-0.34693296039899385,-0.7489290195391807,-0.07585415054731381,-0.22556983672256342,-0.9641135239400644,0.09272007051317649,-0.6595140417548382,-0.31677610658126626,0.1874560392011626,-0.5813279641969263
2024-05-15,-1.2792689400606345,-1.305564490065765,-0.2859735698960434,-0.20495391970016333,-2.410863077802307,-0.34693296039899385,-0.7489290195391807,-0.07585415054731381,-0.22556983672256342,-0.9641135239400644
2024-05-16,-1.380910834023433,-1.2836652102827577,-0.9496179045239209,-0.0525812561420162,-2.400880940104203,-1.2792689400606345,-1.305564490065765,-0.2859735698960434,-0.20495391970016333,-2.410863077802307
2024-05-17,-1.1306558825523858,-1.4994355271948925,-1.1766182004260464,0.7400096134040755,-2.705941666342804,-1.380910834023433,-1.2836652102827577,-0.9496179045239209,-0.0525812561420162,-2.400880940104203
2024-05-20,-1.1277438040247811,-1.3683541027628912,-0.5119661476522233,0.20717486019326825,-2.4716937999712503,-1.1306558825523858,-1.4994355271948925,-1.1766182004260464,0.7400096134040755,-2.705941666342804
2024-05-21,-0.7716110588302646,-1.4982453858391211,-1.1831862913040314,0.37147759666641583,-2.1597986701765857,-1.1277438040247811,-1.3683541027628912,-0.5119661476522233,0.20717486019326825,-2.4716937999712503
2024-05-22,0.22835200783895301,-1.2206710377728225,-1.5813222708962564,-0.5525863767715798,-0.32069527382401547,-0.7716110588302646,-1.4982453858391211,-1.1831862913040314,0.37147759666641583,-2.1597986701765857
2024-05-23,0.6689523163773262,-0.9367335733322486,-1.7451713032230285,-1.501375091036751,0.9191991143692102,0.22835200783895301,-1.2206710377728225,-1.5813222708962564,-0.5525863767715798,-0.32069527382401547
2024-05-24,0.4655380855243223,-1.3854020018534943,-2.250474931454187,-1.3573075819897547,0.32140860752925215,0.6689523163773262,-0.9367335733322486,-1.7451713032230285,-1.501375091036751,0.9191991143692102
2024-05-27,0.46089549774968613,-1.1239112224236374,-2.1395818686534307,-1.2050602681173952,0.47440987654810407,0.4655380855243223,-1.3854020018534943,-2.250474931454187,-1.3573075819897547,0.32140860752925215
2024-05-28,0.0006094890343191773,-0.794115338620825,-0.7431302589074276,0.1157372019375909,-0.6655918858284442,0.46089549774968613,-1.1239112224236374,-2.1395818686534307,-1.2050602681173952,0.47440987654810407
2024-05-29,0.7405224742978658,-0.04043968589840388,0.23577319632830893,0.48206181474191584,0.4001085819464268,0.0006094890343191773,-0.794115338620825,-0.7431302589074276,0.1157372019375909,-0.6655918858284442
2024-05-30,0.16598821235375355,0.06429716486126466,-0.18949865499964852,0.6603014007500622,-0.05249065941010074,0.7405224742978658,-0.04043968589840388,0.23577319632830893,0.48206181474191584,0.4001085819464268
2024-05-31,0.5113827463826263,-0.7719290955511477,-0.40037376735087327,-0.2293302620161843,-0.045787776322711,0.16598821235375355,0.06429716486126466,-0.18949865499964852,0.6603014007500622,-0.05249065941010074
2024-06-03,0.8383644428447062,-0.6470872717470221,-1.021643406343617,-1.3752572070660138,1.1343166262165953,0.5113827463826263,-0.7719290955511477,-0.40037376735087327,-0.2293302620161843,-0.045787776322711
2024-06-04,1.5776317354489584,-0.611739023061139,-1.6198036043570154,-2.559653933768239,2.6506705803611927,0.8383644428447062,-0.6470872717470221,-1.021643406343617,-1.3752572070660138,1.1343166262165953
2024-06-05,0.25036289765689496,-0.8863959029052121,-1.4049635837474803,-1.8991282644313037,0.6647720229042047,1.5776317354489584,-0.611739023061139,-1.6198036043570154,-2.559653933768239,2.6506705803611927
2024-06-06,0.30117110629479954,-0.8909896580775681,-1.562863457999614,-0.8392783827211269,0.22053650407769837,0.25036289765689496,-0.8863959029052121,-1.4049635837474803,-1.8991282644313037,0.6647720229042047
2024-06-07,1.7025483336693052,-1.055707735815354,-1.5333279847791692,-0.4311473623469171,1.2457462752222022,0.30117110629479954,-0.8909896580775681,-1.562863457999614,-0.8392783827211269,0.22053650407769837
2024-06-10,1.7798073526105884,-0.7592762300142647,-0.7370519279510227,1.6317256851914614,0.3889312619883488,1.7025483336693052,-1.055707735815354,-1.5333279847791692,-0.4311473623469171,1.2457462752222022
2024-06-11,1.4068336760619289,-0.6894037416004973,-1.107959292617042,2.1729868771589538,-0.09207368096378482,1.7798073526105884,-0.7592762300142647,-0.7370519279510227,1.6317256851914614,0.3889312619883488
2024-06-12,1.3733787184619874,-1.1021560126042136,-1.4424341344838183,2.021011911633574,-0.3786747163380586,1.4068336760619289,-0.6894037416004973,-1.107959292617042,2.1729868771589538,-0.09207368096378482
2024-06-13,1.7727401557163136,-1.1373875346550346,-1.3907478574896972,1.3697150238783526,0.29818207349452697,1.3733787184619874,-1.1021560126042136,-1.4424341344838183,2.021011911633574,-0.3786747163380586
2024-06-14,0.4518665384838649,-0.7557516295061147,-1.8702983715489812,1.2435044666051482,-0.45806273143757864,1.7727401557163136,-1.1373875346550346,-1.3907478574896972,1.3697150238783526,0.29818207349452697
2024-06-17,0.08091681687635567,-0.7033675183608429,-1.796504356496812,1.061248455813211,-0.7039488402668896,0.4518665384838649,-0.7557516295061147,-1.8702983715489812,1.2435044666051482,-0.45806273143757864
2024-06-18,-0.3998497279327404,-0.9241188625245834,-1.7188624595205326,1.4651696723720173,-1.6268378117631992,0.08091681687635567,-0.7033675183608429,-1.796504356496812,1.061248455813211,-0.7039488402668896
2024-06-19,-0.14167276062249082,-0.826761178017724,-1.6456523477576046,1.1615935110027316,-1.1378176072021793,-0.3998497279327404,-0.9241188625245834,-1.7188624595205326,1.4651696723720173,-1.6268378117631992
2024-06-20,-0.114229505991586,-0.41643970324207574,-1.2603839727565584,1.3629347479671232,-0.8970405900280839,-0.14167276062249082,-0.826761178017724,-1.6456523477576046,1.1615935110027316,-1.1378176072021793
2024-06-21,-0.40640191056585095,-0.45982534363479416,-1.2273563096925566,0.8475404965511819,-0.9831584250530969,-0.114229505991586,-0.41643970324207574,-1.2603839727565584,1.3629347479671232,-0.8970405900280839
2024-06-24,-0.9653734464178043,-0.3894625060250447,-1.3567215587156425,0.4747266965209109,-1.2530189110243937,-0.40640191056585095,-0.45982534363479416,-1.2273563096925566,0.8475404965511819,-0.9831584250530969
2024-06-25,-0.34487938824991976,-0.6258126867854997,-0.6615419170596925,-0.2193490194817396,-0.6956320860296267,-0.9653734464178043,-0.3894625060250447,-1.3567215587156425,0.4747266965209109,-1.2530189110243937
2024-06-26,0.04864865644169335,-0.7564072409631373,-0.13858034001280725,-0.11519655745557113,-0.6155152207904565,-0.34487938824991976,-0.6258126867854997,-0.6615419170596925,-0.2193490194817396,-0.6956320860296267
2024-06-27,-0.13301443824676817,-0.8852903467034557,-0.45932888823580237,-0.026441669663933513,-0.8902517280593067,0.04864865644169335,-0.7564072409631373,-0.13858034001280725,-0.11519655745557113,-0.6155152207904565
2024-06-28,-0.19201518029640177,-0.7550076726187295,0.5652943594940714,0.5294990813976433,-1.3530959834874707,-0.13301443824676817,-0.8852903467034557,-0.45932888823580237,-0.026441669663933513,-0.8902517280593067
2024-07-01,0.6078052255072562,-0.8415402825180947,1.5378288584982196,0.8905269529202365,-1.0634557480955116,-0.19201518029640177,-0.7550076726187295,0.5652943594940714,0.5294990813976433,-1.3530959834874707
2024-07-02,0.07020321510862552,-0.9105608963976515,1.1699768260289551,0.8968681038707554,-1.5812859397316426,0.6078052255072562,-0.8415402825180947,1.5378288584982196,0.8905269529202365,-1.0634557480955116
2024-07-03,-0.9745698571333872,-0.8503256793237636,0.49076896824802,1.1998350293818807,-2.5475052932100963,0.07020321510862552,-0.9105608963976515,1.1699768260289551,0.8968681038707554,-1.5812859397316426
2024-07-04,-1.0386246432313855,-0.7385067163573429,0.4843792778984773,0.8472098457516207,-2.3218311019391584,-0.9745698571333872,-0.8503256793237636,0.49076896824802,1.1998350293818807,-2.5475052932100963
2024-07-05,-1.2205619635866365,-0.5999400819996888,0.9556437574509238,0.6309636781888512,-2.3748948240434817,-1.0386246432313855,-0.7385067163573429,0.4843792778984773,0.8472098457516207,-2.3218311019391584
2024-07-08,-1.6523165599380374,-0.6471220598342491,0.645847571216933,-0.3490611280337809,-2.286369948559629,-1.2205619635866365,-0.5999400819996888,0.9556437574509238,0.6309636781888512,-2.3748948240434817
2024-07-09,-1.381556723028751,-0.5478165654496705,0.9889509718778499,-0.42985602353964203,-1.961683019678063,-1.6523165599380374,-0.6471220598342491,0.645847571216933,-0.3490611280337809,-2.286369948559629
2024-07-10,-0.9492304068054259,-0.3070438129255238,0.65559671169431,-0.6134339188371085,-1.113456438235973,-1.381556723028751,-0.5478165654496705,0.9889509718778499,-0.42985602353964203,-1.961683019678063
2024-07-11,-1.5066120089940378,-0.223303486399074,1.296861240337604,-0.42962667935477983,-1.8393174658001228,-0.9492304068054259,-0.3070438129255238,0.65559671169431,-0.6134339188371085,-1.113456438235973
2024-07-12,-1.4931017607341872,-0.569268910263414,1.7267067952286592,-0.32888212272514045,-2.329606308442196,-1.5066120089940378,-0.223303486399074,1.296861240337604,-0.42962667935477983,-1.8393174658001228
2024-07-15,-1.0130060607349147,0.06090579719776758,2.510296567813407,-0.1442049994112813,-1.5075719057848582,-1.4931017607341872,-0.569268910263414,1.7267067952286592,-0.32888212272514045,-2.329606308442196
2024-07-16,-0.9410441980459201,0.17768640372388694,1.7604493922881947,-0.32347532650191924,-1.0417324791431222,-1.0130060607349147,0.06090579719776758,2.510296567813407,-0.1442049994112813,-1.5075719057848582
2024-07-17,-0.9105009432226056,1.6055611966179226,1.7833375297499983,0.2905980683840271,0.103926836765804,-0.9410441980459201,0.17768640372388694,1.7604493922881947,-0.32347532650191924,-1.0417324791431222
2024-07-18,0.06381974163037182,3.069261044847795,1.7833375297499983,0.10195932416544541,2.6362667419579444,-0.9105009432226056,1.6055611966179226,1.7833375297499983,0.2905980683840271,0.103926836765804
2024-07-19,1.0072785395381152,3.4094623375187076,2.034517560646409,-0.7435080990994476,4.279865536444944,0.06381974163037182,3.069261044847795,1.7833375297499983,0.10195932416544541,2.6362667419579444
2024-07-22,0.8045165832209925,1.8230147695676278,1.947179972482561,-0.6942646153210146,2.4878686673284878,1.0072785395381152,3.4094623375187076,2.034517560646409,-0.7435080990994476,4.279865536444944
2024-07-23,0.8951982477928335,1.709626402497194,2.965215177119676,-1.3198477134669588,2.523444712743588,0.8045165832209925,1.8230147695676278,1.947179972482561,-0.6942646153210146,2.4878686673284878
2024-07-24,1.3855297247565264,4.324142757162139,3.3501662865470436,-1.858417785439826,5.801339803001818,0.8951982477928335,1.709626402497194,2.965215177119676,-1.3198477134669588,2.523444712743588
2024-07-25,0.9381434574735119,4.00920224389812,2.5716862947817987,-1.618711662923164,5.113779959137764,1.3855297247565264,4.324142757162139,3.3501662865470436,-1.858417785439826,5.801339803001818
2024-07-26,0.6207804072302016,2.3068213145765535,2.2192672120672494,-1.0176535052572298,2.8816116714185576,0.9381434574735119,4.00920224389812,2.5716862947817987,-1.618711662923164,5.113779959137764
2024-07-29,1.1263590481953603,2.307404701597292,1.8101381246985317,-1.450008650478136,3.7062335438570866,0.6207804072302016,2.3068213145765535,2.2192672120672494,-1.0176535052572298,2.8816116714185576
2024-07-30,1.0620319758678896,2.7918868950448523,1.6366920879349522,-0.7688016719381636,3.829146684898086,1.1263590481953603,2.307404701597292,1.8101381246985317,-1.450008650478136,3.7062335438570866
2024-07-31,-0.09034847019941254,1.8546338416070793,1.5739885868440802,0.27937554658966546,1.231100451401814,1.0620319758678896,2.7918868950448523,1.6366920879349522,-0.7688016719381636,3.829146684898086
2024-08-01,0.259903359787971,2.9287635617768317,1.7990791747185877,-0.59725147369271,3.037522864731511,-0.09034847019941254,1.8546338416070793,1.5739885868440802,0.27937554658966546,1.231100451401814
2024-08-02,-0.499102653544627,4.497500712496592,2.5032025534596998,-1.310272016052504,4.027733428613292,0.259903359787971,2.9287635617768317,1.7990791747185877,-0.59725147369271,3.037522864731511
2024-08-05,-0.9697271056308306,6.316028915406706,2.0961278393609,-0.9952483632824932,5.319894031576897,-0.499102653544627,4.497500712496592,2.5032025534596998,-1.310272016052504,4.027733428613292
2024-08-06,-1.0487314400062684,3.1491593222143845,2.146658201274221,-0.5080453776779466,1.8177860207285343,-0.9697271056308306,6.316028915406706,2.0961278393609,-0.9952483632824932,5.319894031576897
2024-08-07,-0.2997817798371217,2.892546097607737,2.4061832243672954,-0.8853385095923897,2.433887766474986,-1.0487314400062684,3.1491593222143845,2.146658201274221,-0.5080453776779466,1.8177860207285343
2024-08-08,-0.8184462746262503,1.9096377935502946,2.1857132611853616,0.0917139025486062,0.498906252353401,-0.2997817798371217,2.892546097607737,2.4061832243672954,-0.8853385095923897,2.433887766474986
2024-08-09,-1.0001687831495187,1.149401642484817,1.6368193712633925,1.422021912653405,-0.9709829398072524,-0.8184462746262503,1.9096377935502946,2.1857132611853616,0.0917139025486062,0.498906252353401
2024-08-12,-0.7591321473323032,1.1795590423743436,1.570304676823951,2.684557329781372,-1.3144279390546332,-1.0001687831495187,1.149401642484817,1.6368193712633925,1.422021912653405,-0.9709829398072524
2024-08-13,-1.1583703156640999,0.622007298443086,1.7196965796876091,1.92754447984952,-1.930059402067676,-0.7591321473323032,1.1795590423743436,1.570304676823951,2.684557329781372,-1.3144279390546332
2024-08-14,-1.7968358252212684,0.20941758578208589,1.4394508583064094,0.6550035042948744,-2.274782706163222,-1.1583703156640999,0.622007298443086,1.7196965796876091,1.92754447984952,-1.930059402067676
2024-08-15,-1.3580608076003509,0.0015951891205111546,1.0348973059828042,0.700872004403856,-1.9656259471774686,-1.7968358252212684,0.20941758578208589,1.4394508583064094,0.6550035042948744,-2.274782706163222
2024-08-16,-0.8766762808444929,-0.09821659061461337,0.9299219361107828,-0.10002459154806848,-1.1573610597127677,-1.3580608076003509,0.0015951891205111546,1.0348973059828042,0.700872004403856,-1.9656259471774686
2024-08-19,-1.8931732389570313,-0.1379416183089251,0.6808819671557622,-1.852548878454438,-1.2750609098276782,-0.8766762808444929,-0.09821659061461337,0.9299219361107828,-0.10002459154806848,-1.1573610597127677
2024-08-20,-1.6906269722195737,0.10967093472014679,0.8766640522298383,-1.4705673248884612,-1.064838388112656,-1.8931732389570313,-0.1379416183089251,0.6808819671557622,-1.852548878454438,-1.2750609098276782
2024-08-21,-0.7994054234834633,0.18462015795786035,1.1385863800992522,-1.799318987778569,0.00022763333886843817,-1.6906269722195737,0.10967093472014679,0.8766640522298383,-1.4705673248884612,-1.064838388112656
2024-08-22,-0.325344127493263,0.4420298726805491,1.1011641889554198,-1.7610311853404768,0.7219102906186694,-0.7994054234834633,0.18462015795786035,1.1385863800992522,-1.799318987778569,0.00022763333886843817
2024-08-23,-1.2196323809182368,0.07753050786387237,1.3458012275670133,-0.604778313667591,-1.1761630231123221,-0.325344127493263,0.4420298726805491,1.1011641889554198,-1.7610311853404768,0.7219102906186694
2024-08-26,-0.22625822271566587,0.12809830634214459,1.298753110083479,0.9178603727945871,-0.8817783802916845,-1.2196323809182368,0.07753050786387237,1.3458012275670133,-0.604778313667591,-1.1761630231123221
2024-08-27,0.1703636364507117,-0.0315926609698002,1.8656358913955429,0.4527150600145305,-0.5539955273752395,-0.22625822271566587,0.12809830634214459,1.298753110083479,0.9178603727945871,-0.8817783802916845
2024-08-28,0.10573400879774315,0.3080515967599642,1.8512624400261974,0.96650125919085,-0.532280634044267,0.1703636364507117,-0.0315926609698002,1.8656358913955429,0.4527150600145305,-0.5539955273752395
2024-08-29,-0.11130527942782936,-0.011788106687022997,1.7107837668844763,1.075855642061142,-1.0887171488665424,0.10573400879774315,0.3080515967599642,1.8512624400261974,0.96650125919085,-0.532280634044267
2024-08-30,1.2810277928923495,-0.16041219870225465,1.6463050740854617,-0.4868263585659271,0.9524525049516929,-0.11130527942782936,-0.011788106687022997,1.7107837668844763,1.075855642061142,-1.0887171488665424
2024-09-02,1.010523623321138,-0.05324439491357475,1.5822261950767673,-1.2803794576327374,1.2019124084547401,1.2810277928923495,-0.16041219870225465,1.6463050740854617,-0.4868263585659271,0.9524525049516929
2024-09-03,1.446260031990385,1.0199412355302362,1.2676545520083051,-1.7037163657940353,3.0011458124155626,1.010523623321138,-0.05324439491357475,1.5822261950767673,-1.2803794576327374,1.2019124084547401
2024-09-04,1.0607909781363134,1.1094530185355078,1.5519566684269162,-1.719112700835968,2.641811179983076,1.446260031990385,1.0199412355302362,1.2676545520083051,-1.7037163657940353,3.0011458124155626
2024-09-05,0.5273924463643461,0.7815216748930905,1.3075191476569619,-2.053261075735955,2.008664872211174,1.0607909781363134,1.1094530185355078,1.5519566684269162,-1.719112700835968,2.641811179983076
2024-09-06,0.4687784200057619,1.2620283773641021,1.789697863103419,-1.753663474766773,2.1602140689773957,0.5273924463643461,0.7815216748930905,1.3075191476569619,-2.053261075735955,2.008664872211174
2024-09-09,0.8115520569424008,0.6233887507473201,1.4770043656383813,-1.3506777105983019,1.7410285715792768,0.4687784200057619,1.2620283773641021,1.789697863103419,-1.753663474766773,2.1602140689773957
2024-09-10,0.5408745173747392,0.5239340324682294,1.701239704509875,-1.2724957723336041,1.275746509882302,0.8115520569424008,0.6233887507473201,1.4770043656383813,-1.3506777105983019,1.7410285715792768
2024-09-11,0.5932867440165466,0.2127679239368765,1.4589848225274054,-0.3355514508159834,0.6090841877295634,0.5408745173747392,0.5239340324682294,1.701239704509875,-1.2724957723336041,1.275746509882302
2024-09-12,0.166908394075254,0.0676203522547682,1.4909026037097408,0.27793371706300624,-0.2771637631289161,0.5932867440165466,0.2127679239368765,1.4589848225274054,-0.3355514508159834,0.6090841877295634
2024-09-13,-1.1229577205109937,-0.05369997546060488,1.7944166229916392,0.7326931786601113,-1.9916084410495642,0.166908394075254,0.0676203522547682,1.4909026037097408,0.27793371706300624,-0.2771637631289161
2024-09-16,-1.6539313053088485,0.057594913466843096,1.6170907684262075,0.8840535052383975,-2.442635836567756,-1.1229577205109937,-0.05369997546060488,1.7944166229916392,0.7326931786601113,-1.9916084410495642
2024-09-17,-1.8434689701200566,0.1428477985002088,1.5069370868322973,2.2751820642025646,-3.2149464754292043,-1.6539313053088485,0.057594913466843096,1.6170907684262075,0.8840535052383975,-2.442635836567756
2024-09-18,-1.5023700944779854,0.2589426472863523,1.6769108978660439,1.5330543911045482,-2.4291823672104185,-1.8434689701200566,0.1428477985002088,1.5069370868322973,2.2751820642025646,-3.2149464754292043
2024-09-19,-1.3437611652092596,-0.17366649495619077,1.9835438460706272,1.2477111724859478,-2.6371692079260813,-1.5023700944779854,0.2589426472863523,1.6769108978660439,1.5330543911045482,-2.4291823672104185
2024-09-20,-0.05240295649041307,-0.2291385768148112,2.1751932853513285,1.278926108517675,-1.464802908901894,-1.3437611652092596,-0.17366649495619077,1.9835438460706272,1.2477111724859478,-2.6371692079260813
2024-09-23,0.23801681858155627,-0.3037378905051001,2.0668199860967715,0.32192923959746467,-0.743390688246469,-0.05240295649041307,-0.2291385768148112,2.1751932853513285,1.278926108517675,-1.464802908901894
2024-09-24,-0.3481580811648937,-0.43343256401535424,2.4127583724451562,0.3154546296272614,-1.5425075531051675,0.23801681858155627,-0.3037378905051001,2.0668199860967715,0.32192923959746467,-0.743390688246469
2024-09-25,0.17648919264531499,-0.44614182342092545,2.353903989676292,-0.1950459010035511,-0.7606056776929079,-0.3481580811648937,-0.43343256401535424,2.4127583724451562,0.3154546296272614,-1.5425075531051675
2024-09-26,0.0027391217094583846,-0.4719694064028775,1.81898415126028,-1.1638955531632678,-0.3420285459268552,0.17648919264531499,-0.44614182342092545,2.353903989676292,-0.1950459010035511,-0.7606056776929079
2024-09-27,-0.10818620662002985,-0.12133585772611977,1.815519724219869,-0.947345046943538,-0.20972947192934788,0.0027391217094583846,-0.4719694064028775,1.81898415126028,-1.1638955531632678,-0.3420285459268552
2024-09-30,0.0961682354446198,-0.1948063882723397,1.442583916487931,-0.4949526742288076,-0.21180779483529885,-0.10818620662002985,-0.12133585772611977,1.815519724219869,-0.947345046943538,-0.20972947192934788
2024-10-01,1.134501821786494,0.3844033652892312,1.2728586281146077,-0.26814361545391846,1.3347623377740323,0.0961682354446198,-0.1948063882723397,1.442583916487931,-0.4949526742288076,-0.21180779483529885
2024-10-02,0.45685613916688755,0.2766022303500025,1.4409931147228106,0.45207184958439545,0.1471741660439897,1.134501821786494,0.3844033652892312,1.2728586281146077,-0.26814361545391846,1.3347623377740323
2024-10-03,1.7797380176413784,0.6380051595716906,1.3348121874241126,2.268648000297415,0.9497161302083331,0.45685613916688755,0.2766022303500025,1.4409931147228106,0.45207184958439545,0.1471741660439897
2024-10-04,1.8032577789262167,0.3008805016130412,0.6121978372570374,2.175606902292508,0.8632853700787446,1.7797380176413784,0.6380051595716906,1.3348121874241126,2.268648000297415,0.9497161302083331
2024-10-07,1.7620590491921428,1.1173622049687777,0.5172101093648698,2.789422415491871,1.3554075190737676,1.8032577789262167,0.3008805016130412,0.6121978372570374,2.175606902292508,0.8632853700787446
2024-10-08,1.46156553851773,0.7851987006748101,0.6352586126434447,1.231518818366067,1.4721901768486456,1.7620590491921428,1.1173622049687777,0.5172101093648698,2.789422415491871,1.3554075190737676
2024-10-09,1.8530959697859606,0.6205581551697583,0.6829920028579645,1.001921306730555,1.8019454708759504,1.46156553851773,0.7851987006748101,0.6352586126434447,1.231518818366067,1.4721901768486456
2024-10-10,1.3346997127394042,0.6172401998494641,0.9558041585676598,0.6926350099275587,1.3666713679831741,1.8530959697859606,0.6205581551697583,0.6829920028579645,1.001921306730555,1.8019454708759504
2024-10-11,1.036079457649928,0.48197951623725577,1.0787578121612806,0.4287179677070749,1.0340105369933261,1.3346997127394042,0.6172401998494641,0.9558041585676598,0.6926350099275587,1.3666713679831741
2024-10-14,0.7551827939446847,0.27161033722560807,1.0506191773070384,-0.28940900892113314,0.9088428413040996,1.036079457649928,0.48197951623725577,1.0787578121612806,0.4287179677070749,1.0340105369933261
2024-10-15,1.1456558380627127,0.48879718941107186,0.6295942108777212,-0.6740066422364507,1.8140577958725794,0.7551827939446847,0.27161033722560807,1.0506191773070384,-0.28940900892113314,0.9088428413040996
2024-10-16,1.4040153681250178,0.21081386787676776,0.6858549706981452,-0.6491243196274369,1.7679276531409678,1.1456558380627127,0.48879718941107186,0.6295942108777212,-0.6740066422364507,1.8140577958725794
2024-10-17,1.3521814133294063,0.08772031753525122,0.9727696827508517,-1.2078588548828493,1.800638737618369,1.4040153681250178,0.21081386787676776,0.6858549706981452,-0.6491243196274369,1.7679276531409678
2024-10-18,1.2263851675519486,-0.19631201754273,0.9418127696537788,-1.4638963352294372,1.5265681252104926,1.3521814133294063,0.08772031753525122,0.9727696827508517,-1.2078588548828493,1.800638737618369
2024-10-21,1.9190520067405228,-0.11690424587118438,1.2297413153032317,-1.1055802799882903,2.0475025720376756,1.2263851675519486,-0.19631201754273,0.9418127696537788,-1.4638963352294372,1.5265681252104926
2024-10-22,1.132485032209297,-0.16293329018889807,1.1983616433748578,0.5528046650379812,0.3935589986576939,1.9190520067405228,-0.11690424587118438,1.2297413153032317,-1.1055802799882903,2.0475025720376756
2024-10-23,0.9391959778056918,0.09285882649764542,1.169493799865425,0.22741226196354491,0.6259752233552085,1.132485032209297,-0.16293329018889807,1.1983616433748578,0.5528046650379812,0.3935589986576939
2024-10-24,0.46081987348366593,0.04940260340860747,0.8885154346564749,-0.06557020451315868,0.3208787204847341,0.9391959778056918,0.09285882649764542,1.169493799865425,0.22741226196354491,0.6259752233552085
2024-10-25,0.8142007686063866,0.3896819409458239,0.8589934511703876,0.7041572594389478,0.6370557170401396,0.46081987348366593,0.04940260340860747,0.8885154346564749,-0.06557020451315868,0.3208787204847341
2024-10-28,0.3327544280842506,0.4513570429399779,0.9991762526258188,-0.842683054032823,0.9556589348841854,0.8142007686063866,0.3896819409458239,0.8589934511703876,0.7041572594389478,0.6370557170401396
2024-10-29,0.46446939836168954,0.3732064010261976,1.0510572006159276,-1.2702854511831503,1.2100542248254804,0.3327544280842506,0.4513570429399779,0.9991762526258188,-0.842683054032823,0.9556589348841854
2024-10-30,0.036410108528783604,0.9277585948736576,0.7633930234424515,-0.5358046388406937,1.0412227669621752,0.46446939836168954,0.3732064010261976,1.0510572006159276,-1.2702854511831503,1.2100542248254804
2024-10-31,0.23354144188818787,2.2044456760118685,0.5665391462406136,-0.1507909425430105,2.3717478026114085,0.036410108528783604,0.9277585948736576,0.7633930234424515,-0.5358046388406937,1.0412227669621752
2024-11-01,0.1027760686861046,1.595080968166817,0.8877707425805592,-0.44003640139708766,1.6959325519063255,0.23354144188818787,2.2044456760118685,0.5665391462406136,-0.1507909425430105,2.3717478026114085
2024-11-04,-0.4397907637874641,1.6093458544432568,0.6843547965410841,1.3380293842872013,0.3294516993769211,0.1027760686861046,1.595080968166817,0.8877707425805592,-0.44003640139708766,1.6959325519063255
2024-11-05,-0.5682374991188267,0.9340716288987387,0.03198291102152979,1.5106576500484763,-0.39749042299970855,-0.4397907637874641,1.6093458544432568,0.6843547965410841,1.3380293842872013,0.3294516993769211
2024-11-06,0.968472342196819,-0.8968291772604424,0.7367369489381613,0.9940516769324536,-0.6095669107643905,-0.5682374991188267,0.9340716288987387,0.03198291102152979,1.5106576500484763,-0.39749042299970855
2024-11-07,-0.2680065950333785,-1.3604196067105796,0.24076066604417248,0.9860475705965689,-2.181640153553286,0.968472342196819,-0.8968291772604424,0.7367369489381613,0.9940516769324536,-0.6095669107643905
2024-11-08,0.7824963339955618,-1.4764847513138337,-0.39405141734011123,0.37130311132575067,-0.7811271186461195,-0.2680065950333785,-1.3604196067105796,0.24076066604417248,0.9860475705965689,-2.181640153553286
2024-11-11,1.05768298839918,-1.4710965871716832,-0.4677198141882328,-0.18788997899675675,-0.20253865572706659,0.7824963339955618,-1.4764847513138337,-0.39405141734011123,0.37130311132575067,-0.7811271186461195
2024-11-12,2.6360936795269314,-1.5581960848445195,0.03530302164911681,-0.9029134796213979,1.5205285790808316,1.05768298839918,-1.4710965871716832,-0.4677198141882328,-0.18788997899675675,-0.20253865572706659
2024-11-13,1.2534363653137561,-1.7995922522357277,0.9663879725005536,-0.7600975205541477,-0.4077041197700362,2.6360936795269314,-1.5581960848445195,0.03530302164911681,-0.9029134796213979,1.5205285790808316
2024-11-14,2.416012848411954,-1.6181066800802433,-0.07528402087000721,-0.8951499886031771,1.2643021678508009,1.2534363653137561,-1.7995922522357277,0.9663879725005536,-0.7600975205541477,-0.4077041197700362
2024-11-15,1.1750752521240728,-0.8668473728190631,0.29232878976139537,-0.8197344649011811,0.6450129143152514,2.416012848411954,-1.6181066800802433,-0.07528402087000721,-0.8951499886031771,1.2643021678508009
2024-11-18,0.7820644994371313,-1.0900524549595916,0.4061115276128631,-0.2167995684763369,-0.3011160531875076,1.1750752521240728,-0.8668473728190631,0.29232878976139537,-0.8197344649011811,0.6450129143152514
2024-11-19,-1.0260620313399078,-0.7843273634027227,0.23138147943414336,0.5004640826130542,-2.118466805907693,0.7820644994371313,-1.0900524549595916,0.4061115276128631,-0.2167995684763369,-0.3011160531875076
2024-11-20,-0.6373052975082943,-0.4492850204336245,-0.09840420897926275,0.2738668906803571,-1.1989227110372815,-1.0260620313399078,-0.7843273634027227,0.23138147943414336,0.5004640826130542,-2.118466805907693
2024-11-21,-0.4123890256770413,-0.5819630779176095,-0.2836463435016325,0.5437156827612171,-1.1952983590998512,-0.6373052975082943,-0.4492850204336245,-0.09840420897926275,0.2738668906803571,-1.1989227110372815
2024-11-22,0.21668682362116667,-1.2664563640477822,-1.1063788852989058,1.3718519888485408,-1.4591008135261594,-0.4123890256770413,-0.5819630779176095,-0.2836463435016325,0.5437156827612171,-1.1952983590998512
2024-11-25,-0.02942603223095057,-1.513910057785376,-0.8168019776017066,0.08374221679605391,-1.381006704013927,0.21668682362116667,-1.2664563640477822,-1.1063788852989058,1.3718519888485408,-1.4591008135261594
2024-11-26,0.7984565519392773,-1.6505175207342395,-0.377426810388249,-0.11949419927341702,-0.6979571665611914,-0.02942603223095057,-1.513910057785376,-0.8168019776017066,0.08374221679605391,-1.381006704013927
2024-11-27,-0.5956721110949311,-1.58935529811369,-0.933220080601522,-0.0058609244976774695,-1.9487919268094016,0.7984565519392773,-1.6505175207342395,-0.377426810388249,-0.11949419927341702,-0.6979571665611914
2024-11-28,-0.8677821167661247,-1.6014499959283588,-0.997568039930055,-0.3640375039681541,-2.0378213507278926,-0.5956721110949311,-1.58935529811369,-0.933220080601522,-0.0058609244976774695,-1.9487919268094016
2024-11-29,-1.5824869129169568,-1.7017764885791218,-1.1757728696679683,-0.9769358201444983,-2.501852274006837,-0.8677821167661247,-1.6014499959283588,-0.997568039930055,-0.3640375039681541,-2.0378213507278926
2024-12-02,-0.3006888236289516,-1.6922950364183684,-1.7298019705586214,-0.3178405007387766,-1.4016131170382764,-1.5824869129169568,-1.7017764885791218,-1.1757728696679683,-0.9769358201444983,-2.501852274006837
2024-12-03,-1.0317506140708717,-1.635592811509101,-0.9910965027044016,0.3239564539361377,-2.5815475268719412,-0.3006888236289516,-1.6922950364183684,-1.7298019705586214,-0.3178405007387766,-1.4016131170382764
2024-12-04,-0.5175690263486914,-1.5200199029231156,-1.012504278857621,-0.0985879527945483,-1.7351688831601275,-1.0317506140708717,-1.635592811509101,-0.9910965027044016,0.3239564539361377,-2.5815475268719412
2024-12-05,-0.9115218315451534,-1.4382320588692739,-1.7367746011409328,-0.16957099224343178,-1.8307747440074782,-0.5175690263486914,-1.5200199029231156,-1.012504278857621,-0.0985879527945483,-1.7351688831601275
2024-12-06,-0.3221409512813073,-1.6591701836924309,-1.1575243733832963,0.07738556798949604,-1.7306228256226621,-0.9115218315451534,-1.4382320588692739,-1.7367746011409328,-0.16957099224343178,-1.8307747440074782
2024-12-09,-1.1643113963247524,-1.1186581679851566,-0.7910258910455812,0.07696083155117572,-2.1236935073241017,-0.3221409512813073,-1.6591701836924309,-1.1575243733832963,0.07738556798949604,-1.7306228256226621
2024-12-10,-0.5408877472853536,-1.0906159307728776,-0.796269759375609,-0.39555138887624003,-1.234660543776209,-1.1643113963247524,-1.1186581679851566,-0.7910258910455812,0.07696083155117572,-2.1236935073241017
2024-12-11,-0.4688717792580614,-1.258293790928774,-0.06748102510640692,0.6050773821553389,-2.012834004987903,-0.5408877472853536,-1.0906159307728776,-0.796269759375609,-0.39555138887624003,-1.234660543776209
2024-12-12,0.11226913752588316,-1.1148996708900274,0.48463645303686176,0.5874563291350854,-1.4175178111909024,-0.4688717792580614,-1.258293790928774,-0.06748102510640692,0.6050773821553389,-2.012834004987903
2024-12-13,0.23063802932055705,-1.1279452954119769,0.6839811602536726,1.0151154472863326,-1.5758602797980044,0.11226913752588316,-1.1148996708900274,0.48463645303686176,0.5874563291350854,-1.4175178111909024
2024-12-16,0.28728193239040406,-0.8178226571916336,0.5163905461713204,0.8061817935040081,-1.0627292580960637,0.23063802932055705,-1.1279452954119769,0.6839811602536726,1.0151154472863326,-1.5758602797980044
2024-12-17,0.07586377135995609,-0.42082866660005297,0.7776643055874645,0.4945190525885726,-0.7866404979312492,0.28728193239040406,-0.8178226571916336,0.5163905461713204,0.8061817935040081,-1.0627292580960637
2024-12-18,0.4306697775786928,3.1889944430704484,0.8777141707897596,0.08197434368303325,3.359248506110185,0.07586377135995609,-0.42082866660005297,0.7776643055874645,0.4945190525885726,-0.7866404979312492
2024-12-19,1.7135666902649933,1.9870572435499494,2.853710211607238,-0.0635271562099662,3.0189599590181166,0.4306697775786928,3.1889944430704484,0.8777141707897596,0.08197434368303325,3.359248506110185
2024-12-20,0.034107089341770806,0.26324286609249553,2.204621999216448,-0.6192236569234616,0.05580628409188504,1.7135666902649933,1.9870572435499494,2.853710211607238,-0.0635271562099662,3.0189599590181166
2024-12-23,0.6952484240441232,-0.21019660947465618,3.243395590761325,-0.5333470317756134,-0.05912356723305756,0.034107089341770806,0.26324286609249553,2.204621999216448,-0.6192236569234616,0.05580628409188504
2024-12-24,0.3790673339332218,-0.9322611402753463,3.087490059760151,0.14061111751051372,-1.3953718800374193,0.6952484240441232,-0.21019660947465618,3.243395590761325,-0.5333470317756134,-0.05912356723305756
2024-12-25,0.1537365100654101,-0.9043964096096916,2.841922214916805,-0.020986953298202722,-1.4506469766243812,0.3790673339332218,-0.9322611402753463,3.087490059760151,0.14061111751051372,-1.3953718800374193
2024-12-26,-1.3276152031706718,-0.7417539877167357,2.376650314314188,0.08524861490187209,-2.706156076916891,0.1537365100654101,-0.9043964096096916,2.841922214916805,-0.020986953298202722,-1.4506469766243812
2024-12-27,-0.009672935897696576,-0.3636536376815905,2.614784647005368,0.5844358008142552,-1.3192406357377569,-1.3276152031706718,-0.7417539877167357,2.376650314314188,0.08524861490187209,-2.706156076916891
2024-12-30,-0.05420694895791572,0.0963729946358895,2.4461762263323568,0.9560436369002621,-1.0473998293552464,-0.009672935897696576,-0.3636536376815905,2.614784647005368,0.5844358008142552,-1.3192406357377569
2024-12-31,0.5953295830604624,0.10336771654709738,2.5242617719195906,0.70743734855502,-0.2860868176498479,-0.05420694895791572,0.0963729946358895,2.4461762263323568,0.9560436369002621,-1.0473998293552464
2025-01-01,0.6133651360134867,0.12296581219305107,2.360579124758885,0.725516740292808,-0.21657220312958747,0.5953295830604624,0.10336771654709738,2.5242617719195906,0.70743734855502,-0.2860868176498479
2025-01-02,0.8995072132835389,0.3244066750146996,2.111006877612804,1.4518753666125397,-0.029775514411232273,0.6133651360134867,0.12296581219305107,2.360579124758885,0.725516740292808,-0.21657220312958747
2025-01-03,0.6994688497659808,-0.22617096584420046,2.001085405585614,1.3800684749650123,-0.7170077049571294,0.8995072132835389,0.3244066750146996,2.111006877612804,1.4518753666125397,-0.029775514411232273
2025-01-06,-1.2461432998841853,-0.23708635194200195,2.1043279324637107,1.0348456993181339,-2.5267344846011817,0.6994688497659808,-0.22617096584420046,2.001085405585614,1.3800684749650123,-0.7170077049571294
2025-01-07,-1.7407330339602178,0.35721746608718236,2.2815184184208896,0.9805155523342663,-2.444152948645391,-1.2461432998841853,-0.23708635194200195,2.1043279324637107,1.0348456993181339,-2.5267344846011817
2025-01-08,-1.0183996238721498,0.3304073372903261,2.330705810279487,0.5736864390673134,-1.557511958685352,-1.7407330339602178,0.35721746608718236,2.2815184184208896,0.9805155523342663,-2.444152948645391
2025-01-09,-0.9536056731899553,0.45954747577292415,2.3634613931652777,0.019038721110194105,-1.0944429062634475,-1.0183996238721498,0.3304073372903261,2.330705810279487,0.5736864390673134,-1.557511958685352
2025-01-10,-0.07303977011907162,0.9313369790276275,1.8846836001107568,0.9454540066698066,-0.08560069445403662,-0.9536056731899553,0.45954747577292415,2.3634613931652777,0.019038721110194105,-1.0944429062634475
2025-01-13,1.5579749715853812,0.8094102229118925,1.9668066418172467,1.9632271488111641,0.8940699596373802,-0.07303977011907162,0.9313369790276275,1.8846836001107568,0.9454540066698066,-0.08560069445403662
2025-01-14,0.46687246880893774,0.6484520326401318,2.033284506891381,1.0923687150383263,0.06081901720706118,1.5579749715853812,0.8094102229118925,1.9668066418172467,1.9632271488111641,0.8940699596373802
2025-01-15,-0.46943985794811466,-0.18208058659092805,1.7788140360178353,2.3815033571172766,-2.2869756321021395,0.46687246880893774,0.6484520326401318,2.033284506891381,1.0923687150383263,0.06081901720706118
2025-01-16,-0.4289463511490859,-0.010794721063870156,1.6246867720277676,1.762288785816542,-1.7270571581281688,-0.46943985794811466,-0.18208058659092805,1.7788140360178353,2.3815033571172766,-2.2869756321021395
2025-01-17,-1.1787036953204304,-0.19745718536478588,1.2536563665524638,0.21141536791911367,-1.7952826562828892,-0.4289463511490859,-0.010794721063870156,1.6246867720277676,1.762288785816542,-1.7270571581281688
2025-01-20,-1.3878414400805839,-0.23099664172716375,1.2141017234726488,-0.6427778640761128,-1.6009745806378533,-1.1787036953204304,-0.19745718536478588,1.2536563665524638,0.21141536791911367,-1.7952826562828892
2025-01-21,-1.8891318901204537,-0.463217088294052,0.7171358277643298,-0.8600310096559349,-2.1016174305276207,-1.3878414400805839,-0.23099664172716375,1.2141017234726488,-0.6427778640761128,-1.6009745806378533
2025-01-22,-1.6905179467205256,-0.4258010668863418,0.9275162975588387,-1.9806566342584666,-1.3578697708673437,-1.8891318901204537,-0.463217088294052,0.7171358277643298,-0.8600310096559349,-2.1016174305276207
2025-01-23,-2.0535881732186403,-0.4268583581390047,1.2765189151125207,-1.8354664565032657,-1.8818430318841424,-1.6905179467205256,-0.4258010668863418,0.9275162975588387,-1.9806566342584666,-1.3578697708673437
2025-01-24,-2.8410058528532307,-0.46233992771245097,1.2348005852616148,-1.5623677403696439,-2.8308620566962635,-2.0535881732186403,-0.4268583581390047,1.2765189151125207,-1.8354664565032657,-1.8818430318841424
2025-01-27,-1.9857941883221637,0.7364001790551084,1.193800309227918,-1.99717269038156,-0.5492577413832547,-2.8410058528532307,-0.46233992771245097,1.2348005852616148,-1.5623677403696439,-2.8308620566962635
2025-01-28,-0.5026887819881706,0.18613191963889048,1.153946396871853,-1.1325976091360381,-0.0387446569992243,-1.9857941883221637,0.7364001790551084,1.193800309227918,-1.99717269038156,-0.5492577413832547
2025-01-29,-0.32473313220253347,0.2442540008148015,0.9711754195944797,-1.2964046320020164,0.32492932971465627,-0.5026887819881706,0.18613191963889048,1.153946396871853,-1.1325976091360381,-0.0387446569992243
2025-01-30,-0.46340403034367067,-0.04867401523677975,0.9395198760510148,-0.8142557238915249,-0.3398301526474417,-0.32473313220253347,0.2442540008148015,0.9711754195944797,-1.2964046320020164,0.32492932971465627
2025-01-31,0.8996291801454306,0.1782572543637033,1.0563628453283866,-0.8661440484984174,1.246867747426246,-0.46340403034367067,-0.04867401523677975,0.9395198760510148,-0.8142557238915249,-0.3398301526474417
2025-02-03,0.8889570813942557,1.025461675052335,0.42431280893997125,-0.06723776018501763,1.8419594343041066,0.8996291801454306,0.1782572543637033,1.0563628453283866,-0.8661440484984174,1.246867747426246
2025-02-04,-0.5111176921945201,0.4472288464925419,0.6312390175421045,-0.5229911723676574,0.03979698609632437,0.8889570813942557,1.025461675052335,0.42431280893997125,-0.06723776018501763,1.8419594343041066
2025-02-05,-0.7267450295228158,-0.13952637350758224,0.23184786558225357,-0.724415457022798,-0.5620256409145624,-0.5111176921945201,0.4472288464925419,0.6312390175421045,-0.5229911723676574,0.03979698609632437
2025-02-06,-0.09247904209788457,-0.25680832760291544,0.057580776059573714,-0.9791387840132614,0.12588682829093728,-0.7267450295228158,-0.13952637350758224,0.23184786558225357,-0.724415457022798,-0.5620256409145624
2025-02-07,-0.2766350167303104,0.15931249492200406,-0.2686172366739484,-0.7588212795085078,0.32924242711443463,-0.09247904209788457,-0.25680832760291544,0.057580776059573714,-0.9791387840132614,0.12588682829093728
2025-02-10,-0.8203491979582404,-0.1361993588039868,-0.04503152927883391,-0.45835114847343766,-0.7161151002057998,-0.2766350167303104,0.15931249492200406,-0.2686172366739484,-0.7588212795085078,0.32924242711443463
2025-02-11,0.2669630675890619,-0.04940676608335054,0.09738916378139176,0.13136838358593453,0.1275248187673962,-0.8203491979582404,-0.1361993588039868,-0.04503152927883391,-0.45835114847343766,-0.7161151002057998
2025-02-12,0.2990914644443486,-0.09337004217952637,0.15771937058258254,0.011725406181164445,0.16042887652859433,0.2669630675890619,-0.04940676608335054,0.09738916378139176,0.13136838358593453,0.1275248187673962
2025-02-13,-0.6160546069770144,-0.3998621940358032,-0.2661255293982645,0.17139922675446329,-1.0350850320404832,0.2990914644443486,-0.09337004217952637,0.15771937058258254,0.011725406181164445,0.16042887652859433
2025-02-14,-1.8708911734378177,-0.5289823126823707,-0.2962115512635831,-0.20891923245006716,-2.221360982079259,-0.6160546069770144,-0.3998621940358032,-0.2661255293982645,0.17139922675446329,-1.0350850320404832
2025-02-17,-2.034171858536334,-0.29332075836327315,-0.32368915772240026,-0.7948888703838672,-1.8491258922770735,-1.8708911734378177,-0.5289823126823707,-0.2962115512635831,-0.20891923245006716,-2.221360982079259
2025-02-18,-1.5262715859733729,-0.31128335190642265,0.08113351590873795,-0.6862361868183487,-1.5147202234478057,-2.034171858536334,-0.29332075836327315,-0.32368915772240026,-0.7948888703838672,-1.8491258922770735
2025-02-19,-0.8043341863136745,-0.35328609354368,-0.03414044300637096,0.2890705209628159,-1.2936204295871696,-1.5262715859733729,-0.31128335190642265,0.08113351590873795,-0.6862361868183487,-1.5147202234478057
2025-02-20,-1.0259712075276453,-0.20779355955472423,-0.33344170156436925,0.42690795778163776,-1.3638583205820962,-0.8043341863136745,-0.35328609354368,-0.03414044300637096,0.2890705209628159,-1.2936204295871696
2025-02-21,-0.05266439320663278,0.8096439917729207,-0.2779748028971346,-0.2721867699588278,0.9625666842699855,-1.0259712075276453,-0.20779355955472423,-0.33344170156436925,0.42690795778163776,-1.3638583205820962
2025-02-24,0.016444075334953543,1.090516640638559,0.062481690910659776,-0.129309680434511,1.1559951334631031,-0.05266439320663278,0.8096439917729207,-0.2779748028971346,-0.2721867699588278,0.9625666842699855
2025-02-25,0.0588472082991157,1.2346920643750738,-0.37286739680744774,-1.4239135092125383,2.098712876482321,0.016444075334953543,1.090516640638559,0.062481690910659776,-0.129309680434511,1.1559951334631031
2025-02-26,-0.6297087701341407,1.063179733985766,-0.7284409751337398,-1.6334384176613082,1.4323004164657145,0.0588472082991157,1.2346920643750738,-0.37286739680744774,-1.4239135092125383,2.098712876482321
2025-02-27,1.0457512487032707,1.8228348062657882,-0.5865947799527145,-0.9997415149744019,3.5151055074444386,-0.6297087701341407,1.063179733985766,-0.7284409751337398,-1.6334384176613082,1.4323004164657145
2025-02-28,1.3673717570557546,1.176122870820432,-0.3032870736097861,-0.3743057667152197,2.806469279636243,1.0457512487032707,1.8228348062657882,-0.5865947799527145,-0.9997415149744019,3.5151055074444386
2025-03-03,0.6004587841320734,2.3230786202589093,-0.9674148204446301,-1.057461489558021,3.6941218542811503,1.3673717570557546,1.176122870820432,-0.3032870736097861,-0.3743057667152197,2.806469279636243
2025-03-04,0.6649957890185992,2.4411785471641054,-0.2757154612584224,-0.33338322622984184,3.3417948146122307,0.6004587841320734,2.3230786202589093,-0.9674148204446301,-1.057461489558021,3.6941218542811503
2025-03-05,-1.0908521610407071,1.767172694695253,0.08545803747534896,-1.002060479499643,1.15598626403553,0.6649957890185992,2.4411785471641054,-0.2757154612584224,-0.33338322622984184,3.3417948146122307
2025-03-06,-2.2905513909898425,2.659375462569715,0.6153936111744426,-1.6291066712091657,1.0295290043908445,-1.0908521610407071,1.767172694695253,0.08545803747534896,-1.002060479499643,1.15598626403553
2025-03-07,-2.598222417671102,2.0231981731064552,0.5906389740229663,-1.0571454325192193,-0.19411127181077864,-2.2905513909898425,2.659375462569715,0.6153936111744426,-1.6291066712091657,1.0295290043908445
2025-03-10,-1.611003440252368,3.210012071993696,0.5668675780211334,-0.8941583121689436,1.9043708933205168,-2.598222417671102,2.0231981731064552,0.5906389740229663,-1.0571454325192193,-0.19411127181077864
2025-03-11,-2.016879879711382,2.6785162301811196,0.6990845044014361,-0.7125066263098337,0.8431185375242956,-1.611003440252368,3.210012071993696,0.5668675780211334,-0.8941583121689436,1.9043708933205168
2025-03-12,-0.5857263382666086,1.9740498962141146,0.18502227061979545,0.5964025701591191,1.0438667052129977,-2.016879879711382,2.6785162301811196,0.6990845044014361,-0.7125066263098337,0.8431185375242956
2025-03-13,0.02939696699431894,2.0925586592637027,0.5008602645934036,0.20854490222927,1.892468108995036,-0.5857263382666086,1.9740498962141146,0.18502227061979545,0.5964025701591191,1.0438667052129977
2025-03-14,-0.1606358882172267,1.1650012111402626,-0.1972405805945193,0.1683443011226155,0.9695033175103579,0.02939696699431894,2.0925586592637027,0.5008602645934036,0.20854490222927,1.892468108995036
2025-03-17,-0.8304669649978045,0.756831154843752,-0.8664912593339075,0.7649857511785825,-0.23950587090986689,-0.1606358882172267,1.1650012111402626,-0.1972405805945193,0.1683443011226155,0.9695033175103579
2025-03-18,-0.4152536544146756,1.0837748602892083,-0.847002037401274,0.5106505217348921,0.6249464543574051,-0.8304669649978045,0.756831154843752,-0.8664912593339075,0.7649857511785825,-0.23950587090986689
2025-03-19,0.17518924900309796,0.509845899231217,-0.6637733801415392,-0.025259143023754874,0.8636080647815773,-0.4152536544146756,1.0837748602892083,-0.847002037401274,0.5106505217348921,0.6249464543574051
2025-03-20,0.2259246286064024,0.4567233516795231,-0.16042982481400733,0.8305845460476783,0.3074631634655882,0.17518924900309796,0.509845899231217,-0.6637733801415392,-0.025259143023754874,0.8636080647815773
2025-03-21,0.9238832686035495,0.2786116456713128,0.17731717479443113,0.5499989416219812,0.8831661497652638,0.2259246286064024,0.4567233516795231,-0.16042982481400733,0.8305845460476783,0.3074631634655882
2025-03-24,1.2108847121765196,-0.2847983536764498,0.011261272879784508,0.7832676385099226,0.5316372210251624,0.9238832686035495,0.2786116456713128,0.17731717479443113,0.5499989416219812,0.8831661497652638
2025-03-25,0.9171501104241507,-0.3868314369834097,0.8469149274733078,0.9418900194830123,-0.15235506816909208,1.2108847121765196,-0.2847983536764498,0.011261272879784508,0.7832676385099226,0.5316372210251624
2025-03-26,0.779882868782948,-0.02300238640016117,1.1611293336228292,1.2121149882236995,-0.1394593451347702,0.9171501104241507,-0.3868314369834097,0.8469149274733078,0.9418900194830123,-0.15235506816909208
2025-03-27,0.7368323728840191,0.0857090292153588,1.755876724059514,0.8326161439643871,-0.03273585089769404,0.779882868782948,-0.02300238640016117,1.1611293336228292,1.2121149882236995,-0.1394593451347702
2025-03-28,0.48651186817832864,0.9795508890909266,1.2369509152978435,0.6288522144653427,0.8423989212121231,0.7368323728840191,0.0857090292153588,1.755876724059514,0.8326161439643871,-0.03273585089769404
2025-03-31,0.9084507921280226,1.136558206173731,0.5957668555322322,1.136552991005588,1.3277907889159015,0.48651186817832864,0.9795508890909266,1.2369509152978435,0.6288522144653427,0.8423989212121231
2025-04-01,0.7254755265694772,0.9511185873942427,-0.026986796166521967,1.0202209972232608,1.1732303143937202,0.9084507921280226,1.136558206173731,0.5957668555322322,1.136552991005588,1.3277907889159015
2025-04-02,0.43001796389114844,0.8469873250333172,-0.1648147573360116,0.9793785870979106,0.8285196847095132,0.7254755265694772,0.9511185873942427,-0.026986796166521967,1.0202209972232608,1.1732303143937202
2025-04-03,-1.658929036386661,3.097728670403567,0.8598947070418829,-1.096089932794918,1.7718709236538943,0.43001796389114844,0.8469873250333172,-0.1648147573360116,0.9793785870979106,0.8285196847095132
2025-04-04,-0.4234447533996097,5.2531068096646445,0.539283706155228,-2.761712000273211,6.075697129862834,-1.658929036386661,3.097728670403567,0.8598947070418829,-1.096089932794918,1.7718709236538943
2025-04-07,0.48495716005616885,4.457736545907845,2.0318303809489335,-3.61060323790436,6.240037729678961,-0.4234447533996097,5.2531068096646445,0.539283706155228,-2.761712000273211,6.075697129862834
2025-04-08,0.8835428458659103,4.320311130934,3.7468440525524516,-3.4484459742948435,5.991365950809219,0.48495716005616885,4.457736545907845,2.0318303809489335,-3.61060323790436,6.240037729678961
2025-04-09,0.6490305792024709,1.710051793125694,1.8984844313526361,-2.6375063734961075,3.2032144512380594,0.8835428458659103,4.320311130934,3.7468440525524516,-3.4484459742948435,5.991365950809219
2025-04-10,0.7853616198545472,2.462396485668597,3.4175833073028024,-1.8948684046998998,3.340796481047393,0.6490305792024709,1.710051793125694,1.8984844313526361,-2.6375063734961075,3.2032144512380594
2025-04-11,-1.8133693285173809,1.959853513934195,2.666891461849373,0.283044240847677,-0.6617608004693676,0.7853616198545472,2.462396485668597,3.4175833073028024,-1.8948684046998998,3.340796481047393
2025-04-14,-3.0966725737209053,1.1105522356841067,2.6942328639146425,0.8164424802098715,-3.067899794120395,-1.8133693285173809,1.959853513934195,2.666891461849373,0.283044240847677,-0.6617608004693676
2025-04-15,-2.7774859305289366,0.9843853253102421,2.200541012300484,1.0864916162364897,-2.88648166641206,-3.0966725737209053,1.1105522356841067,2.6942328639146425,0.8164424802098715,-3.067899794120395
2025-04-16,-2.806077146012095,1.2432921181529653,2.178926071969542,0.5078308303119793,-2.361431961007505,-2.7774859305289366,0.9843853253102421,2.200541012300484,1.0864916162364897,-2.88648166641206
2025-04-17,-1.4619948221881274,0.8567151724945017,2.1669474174580343,2.015171121191445,-2.1546020646538566,-2.806077146012095,1.2432921181529653,2.178926071969542,0.5078308303119793,-2.361431961007505
2025-04-18,-0.6082091351426774,0.8282859261120263,2.0606776690052526,1.4389689363255322,-1.0145770944447303,-1.4619948221881274,0.8567151724945017,2.1669474174580343,2.015171121191445,-2.1546020646538566
2025-04-21,-0.9197703091495948,1.2810535456106527,3.115631803444164,0.8157986483630791,-0.8255240385815228,-0.6082091351426774,0.8282859261120263,2.0606776690052526,1.4389689363255322,-1.0145770944447303
2025-04-22,-0.9055061071840814,0.8673201217606232,2.7024310310195223,1.263881528290005,-1.3457345073233413,-0.9197703091495948,1.2810535456106527,3.115631803444164,0.8157986483630791,-0.8255240385815228
2025-04-23,0.1781481370632322,0.5946485444612025,2.0722103832928807,0.15449910073557516,0.17749453533342696,-0.9055061071840814,0.8673201217606232,2.7024310310195223,1.263881528290005,-1.3457345073233413
2025-04-24,0.221069120667766,0.3410733605411491,1.6722192930941042,-0.2751919850915576,0.28168365048116784,0.1781481370632322,0.5946485444612025,2.0722103832928807,0.15449910073557516,0.17749453533342696
2025-04-25,0.3459412613881702,0.13085285617589823,1.6098743464350689,-0.17772958520140938,0.16319032355600588,0.221069120667766,0.3410733605411491,1.6722192930941042,-0.2751919850915576,0.28168365048116784
2025-04-28,0.8688582159822815,0.15545990783826663,1.6177107811314788,0.17297659361825748,0.5334021317285497,0.3459412613881702,0.13085285617589823,1.6098743464350689,-0.17772958520140938,0.16319032355600588
2025-04-29,0.632229528643082,0.023714725803017596,1.4107197942950163,-0.6905132365683601,0.6485209241565256,0.8688582159822815,0.15545990783826663,1.6177107811314788,0.17297659361825748,0.5334021317285497
2025-04-30,0.02042776464498128,0.07043106680835788,1.570980316044161,-0.8203604195072922,0.108293962195945,0.632229528643082,0.023714725803017596,1.4107197942950163,-0.6905132365683601,0.6485209241565256
2025-05-01,0.6687887607229684,0.040104409549639466,1.3705349235420081,-0.7513971788121231,0.7419580287931673,0.02042776464498128,0.07043106680835788,1.570980316044161,-0.8203604195072922,0.108293962195945
2025-05-02,0.06734696997123718,-0.21063961450595473,0.9700080282185588,-1.1325401485608202,0.18047542269105282,0.6687887607229684,0.040104409549639466,1.3705349235420081,-0.7513971788121231,0.7419580287931673
2025-05-05,-0.00017370768356344976,-0.1087219953334972,1.1521155351910102,-1.3117151193501246,0.25893297286024913,0.06734696997123718,-0.21063961450595473,0.9700080282185588,-1.1325401485608202,0.18047542269105282
2025-05-06,-0.08369670122262134,0.013545431235509487,1.0428287053781484,-0.1837021343860054,-0.23900737913864625,-0.00017370768356344976,-0.1087219953334972,1.1521155351910102,-1.3117151193501246,0.25893297286024913
2025-05-07,0.00866147155074018,-0.15743898039526036,0.7228785482716299,0.2587413931266959,-0.4588678424757756,-0.08369670122262134,0.013545431235509487,1.0428287053781484,-0.1837021343860054,-0.23900737913864625
2025-05-08,0.1049963021480799,-0.3139736945817082,0.623792709725139,0.5352089499678735,-0.6325300448488498,0.00866147155074018,-0.15743898039526036,0.7228785482716299,0.2587413931266959,-0.4588678424757756
2025-05-09,0.4977354974318409,-0.41005352171162324,0.7457595514359292,1.229726040397295,-0.7136209323374121,0.1049963021480799,-0.3139736945817082,0.623792709725139,0.5352089499678735,-0.6325300448488498
2025-05-12,1.65736104769821,-0.8840009738640999,0.5700887716997236,1.9075503789733452,-0.32293730857749353,0.4977354974318409,-0.41005352171162324,0.7457595514359292,1.229726040397295,-0.7136209323374121
2025-05-13,1.3002329643017971,-0.919343055601172,0.5470195690319196,1.7105572378760912,-0.6111436024954003,1.65736104769821,-0.8840009738640999,0.5700887716997236,1.9075503789733452,-0.32293730857749353
2025-05-14,0.9160837221817048,-0.8808036830866419,0.5993750582316266,1.8079393286332752,-1.0185333897794815,1.3002329643017971,-0.919343055601172,0.5470195690319196,1.7105572378760912,-0.6111436024954003
2025-05-15,0.40962999189652577,-0.9974011854057749,0.6509982476944511,0.7249862125567316,-1.1130138617112277,0.9160837221817048,-0.8808036830866419,0.5993750582316266,1.8079393286332752,-1.0185333897794815
2025-05-16,0.883418098183191,-1.0725217671289604,0.3128275624519927,0.6088251994759526,-0.571723159296744,0.40962999189652577,-0.9974011854057749,0.6509982476944511,0.7249862125567316,-1.1130138617112277
2025-05-19,-0.68196848444869,-0.947692279233463,0.607766222412596,0.35416812157305566,-1.9586863800718297,0.883418098183191,-1.0725217671289604,0.3128275624519927,0.6088251994759526,-0.571723159296744
2025-05-20,-0.25597331235078424,-0.9489164748234367,0.7419620236310168,-0.1675115572129157,-1.3066245144755175,-0.68196848444869,-0.947692279233463,0.607766222412596,0.35416812157305566,-1.9586863800718297
2025-05-21,-0.5287776728086985,-0.5813933263466063,1.2799258636861848,-0.3230805754425387,-1.2686121773555816,-0.25597331235078424,-0.9489164748234367,0.7419620236310168,-0.1675115572129157,-1.3066245144755175
2025-05-22,-0.35874731673565907,-0.6581273753023023,0.9210345065009833,-0.014516869475826222,-1.2398748839252938,-0.5287776728086985,-0.5813933263466063,1.2799258636861848,-0.3230805754425387,-1.2686121773555816
2025-05-23,-1.2207893433231003,-0.3952397245023698,0.6421315026764266,-0.1532108403949664,-1.6999565232970935,-0.35874731673565907,-0.6581273753023023,0.9210345065009833,-0.014516869475826222,-1.2398748839252938
2025-05-26,-0.5540816062203593,-0.6208113453216332,0.6179058910080364,-0.2006909556664605,-1.2290239464607715,-1.2207893433231003,-0.3952397245023698,0.6421315026764266,-0.1532108403949664,-1.6999565232970935
2025-05-27,-0.20918987284959303,-0.8227960846274731,0.5923983708652122,-0.5739355915286938,-0.8931177544290224,-0.5540816062203593,-0.6208113453216332,0.6179058910080364,-0.2006909556664605,-1.2290239464607715
2025-05-28,0.73380184855826,-0.7673826168066872,0.5673109306639185,0.008697835969675284,-0.1797574188992444,-0.20918987284959303,-0.8227960846274731,0.5923983708652122,-0.5739355915286938,-0.8931177544290224
2025-05-29,-0.017263043162996237,-0.7681413368489812,0.5439465361113092,-0.16126494215555423,-0.8407585429620276,0.73380184855826,-0.7673826168066872,0.5673109306639185,0.008697835969675284,-0.1797574188992444
2025-05-30,0.8464805662425551,-0.8337560489776268,0.6118160443613178,-0.3327172635917954,0.02612913797049654,-0.017263043162996237,-0.7681413368489812,0.5439465361113092,-0.16126494215555423,-0.8407585429620276
2025-06-02,0.21639463265790596,-0.8365969919728912,0.5874111334088447,0.21621539193569764,-0.8751628386350453,0.8464805662425551,-0.8337560489776268,0.6118160443613178,-0.3327172635917954,0.02612913797049654
2025-06-03,0.23917086801880733,-0.8987071137595215,0.3779086742218608,0.8617579446801346,-1.1848923866362466,0.21639463265790596,-0.8365969919728912,0.5874111334088447,0.21621539193569764,-0.8751628386350453
2025-06-04,-0.6003439943768949,-0.8886538013115061,0.3537330527359479,0.39563074347270105,-1.7752464306087383,0.23917086801880733,-0.8987071137595215,0.3779086742218608,0.8617579446801346,-1.1848923866362466
2025-06-05,-0.23501877770789614,-0.7587509073032557,0.13863815267437596,0.8162930463756924,-1.4365757463675919,-0.6003439943768949,-0.8886538013115061,0.3537330527359479,0.39563074347270105,-1.7752464306087383
2025-06-06,-0.23256266226454844,-0.9617180360691779,0.011720242029783296,1.236127692670499,-1.8152746051764217,-0.23501877770789614,-0.7587509073032557,0.13863815267437596,0.8162930463756924,-1.4365757463675919
2025-06-09,0.11042876529757635,-0.9000953600061506,0.07694064818494221,0.853964475883801,-1.2358839946967104,-0.23256266226454844,-0.9617180360691779,0.011720242029783296,1.236127692670499,-1.8152746051764217
2025-06-10,-0.03535649785929502,-0.9109978766496397,-0.17815972752640316,0.49559313734269117,-1.1496110112986795,0.11042876529757635,-0.9000953600061506,0.07694064818494221,0.853964475883801,-1.2358839946967104
2025-06-11,-0.09079054769240545,-0.8627512358282232,-0.11214264067173867,1.5665785542687913,-1.7087954004870898,-0.03535649785929502,-0.9109978766496397,-0.17815972752640316,0.49559313734269117,-1.1496110112986795
2025-06-12,-0.4265021620025878,-0.7612716696581027,-0.27247082953682783,1.3278308220853052,-1.7835715353191361,-0.09079054769240545,-0.8627512358282232,-0.11214264067173867,1.5665785542687913,-1.7087954004870898
2025-06-13,-0.45683149462657585,-0.41293326229763566,-0.43791822129309593,2.2505797982976476,-1.8855751007497614,-0.4265021620025878,-0.7612716696581027,-0.27247082953682783,1.3278308220853052,-1.7835715353191361
2025-06-16,-0.34444085842212124,-0.6334622095910842,0.026402082177151513,1.6362880057433085,-1.8026475914291475,-0.45683149462657585,-0.41293326229763566,-0.43791822129309593,2.2505797982976476,-1.8855751007497614
2025-06-17,-0.0901908435203635,-0.3301568044808796,-0.5379464493529983,2.3813118907075688,-1.476516981016778,-0.34444085842212124,-0.6334622095910842,0.026402082177151513,1.6362880057433085,-1.8026475914291475
2025-06-18,0.6921944476098745,-0.5208026733674903,-0.7025786252627012,1.5155744325034408,-0.41075078569366097,-0.0901908435203635,-0.3301568044808796,-0.5379464493529983,2.3813118907075688,-1.476516981016778
2025-06-19,1.156659333166146,-0.27058754664962903,-0.7140876263987876,1.511337760938795,0.3089248126468165,0.6921944476098745,-0.5208026733674903,-0.7025786252627012,1.5155744325034408,-0.41075078569366097
2025-06-20,1.309762578785932,-0.466152763705501,-0.18464439134421196,0.27191034031115785,0.7538157427609051,1.156659333166146,-0.27058754664962903,-0.7140876263987876,1.511337760938795,0.3089248126468165
2025-06-23,1.6123735489976758,-0.56064100781898,0.06421490163933569,-0.7911861206230028,1.4312718760803635,1.309762578785932,-0.466152763705501,-0.18464439134421196,0.27191034031115785,0.7538157427609051
2025-06-24,0.3470952829661958,-0.8465181765174131,0.7994995140086487,-2.088279829358767,0.34484214262600404,1.6123735489976758,-0.56064100781898,0.06421490163933569,-0.7911861206230028,1.4312718760803635
2025-06-25,0.073078486769627,-0.9218412016222037,0.8083910271914243,-1.9269622348199282,-0.08737935424046867,0.3470952829661958,-0.8465181765174131,0.7994995140086487,-2.088279829358767,0.34484214262600404
2025-06-26,-0.7078672599234104,-0.9128832248049067,0.9799338382653613,-1.7739500510996213,-0.9787589187448469,0.073078486769627,-0.9218412016222037,0.8083910271914243,-1.9269622348199282,-0.08737935424046867
2025-06-27,-1.0126941103585103,-0.9402059316863093,1.0007854238825045,-1.6915285121875727,-1.3573321419216595,-0.7078672599234104,-0.9128832248049067,0.9799338382653613,-1.7739500510996213,-0.9787589187448469
2025-06-30,-1.3782760684018611,-0.89247002288005,0.14552001998301262,-0.6711495649745705,-1.9715513137903788,-1.0126941103585103,-0.9402059316863093,1.0007854238825045,-1.6915285121875727,-1.3573321419216595
2025-07-01,-0.5534061921974501,-0.9503389612250986,-0.6823474387194971,0.21083301674994478,-1.4385748021176468,-1.3782760684018611,-0.89247002288005,0.14552001998301262,-0.6711495649745705,-1.9715513137903788
2025-07-02,-0.5422277922573874,-0.9596602847502415,0.1423798743714643,0.5331299506977054,-1.8040480209493475,-0.5534061921974501,-0.9503389612250986,-0.6823474387194971,0.21083301674994478,-1.4385748021176468
2025-07-03,0.1635706819818933,-1.0305241513565304,-0.9215118410021456,0.2621222395755331,-0.7676366289118673,-0.5422277922573874,-0.9596602847502415,0.1423798743714643,0.5331299506977054,-1.8040480209493475
2025-07-04,0.12557082174291795,-0.8158649272348494,-0.8971785044267835,0.19806674397353877,-0.5650328513720049,0.1635706819818933,-1.0305241513565304,-0.9215118410021456,0.2621222395755331,-0.7676366289118673
2025-07-07,0.8434799026126863,-0.726113444277427,-0.2295134820306215,0.537080514578392,-0.09379542844628125,0.12557082174291795,-0.8158649272348494,-0.8971785044267835,0.19806674397353877,-0.5650328513720049
2025-07-08,1.2026354204537273,-0.9227863521524253,0.2039390545377836,0.5406308899905737,-0.04145114032843081,0.8434799026126863,-0.726113444277427,-0.2295134820306215,0.537080514578392,-0.09379542844628125
2025-07-09,1.1641555303984266,-1.122112122093062,-0.6533367237482695,0.047730233502197655,0.181512472491333,1.2026354204537273,-0.9227863521524253,0.2039390545377836,0.5406308899905737,-0.04145114032843081
2025-07-10,1.3919054341116197,-1.1421605159095465,-0.4210843566897906,-0.24449871624931716,0.4772653654991795,1.1641555303984266,-1.122112122093062,-0.6533367237482695,0.047730233502197655,0.181512472491333
2025-07-11,1.4676069442548207,-0.9699913735173524,0.4501246571511421,0.21456346366978166,0.27780267461479197,1.3919054341116197,-1.1421605159095465,-0.4210843566897906,-0.24449871624931716,0.4772653654991795
2025-07-14,1.2999454997187274,-0.7758652153189066,0.5624491778289156,-0.3744628881349037,0.5706994340100437,1.4676069442548207,-0.9699913735173524,0.4501246571511421,0.21456346366978166,0.27780267461479197
2025-07-15,1.3659924277100097,-0.720825821853148,1.2138199714161544,-0.549712342093329,0.6165677840494876,1.2999454997187274,-0.7758652153189066,0.5624491778289156,-0.3744628881349037,0.5706994340100437
2025-07-16,1.3418723891876096,-0.786539366468063,2.0542099930256152,-0.7027069678414147,0.39313400838385026,1.3659924277100097,-0.720825821853148,1.2138199714161544,-0.549712342093329,0.6165677840494876
2025-07-17,1.4640356301322508,-0.9999481989149109,1.491180657149372,0.11744105240404938,0.0325717407279722,1.3418723891876096,-0.786539366468063,2.0542099930256152,-0.7027069678414147,0.39313400838385026
2025-07-18,0.9025769076028962,-1.0181343781950671,1.4774245191601079,-0.3861427224148431,-0.29184223917477636,1.4640356301322508,-0.9999481989149109,1.491180657149372,0.11744105240404938,0.0325717407279722
2025-07-21,-0.04126903453280807,-0.9094258421871585,0.6880140160378461,-0.07648371009414716,-1.0844565256823544,0.9025769076028962,-1.0181343781950671,1.4774245191601079,-0.3861427224148431,-0.29184223917477636
2025-07-22,-0.8931425991126675,-0.9465867245513072,0.42473518441491703,-0.18638151167926445,-1.8527223639280717,-0.04126903453280807,-0.9094258421871585,0.6880140160378461,-0.07648371009414716,-1.0844565256823544
2025-07-23,-0.9046641482333008,-1.3923723747105425,0.46017828625968243,-0.4179726757186087,-2.203094756649459,-0.8931425991126675,-0.9465867245513072,0.42473518441491703,-0.18638151167926445,-1.8527223639280717
2025-07-24,-1.1838849742668107,-1.3740535277238015,0.48067282627045305,-0.5480419345354649,-2.4040857412904932,-0.9046641482333008,-1.3923723747105425,0.46017828625968243,-0.4179726757186087,-2.203094756649459
2025-07-25,-0.18399540574033552,-1.5337579351646287,-0.379290649726293,-0.7014224666740408,-1.2722194451363704,-1.1838849742668107,-1.3740535277238015,0.48067282627045305,-0.5480419345354649,-2.4040857412904932
2025-07-28,1.1940939061223699,-1.4696139838638542,0.20744374302201607,-0.3356294654444245,-0.1595662807747761,-0.18399540574033552,-1.5337579351646287,-0.379290649726293,-0.7014224666740408,-1.2722194451363704
2025-07-29,2.0299046178725324,-1.0418158485832165,-0.6407190911757685,0.4910900536615915,0.9027235152524623,1.1940939061223699,-1.4696139838638542,0.20744374302201607,-0.3356294654444245,-0.1595662807747761
2025-07-30,2.574396173532378,-1.287610873569197,-1.736952694913968,1.0872563510081887,1.1773952981875786,2.0299046178725324,-1.0418158485832165,-0.6407190911757685,0.4910900536615915,0.9027235152524623
2025-07-31,2.7398856733155625,-0.6216622072591029,-1.9473949900905108,0.5813314542311465,2.314406486463514,2.574396173532378,-1.287610873569197,-1.736952694913968,1.0872563510081887,1.1773952981875786
2025-08-01,1.5553114111246686,1.4212718059728724,1.0447231002203197,0.28783113053178205,2.5714868767765697,2.7398856733155625,-0.6216622072591029,-1.9473949900905108,0.5813314542311465,2.314406486463514
2025-08-04,0.5701866198241825,-0.16874699104905347,0.7461551460419257,-0.33309416664497976,0.3814479255871376,1.5553114111246686,1.4212718059728724,1.0447231002203197,0.28783113053178205,2.5714868767765697
2025-08-05,0.07670699050612767,0.019202995260549305,-0.08703771349332745,-1.1775275196026946,0.7064331739413562,0.5701866198241825,-0.16874699104905347,0.7461551460419257,-0.33309416664497976,0.3814479255871376
2025-08-06,-0.8985927439943383,-0.5670218899609998,0.7139781692572673,-1.5112832013369435,-0.8884675756011831,0.07670699050612767,0.019202995260549305,-0.08703771349332745,-1.1775275196026946,0.7064331739413562
2025-08-07,-1.2382514860370144,-0.6644957316645325,0.15577663259737495,-1.4104688827525709,-1.236456934474605,-0.8985927439943383,-0.5670218899609998,0.7139781692572673,-1.5112832013369435,-0.8884675756011831
2025-08-08,-0.8159893282487362,-1.4116548703073255,0.13080733432083735,-0.9213491514281295,-1.7996714564222063,-1.2382514860370144,-0.6644957316645325,0.15577663259737495,-1.4104688827525709,-1.236456934474605
2025-08-11,-0.1408918280538857,-0.7883993647323418,0.1216422709177336,-0.6313439712322126,-0.6440297748995546,-0.8159893282487362,-1.4116548703073255,0.13080733432083735,-0.9213491514281295,-1.7996714564222063
2025-08-12,-0.5467763891541606,-1.5530827183754499,1.7315224644934897,-0.554995144194864,-2.2552421515555507,-0.1408918280538857,-0.7883993647323418,0.1216422709177336,-0.6313439712322126,-0.6440297748995546
2025-08-13,-0.2525630845869864,-1.62898574064717,1.751325344657082,-0.48858829558146816,-2.0750860136076925,-0.5467763891541606,-1.5530827183754499,1.7315224644934897,-0.554995144194864,-2.2552421515555507
2025-08-14,0.3590655822125554,-1.4009335615858478,1.189254489642573,-0.03054734843361618,-1.3239079275671275,-0.2525630845869864,-1.62898574064717,1.751325344657082,-0.48858829558146816,-2.0750860136076925
2025-08-15,0.1653744796023633,-1.2561567426068054,1.9169549127397763,-0.3534017142152645,-1.3933201340817538,0.3590655822125554,-1.4009335615858478,1.189254489642573,-0.03054734843361618,-1.3239079275671275
2025-08-18,-0.01830672841202403,-1.2794448356173873,1.5890573029665753,-0.19015250240120024,-1.5999396385704552,0.1653744796023633,-1.2561567426068054,1.9169549127397763,-0.3534017142152645,-1.3933201340817538
2025-08-19,0.6879068595828327,-0.917168439863044,1.0422663986066278,-0.28330129843880725,-0.3481775307124646,-0.01830672841202403,-1.2794448356173873,1.5890573029665753,-0.19015250240120024,-1.5999396385704552
2025-08-20,0.9247106884013357,-0.8199670312430358,1.0159515636914191,0.06874909009304073,-0.18361877881107525,0.6879068595828327,-0.917168439863044,1.0422663986066278,-0.28330129843880725,-0.3481775307124646
2025-08-21,0.6418745686247583,-0.27459304820911673,0.7445655046537838,-0.18044946550473842,0.27136487700456485,0.9247106884013357,-0.8199670312430358,1.0159515636914191,0.06874909009304073,-0.18361877881107525
2025-08-22,0.02280575251982829,-1.5931334542181776,1.6919824248604594,0.0030806275923069564,-1.9948636217096176,0.6418745686247583,-0.27459304820911673,0.7445655046537838,-0.18044946550473842,0.27136487700456485
2025-08-25,-0.07967689051298124,-1.2227076150063112,0.9301112950117483,0.09802022659524999,-1.5839224425698546,0.02280575251982829,-1.5931334542181776,1.6919824248604594,0.0030806275923069564,-1.9948636217096176
2025-08-26,-0.14672248458655746,-1.2741263669426244,3.050894177945365,-0.0086105884061964,-2.179267101812425,-0.07967689051298124,-1.2227076150063112,0.9301112950117483,0.09802022659524999,-1.5839224425698546
2025-08-27,0.019806687151113483,-1.10874815526109,2.7891718188777768,0.015148266152541355,-1.7938085559056913,-0.14672248458655746,-1.2741263669426244,3.050894177945365,-0.0086105884061964,-2.179267101812425
2025-08-28,-0.9559539401207521,-1.2952173467538122,1.665014362445908,0.05041849955483541,-2.692634127263459,0.019806687151113483,-1.10874815526109,2.7891718188777768,0.015148266152541355,-1.7938085559056913
2025-08-29,-0.013636446185579259,-0.7646494662235191,2.3343444978292225,0.03612408501764426,-1.3799340793752262,-0.9559539401207521,-1.2952173467538122,1.665014362445908,0.05041849955483541,-2.692634127263459
2025-09-01,-0.1985002162165157,-0.33725804111191693,2.197673017371682,-0.24018100824943356,-0.9650860075466363,-0.013636446185579259,-0.7646494662235191,2.3343444978292225,0.03612408501764426,-1.3799340793752262
2025-09-02,0.2608337270151406,0.23738558163536172,1.7419111072071538,0.6095449363613452,-0.2420309363319587,-0.1985002162165157,-0.33725804111191693,2.197673017371682,-0.24018100824943356,-0.9650860075466363
2025-09-03,-0.22710152094639616,-0.20460358555839497,1.495720760037336,-0.03740157790289347,-0.7869345075626784,0.2608337270151406,0.23738558163536172,1.7419111072071538,0.6095449363613452,-0.2420309363319587
2025-09-04,0.6763495401528369,-0.7560194770396281,0.9067604365517363,-0.28976992933852297,-0.16147508135546385,-0.22710152094639616,-0.20460358555839497,1.495720760037336,-0.03740157790289347,-0.7869345075626784
2025-09-05,-0.09075970244689986,-0.8026170483333147,1.0620357901255166,-0.5425065146129474,-0.8876324410051202,0.6763495401528369,-0.7560194770396281,0.9067604365517363,-0.28976992933852297,-0.16147508135546385
2025-09-08,-0.1460914406607325,-0.8147108315404201,0.4729001718171419,-0.4058574423268794,-0.8760985939919984,-0.09075970244689986,-0.8026170483333147,1.0620357901255166,-0.5425065146129474,-0.8876324410051202
2025-09-09,-0.6878517793671904,-0.8532834125527071,0.06496394950537403,-0.7440896131298765,-1.1853313727313028,-0.1460914406607325,-0.8147108315404201,0.4729001718171419,-0.4058574423268794,-0.8760985939919984
2025-09-10,-0.48866667315207646,-0.6384294966970532,-0.7539128337094192,0.12816471802822554,-1.0027003204358877,-0.6878517793671904,-0.8532834125527071,0.06496394950537403,-0.7440896131298765,-1.1853313727313028
2025-09-11,-1.0085822492633785,-1.1148324712259627,-0.9957676664033317,-0.0909912030116675,-1.8289772023826747,-0.48866667315207646,-0.6384294966970532,-0.7539128337094192,0.12816471802822554,-1.0027003204358877
2025-09-12,-0.03070752394767402,-1.1027278872442268,-0.8029015329812667,0.6144814787965377,-1.2399507673448529,-1.0085822492633785,-1.1148324712259627,-0.9957676664033317,-0.0909912030116675,-1.8289772023826747
2025-09-15,-0.6166303315678716,-0.30960209020384166,-0.6010705947804756,0.6859949593772459,-1.1189622527652174,-0.03070752394767402,-1.1027278872442268,-0.8029015329812667,0.6144814787965377,-1.2399507673448529
2025-09-16,-1.2315049740914066,0.3102581860473529,-0.17966081870099423,1.0019278717361277,-1.377295519236869,-0.6166303315678716,-0.30960209020384166,-0.6010705947804756,0.6859949593772459,-1.1189622527652174
2025-09-17,-1.1321803609873309,-0.25492135203985405,0.03110968480406634,0.37161735551106756,-1.5806878119837355,-1.2315049740914066,0.3102581860473529,-0.17966081870099423,1.0019278717361277,-1.377295519236869
2025-09-18,-0.27914359040254094,-0.2601135864366556,0.0380877949868897,0.7175249969375327,-0.9075416240546852,-1.1321803609873309,-0.25492135203985405,0.03110968480406634,0.37161735551106756,-1.5806878119837355
2025-09-19,-0.28820039146364007,-0.47413227351352705,0.6565964801442942,0.10245875776197004,-0.9777111638942256,-0.27914359040254094,-0.2601135864366556,0.0380877949868897,0.7175249969375327,-0.9075416240546852
2025-09-22,0.39742742153445676,0.12745834431224112,0.027680478487962974,-0.2682992661252641,0.6521152792873391,-0.28820039146364007,-0.47413227351352705,0.6565964801442942,0.10245875776197004,-0.9777111638942256
2025-09-23,0.706815010072559,0.6250442603605745,1.0314435048611168,-0.4808583022575957,1.314427545346652,0.39742742153445676,0.12745834431224112,0.027680478487962974,-0.2682992661252641,0.6521152792873391
2025-09-24,1.4208916956367452,0.21152345887746535,0.9999899233672667,0.6469503926934979,1.0589424773256448,0.706815010072559,0.6250442603605745,1.0314435048611168,-0.4808583022575957,1.314427545346652
2025-09-25,1.1830010627724352,0.7180412199826783,-0.059761555640828586,0.977847564092795,1.427058889618923,1.4208916956367452,0.21152345887746535,0.9999899233672667,0.6469503926934979,1.0589424773256448
2025-09-26,0.8249096596822815,-0.5841808465280345,0.5477172038160065,1.9385109456699552,-0.8654559606347323,1.1830010627724352,0.7180412199826783,-0.059761555640828586,0.977847564092795,1.427058889618923
2025-09-29,0.32536306056069164,0.2179739104520627,-0.5363133678449221,0.8013479809840938,0.276741322481938,0.8249096596822815,-0.5841808465280345,0.5477172038160065,1.9385109456699552,-0.8654559606347323
2025-09-30,0.6341668136577903,0.38096430809470316,0.3136622812017753,-0.17227427960954098,1.02285269125682,0.32536306056069164,0.2179739104520627,-0.5363133678449221,0.8013479809840938,0.276741322481938
2025-10-01,-0.12016152168385978,0.38447697175191015,0.5052561937911707,-1.290045953465127,0.7830243783528211,0.6341668136577903,0.38096430809470316,0.3136622812017753,-0.17227427960954098,1.02285269125682
2025-10-02,-0.23426744458265025,0.6935375800873803,0.044540544687386975,-1.9293990462632291,1.4128345224644978,-0.12016152168385978,0.38447697175191015,0.5052561937911707,-1.290045953465127,0.7830243783528211
2025-10-03,-0.5462028559626109,0.7069447620666842,0.03716818796863312,-2.086826897342014,1.194863307782922,-0.23426744458265025,0.6935375800873803,0.044540544687386975,-1.9293990462632291,1.4128345224644978
2025-10-06,0.187015880542532,0.4590075651315581,0.6858073195831542,-0.6284926369477384,0.7888179342521707,-0.5462028559626109,0.7069447620666842,0.03716818796863312,-2.086826897342014,1.194863307782922
2025-10-07,0.4777075772357385,1.3022050252425401,0.4551557198708844,-0.08106498725179188,1.7066561661364534,0.187015880542532,0.4590075651315581,0.6858073195831542,-0.6284926369477384,0.7888179342521707
2025-10-08,0.8787974035143017,0.4137618742167664,0.02229089383855879,0.6240395111675431,0.9749667986876569,0.4777075772357385,1.3022050252425401,0.4551557198708844,-0.08106498725179188,1.7066561661364534
2025-10-09,0.9332888933324344,0.54261025032921,-0.19322572068899518,0.7872273580771438,1.1305918947953215,0.8787974035143017,0.4137618742167664,0.02229089383855879,0.6240395111675431,0.9749667986876569
2025-10-10,1.4360210554602066,4.501591041867434,-0.40468151755241283,-0.7563039864841655,6.416934469957827,0.9332888933324344,0.54261025032921,-0.19322572068899518,0.7872273580771438,1.1305918947953215
2025-10-13,1.1327250721050268,2.287777463306276,-0.40468151755241283,-1.1359267431865923,4.089636286392702,1.4360210554602066,4.501591041867434,-0.40468151755241283,-0.7563039864841655,6.416934469957827
2025-10-14,0.8874194848105299,3.24195348239006,0.029802455747773467,-1.2270854292941815,4.735465067910737,1.1327250721050268,2.287777463306276,-0.40468151755241283,-1.1359267431865923,4.089636286392702
2025-10-15,-0.0000677572125231421,2.8487065026057916,0.018692737242131236,-1.7670147132336607,3.7274729176995662,0.8874194848105299,3.24195348239006,0.029802455747773467,-1.2270854292941815,4.735465067910737
2025-10-16,-0.7632987350982267,4.576923065458593,0.6690858813224397,-1.6353308181693635,4.4640182691144386,-0.0000677572125231421,2.8487065026057916,0.018692737242131236,-1.7670147132336607,3.7274729176995662
2025-10-17,-0.7514703328249381,2.1392467134717705,0.19742884248281553,-0.4211019221030177,1.5489701310776374,-0.7632987350982267,4.576923065458593,0.6690858813224397,-1.6353308181693635,4.4640182691144386
2025-10-20,-0.8435082657070453,0.8586343744229585,-0.2714773032062007,-0.39314783415461513,0.279569351594771,-0.7514703328249381,2.1392467134717705,0.19742884248281553,-0.4211019221030177,1.5489701310776374
2025-10-21,-0.520311612160054,0.6645989657960009,-0.5313313557889123,-0.09588998026977226,0.3250651827180611,-0.8435082657070453,0.8586343744229585,-0.2714773032062007,-0.39314783415461513,0.279569351594771
2025-10-22,0.014844417518233774,0.9894380190371554,-0.84447177602946,0.5237316604186751,0.9535345503534167,-0.520311612160054,0.6645989657960009,-0.5313313557889123,-0.09588998026977226,0.3250651827180611
2025-10-23,0.5309059483095013,0.3534986016999558,-0.694113474647698,2.6127107996559475,-0.2484224811565922,0.014844417518233774,0.9894380190371554,-0.84447177602946,0.5237316604186751,0.9535345503534167
2025-10-24,0.4883779497613544,-0.06695813021296997,-0.42367965335639457,2.404965924888048,-0.6751432295565409,0.5309059483095013,0.3534986016999558,-0.694113474647698,2.6127107996559475,-0.2484224811565922
2025-10-27,0.3941002504323535,-0.3427846343759414,-0.6941134746476979,2.1792800732356628,-0.8647960518994948,0.4883779497613544,-0.06695813021296997,-0.42367965335639457,2.404965924888048,-0.6751432295565409
2025-10-28,-0.4193929528551553,-0.01574014680342773,-0.9848162334663234,1.3908752566513698,-0.8843666696176872,0.3941002504323535,-0.3427846343759414,-0.6941134746476979,2.1792800732356628,-0.8647960518994948
2025-10-29,-0.6598991325355373,0.2341176111751199,-1.7472353033337407,1.183716767237702,-0.5808310791458332,-0.4193929528551553,-0.01574014680342773,-0.9848162334663234,1.3908752566513698,-0.8843666696176872
2025-10-30,0.6627252985761999,0.22615640123834652,-1.4664384719172492,-0.3565901304317433,1.4337863830097304,-0.6598991325355373,0.2341176111751199,-1.7472353033337407,1.183716767237702,-0.5808310791458332
2025-10-31,0.8817182091027832,0.473914426787537,-1.2006188093340686,-0.10352561761163526,1.707550147029655,0.6627252985761999,0.22615640123834652,-1.4664384719172492,-0.3565901304317433,1.4337863830097304
2025-11-03,1.252945028845418,0.3301493689993972,-0.6836507349105215,-0.028314282442523504,1.7681642227937076,0.8817182091027832,0.473914426787537,-1.2006188093340686,-0.10352561761163526,1.707550147029655
2025-11-04,2.2320175331160255,1.2070218118444207,-0.9237511663715872,0.33994020986901946,3.5000070316188334,1.252945028845418,0.3301493689993972,-0.6836507349105215,-0.028314282442523504,1.7681642227937076
2025-11-05,2.3287334836356814,0.686805169952299,-0.3775739949575398,-0.3276376494744995,3.273750977064615,2.2320175331160255,1.2070218118444207,-0.9237511663715872,0.33994020986901946,3.5000070316188334
2025-11-06,0.5831827773644006,1.3829308134945537,-0.3727245557053763,-0.4509491999396172,2.284769329755107,2.3287334836356814,0.686805169952299,-0.3775739949575398,-0.3276376494744995,3.273750977064615
2025-11-07,-0.1922868349225679,1.1345877102622914,0.16927228435328068,-0.4925665760420373,1.146266092272422,0.5831827773644006,1.3829308134945537,-0.3727245557053763,-0.4509491999396172,2.284769329755107
2025-11-10,-0.4842779448465315,0.3828347621104518,-0.08923123458393302,-0.3034121140732134,0.07257068294651023,-0.1922868349225679,1.1345877102622914,0.16927228435328068,-0.4925665760420373,1.146266092272422
2025-11-11,-1.1519645146932813,0.21004857718480446,-0.08923123458393599,-0.09700301193575453,-0.8711066228946156,-0.4842779448465315,0.3828347621104518,-0.08923123458393302,-0.3034121140732134,0.07257068294651023
2025-11-12,-1.5977262811713293,0.3103622734759159,-0.8731929634372786,-0.4345202202935572,-0.8518056566893151,-1.1519645146932813,0.21004857718480446,-0.08923123458393599,-0.09700301193575453,-0.8711066228946156
2025-11-13,-1.7395680189584712,1.4979119749058605,-0.6015348116793446,-0.2219979105928401,0.01972661416364546,-1.5977262811713293,0.3103622734759159,-0.8731929634372786,-0.4345202202935572,-0.8518056566893151
2025-11-14,-0.8207096637025697,1.3676612044512804,-0.8390784377041267,0.32064418620881124,0.5963990570703368,-1.7395680189584712,1.4979119749058605,-0.6015348116793446,-0.2219979105928401,0.01972661416364546
2025-11-17,-0.39136912205064806,2.445941511934557,-0.5637330581154715,0.009065535591276997,2.1909728866171383,-0.8207096637025697,1.3676612044512804,-0.8390784377041267,0.32064418620881124,0.5963990570703368
2025-11-18,-0.21809246333757465,3.1758971852578286,-0.2670133148928455,0.4499759785198,2.799570061383566,-0.39136912205064806,2.445941511934557,-0.5637330581154715,0.009065535591276997,2.1909728866171383
2025-11-19,0.7354291016804261,2.5403657960089894,0.06557123532151801,0.6647269791796068,2.927038599269233,-0.21809246333757465,3.1758971852578286,-0.2670133148928455,0.4499759785198,2.799570061383566
2025-11-20,1.5244120055754316,3.2861715166148304,0.09279947095714579,0.4264171327003142,4.5741750881008185,0.7354291016804261,2.5403657960089894,0.06557123532151801,0.6647269791796068,2.927038599269233
2025-11-21,1.435381967972267,2.047093457232915,0.15030459760774048,-0.8783479029575797,3.8840732272820366,1.5244120055754316,3.2861715166148304,0.09279947095714579,0.4264171327003142,4.5741750881008185
2025-11-24,1.2203034595618147,0.9549880818078359,1.2842167256447548,-0.6341199790017011,2.171297349459312,1.435381967972267,2.047093457232915,0.15030459760774048,-0.8783479029575797,3.8840732272820366
2025-11-25,0.5422710861884662,0.23530990526427062,1.3783942082965805,-1.4457094556976646,1.155837167227424,1.2203034595618147,0.9549880818078359,1.2842167256447548,-0.6341199790017011,2.171297349459312
2025-11-26,-0.6334257710025674,-0.2675842553232069,0.28925373819976796,-0.5309066238254466,-0.7078701489629929,0.5422710861884662,0.23530990526427062,1.3783942082965805,-1.4457094556976646,1.155837167227424
2025-11-27,-0.9339570757076652,-0.27387392478986905,0.31534493266841823,-0.42730899267248723,-1.073012737328395,-0.6334257710025674,-0.2675842553232069,0.28925373819976796,-0.5309066238254466,-0.7078701489629929
2025-11-28,-1.5172658310921543,-0.5996365773659269,0.3543349907441872,0.06514771919922406,-2.23806001574374,-0.9339570757076652,-0.27387392478986905,0.31534493266841823,-0.42730899267248723,-1.073012737328395
2025-12-01,-1.6551755037113842,-0.2872827341368885,0.36291684429376003,0.3894973673630976,-2.2279361326032614,-1.5172658310921543,-0.5996365773659269,0.3543349907441872,0.06514771919922406,-2.23806001574374
2025-12-02,-0.923851111152015,-0.5429948966956197,1.5802453184678698,0.47702411129825495,-2.10041939311373,-1.6551755037113842,-0.2872827341368885,0.36291684429376003,0.3894973673630976,-2.2279361326032614
2025-12-03,-0.9589294671648158,-0.7417715896407503,1.1321386618974327,0.31673120578024655,-2.1421013251700476,-0.923851111152015,-0.5429948966956197,1.5802453184678698,0.47702411129825495,-2.10041939311373
2025-12-04,-1.0698694156636812,-0.8677151060859487,1.9352771909068736,0.6916126752966545,-2.7672101571246754,-0.9589294671648158,-0.7417715896407503,1.1321386618974327,0.31673120578024655,-2.1421013251700476
2025-12-05,-0.7229453198111853,-1.016949746490555,1.4688991560918816,1.025747885404771,-2.619993798027096,-1.0698694156636812,-0.8677151060859487,1.9352771909068736,0.6916126752966545,-2.7672101571246754
2025-12-08,-0.4741953581846378,-0.5493734124566328,2.2254802846166686,-0.07811415721454207,-1.5408817631881666,-0.7229453198111853,-1.016949746490555,1.4688991560918816,1.025747885404771,-2.619993798027096
2025-12-09,-0.9372255191009805,-0.45059602822623457,0.9151429207130664,-0.05069743900009598,-1.5912585580054337,-0.4741953581846378,-0.5493734124566328,2.2254802846166686,-0.07811415721454207,-1.5408817631881666
2025-12-10,-0.27382846422181834,-0.8960861921399422,1.6897439897641666,-0.04798843277429178,-1.5683564374156564,-0.9372255191009805,-0.45059602822623457,0.9151429207130664,-0.05069743900009598,-1.5912585580054337
2025-12-11,-1.3798570015812759,-1.2362322173565008,2.697641971967459,-0.8936520217485435,-2.8436737010553697,-0.27382846422181834,-0.8960861921399422,1.6897439897641666,-0.04798843277429178,-1.5683564374156564
2025-12-12,-1.093084763156279,-0.9002601365338824,3.938075654420285,-1.1475906356366834,-2.404068495476891,-1.3798570015812759,-1.2362322173565008,2.697641971967459,-0.8936520217485435,-2.8436737010553697
2025-12-15,-1.51573558517486,-0.6135354658350711,3.4510920470000905,-0.8621621716824399,-2.560962976918734,-1.093084763156279,-0.9002601365338824,3.938075654420285,-1.1475906356366834,-2.404068495476891
2025-12-16,-1.415631348152285,-0.6197901865015817,3.1387425134400115,-1.3168716276645915,-2.161671349181574,-1.51573558517486,-0.6135354658350711,3.4510920470000905,-0.8621621716824399,-2.560962976918734
2025-12-17,-0.9268016604592192,-0.19375207447903278,2.8918843972733654,-1.0825946401896165,-1.302227514161785,-1.415631348152285,-0.6197901865015817,3.1387425134400115,-1.3168716276645915,-2.161671349181574
2025-12-18,0.11809142919620404,-0.4829228399410429,2.450969875602076,-0.5157997362967688,-0.7196740114969735,-0.9268016604592192,-0.19375207447903278,2.8918843972733654,-1.0825946401896165,-1.302227514161785
2025-12-19,0.0457763955204359,-1.23026087304922,2.7055404608344147,-0.09202727294216208,-1.8148559562663067,0.11809142919620404,-0.4829228399410429,2.450969875602076,-0.5157997362967688,-0.7196740114969735
2025-12-22,0.0790253165907741,-1.5124263893229324,3.3940511705313505,1.043706687291238,-2.8037672090106147,0.0457763955204359,-1.23026087304922,2.7055404608344147,-0.09202727294216208,-1.8148559562663067
2025-12-23,-0.2945255555453335,-1.5042236259910524,2.5708892220246096,2.0519086137764373,-3.4674257939307567,0.0790253165907741,-1.5124263893229324,3.3940511705313505,1.043706687291238,-2.8037672090106147
2025-12-24,-1.2148058590874198,-1.6498071914452805,2.0686578113764704,1.7029217201726956,-4.233238363463165,-0.2945255555453335,-1.5042236259910524,2.5708892220246096,2.0519086137764373,-3.4674257939307567
2025-12-25,-1.010823976567234,-1.5977868182689745,1.9619878343137718,1.5687165505500085,-3.883466028689656,-1.2148058590874198,-1.6498071914452805,2.0686578113764704,1.7029217201726956,-4.233238363463165
2025-12-26,-1.1258018987252292,-1.5057983516541413,1.866661968867125,0.06664545112584198,-3.1315884681590727,-1.010823976567234,-1.5977868182689745,1.9619878343137718,1.5687165505500085,-3.883466028689656
2025-12-29,-0.6013341010825445,-1.2681307749869861,1.6277603061416546,0.008192021780882987,-2.2805009634953857,-1.1258018987252292,-1.5057983516541413,1.866661968867125,0.06664545112584198,-3.1315884681590727
2025-12-30,-0.2568817331949413,-1.1919235212357888,1.8751204866492062,-0.24528595861536132,-1.794942396785351,-0.6013341010825445,-1.2681307749869861,1.6277603061416546,0.008192021780882987,-2.2805009634953857
2025-12-31,0.6707785667740868,-0.9664317744683554,2.0825647820720516,-0.6040594482693042,-0.5142646790776294,-0.2568817331949413,-1.1919235212357888,1.8751204866492062,-0.24528595861536132,-1.794942396785351
2026-01-01,0.6880948589315379,-0.9522825395557488,1.9744455503986822,-0.5826202197933108,-0.4664889583272261,0.6707785667740868,-0.9664317744683554,2.0825647820720516,-0.6040594482693042,-0.5142646790776294
2026-01-02,0.4151572587426504,-1.0663976027284945,2.016831355207043,0.5346799142369271,-1.4227881399060684,0.6880948589315379,-0.9522825395557488,1.9744455503986822,-0.5826202197933108,-0.4664889583272261
2026-01-05,0.253560583831823,-0.905673831547304,1.7822764230703487,0.28387703448581975,-1.239620870725978,0.4151572587426504,-1.0663976027284945,2.016831355207043,0.5346799142369271,-1.4227881399060684
2026-01-06,0.765989749731819,-0.9249961814103571,1.7036828332640919,-0.3168223168912492,-0.4265159815489365,0.253560583831823,-0.905673831547304,1.7822764230703487,0.28387703448581975,-1.239620870725978
2026-01-07,0.45498082704846154,-0.6856198434584112,1.2310754370982282,-0.6150402738220482,-0.23088773877348262,0.765989749731819,-0.9249961814103571,1.7036828332640919,-0.3168223168912492,-0.4265159815489365
2026-01-08,0.847415531160419,-0.6454853765215053,1.4587053827017884,0.38846364206179157,-0.3569780120674292,0.45498082704846154,-0.6856198434584112,1.2310754370982282,-0.6150402738220482,-0.23088773877348262
2026-01-09,1.3182523123712522,-0.9628000775099538,0.6059494436005246,1.136172452320751,-0.36412135219920827,0.847415531160419,-0.6454853765215053,1.4587053827017884,0.38846364206179157,-0.3569780120674292
2026-01-12,0.8376840604298958,-0.7110899257581154,0.7198575916166974,0.8133992596181044,-0.4600698930414461,1.3182523123712522,-0.9628000775099538,0.6059494436005246,1.136172452320751,-0.36412135219920827
2026-01-13,0.7808868301215102,-0.385478701680384,0.694583943266166,2.2767452487028685,-0.9166104817268497,0.8376840604298958,-0.7110899257581154,0.7198575916166974,0.8133992596181044,-0.4600698930414461
2026-01-14,0.2568261759860425,-0.0935852793564081,0.5317927093174181,3.129143287374442,-1.5342789243869412,0.7808868301215102,-0.385478701680384,0.694583943266166,2.2767452487028685,-0.9166104817268497
2026-01-15,-0.06410161046706365,-0.4169825779106753,0.09217968357349159,0.7224796957187127,-0.8653689571304681,0.2568261759860425,-0.0935852793564081,0.5317927093174181,3.129143287374442,-1.5342789243869412
2026-01-16,-0.1324073239146808,-0.40616795019685104,0.6356883857968565,0.23539117332359155,-0.8151929572225418,-0.06410161046706365,-0.4169825779106753,0.09217968357349159,0.7224796957187127,-0.8653689571304681
2026-01-19,0.2964480058963844,0.6613352924560674,0.611352212102767,0.03086731443262487,0.7895115881104476,-0.1324073239146808,-0.40616795019685104,0.6356883857968565,0.23539117332359155,-0.8151929572225418
2026-01-20,-1.1552202331147485,1.0835575187262136,1.2838570386071064,-0.26315532073482795,-0.2610493136728975,0.2964480058963844,0.6613352924560674,0.611352212102767,0.03086731443262487,0.7895115881104476
2026-01-21,-0.9863707786914908,-0.06658749192590506,0.685613379752909,-0.746884513406643,-0.8509193588523016,-1.1552202331147485,1.0835575187262136,1.2838570386071064,-0.26315532073482795,-0.2610493136728975
2026-01-22,-1.2888350160619468,-0.5121445108436842,0.5137757984244012,0.1423500031107959,-2.0005984780671295,-0.9863707786914908,-0.06658749192590506,0.685613379752909,-0.746884513406643,-0.8509193588523016
2026-01-23,-1.9051323663198128,-0.3418585114683258,0.3387614348157811,0.8292209814797703,-2.746291727231969,-1.2888350160619468,-0.5121445108436842,0.5137757984244012,0.1423500031107959,-2.0005984780671295
2026-01-26,-3.1058086593799494,-0.3139179946797759,0.6189643633658581,0.6706932313925429,-3.909814360597461,-1.9051323663198128,-0.3418585114683258,0.3387614348157811,0.8292209814797703,-2.746291727231969
2026-01-27,-2.8808380306976207,-0.22710716659564076,1.3505418996939174,1.035176523920151,-3.963168934176816,-3.1058086593799494,-0.3139179946797759,0.6189643633658581,0.6706932313925429,-3.909814360597461
2026-01-28,-2.529714617883467,-0.2173012196425102,1.1569543110115907,1.3468726370885766,-3.7096907338231633,-2.8808380306976207,-0.22710716659564076,1.3505418996939174,1.035176523920151,-3.963168934176816
2026-01-29,-2.270130019573389,-0.01036041551374356,1.270756213066149,2.910584933787151,-4.053471955247246,-2.529714617883467,-0.2173012196425102,1.1569543110115907,1.3468726370885766,-3.7096907338231633
2026-01-30,-1.0488347760673955,0.20417541815406515,1.6681451357101427,1.8403874459722303,-2.181889364826981,-2.270130019573389,-0.01036041551374356,1.270756213066149,2.910584933787151,-4.053471955247246
2026-02-02,0.9762114476653454,-0.19010199974821163,1.3148308968807136,0.4679327925961064,0.2234353273989022,-1.0488347760673955,0.20417541815406515,1.6681451357101427,1.8403874459722303,-2.181889364826981
2026-02-03,1.2730590218604303,0.41166316622938415,1.1242549135986588,0.16473966040633126,1.3212886294869841,0.9762114476653454,-0.19010199974821163,1.3148308968807136,0.4679327925961064,0.2234353273989022
2026-02-04,1.5547380702964582,0.6364560224335893,1.2462656382611803,0.7448811650678263,1.5071871006308393,1.2730590218604303,0.41166316622938415,1.1242549135986588,0.16473966040633126,1.3212886294869841
2026-02-05,1.9357745998383202,1.7374666530400746,1.5145597797243109,-1.0288166768124591,3.8090096463535468,1.5547380702964582,0.6364560224335893,1.2462656382611803,0.7448811650678263,1.5071871006308393
2026-02-06,0.8375937275258106,0.3158368968989771,1.172101583875146,-0.4786967675085358,1.099753612210269,1.9357745998383202,1.7374666530400746,1.5145597797243109,-1.0288166768124591,3.8090096463535468
2026-02-09,-0.7051838440795598,0.20866097286400956,1.4573760969556198,1.286412782238424,-1.5040732865736672,0.8375937275258106,0.3158368968989771,1.172101583875146,-0.4786967675085358,1.099753612210269
2026-02-10,-0.3088017652248875,0.44677311592771707,0.9406768703247061,0.5996280513210811,-0.3970118925388875,-0.7051838440795598,0.20866097286400956,1.4573760969556198,1.286412782238424,-1.5040732865736672
2026-02-11,-0.7836282111397025,0.4628531759642233,0.0771580180077246,-0.04426060609677373,-0.3179342366290234,-0.3088017652248875,0.44677311592771707,0.9406768703247061,0.5996280513210811,-0.3970118925388875
2026-02-12,-0.9947470305418559,2.1825607300907865,-0.6448877641562286,-0.06710843183968829,1.3825898565078318,-0.7836282111397025,0.4628531759642233,0.0771580180077246,-0.04426060609677373,-0.3179342366290234
2026-02-13,-0.5987693227053537,2.253453770776975,-0.32936014345815356,-0.5109581907540055,1.9925035793131625,-0.9947470305418559,2.1825607300907865,-0.6448877641562286,-0.06710843183968829,1.3825898565078318
2026-02-16,0.34942756655006046,2.5352105008020596,-0.3532846609548096,-0.8689412356448472,3.407429850413246,-0.5987693227053537,2.253453770776975,-0.32936014345815356,-0.5109581907540055,1.9925035793131625
2026-02-17,0.876832500803612,1.9847616362528302,-0.7444918954370408,-0.9962321164194493,3.5458331691254266,0.34942756655006046,2.5352105008020596,-0.3532846609548096,-0.8689412356448472,3.407429850413246
2026-02-18,1.1121706923279087,1.580672109827643,-0.7914337059098109,0.05352689597193909,2.8639377806470345,0.876832500803612,1.9847616362528302,-0.7444918954370408,-0.9962321164194493,3.5458331691254266
2026-02-19,1.543256373054829,1.8148617839791312,-1.0362830725021281,1.5180405130270793,2.8581686686459524,1.1121706923279087,1.580672109827643,-0.7914337059098109,0.05352689597193909,2.8639377806470345
2026-02-20,1.1481274760611768,1.2102605379091893,-1.290725960575168,1.4887854649335286,1.9366767716473936,1.543256373054829,1.8148617839791312,-1.0362830725021281,1.5180405130270793,2.8581686686459524
2026-02-23,1.0335351074034431,2.0451812443530075,-1.3511809747899435,1.2872509528403377,2.772886119033768,1.1481274760611768,1.2102605379091893,-1.290725960575168,1.4887854649335286,1.9366767716473936
2026-02-24,0.7021189502339212,1.311407370350916,-1.168150006549938,1.161174297880356,1.7249766732821437,1.0335351074034431,2.0451812443530075,-1.3511809747899435,1.2872509528403377,2.772886119033768
2026-02-25,0.2650135234830597,0.5412713775146377,-1.4215446513843897,-0.31469851038430446,1.319020319035947,0.7021189502339212,1.311407370350916,-1.168150006549938,1.161174297880356,1.7249766732821437
2026-02-26,-0.1282058858508655,0.841137557826308,-1.433420859620153,-0.9669035454399181,1.5547386596004396,0.2650135234830597,0.5412713775146377,-1.4215446513843897,-0.31469851038430446,1.319020319035947
2026-02-27,0.11054367640661963,1.3593140213275172,-1.66928845005031,-0.1484004572575339,1.9613800388754812,-0.1282058858508655,0.841137557826308,-1.433420859620153,-0.9669035454399181,1.5547386596004396
2026-03-02,1.4178352325923007,1.9757016548790858,-1.8611976363486318,1.7659502156063862,2.975861188755351,0.11054367640661963,1.3593140213275172,-1.66928845005031,-0.1484004572575339,1.9613800388754812
2026-03-03,2.3766855190677347,2.6838492991499496,-2.4714000358142605,3.194697018398992,4.081036317971753,1.4178352325923007,1.9757016548790858,-1.8611976363486318,1.7659502156063862,2.975861188755351
2026-03-04,2.0109426307243115,1.6130125064997403,-2.3869421476966255,3.0456209018475757,2.6978802232244203,2.3766855190677347,2.6838492991499496,-2.4714000358142605,3.194697018398992,4.081036317971753
2026-03-05,2.3411514422197985,2.4827307989476934,-2.088508830618635,4.410254675718776,3.140882110962763,2.0109426307243115,1.6130125064997403,-2.3869421476966255,3.0456209018475757,2.6978802232244203
2026-03-06,2.2072579118780324,3.952729366680107,-1.4257325942234054,4.993239402367177,4.019800725930402,2.3411514422197985,2.4827307989476934,-2.088508830618635,4.410254675718776,3.140882110962763
2026-03-09,1.1340212513283878,2.4481849939994715,-1.9246594453056682,3.9105537915679953,2.108094210870279,2.2072579118780324,3.952729366680107,-1.4257325942234054,4.993239402367177,4.019800725930402
2026-03-10,-0.7874784424189698,2.138393349723319,-1.4805282332789462,1.1583488092055363,1.1418725610213176,1.1340212513283878,2.4481849939994715,-1.9246594453056682,3.9105537915679953,2.108094210870279
2026-03-11,0.3385413549976392,1.8382452917716068,-1.6027326752289037,1.6141897492331287,1.7703749409599077,-0.7874784424189698,2.138393349723319,-1.4805282332789462,1.1583488092055363,1.1418725610213176
2026-03-12,0.3780983989782175,2.532224723016066,-2.519928088857894,1.767163191657943,2.6567235483797855,0.3385413549976392,1.8382452917716068,-1.6027326752289037,1.6141897492331287,1.7703749409599077
2026-03-13,1.3283736245759257,2.345109862422197,-1.737373031266452,0.5175777269237071,3.8490378813528823,0.3780983989782175,2.532224723016066,-2.519928088857894,1.767163191657943,2.6567235483797855
2026-03-16,0.7336914515390408,1.3242738226624446,-1.6710381080351935,-0.7184075697009933,2.83492858606078,1.3283736245759257,2.345109862422197,-1.737373031266452,0.5175777269237071,3.8490378813528823
2026-03-17,1.3295652388613781,0.9908619975692038,-2.0622976321297855,1.2693323860168986,2.201335451454579,0.7336914515390408,1.3242738226624446,-1.6710381080351935,-0.7184075697009933,2.83492858606078
2026-03-18,0.740544744251169,1.6459881763870967,-2.2435593924317985,0.7600861999854152,2.567379668753508,1.3295652388613781,0.9908619975692038,-2.0622976321297855,1.2693323860168986,2.201335451454579
2026-03-19,0.3853327783116393,1.331782811924387,-2.64731950956994,-0.4971246988311402,2.6275078170440813,0.740544744251169,1.6459881763870967,-2.2435593924317985,0.7600861999854152,2.567379668753508
2026-03-20,-0.37707065640322746,1.9562120502341296,-1.817793686603332,-0.5345108928310438,2.300845261897257,0.3853327783116393,1.331782811924387,-2.64731950956994,-0.4971246988311402,2.6275078170440813
2026-03-23,-0.24486925105223492,1.7218891663232732,-1.7360951180562507,-1.0861860217539239,2.454136705662063,-0.37707065640322746,1.9562120502341296,-1.817793686603332,-0.5345108928310438,2.300845261897257
2026-03-24,0.2918899802966208,1.8438228481611298,-1.917387596883685,-0.9081745635565383,3.069147009456941,-0.24486925105223492,1.7218891663232732,-1.7360951180562507,-1.0861860217539239,2.454136705662063
2026-03-25,0.17877022287145816,1.3860902932825818,-1.8313753702198483,-1.124761846729981,2.5850852820739925,0.2918899802966208,1.8438228481611298,-1.917387596883685,-0.9081745635565383,3.069147009456941
2026-03-26,0.19019313469297125,1.8310029808163593,-2.115304883682802,-0.5377681837745765,2.818906428317319,0.17877022287145816,1.3860902932825818,-1.8313753702198483,-1.124761846729981,2.5850852820739925
2026-03-27,0.6570992943057457,2.540320065109491,-0.7843867774238417,-0.23359367654622779,3.510312892044311,0.19019313469297125,1.8310029808163593,-2.115304883682802,-0.5377681837745765,2.818906428317319
2026-03-30,1.4861474154383403,2.296368124474208,-1.1404356584932414,1.4970143000230878,3.3191173045243154,0.6570992943057457,2.540320065109491,-0.7843867774238417,-0.23359367654622779,3.510312892044311
2026-03-31,0.9470260519346609,1.0402798947433223,-1.3557770326463219,0.6540331748838824,1.9992336173976224,1.4861474154383403,2.296368124474208,-1.1404356584932414,1.4970143000230878,3.3191173045243154
2026-04-01,-0.11169096901856138,0.848190717490223,-1.1829764075112412,0.7444940346770711,0.6599968330109365,0.9470260519346609,1.0402798947433223,-1.3557770326463219,0.6540331748838824,1.9992336173976224
2026-04-02,0.034677386919784954,0.6675772407411146,-1.1443291887993454,1.4566039283147978,0.260034960703337,-0.11169096901856138,0.848190717490223,-1.1829764075112412,0.7444940346770711,0.6599968330109365
2026-04-03,-0.3459369901590717,0.6417820119317257,-1.2320559942645273,0.7342953383850135,0.23671135114627906,0.034677386919784954,0.6675772407411146,-1.1443291887993454,1.4566039283147978,0.260034960703337
2026-04-06,-1.0353074069637878,0.6866677565039542,-1.3126666187306695,0.375627617314944,-0.2082868044346382,-0.3459369901590717,0.6417820119317257,-1.2320559942645273,0.7342953383850135,0.23671135114627906
2026-04-07,-0.8518876726880314,1.039740863957957,-1.023986631888685,0.6592476197759443,0.11422603935412473,-1.0353074069637878,0.6866677565039542,-1.3126666187306695,0.375627617314944,-0.2082868044346382
2026-04-08,-1.2171824707968695,-0.1245328549149597,-1.233924331195753,-1.3010493439045825,-0.38270957096059977,-0.8518876726880314,1.039740863957957,-1.023986631888685,0.6592476197759443,0.11422603935412473
2026-04-09,-1.751131644102449,-0.5259209634233021,-1.0770372857200372,-1.9533083121352766,-1.0311391300281034,-1.2171824707968695,-0.1245328549149597,-1.233924331195753,-1.3010493439045825,-0.38270957096059977
2026-04-10,-1.8768289098911737,-0.6132273486427071,-1.1607557490584512,-1.9879888131278851,-1.205872914705325,-1.751131644102449,-0.5259209634233021,-1.0770372857200372,-1.9533083121352766,-1.0311391300281034
2026-04-13,-1.4397881503344678,-0.6426067183245415,-0.8855646566975186,-1.7596173678605407,-0.9811950205543595,-1.8768289098911737,-0.6132273486427071,-1.1607557490584512,-1.9879888131278851,-1.205872914705325
2026-04-14,-1.9124682237434825,-0.823063201972662,-1.0954078314249636,-2.369803928844094,-1.2767775034378566,-1.4397881503344678,-0.6426067183245415,-0.8855646566975186,-1.7596173678605407,-0.9811950205543595
2026-04-15,-0.6281103866196257,-0.8809381030061447,-0.7004627186780464,-0.7922951175219597,-0.9377852511952792,-1.9124682237434825,-0.823063201972662,-1.0954078314249636,-2.369803928844094,-1.2767775034378566
2026-04-16,-0.47062966558279734,-0.9603206601483365,-0.5556557643923067,-0.7755180381881448,-0.9042773655389846,-0.6281103866196257,-0.8809381030061447,-0.7004627186780464,-0.7922951175219597,-0.9377852511952792
2026-04-17,-0.7280575199709323,-1.0919573849262991,-0.41418778785733196,-1.666477025444823,-0.883229445210487,-0.47062966558279734,-0.9603206601483365,-0.5556557643923067,-0.7755180381881448,-0.9042773655389846
2026-04-20,-0.7497290705175069,-0.7558992403846392,-0.5164661008400082,-1.3271556529711714,-0.7129339592065582,-0.7280575199709323,-1.0919573849262991,-0.41418778785733196,-1.666477025444823,-0.883229445210487
2026-04-21,0.10754107853016219,-0.6140715246014946,-0.7400352535057013,-0.33176598103774274,-0.1556386421760358,-0.7497290705175069,-0.7558992403846392,-0.5164661008400082,-1.3271556529711714,-0.7129339592065582
2026-04-22,0.26107972453311756,-0.7889003531094491,-0.839502188341164,-0.20830855365295836,-0.21379080466456135,0.10754107853016219,-0.6140715246014946,-0.7400352535057013,-0.33176598103774274,-0.1556386421760358
2026-04-23,0.3679957154949086,-0.7032180948418928,-0.8134957337839995,-0.0948287796029524,-0.08443405609950808,0.26107972453311756,-0.7889003531094491,-0.839502188341164,-0.20830855365295836,-0.21379080466456135
2026-04-24,0.6998626816685701,-0.8768082766162055,-0.5251011842371431,1.0160522335777284,-0.5536964156772138,0.3679957154949086,-0.7032180948418928,-0.8134957337839995,-0.0948287796029524,-0.08443405609950808
2026-04-27,0.283285572292389,-1.0834473705525325,0.06199345891914701,0.5332045554398752,-1.0822624407098678,0.6998626816685701,-0.8768082766162055,-0.5251011842371431,1.0160522335777284,-0.5536964156772138
2026-04-28,0.323748972984164,-1.133976904501567,-0.629505236662868,0.5916084220892764,-0.9486558333963242,0.283285572292389,-1.0834473705525325,0.06199345891914701,0.5332045554398752,-1.0822624407098678
2026-04-29,0.5228806462512352,-0.8657971640970439,-0.9088853928426537,1.1428108419963048,-0.6871005906332976,0.323748972984164,-1.133976904501567,-0.629505236662868,0.5916084220892764,-0.9486558333963242
2026-04-30,-0.11632713141531835,-1.3502189622512883,-0.5824232294026245,0.4464717940824171,-1.544176183357159,0.5228806462512352,-0.8657971640970439,-0.9088853928426537,1.1428108419963048,-0.6871005906332976
2026-05-01,-0.46274451126104293,-1.3140089312059173,-0.7357257296340362,0.2085758668735196,-1.6971099434952108,-0.11632713141531835,-1.3502189622512883,-0.5824232294026245,0.4464717940824171,-1.544176183357159
2026-05-04,0.28052326789866827,-0.972031093287774,-0.9285661196276922,0.46761005318115806,-0.6931713220727618,-0.46274451126104293,-1.3140089312059173,-0.7357257296340362,0.2085758668735196,-1.6971099434952108
2026-05-05,-0.2630900423887023,-1.2141459233893006,-0.9385384561879961,0.10181305025505896,-1.2935078768585335,0.28052326789866827,-0.972031093287774,-0.9285661196276922,0.46761005318115806,-0.6931713220727618
2026-05-06,-1.3055905140067692,-1.2085777729127807,-1.139699849807628,-0.538568259029361,-1.9599591949529624,-0.2630900423887023,-1.2141459233893006,-0.9385384561879961,0.10181305025505896,-1.2935078768585335
2026-05-07,-0.901189644595915,-1.2587853509259272,-1.109514885140025,-0.3805987481564636,-1.6922969001586043,-1.3055905140067692,-1.2085777729127807,-1.139699849807628,-0.538568259029361,-1.9599591949529624
2026-05-08,-0.5306840121669139,-1.2002159410704534,-1.3159211633878112,-0.09154180358343113,-1.3561487605986988,-0.901189644595915,-1.2587853509259272,-1.109514885140025,-0.3805987481564636,-1.6922969001586043
