rank,model_id,family,symbol,timeframe,side,lookback_bars,threshold,exit_threshold,min_hold_bars,cooldown_bars,filter_label,feature_backed,feature_train_coverage,feature_validation_coverage,feature_locked_oos_coverage,max_asof_feature_age_hours,leverage,allocation_fraction,notional_fraction,train_return,validation_return,locked_oos_return,train_mdd,validation_mdd,locked_oos_mdd,train_sharpe,validation_sharpe,locked_oos_sharpe,train_trade_event_count,validation_trade_event_count,locked_oos_trade_event_count,train_exposure_bar_count,validation_exposure_bar_count,locked_oos_exposure_bar_count,train_validation_return_ratio,train_minus_validation_return,train_return_per_turnover_proxy_bps,validation_return_per_turnover_proxy_bps,locked_oos_return_per_turnover_proxy_bps,train_dominant_sample_gate_pass,execution_efficiency_proxy_gate_pass,primary_10bps_promotion_gate_pass,paper_candidate_gate_pass,decision,ready_for_paper,ready_for_real,real_money_execution,replay_live_notional_parity,locked_oos_liquidation_count,locked_oos_account_wipeout_count,rejection_reasons,asset_group,universe_role,cross_asset_inputs,asset_diverse_train_validation_score,validation_first_half_return,validation_second_half_return,validation_min_half_return
1,a30fb_asset_diverse_rank_chandelier_1h_xrpusdt_lb12_top1_mom0p005_breadth0p4_adx12p0_trail2p0_hold18_4p0x_0p125_b92ab84a,cross_asset_rank_chandelier_breakout,XRPUSDT,1h,long_short,12,0.005,0.0,18,2,top1_breadth_adx_trail2.0,False,,,,,4.0,0.125,0.5,0.36438565013948354,0.3209853666187028,0.0,0.31954472282178725,0.06535494172808376,0.0,1.0606980563685233,4.865443052210337,0.0,517,98,0,5334,1029,0,1.13520953923216,0.043400283520780736,14.096156678510003,65.50721767728629,,False,False,False,False,no_promotion_shadow_or_reject,False,False,False,"{""live_notional_fraction"": 0.5, ""parity"": true, ""recorded"": true, ""replay_notional_fraction"": 0.5, ""sizing_mode"": ""notional_fraction_equals_leverage_times_allocation_fraction""}",0,0,locked_oos_trade_event_count_0_below_20;locked_oos_return_not_positive;locked_oos_return_per_turnover_proxy_bps_missing_not_above_10.000;shadow_universe_not_promotion_eligible,crypto_payment_alt,shadow_probe_only,"{""breadth_threshold"": 0.4, ""market_momentum_floor"": -0.02, ""panel_symbols"": [""BTCUSDT"", ""ETHUSDT"", ""SOLUSDT"", ""BNBUSDT"", ""TRXUSDT""], ""rank_top_n"": 1}",3.1850766784133633,0.27729965095319487,0.034201618729722494,0.034201618729722494
2,a30fb_asset_diverse_rank_chandelier_1h_xrpusdt_lb12_top1_mom0p005_breadth0p4_adx12p0_trail2p0_hold18_5p0x_0p1_f3cb3ff1,cross_asset_rank_chandelier_breakout,XRPUSDT,1h,long_short,12,0.005,0.0,18,2,top1_breadth_adx_trail2.0,False,,,,,5.0,0.1,0.5,0.36438565013948354,0.3209853666187028,0.0,0.31954472282178725,0.06535494172808376,0.0,1.0606980563685233,4.865443052210337,0.0,517,98,0,5334,1029,0,1.13520953923216,0.043400283520780736,14.096156678510003,65.50721767728629,,False,False,False,False,no_promotion_shadow_or_reject,False,False,False,"{""live_notional_fraction"": 0.5, ""parity"": true, ""recorded"": true, ""replay_notional_fraction"": 0.5, ""sizing_mode"": ""notional_fraction_equals_leverage_times_allocation_fraction""}",0,0,locked_oos_trade_event_count_0_below_20;locked_oos_return_not_positive;locked_oos_return_per_turnover_proxy_bps_missing_not_above_10.000;shadow_universe_not_promotion_eligible,crypto_payment_alt,shadow_probe_only,"{""breadth_threshold"": 0.4, ""market_momentum_floor"": -0.02, ""panel_symbols"": [""BTCUSDT"", ""ETHUSDT"", ""SOLUSDT"", ""BNBUSDT"", ""TRXUSDT""], ""rank_top_n"": 1}",3.1850766784133633,0.27729965095319487,0.034201618729722494,0.034201618729722494
3,a30fb_asset_diverse_rank_chandelier_1h_xrpusdt_lb12_top2_mom0p005_breadth0p4_adx12p0_trail2p0_hold18_4p0x_0p125_1c5bcb4d,cross_asset_rank_chandelier_breakout,XRPUSDT,1h,long_short,12,0.005,0.0,18,2,top2_breadth_adx_trail2.0,False,,,,,4.0,0.125,0.5,0.36438565013948354,0.3209853666187028,0.0,0.31954472282178725,0.06535494172808376,0.0,1.0606980563685233,4.865443052210337,0.0,517,98,0,5334,1029,0,1.13520953923216,0.043400283520780736,14.096156678510003,65.50721767728629,,False,False,False,False,no_promotion_shadow_or_reject,False,False,False,"{""live_notional_fraction"": 0.5, ""parity"": true, ""recorded"": true, ""replay_notional_fraction"": 0.5, ""sizing_mode"": ""notional_fraction_equals_leverage_times_allocation_fraction""}",0,0,locked_oos_trade_event_count_0_below_20;locked_oos_return_not_positive;locked_oos_return_per_turnover_proxy_bps_missing_not_above_10.000;shadow_universe_not_promotion_eligible,crypto_payment_alt,shadow_probe_only,"{""breadth_threshold"": 0.4, ""market_momentum_floor"": -0.02, ""panel_symbols"": [""BTCUSDT"", ""ETHUSDT"", ""SOLUSDT"", ""BNBUSDT"", ""TRXUSDT""], ""rank_top_n"": 2}",3.1850766784133633,0.27729965095319487,0.034201618729722494,0.034201618729722494
4,a30fb_asset_diverse_rank_chandelier_1h_xrpusdt_lb12_top2_mom0p005_breadth0p4_adx12p0_trail2p0_hold18_5p0x_0p1_a0fec8c3,cross_asset_rank_chandelier_breakout,XRPUSDT,1h,long_short,12,0.005,0.0,18,2,top2_breadth_adx_trail2.0,False,,,,,5.0,0.1,0.5,0.36438565013948354,0.3209853666187028,0.0,0.31954472282178725,0.06535494172808376,0.0,1.0606980563685233,4.865443052210337,0.0,517,98,0,5334,1029,0,1.13520953923216,0.043400283520780736,14.096156678510003,65.50721767728629,,False,False,False,False,no_promotion_shadow_or_reject,False,False,False,"{""live_notional_fraction"": 0.5, ""parity"": true, ""recorded"": true, ""replay_notional_fraction"": 0.5, ""sizing_mode"": ""notional_fraction_equals_leverage_times_allocation_fraction""}",0,0,locked_oos_trade_event_count_0_below_20;locked_oos_return_not_positive;locked_oos_return_per_turnover_proxy_bps_missing_not_above_10.000;shadow_universe_not_promotion_eligible,crypto_payment_alt,shadow_probe_only,"{""breadth_threshold"": 0.4, ""market_momentum_floor"": -0.02, ""panel_symbols"": [""BTCUSDT"", ""ETHUSDT"", ""SOLUSDT"", ""BNBUSDT"", ""TRXUSDT""], ""rank_top_n"": 2}",3.1850766784133633,0.27729965095319487,0.034201618729722494,0.034201618729722494
5,a30fb_asset_diverse_rank_chandelier_1h_xrpusdt_lb12_top1_mom0p005_breadth0p4_adx12p0_trail3p0_hold18_4p0x_0p125_7c8ca568,cross_asset_rank_chandelier_breakout,XRPUSDT,1h,long_short,12,0.005,0.0,18,2,top1_breadth_adx_trail3.0,False,,,,,4.0,0.125,0.5,0.41104035069351585,0.3155578824105272,0.0,0.29974380387537625,0.06535494172808332,0.0,1.1551361748985156,4.792105676753605,0.0,517,98,0,5354,1035,0,1.3025830556144058,0.09548246828298868,15.900980684468697,64.3995678388831,,False,False,False,False,no_promotion_shadow_or_reject,False,False,False,"{""live_notional_fraction"": 0.5, ""parity"": true, ""recorded"": true, ""replay_notional_fraction"": 0.5, ""sizing_mode"": ""notional_fraction_equals_leverage_times_allocation_fraction""}",0,0,locked_oos_trade_event_count_0_below_20;locked_oos_return_not_positive;locked_oos_return_per_turnover_proxy_bps_missing_not_above_10.000;shadow_universe_not_promotion_eligible,crypto_payment_alt,shadow_probe_only,"{""breadth_threshold"": 0.4, ""market_momentum_floor"": -0.02, ""panel_symbols"": [""BTCUSDT"", ""ETHUSDT"", ""SOLUSDT"", ""BNBUSDT"", ""TRXUSDT""], ""rank_top_n"": 1}",3.1325656821157217,0.2764471690320194,0.030640291527434638,0.030640291527434638
6,a30fb_asset_diverse_rank_chandelier_1h_xrpusdt_lb12_top1_mom0p005_breadth0p4_adx12p0_trail3p0_hold18_5p0x_0p1_e0450ce3,cross_asset_rank_chandelier_breakout,XRPUSDT,1h,long_short,12,0.005,0.0,18,2,top1_breadth_adx_trail3.0,False,,,,,5.0,0.1,0.5,0.41104035069351585,0.3155578824105272,0.0,0.29974380387537625,0.06535494172808332,0.0,1.1551361748985156,4.792105676753605,0.0,517,98,0,5354,1035,0,1.3025830556144058,0.09548246828298868,15.900980684468697,64.3995678388831,,False,False,False,False,no_promotion_shadow_or_reject,False,False,False,"{""live_notional_fraction"": 0.5, ""parity"": true, ""recorded"": true, ""replay_notional_fraction"": 0.5, ""sizing_mode"": ""notional_fraction_equals_leverage_times_allocation_fraction""}",0,0,locked_oos_trade_event_count_0_below_20;locked_oos_return_not_positive;locked_oos_return_per_turnover_proxy_bps_missing_not_above_10.000;shadow_universe_not_promotion_eligible,crypto_payment_alt,shadow_probe_only,"{""breadth_threshold"": 0.4, ""market_momentum_floor"": -0.02, ""panel_symbols"": [""BTCUSDT"", ""ETHUSDT"", ""SOLUSDT"", ""BNBUSDT"", ""TRXUSDT""], ""rank_top_n"": 1}",3.1325656821157217,0.2764471690320194,0.030640291527434638,0.030640291527434638
7,a30fb_asset_diverse_rank_chandelier_1h_xrpusdt_lb12_top2_mom0p005_breadth0p4_adx12p0_trail3p0_hold18_4p0x_0p125_4d4ca989,cross_asset_rank_chandelier_breakout,XRPUSDT,1h,long_short,12,0.005,0.0,18,2,top2_breadth_adx_trail3.0,False,,,,,4.0,0.125,0.5,0.41104035069351585,0.3155578824105272,0.0,0.29974380387537625,0.06535494172808332,0.0,1.1551361748985156,4.792105676753605,0.0,517,98,0,5354,1035,0,1.3025830556144058,0.09548246828298868,15.900980684468697,64.3995678388831,,False,False,False,False,no_promotion_shadow_or_reject,False,False,False,"{""live_notional_fraction"": 0.5, ""parity"": true, ""recorded"": true, ""replay_notional_fraction"": 0.5, ""sizing_mode"": ""notional_fraction_equals_leverage_times_allocation_fraction""}",0,0,locked_oos_trade_event_count_0_below_20;locked_oos_return_not_positive;locked_oos_return_per_turnover_proxy_bps_missing_not_above_10.000;shadow_universe_not_promotion_eligible,crypto_payment_alt,shadow_probe_only,"{""breadth_threshold"": 0.4, ""market_momentum_floor"": -0.02, ""panel_symbols"": [""BTCUSDT"", ""ETHUSDT"", ""SOLUSDT"", ""BNBUSDT"", ""TRXUSDT""], ""rank_top_n"": 2}",3.1325656821157217,0.2764471690320194,0.030640291527434638,0.030640291527434638
8,a30fb_asset_diverse_rank_chandelier_1h_xrpusdt_lb12_top2_mom0p005_breadth0p4_adx12p0_trail3p0_hold18_5p0x_0p1_ad4fad7e,cross_asset_rank_chandelier_breakout,XRPUSDT,1h,long_short,12,0.005,0.0,18,2,top2_breadth_adx_trail3.0,False,,,,,5.0,0.1,0.5,0.41104035069351585,0.3155578824105272,0.0,0.29974380387537625,0.06535494172808332,0.0,1.1551361748985156,4.792105676753605,0.0,517,98,0,5354,1035,0,1.3025830556144058,0.09548246828298868,15.900980684468697,64.3995678388831,,False,False,False,False,no_promotion_shadow_or_reject,False,False,False,"{""live_notional_fraction"": 0.5, ""parity"": true, ""recorded"": true, ""replay_notional_fraction"": 0.5, ""sizing_mode"": ""notional_fraction_equals_leverage_times_allocation_fraction""}",0,0,locked_oos_trade_event_count_0_below_20;locked_oos_return_not_positive;locked_oos_return_per_turnover_proxy_bps_missing_not_above_10.000;shadow_universe_not_promotion_eligible,crypto_payment_alt,shadow_probe_only,"{""breadth_threshold"": 0.4, ""market_momentum_floor"": -0.02, ""panel_symbols"": [""BTCUSDT"", ""ETHUSDT"", ""SOLUSDT"", ""BNBUSDT"", ""TRXUSDT""], ""rank_top_n"": 2}",3.1325656821157217,0.2764471690320194,0.030640291527434638,0.030640291527434638
9,a30fb_asset_diverse_rank_chandelier_1h_xrpusdt_lb12_top1_mom0p005_breadth0p4_adx18p0_trail2p0_hold18_4p0x_0p125_0b7b39a2,cross_asset_rank_chandelier_breakout,XRPUSDT,1h,long_short,12,0.005,0.0,18,2,top1_breadth_adx_trail2.0,False,,,,,4.0,0.125,0.5,0.3680705703685263,0.30646681550965527,0.0,0.32485757209474075,0.06535494172808343,0.0,1.0689773793693873,4.715342090674058,0.0,515,98,0,5324,1026,0,1.2010128070682753,0.06160375485887104,14.294002732758303,62.544248063194956,,False,False,False,False,no_promotion_shadow_or_reject,False,False,False,"{""live_notional_fraction"": 0.5, ""parity"": true, ""recorded"": true, ""replay_notional_fraction"": 0.5, ""sizing_mode"": ""notional_fraction_equals_leverage_times_allocation_fraction""}",0,0,locked_oos_trade_event_count_0_below_20;locked_oos_return_not_positive;locked_oos_return_per_turnover_proxy_bps_missing_not_above_10.000;shadow_universe_not_promotion_eligible,crypto_payment_alt,shadow_probe_only,"{""breadth_threshold"": 0.4, ""market_momentum_floor"": -0.02, ""panel_symbols"": [""BTCUSDT"", ""ETHUSDT"", ""SOLUSDT"", ""BNBUSDT"", ""TRXUSDT""], ""rank_top_n"": 1}",3.0387097224939223,0.26326123634804244,0.034201618729722494,0.034201618729722494
10,a30fb_asset_diverse_rank_chandelier_1h_xrpusdt_lb12_top1_mom0p005_breadth0p4_adx18p0_trail2p0_hold18_5p0x_0p1_86335e6e,cross_asset_rank_chandelier_breakout,XRPUSDT,1h,long_short,12,0.005,0.0,18,2,top1_breadth_adx_trail2.0,False,,,,,5.0,0.1,0.5,0.3680705703685263,0.30646681550965527,0.0,0.32485757209474075,0.06535494172808343,0.0,1.0689773793693873,4.715342090674058,0.0,515,98,0,5324,1026,0,1.2010128070682753,0.06160375485887104,14.294002732758303,62.544248063194956,,False,False,False,False,no_promotion_shadow_or_reject,False,False,False,"{""live_notional_fraction"": 0.5, ""parity"": true, ""recorded"": true, ""replay_notional_fraction"": 0.5, ""sizing_mode"": ""notional_fraction_equals_leverage_times_allocation_fraction""}",0,0,locked_oos_trade_event_count_0_below_20;locked_oos_return_not_positive;locked_oos_return_per_turnover_proxy_bps_missing_not_above_10.000;shadow_universe_not_promotion_eligible,crypto_payment_alt,shadow_probe_only,"{""breadth_threshold"": 0.4, ""market_momentum_floor"": -0.02, ""panel_symbols"": [""BTCUSDT"", ""ETHUSDT"", ""SOLUSDT"", ""BNBUSDT"", ""TRXUSDT""], ""rank_top_n"": 1}",3.0387097224939223,0.26326123634804244,0.034201618729722494,0.034201618729722494
11,a30fb_asset_diverse_rank_chandelier_1h_xrpusdt_lb12_top2_mom0p005_breadth0p4_adx18p0_trail2p0_hold18_4p0x_0p125_c90a7b95,cross_asset_rank_chandelier_breakout,XRPUSDT,1h,long_short,12,0.005,0.0,18,2,top2_breadth_adx_trail2.0,False,,,,,4.0,0.125,0.5,0.3680705703685263,0.30646681550965527,0.0,0.32485757209474075,0.06535494172808343,0.0,1.0689773793693873,4.715342090674058,0.0,515,98,0,5324,1026,0,1.2010128070682753,0.06160375485887104,14.294002732758303,62.544248063194956,,False,False,False,False,no_promotion_shadow_or_reject,False,False,False,"{""live_notional_fraction"": 0.5, ""parity"": true, ""recorded"": true, ""replay_notional_fraction"": 0.5, ""sizing_mode"": ""notional_fraction_equals_leverage_times_allocation_fraction""}",0,0,locked_oos_trade_event_count_0_below_20;locked_oos_return_not_positive;locked_oos_return_per_turnover_proxy_bps_missing_not_above_10.000;shadow_universe_not_promotion_eligible,crypto_payment_alt,shadow_probe_only,"{""breadth_threshold"": 0.4, ""market_momentum_floor"": -0.02, ""panel_symbols"": [""BTCUSDT"", ""ETHUSDT"", ""SOLUSDT"", ""BNBUSDT"", ""TRXUSDT""], ""rank_top_n"": 2}",3.0387097224939223,0.26326123634804244,0.034201618729722494,0.034201618729722494
12,a30fb_asset_diverse_rank_chandelier_1h_xrpusdt_lb12_top2_mom0p005_breadth0p4_adx18p0_trail2p0_hold18_5p0x_0p1_87208954,cross_asset_rank_chandelier_breakout,XRPUSDT,1h,long_short,12,0.005,0.0,18,2,top2_breadth_adx_trail2.0,False,,,,,5.0,0.1,0.5,0.3680705703685263,0.30646681550965527,0.0,0.32485757209474075,0.06535494172808343,0.0,1.0689773793693873,4.715342090674058,0.0,515,98,0,5324,1026,0,1.2010128070682753,0.06160375485887104,14.294002732758303,62.544248063194956,,False,False,False,False,no_promotion_shadow_or_reject,False,False,False,"{""live_notional_fraction"": 0.5, ""parity"": true, ""recorded"": true, ""replay_notional_fraction"": 0.5, ""sizing_mode"": ""notional_fraction_equals_leverage_times_allocation_fraction""}",0,0,locked_oos_trade_event_count_0_below_20;locked_oos_return_not_positive;locked_oos_return_per_turnover_proxy_bps_missing_not_above_10.000;shadow_universe_not_promotion_eligible,crypto_payment_alt,shadow_probe_only,"{""breadth_threshold"": 0.4, ""market_momentum_floor"": -0.02, ""panel_symbols"": [""BTCUSDT"", ""ETHUSDT"", ""SOLUSDT"", ""BNBUSDT"", ""TRXUSDT""], ""rank_top_n"": 2}",3.0387097224939223,0.26326123634804244,0.034201618729722494,0.034201618729722494
13,a30fb_asset_diverse_rank_chandelier_1h_xrpusdt_lb12_top1_mom0p005_breadth0p4_adx18p0_trail3p0_hold18_4p0x_0p125_c8a3f6bd,cross_asset_rank_chandelier_breakout,XRPUSDT,1h,long_short,12,0.005,0.0,18,2,top1_breadth_adx_trail3.0,False,,,,,4.0,0.125,0.5,0.43280165649406666,0.3010989831408253,0.0,0.29974380387537625,0.06535494172808343,0.0,1.1997391686285814,4.641492289750279,0.0,515,98,0,5343,1032,0,1.4374065696915472,0.13170267335324137,16.807831320157927,61.448772069556185,,False,False,False,False,no_promotion_shadow_or_reject,False,False,False,"{""live_notional_fraction"": 0.5, ""parity"": true, ""recorded"": true, ""replay_notional_fraction"": 0.5, ""sizing_mode"": ""notional_fraction_equals_leverage_times_allocation_fraction""}",0,0,locked_oos_trade_event_count_0_below_20;locked_oos_return_not_positive;locked_oos_return_per_turnover_proxy_bps_missing_not_above_10.000;shadow_universe_not_promotion_eligible,crypto_payment_alt,shadow_probe_only,"{""breadth_threshold"": 0.4, ""market_momentum_floor"": -0.02, ""panel_symbols"": [""BTCUSDT"", ""ETHUSDT"", ""SOLUSDT"", ""BNBUSDT"", ""TRXUSDT""], ""rank_top_n"": 1}",2.9895301659191538,0.26241812379813356,0.030640291527434638,0.030640291527434638
14,a30fb_asset_diverse_rank_chandelier_1h_xrpusdt_lb12_top1_mom0p005_breadth0p4_adx18p0_trail3p0_hold18_5p0x_0p1_f13f66b9,cross_asset_rank_chandelier_breakout,XRPUSDT,1h,long_short,12,0.005,0.0,18,2,top1_breadth_adx_trail3.0,False,,,,,5.0,0.1,0.5,0.43280165649406666,0.3010989831408253,0.0,0.29974380387537625,0.06535494172808343,0.0,1.1997391686285814,4.641492289750279,0.0,515,98,0,5343,1032,0,1.4374065696915472,0.13170267335324137,16.807831320157927,61.448772069556185,,False,False,False,False,no_promotion_shadow_or_reject,False,False,False,"{""live_notional_fraction"": 0.5, ""parity"": true, ""recorded"": true, ""replay_notional_fraction"": 0.5, ""sizing_mode"": ""notional_fraction_equals_leverage_times_allocation_fraction""}",0,0,locked_oos_trade_event_count_0_below_20;locked_oos_return_not_positive;locked_oos_return_per_turnover_proxy_bps_missing_not_above_10.000;shadow_universe_not_promotion_eligible,crypto_payment_alt,shadow_probe_only,"{""breadth_threshold"": 0.4, ""market_momentum_floor"": -0.02, ""panel_symbols"": [""BTCUSDT"", ""ETHUSDT"", ""SOLUSDT"", ""BNBUSDT"", ""TRXUSDT""], ""rank_top_n"": 1}",2.9895301659191538,0.26241812379813356,0.030640291527434638,0.030640291527434638
15,a30fb_asset_diverse_rank_chandelier_1h_xrpusdt_lb12_top2_mom0p005_breadth0p4_adx18p0_trail3p0_hold18_4p0x_0p125_a71f83a8,cross_asset_rank_chandelier_breakout,XRPUSDT,1h,long_short,12,0.005,0.0,18,2,top2_breadth_adx_trail3.0,False,,,,,4.0,0.125,0.5,0.43280165649406666,0.3010989831408253,0.0,0.29974380387537625,0.06535494172808343,0.0,1.1997391686285814,4.641492289750279,0.0,515,98,0,5343,1032,0,1.4374065696915472,0.13170267335324137,16.807831320157927,61.448772069556185,,False,False,False,False,no_promotion_shadow_or_reject,False,False,False,"{""live_notional_fraction"": 0.5, ""parity"": true, ""recorded"": true, ""replay_notional_fraction"": 0.5, ""sizing_mode"": ""notional_fraction_equals_leverage_times_allocation_fraction""}",0,0,locked_oos_trade_event_count_0_below_20;locked_oos_return_not_positive;locked_oos_return_per_turnover_proxy_bps_missing_not_above_10.000;shadow_universe_not_promotion_eligible,crypto_payment_alt,shadow_probe_only,"{""breadth_threshold"": 0.4, ""market_momentum_floor"": -0.02, ""panel_symbols"": [""BTCUSDT"", ""ETHUSDT"", ""SOLUSDT"", ""BNBUSDT"", ""TRXUSDT""], ""rank_top_n"": 2}",2.9895301659191538,0.26241812379813356,0.030640291527434638,0.030640291527434638
16,a30fb_asset_diverse_rank_chandelier_1h_xrpusdt_lb12_top2_mom0p005_breadth0p4_adx18p0_trail3p0_hold18_5p0x_0p1_3cecca88,cross_asset_rank_chandelier_breakout,XRPUSDT,1h,long_short,12,0.005,0.0,18,2,top2_breadth_adx_trail3.0,False,,,,,5.0,0.1,0.5,0.43280165649406666,0.3010989831408253,0.0,0.29974380387537625,0.06535494172808343,0.0,1.1997391686285814,4.641492289750279,0.0,515,98,0,5343,1032,0,1.4374065696915472,0.13170267335324137,16.807831320157927,61.448772069556185,,False,False,False,False,no_promotion_shadow_or_reject,False,False,False,"{""live_notional_fraction"": 0.5, ""parity"": true, ""recorded"": true, ""replay_notional_fraction"": 0.5, ""sizing_mode"": ""notional_fraction_equals_leverage_times_allocation_fraction""}",0,0,locked_oos_trade_event_count_0_below_20;locked_oos_return_not_positive;locked_oos_return_per_turnover_proxy_bps_missing_not_above_10.000;shadow_universe_not_promotion_eligible,crypto_payment_alt,shadow_probe_only,"{""breadth_threshold"": 0.4, ""market_momentum_floor"": -0.02, ""panel_symbols"": [""BTCUSDT"", ""ETHUSDT"", ""SOLUSDT"", ""BNBUSDT"", ""TRXUSDT""], ""rank_top_n"": 2}",2.9895301659191538,0.26241812379813356,0.030640291527434638,0.030640291527434638
17,a30fb_asset_diverse_rank_chandelier_1h_xrpusdt_lb12_top1_mom0p005_breadth0p6_adx18p0_trail2p0_hold18_4p0x_0p125_edc298df,cross_asset_rank_chandelier_breakout,XRPUSDT,1h,long_short,12,0.005,0.0,18,2,top1_breadth_adx_trail2.0,False,,,,,4.0,0.125,0.5,0.5454029985211253,0.29117727851972175,0.0,0.19333443866775024,0.06535494172808354,0.0,1.4262349769102076,4.625188925446856,0.0,501,94,0,5177,985,0,1.87309600973616,0.25422572000140353,21.772574791262485,61.95261245100463,,False,False,False,False,no_promotion_shadow_or_reject,False,False,False,"{""live_notional_fraction"": 0.5, ""parity"": true, ""recorded"": true, ""replay_notional_fraction"": 0.5, ""sizing_mode"": ""notional_fraction_equals_leverage_times_allocation_fraction""}",0,0,locked_oos_trade_event_count_0_below_20;locked_oos_return_not_positive;locked_oos_return_per_turnover_proxy_bps_missing_not_above_10.000;shadow_universe_not_promotion_eligible,crypto_payment_alt,shadow_probe_only,"{""breadth_threshold"": 0.6, ""market_momentum_floor"": -0.02, ""panel_symbols"": [""BTCUSDT"", ""ETHUSDT"", ""SOLUSDT"", ""BNBUSDT"", ""TRXUSDT""], ""rank_top_n"": 1}",2.9273007637589066,0.24847733279090667,0.034201618729722494,0.034201618729722494
18,a30fb_asset_diverse_rank_chandelier_1h_xrpusdt_lb12_top1_mom0p005_breadth0p6_adx18p0_trail2p0_hold18_5p0x_0p1_2da12e12,cross_asset_rank_chandelier_breakout,XRPUSDT,1h,long_short,12,0.005,0.0,18,2,top1_breadth_adx_trail2.0,False,,,,,5.0,0.1,0.5,0.5454029985211253,0.29117727851972175,0.0,0.19333443866775024,0.06535494172808354,0.0,1.4262349769102076,4.625188925446856,0.0,501,94,0,5177,985,0,1.87309600973616,0.25422572000140353,21.772574791262485,61.95261245100463,,False,False,False,False,no_promotion_shadow_or_reject,False,False,False,"{""live_notional_fraction"": 0.5, ""parity"": true, ""recorded"": true, ""replay_notional_fraction"": 0.5, ""sizing_mode"": ""notional_fraction_equals_leverage_times_allocation_fraction""}",0,0,locked_oos_trade_event_count_0_below_20;locked_oos_return_not_positive;locked_oos_return_per_turnover_proxy_bps_missing_not_above_10.000;shadow_universe_not_promotion_eligible,crypto_payment_alt,shadow_probe_only,"{""breadth_threshold"": 0.6, ""market_momentum_floor"": -0.02, ""panel_symbols"": [""BTCUSDT"", ""ETHUSDT"", ""SOLUSDT"", ""BNBUSDT"", ""TRXUSDT""], ""rank_top_n"": 1}",2.9273007637589066,0.24847733279090667,0.034201618729722494,0.034201618729722494
19,a30fb_asset_diverse_rank_chandelier_1h_xrpusdt_lb12_top2_mom0p005_breadth0p6_adx18p0_trail2p0_hold18_4p0x_0p125_71582de8,cross_asset_rank_chandelier_breakout,XRPUSDT,1h,long_short,12,0.005,0.0,18,2,top2_breadth_adx_trail2.0,False,,,,,4.0,0.125,0.5,0.5454029985211253,0.29117727851972175,0.0,0.19333443866775024,0.06535494172808354,0.0,1.4262349769102076,4.625188925446856,0.0,501,94,0,5177,985,0,1.87309600973616,0.25422572000140353,21.772574791262485,61.95261245100463,,False,False,False,False,no_promotion_shadow_or_reject,False,False,False,"{""live_notional_fraction"": 0.5, ""parity"": true, ""recorded"": true, ""replay_notional_fraction"": 0.5, ""sizing_mode"": ""notional_fraction_equals_leverage_times_allocation_fraction""}",0,0,locked_oos_trade_event_count_0_below_20;locked_oos_return_not_positive;locked_oos_return_per_turnover_proxy_bps_missing_not_above_10.000;shadow_universe_not_promotion_eligible,crypto_payment_alt,shadow_probe_only,"{""breadth_threshold"": 0.6, ""market_momentum_floor"": -0.02, ""panel_symbols"": [""BTCUSDT"", ""ETHUSDT"", ""SOLUSDT"", ""BNBUSDT"", ""TRXUSDT""], ""rank_top_n"": 2}",2.9273007637589066,0.24847733279090667,0.034201618729722494,0.034201618729722494
20,a30fb_asset_diverse_rank_chandelier_1h_xrpusdt_lb12_top2_mom0p005_breadth0p6_adx18p0_trail2p0_hold18_5p0x_0p1_bf394f08,cross_asset_rank_chandelier_breakout,XRPUSDT,1h,long_short,12,0.005,0.0,18,2,top2_breadth_adx_trail2.0,False,,,,,5.0,0.1,0.5,0.5454029985211253,0.29117727851972175,0.0,0.19333443866775024,0.06535494172808354,0.0,1.4262349769102076,4.625188925446856,0.0,501,94,0,5177,985,0,1.87309600973616,0.25422572000140353,21.772574791262485,61.95261245100463,,False,False,False,False,no_promotion_shadow_or_reject,False,False,False,"{""live_notional_fraction"": 0.5, ""parity"": true, ""recorded"": true, ""replay_notional_fraction"": 0.5, ""sizing_mode"": ""notional_fraction_equals_leverage_times_allocation_fraction""}",0,0,locked_oos_trade_event_count_0_below_20;locked_oos_return_not_positive;locked_oos_return_per_turnover_proxy_bps_missing_not_above_10.000;shadow_universe_not_promotion_eligible,crypto_payment_alt,shadow_probe_only,"{""breadth_threshold"": 0.6, ""market_momentum_floor"": -0.02, ""panel_symbols"": [""BTCUSDT"", ""ETHUSDT"", ""SOLUSDT"", ""BNBUSDT"", ""TRXUSDT""], ""rank_top_n"": 2}",2.9273007637589066,0.24847733279090667,0.034201618729722494,0.034201618729722494
21,a30fb_asset_diverse_rank_chandelier_1h_xrpusdt_lb12_top1_mom0p005_breadth0p6_adx12p0_trail2p0_hold18_4p0x_0p125_b388428e,cross_asset_rank_chandelier_breakout,XRPUSDT,1h,long_short,12,0.005,0.0,18,2,top1_breadth_adx_trail2.0,False,,,,,4.0,0.125,0.5,0.5412404305260126,0.29117727851972175,0.0,0.19333443866775024,0.06535494172808354,0.0,1.4175801951980538,4.625188925446856,0.0,503,94,0,5187,985,0,1.858800361338475,0.2500631520062908,21.520494255507458,61.95261245100463,,False,False,False,False,no_promotion_shadow_or_reject,False,False,False,"{""live_notional_fraction"": 0.5, ""parity"": true, ""recorded"": true, ""replay_notional_fraction"": 0.5, ""sizing_mode"": ""notional_fraction_equals_leverage_times_allocation_fraction""}",0,0,locked_oos_trade_event_count_0_below_20;locked_oos_return_not_positive;locked_oos_return_per_turnover_proxy_bps_missing_not_above_10.000;shadow_universe_not_promotion_eligible,crypto_payment_alt,shadow_probe_only,"{""breadth_threshold"": 0.6, ""market_momentum_floor"": -0.02, ""panel_symbols"": [""BTCUSDT"", ""ETHUSDT"", ""SOLUSDT"", ""BNBUSDT"", ""TRXUSDT""], ""rank_top_n"": 1}",2.926331223236772,0.24847733279090667,0.034201618729722494,0.034201618729722494
22,a30fb_asset_diverse_rank_chandelier_1h_xrpusdt_lb12_top1_mom0p005_breadth0p6_adx12p0_trail2p0_hold18_5p0x_0p1_660e490a,cross_asset_rank_chandelier_breakout,XRPUSDT,1h,long_short,12,0.005,0.0,18,2,top1_breadth_adx_trail2.0,False,,,,,5.0,0.1,0.5,0.5412404305260126,0.29117727851972175,0.0,0.19333443866775024,0.06535494172808354,0.0,1.4175801951980538,4.625188925446856,0.0,503,94,0,5187,985,0,1.858800361338475,0.2500631520062908,21.520494255507458,61.95261245100463,,False,False,False,False,no_promotion_shadow_or_reject,False,False,False,"{""live_notional_fraction"": 0.5, ""parity"": true, ""recorded"": true, ""replay_notional_fraction"": 0.5, ""sizing_mode"": ""notional_fraction_equals_leverage_times_allocation_fraction""}",0,0,locked_oos_trade_event_count_0_below_20;locked_oos_return_not_positive;locked_oos_return_per_turnover_proxy_bps_missing_not_above_10.000;shadow_universe_not_promotion_eligible,crypto_payment_alt,shadow_probe_only,"{""breadth_threshold"": 0.6, ""market_momentum_floor"": -0.02, ""panel_symbols"": [""BTCUSDT"", ""ETHUSDT"", ""SOLUSDT"", ""BNBUSDT"", ""TRXUSDT""], ""rank_top_n"": 1}",2.926331223236772,0.24847733279090667,0.034201618729722494,0.034201618729722494
23,a30fb_asset_diverse_rank_chandelier_1h_xrpusdt_lb12_top2_mom0p005_breadth0p6_adx12p0_trail2p0_hold18_4p0x_0p125_d3549949,cross_asset_rank_chandelier_breakout,XRPUSDT,1h,long_short,12,0.005,0.0,18,2,top2_breadth_adx_trail2.0,False,,,,,4.0,0.125,0.5,0.5412404305260126,0.29117727851972175,0.0,0.19333443866775024,0.06535494172808354,0.0,1.4175801951980538,4.625188925446856,0.0,503,94,0,5187,985,0,1.858800361338475,0.2500631520062908,21.520494255507458,61.95261245100463,,False,False,False,False,no_promotion_shadow_or_reject,False,False,False,"{""live_notional_fraction"": 0.5, ""parity"": true, ""recorded"": true, ""replay_notional_fraction"": 0.5, ""sizing_mode"": ""notional_fraction_equals_leverage_times_allocation_fraction""}",0,0,locked_oos_trade_event_count_0_below_20;locked_oos_return_not_positive;locked_oos_return_per_turnover_proxy_bps_missing_not_above_10.000;shadow_universe_not_promotion_eligible,crypto_payment_alt,shadow_probe_only,"{""breadth_threshold"": 0.6, ""market_momentum_floor"": -0.02, ""panel_symbols"": [""BTCUSDT"", ""ETHUSDT"", ""SOLUSDT"", ""BNBUSDT"", ""TRXUSDT""], ""rank_top_n"": 2}",2.926331223236772,0.24847733279090667,0.034201618729722494,0.034201618729722494
24,a30fb_asset_diverse_rank_chandelier_1h_xrpusdt_lb12_top2_mom0p005_breadth0p6_adx12p0_trail2p0_hold18_5p0x_0p1_572d3fd8,cross_asset_rank_chandelier_breakout,XRPUSDT,1h,long_short,12,0.005,0.0,18,2,top2_breadth_adx_trail2.0,False,,,,,5.0,0.1,0.5,0.5412404305260126,0.29117727851972175,0.0,0.19333443866775024,0.06535494172808354,0.0,1.4175801951980538,4.625188925446856,0.0,503,94,0,5187,985,0,1.858800361338475,0.2500631520062908,21.520494255507458,61.95261245100463,,False,False,False,False,no_promotion_shadow_or_reject,False,False,False,"{""live_notional_fraction"": 0.5, ""parity"": true, ""recorded"": true, ""replay_notional_fraction"": 0.5, ""sizing_mode"": ""notional_fraction_equals_leverage_times_allocation_fraction""}",0,0,locked_oos_trade_event_count_0_below_20;locked_oos_return_not_positive;locked_oos_return_per_turnover_proxy_bps_missing_not_above_10.000;shadow_universe_not_promotion_eligible,crypto_payment_alt,shadow_probe_only,"{""breadth_threshold"": 0.6, ""market_momentum_floor"": -0.02, ""panel_symbols"": [""BTCUSDT"", ""ETHUSDT"", ""SOLUSDT"", ""BNBUSDT"", ""TRXUSDT""], ""rank_top_n"": 2}",2.926331223236772,0.24847733279090667,0.034201618729722494,0.034201618729722494
25,a30fb_asset_diverse_rank_chandelier_1h_xrpusdt_lb12_top1_mom0p005_breadth0p6_adx18p0_trail3p0_hold18_4p0x_0p125_2db28ca6,cross_asset_rank_chandelier_breakout,XRPUSDT,1h,long_short,12,0.005,0.0,18,2,top1_breadth_adx_trail3.0,False,,,,,4.0,0.125,0.5,0.618524675693811,0.28587226571169966,0.0,0.20123703440449292,0.06535494172808376,0.0,1.5575877898051202,4.5493797003681955,0.0,501,94,0,5196,991,0,2.163640023469745,0.3326524099821113,24.691603820112213,60.82388632163823,,False,False,False,False,no_promotion_shadow_or_reject,False,False,False,"{""live_notional_fraction"": 0.5, ""parity"": true, ""recorded"": true, ""replay_notional_fraction"": 0.5, ""sizing_mode"": ""notional_fraction_equals_leverage_times_allocation_fraction""}",0,0,locked_oos_trade_event_count_0_below_20;locked_oos_return_not_positive;locked_oos_return_per_turnover_proxy_bps_missing_not_above_10.000;shadow_universe_not_promotion_eligible,crypto_payment_alt,shadow_probe_only,"{""breadth_threshold"": 0.6, ""market_momentum_floor"": -0.02, ""panel_symbols"": [""BTCUSDT"", ""ETHUSDT"", ""SOLUSDT"", ""BNBUSDT"", ""TRXUSDT""], ""rank_top_n"": 1}",2.8800603234914903,0.24764408715867958,0.030640291527434638,0.030640291527434638
26,a30fb_asset_diverse_rank_chandelier_1h_xrpusdt_lb12_top1_mom0p005_breadth0p6_adx18p0_trail3p0_hold18_5p0x_0p1_b8762508,cross_asset_rank_chandelier_breakout,XRPUSDT,1h,long_short,12,0.005,0.0,18,2,top1_breadth_adx_trail3.0,False,,,,,5.0,0.1,0.5,0.618524675693811,0.28587226571169966,0.0,0.20123703440449292,0.06535494172808376,0.0,1.5575877898051202,4.5493797003681955,0.0,501,94,0,5196,991,0,2.163640023469745,0.3326524099821113,24.691603820112213,60.82388632163823,,False,False,False,False,no_promotion_shadow_or_reject,False,False,False,"{""live_notional_fraction"": 0.5, ""parity"": true, ""recorded"": true, ""replay_notional_fraction"": 0.5, ""sizing_mode"": ""notional_fraction_equals_leverage_times_allocation_fraction""}",0,0,locked_oos_trade_event_count_0_below_20;locked_oos_return_not_positive;locked_oos_return_per_turnover_proxy_bps_missing_not_above_10.000;shadow_universe_not_promotion_eligible,crypto_payment_alt,shadow_probe_only,"{""breadth_threshold"": 0.6, ""market_momentum_floor"": -0.02, ""panel_symbols"": [""BTCUSDT"", ""ETHUSDT"", ""SOLUSDT"", ""BNBUSDT"", ""TRXUSDT""], ""rank_top_n"": 1}",2.8800603234914903,0.24764408715867958,0.030640291527434638,0.030640291527434638
27,a30fb_asset_diverse_rank_chandelier_1h_xrpusdt_lb12_top2_mom0p005_breadth0p6_adx18p0_trail3p0_hold18_4p0x_0p125_a08b99cd,cross_asset_rank_chandelier_breakout,XRPUSDT,1h,long_short,12,0.005,0.0,18,2,top2_breadth_adx_trail3.0,False,,,,,4.0,0.125,0.5,0.618524675693811,0.28587226571169966,0.0,0.20123703440449292,0.06535494172808376,0.0,1.5575877898051202,4.5493797003681955,0.0,501,94,0,5196,991,0,2.163640023469745,0.3326524099821113,24.691603820112213,60.82388632163823,,False,False,False,False,no_promotion_shadow_or_reject,False,False,False,"{""live_notional_fraction"": 0.5, ""parity"": true, ""recorded"": true, ""replay_notional_fraction"": 0.5, ""sizing_mode"": ""notional_fraction_equals_leverage_times_allocation_fraction""}",0,0,locked_oos_trade_event_count_0_below_20;locked_oos_return_not_positive;locked_oos_return_per_turnover_proxy_bps_missing_not_above_10.000;shadow_universe_not_promotion_eligible,crypto_payment_alt,shadow_probe_only,"{""breadth_threshold"": 0.6, ""market_momentum_floor"": -0.02, ""panel_symbols"": [""BTCUSDT"", ""ETHUSDT"", ""SOLUSDT"", ""BNBUSDT"", ""TRXUSDT""], ""rank_top_n"": 2}",2.8800603234914903,0.24764408715867958,0.030640291527434638,0.030640291527434638
28,a30fb_asset_diverse_rank_chandelier_1h_xrpusdt_lb12_top2_mom0p005_breadth0p6_adx18p0_trail3p0_hold18_5p0x_0p1_99dfd8c7,cross_asset_rank_chandelier_breakout,XRPUSDT,1h,long_short,12,0.005,0.0,18,2,top2_breadth_adx_trail3.0,False,,,,,5.0,0.1,0.5,0.618524675693811,0.28587226571169966,0.0,0.20123703440449292,0.06535494172808376,0.0,1.5575877898051202,4.5493797003681955,0.0,501,94,0,5196,991,0,2.163640023469745,0.3326524099821113,24.691603820112213,60.82388632163823,,False,False,False,False,no_promotion_shadow_or_reject,False,False,False,"{""live_notional_fraction"": 0.5, ""parity"": true, ""recorded"": true, ""replay_notional_fraction"": 0.5, ""sizing_mode"": ""notional_fraction_equals_leverage_times_allocation_fraction""}",0,0,locked_oos_trade_event_count_0_below_20;locked_oos_return_not_positive;locked_oos_return_per_turnover_proxy_bps_missing_not_above_10.000;shadow_universe_not_promotion_eligible,crypto_payment_alt,shadow_probe_only,"{""breadth_threshold"": 0.6, ""market_momentum_floor"": -0.02, ""panel_symbols"": [""BTCUSDT"", ""ETHUSDT"", ""SOLUSDT"", ""BNBUSDT"", ""TRXUSDT""], ""rank_top_n"": 2}",2.8800603234914903,0.24764408715867958,0.030640291527434638,0.030640291527434638
29,a30fb_asset_diverse_rank_chandelier_1h_xrpusdt_lb12_top1_mom0p005_breadth0p6_adx12p0_trail3p0_hold18_4p0x_0p125_245c3934,cross_asset_rank_chandelier_breakout,XRPUSDT,1h,long_short,12,0.005,0.0,18,2,top1_breadth_adx_trail3.0,False,,,,,4.0,0.125,0.5,0.5939426197938411,0.28587226571169966,0.0,0.20123703440449292,0.06535494172808376,0.0,1.512147939719842,4.5493797003681955,0.0,503,94,0,5207,991,0,2.0776503740759114,0.30807035408214145,23.61600873931774,60.82388632163823,,False,False,False,False,no_promotion_shadow_or_reject,False,False,False,"{""live_notional_fraction"": 0.5, ""parity"": true, ""recorded"": true, ""replay_notional_fraction"": 0.5, ""sizing_mode"": ""notional_fraction_equals_leverage_times_allocation_fraction""}",0,0,locked_oos_trade_event_count_0_below_20;locked_oos_return_not_positive;locked_oos_return_per_turnover_proxy_bps_missing_not_above_10.000;shadow_universe_not_promotion_eligible,crypto_payment_alt,shadow_probe_only,"{""breadth_threshold"": 0.6, ""market_momentum_floor"": -0.02, ""panel_symbols"": [""BTCUSDT"", ""ETHUSDT"", ""SOLUSDT"", ""BNBUSDT"", ""TRXUSDT""], ""rank_top_n"": 1}",2.8759234193345886,0.24764408715867958,0.030640291527434638,0.030640291527434638
30,a30fb_asset_diverse_rank_chandelier_1h_xrpusdt_lb12_top1_mom0p005_breadth0p6_adx12p0_trail3p0_hold18_5p0x_0p1_2a7ddd3d,cross_asset_rank_chandelier_breakout,XRPUSDT,1h,long_short,12,0.005,0.0,18,2,top1_breadth_adx_trail3.0,False,,,,,5.0,0.1,0.5,0.5939426197938411,0.28587226571169966,0.0,0.20123703440449292,0.06535494172808376,0.0,1.512147939719842,4.5493797003681955,0.0,503,94,0,5207,991,0,2.0776503740759114,0.30807035408214145,23.61600873931774,60.82388632163823,,False,False,False,False,no_promotion_shadow_or_reject,False,False,False,"{""live_notional_fraction"": 0.5, ""parity"": true, ""recorded"": true, ""replay_notional_fraction"": 0.5, ""sizing_mode"": ""notional_fraction_equals_leverage_times_allocation_fraction""}",0,0,locked_oos_trade_event_count_0_below_20;locked_oos_return_not_positive;locked_oos_return_per_turnover_proxy_bps_missing_not_above_10.000;shadow_universe_not_promotion_eligible,crypto_payment_alt,shadow_probe_only,"{""breadth_threshold"": 0.6, ""market_momentum_floor"": -0.02, ""panel_symbols"": [""BTCUSDT"", ""ETHUSDT"", ""SOLUSDT"", ""BNBUSDT"", ""TRXUSDT""], ""rank_top_n"": 1}",2.8759234193345886,0.24764408715867958,0.030640291527434638,0.030640291527434638
31,a30fb_asset_diverse_rank_chandelier_1h_xrpusdt_lb12_top2_mom0p005_breadth0p6_adx12p0_trail3p0_hold18_4p0x_0p125_b432cff1,cross_asset_rank_chandelier_breakout,XRPUSDT,1h,long_short,12,0.005,0.0,18,2,top2_breadth_adx_trail3.0,False,,,,,4.0,0.125,0.5,0.5939426197938411,0.28587226571169966,0.0,0.20123703440449292,0.06535494172808376,0.0,1.512147939719842,4.5493797003681955,0.0,503,94,0,5207,991,0,2.0776503740759114,0.30807035408214145,23.61600873931774,60.82388632163823,,False,False,False,False,no_promotion_shadow_or_reject,False,False,False,"{""live_notional_fraction"": 0.5, ""parity"": true, ""recorded"": true, ""replay_notional_fraction"": 0.5, ""sizing_mode"": ""notional_fraction_equals_leverage_times_allocation_fraction""}",0,0,locked_oos_trade_event_count_0_below_20;locked_oos_return_not_positive;locked_oos_return_per_turnover_proxy_bps_missing_not_above_10.000;shadow_universe_not_promotion_eligible,crypto_payment_alt,shadow_probe_only,"{""breadth_threshold"": 0.6, ""market_momentum_floor"": -0.02, ""panel_symbols"": [""BTCUSDT"", ""ETHUSDT"", ""SOLUSDT"", ""BNBUSDT"", ""TRXUSDT""], ""rank_top_n"": 2}",2.8759234193345886,0.24764408715867958,0.030640291527434638,0.030640291527434638
32,a30fb_asset_diverse_rank_chandelier_1h_xrpusdt_lb12_top2_mom0p005_breadth0p6_adx12p0_trail3p0_hold18_5p0x_0p1_89ce0567,cross_asset_rank_chandelier_breakout,XRPUSDT,1h,long_short,12,0.005,0.0,18,2,top2_breadth_adx_trail3.0,False,,,,,5.0,0.1,0.5,0.5939426197938411,0.28587226571169966,0.0,0.20123703440449292,0.06535494172808376,0.0,1.512147939719842,4.5493797003681955,0.0,503,94,0,5207,991,0,2.0776503740759114,0.30807035408214145,23.61600873931774,60.82388632163823,,False,False,False,False,no_promotion_shadow_or_reject,False,False,False,"{""live_notional_fraction"": 0.5, ""parity"": true, ""recorded"": true, ""replay_notional_fraction"": 0.5, ""sizing_mode"": ""notional_fraction_equals_leverage_times_allocation_fraction""}",0,0,locked_oos_trade_event_count_0_below_20;locked_oos_return_not_positive;locked_oos_return_per_turnover_proxy_bps_missing_not_above_10.000;shadow_universe_not_promotion_eligible,crypto_payment_alt,shadow_probe_only,"{""breadth_threshold"": 0.6, ""market_momentum_floor"": -0.02, ""panel_symbols"": [""BTCUSDT"", ""ETHUSDT"", ""SOLUSDT"", ""BNBUSDT"", ""TRXUSDT""], ""rank_top_n"": 2}",2.8759234193345886,0.24764408715867958,0.030640291527434638,0.030640291527434638
33,a30fb_asset_diverse_rank_chandelier_1h_dogeusdt_lb12_top1_mom0p015_breadth0p4_adx12p0_trail2p0_hold18_4p0x_0p125_20ad5aa3,cross_asset_rank_chandelier_breakout,DOGEUSDT,1h,long_short,12,0.015,0.0,18,2,top1_breadth_adx_trail2.0,False,,,,,4.0,0.125,0.5,0.6034681651701586,0.2664674248269061,0.0,0.19430067363654802,0.060284179861792464,0.0,1.4219531675731545,4.478592009935375,0.0,523,89,0,5396,906,0,2.2646977039019456,0.33700074034325245,23.077176488342584,59.880320185821596,,False,False,False,False,no_promotion_shadow_or_reject,False,False,False,"{""live_notional_fraction"": 0.5, ""parity"": true, ""recorded"": true, ""replay_notional_fraction"": 0.5, ""sizing_mode"": ""notional_fraction_equals_leverage_times_allocation_fraction""}",0,0,locked_oos_trade_event_count_0_below_20;locked_oos_return_not_positive;locked_oos_return_per_turnover_proxy_bps_missing_not_above_10.000;shadow_universe_not_promotion_eligible,crypto_high_beta_alt,shadow_probe_only,"{""breadth_threshold"": 0.4, ""market_momentum_floor"": -0.02, ""panel_symbols"": [""BTCUSDT"", ""ETHUSDT"", ""SOLUSDT"", ""BNBUSDT"", ""TRXUSDT""], ""rank_top_n"": 1}",2.781590564022338,0.1609455297166391,0.09089306294673594,0.09089306294673594
34,a30fb_asset_diverse_rank_chandelier_1h_dogeusdt_lb12_top1_mom0p015_breadth0p4_adx12p0_trail2p0_hold18_5p0x_0p1_3366d37a,cross_asset_rank_chandelier_breakout,DOGEUSDT,1h,long_short,12,0.015,0.0,18,2,top1_breadth_adx_trail2.0,False,,,,,5.0,0.1,0.5,0.6034681651701586,0.2664674248269061,0.0,0.19430067363654802,0.060284179861792464,0.0,1.4219531675731545,4.478592009935375,0.0,523,89,0,5396,906,0,2.2646977039019456,0.33700074034325245,23.077176488342584,59.880320185821596,,False,False,False,False,no_promotion_shadow_or_reject,False,False,False,"{""live_notional_fraction"": 0.5, ""parity"": true, ""recorded"": true, ""replay_notional_fraction"": 0.5, ""sizing_mode"": ""notional_fraction_equals_leverage_times_allocation_fraction""}",0,0,locked_oos_trade_event_count_0_below_20;locked_oos_return_not_positive;locked_oos_return_per_turnover_proxy_bps_missing_not_above_10.000;shadow_universe_not_promotion_eligible,crypto_high_beta_alt,shadow_probe_only,"{""breadth_threshold"": 0.4, ""market_momentum_floor"": -0.02, ""panel_symbols"": [""BTCUSDT"", ""ETHUSDT"", ""SOLUSDT"", ""BNBUSDT"", ""TRXUSDT""], ""rank_top_n"": 1}",2.781590564022338,0.1609455297166391,0.09089306294673594,0.09089306294673594
35,a30fb_asset_diverse_rank_chandelier_1h_dogeusdt_lb12_top2_mom0p015_breadth0p4_adx12p0_trail2p0_hold18_4p0x_0p125_25e25a1b,cross_asset_rank_chandelier_breakout,DOGEUSDT,1h,long_short,12,0.015,0.0,18,2,top2_breadth_adx_trail2.0,False,,,,,4.0,0.125,0.5,0.6034681651701586,0.2664674248269061,0.0,0.19430067363654802,0.060284179861792464,0.0,1.4219531675731545,4.478592009935375,0.0,523,89,0,5396,906,0,2.2646977039019456,0.33700074034325245,23.077176488342584,59.880320185821596,,False,False,False,False,no_promotion_shadow_or_reject,False,False,False,"{""live_notional_fraction"": 0.5, ""parity"": true, ""recorded"": true, ""replay_notional_fraction"": 0.5, ""sizing_mode"": ""notional_fraction_equals_leverage_times_allocation_fraction""}",0,0,locked_oos_trade_event_count_0_below_20;locked_oos_return_not_positive;locked_oos_return_per_turnover_proxy_bps_missing_not_above_10.000;shadow_universe_not_promotion_eligible,crypto_high_beta_alt,shadow_probe_only,"{""breadth_threshold"": 0.4, ""market_momentum_floor"": -0.02, ""panel_symbols"": [""BTCUSDT"", ""ETHUSDT"", ""SOLUSDT"", ""BNBUSDT"", ""TRXUSDT""], ""rank_top_n"": 2}",2.781590564022338,0.1609455297166391,0.09089306294673594,0.09089306294673594
36,a30fb_asset_diverse_rank_chandelier_1h_dogeusdt_lb12_top2_mom0p015_breadth0p4_adx12p0_trail2p0_hold18_5p0x_0p1_fc7176d8,cross_asset_rank_chandelier_breakout,DOGEUSDT,1h,long_short,12,0.015,0.0,18,2,top2_breadth_adx_trail2.0,False,,,,,5.0,0.1,0.5,0.6034681651701586,0.2664674248269061,0.0,0.19430067363654802,0.060284179861792464,0.0,1.4219531675731545,4.478592009935375,0.0,523,89,0,5396,906,0,2.2646977039019456,0.33700074034325245,23.077176488342584,59.880320185821596,,False,False,False,False,no_promotion_shadow_or_reject,False,False,False,"{""live_notional_fraction"": 0.5, ""parity"": true, ""recorded"": true, ""replay_notional_fraction"": 0.5, ""sizing_mode"": ""notional_fraction_equals_leverage_times_allocation_fraction""}",0,0,locked_oos_trade_event_count_0_below_20;locked_oos_return_not_positive;locked_oos_return_per_turnover_proxy_bps_missing_not_above_10.000;shadow_universe_not_promotion_eligible,crypto_high_beta_alt,shadow_probe_only,"{""breadth_threshold"": 0.4, ""market_momentum_floor"": -0.02, ""panel_symbols"": [""BTCUSDT"", ""ETHUSDT"", ""SOLUSDT"", ""BNBUSDT"", ""TRXUSDT""], ""rank_top_n"": 2}",2.781590564022338,0.1609455297166391,0.09089306294673594,0.09089306294673594
37,a30fb_asset_diverse_rank_chandelier_1h_dogeusdt_lb12_top1_mom0p015_breadth0p4_adx12p0_trail3p0_hold18_4p0x_0p125_67026f2f,cross_asset_rank_chandelier_breakout,DOGEUSDT,1h,long_short,12,0.015,0.0,18,2,top1_breadth_adx_trail3.0,False,,,,,4.0,0.125,0.5,0.5706915553460756,0.2664674248269061,0.0,0.19430067363654846,0.060284179861792464,0.0,1.3656767189710146,4.478592009935375,0.0,523,89,0,5407,906,0,2.1416935136322564,0.3042241305191695,21.823768846886257,59.880320185821596,,False,False,False,False,no_promotion_shadow_or_reject,False,False,False,"{""live_notional_fraction"": 0.5, ""parity"": true, ""recorded"": true, ""replay_notional_fraction"": 0.5, ""sizing_mode"": ""notional_fraction_equals_leverage_times_allocation_fraction""}",0,0,locked_oos_trade_event_count_0_below_20;locked_oos_return_not_positive;locked_oos_return_per_turnover_proxy_bps_missing_not_above_10.000;shadow_universe_not_promotion_eligible,crypto_high_beta_alt,shadow_probe_only,"{""breadth_threshold"": 0.4, ""market_momentum_floor"": -0.02, ""panel_symbols"": [""BTCUSDT"", ""ETHUSDT"", ""SOLUSDT"", ""BNBUSDT"", ""TRXUSDT""], ""rank_top_n"": 1}",2.7767697654013523,0.1609455297166391,0.09089306294673594,0.09089306294673594
38,a30fb_asset_diverse_rank_chandelier_1h_dogeusdt_lb12_top1_mom0p015_breadth0p4_adx12p0_trail3p0_hold18_5p0x_0p1_3aebb764,cross_asset_rank_chandelier_breakout,DOGEUSDT,1h,long_short,12,0.015,0.0,18,2,top1_breadth_adx_trail3.0,False,,,,,5.0,0.1,0.5,0.5706915553460756,0.2664674248269061,0.0,0.19430067363654846,0.060284179861792464,0.0,1.3656767189710146,4.478592009935375,0.0,523,89,0,5407,906,0,2.1416935136322564,0.3042241305191695,21.823768846886257,59.880320185821596,,False,False,False,False,no_promotion_shadow_or_reject,False,False,False,"{""live_notional_fraction"": 0.5, ""parity"": true, ""recorded"": true, ""replay_notional_fraction"": 0.5, ""sizing_mode"": ""notional_fraction_equals_leverage_times_allocation_fraction""}",0,0,locked_oos_trade_event_count_0_below_20;locked_oos_return_not_positive;locked_oos_return_per_turnover_proxy_bps_missing_not_above_10.000;shadow_universe_not_promotion_eligible,crypto_high_beta_alt,shadow_probe_only,"{""breadth_threshold"": 0.4, ""market_momentum_floor"": -0.02, ""panel_symbols"": [""BTCUSDT"", ""ETHUSDT"", ""SOLUSDT"", ""BNBUSDT"", ""TRXUSDT""], ""rank_top_n"": 1}",2.7767697654013523,0.1609455297166391,0.09089306294673594,0.09089306294673594
39,a30fb_asset_diverse_rank_chandelier_1h_dogeusdt_lb12_top2_mom0p015_breadth0p4_adx12p0_trail3p0_hold18_4p0x_0p125_64fef640,cross_asset_rank_chandelier_breakout,DOGEUSDT,1h,long_short,12,0.015,0.0,18,2,top2_breadth_adx_trail3.0,False,,,,,4.0,0.125,0.5,0.5706915553460756,0.2664674248269061,0.0,0.19430067363654846,0.060284179861792464,0.0,1.3656767189710146,4.478592009935375,0.0,523,89,0,5407,906,0,2.1416935136322564,0.3042241305191695,21.823768846886257,59.880320185821596,,False,False,False,False,no_promotion_shadow_or_reject,False,False,False,"{""live_notional_fraction"": 0.5, ""parity"": true, ""recorded"": true, ""replay_notional_fraction"": 0.5, ""sizing_mode"": ""notional_fraction_equals_leverage_times_allocation_fraction""}",0,0,locked_oos_trade_event_count_0_below_20;locked_oos_return_not_positive;locked_oos_return_per_turnover_proxy_bps_missing_not_above_10.000;shadow_universe_not_promotion_eligible,crypto_high_beta_alt,shadow_probe_only,"{""breadth_threshold"": 0.4, ""market_momentum_floor"": -0.02, ""panel_symbols"": [""BTCUSDT"", ""ETHUSDT"", ""SOLUSDT"", ""BNBUSDT"", ""TRXUSDT""], ""rank_top_n"": 2}",2.7767697654013523,0.1609455297166391,0.09089306294673594,0.09089306294673594
40,a30fb_asset_diverse_rank_chandelier_1h_dogeusdt_lb12_top2_mom0p015_breadth0p4_adx12p0_trail3p0_hold18_5p0x_0p1_67f223c1,cross_asset_rank_chandelier_breakout,DOGEUSDT,1h,long_short,12,0.015,0.0,18,2,top2_breadth_adx_trail3.0,False,,,,,5.0,0.1,0.5,0.5706915553460756,0.2664674248269061,0.0,0.19430067363654846,0.060284179861792464,0.0,1.3656767189710146,4.478592009935375,0.0,523,89,0,5407,906,0,2.1416935136322564,0.3042241305191695,21.823768846886257,59.880320185821596,,False,False,False,False,no_promotion_shadow_or_reject,False,False,False,"{""live_notional_fraction"": 0.5, ""parity"": true, ""recorded"": true, ""replay_notional_fraction"": 0.5, ""sizing_mode"": ""notional_fraction_equals_leverage_times_allocation_fraction""}",0,0,locked_oos_trade_event_count_0_below_20;locked_oos_return_not_positive;locked_oos_return_per_turnover_proxy_bps_missing_not_above_10.000;shadow_universe_not_promotion_eligible,crypto_high_beta_alt,shadow_probe_only,"{""breadth_threshold"": 0.4, ""market_momentum_floor"": -0.02, ""panel_symbols"": [""BTCUSDT"", ""ETHUSDT"", ""SOLUSDT"", ""BNBUSDT"", ""TRXUSDT""], ""rank_top_n"": 2}",2.7767697654013523,0.1609455297166391,0.09089306294673594,0.09089306294673594
41,a30fb_asset_diverse_rank_chandelier_1h_dogeusdt_lb12_top1_mom0p005_breadth0p4_adx18p0_trail2p0_hold18_4p0x_0p125_1371b0c1,cross_asset_rank_chandelier_breakout,DOGEUSDT,1h,long_short,12,0.005,0.0,18,2,top1_breadth_adx_trail2.0,False,,,,,4.0,0.125,0.5,0.7021085956031967,0.24815257525218604,0.0,0.21951395297971632,0.07748495775918407,0.0,1.5614265534405725,4.08373819664299,0.0,557,95,0,5817,961,0,2.8293423708767724,0.4539560203510107,25.210362499217116,52.24264742151285,,False,False,False,False,no_promotion_shadow_or_reject,False,False,False,"{""live_notional_fraction"": 0.5, ""parity"": true, ""recorded"": true, ""replay_notional_fraction"": 0.5, ""sizing_mode"": ""notional_fraction_equals_leverage_times_allocation_fraction""}",0,0,locked_oos_trade_event_count_0_below_20;locked_oos_return_not_positive;locked_oos_return_per_turnover_proxy_bps_missing_not_above_10.000;shadow_universe_not_promotion_eligible,crypto_high_beta_alt,shadow_probe_only,"{""breadth_threshold"": 0.4, ""market_momentum_floor"": -0.02, ""panel_symbols"": [""BTCUSDT"", ""ETHUSDT"", ""SOLUSDT"", ""BNBUSDT"", ""TRXUSDT""], ""rank_top_n"": 1}",2.5144187680498287,0.16843109822385394,0.06822950634360492,0.06822950634360492
42,a30fb_asset_diverse_rank_chandelier_1h_dogeusdt_lb12_top1_mom0p005_breadth0p4_adx18p0_trail2p0_hold18_5p0x_0p1_23cc13bd,cross_asset_rank_chandelier_breakout,DOGEUSDT,1h,long_short,12,0.005,0.0,18,2,top1_breadth_adx_trail2.0,False,,,,,5.0,0.1,0.5,0.7021085956031967,0.24815257525218604,0.0,0.21951395297971632,0.07748495775918407,0.0,1.5614265534405725,4.08373819664299,0.0,557,95,0,5817,961,0,2.8293423708767724,0.4539560203510107,25.210362499217116,52.24264742151285,,False,False,False,False,no_promotion_shadow_or_reject,False,False,False,"{""live_notional_fraction"": 0.5, ""parity"": true, ""recorded"": true, ""replay_notional_fraction"": 0.5, ""sizing_mode"": ""notional_fraction_equals_leverage_times_allocation_fraction""}",0,0,locked_oos_trade_event_count_0_below_20;locked_oos_return_not_positive;locked_oos_return_per_turnover_proxy_bps_missing_not_above_10.000;shadow_universe_not_promotion_eligible,crypto_high_beta_alt,shadow_probe_only,"{""breadth_threshold"": 0.4, ""market_momentum_floor"": -0.02, ""panel_symbols"": [""BTCUSDT"", ""ETHUSDT"", ""SOLUSDT"", ""BNBUSDT"", ""TRXUSDT""], ""rank_top_n"": 1}",2.5144187680498287,0.16843109822385394,0.06822950634360492,0.06822950634360492
43,a30fb_asset_diverse_rank_chandelier_1h_dogeusdt_lb12_top2_mom0p005_breadth0p4_adx18p0_trail2p0_hold18_4p0x_0p125_d52e50dd,cross_asset_rank_chandelier_breakout,DOGEUSDT,1h,long_short,12,0.005,0.0,18,2,top2_breadth_adx_trail2.0,False,,,,,4.0,0.125,0.5,0.7021085956031967,0.24815257525218604,0.0,0.21951395297971632,0.07748495775918407,0.0,1.5614265534405725,4.08373819664299,0.0,557,95,0,5817,961,0,2.8293423708767724,0.4539560203510107,25.210362499217116,52.24264742151285,,False,False,False,False,no_promotion_shadow_or_reject,False,False,False,"{""live_notional_fraction"": 0.5, ""parity"": true, ""recorded"": true, ""replay_notional_fraction"": 0.5, ""sizing_mode"": ""notional_fraction_equals_leverage_times_allocation_fraction""}",0,0,locked_oos_trade_event_count_0_below_20;locked_oos_return_not_positive;locked_oos_return_per_turnover_proxy_bps_missing_not_above_10.000;shadow_universe_not_promotion_eligible,crypto_high_beta_alt,shadow_probe_only,"{""breadth_threshold"": 0.4, ""market_momentum_floor"": -0.02, ""panel_symbols"": [""BTCUSDT"", ""ETHUSDT"", ""SOLUSDT"", ""BNBUSDT"", ""TRXUSDT""], ""rank_top_n"": 2}",2.5144187680498287,0.16843109822385394,0.06822950634360492,0.06822950634360492
44,a30fb_asset_diverse_rank_chandelier_1h_dogeusdt_lb12_top2_mom0p005_breadth0p4_adx18p0_trail2p0_hold18_5p0x_0p1_0d1e3de1,cross_asset_rank_chandelier_breakout,DOGEUSDT,1h,long_short,12,0.005,0.0,18,2,top2_breadth_adx_trail2.0,False,,,,,5.0,0.1,0.5,0.7021085956031967,0.24815257525218604,0.0,0.21951395297971632,0.07748495775918407,0.0,1.5614265534405725,4.08373819664299,0.0,557,95,0,5817,961,0,2.8293423708767724,0.4539560203510107,25.210362499217116,52.24264742151285,,False,False,False,False,no_promotion_shadow_or_reject,False,False,False,"{""live_notional_fraction"": 0.5, ""parity"": true, ""recorded"": true, ""replay_notional_fraction"": 0.5, ""sizing_mode"": ""notional_fraction_equals_leverage_times_allocation_fraction""}",0,0,locked_oos_trade_event_count_0_below_20;locked_oos_return_not_positive;locked_oos_return_per_turnover_proxy_bps_missing_not_above_10.000;shadow_universe_not_promotion_eligible,crypto_high_beta_alt,shadow_probe_only,"{""breadth_threshold"": 0.4, ""market_momentum_floor"": -0.02, ""panel_symbols"": [""BTCUSDT"", ""ETHUSDT"", ""SOLUSDT"", ""BNBUSDT"", ""TRXUSDT""], ""rank_top_n"": 2}",2.5144187680498287,0.16843109822385394,0.06822950634360492,0.06822950634360492
45,a30fb_asset_diverse_rank_chandelier_1h_dogeusdt_lb12_top1_mom0p005_breadth0p4_adx12p0_trail2p0_hold18_4p0x_0p125_05373f20,cross_asset_rank_chandelier_breakout,DOGEUSDT,1h,long_short,12,0.005,0.0,18,2,top1_breadth_adx_trail2.0,False,,,,,4.0,0.125,0.5,0.701169647111864,0.24815257525218604,0.0,0.2211904064912088,0.07748495775918407,0.0,1.5585855212574413,4.08373819664299,0.0,561,95,0,5853,961,0,2.8255586161026036,0.453017071859678,24.997135369406916,52.24264742151285,,False,False,False,False,no_promotion_shadow_or_reject,False,False,False,"{""live_notional_fraction"": 0.5, ""parity"": true, ""recorded"": true, ""replay_notional_fraction"": 0.5, ""sizing_mode"": ""notional_fraction_equals_leverage_times_allocation_fraction""}",0,0,locked_oos_trade_event_count_0_below_20;locked_oos_return_not_positive;locked_oos_return_per_turnover_proxy_bps_missing_not_above_10.000;shadow_universe_not_promotion_eligible,crypto_high_beta_alt,shadow_probe_only,"{""breadth_threshold"": 0.4, ""market_momentum_floor"": -0.02, ""panel_symbols"": [""BTCUSDT"", ""ETHUSDT"", ""SOLUSDT"", ""BNBUSDT"", ""TRXUSDT""], ""rank_top_n"": 1}",2.5135986637044048,0.16843109822385394,0.06822950634360492,0.06822950634360492
46,a30fb_asset_diverse_rank_chandelier_1h_dogeusdt_lb12_top1_mom0p005_breadth0p4_adx12p0_trail2p0_hold18_5p0x_0p1_de9b2da1,cross_asset_rank_chandelier_breakout,DOGEUSDT,1h,long_short,12,0.005,0.0,18,2,top1_breadth_adx_trail2.0,False,,,,,5.0,0.1,0.5,0.701169647111864,0.24815257525218604,0.0,0.2211904064912088,0.07748495775918407,0.0,1.5585855212574413,4.08373819664299,0.0,561,95,0,5853,961,0,2.8255586161026036,0.453017071859678,24.997135369406916,52.24264742151285,,False,False,False,False,no_promotion_shadow_or_reject,False,False,False,"{""live_notional_fraction"": 0.5, ""parity"": true, ""recorded"": true, ""replay_notional_fraction"": 0.5, ""sizing_mode"": ""notional_fraction_equals_leverage_times_allocation_fraction""}",0,0,locked_oos_trade_event_count_0_below_20;locked_oos_return_not_positive;locked_oos_return_per_turnover_proxy_bps_missing_not_above_10.000;shadow_universe_not_promotion_eligible,crypto_high_beta_alt,shadow_probe_only,"{""breadth_threshold"": 0.4, ""market_momentum_floor"": -0.02, ""panel_symbols"": [""BTCUSDT"", ""ETHUSDT"", ""SOLUSDT"", ""BNBUSDT"", ""TRXUSDT""], ""rank_top_n"": 1}",2.5135986637044048,0.16843109822385394,0.06822950634360492,0.06822950634360492
47,a30fb_asset_diverse_rank_chandelier_1h_dogeusdt_lb12_top2_mom0p005_breadth0p4_adx12p0_trail2p0_hold18_4p0x_0p125_a437ed5c,cross_asset_rank_chandelier_breakout,DOGEUSDT,1h,long_short,12,0.005,0.0,18,2,top2_breadth_adx_trail2.0,False,,,,,4.0,0.125,0.5,0.701169647111864,0.24815257525218604,0.0,0.2211904064912088,0.07748495775918407,0.0,1.5585855212574413,4.08373819664299,0.0,561,95,0,5853,961,0,2.8255586161026036,0.453017071859678,24.997135369406916,52.24264742151285,,False,False,False,False,no_promotion_shadow_or_reject,False,False,False,"{""live_notional_fraction"": 0.5, ""parity"": true, ""recorded"": true, ""replay_notional_fraction"": 0.5, ""sizing_mode"": ""notional_fraction_equals_leverage_times_allocation_fraction""}",0,0,locked_oos_trade_event_count_0_below_20;locked_oos_return_not_positive;locked_oos_return_per_turnover_proxy_bps_missing_not_above_10.000;shadow_universe_not_promotion_eligible,crypto_high_beta_alt,shadow_probe_only,"{""breadth_threshold"": 0.4, ""market_momentum_floor"": -0.02, ""panel_symbols"": [""BTCUSDT"", ""ETHUSDT"", ""SOLUSDT"", ""BNBUSDT"", ""TRXUSDT""], ""rank_top_n"": 2}",2.5135986637044048,0.16843109822385394,0.06822950634360492,0.06822950634360492
48,a30fb_asset_diverse_rank_chandelier_1h_dogeusdt_lb12_top2_mom0p005_breadth0p4_adx12p0_trail2p0_hold18_5p0x_0p1_26a40ead,cross_asset_rank_chandelier_breakout,DOGEUSDT,1h,long_short,12,0.005,0.0,18,2,top2_breadth_adx_trail2.0,False,,,,,5.0,0.1,0.5,0.701169647111864,0.24815257525218604,0.0,0.2211904064912088,0.07748495775918407,0.0,1.5585855212574413,4.08373819664299,0.0,561,95,0,5853,961,0,2.8255586161026036,0.453017071859678,24.997135369406916,52.24264742151285,,False,False,False,False,no_promotion_shadow_or_reject,False,False,False,"{""live_notional_fraction"": 0.5, ""parity"": true, ""recorded"": true, ""replay_notional_fraction"": 0.5, ""sizing_mode"": ""notional_fraction_equals_leverage_times_allocation_fraction""}",0,0,locked_oos_trade_event_count_0_below_20;locked_oos_return_not_positive;locked_oos_return_per_turnover_proxy_bps_missing_not_above_10.000;shadow_universe_not_promotion_eligible,crypto_high_beta_alt,shadow_probe_only,"{""breadth_threshold"": 0.4, ""market_momentum_floor"": -0.02, ""panel_symbols"": [""BTCUSDT"", ""ETHUSDT"", ""SOLUSDT"", ""BNBUSDT"", ""TRXUSDT""], ""rank_top_n"": 2}",2.5135986637044048,0.16843109822385394,0.06822950634360492,0.06822950634360492
49,a30fb_asset_diverse_rank_chandelier_1h_dogeusdt_lb12_top1_mom0p005_breadth0p4_adx18p0_trail3p0_hold18_4p0x_0p125_4db8fafb,cross_asset_rank_chandelier_breakout,DOGEUSDT,1h,long_short,12,0.005,0.0,18,2,top1_breadth_adx_trail3.0,False,,,,,4.0,0.125,0.5,0.6315103519568546,0.24815257525218604,0.0,0.22277194731419014,0.07748495775918407,0.0,1.4522423963006845,4.08373819664299,0.0,557,95,0,5812,961,0,2.5448470615913603,0.38335777670466853,22.67541658731973,52.24264742151285,,False,False,False,False,no_promotion_shadow_or_reject,False,False,False,"{""live_notional_fraction"": 0.5, ""parity"": true, ""recorded"": true, ""replay_notional_fraction"": 0.5, ""sizing_mode"": ""notional_fraction_equals_leverage_times_allocation_fraction""}",0,0,locked_oos_trade_event_count_0_below_20;locked_oos_return_not_positive;locked_oos_return_per_turnover_proxy_bps_missing_not_above_10.000;shadow_universe_not_promotion_eligible,crypto_high_beta_alt,shadow_probe_only,"{""breadth_threshold"": 0.4, ""market_momentum_floor"": -0.02, ""panel_symbols"": [""BTCUSDT"", ""ETHUSDT"", ""SOLUSDT"", ""BNBUSDT"", ""TRXUSDT""], ""rank_top_n"": 1}",2.504668976080992,0.16843109822385394,0.06822950634360492,0.06822950634360492
50,a30fb_asset_diverse_rank_chandelier_1h_dogeusdt_lb12_top1_mom0p005_breadth0p4_adx18p0_trail3p0_hold18_5p0x_0p1_2b614c7d,cross_asset_rank_chandelier_breakout,DOGEUSDT,1h,long_short,12,0.005,0.0,18,2,top1_breadth_adx_trail3.0,False,,,,,5.0,0.1,0.5,0.6315103519568546,0.24815257525218604,0.0,0.22277194731419014,0.07748495775918407,0.0,1.4522423963006845,4.08373819664299,0.0,557,95,0,5812,961,0,2.5448470615913603,0.38335777670466853,22.67541658731973,52.24264742151285,,False,False,False,False,no_promotion_shadow_or_reject,False,False,False,"{""live_notional_fraction"": 0.5, ""parity"": true, ""recorded"": true, ""replay_notional_fraction"": 0.5, ""sizing_mode"": ""notional_fraction_equals_leverage_times_allocation_fraction""}",0,0,locked_oos_trade_event_count_0_below_20;locked_oos_return_not_positive;locked_oos_return_per_turnover_proxy_bps_missing_not_above_10.000;shadow_universe_not_promotion_eligible,crypto_high_beta_alt,shadow_probe_only,"{""breadth_threshold"": 0.4, ""market_momentum_floor"": -0.02, ""panel_symbols"": [""BTCUSDT"", ""ETHUSDT"", ""SOLUSDT"", ""BNBUSDT"", ""TRXUSDT""], ""rank_top_n"": 1}",2.504668976080992,0.16843109822385394,0.06822950634360492,0.06822950634360492
51,a30fb_asset_diverse_rank_chandelier_1h_dogeusdt_lb12_top2_mom0p005_breadth0p4_adx18p0_trail3p0_hold18_4p0x_0p125_5a7585f5,cross_asset_rank_chandelier_breakout,DOGEUSDT,1h,long_short,12,0.005,0.0,18,2,top2_breadth_adx_trail3.0,False,,,,,4.0,0.125,0.5,0.6315103519568546,0.24815257525218604,0.0,0.22277194731419014,0.07748495775918407,0.0,1.4522423963006845,4.08373819664299,0.0,557,95,0,5812,961,0,2.5448470615913603,0.38335777670466853,22.67541658731973,52.24264742151285,,False,False,False,False,no_promotion_shadow_or_reject,False,False,False,"{""live_notional_fraction"": 0.5, ""parity"": true, ""recorded"": true, ""replay_notional_fraction"": 0.5, ""sizing_mode"": ""notional_fraction_equals_leverage_times_allocation_fraction""}",0,0,locked_oos_trade_event_count_0_below_20;locked_oos_return_not_positive;locked_oos_return_per_turnover_proxy_bps_missing_not_above_10.000;shadow_universe_not_promotion_eligible,crypto_high_beta_alt,shadow_probe_only,"{""breadth_threshold"": 0.4, ""market_momentum_floor"": -0.02, ""panel_symbols"": [""BTCUSDT"", ""ETHUSDT"", ""SOLUSDT"", ""BNBUSDT"", ""TRXUSDT""], ""rank_top_n"": 2}",2.504668976080992,0.16843109822385394,0.06822950634360492,0.06822950634360492
52,a30fb_asset_diverse_rank_chandelier_1h_dogeusdt_lb12_top2_mom0p005_breadth0p4_adx18p0_trail3p0_hold18_5p0x_0p1_c75c22da,cross_asset_rank_chandelier_breakout,DOGEUSDT,1h,long_short,12,0.005,0.0,18,2,top2_breadth_adx_trail3.0,False,,,,,5.0,0.1,0.5,0.6315103519568546,0.24815257525218604,0.0,0.22277194731419014,0.07748495775918407,0.0,1.4522423963006845,4.08373819664299,0.0,557,95,0,5812,961,0,2.5448470615913603,0.38335777670466853,22.67541658731973,52.24264742151285,,False,False,False,False,no_promotion_shadow_or_reject,False,False,False,"{""live_notional_fraction"": 0.5, ""parity"": true, ""recorded"": true, ""replay_notional_fraction"": 0.5, ""sizing_mode"": ""notional_fraction_equals_leverage_times_allocation_fraction""}",0,0,locked_oos_trade_event_count_0_below_20;locked_oos_return_not_positive;locked_oos_return_per_turnover_proxy_bps_missing_not_above_10.000;shadow_universe_not_promotion_eligible,crypto_high_beta_alt,shadow_probe_only,"{""breadth_threshold"": 0.4, ""market_momentum_floor"": -0.02, ""panel_symbols"": [""BTCUSDT"", ""ETHUSDT"", ""SOLUSDT"", ""BNBUSDT"", ""TRXUSDT""], ""rank_top_n"": 2}",2.504668976080992,0.16843109822385394,0.06822950634360492,0.06822950634360492
53,a30fb_asset_diverse_rank_chandelier_1h_dogeusdt_lb12_top1_mom0p005_breadth0p4_adx12p0_trail3p0_hold18_4p0x_0p125_4c4654b8,cross_asset_rank_chandelier_breakout,DOGEUSDT,1h,long_short,12,0.005,0.0,18,2,top1_breadth_adx_trail3.0,False,,,,,4.0,0.125,0.5,0.6306103481688867,0.24815257525218604,0.0,0.22444140278124347,0.07748495775918407,0.0,1.4495352634588756,4.08373819664299,0.0,561,95,0,5848,961,0,2.541220245359237,0.3824577729167007,22.48165234113678,52.24264742151285,,False,False,False,False,no_promotion_shadow_or_reject,False,False,False,"{""live_notional_fraction"": 0.5, ""parity"": true, ""recorded"": true, ""replay_notional_fraction"": 0.5, ""sizing_mode"": ""notional_fraction_equals_leverage_times_allocation_fraction""}",0,0,locked_oos_trade_event_count_0_below_20;locked_oos_return_not_positive;locked_oos_return_per_turnover_proxy_bps_missing_not_above_10.000;shadow_universe_not_promotion_eligible,crypto_high_beta_alt,shadow_probe_only,"{""breadth_threshold"": 0.4, ""market_momentum_floor"": -0.02, ""panel_symbols"": [""BTCUSDT"", ""ETHUSDT"", ""SOLUSDT"", ""BNBUSDT"", ""TRXUSDT""], ""rank_top_n"": 1}",2.5039237289802885,0.16843109822385394,0.06822950634360492,0.06822950634360492
54,a30fb_asset_diverse_rank_chandelier_1h_dogeusdt_lb12_top1_mom0p005_breadth0p4_adx12p0_trail3p0_hold18_5p0x_0p1_bfbd1871,cross_asset_rank_chandelier_breakout,DOGEUSDT,1h,long_short,12,0.005,0.0,18,2,top1_breadth_adx_trail3.0,False,,,,,5.0,0.1,0.5,0.6306103481688867,0.24815257525218604,0.0,0.22444140278124347,0.07748495775918407,0.0,1.4495352634588756,4.08373819664299,0.0,561,95,0,5848,961,0,2.541220245359237,0.3824577729167007,22.48165234113678,52.24264742151285,,False,False,False,False,no_promotion_shadow_or_reject,False,False,False,"{""live_notional_fraction"": 0.5, ""parity"": true, ""recorded"": true, ""replay_notional_fraction"": 0.5, ""sizing_mode"": ""notional_fraction_equals_leverage_times_allocation_fraction""}",0,0,locked_oos_trade_event_count_0_below_20;locked_oos_return_not_positive;locked_oos_return_per_turnover_proxy_bps_missing_not_above_10.000;shadow_universe_not_promotion_eligible,crypto_high_beta_alt,shadow_probe_only,"{""breadth_threshold"": 0.4, ""market_momentum_floor"": -0.02, ""panel_symbols"": [""BTCUSDT"", ""ETHUSDT"", ""SOLUSDT"", ""BNBUSDT"", ""TRXUSDT""], ""rank_top_n"": 1}",2.5039237289802885,0.16843109822385394,0.06822950634360492,0.06822950634360492
55,a30fb_asset_diverse_rank_chandelier_1h_dogeusdt_lb12_top2_mom0p005_breadth0p4_adx12p0_trail3p0_hold18_4p0x_0p125_539ec74b,cross_asset_rank_chandelier_breakout,DOGEUSDT,1h,long_short,12,0.005,0.0,18,2,top2_breadth_adx_trail3.0,False,,,,,4.0,0.125,0.5,0.6306103481688867,0.24815257525218604,0.0,0.22444140278124347,0.07748495775918407,0.0,1.4495352634588756,4.08373819664299,0.0,561,95,0,5848,961,0,2.541220245359237,0.3824577729167007,22.48165234113678,52.24264742151285,,False,False,False,False,no_promotion_shadow_or_reject,False,False,False,"{""live_notional_fraction"": 0.5, ""parity"": true, ""recorded"": true, ""replay_notional_fraction"": 0.5, ""sizing_mode"": ""notional_fraction_equals_leverage_times_allocation_fraction""}",0,0,locked_oos_trade_event_count_0_below_20;locked_oos_return_not_positive;locked_oos_return_per_turnover_proxy_bps_missing_not_above_10.000;shadow_universe_not_promotion_eligible,crypto_high_beta_alt,shadow_probe_only,"{""breadth_threshold"": 0.4, ""market_momentum_floor"": -0.02, ""panel_symbols"": [""BTCUSDT"", ""ETHUSDT"", ""SOLUSDT"", ""BNBUSDT"", ""TRXUSDT""], ""rank_top_n"": 2}",2.5039237289802885,0.16843109822385394,0.06822950634360492,0.06822950634360492
56,a30fb_asset_diverse_rank_chandelier_1h_dogeusdt_lb12_top2_mom0p005_breadth0p4_adx12p0_trail3p0_hold18_5p0x_0p1_115ae328,cross_asset_rank_chandelier_breakout,DOGEUSDT,1h,long_short,12,0.005,0.0,18,2,top2_breadth_adx_trail3.0,False,,,,,5.0,0.1,0.5,0.6306103481688867,0.24815257525218604,0.0,0.22444140278124347,0.07748495775918407,0.0,1.4495352634588756,4.08373819664299,0.0,561,95,0,5848,961,0,2.541220245359237,0.3824577729167007,22.48165234113678,52.24264742151285,,False,False,False,False,no_promotion_shadow_or_reject,False,False,False,"{""live_notional_fraction"": 0.5, ""parity"": true, ""recorded"": true, ""replay_notional_fraction"": 0.5, ""sizing_mode"": ""notional_fraction_equals_leverage_times_allocation_fraction""}",0,0,locked_oos_trade_event_count_0_below_20;locked_oos_return_not_positive;locked_oos_return_per_turnover_proxy_bps_missing_not_above_10.000;shadow_universe_not_promotion_eligible,crypto_high_beta_alt,shadow_probe_only,"{""breadth_threshold"": 0.4, ""market_momentum_floor"": -0.02, ""panel_symbols"": [""BTCUSDT"", ""ETHUSDT"", ""SOLUSDT"", ""BNBUSDT"", ""TRXUSDT""], ""rank_top_n"": 2}",2.5039237289802885,0.16843109822385394,0.06822950634360492,0.06822950634360492
57,a30fb_asset_diverse_rank_chandelier_1h_dogeusdt_lb12_top1_mom0p015_breadth0p4_adx18p0_trail2p0_hold18_4p0x_0p125_a4f536f5,cross_asset_rank_chandelier_breakout,DOGEUSDT,1h,long_short,12,0.015,0.0,18,2,top1_breadth_adx_trail2.0,False,,,,,4.0,0.125,0.5,0.23795266978325813,0.2664674248269061,0.0,0.2748200377486687,0.060284179861792464,0.0,0.7509016943660488,4.478592009935375,0.0,519,89,0,5365,906,0,0.8929897151136924,-0.028514755043647977,9.169659721898194,59.880320185821596,,False,False,False,False,no_promotion_shadow_or_reject,False,False,False,"{""live_notional_fraction"": 0.5, ""parity"": true, ""recorded"": true, ""replay_notional_fraction"": 0.5, ""sizing_mode"": ""notional_fraction_equals_leverage_times_allocation_fraction""}",0,0,locked_oos_trade_event_count_0_below_20;train_return_below_validation_return;train_validation_return_ratio_0.8930_below_1.00;locked_oos_return_not_positive;train_return_per_turnover_proxy_bps_9.170_not_above_10.000;locked_oos_return_per_turnover_proxy_bps_missing_not_above_10.000;shadow_universe_not_promotion_eligible,crypto_high_beta_alt,shadow_probe_only,"{""breadth_threshold"": 0.4, ""market_momentum_floor"": -0.02, ""panel_symbols"": [""BTCUSDT"", ""ETHUSDT"", ""SOLUSDT"", ""BNBUSDT"", ""TRXUSDT""], ""rank_top_n"": 1}",2.442952564484149,0.1609455297166391,0.09089306294673594,0.09089306294673594
58,a30fb_asset_diverse_rank_chandelier_1h_dogeusdt_lb12_top1_mom0p015_breadth0p4_adx18p0_trail2p0_hold18_5p0x_0p1_b9faa888,cross_asset_rank_chandelier_breakout,DOGEUSDT,1h,long_short,12,0.015,0.0,18,2,top1_breadth_adx_trail2.0,False,,,,,5.0,0.1,0.5,0.23795266978325813,0.2664674248269061,0.0,0.2748200377486687,0.060284179861792464,0.0,0.7509016943660488,4.478592009935375,0.0,519,89,0,5365,906,0,0.8929897151136924,-0.028514755043647977,9.169659721898194,59.880320185821596,,False,False,False,False,no_promotion_shadow_or_reject,False,False,False,"{""live_notional_fraction"": 0.5, ""parity"": true, ""recorded"": true, ""replay_notional_fraction"": 0.5, ""sizing_mode"": ""notional_fraction_equals_leverage_times_allocation_fraction""}",0,0,locked_oos_trade_event_count_0_below_20;train_return_below_validation_return;train_validation_return_ratio_0.8930_below_1.00;locked_oos_return_not_positive;train_return_per_turnover_proxy_bps_9.170_not_above_10.000;locked_oos_return_per_turnover_proxy_bps_missing_not_above_10.000;shadow_universe_not_promotion_eligible,crypto_high_beta_alt,shadow_probe_only,"{""breadth_threshold"": 0.4, ""market_momentum_floor"": -0.02, ""panel_symbols"": [""BTCUSDT"", ""ETHUSDT"", ""SOLUSDT"", ""BNBUSDT"", ""TRXUSDT""], ""rank_top_n"": 1}",2.442952564484149,0.1609455297166391,0.09089306294673594,0.09089306294673594
59,a30fb_asset_diverse_rank_chandelier_1h_dogeusdt_lb12_top2_mom0p015_breadth0p4_adx18p0_trail2p0_hold18_4p0x_0p125_c580e772,cross_asset_rank_chandelier_breakout,DOGEUSDT,1h,long_short,12,0.015,0.0,18,2,top2_breadth_adx_trail2.0,False,,,,,4.0,0.125,0.5,0.23795266978325813,0.2664674248269061,0.0,0.2748200377486687,0.060284179861792464,0.0,0.7509016943660488,4.478592009935375,0.0,519,89,0,5365,906,0,0.8929897151136924,-0.028514755043647977,9.169659721898194,59.880320185821596,,False,False,False,False,no_promotion_shadow_or_reject,False,False,False,"{""live_notional_fraction"": 0.5, ""parity"": true, ""recorded"": true, ""replay_notional_fraction"": 0.5, ""sizing_mode"": ""notional_fraction_equals_leverage_times_allocation_fraction""}",0,0,locked_oos_trade_event_count_0_below_20;train_return_below_validation_return;train_validation_return_ratio_0.8930_below_1.00;locked_oos_return_not_positive;train_return_per_turnover_proxy_bps_9.170_not_above_10.000;locked_oos_return_per_turnover_proxy_bps_missing_not_above_10.000;shadow_universe_not_promotion_eligible,crypto_high_beta_alt,shadow_probe_only,"{""breadth_threshold"": 0.4, ""market_momentum_floor"": -0.02, ""panel_symbols"": [""BTCUSDT"", ""ETHUSDT"", ""SOLUSDT"", ""BNBUSDT"", ""TRXUSDT""], ""rank_top_n"": 2}",2.442952564484149,0.1609455297166391,0.09089306294673594,0.09089306294673594
60,a30fb_asset_diverse_rank_chandelier_1h_dogeusdt_lb12_top2_mom0p015_breadth0p4_adx18p0_trail2p0_hold18_5p0x_0p1_e3537236,cross_asset_rank_chandelier_breakout,DOGEUSDT,1h,long_short,12,0.015,0.0,18,2,top2_breadth_adx_trail2.0,False,,,,,5.0,0.1,0.5,0.23795266978325813,0.2664674248269061,0.0,0.2748200377486687,0.060284179861792464,0.0,0.7509016943660488,4.478592009935375,0.0,519,89,0,5365,906,0,0.8929897151136924,-0.028514755043647977,9.169659721898194,59.880320185821596,,False,False,False,False,no_promotion_shadow_or_reject,False,False,False,"{""live_notional_fraction"": 0.5, ""parity"": true, ""recorded"": true, ""replay_notional_fraction"": 0.5, ""sizing_mode"": ""notional_fraction_equals_leverage_times_allocation_fraction""}",0,0,locked_oos_trade_event_count_0_below_20;train_return_below_validation_return;train_validation_return_ratio_0.8930_below_1.00;locked_oos_return_not_positive;train_return_per_turnover_proxy_bps_9.170_not_above_10.000;locked_oos_return_per_turnover_proxy_bps_missing_not_above_10.000;shadow_universe_not_promotion_eligible,crypto_high_beta_alt,shadow_probe_only,"{""breadth_threshold"": 0.4, ""market_momentum_floor"": -0.02, ""panel_symbols"": [""BTCUSDT"", ""ETHUSDT"", ""SOLUSDT"", ""BNBUSDT"", ""TRXUSDT""], ""rank_top_n"": 2}",2.442952564484149,0.1609455297166391,0.09089306294673594,0.09089306294673594
61,a30fb_asset_diverse_rank_chandelier_1h_dogeusdt_lb12_top1_mom0p015_breadth0p6_adx12p0_trail2p0_hold18_4p0x_0p125_0b3162b8,cross_asset_rank_chandelier_breakout,DOGEUSDT,1h,long_short,12,0.015,0.0,18,2,top1_breadth_adx_trail2.0,False,,,,,4.0,0.125,0.5,0.43132754463946155,0.232904930959013,0.0,0.19430067363654968,0.060284179861792686,0.0,1.1302403310187312,4.060037452460473,0.0,517,85,0,5342,867,0,1.8519468130769945,0.19842261368044856,16.68578509243565,54.80116022565011,,False,False,False,False,no_promotion_shadow_or_reject,False,False,False,"{""live_notional_fraction"": 0.5, ""parity"": true, ""recorded"": true, ""replay_notional_fraction"": 0.5, ""sizing_mode"": ""notional_fraction_equals_leverage_times_allocation_fraction""}",0,0,locked_oos_trade_event_count_0_below_20;locked_oos_return_not_positive;locked_oos_return_per_turnover_proxy_bps_missing_not_above_10.000;shadow_universe_not_promotion_eligible,crypto_high_beta_alt,shadow_probe_only,"{""breadth_threshold"": 0.6, ""market_momentum_floor"": -0.02, ""panel_symbols"": [""BTCUSDT"", ""ETHUSDT"", ""SOLUSDT"", ""BNBUSDT"", ""TRXUSDT""], ""rank_top_n"": 1}",2.418741564318294,0.13744205477807592,0.08392768297947395,0.08392768297947395
62,a30fb_asset_diverse_rank_chandelier_1h_dogeusdt_lb12_top1_mom0p015_breadth0p6_adx12p0_trail2p0_hold18_5p0x_0p1_8303f7bc,cross_asset_rank_chandelier_breakout,DOGEUSDT,1h,long_short,12,0.015,0.0,18,2,top1_breadth_adx_trail2.0,False,,,,,5.0,0.1,0.5,0.43132754463946155,0.232904930959013,0.0,0.19430067363654968,0.060284179861792686,0.0,1.1302403310187312,4.060037452460473,0.0,517,85,0,5342,867,0,1.8519468130769945,0.19842261368044856,16.68578509243565,54.80116022565011,,False,False,False,False,no_promotion_shadow_or_reject,False,False,False,"{""live_notional_fraction"": 0.5, ""parity"": true, ""recorded"": true, ""replay_notional_fraction"": 0.5, ""sizing_mode"": ""notional_fraction_equals_leverage_times_allocation_fraction""}",0,0,locked_oos_trade_event_count_0_below_20;locked_oos_return_not_positive;locked_oos_return_per_turnover_proxy_bps_missing_not_above_10.000;shadow_universe_not_promotion_eligible,crypto_high_beta_alt,shadow_probe_only,"{""breadth_threshold"": 0.6, ""market_momentum_floor"": -0.02, ""panel_symbols"": [""BTCUSDT"", ""ETHUSDT"", ""SOLUSDT"", ""BNBUSDT"", ""TRXUSDT""], ""rank_top_n"": 1}",2.418741564318294,0.13744205477807592,0.08392768297947395,0.08392768297947395
63,a30fb_asset_diverse_rank_chandelier_1h_dogeusdt_lb12_top2_mom0p015_breadth0p6_adx12p0_trail2p0_hold18_4p0x_0p125_2f767256,cross_asset_rank_chandelier_breakout,DOGEUSDT,1h,long_short,12,0.015,0.0,18,2,top2_breadth_adx_trail2.0,False,,,,,4.0,0.125,0.5,0.43132754463946155,0.232904930959013,0.0,0.19430067363654968,0.060284179861792686,0.0,1.1302403310187312,4.060037452460473,0.0,517,85,0,5342,867,0,1.8519468130769945,0.19842261368044856,16.68578509243565,54.80116022565011,,False,False,False,False,no_promotion_shadow_or_reject,False,False,False,"{""live_notional_fraction"": 0.5, ""parity"": true, ""recorded"": true, ""replay_notional_fraction"": 0.5, ""sizing_mode"": ""notional_fraction_equals_leverage_times_allocation_fraction""}",0,0,locked_oos_trade_event_count_0_below_20;locked_oos_return_not_positive;locked_oos_return_per_turnover_proxy_bps_missing_not_above_10.000;shadow_universe_not_promotion_eligible,crypto_high_beta_alt,shadow_probe_only,"{""breadth_threshold"": 0.6, ""market_momentum_floor"": -0.02, ""panel_symbols"": [""BTCUSDT"", ""ETHUSDT"", ""SOLUSDT"", ""BNBUSDT"", ""TRXUSDT""], ""rank_top_n"": 2}",2.418741564318294,0.13744205477807592,0.08392768297947395,0.08392768297947395
64,a30fb_asset_diverse_rank_chandelier_1h_dogeusdt_lb12_top2_mom0p015_breadth0p6_adx12p0_trail2p0_hold18_5p0x_0p1_d97aa2d1,cross_asset_rank_chandelier_breakout,DOGEUSDT,1h,long_short,12,0.015,0.0,18,2,top2_breadth_adx_trail2.0,False,,,,,5.0,0.1,0.5,0.43132754463946155,0.232904930959013,0.0,0.19430067363654968,0.060284179861792686,0.0,1.1302403310187312,4.060037452460473,0.0,517,85,0,5342,867,0,1.8519468130769945,0.19842261368044856,16.68578509243565,54.80116022565011,,False,False,False,False,no_promotion_shadow_or_reject,False,False,False,"{""live_notional_fraction"": 0.5, ""parity"": true, ""recorded"": true, ""replay_notional_fraction"": 0.5, ""sizing_mode"": ""notional_fraction_equals_leverage_times_allocation_fraction""}",0,0,locked_oos_trade_event_count_0_below_20;locked_oos_return_not_positive;locked_oos_return_per_turnover_proxy_bps_missing_not_above_10.000;shadow_universe_not_promotion_eligible,crypto_high_beta_alt,shadow_probe_only,"{""breadth_threshold"": 0.6, ""market_momentum_floor"": -0.02, ""panel_symbols"": [""BTCUSDT"", ""ETHUSDT"", ""SOLUSDT"", ""BNBUSDT"", ""TRXUSDT""], ""rank_top_n"": 2}",2.418741564318294,0.13744205477807592,0.08392768297947395,0.08392768297947395
65,a30fb_asset_diverse_rank_chandelier_1h_dogeusdt_lb12_top1_mom0p015_breadth0p6_adx12p0_trail3p0_hold18_4p0x_0p125_5ded6b35,cross_asset_rank_chandelier_breakout,DOGEUSDT,1h,long_short,12,0.015,0.0,18,2,top1_breadth_adx_trail3.0,False,,,,,4.0,0.125,0.5,0.4020696738066347,0.232904930959013,0.0,0.19430067363654813,0.060284179861792686,0.0,1.0743650881642057,4.060037452460473,0.0,517,85,0,5353,867,0,1.7263252956949702,0.16916474284762173,15.553952565053567,54.80116022565011,,False,False,False,False,no_promotion_shadow_or_reject,False,False,False,"{""live_notional_fraction"": 0.5, ""parity"": true, ""recorded"": true, ""replay_notional_fraction"": 0.5, ""sizing_mode"": ""notional_fraction_equals_leverage_times_allocation_fraction""}",0,0,locked_oos_trade_event_count_0_below_20;locked_oos_return_not_positive;locked_oos_return_per_turnover_proxy_bps_missing_not_above_10.000;shadow_universe_not_promotion_eligible,crypto_high_beta_alt,shadow_probe_only,"{""breadth_threshold"": 0.6, ""market_momentum_floor"": -0.02, ""panel_symbols"": [""BTCUSDT"", ""ETHUSDT"", ""SOLUSDT"", ""BNBUSDT"", ""TRXUSDT""], ""rank_top_n"": 1}",2.4143883622899014,0.13744205477807592,0.08392768297947395,0.08392768297947395
66,a30fb_asset_diverse_rank_chandelier_1h_dogeusdt_lb12_top1_mom0p015_breadth0p6_adx12p0_trail3p0_hold18_5p0x_0p1_8c5d3a70,cross_asset_rank_chandelier_breakout,DOGEUSDT,1h,long_short,12,0.015,0.0,18,2,top1_breadth_adx_trail3.0,False,,,,,5.0,0.1,0.5,0.4020696738066347,0.232904930959013,0.0,0.19430067363654813,0.060284179861792686,0.0,1.0743650881642057,4.060037452460473,0.0,517,85,0,5353,867,0,1.7263252956949702,0.16916474284762173,15.553952565053567,54.80116022565011,,False,False,False,False,no_promotion_shadow_or_reject,False,False,False,"{""live_notional_fraction"": 0.5, ""parity"": true, ""recorded"": true, ""replay_notional_fraction"": 0.5, ""sizing_mode"": ""notional_fraction_equals_leverage_times_allocation_fraction""}",0,0,locked_oos_trade_event_count_0_below_20;locked_oos_return_not_positive;locked_oos_return_per_turnover_proxy_bps_missing_not_above_10.000;shadow_universe_not_promotion_eligible,crypto_high_beta_alt,shadow_probe_only,"{""breadth_threshold"": 0.6, ""market_momentum_floor"": -0.02, ""panel_symbols"": [""BTCUSDT"", ""ETHUSDT"", ""SOLUSDT"", ""BNBUSDT"", ""TRXUSDT""], ""rank_top_n"": 1}",2.4143883622899014,0.13744205477807592,0.08392768297947395,0.08392768297947395
67,a30fb_asset_diverse_rank_chandelier_1h_dogeusdt_lb12_top2_mom0p015_breadth0p6_adx12p0_trail3p0_hold18_4p0x_0p125_d32df79f,cross_asset_rank_chandelier_breakout,DOGEUSDT,1h,long_short,12,0.015,0.0,18,2,top2_breadth_adx_trail3.0,False,,,,,4.0,0.125,0.5,0.4020696738066347,0.232904930959013,0.0,0.19430067363654813,0.060284179861792686,0.0,1.0743650881642057,4.060037452460473,0.0,517,85,0,5353,867,0,1.7263252956949702,0.16916474284762173,15.553952565053567,54.80116022565011,,False,False,False,False,no_promotion_shadow_or_reject,False,False,False,"{""live_notional_fraction"": 0.5, ""parity"": true, ""recorded"": true, ""replay_notional_fraction"": 0.5, ""sizing_mode"": ""notional_fraction_equals_leverage_times_allocation_fraction""}",0,0,locked_oos_trade_event_count_0_below_20;locked_oos_return_not_positive;locked_oos_return_per_turnover_proxy_bps_missing_not_above_10.000;shadow_universe_not_promotion_eligible,crypto_high_beta_alt,shadow_probe_only,"{""breadth_threshold"": 0.6, ""market_momentum_floor"": -0.02, ""panel_symbols"": [""BTCUSDT"", ""ETHUSDT"", ""SOLUSDT"", ""BNBUSDT"", ""TRXUSDT""], ""rank_top_n"": 2}",2.4143883622899014,0.13744205477807592,0.08392768297947395,0.08392768297947395
68,a30fb_asset_diverse_rank_chandelier_1h_dogeusdt_lb12_top2_mom0p015_breadth0p6_adx12p0_trail3p0_hold18_5p0x_0p1_0b8de36c,cross_asset_rank_chandelier_breakout,DOGEUSDT,1h,long_short,12,0.015,0.0,18,2,top2_breadth_adx_trail3.0,False,,,,,5.0,0.1,0.5,0.4020696738066347,0.232904930959013,0.0,0.19430067363654813,0.060284179861792686,0.0,1.0743650881642057,4.060037452460473,0.0,517,85,0,5353,867,0,1.7263252956949702,0.16916474284762173,15.553952565053567,54.80116022565011,,False,False,False,False,no_promotion_shadow_or_reject,False,False,False,"{""live_notional_fraction"": 0.5, ""parity"": true, ""recorded"": true, ""replay_notional_fraction"": 0.5, ""sizing_mode"": ""notional_fraction_equals_leverage_times_allocation_fraction""}",0,0,locked_oos_trade_event_count_0_below_20;locked_oos_return_not_positive;locked_oos_return_per_turnover_proxy_bps_missing_not_above_10.000;shadow_universe_not_promotion_eligible,crypto_high_beta_alt,shadow_probe_only,"{""breadth_threshold"": 0.6, ""market_momentum_floor"": -0.02, ""panel_symbols"": [""BTCUSDT"", ""ETHUSDT"", ""SOLUSDT"", ""BNBUSDT"", ""TRXUSDT""], ""rank_top_n"": 2}",2.4143883622899014,0.13744205477807592,0.08392768297947395,0.08392768297947395
69,a30fb_asset_diverse_breadth_pullback_12h_ethusdt_fast6_slow30_z-0p25_hold6_4p0x_0p125_5702d458,breadth_regime_pullback_reclaim,ETHUSDT,12h,long_short,30,-0.25,0.0,6,2,cross_asset_breadth_regime_ema_reclaim,False,,,,,4.0,0.125,0.5,0.24852047497521856,0.21041183283542608,-0.0886294370209153,0.20997759471166988,0.07795514516076685,0.0886294370209153,0.955133583553986,3.1603170202501425,-4.55174657494736,44,8,8,343,66,37,1.1811145391694735,0.03810864213979248,112.96385226146299,526.0295820885652,-221.57359255228826,False,False,False,False,no_promotion_shadow_or_reject,False,False,False,"{""live_notional_fraction"": 0.5, ""parity"": true, ""recorded"": true, ""replay_notional_fraction"": 0.5, ""sizing_mode"": ""notional_fraction_equals_leverage_times_allocation_fraction""}",0,0,train_trade_event_count_44_below_80;validation_trade_event_count_8_below_30;locked_oos_trade_event_count_8_below_20;locked_oos_return_not_positive;locked_oos_return_per_turnover_proxy_bps_-221.574_not_above_10.000,crypto_major,promotion_eligible,"{""long_breadth_floor"": 0.6, ""panel_symbols"": [""BTCUSDT"", ""ETHUSDT"", ""SOLUSDT"", ""BNBUSDT"", ""TRXUSDT""], ""short_breadth_ceiling"": 0.4}",2.3880675258353476,0.19787681970016768,0.010464359046864491,0.010464359046864491
70,a30fb_asset_diverse_breadth_pullback_12h_ethusdt_fast6_slow30_z-0p25_hold6_5p0x_0p1_93733797,breadth_regime_pullback_reclaim,ETHUSDT,12h,long_short,30,-0.25,0.0,6,2,cross_asset_breadth_regime_ema_reclaim,False,,,,,5.0,0.1,0.5,0.24852047497521856,0.21041183283542608,-0.0886294370209153,0.20997759471166988,0.07795514516076685,0.0886294370209153,0.955133583553986,3.1603170202501425,-4.55174657494736,44,8,8,343,66,37,1.1811145391694735,0.03810864213979248,112.96385226146299,526.0295820885652,-221.57359255228826,False,False,False,False,no_promotion_shadow_or_reject,False,False,False,"{""live_notional_fraction"": 0.5, ""parity"": true, ""recorded"": true, ""replay_notional_fraction"": 0.5, ""sizing_mode"": ""notional_fraction_equals_leverage_times_allocation_fraction""}",0,0,train_trade_event_count_44_below_80;validation_trade_event_count_8_below_30;locked_oos_trade_event_count_8_below_20;locked_oos_return_not_positive;locked_oos_return_per_turnover_proxy_bps_-221.574_not_above_10.000,crypto_major,promotion_eligible,"{""long_breadth_floor"": 0.6, ""panel_symbols"": [""BTCUSDT"", ""ETHUSDT"", ""SOLUSDT"", ""BNBUSDT"", ""TRXUSDT""], ""short_breadth_ceiling"": 0.4}",2.3880675258353476,0.19787681970016768,0.010464359046864491,0.010464359046864491
71,a30fb_asset_diverse_rank_chandelier_1h_dogeusdt_lb12_top1_mom0p015_breadth0p4_adx12p0_trail2p0_hold8_4p0x_0p125_19a5c67d,cross_asset_rank_chandelier_breakout,DOGEUSDT,1h,long_short,12,0.015,0.0,8,2,top1_breadth_adx_trail2.0,False,,,,,4.0,0.125,0.5,0.6447819809734472,0.23204149466993562,0.0,0.17052638055500147,0.06557520342396217,0.0,1.5865793011925284,4.1554106238481765,0.0,681,104,0,4419,681,0,2.778735682127065,0.41274048630351157,18.936328369264235,44.623364359603,,False,False,False,False,no_promotion_shadow_or_reject,False,False,False,"{""live_notional_fraction"": 0.5, ""parity"": true, ""recorded"": true, ""replay_notional_fraction"": 0.5, ""sizing_mode"": ""notional_fraction_equals_leverage_times_allocation_fraction""}",0,0,locked_oos_trade_event_count_0_below_20;locked_oos_return_not_positive;locked_oos_return_per_turnover_proxy_bps_missing_not_above_10.000;shadow_universe_not_promotion_eligible,crypto_high_beta_alt,shadow_probe_only,"{""breadth_threshold"": 0.4, ""market_momentum_floor"": -0.02, ""panel_symbols"": [""BTCUSDT"", ""ETHUSDT"", ""SOLUSDT"", ""BNBUSDT"", ""TRXUSDT""], ""rank_top_n"": 1}",2.267659187987032,0.20806352917454363,0.01984826535718076,0.01984826535718076
72,a30fb_asset_diverse_rank_chandelier_1h_dogeusdt_lb12_top1_mom0p015_breadth0p4_adx12p0_trail2p0_hold8_5p0x_0p1_af300bae,cross_asset_rank_chandelier_breakout,DOGEUSDT,1h,long_short,12,0.015,0.0,8,2,top1_breadth_adx_trail2.0,False,,,,,5.0,0.1,0.5,0.6447819809734472,0.23204149466993562,0.0,0.17052638055500147,0.06557520342396217,0.0,1.5865793011925284,4.1554106238481765,0.0,681,104,0,4419,681,0,2.778735682127065,0.41274048630351157,18.936328369264235,44.623364359603,,False,False,False,False,no_promotion_shadow_or_reject,False,False,False,"{""live_notional_fraction"": 0.5, ""parity"": true, ""recorded"": true, ""replay_notional_fraction"": 0.5, ""sizing_mode"": ""notional_fraction_equals_leverage_times_allocation_fraction""}",0,0,locked_oos_trade_event_count_0_below_20;locked_oos_return_not_positive;locked_oos_return_per_turnover_proxy_bps_missing_not_above_10.000;shadow_universe_not_promotion_eligible,crypto_high_beta_alt,shadow_probe_only,"{""breadth_threshold"": 0.4, ""market_momentum_floor"": -0.02, ""panel_symbols"": [""BTCUSDT"", ""ETHUSDT"", ""SOLUSDT"", ""BNBUSDT"", ""TRXUSDT""], ""rank_top_n"": 1}",2.267659187987032,0.20806352917454363,0.01984826535718076,0.01984826535718076
73,a30fb_asset_diverse_rank_chandelier_1h_dogeusdt_lb12_top2_mom0p015_breadth0p4_adx12p0_trail2p0_hold8_4p0x_0p125_228c9a10,cross_asset_rank_chandelier_breakout,DOGEUSDT,1h,long_short,12,0.015,0.0,8,2,top2_breadth_adx_trail2.0,False,,,,,4.0,0.125,0.5,0.6447819809734472,0.23204149466993562,0.0,0.17052638055500147,0.06557520342396217,0.0,1.5865793011925284,4.1554106238481765,0.0,681,104,0,4419,681,0,2.778735682127065,0.41274048630351157,18.936328369264235,44.623364359603,,False,False,False,False,no_promotion_shadow_or_reject,False,False,False,"{""live_notional_fraction"": 0.5, ""parity"": true, ""recorded"": true, ""replay_notional_fraction"": 0.5, ""sizing_mode"": ""notional_fraction_equals_leverage_times_allocation_fraction""}",0,0,locked_oos_trade_event_count_0_below_20;locked_oos_return_not_positive;locked_oos_return_per_turnover_proxy_bps_missing_not_above_10.000;shadow_universe_not_promotion_eligible,crypto_high_beta_alt,shadow_probe_only,"{""breadth_threshold"": 0.4, ""market_momentum_floor"": -0.02, ""panel_symbols"": [""BTCUSDT"", ""ETHUSDT"", ""SOLUSDT"", ""BNBUSDT"", ""TRXUSDT""], ""rank_top_n"": 2}",2.267659187987032,0.20806352917454363,0.01984826535718076,0.01984826535718076
74,a30fb_asset_diverse_rank_chandelier_1h_dogeusdt_lb12_top2_mom0p015_breadth0p4_adx12p0_trail2p0_hold8_5p0x_0p1_cd988c77,cross_asset_rank_chandelier_breakout,DOGEUSDT,1h,long_short,12,0.015,0.0,8,2,top2_breadth_adx_trail2.0,False,,,,,5.0,0.1,0.5,0.6447819809734472,0.23204149466993562,0.0,0.17052638055500147,0.06557520342396217,0.0,1.5865793011925284,4.1554106238481765,0.0,681,104,0,4419,681,0,2.778735682127065,0.41274048630351157,18.936328369264235,44.623364359603,,False,False,False,False,no_promotion_shadow_or_reject,False,False,False,"{""live_notional_fraction"": 0.5, ""parity"": true, ""recorded"": true, ""replay_notional_fraction"": 0.5, ""sizing_mode"": ""notional_fraction_equals_leverage_times_allocation_fraction""}",0,0,locked_oos_trade_event_count_0_below_20;locked_oos_return_not_positive;locked_oos_return_per_turnover_proxy_bps_missing_not_above_10.000;shadow_universe_not_promotion_eligible,crypto_high_beta_alt,shadow_probe_only,"{""breadth_threshold"": 0.4, ""market_momentum_floor"": -0.02, ""panel_symbols"": [""BTCUSDT"", ""ETHUSDT"", ""SOLUSDT"", ""BNBUSDT"", ""TRXUSDT""], ""rank_top_n"": 2}",2.267659187987032,0.20806352917454363,0.01984826535718076,0.01984826535718076
75,a30fb_asset_diverse_rank_chandelier_1h_dogeusdt_lb12_top1_mom0p015_breadth0p4_adx18p0_trail2p0_hold8_4p0x_0p125_37a4d907,cross_asset_rank_chandelier_breakout,DOGEUSDT,1h,long_short,12,0.015,0.0,8,2,top1_breadth_adx_trail2.0,False,,,,,4.0,0.125,0.5,0.6118940394011927,0.23204149466993562,0.0,0.17052638055500002,0.06557520342396217,0.0,1.5302500094154572,4.1554106238481765,0.0,679,104,0,4402,681,0,2.637002663129598,0.37985254473125707,18.023388494880493,44.623364359603,,False,False,False,False,no_promotion_shadow_or_reject,False,False,False,"{""live_notional_fraction"": 0.5, ""parity"": true, ""recorded"": true, ""replay_notional_fraction"": 0.5, ""sizing_mode"": ""notional_fraction_equals_leverage_times_allocation_fraction""}",0,0,locked_oos_trade_event_count_0_below_20;locked_oos_return_not_positive;locked_oos_return_per_turnover_proxy_bps_missing_not_above_10.000;shadow_universe_not_promotion_eligible,crypto_high_beta_alt,shadow_probe_only,"{""breadth_threshold"": 0.4, ""market_momentum_floor"": -0.02, ""panel_symbols"": [""BTCUSDT"", ""ETHUSDT"", ""SOLUSDT"", ""BNBUSDT"", ""TRXUSDT""], ""rank_top_n"": 1}",2.264147880777864,0.20806352917454363,0.01984826535718076,0.01984826535718076
76,a30fb_asset_diverse_rank_chandelier_1h_dogeusdt_lb12_top1_mom0p015_breadth0p4_adx18p0_trail2p0_hold8_5p0x_0p1_0fad3426,cross_asset_rank_chandelier_breakout,DOGEUSDT,1h,long_short,12,0.015,0.0,8,2,top1_breadth_adx_trail2.0,False,,,,,5.0,0.1,0.5,0.6118940394011927,0.23204149466993562,0.0,0.17052638055500002,0.06557520342396217,0.0,1.5302500094154572,4.1554106238481765,0.0,679,104,0,4402,681,0,2.637002663129598,0.37985254473125707,18.023388494880493,44.623364359603,,False,False,False,False,no_promotion_shadow_or_reject,False,False,False,"{""live_notional_fraction"": 0.5, ""parity"": true, ""recorded"": true, ""replay_notional_fraction"": 0.5, ""sizing_mode"": ""notional_fraction_equals_leverage_times_allocation_fraction""}",0,0,locked_oos_trade_event_count_0_below_20;locked_oos_return_not_positive;locked_oos_return_per_turnover_proxy_bps_missing_not_above_10.000;shadow_universe_not_promotion_eligible,crypto_high_beta_alt,shadow_probe_only,"{""breadth_threshold"": 0.4, ""market_momentum_floor"": -0.02, ""panel_symbols"": [""BTCUSDT"", ""ETHUSDT"", ""SOLUSDT"", ""BNBUSDT"", ""TRXUSDT""], ""rank_top_n"": 1}",2.264147880777864,0.20806352917454363,0.01984826535718076,0.01984826535718076
77,a30fb_asset_diverse_rank_chandelier_1h_dogeusdt_lb12_top2_mom0p015_breadth0p4_adx18p0_trail2p0_hold8_4p0x_0p125_d44fb917,cross_asset_rank_chandelier_breakout,DOGEUSDT,1h,long_short,12,0.015,0.0,8,2,top2_breadth_adx_trail2.0,False,,,,,4.0,0.125,0.5,0.6118940394011927,0.23204149466993562,0.0,0.17052638055500002,0.06557520342396217,0.0,1.5302500094154572,4.1554106238481765,0.0,679,104,0,4402,681,0,2.637002663129598,0.37985254473125707,18.023388494880493,44.623364359603,,False,False,False,False,no_promotion_shadow_or_reject,False,False,False,"{""live_notional_fraction"": 0.5, ""parity"": true, ""recorded"": true, ""replay_notional_fraction"": 0.5, ""sizing_mode"": ""notional_fraction_equals_leverage_times_allocation_fraction""}",0,0,locked_oos_trade_event_count_0_below_20;locked_oos_return_not_positive;locked_oos_return_per_turnover_proxy_bps_missing_not_above_10.000;shadow_universe_not_promotion_eligible,crypto_high_beta_alt,shadow_probe_only,"{""breadth_threshold"": 0.4, ""market_momentum_floor"": -0.02, ""panel_symbols"": [""BTCUSDT"", ""ETHUSDT"", ""SOLUSDT"", ""BNBUSDT"", ""TRXUSDT""], ""rank_top_n"": 2}",2.264147880777864,0.20806352917454363,0.01984826535718076,0.01984826535718076
78,a30fb_asset_diverse_rank_chandelier_1h_dogeusdt_lb12_top2_mom0p015_breadth0p4_adx18p0_trail2p0_hold8_5p0x_0p1_ceb158d8,cross_asset_rank_chandelier_breakout,DOGEUSDT,1h,long_short,12,0.015,0.0,8,2,top2_breadth_adx_trail2.0,False,,,,,5.0,0.1,0.5,0.6118940394011927,0.23204149466993562,0.0,0.17052638055500002,0.06557520342396217,0.0,1.5302500094154572,4.1554106238481765,0.0,679,104,0,4402,681,0,2.637002663129598,0.37985254473125707,18.023388494880493,44.623364359603,,False,False,False,False,no_promotion_shadow_or_reject,False,False,False,"{""live_notional_fraction"": 0.5, ""parity"": true, ""recorded"": true, ""replay_notional_fraction"": 0.5, ""sizing_mode"": ""notional_fraction_equals_leverage_times_allocation_fraction""}",0,0,locked_oos_trade_event_count_0_below_20;locked_oos_return_not_positive;locked_oos_return_per_turnover_proxy_bps_missing_not_above_10.000;shadow_universe_not_promotion_eligible,crypto_high_beta_alt,shadow_probe_only,"{""breadth_threshold"": 0.4, ""market_momentum_floor"": -0.02, ""panel_symbols"": [""BTCUSDT"", ""ETHUSDT"", ""SOLUSDT"", ""BNBUSDT"", ""TRXUSDT""], ""rank_top_n"": 2}",2.264147880777864,0.20806352917454363,0.01984826535718076,0.01984826535718076
79,a30fb_asset_diverse_rank_chandelier_1h_dogeusdt_lb12_top1_mom0p015_breadth0p4_adx12p0_trail3p0_hold8_4p0x_0p125_5ba1747c,cross_asset_rank_chandelier_breakout,DOGEUSDT,1h,long_short,12,0.015,0.0,8,2,top1_breadth_adx_trail3.0,False,,,,,4.0,0.125,0.5,0.6517854832263212,0.22917230676737455,0.0,0.17052638055500147,0.06775129922413392,0.0,1.5984874980518262,4.1098278246466835,0.0,679,104,0,4412,682,0,2.8440848391334113,0.4226131764589467,19.198394204015354,44.07159745526433,,False,False,False,False,no_promotion_shadow_or_reject,False,False,False,"{""live_notional_fraction"": 0.5, ""parity"": true, ""recorded"": true, ""replay_notional_fraction"": 0.5, ""sizing_mode"": ""notional_fraction_equals_leverage_times_allocation_fraction""}",0,0,locked_oos_trade_event_count_0_below_20;locked_oos_return_not_positive;locked_oos_return_per_turnover_proxy_bps_missing_not_above_10.000;shadow_universe_not_promotion_eligible,crypto_high_beta_alt,shadow_probe_only,"{""breadth_threshold"": 0.4, ""market_momentum_floor"": -0.02, ""panel_symbols"": [""BTCUSDT"", ""ETHUSDT"", ""SOLUSDT"", ""BNBUSDT"", ""TRXUSDT""], ""rank_top_n"": 1}",2.231914066835196,0.20806352917454363,0.017473234712458874,0.017473234712458874
80,a30fb_asset_diverse_rank_chandelier_1h_dogeusdt_lb12_top1_mom0p015_breadth0p4_adx12p0_trail3p0_hold8_5p0x_0p1_acff19e8,cross_asset_rank_chandelier_breakout,DOGEUSDT,1h,long_short,12,0.015,0.0,8,2,top1_breadth_adx_trail3.0,False,,,,,5.0,0.1,0.5,0.6517854832263212,0.22917230676737455,0.0,0.17052638055500147,0.06775129922413392,0.0,1.5984874980518262,4.1098278246466835,0.0,679,104,0,4412,682,0,2.8440848391334113,0.4226131764589467,19.198394204015354,44.07159745526433,,False,False,False,False,no_promotion_shadow_or_reject,False,False,False,"{""live_notional_fraction"": 0.5, ""parity"": true, ""recorded"": true, ""replay_notional_fraction"": 0.5, ""sizing_mode"": ""notional_fraction_equals_leverage_times_allocation_fraction""}",0,0,locked_oos_trade_event_count_0_below_20;locked_oos_return_not_positive;locked_oos_return_per_turnover_proxy_bps_missing_not_above_10.000;shadow_universe_not_promotion_eligible,crypto_high_beta_alt,shadow_probe_only,"{""breadth_threshold"": 0.4, ""market_momentum_floor"": -0.02, ""panel_symbols"": [""BTCUSDT"", ""ETHUSDT"", ""SOLUSDT"", ""BNBUSDT"", ""TRXUSDT""], ""rank_top_n"": 1}",2.231914066835196,0.20806352917454363,0.017473234712458874,0.017473234712458874
81,a30fb_asset_diverse_rank_chandelier_1h_dogeusdt_lb12_top2_mom0p015_breadth0p4_adx12p0_trail3p0_hold8_4p0x_0p125_68e086b0,cross_asset_rank_chandelier_breakout,DOGEUSDT,1h,long_short,12,0.015,0.0,8,2,top2_breadth_adx_trail3.0,False,,,,,4.0,0.125,0.5,0.6517854832263212,0.22917230676737455,0.0,0.17052638055500147,0.06775129922413392,0.0,1.5984874980518262,4.1098278246466835,0.0,679,104,0,4412,682,0,2.8440848391334113,0.4226131764589467,19.198394204015354,44.07159745526433,,False,False,False,False,no_promotion_shadow_or_reject,False,False,False,"{""live_notional_fraction"": 0.5, ""parity"": true, ""recorded"": true, ""replay_notional_fraction"": 0.5, ""sizing_mode"": ""notional_fraction_equals_leverage_times_allocation_fraction""}",0,0,locked_oos_trade_event_count_0_below_20;locked_oos_return_not_positive;locked_oos_return_per_turnover_proxy_bps_missing_not_above_10.000;shadow_universe_not_promotion_eligible,crypto_high_beta_alt,shadow_probe_only,"{""breadth_threshold"": 0.4, ""market_momentum_floor"": -0.02, ""panel_symbols"": [""BTCUSDT"", ""ETHUSDT"", ""SOLUSDT"", ""BNBUSDT"", ""TRXUSDT""], ""rank_top_n"": 2}",2.231914066835196,0.20806352917454363,0.017473234712458874,0.017473234712458874
82,a30fb_asset_diverse_rank_chandelier_1h_dogeusdt_lb12_top2_mom0p015_breadth0p4_adx12p0_trail3p0_hold8_5p0x_0p1_0d74b26d,cross_asset_rank_chandelier_breakout,DOGEUSDT,1h,long_short,12,0.015,0.0,8,2,top2_breadth_adx_trail3.0,False,,,,,5.0,0.1,0.5,0.6517854832263212,0.22917230676737455,0.0,0.17052638055500147,0.06775129922413392,0.0,1.5984874980518262,4.1098278246466835,0.0,679,104,0,4412,682,0,2.8440848391334113,0.4226131764589467,19.198394204015354,44.07159745526433,,False,False,False,False,no_promotion_shadow_or_reject,False,False,False,"{""live_notional_fraction"": 0.5, ""parity"": true, ""recorded"": true, ""replay_notional_fraction"": 0.5, ""sizing_mode"": ""notional_fraction_equals_leverage_times_allocation_fraction""}",0,0,locked_oos_trade_event_count_0_below_20;locked_oos_return_not_positive;locked_oos_return_per_turnover_proxy_bps_missing_not_above_10.000;shadow_universe_not_promotion_eligible,crypto_high_beta_alt,shadow_probe_only,"{""breadth_threshold"": 0.4, ""market_momentum_floor"": -0.02, ""panel_symbols"": [""BTCUSDT"", ""ETHUSDT"", ""SOLUSDT"", ""BNBUSDT"", ""TRXUSDT""], ""rank_top_n"": 2}",2.231914066835196,0.20806352917454363,0.017473234712458874,0.017473234712458874
83,a30fb_asset_diverse_rank_chandelier_1h_dogeusdt_lb12_top1_mom0p015_breadth0p4_adx18p0_trail3p0_hold8_4p0x_0p125_a2f2ae01,cross_asset_rank_chandelier_breakout,DOGEUSDT,1h,long_short,12,0.015,0.0,8,2,top1_breadth_adx_trail3.0,False,,,,,4.0,0.125,0.5,0.6187575043873932,0.22917230676737455,0.0,0.17052638055500002,0.06775129922413392,0.0,1.5421736991289803,4.1098278246466835,0.0,677,104,0,4395,682,0,2.699966296606134,0.38958519762001864,18.279394516614275,44.07159745526433,,False,False,False,False,no_promotion_shadow_or_reject,False,False,False,"{""live_notional_fraction"": 0.5, ""parity"": true, ""recorded"": true, ""replay_notional_fraction"": 0.5, ""sizing_mode"": ""notional_fraction_equals_leverage_times_allocation_fraction""}",0,0,locked_oos_trade_event_count_0_below_20;locked_oos_return_not_positive;locked_oos_return_per_turnover_proxy_bps_missing_not_above_10.000;shadow_universe_not_promotion_eligible,crypto_high_beta_alt,shadow_probe_only,"{""breadth_threshold"": 0.4, ""market_momentum_floor"": -0.02, ""panel_symbols"": [""BTCUSDT"", ""ETHUSDT"", ""SOLUSDT"", ""BNBUSDT"", ""TRXUSDT""], ""rank_top_n"": 1}",2.2283794526528844,0.20806352917454363,0.017473234712458874,0.017473234712458874
84,a30fb_asset_diverse_rank_chandelier_1h_dogeusdt_lb12_top1_mom0p015_breadth0p4_adx18p0_trail3p0_hold8_5p0x_0p1_1805227d,cross_asset_rank_chandelier_breakout,DOGEUSDT,1h,long_short,12,0.015,0.0,8,2,top1_breadth_adx_trail3.0,False,,,,,5.0,0.1,0.5,0.6187575043873932,0.22917230676737455,0.0,0.17052638055500002,0.06775129922413392,0.0,1.5421736991289803,4.1098278246466835,0.0,677,104,0,4395,682,0,2.699966296606134,0.38958519762001864,18.279394516614275,44.07159745526433,,False,False,False,False,no_promotion_shadow_or_reject,False,False,False,"{""live_notional_fraction"": 0.5, ""parity"": true, ""recorded"": true, ""replay_notional_fraction"": 0.5, ""sizing_mode"": ""notional_fraction_equals_leverage_times_allocation_fraction""}",0,0,locked_oos_trade_event_count_0_below_20;locked_oos_return_not_positive;locked_oos_return_per_turnover_proxy_bps_missing_not_above_10.000;shadow_universe_not_promotion_eligible,crypto_high_beta_alt,shadow_probe_only,"{""breadth_threshold"": 0.4, ""market_momentum_floor"": -0.02, ""panel_symbols"": [""BTCUSDT"", ""ETHUSDT"", ""SOLUSDT"", ""BNBUSDT"", ""TRXUSDT""], ""rank_top_n"": 1}",2.2283794526528844,0.20806352917454363,0.017473234712458874,0.017473234712458874
85,a30fb_asset_diverse_rank_chandelier_1h_dogeusdt_lb12_top2_mom0p015_breadth0p4_adx18p0_trail3p0_hold8_4p0x_0p125_113a9e57,cross_asset_rank_chandelier_breakout,DOGEUSDT,1h,long_short,12,0.015,0.0,8,2,top2_breadth_adx_trail3.0,False,,,,,4.0,0.125,0.5,0.6187575043873932,0.22917230676737455,0.0,0.17052638055500002,0.06775129922413392,0.0,1.5421736991289803,4.1098278246466835,0.0,677,104,0,4395,682,0,2.699966296606134,0.38958519762001864,18.279394516614275,44.07159745526433,,False,False,False,False,no_promotion_shadow_or_reject,False,False,False,"{""live_notional_fraction"": 0.5, ""parity"": true, ""recorded"": true, ""replay_notional_fraction"": 0.5, ""sizing_mode"": ""notional_fraction_equals_leverage_times_allocation_fraction""}",0,0,locked_oos_trade_event_count_0_below_20;locked_oos_return_not_positive;locked_oos_return_per_turnover_proxy_bps_missing_not_above_10.000;shadow_universe_not_promotion_eligible,crypto_high_beta_alt,shadow_probe_only,"{""breadth_threshold"": 0.4, ""market_momentum_floor"": -0.02, ""panel_symbols"": [""BTCUSDT"", ""ETHUSDT"", ""SOLUSDT"", ""BNBUSDT"", ""TRXUSDT""], ""rank_top_n"": 2}",2.2283794526528844,0.20806352917454363,0.017473234712458874,0.017473234712458874
86,a30fb_asset_diverse_rank_chandelier_1h_dogeusdt_lb12_top2_mom0p015_breadth0p4_adx18p0_trail3p0_hold8_5p0x_0p1_fc89280c,cross_asset_rank_chandelier_breakout,DOGEUSDT,1h,long_short,12,0.015,0.0,8,2,top2_breadth_adx_trail3.0,False,,,,,5.0,0.1,0.5,0.6187575043873932,0.22917230676737455,0.0,0.17052638055500002,0.06775129922413392,0.0,1.5421736991289803,4.1098278246466835,0.0,677,104,0,4395,682,0,2.699966296606134,0.38958519762001864,18.279394516614275,44.07159745526433,,False,False,False,False,no_promotion_shadow_or_reject,False,False,False,"{""live_notional_fraction"": 0.5, ""parity"": true, ""recorded"": true, ""replay_notional_fraction"": 0.5, ""sizing_mode"": ""notional_fraction_equals_leverage_times_allocation_fraction""}",0,0,locked_oos_trade_event_count_0_below_20;locked_oos_return_not_positive;locked_oos_return_per_turnover_proxy_bps_missing_not_above_10.000;shadow_universe_not_promotion_eligible,crypto_high_beta_alt,shadow_probe_only,"{""breadth_threshold"": 0.4, ""market_momentum_floor"": -0.02, ""panel_symbols"": [""BTCUSDT"", ""ETHUSDT"", ""SOLUSDT"", ""BNBUSDT"", ""TRXUSDT""], ""rank_top_n"": 2}",2.2283794526528844,0.20806352917454363,0.017473234712458874,0.017473234712458874
87,a30fb_asset_diverse_rank_chandelier_1h_xrpusdt_lb36_top1_mom0p015_breadth0p4_adx12p0_trail2p0_hold18_4p0x_0p125_7c636af0,cross_asset_rank_chandelier_breakout,XRPUSDT,1h,long_short,36,0.015,0.0,18,2,top1_breadth_adx_trail2.0,False,,,,,4.0,0.125,0.5,0.21840590799156523,0.2115256025190293,0.0,0.16712780104249025,0.05794883661705752,0.0,0.7953448240900072,4.476699954953906,0.0,270,38,0,3584,472,0,1.0325270576733943,0.00688030547253593,16.17821540678261,111.32926448369962,,False,False,False,False,no_promotion_shadow_or_reject,False,False,False,"{""live_notional_fraction"": 0.5, ""parity"": true, ""recorded"": true, ""replay_notional_fraction"": 0.5, ""sizing_mode"": ""notional_fraction_equals_leverage_times_allocation_fraction""}",0,0,locked_oos_trade_event_count_0_below_20;locked_oos_return_not_positive;locked_oos_return_per_turnover_proxy_bps_missing_not_above_10.000;shadow_universe_not_promotion_eligible,crypto_payment_alt,shadow_probe_only,"{""breadth_threshold"": 0.4, ""market_momentum_floor"": -0.02, ""panel_symbols"": [""BTCUSDT"", ""ETHUSDT"", ""SOLUSDT"", ""BNBUSDT"", ""TRXUSDT""], ""rank_top_n"": 1}",2.2052029248749205,0.21757226593106505,-0.004966163883021957,-0.004966163883021957
88,a30fb_asset_diverse_rank_chandelier_1h_xrpusdt_lb36_top1_mom0p015_breadth0p4_adx12p0_trail2p0_hold18_5p0x_0p1_5dda3d38,cross_asset_rank_chandelier_breakout,XRPUSDT,1h,long_short,36,0.015,0.0,18,2,top1_breadth_adx_trail2.0,False,,,,,5.0,0.1,0.5,0.21840590799156523,0.2115256025190293,0.0,0.16712780104249025,0.05794883661705752,0.0,0.7953448240900072,4.476699954953906,0.0,270,38,0,3584,472,0,1.0325270576733943,0.00688030547253593,16.17821540678261,111.32926448369962,,False,False,False,False,no_promotion_shadow_or_reject,False,False,False,"{""live_notional_fraction"": 0.5, ""parity"": true, ""recorded"": true, ""replay_notional_fraction"": 0.5, ""sizing_mode"": ""notional_fraction_equals_leverage_times_allocation_fraction""}",0,0,locked_oos_trade_event_count_0_below_20;locked_oos_return_not_positive;locked_oos_return_per_turnover_proxy_bps_missing_not_above_10.000;shadow_universe_not_promotion_eligible,crypto_payment_alt,shadow_probe_only,"{""breadth_threshold"": 0.4, ""market_momentum_floor"": -0.02, ""panel_symbols"": [""BTCUSDT"", ""ETHUSDT"", ""SOLUSDT"", ""BNBUSDT"", ""TRXUSDT""], ""rank_top_n"": 1}",2.2052029248749205,0.21757226593106505,-0.004966163883021957,-0.004966163883021957
89,a30fb_asset_diverse_rank_chandelier_1h_xrpusdt_lb36_top2_mom0p015_breadth0p4_adx12p0_trail2p0_hold18_4p0x_0p125_7d39914f,cross_asset_rank_chandelier_breakout,XRPUSDT,1h,long_short,36,0.015,0.0,18,2,top2_breadth_adx_trail2.0,False,,,,,4.0,0.125,0.5,0.21840590799156523,0.2115256025190293,0.0,0.16712780104249025,0.05794883661705752,0.0,0.7953448240900072,4.476699954953906,0.0,270,38,0,3584,472,0,1.0325270576733943,0.00688030547253593,16.17821540678261,111.32926448369962,,False,False,False,False,no_promotion_shadow_or_reject,False,False,False,"{""live_notional_fraction"": 0.5, ""parity"": true, ""recorded"": true, ""replay_notional_fraction"": 0.5, ""sizing_mode"": ""notional_fraction_equals_leverage_times_allocation_fraction""}",0,0,locked_oos_trade_event_count_0_below_20;locked_oos_return_not_positive;locked_oos_return_per_turnover_proxy_bps_missing_not_above_10.000;shadow_universe_not_promotion_eligible,crypto_payment_alt,shadow_probe_only,"{""breadth_threshold"": 0.4, ""market_momentum_floor"": -0.02, ""panel_symbols"": [""BTCUSDT"", ""ETHUSDT"", ""SOLUSDT"", ""BNBUSDT"", ""TRXUSDT""], ""rank_top_n"": 2}",2.2052029248749205,0.21757226593106505,-0.004966163883021957,-0.004966163883021957
90,a30fb_asset_diverse_rank_chandelier_1h_xrpusdt_lb36_top2_mom0p015_breadth0p4_adx12p0_trail2p0_hold18_5p0x_0p1_ac1834d9,cross_asset_rank_chandelier_breakout,XRPUSDT,1h,long_short,36,0.015,0.0,18,2,top2_breadth_adx_trail2.0,False,,,,,5.0,0.1,0.5,0.21840590799156523,0.2115256025190293,0.0,0.16712780104249025,0.05794883661705752,0.0,0.7953448240900072,4.476699954953906,0.0,270,38,0,3584,472,0,1.0325270576733943,0.00688030547253593,16.17821540678261,111.32926448369962,,False,False,False,False,no_promotion_shadow_or_reject,False,False,False,"{""live_notional_fraction"": 0.5, ""parity"": true, ""recorded"": true, ""replay_notional_fraction"": 0.5, ""sizing_mode"": ""notional_fraction_equals_leverage_times_allocation_fraction""}",0,0,locked_oos_trade_event_count_0_below_20;locked_oos_return_not_positive;locked_oos_return_per_turnover_proxy_bps_missing_not_above_10.000;shadow_universe_not_promotion_eligible,crypto_payment_alt,shadow_probe_only,"{""breadth_threshold"": 0.4, ""market_momentum_floor"": -0.02, ""panel_symbols"": [""BTCUSDT"", ""ETHUSDT"", ""SOLUSDT"", ""BNBUSDT"", ""TRXUSDT""], ""rank_top_n"": 2}",2.2052029248749205,0.21757226593106505,-0.004966163883021957,-0.004966163883021957
91,a30fb_asset_diverse_rank_chandelier_2h_avaxusdt_lb12_top1_mom0p005_breadth0p4_adx18p0_trail2p0_hold12_4p0x_0p125_56a81e2b,cross_asset_rank_chandelier_breakout,AVAXUSDT,2h,long_short,12,0.005,0.0,12,2,top1_breadth_adx_trail2.0,False,,,,,4.0,0.125,0.5,0.22134342455307854,0.1994937914258217,0.0,0.20693478499620954,0.04726272468590598,0.0,0.7234230950576801,3.763878654003336,0.0,357,57,0,2676,429,0,1.1095253790661512,0.02184963312725685,12.400191851713084,69.99782155291989,,False,False,False,False,no_promotion_shadow_or_reject,False,False,False,"{""live_notional_fraction"": 0.5, ""parity"": true, ""recorded"": true, ""replay_notional_fraction"": 0.5, ""sizing_mode"": ""notional_fraction_equals_leverage_times_allocation_fraction""}",0,0,locked_oos_trade_event_count_0_below_20;locked_oos_return_not_positive;locked_oos_return_per_turnover_proxy_bps_missing_not_above_10.000;shadow_universe_not_promotion_eligible,crypto_high_beta_alt,shadow_probe_only,"{""breadth_threshold"": 0.4, ""market_momentum_floor"": -0.02, ""panel_symbols"": [""BTCUSDT"", ""ETHUSDT"", ""SOLUSDT"", ""BNBUSDT"", ""TRXUSDT""], ""rank_top_n"": 1}",2.1932243905110966,0.12920182156235116,0.06224925298669448,0.06224925298669448
92,a30fb_asset_diverse_rank_chandelier_2h_avaxusdt_lb12_top1_mom0p005_breadth0p4_adx18p0_trail2p0_hold12_5p0x_0p1_71aaeede,cross_asset_rank_chandelier_breakout,AVAXUSDT,2h,long_short,12,0.005,0.0,12,2,top1_breadth_adx_trail2.0,False,,,,,5.0,0.1,0.5,0.22134342455307854,0.1994937914258217,0.0,0.20693478499620954,0.04726272468590598,0.0,0.7234230950576801,3.763878654003336,0.0,357,57,0,2676,429,0,1.1095253790661512,0.02184963312725685,12.400191851713084,69.99782155291989,,False,False,False,False,no_promotion_shadow_or_reject,False,False,False,"{""live_notional_fraction"": 0.5, ""parity"": true, ""recorded"": true, ""replay_notional_fraction"": 0.5, ""sizing_mode"": ""notional_fraction_equals_leverage_times_allocation_fraction""}",0,0,locked_oos_trade_event_count_0_below_20;locked_oos_return_not_positive;locked_oos_return_per_turnover_proxy_bps_missing_not_above_10.000;shadow_universe_not_promotion_eligible,crypto_high_beta_alt,shadow_probe_only,"{""breadth_threshold"": 0.4, ""market_momentum_floor"": -0.02, ""panel_symbols"": [""BTCUSDT"", ""ETHUSDT"", ""SOLUSDT"", ""BNBUSDT"", ""TRXUSDT""], ""rank_top_n"": 1}",2.1932243905110966,0.12920182156235116,0.06224925298669448,0.06224925298669448
93,a30fb_asset_diverse_rank_chandelier_2h_avaxusdt_lb12_top2_mom0p005_breadth0p4_adx18p0_trail2p0_hold12_4p0x_0p125_78c29914,cross_asset_rank_chandelier_breakout,AVAXUSDT,2h,long_short,12,0.005,0.0,12,2,top2_breadth_adx_trail2.0,False,,,,,4.0,0.125,0.5,0.22134342455307854,0.1994937914258217,0.0,0.20693478499620954,0.04726272468590598,0.0,0.7234230950576801,3.763878654003336,0.0,357,57,0,2676,429,0,1.1095253790661512,0.02184963312725685,12.400191851713084,69.99782155291989,,False,False,False,False,no_promotion_shadow_or_reject,False,False,False,"{""live_notional_fraction"": 0.5, ""parity"": true, ""recorded"": true, ""replay_notional_fraction"": 0.5, ""sizing_mode"": ""notional_fraction_equals_leverage_times_allocation_fraction""}",0,0,locked_oos_trade_event_count_0_below_20;locked_oos_return_not_positive;locked_oos_return_per_turnover_proxy_bps_missing_not_above_10.000;shadow_universe_not_promotion_eligible,crypto_high_beta_alt,shadow_probe_only,"{""breadth_threshold"": 0.4, ""market_momentum_floor"": -0.02, ""panel_symbols"": [""BTCUSDT"", ""ETHUSDT"", ""SOLUSDT"", ""BNBUSDT"", ""TRXUSDT""], ""rank_top_n"": 2}",2.1932243905110966,0.12920182156235116,0.06224925298669448,0.06224925298669448
94,a30fb_asset_diverse_rank_chandelier_2h_avaxusdt_lb12_top2_mom0p005_breadth0p4_adx18p0_trail2p0_hold12_5p0x_0p1_4fd8f22b,cross_asset_rank_chandelier_breakout,AVAXUSDT,2h,long_short,12,0.005,0.0,12,2,top2_breadth_adx_trail2.0,False,,,,,5.0,0.1,0.5,0.22134342455307854,0.1994937914258217,0.0,0.20693478499620954,0.04726272468590598,0.0,0.7234230950576801,3.763878654003336,0.0,357,57,0,2676,429,0,1.1095253790661512,0.02184963312725685,12.400191851713084,69.99782155291989,,False,False,False,False,no_promotion_shadow_or_reject,False,False,False,"{""live_notional_fraction"": 0.5, ""parity"": true, ""recorded"": true, ""replay_notional_fraction"": 0.5, ""sizing_mode"": ""notional_fraction_equals_leverage_times_allocation_fraction""}",0,0,locked_oos_trade_event_count_0_below_20;locked_oos_return_not_positive;locked_oos_return_per_turnover_proxy_bps_missing_not_above_10.000;shadow_universe_not_promotion_eligible,crypto_high_beta_alt,shadow_probe_only,"{""breadth_threshold"": 0.4, ""market_momentum_floor"": -0.02, ""panel_symbols"": [""BTCUSDT"", ""ETHUSDT"", ""SOLUSDT"", ""BNBUSDT"", ""TRXUSDT""], ""rank_top_n"": 2}",2.1932243905110966,0.12920182156235116,0.06224925298669448,0.06224925298669448
95,a30fb_asset_diverse_rank_chandelier_2h_avaxusdt_lb12_top1_mom0p005_breadth0p4_adx18p0_trail3p0_hold12_4p0x_0p125_cf3dc15e,cross_asset_rank_chandelier_breakout,AVAXUSDT,2h,long_short,12,0.005,0.0,12,2,top1_breadth_adx_trail3.0,False,,,,,4.0,0.125,0.5,0.2156498343364348,0.1994937914258217,0.0,0.20693478499620954,0.04726272468590598,0.0,0.7108028133747113,3.763878654003336,0.0,357,57,0,2677,429,0,1.0809851915447728,0.016156042910613122,12.081223212125199,69.99782155291989,,False,False,False,False,no_promotion_shadow_or_reject,False,False,False,"{""live_notional_fraction"": 0.5, ""parity"": true, ""recorded"": true, ""replay_notional_fraction"": 0.5, ""sizing_mode"": ""notional_fraction_equals_leverage_times_allocation_fraction""}",0,0,locked_oos_trade_event_count_0_below_20;locked_oos_return_not_positive;locked_oos_return_per_turnover_proxy_bps_missing_not_above_10.000;shadow_universe_not_promotion_eligible,crypto_high_beta_alt,shadow_probe_only,"{""breadth_threshold"": 0.4, ""market_momentum_floor"": -0.02, ""panel_symbols"": [""BTCUSDT"", ""ETHUSDT"", ""SOLUSDT"", ""BNBUSDT"", ""TRXUSDT""], ""rank_top_n"": 1}",2.1919975880511435,0.12920182156235116,0.06224925298669448,0.06224925298669448
96,a30fb_asset_diverse_rank_chandelier_2h_avaxusdt_lb12_top1_mom0p005_breadth0p4_adx18p0_trail3p0_hold12_5p0x_0p1_bea202d2,cross_asset_rank_chandelier_breakout,AVAXUSDT,2h,long_short,12,0.005,0.0,12,2,top1_breadth_adx_trail3.0,False,,,,,5.0,0.1,0.5,0.2156498343364348,0.1994937914258217,0.0,0.20693478499620954,0.04726272468590598,0.0,0.7108028133747113,3.763878654003336,0.0,357,57,0,2677,429,0,1.0809851915447728,0.016156042910613122,12.081223212125199,69.99782155291989,,False,False,False,False,no_promotion_shadow_or_reject,False,False,False,"{""live_notional_fraction"": 0.5, ""parity"": true, ""recorded"": true, ""replay_notional_fraction"": 0.5, ""sizing_mode"": ""notional_fraction_equals_leverage_times_allocation_fraction""}",0,0,locked_oos_trade_event_count_0_below_20;locked_oos_return_not_positive;locked_oos_return_per_turnover_proxy_bps_missing_not_above_10.000;shadow_universe_not_promotion_eligible,crypto_high_beta_alt,shadow_probe_only,"{""breadth_threshold"": 0.4, ""market_momentum_floor"": -0.02, ""panel_symbols"": [""BTCUSDT"", ""ETHUSDT"", ""SOLUSDT"", ""BNBUSDT"", ""TRXUSDT""], ""rank_top_n"": 1}",2.1919975880511435,0.12920182156235116,0.06224925298669448,0.06224925298669448
97,a30fb_asset_diverse_rank_chandelier_2h_avaxusdt_lb12_top2_mom0p005_breadth0p4_adx18p0_trail3p0_hold12_4p0x_0p125_2dc0833d,cross_asset_rank_chandelier_breakout,AVAXUSDT,2h,long_short,12,0.005,0.0,12,2,top2_breadth_adx_trail3.0,False,,,,,4.0,0.125,0.5,0.2156498343364348,0.1994937914258217,0.0,0.20693478499620954,0.04726272468590598,0.0,0.7108028133747113,3.763878654003336,0.0,357,57,0,2677,429,0,1.0809851915447728,0.016156042910613122,12.081223212125199,69.99782155291989,,False,False,False,False,no_promotion_shadow_or_reject,False,False,False,"{""live_notional_fraction"": 0.5, ""parity"": true, ""recorded"": true, ""replay_notional_fraction"": 0.5, ""sizing_mode"": ""notional_fraction_equals_leverage_times_allocation_fraction""}",0,0,locked_oos_trade_event_count_0_below_20;locked_oos_return_not_positive;locked_oos_return_per_turnover_proxy_bps_missing_not_above_10.000;shadow_universe_not_promotion_eligible,crypto_high_beta_alt,shadow_probe_only,"{""breadth_threshold"": 0.4, ""market_momentum_floor"": -0.02, ""panel_symbols"": [""BTCUSDT"", ""ETHUSDT"", ""SOLUSDT"", ""BNBUSDT"", ""TRXUSDT""], ""rank_top_n"": 2}",2.1919975880511435,0.12920182156235116,0.06224925298669448,0.06224925298669448
98,a30fb_asset_diverse_rank_chandelier_2h_avaxusdt_lb12_top2_mom0p005_breadth0p4_adx18p0_trail3p0_hold12_5p0x_0p1_99af6554,cross_asset_rank_chandelier_breakout,AVAXUSDT,2h,long_short,12,0.005,0.0,12,2,top2_breadth_adx_trail3.0,False,,,,,5.0,0.1,0.5,0.2156498343364348,0.1994937914258217,0.0,0.20693478499620954,0.04726272468590598,0.0,0.7108028133747113,3.763878654003336,0.0,357,57,0,2677,429,0,1.0809851915447728,0.016156042910613122,12.081223212125199,69.99782155291989,,False,False,False,False,no_promotion_shadow_or_reject,False,False,False,"{""live_notional_fraction"": 0.5, ""parity"": true, ""recorded"": true, ""replay_notional_fraction"": 0.5, ""sizing_mode"": ""notional_fraction_equals_leverage_times_allocation_fraction""}",0,0,locked_oos_trade_event_count_0_below_20;locked_oos_return_not_positive;locked_oos_return_per_turnover_proxy_bps_missing_not_above_10.000;shadow_universe_not_promotion_eligible,crypto_high_beta_alt,shadow_probe_only,"{""breadth_threshold"": 0.4, ""market_momentum_floor"": -0.02, ""panel_symbols"": [""BTCUSDT"", ""ETHUSDT"", ""SOLUSDT"", ""BNBUSDT"", ""TRXUSDT""], ""rank_top_n"": 2}",2.1919975880511435,0.12920182156235116,0.06224925298669448,0.06224925298669448
99,a30fb_asset_diverse_rank_chandelier_1h_dogeusdt_lb12_top1_mom0p015_breadth0p4_adx18p0_trail3p0_hold18_4p0x_0p125_04df03d4,cross_asset_rank_chandelier_breakout,DOGEUSDT,1h,long_short,12,0.015,0.0,18,2,top1_breadth_adx_trail3.0,False,,,,,4.0,0.125,0.5,0.2126475888845376,0.2664674248269061,0.0,0.27060483441239014,0.060284179861792464,0.0,0.6959395353998726,4.478592009935375,0.0,519,89,0,5376,906,0,0.7980247079832397,-0.0538198359423685,8.19451209574326,59.880320185821596,,False,False,False,False,no_promotion_shadow_or_reject,False,False,False,"{""live_notional_fraction"": 0.5, ""parity"": true, ""recorded"": true, ""replay_notional_fraction"": 0.5, ""sizing_mode"": ""notional_fraction_equals_leverage_times_allocation_fraction""}",0,0,locked_oos_trade_event_count_0_below_20;train_return_below_validation_return;train_validation_return_ratio_0.7980_below_1.00;locked_oos_return_not_positive;train_return_per_turnover_proxy_bps_8.195_not_above_10.000;locked_oos_return_per_turnover_proxy_bps_missing_not_above_10.000;shadow_universe_not_promotion_eligible,crypto_high_beta_alt,shadow_probe_only,"{""breadth_threshold"": 0.4, ""market_momentum_floor"": -0.02, ""panel_symbols"": [""BTCUSDT"", ""ETHUSDT"", ""SOLUSDT"", ""BNBUSDT"", ""TRXUSDT""], ""rank_top_n"": 1}",2.1861511877040405,0.1609455297166391,0.09089306294673594,0.09089306294673594
100,a30fb_asset_diverse_rank_chandelier_1h_dogeusdt_lb12_top1_mom0p015_breadth0p4_adx18p0_trail3p0_hold18_5p0x_0p1_3567bfe6,cross_asset_rank_chandelier_breakout,DOGEUSDT,1h,long_short,12,0.015,0.0,18,2,top1_breadth_adx_trail3.0,False,,,,,5.0,0.1,0.5,0.2126475888845376,0.2664674248269061,0.0,0.27060483441239014,0.060284179861792464,0.0,0.6959395353998726,4.478592009935375,0.0,519,89,0,5376,906,0,0.7980247079832397,-0.0538198359423685,8.19451209574326,59.880320185821596,,False,False,False,False,no_promotion_shadow_or_reject,False,False,False,"{""live_notional_fraction"": 0.5, ""parity"": true, ""recorded"": true, ""replay_notional_fraction"": 0.5, ""sizing_mode"": ""notional_fraction_equals_leverage_times_allocation_fraction""}",0,0,locked_oos_trade_event_count_0_below_20;train_return_below_validation_return;train_validation_return_ratio_0.7980_below_1.00;locked_oos_return_not_positive;train_return_per_turnover_proxy_bps_8.195_not_above_10.000;locked_oos_return_per_turnover_proxy_bps_missing_not_above_10.000;shadow_universe_not_promotion_eligible,crypto_high_beta_alt,shadow_probe_only,"{""breadth_threshold"": 0.4, ""market_momentum_floor"": -0.02, ""panel_symbols"": [""BTCUSDT"", ""ETHUSDT"", ""SOLUSDT"", ""BNBUSDT"", ""TRXUSDT""], ""rank_top_n"": 1}",2.1861511877040405,0.1609455297166391,0.09089306294673594,0.09089306294673594
101,a30fb_asset_diverse_rank_chandelier_1h_dogeusdt_lb12_top2_mom0p015_breadth0p4_adx18p0_trail3p0_hold18_4p0x_0p125_d6231203,cross_asset_rank_chandelier_breakout,DOGEUSDT,1h,long_short,12,0.015,0.0,18,2,top2_breadth_adx_trail3.0,False,,,,,4.0,0.125,0.5,0.2126475888845376,0.2664674248269061,0.0,0.27060483441239014,0.060284179861792464,0.0,0.6959395353998726,4.478592009935375,0.0,519,89,0,5376,906,0,0.7980247079832397,-0.0538198359423685,8.19451209574326,59.880320185821596,,False,False,False,False,no_promotion_shadow_or_reject,False,False,False,"{""live_notional_fraction"": 0.5, ""parity"": true, ""recorded"": true, ""replay_notional_fraction"": 0.5, ""sizing_mode"": ""notional_fraction_equals_leverage_times_allocation_fraction""}",0,0,locked_oos_trade_event_count_0_below_20;train_return_below_validation_return;train_validation_return_ratio_0.7980_below_1.00;locked_oos_return_not_positive;train_return_per_turnover_proxy_bps_8.195_not_above_10.000;locked_oos_return_per_turnover_proxy_bps_missing_not_above_10.000;shadow_universe_not_promotion_eligible,crypto_high_beta_alt,shadow_probe_only,"{""breadth_threshold"": 0.4, ""market_momentum_floor"": -0.02, ""panel_symbols"": [""BTCUSDT"", ""ETHUSDT"", ""SOLUSDT"", ""BNBUSDT"", ""TRXUSDT""], ""rank_top_n"": 2}",2.1861511877040405,0.1609455297166391,0.09089306294673594,0.09089306294673594
102,a30fb_asset_diverse_rank_chandelier_1h_dogeusdt_lb12_top2_mom0p015_breadth0p4_adx18p0_trail3p0_hold18_5p0x_0p1_7910f64f,cross_asset_rank_chandelier_breakout,DOGEUSDT,1h,long_short,12,0.015,0.0,18,2,top2_breadth_adx_trail3.0,False,,,,,5.0,0.1,0.5,0.2126475888845376,0.2664674248269061,0.0,0.27060483441239014,0.060284179861792464,0.0,0.6959395353998726,4.478592009935375,0.0,519,89,0,5376,906,0,0.7980247079832397,-0.0538198359423685,8.19451209574326,59.880320185821596,,False,False,False,False,no_promotion_shadow_or_reject,False,False,False,"{""live_notional_fraction"": 0.5, ""parity"": true, ""recorded"": true, ""replay_notional_fraction"": 0.5, ""sizing_mode"": ""notional_fraction_equals_leverage_times_allocation_fraction""}",0,0,locked_oos_trade_event_count_0_below_20;train_return_below_validation_return;train_validation_return_ratio_0.7980_below_1.00;locked_oos_return_not_positive;train_return_per_turnover_proxy_bps_8.195_not_above_10.000;locked_oos_return_per_turnover_proxy_bps_missing_not_above_10.000;shadow_universe_not_promotion_eligible,crypto_high_beta_alt,shadow_probe_only,"{""breadth_threshold"": 0.4, ""market_momentum_floor"": -0.02, ""panel_symbols"": [""BTCUSDT"", ""ETHUSDT"", ""SOLUSDT"", ""BNBUSDT"", ""TRXUSDT""], ""rank_top_n"": 2}",2.1861511877040405,0.1609455297166391,0.09089306294673594,0.09089306294673594
103,a30fb_asset_diverse_rank_chandelier_1h_xrpusdt_lb12_top1_mom0p015_breadth0p4_adx12p0_trail2p0_hold18_4p0x_0p125_80007824,cross_asset_rank_chandelier_breakout,XRPUSDT,1h,long_short,12,0.015,0.0,18,2,top1_breadth_adx_trail2.0,False,,,,,4.0,0.125,0.5,0.4107648350115898,0.2389220111360144,0.0,0.2606500982844111,0.09324564940617608,0.0,1.1763417750065848,3.9038906659653607,0.0,457,86,0,4703,935,0,1.7192423295723391,0.17184282387557537,17.97657921276104,55.563258403724284,,False,False,False,False,no_promotion_shadow_or_reject,False,False,False,"{""live_notional_fraction"": 0.5, ""parity"": true, ""recorded"": true, ""replay_notional_fraction"": 0.5, ""sizing_mode"": ""notional_fraction_equals_leverage_times_allocation_fraction""}",0,0,locked_oos_trade_event_count_0_below_20;locked_oos_return_not_positive;locked_oos_return_per_turnover_proxy_bps_missing_not_above_10.000;shadow_universe_not_promotion_eligible,crypto_payment_alt,shadow_probe_only,"{""breadth_threshold"": 0.4, ""market_momentum_floor"": -0.02, ""panel_symbols"": [""BTCUSDT"", ""ETHUSDT"", ""SOLUSDT"", ""BNBUSDT"", ""TRXUSDT""], ""rank_top_n"": 1}",2.1796092457020317,0.30315811580835983,-0.049292640619052586,-0.049292640619052586
104,a30fb_asset_diverse_rank_chandelier_1h_xrpusdt_lb12_top1_mom0p015_breadth0p4_adx12p0_trail2p0_hold18_5p0x_0p1_d0877a06,cross_asset_rank_chandelier_breakout,XRPUSDT,1h,long_short,12,0.015,0.0,18,2,top1_breadth_adx_trail2.0,False,,,,,5.0,0.1,0.5,0.4107648350115898,0.2389220111360144,0.0,0.2606500982844111,0.09324564940617608,0.0,1.1763417750065848,3.9038906659653607,0.0,457,86,0,4703,935,0,1.7192423295723391,0.17184282387557537,17.97657921276104,55.563258403724284,,False,False,False,False,no_promotion_shadow_or_reject,False,False,False,"{""live_notional_fraction"": 0.5, ""parity"": true, ""recorded"": true, ""replay_notional_fraction"": 0.5, ""sizing_mode"": ""notional_fraction_equals_leverage_times_allocation_fraction""}",0,0,locked_oos_trade_event_count_0_below_20;locked_oos_return_not_positive;locked_oos_return_per_turnover_proxy_bps_missing_not_above_10.000;shadow_universe_not_promotion_eligible,crypto_payment_alt,shadow_probe_only,"{""breadth_threshold"": 0.4, ""market_momentum_floor"": -0.02, ""panel_symbols"": [""BTCUSDT"", ""ETHUSDT"", ""SOLUSDT"", ""BNBUSDT"", ""TRXUSDT""], ""rank_top_n"": 1}",2.1796092457020317,0.30315811580835983,-0.049292640619052586,-0.049292640619052586
105,a30fb_asset_diverse_rank_chandelier_1h_xrpusdt_lb12_top2_mom0p015_breadth0p4_adx12p0_trail2p0_hold18_4p0x_0p125_c36d032f,cross_asset_rank_chandelier_breakout,XRPUSDT,1h,long_short,12,0.015,0.0,18,2,top2_breadth_adx_trail2.0,False,,,,,4.0,0.125,0.5,0.4107648350115898,0.2389220111360144,0.0,0.2606500982844111,0.09324564940617608,0.0,1.1763417750065848,3.9038906659653607,0.0,457,86,0,4703,935,0,1.7192423295723391,0.17184282387557537,17.97657921276104,55.563258403724284,,False,False,False,False,no_promotion_shadow_or_reject,False,False,False,"{""live_notional_fraction"": 0.5, ""parity"": true, ""recorded"": true, ""replay_notional_fraction"": 0.5, ""sizing_mode"": ""notional_fraction_equals_leverage_times_allocation_fraction""}",0,0,locked_oos_trade_event_count_0_below_20;locked_oos_return_not_positive;locked_oos_return_per_turnover_proxy_bps_missing_not_above_10.000;shadow_universe_not_promotion_eligible,crypto_payment_alt,shadow_probe_only,"{""breadth_threshold"": 0.4, ""market_momentum_floor"": -0.02, ""panel_symbols"": [""BTCUSDT"", ""ETHUSDT"", ""SOLUSDT"", ""BNBUSDT"", ""TRXUSDT""], ""rank_top_n"": 2}",2.1796092457020317,0.30315811580835983,-0.049292640619052586,-0.049292640619052586
106,a30fb_asset_diverse_rank_chandelier_1h_xrpusdt_lb12_top2_mom0p015_breadth0p4_adx12p0_trail2p0_hold18_5p0x_0p1_2648740e,cross_asset_rank_chandelier_breakout,XRPUSDT,1h,long_short,12,0.015,0.0,18,2,top2_breadth_adx_trail2.0,False,,,,,5.0,0.1,0.5,0.4107648350115898,0.2389220111360144,0.0,0.2606500982844111,0.09324564940617608,0.0,1.1763417750065848,3.9038906659653607,0.0,457,86,0,4703,935,0,1.7192423295723391,0.17184282387557537,17.97657921276104,55.563258403724284,,False,False,False,False,no_promotion_shadow_or_reject,False,False,False,"{""live_notional_fraction"": 0.5, ""parity"": true, ""recorded"": true, ""replay_notional_fraction"": 0.5, ""sizing_mode"": ""notional_fraction_equals_leverage_times_allocation_fraction""}",0,0,locked_oos_trade_event_count_0_below_20;locked_oos_return_not_positive;locked_oos_return_per_turnover_proxy_bps_missing_not_above_10.000;shadow_universe_not_promotion_eligible,crypto_payment_alt,shadow_probe_only,"{""breadth_threshold"": 0.4, ""market_momentum_floor"": -0.02, ""panel_symbols"": [""BTCUSDT"", ""ETHUSDT"", ""SOLUSDT"", ""BNBUSDT"", ""TRXUSDT""], ""rank_top_n"": 2}",2.1796092457020317,0.30315811580835983,-0.049292640619052586,-0.049292640619052586
107,a30fb_asset_diverse_rank_chandelier_1h_dogeusdt_lb12_top1_mom0p005_breadth0p6_adx18p0_trail2p0_hold18_4p0x_0p125_048ae961,cross_asset_rank_chandelier_breakout,DOGEUSDT,1h,long_short,12,0.005,0.0,18,2,top1_breadth_adx_trail2.0,False,,,,,4.0,0.125,0.5,0.4720251711548289,0.21507544090833752,0.0,0.21962518671662545,0.07748495775918574,0.0,1.192192538851082,3.6692638418605283,0.0,549,91,0,5719,922,0,2.1946958200401885,0.25694973024649137,17.195816799811617,47.26932767216209,,False,False,False,False,no_promotion_shadow_or_reject,False,False,False,"{""live_notional_fraction"": 0.5, ""parity"": true, ""recorded"": true, ""replay_notional_fraction"": 0.5, ""sizing_mode"": ""notional_fraction_equals_leverage_times_allocation_fraction""}",0,0,locked_oos_trade_event_count_0_below_20;locked_oos_return_not_positive;locked_oos_return_per_turnover_proxy_bps_missing_not_above_10.000;shadow_universe_not_promotion_eligible,crypto_high_beta_alt,shadow_probe_only,"{""breadth_threshold"": 0.6, ""market_momentum_floor"": -0.02, ""panel_symbols"": [""BTCUSDT"", ""ETHUSDT"", ""SOLUSDT"", ""BNBUSDT"", ""TRXUSDT""], ""rank_top_n"": 1}",2.1504639882981564,0.14477607709529905,0.06140883376198225,0.06140883376198225
108,a30fb_asset_diverse_rank_chandelier_1h_dogeusdt_lb12_top1_mom0p005_breadth0p6_adx18p0_trail2p0_hold18_5p0x_0p1_f83dd0af,cross_asset_rank_chandelier_breakout,DOGEUSDT,1h,long_short,12,0.005,0.0,18,2,top1_breadth_adx_trail2.0,False,,,,,5.0,0.1,0.5,0.4720251711548289,0.21507544090833752,0.0,0.21962518671662545,0.07748495775918574,0.0,1.192192538851082,3.6692638418605283,0.0,549,91,0,5719,922,0,2.1946958200401885,0.25694973024649137,17.195816799811617,47.26932767216209,,False,False,False,False,no_promotion_shadow_or_reject,False,False,False,"{""live_notional_fraction"": 0.5, ""parity"": true, ""recorded"": true, ""replay_notional_fraction"": 0.5, ""sizing_mode"": ""notional_fraction_equals_leverage_times_allocation_fraction""}",0,0,locked_oos_trade_event_count_0_below_20;locked_oos_return_not_positive;locked_oos_return_per_turnover_proxy_bps_missing_not_above_10.000;shadow_universe_not_promotion_eligible,crypto_high_beta_alt,shadow_probe_only,"{""breadth_threshold"": 0.6, ""market_momentum_floor"": -0.02, ""panel_symbols"": [""BTCUSDT"", ""ETHUSDT"", ""SOLUSDT"", ""BNBUSDT"", ""TRXUSDT""], ""rank_top_n"": 1}",2.1504639882981564,0.14477607709529905,0.06140883376198225,0.06140883376198225
109,a30fb_asset_diverse_rank_chandelier_1h_dogeusdt_lb12_top2_mom0p005_breadth0p6_adx18p0_trail2p0_hold18_4p0x_0p125_528392fc,cross_asset_rank_chandelier_breakout,DOGEUSDT,1h,long_short,12,0.005,0.0,18,2,top2_breadth_adx_trail2.0,False,,,,,4.0,0.125,0.5,0.4720251711548289,0.21507544090833752,0.0,0.21962518671662545,0.07748495775918574,0.0,1.192192538851082,3.6692638418605283,0.0,549,91,0,5719,922,0,2.1946958200401885,0.25694973024649137,17.195816799811617,47.26932767216209,,False,False,False,False,no_promotion_shadow_or_reject,False,False,False,"{""live_notional_fraction"": 0.5, ""parity"": true, ""recorded"": true, ""replay_notional_fraction"": 0.5, ""sizing_mode"": ""notional_fraction_equals_leverage_times_allocation_fraction""}",0,0,locked_oos_trade_event_count_0_below_20;locked_oos_return_not_positive;locked_oos_return_per_turnover_proxy_bps_missing_not_above_10.000;shadow_universe_not_promotion_eligible,crypto_high_beta_alt,shadow_probe_only,"{""breadth_threshold"": 0.6, ""market_momentum_floor"": -0.02, ""panel_symbols"": [""BTCUSDT"", ""ETHUSDT"", ""SOLUSDT"", ""BNBUSDT"", ""TRXUSDT""], ""rank_top_n"": 2}",2.1504639882981564,0.14477607709529905,0.06140883376198225,0.06140883376198225
110,a30fb_asset_diverse_rank_chandelier_1h_dogeusdt_lb12_top2_mom0p005_breadth0p6_adx18p0_trail2p0_hold18_5p0x_0p1_c5dd0664,cross_asset_rank_chandelier_breakout,DOGEUSDT,1h,long_short,12,0.005,0.0,18,2,top2_breadth_adx_trail2.0,False,,,,,5.0,0.1,0.5,0.4720251711548289,0.21507544090833752,0.0,0.21962518671662545,0.07748495775918574,0.0,1.192192538851082,3.6692638418605283,0.0,549,91,0,5719,922,0,2.1946958200401885,0.25694973024649137,17.195816799811617,47.26932767216209,,False,False,False,False,no_promotion_shadow_or_reject,False,False,False,"{""live_notional_fraction"": 0.5, ""parity"": true, ""recorded"": true, ""replay_notional_fraction"": 0.5, ""sizing_mode"": ""notional_fraction_equals_leverage_times_allocation_fraction""}",0,0,locked_oos_trade_event_count_0_below_20;locked_oos_return_not_positive;locked_oos_return_per_turnover_proxy_bps_missing_not_above_10.000;shadow_universe_not_promotion_eligible,crypto_high_beta_alt,shadow_probe_only,"{""breadth_threshold"": 0.6, ""market_momentum_floor"": -0.02, ""panel_symbols"": [""BTCUSDT"", ""ETHUSDT"", ""SOLUSDT"", ""BNBUSDT"", ""TRXUSDT""], ""rank_top_n"": 2}",2.1504639882981564,0.14477607709529905,0.06140883376198225,0.06140883376198225
111,a30fb_asset_diverse_rank_chandelier_1h_dogeusdt_lb12_top1_mom0p005_breadth0p6_adx12p0_trail2p0_hold18_4p0x_0p125_42ffd244,cross_asset_rank_chandelier_breakout,DOGEUSDT,1h,long_short,12,0.005,0.0,18,2,top1_breadth_adx_trail2.0,False,,,,,4.0,0.125,0.5,0.47121314551954496,0.21507544090833752,0.0,0.22130140130240017,0.07748495775918574,0.0,1.189780217684348,3.6692638418605283,0.0,553,91,0,5755,922,0,2.1909202814112567,0.25613770461120744,17.042066745733994,47.26932767216209,,False,False,False,False,no_promotion_shadow_or_reject,False,False,False,"{""live_notional_fraction"": 0.5, ""parity"": true, ""recorded"": true, ""replay_notional_fraction"": 0.5, ""sizing_mode"": ""notional_fraction_equals_leverage_times_allocation_fraction""}",0,0,locked_oos_trade_event_count_0_below_20;locked_oos_return_not_positive;locked_oos_return_per_turnover_proxy_bps_missing_not_above_10.000;shadow_universe_not_promotion_eligible,crypto_high_beta_alt,shadow_probe_only,"{""breadth_threshold"": 0.6, ""market_momentum_floor"": -0.02, ""panel_symbols"": [""BTCUSDT"", ""ETHUSDT"", ""SOLUSDT"", ""BNBUSDT"", ""TRXUSDT""], ""rank_top_n"": 1}",2.1498726419363194,0.14477607709529905,0.06140883376198225,0.06140883376198225
112,a30fb_asset_diverse_rank_chandelier_1h_dogeusdt_lb12_top1_mom0p005_breadth0p6_adx12p0_trail2p0_hold18_5p0x_0p1_41ce31c0,cross_asset_rank_chandelier_breakout,DOGEUSDT,1h,long_short,12,0.005,0.0,18,2,top1_breadth_adx_trail2.0,False,,,,,5.0,0.1,0.5,0.47121314551954496,0.21507544090833752,0.0,0.22130140130240017,0.07748495775918574,0.0,1.189780217684348,3.6692638418605283,0.0,553,91,0,5755,922,0,2.1909202814112567,0.25613770461120744,17.042066745733994,47.26932767216209,,False,False,False,False,no_promotion_shadow_or_reject,False,False,False,"{""live_notional_fraction"": 0.5, ""parity"": true, ""recorded"": true, ""replay_notional_fraction"": 0.5, ""sizing_mode"": ""notional_fraction_equals_leverage_times_allocation_fraction""}",0,0,locked_oos_trade_event_count_0_below_20;locked_oos_return_not_positive;locked_oos_return_per_turnover_proxy_bps_missing_not_above_10.000;shadow_universe_not_promotion_eligible,crypto_high_beta_alt,shadow_probe_only,"{""breadth_threshold"": 0.6, ""market_momentum_floor"": -0.02, ""panel_symbols"": [""BTCUSDT"", ""ETHUSDT"", ""SOLUSDT"", ""BNBUSDT"", ""TRXUSDT""], ""rank_top_n"": 1}",2.1498726419363194,0.14477607709529905,0.06140883376198225,0.06140883376198225
113,a30fb_asset_diverse_rank_chandelier_1h_dogeusdt_lb12_top2_mom0p005_breadth0p6_adx12p0_trail2p0_hold18_4p0x_0p125_dc54fc65,cross_asset_rank_chandelier_breakout,DOGEUSDT,1h,long_short,12,0.005,0.0,18,2,top2_breadth_adx_trail2.0,False,,,,,4.0,0.125,0.5,0.47121314551954496,0.21507544090833752,0.0,0.22130140130240017,0.07748495775918574,0.0,1.189780217684348,3.6692638418605283,0.0,553,91,0,5755,922,0,2.1909202814112567,0.25613770461120744,17.042066745733994,47.26932767216209,,False,False,False,False,no_promotion_shadow_or_reject,False,False,False,"{""live_notional_fraction"": 0.5, ""parity"": true, ""recorded"": true, ""replay_notional_fraction"": 0.5, ""sizing_mode"": ""notional_fraction_equals_leverage_times_allocation_fraction""}",0,0,locked_oos_trade_event_count_0_below_20;locked_oos_return_not_positive;locked_oos_return_per_turnover_proxy_bps_missing_not_above_10.000;shadow_universe_not_promotion_eligible,crypto_high_beta_alt,shadow_probe_only,"{""breadth_threshold"": 0.6, ""market_momentum_floor"": -0.02, ""panel_symbols"": [""BTCUSDT"", ""ETHUSDT"", ""SOLUSDT"", ""BNBUSDT"", ""TRXUSDT""], ""rank_top_n"": 2}",2.1498726419363194,0.14477607709529905,0.06140883376198225,0.06140883376198225
114,a30fb_asset_diverse_rank_chandelier_1h_dogeusdt_lb12_top2_mom0p005_breadth0p6_adx12p0_trail2p0_hold18_5p0x_0p1_7cc60b93,cross_asset_rank_chandelier_breakout,DOGEUSDT,1h,long_short,12,0.005,0.0,18,2,top2_breadth_adx_trail2.0,False,,,,,5.0,0.1,0.5,0.47121314551954496,0.21507544090833752,0.0,0.22130140130240017,0.07748495775918574,0.0,1.189780217684348,3.6692638418605283,0.0,553,91,0,5755,922,0,2.1909202814112567,0.25613770461120744,17.042066745733994,47.26932767216209,,False,False,False,False,no_promotion_shadow_or_reject,False,False,False,"{""live_notional_fraction"": 0.5, ""parity"": true, ""recorded"": true, ""replay_notional_fraction"": 0.5, ""sizing_mode"": ""notional_fraction_equals_leverage_times_allocation_fraction""}",0,0,locked_oos_trade_event_count_0_below_20;locked_oos_return_not_positive;locked_oos_return_per_turnover_proxy_bps_missing_not_above_10.000;shadow_universe_not_promotion_eligible,crypto_high_beta_alt,shadow_probe_only,"{""breadth_threshold"": 0.6, ""market_momentum_floor"": -0.02, ""panel_symbols"": [""BTCUSDT"", ""ETHUSDT"", ""SOLUSDT"", ""BNBUSDT"", ""TRXUSDT""], ""rank_top_n"": 2}",2.1498726419363194,0.14477607709529905,0.06140883376198225,0.06140883376198225
115,a30fb_asset_diverse_rank_chandelier_1h_dogeusdt_lb12_top1_mom0p005_breadth0p6_adx18p0_trail3p0_hold18_4p0x_0p125_cc7422d5,cross_asset_rank_chandelier_breakout,DOGEUSDT,1h,long_short,12,0.005,0.0,18,2,top1_breadth_adx_trail3.0,False,,,,,4.0,0.125,0.5,0.4226156762141502,0.21507544090833752,0.0,0.2228827167264823,0.07748495775918574,0.0,1.1045792011238726,3.6692638418605283,0.0,547,91,0,5705,922,0,1.9649648255016887,0.20754023530581267,15.45212710106582,47.26932767216209,,False,False,False,False,no_promotion_shadow_or_reject,False,False,False,"{""live_notional_fraction"": 0.5, ""parity"": true, ""recorded"": true, ""replay_notional_fraction"": 0.5, ""sizing_mode"": ""notional_fraction_equals_leverage_times_allocation_fraction""}",0,0,locked_oos_trade_event_count_0_below_20;locked_oos_return_not_positive;locked_oos_return_per_turnover_proxy_bps_missing_not_above_10.000;shadow_universe_not_promotion_eligible,crypto_high_beta_alt,shadow_probe_only,"{""breadth_threshold"": 0.6, ""market_momentum_floor"": -0.02, ""panel_symbols"": [""BTCUSDT"", ""ETHUSDT"", ""SOLUSDT"", ""BNBUSDT"", ""TRXUSDT""], ""rank_top_n"": 1}",2.1437574894568265,0.14477607709529905,0.06140883376198225,0.06140883376198225
116,a30fb_asset_diverse_rank_chandelier_1h_dogeusdt_lb12_top1_mom0p005_breadth0p6_adx18p0_trail3p0_hold18_5p0x_0p1_e69b63f3,cross_asset_rank_chandelier_breakout,DOGEUSDT,1h,long_short,12,0.005,0.0,18,2,top1_breadth_adx_trail3.0,False,,,,,5.0,0.1,0.5,0.4226156762141502,0.21507544090833752,0.0,0.2228827167264823,0.07748495775918574,0.0,1.1045792011238726,3.6692638418605283,0.0,547,91,0,5705,922,0,1.9649648255016887,0.20754023530581267,15.45212710106582,47.26932767216209,,False,False,False,False,no_promotion_shadow_or_reject,False,False,False,"{""live_notional_fraction"": 0.5, ""parity"": true, ""recorded"": true, ""replay_notional_fraction"": 0.5, ""sizing_mode"": ""notional_fraction_equals_leverage_times_allocation_fraction""}",0,0,locked_oos_trade_event_count_0_below_20;locked_oos_return_not_positive;locked_oos_return_per_turnover_proxy_bps_missing_not_above_10.000;shadow_universe_not_promotion_eligible,crypto_high_beta_alt,shadow_probe_only,"{""breadth_threshold"": 0.6, ""market_momentum_floor"": -0.02, ""panel_symbols"": [""BTCUSDT"", ""ETHUSDT"", ""SOLUSDT"", ""BNBUSDT"", ""TRXUSDT""], ""rank_top_n"": 1}",2.1437574894568265,0.14477607709529905,0.06140883376198225,0.06140883376198225
117,a30fb_asset_diverse_rank_chandelier_1h_dogeusdt_lb12_top2_mom0p005_breadth0p6_adx18p0_trail3p0_hold18_4p0x_0p125_0b2294d3,cross_asset_rank_chandelier_breakout,DOGEUSDT,1h,long_short,12,0.005,0.0,18,2,top2_breadth_adx_trail3.0,False,,,,,4.0,0.125,0.5,0.4226156762141502,0.21507544090833752,0.0,0.2228827167264823,0.07748495775918574,0.0,1.1045792011238726,3.6692638418605283,0.0,547,91,0,5705,922,0,1.9649648255016887,0.20754023530581267,15.45212710106582,47.26932767216209,,False,False,False,False,no_promotion_shadow_or_reject,False,False,False,"{""live_notional_fraction"": 0.5, ""parity"": true, ""recorded"": true, ""replay_notional_fraction"": 0.5, ""sizing_mode"": ""notional_fraction_equals_leverage_times_allocation_fraction""}",0,0,locked_oos_trade_event_count_0_below_20;locked_oos_return_not_positive;locked_oos_return_per_turnover_proxy_bps_missing_not_above_10.000;shadow_universe_not_promotion_eligible,crypto_high_beta_alt,shadow_probe_only,"{""breadth_threshold"": 0.6, ""market_momentum_floor"": -0.02, ""panel_symbols"": [""BTCUSDT"", ""ETHUSDT"", ""SOLUSDT"", ""BNBUSDT"", ""TRXUSDT""], ""rank_top_n"": 2}",2.1437574894568265,0.14477607709529905,0.06140883376198225,0.06140883376198225
118,a30fb_asset_diverse_rank_chandelier_1h_dogeusdt_lb12_top2_mom0p005_breadth0p6_adx18p0_trail3p0_hold18_5p0x_0p1_a8ec4fbb,cross_asset_rank_chandelier_breakout,DOGEUSDT,1h,long_short,12,0.005,0.0,18,2,top2_breadth_adx_trail3.0,False,,,,,5.0,0.1,0.5,0.4226156762141502,0.21507544090833752,0.0,0.2228827167264823,0.07748495775918574,0.0,1.1045792011238726,3.6692638418605283,0.0,547,91,0,5705,922,0,1.9649648255016887,0.20754023530581267,15.45212710106582,47.26932767216209,,False,False,False,False,no_promotion_shadow_or_reject,False,False,False,"{""live_notional_fraction"": 0.5, ""parity"": true, ""recorded"": true, ""replay_notional_fraction"": 0.5, ""sizing_mode"": ""notional_fraction_equals_leverage_times_allocation_fraction""}",0,0,locked_oos_trade_event_count_0_below_20;locked_oos_return_not_positive;locked_oos_return_per_turnover_proxy_bps_missing_not_above_10.000;shadow_universe_not_promotion_eligible,crypto_high_beta_alt,shadow_probe_only,"{""breadth_threshold"": 0.6, ""market_momentum_floor"": -0.02, ""panel_symbols"": [""BTCUSDT"", ""ETHUSDT"", ""SOLUSDT"", ""BNBUSDT"", ""TRXUSDT""], ""rank_top_n"": 2}",2.1437574894568265,0.14477607709529905,0.06140883376198225,0.06140883376198225
119,a30fb_asset_diverse_rank_chandelier_1h_dogeusdt_lb12_top1_mom0p005_breadth0p6_adx12p0_trail3p0_hold18_4p0x_0p125_9da467f8,cross_asset_rank_chandelier_breakout,DOGEUSDT,1h,long_short,12,0.005,0.0,18,2,top1_breadth_adx_trail3.0,False,,,,,4.0,0.125,0.5,0.42183090675443813,0.21507544090833752,0.0,0.22455193426516795,0.07748495775918574,0.0,1.1022713915255224,3.6692638418605283,0.0,551,91,0,5741,922,0,1.961316015314911,0.2067554658461006,15.311466669852562,47.26932767216209,,False,False,False,False,no_promotion_shadow_or_reject,False,False,False,"{""live_notional_fraction"": 0.5, ""parity"": true, ""recorded"": true, ""replay_notional_fraction"": 0.5, ""sizing_mode"": ""notional_fraction_equals_leverage_times_allocation_fraction""}",0,0,locked_oos_trade_event_count_0_below_20;locked_oos_return_not_positive;locked_oos_return_per_turnover_proxy_bps_missing_not_above_10.000;shadow_universe_not_promotion_eligible,crypto_high_beta_alt,shadow_probe_only,"{""breadth_threshold"": 0.6, ""market_momentum_floor"": -0.02, ""panel_symbols"": [""BTCUSDT"", ""ETHUSDT"", ""SOLUSDT"", ""BNBUSDT"", ""TRXUSDT""], ""rank_top_n"": 1}",2.143216487798314,0.14477607709529905,0.06140883376198225,0.06140883376198225
120,a30fb_asset_diverse_rank_chandelier_1h_dogeusdt_lb12_top1_mom0p005_breadth0p6_adx12p0_trail3p0_hold18_5p0x_0p1_f7fa48e2,cross_asset_rank_chandelier_breakout,DOGEUSDT,1h,long_short,12,0.005,0.0,18,2,top1_breadth_adx_trail3.0,False,,,,,5.0,0.1,0.5,0.42183090675443813,0.21507544090833752,0.0,0.22455193426516795,0.07748495775918574,0.0,1.1022713915255224,3.6692638418605283,0.0,551,91,0,5741,922,0,1.961316015314911,0.2067554658461006,15.311466669852562,47.26932767216209,,False,False,False,False,no_promotion_shadow_or_reject,False,False,False,"{""live_notional_fraction"": 0.5, ""parity"": true, ""recorded"": true, ""replay_notional_fraction"": 0.5, ""sizing_mode"": ""notional_fraction_equals_leverage_times_allocation_fraction""}",0,0,locked_oos_trade_event_count_0_below_20;locked_oos_return_not_positive;locked_oos_return_per_turnover_proxy_bps_missing_not_above_10.000;shadow_universe_not_promotion_eligible,crypto_high_beta_alt,shadow_probe_only,"{""breadth_threshold"": 0.6, ""market_momentum_floor"": -0.02, ""panel_symbols"": [""BTCUSDT"", ""ETHUSDT"", ""SOLUSDT"", ""BNBUSDT"", ""TRXUSDT""], ""rank_top_n"": 1}",2.143216487798314,0.14477607709529905,0.06140883376198225,0.06140883376198225
121,a30fb_asset_diverse_rank_chandelier_1h_dogeusdt_lb12_top2_mom0p005_breadth0p6_adx12p0_trail3p0_hold18_4p0x_0p125_ffe5bcb7,cross_asset_rank_chandelier_breakout,DOGEUSDT,1h,long_short,12,0.005,0.0,18,2,top2_breadth_adx_trail3.0,False,,,,,4.0,0.125,0.5,0.42183090675443813,0.21507544090833752,0.0,0.22455193426516795,0.07748495775918574,0.0,1.1022713915255224,3.6692638418605283,0.0,551,91,0,5741,922,0,1.961316015314911,0.2067554658461006,15.311466669852562,47.26932767216209,,False,False,False,False,no_promotion_shadow_or_reject,False,False,False,"{""live_notional_fraction"": 0.5, ""parity"": true, ""recorded"": true, ""replay_notional_fraction"": 0.5, ""sizing_mode"": ""notional_fraction_equals_leverage_times_allocation_fraction""}",0,0,locked_oos_trade_event_count_0_below_20;locked_oos_return_not_positive;locked_oos_return_per_turnover_proxy_bps_missing_not_above_10.000;shadow_universe_not_promotion_eligible,crypto_high_beta_alt,shadow_probe_only,"{""breadth_threshold"": 0.6, ""market_momentum_floor"": -0.02, ""panel_symbols"": [""BTCUSDT"", ""ETHUSDT"", ""SOLUSDT"", ""BNBUSDT"", ""TRXUSDT""], ""rank_top_n"": 2}",2.143216487798314,0.14477607709529905,0.06140883376198225,0.06140883376198225
122,a30fb_asset_diverse_rank_chandelier_1h_dogeusdt_lb12_top2_mom0p005_breadth0p6_adx12p0_trail3p0_hold18_5p0x_0p1_a9f2dec2,cross_asset_rank_chandelier_breakout,DOGEUSDT,1h,long_short,12,0.005,0.0,18,2,top2_breadth_adx_trail3.0,False,,,,,5.0,0.1,0.5,0.42183090675443813,0.21507544090833752,0.0,0.22455193426516795,0.07748495775918574,0.0,1.1022713915255224,3.6692638418605283,0.0,551,91,0,5741,922,0,1.961316015314911,0.2067554658461006,15.311466669852562,47.26932767216209,,False,False,False,False,no_promotion_shadow_or_reject,False,False,False,"{""live_notional_fraction"": 0.5, ""parity"": true, ""recorded"": true, ""replay_notional_fraction"": 0.5, ""sizing_mode"": ""notional_fraction_equals_leverage_times_allocation_fraction""}",0,0,locked_oos_trade_event_count_0_below_20;locked_oos_return_not_positive;locked_oos_return_per_turnover_proxy_bps_missing_not_above_10.000;shadow_universe_not_promotion_eligible,crypto_high_beta_alt,shadow_probe_only,"{""breadth_threshold"": 0.6, ""market_momentum_floor"": -0.02, ""panel_symbols"": [""BTCUSDT"", ""ETHUSDT"", ""SOLUSDT"", ""BNBUSDT"", ""TRXUSDT""], ""rank_top_n"": 2}",2.143216487798314,0.14477607709529905,0.06140883376198225,0.06140883376198225
123,a30fb_asset_diverse_rank_chandelier_1h_xrpusdt_lb12_top1_mom0p015_breadth0p4_adx12p0_trail3p0_hold18_4p0x_0p125_cc09e5d3,cross_asset_rank_chandelier_breakout,XRPUSDT,1h,long_short,12,0.015,0.0,18,2,top1_breadth_adx_trail3.0,False,,,,,4.0,0.125,0.5,0.4318388573432126,0.23507352877605614,0.0,0.26065009828441277,0.09636810529493034,0.0,1.2194684258577144,3.846272148103243,0.0,455,86,0,4713,941,0,1.837037371207397,0.19676532856715645,18.981927795306046,54.66826250605956,,False,False,False,False,no_promotion_shadow_or_reject,False,False,False,"{""live_notional_fraction"": 0.5, ""parity"": true, ""recorded"": true, ""replay_notional_fraction"": 0.5, ""sizing_mode"": ""notional_fraction_equals_leverage_times_allocation_fraction""}",0,0,locked_oos_trade_event_count_0_below_20;locked_oos_return_not_positive;locked_oos_return_per_turnover_proxy_bps_missing_not_above_10.000;shadow_universe_not_promotion_eligible,crypto_payment_alt,shadow_probe_only,"{""breadth_threshold"": 0.4, ""market_momentum_floor"": -0.02, ""panel_symbols"": [""BTCUSDT"", ""ETHUSDT"", ""SOLUSDT"", ""BNBUSDT"", ""TRXUSDT""], ""rank_top_n"": 1}",2.128657378682638,0.3035991073576969,-0.0525664509854854,-0.0525664509854854
124,a30fb_asset_diverse_rank_chandelier_1h_xrpusdt_lb12_top1_mom0p015_breadth0p4_adx12p0_trail3p0_hold18_5p0x_0p1_f5441957,cross_asset_rank_chandelier_breakout,XRPUSDT,1h,long_short,12,0.015,0.0,18,2,top1_breadth_adx_trail3.0,False,,,,,5.0,0.1,0.5,0.4318388573432126,0.23507352877605614,0.0,0.26065009828441277,0.09636810529493034,0.0,1.2194684258577144,3.846272148103243,0.0,455,86,0,4713,941,0,1.837037371207397,0.19676532856715645,18.981927795306046,54.66826250605956,,False,False,False,False,no_promotion_shadow_or_reject,False,False,False,"{""live_notional_fraction"": 0.5, ""parity"": true, ""recorded"": true, ""replay_notional_fraction"": 0.5, ""sizing_mode"": ""notional_fraction_equals_leverage_times_allocation_fraction""}",0,0,locked_oos_trade_event_count_0_below_20;locked_oos_return_not_positive;locked_oos_return_per_turnover_proxy_bps_missing_not_above_10.000;shadow_universe_not_promotion_eligible,crypto_payment_alt,shadow_probe_only,"{""breadth_threshold"": 0.4, ""market_momentum_floor"": -0.02, ""panel_symbols"": [""BTCUSDT"", ""ETHUSDT"", ""SOLUSDT"", ""BNBUSDT"", ""TRXUSDT""], ""rank_top_n"": 1}",2.128657378682638,0.3035991073576969,-0.0525664509854854,-0.0525664509854854
125,a30fb_asset_diverse_rank_chandelier_1h_xrpusdt_lb12_top2_mom0p015_breadth0p4_adx12p0_trail3p0_hold18_4p0x_0p125_d18056bf,cross_asset_rank_chandelier_breakout,XRPUSDT,1h,long_short,12,0.015,0.0,18,2,top2_breadth_adx_trail3.0,False,,,,,4.0,0.125,0.5,0.4318388573432126,0.23507352877605614,0.0,0.26065009828441277,0.09636810529493034,0.0,1.2194684258577144,3.846272148103243,0.0,455,86,0,4713,941,0,1.837037371207397,0.19676532856715645,18.981927795306046,54.66826250605956,,False,False,False,False,no_promotion_shadow_or_reject,False,False,False,"{""live_notional_fraction"": 0.5, ""parity"": true, ""recorded"": true, ""replay_notional_fraction"": 0.5, ""sizing_mode"": ""notional_fraction_equals_leverage_times_allocation_fraction""}",0,0,locked_oos_trade_event_count_0_below_20;locked_oos_return_not_positive;locked_oos_return_per_turnover_proxy_bps_missing_not_above_10.000;shadow_universe_not_promotion_eligible,crypto_payment_alt,shadow_probe_only,"{""breadth_threshold"": 0.4, ""market_momentum_floor"": -0.02, ""panel_symbols"": [""BTCUSDT"", ""ETHUSDT"", ""SOLUSDT"", ""BNBUSDT"", ""TRXUSDT""], ""rank_top_n"": 2}",2.128657378682638,0.3035991073576969,-0.0525664509854854,-0.0525664509854854
126,a30fb_asset_diverse_rank_chandelier_1h_xrpusdt_lb12_top2_mom0p015_breadth0p4_adx12p0_trail3p0_hold18_5p0x_0p1_a1882bb5,cross_asset_rank_chandelier_breakout,XRPUSDT,1h,long_short,12,0.015,0.0,18,2,top2_breadth_adx_trail3.0,False,,,,,5.0,0.1,0.5,0.4318388573432126,0.23507352877605614,0.0,0.26065009828441277,0.09636810529493034,0.0,1.2194684258577144,3.846272148103243,0.0,455,86,0,4713,941,0,1.837037371207397,0.19676532856715645,18.981927795306046,54.66826250605956,,False,False,False,False,no_promotion_shadow_or_reject,False,False,False,"{""live_notional_fraction"": 0.5, ""parity"": true, ""recorded"": true, ""replay_notional_fraction"": 0.5, ""sizing_mode"": ""notional_fraction_equals_leverage_times_allocation_fraction""}",0,0,locked_oos_trade_event_count_0_below_20;locked_oos_return_not_positive;locked_oos_return_per_turnover_proxy_bps_missing_not_above_10.000;shadow_universe_not_promotion_eligible,crypto_payment_alt,shadow_probe_only,"{""breadth_threshold"": 0.4, ""market_momentum_floor"": -0.02, ""panel_symbols"": [""BTCUSDT"", ""ETHUSDT"", ""SOLUSDT"", ""BNBUSDT"", ""TRXUSDT""], ""rank_top_n"": 2}",2.128657378682638,0.3035991073576969,-0.0525664509854854,-0.0525664509854854
127,a30fb_asset_diverse_rank_chandelier_1h_xrpusdt_lb36_top1_mom0p015_breadth0p6_adx12p0_trail2p0_hold18_4p0x_0p125_b4a6c17f,cross_asset_rank_chandelier_breakout,XRPUSDT,1h,long_short,36,0.015,0.0,18,2,top1_breadth_adx_trail2.0,False,,,,,4.0,0.125,0.5,0.20284704188932334,0.2115256025190293,0.0,0.1631272971159825,0.05794883661705752,0.0,0.7603670002531946,4.476699954953906,0.0,262,38,0,3413,472,0,0.9589715829840257,-0.008678560629705956,15.484507014452165,111.32926448369962,,False,False,False,False,no_promotion_shadow_or_reject,False,False,False,"{""live_notional_fraction"": 0.5, ""parity"": true, ""recorded"": true, ""replay_notional_fraction"": 0.5, ""sizing_mode"": ""notional_fraction_equals_leverage_times_allocation_fraction""}",0,0,locked_oos_trade_event_count_0_below_20;train_return_below_validation_return;train_validation_return_ratio_0.9590_below_1.00;locked_oos_return_not_positive;locked_oos_return_per_turnover_proxy_bps_missing_not_above_10.000;shadow_universe_not_promotion_eligible,crypto_payment_alt,shadow_probe_only,"{""breadth_threshold"": 0.6, ""market_momentum_floor"": -0.02, ""panel_symbols"": [""BTCUSDT"", ""ETHUSDT"", ""SOLUSDT"", ""BNBUSDT"", ""TRXUSDT""], ""rank_top_n"": 1}",2.11574920937659,0.21757226593106505,-0.004966163883021957,-0.004966163883021957
128,a30fb_asset_diverse_rank_chandelier_1h_xrpusdt_lb36_top1_mom0p015_breadth0p6_adx12p0_trail2p0_hold18_5p0x_0p1_2accc051,cross_asset_rank_chandelier_breakout,XRPUSDT,1h,long_short,36,0.015,0.0,18,2,top1_breadth_adx_trail2.0,False,,,,,5.0,0.1,0.5,0.20284704188932334,0.2115256025190293,0.0,0.1631272971159825,0.05794883661705752,0.0,0.7603670002531946,4.476699954953906,0.0,262,38,0,3413,472,0,0.9589715829840257,-0.008678560629705956,15.484507014452165,111.32926448369962,,False,False,False,False,no_promotion_shadow_or_reject,False,False,False,"{""live_notional_fraction"": 0.5, ""parity"": true, ""recorded"": true, ""replay_notional_fraction"": 0.5, ""sizing_mode"": ""notional_fraction_equals_leverage_times_allocation_fraction""}",0,0,locked_oos_trade_event_count_0_below_20;train_return_below_validation_return;train_validation_return_ratio_0.9590_below_1.00;locked_oos_return_not_positive;locked_oos_return_per_turnover_proxy_bps_missing_not_above_10.000;shadow_universe_not_promotion_eligible,crypto_payment_alt,shadow_probe_only,"{""breadth_threshold"": 0.6, ""market_momentum_floor"": -0.02, ""panel_symbols"": [""BTCUSDT"", ""ETHUSDT"", ""SOLUSDT"", ""BNBUSDT"", ""TRXUSDT""], ""rank_top_n"": 1}",2.11574920937659,0.21757226593106505,-0.004966163883021957,-0.004966163883021957
129,a30fb_asset_diverse_rank_chandelier_1h_xrpusdt_lb36_top2_mom0p015_breadth0p6_adx12p0_trail2p0_hold18_4p0x_0p125_faf9749e,cross_asset_rank_chandelier_breakout,XRPUSDT,1h,long_short,36,0.015,0.0,18,2,top2_breadth_adx_trail2.0,False,,,,,4.0,0.125,0.5,0.20284704188932334,0.2115256025190293,0.0,0.1631272971159825,0.05794883661705752,0.0,0.7603670002531946,4.476699954953906,0.0,262,38,0,3413,472,0,0.9589715829840257,-0.008678560629705956,15.484507014452165,111.32926448369962,,False,False,False,False,no_promotion_shadow_or_reject,False,False,False,"{""live_notional_fraction"": 0.5, ""parity"": true, ""recorded"": true, ""replay_notional_fraction"": 0.5, ""sizing_mode"": ""notional_fraction_equals_leverage_times_allocation_fraction""}",0,0,locked_oos_trade_event_count_0_below_20;train_return_below_validation_return;train_validation_return_ratio_0.9590_below_1.00;locked_oos_return_not_positive;locked_oos_return_per_turnover_proxy_bps_missing_not_above_10.000;shadow_universe_not_promotion_eligible,crypto_payment_alt,shadow_probe_only,"{""breadth_threshold"": 0.6, ""market_momentum_floor"": -0.02, ""panel_symbols"": [""BTCUSDT"", ""ETHUSDT"", ""SOLUSDT"", ""BNBUSDT"", ""TRXUSDT""], ""rank_top_n"": 2}",2.11574920937659,0.21757226593106505,-0.004966163883021957,-0.004966163883021957
130,a30fb_asset_diverse_rank_chandelier_1h_xrpusdt_lb36_top2_mom0p015_breadth0p6_adx12p0_trail2p0_hold18_5p0x_0p1_2148abe4,cross_asset_rank_chandelier_breakout,XRPUSDT,1h,long_short,36,0.015,0.0,18,2,top2_breadth_adx_trail2.0,False,,,,,5.0,0.1,0.5,0.20284704188932334,0.2115256025190293,0.0,0.1631272971159825,0.05794883661705752,0.0,0.7603670002531946,4.476699954953906,0.0,262,38,0,3413,472,0,0.9589715829840257,-0.008678560629705956,15.484507014452165,111.32926448369962,,False,False,False,False,no_promotion_shadow_or_reject,False,False,False,"{""live_notional_fraction"": 0.5, ""parity"": true, ""recorded"": true, ""replay_notional_fraction"": 0.5, ""sizing_mode"": ""notional_fraction_equals_leverage_times_allocation_fraction""}",0,0,locked_oos_trade_event_count_0_below_20;train_return_below_validation_return;train_validation_return_ratio_0.9590_below_1.00;locked_oos_return_not_positive;locked_oos_return_per_turnover_proxy_bps_missing_not_above_10.000;shadow_universe_not_promotion_eligible,crypto_payment_alt,shadow_probe_only,"{""breadth_threshold"": 0.6, ""market_momentum_floor"": -0.02, ""panel_symbols"": [""BTCUSDT"", ""ETHUSDT"", ""SOLUSDT"", ""BNBUSDT"", ""TRXUSDT""], ""rank_top_n"": 2}",2.11574920937659,0.21757226593106505,-0.004966163883021957,-0.004966163883021957
131,a30fb_asset_diverse_rank_chandelier_1h_xrpusdt_lb12_top1_mom0p015_breadth0p4_adx18p0_trail2p0_hold18_4p0x_0p125_0b9846fd,cross_asset_rank_chandelier_breakout,XRPUSDT,1h,long_short,12,0.015,0.0,18,2,top1_breadth_adx_trail2.0,False,,,,,4.0,0.125,0.5,0.4196105832883994,0.22530539357662405,0.0,0.2606500982844111,0.09324564940617452,0.0,1.1948573382485603,3.74136205351965,0.0,455,86,0,4684,932,0,1.8624080703407313,0.19430518971177535,18.444421243446126,52.396603157354434,,False,False,False,False,no_promotion_shadow_or_reject,False,False,False,"{""live_notional_fraction"": 0.5, ""parity"": true, ""recorded"": true, ""replay_notional_fraction"": 0.5, ""sizing_mode"": ""notional_fraction_equals_leverage_times_allocation_fraction""}",0,0,locked_oos_trade_event_count_0_below_20;locked_oos_return_not_positive;locked_oos_return_per_turnover_proxy_bps_missing_not_above_10.000;shadow_universe_not_promotion_eligible,crypto_payment_alt,shadow_probe_only,"{""breadth_threshold"": 0.4, ""market_momentum_floor"": -0.02, ""panel_symbols"": [""BTCUSDT"", ""ETHUSDT"", ""SOLUSDT"", ""BNBUSDT"", ""TRXUSDT""], ""rank_top_n"": 1}",2.0412665509467347,0.28883549862754876,-0.049292640619052586,-0.049292640619052586
132,a30fb_asset_diverse_rank_chandelier_1h_xrpusdt_lb12_top1_mom0p015_breadth0p4_adx18p0_trail2p0_hold18_5p0x_0p1_a307108e,cross_asset_rank_chandelier_breakout,XRPUSDT,1h,long_short,12,0.015,0.0,18,2,top1_breadth_adx_trail2.0,False,,,,,5.0,0.1,0.5,0.4196105832883994,0.22530539357662405,0.0,0.2606500982844111,0.09324564940617452,0.0,1.1948573382485603,3.74136205351965,0.0,455,86,0,4684,932,0,1.8624080703407313,0.19430518971177535,18.444421243446126,52.396603157354434,,False,False,False,False,no_promotion_shadow_or_reject,False,False,False,"{""live_notional_fraction"": 0.5, ""parity"": true, ""recorded"": true, ""replay_notional_fraction"": 0.5, ""sizing_mode"": ""notional_fraction_equals_leverage_times_allocation_fraction""}",0,0,locked_oos_trade_event_count_0_below_20;locked_oos_return_not_positive;locked_oos_return_per_turnover_proxy_bps_missing_not_above_10.000;shadow_universe_not_promotion_eligible,crypto_payment_alt,shadow_probe_only,"{""breadth_threshold"": 0.4, ""market_momentum_floor"": -0.02, ""panel_symbols"": [""BTCUSDT"", ""ETHUSDT"", ""SOLUSDT"", ""BNBUSDT"", ""TRXUSDT""], ""rank_top_n"": 1}",2.0412665509467347,0.28883549862754876,-0.049292640619052586,-0.049292640619052586
133,a30fb_asset_diverse_rank_chandelier_1h_xrpusdt_lb12_top2_mom0p015_breadth0p4_adx18p0_trail2p0_hold18_4p0x_0p125_382432b6,cross_asset_rank_chandelier_breakout,XRPUSDT,1h,long_short,12,0.015,0.0,18,2,top2_breadth_adx_trail2.0,False,,,,,4.0,0.125,0.5,0.4196105832883994,0.22530539357662405,0.0,0.2606500982844111,0.09324564940617452,0.0,1.1948573382485603,3.74136205351965,0.0,455,86,0,4684,932,0,1.8624080703407313,0.19430518971177535,18.444421243446126,52.396603157354434,,False,False,False,False,no_promotion_shadow_or_reject,False,False,False,"{""live_notional_fraction"": 0.5, ""parity"": true, ""recorded"": true, ""replay_notional_fraction"": 0.5, ""sizing_mode"": ""notional_fraction_equals_leverage_times_allocation_fraction""}",0,0,locked_oos_trade_event_count_0_below_20;locked_oos_return_not_positive;locked_oos_return_per_turnover_proxy_bps_missing_not_above_10.000;shadow_universe_not_promotion_eligible,crypto_payment_alt,shadow_probe_only,"{""breadth_threshold"": 0.4, ""market_momentum_floor"": -0.02, ""panel_symbols"": [""BTCUSDT"", ""ETHUSDT"", ""SOLUSDT"", ""BNBUSDT"", ""TRXUSDT""], ""rank_top_n"": 2}",2.0412665509467347,0.28883549862754876,-0.049292640619052586,-0.049292640619052586
134,a30fb_asset_diverse_rank_chandelier_1h_xrpusdt_lb12_top2_mom0p015_breadth0p4_adx18p0_trail2p0_hold18_5p0x_0p1_9f88247d,cross_asset_rank_chandelier_breakout,XRPUSDT,1h,long_short,12,0.015,0.0,18,2,top2_breadth_adx_trail2.0,False,,,,,5.0,0.1,0.5,0.4196105832883994,0.22530539357662405,0.0,0.2606500982844111,0.09324564940617452,0.0,1.1948573382485603,3.74136205351965,0.0,455,86,0,4684,932,0,1.8624080703407313,0.19430518971177535,18.444421243446126,52.396603157354434,,False,False,False,False,no_promotion_shadow_or_reject,False,False,False,"{""live_notional_fraction"": 0.5, ""parity"": true, ""recorded"": true, ""replay_notional_fraction"": 0.5, ""sizing_mode"": ""notional_fraction_equals_leverage_times_allocation_fraction""}",0,0,locked_oos_trade_event_count_0_below_20;locked_oos_return_not_positive;locked_oos_return_per_turnover_proxy_bps_missing_not_above_10.000;shadow_universe_not_promotion_eligible,crypto_payment_alt,shadow_probe_only,"{""breadth_threshold"": 0.4, ""market_momentum_floor"": -0.02, ""panel_symbols"": [""BTCUSDT"", ""ETHUSDT"", ""SOLUSDT"", ""BNBUSDT"", ""TRXUSDT""], ""rank_top_n"": 2}",2.0412665509467347,0.28883549862754876,-0.049292640619052586,-0.049292640619052586
135,a30fb_asset_diverse_breadth_pullback_12h_ethusdt_fast8_slow40_z-0p5_hold6_4p0x_0p125_5aefee8c,breadth_regime_pullback_reclaim,ETHUSDT,12h,long_short,40,-0.5,0.0,6,2,cross_asset_breadth_regime_ema_reclaim,False,,,,,4.0,0.125,0.5,0.3024730564539426,0.17643040138296207,-0.009869906561288722,0.11225950171263666,0.08120879800316927,0.041458010404350265,1.2125356140821264,2.684631036002536,-0.4931325181367159,26,9,4,247,66,37,1.7144044001656538,0.12604265507098056,232.6715818876482,392.0675586288046,-49.349532806443605,False,False,False,False,no_promotion_shadow_or_reject,False,False,False,"{""live_notional_fraction"": 0.5, ""parity"": true, ""recorded"": true, ""replay_notional_fraction"": 0.5, ""sizing_mode"": ""notional_fraction_equals_leverage_times_allocation_fraction""}",0,0,train_trade_event_count_26_below_80;validation_trade_event_count_9_below_30;locked_oos_trade_event_count_4_below_20;locked_oos_return_not_positive;locked_oos_return_per_turnover_proxy_bps_-49.350_not_above_10.000,crypto_major,promotion_eligible,"{""long_breadth_floor"": 0.6, ""panel_symbols"": [""BTCUSDT"", ""ETHUSDT"", ""SOLUSDT"", ""BNBUSDT"", ""TRXUSDT""], ""short_breadth_ceiling"": 0.4}",2.020945344150938,0.19590360152883513,-0.016283252363299194,-0.016283252363299194
136,a30fb_asset_diverse_breadth_pullback_12h_ethusdt_fast8_slow40_z-0p5_hold6_5p0x_0p1_be98307f,breadth_regime_pullback_reclaim,ETHUSDT,12h,long_short,40,-0.5,0.0,6,2,cross_asset_breadth_regime_ema_reclaim,False,,,,,5.0,0.1,0.5,0.3024730564539426,0.17643040138296207,-0.009869906561288722,0.11225950171263666,0.08120879800316927,0.041458010404350265,1.2125356140821264,2.684631036002536,-0.4931325181367159,26,9,4,247,66,37,1.7144044001656538,0.12604265507098056,232.6715818876482,392.0675586288046,-49.349532806443605,False,False,False,False,no_promotion_shadow_or_reject,False,False,False,"{""live_notional_fraction"": 0.5, ""parity"": true, ""recorded"": true, ""replay_notional_fraction"": 0.5, ""sizing_mode"": ""notional_fraction_equals_leverage_times_allocation_fraction""}",0,0,train_trade_event_count_26_below_80;validation_trade_event_count_9_below_30;locked_oos_trade_event_count_4_below_20;locked_oos_return_not_positive;locked_oos_return_per_turnover_proxy_bps_-49.350_not_above_10.000,crypto_major,promotion_eligible,"{""long_breadth_floor"": 0.6, ""panel_symbols"": [""BTCUSDT"", ""ETHUSDT"", ""SOLUSDT"", ""BNBUSDT"", ""TRXUSDT""], ""short_breadth_ceiling"": 0.4}",2.020945344150938,0.19590360152883513,-0.016283252363299194,-0.016283252363299194
137,a30fb_asset_diverse_rank_chandelier_1h_dogeusdt_lb12_top1_mom0p005_breadth0p4_adx18p0_trail2p0_hold8_4p0x_0p125_2d09f1e4,cross_asset_rank_chandelier_breakout,DOGEUSDT,1h,long_short,12,0.005,0.0,8,2,top1_breadth_adx_trail2.0,False,,,,,4.0,0.125,0.5,0.2715932601509492,0.21904145639704953,0.0,0.18150845238789282,0.08299152509271368,0.0,0.8450863881101592,3.7750819561804856,0.0,755,123,0,4833,773,0,1.2399171582325526,0.05255180375389967,7.1945234477072635,35.616496975130005,,False,False,False,False,no_promotion_shadow_or_reject,False,False,False,"{""live_notional_fraction"": 0.5, ""parity"": true, ""recorded"": true, ""replay_notional_fraction"": 0.5, ""sizing_mode"": ""notional_fraction_equals_leverage_times_allocation_fraction""}",0,0,locked_oos_trade_event_count_0_below_20;locked_oos_return_not_positive;train_return_per_turnover_proxy_bps_7.195_not_above_10.000;locked_oos_return_per_turnover_proxy_bps_missing_not_above_10.000;shadow_universe_not_promotion_eligible,crypto_high_beta_alt,shadow_probe_only,"{""breadth_threshold"": 0.4, ""market_momentum_floor"": -0.02, ""panel_symbols"": [""BTCUSDT"", ""ETHUSDT"", ""SOLUSDT"", ""BNBUSDT"", ""TRXUSDT""], ""rank_top_n"": 1}",2.016787165156858,0.1916391727370732,0.02299545389821045,0.02299545389821045
138,a30fb_asset_diverse_rank_chandelier_1h_dogeusdt_lb12_top1_mom0p005_breadth0p4_adx18p0_trail2p0_hold8_5p0x_0p1_7ce97bb4,cross_asset_rank_chandelier_breakout,DOGEUSDT,1h,long_short,12,0.005,0.0,8,2,top1_breadth_adx_trail2.0,False,,,,,5.0,0.1,0.5,0.2715932601509492,0.21904145639704953,0.0,0.18150845238789282,0.08299152509271368,0.0,0.8450863881101592,3.7750819561804856,0.0,755,123,0,4833,773,0,1.2399171582325526,0.05255180375389967,7.1945234477072635,35.616496975130005,,False,False,False,False,no_promotion_shadow_or_reject,False,False,False,"{""live_notional_fraction"": 0.5, ""parity"": true, ""recorded"": true, ""replay_notional_fraction"": 0.5, ""sizing_mode"": ""notional_fraction_equals_leverage_times_allocation_fraction""}",0,0,locked_oos_trade_event_count_0_below_20;locked_oos_return_not_positive;train_return_per_turnover_proxy_bps_7.195_not_above_10.000;locked_oos_return_per_turnover_proxy_bps_missing_not_above_10.000;shadow_universe_not_promotion_eligible,crypto_high_beta_alt,shadow_probe_only,"{""breadth_threshold"": 0.4, ""market_momentum_floor"": -0.02, ""panel_symbols"": [""BTCUSDT"", ""ETHUSDT"", ""SOLUSDT"", ""BNBUSDT"", ""TRXUSDT""], ""rank_top_n"": 1}",2.016787165156858,0.1916391727370732,0.02299545389821045,0.02299545389821045
139,a30fb_asset_diverse_rank_chandelier_1h_dogeusdt_lb12_top2_mom0p005_breadth0p4_adx18p0_trail2p0_hold8_4p0x_0p125_403b2cf7,cross_asset_rank_chandelier_breakout,DOGEUSDT,1h,long_short,12,0.005,0.0,8,2,top2_breadth_adx_trail2.0,False,,,,,4.0,0.125,0.5,0.2715932601509492,0.21904145639704953,0.0,0.18150845238789282,0.08299152509271368,0.0,0.8450863881101592,3.7750819561804856,0.0,755,123,0,4833,773,0,1.2399171582325526,0.05255180375389967,7.1945234477072635,35.616496975130005,,False,False,False,False,no_promotion_shadow_or_reject,False,False,False,"{""live_notional_fraction"": 0.5, ""parity"": true, ""recorded"": true, ""replay_notional_fraction"": 0.5, ""sizing_mode"": ""notional_fraction_equals_leverage_times_allocation_fraction""}",0,0,locked_oos_trade_event_count_0_below_20;locked_oos_return_not_positive;train_return_per_turnover_proxy_bps_7.195_not_above_10.000;locked_oos_return_per_turnover_proxy_bps_missing_not_above_10.000;shadow_universe_not_promotion_eligible,crypto_high_beta_alt,shadow_probe_only,"{""breadth_threshold"": 0.4, ""market_momentum_floor"": -0.02, ""panel_symbols"": [""BTCUSDT"", ""ETHUSDT"", ""SOLUSDT"", ""BNBUSDT"", ""TRXUSDT""], ""rank_top_n"": 2}",2.016787165156858,0.1916391727370732,0.02299545389821045,0.02299545389821045
140,a30fb_asset_diverse_rank_chandelier_1h_dogeusdt_lb12_top2_mom0p005_breadth0p4_adx18p0_trail2p0_hold8_5p0x_0p1_279b8503,cross_asset_rank_chandelier_breakout,DOGEUSDT,1h,long_short,12,0.005,0.0,8,2,top2_breadth_adx_trail2.0,False,,,,,5.0,0.1,0.5,0.2715932601509492,0.21904145639704953,0.0,0.18150845238789282,0.08299152509271368,0.0,0.8450863881101592,3.7750819561804856,0.0,755,123,0,4833,773,0,1.2399171582325526,0.05255180375389967,7.1945234477072635,35.616496975130005,,False,False,False,False,no_promotion_shadow_or_reject,False,False,False,"{""live_notional_fraction"": 0.5, ""parity"": true, ""recorded"": true, ""replay_notional_fraction"": 0.5, ""sizing_mode"": ""notional_fraction_equals_leverage_times_allocation_fraction""}",0,0,locked_oos_trade_event_count_0_below_20;locked_oos_return_not_positive;train_return_per_turnover_proxy_bps_7.195_not_above_10.000;locked_oos_return_per_turnover_proxy_bps_missing_not_above_10.000;shadow_universe_not_promotion_eligible,crypto_high_beta_alt,shadow_probe_only,"{""breadth_threshold"": 0.4, ""market_momentum_floor"": -0.02, ""panel_symbols"": [""BTCUSDT"", ""ETHUSDT"", ""SOLUSDT"", ""BNBUSDT"", ""TRXUSDT""], ""rank_top_n"": 2}",2.016787165156858,0.1916391727370732,0.02299545389821045,0.02299545389821045
141,a30fb_asset_diverse_rank_chandelier_1h_dogeusdt_lb12_top1_mom0p005_breadth0p4_adx12p0_trail2p0_hold8_4p0x_0p125_f24d6480,cross_asset_rank_chandelier_breakout,DOGEUSDT,1h,long_short,12,0.005,0.0,8,2,top1_breadth_adx_trail2.0,False,,,,,4.0,0.125,0.5,0.2577865578181111,0.21904145639704953,0.0,0.18150845238789282,0.08299152509271368,0.0,0.8143316414054849,3.7750819561804856,0.0,759,123,0,4855,773,0,1.1768847872835067,0.03874510142106158,6.792794672413995,35.616496975130005,,False,False,False,False,no_promotion_shadow_or_reject,False,False,False,"{""live_notional_fraction"": 0.5, ""parity"": true, ""recorded"": true, ""replay_notional_fraction"": 0.5, ""sizing_mode"": ""notional_fraction_equals_leverage_times_allocation_fraction""}",0,0,locked_oos_trade_event_count_0_below_20;locked_oos_return_not_positive;train_return_per_turnover_proxy_bps_6.793_not_above_10.000;locked_oos_return_per_turnover_proxy_bps_missing_not_above_10.000;shadow_universe_not_promotion_eligible,crypto_high_beta_alt,shadow_probe_only,"{""breadth_threshold"": 0.4, ""market_momentum_floor"": -0.02, ""panel_symbols"": [""BTCUSDT"", ""ETHUSDT"", ""SOLUSDT"", ""BNBUSDT"", ""TRXUSDT""], ""rank_top_n"": 1}",2.015242054482653,0.1916391727370732,0.02299545389821045,0.02299545389821045
142,a30fb_asset_diverse_rank_chandelier_1h_dogeusdt_lb12_top1_mom0p005_breadth0p4_adx12p0_trail2p0_hold8_5p0x_0p1_d4a6c7cf,cross_asset_rank_chandelier_breakout,DOGEUSDT,1h,long_short,12,0.005,0.0,8,2,top1_breadth_adx_trail2.0,False,,,,,5.0,0.1,0.5,0.2577865578181111,0.21904145639704953,0.0,0.18150845238789282,0.08299152509271368,0.0,0.8143316414054849,3.7750819561804856,0.0,759,123,0,4855,773,0,1.1768847872835067,0.03874510142106158,6.792794672413995,35.616496975130005,,False,False,False,False,no_promotion_shadow_or_reject,False,False,False,"{""live_notional_fraction"": 0.5, ""parity"": true, ""recorded"": true, ""replay_notional_fraction"": 0.5, ""sizing_mode"": ""notional_fraction_equals_leverage_times_allocation_fraction""}",0,0,locked_oos_trade_event_count_0_below_20;locked_oos_return_not_positive;train_return_per_turnover_proxy_bps_6.793_not_above_10.000;locked_oos_return_per_turnover_proxy_bps_missing_not_above_10.000;shadow_universe_not_promotion_eligible,crypto_high_beta_alt,shadow_probe_only,"{""breadth_threshold"": 0.4, ""market_momentum_floor"": -0.02, ""panel_symbols"": [""BTCUSDT"", ""ETHUSDT"", ""SOLUSDT"", ""BNBUSDT"", ""TRXUSDT""], ""rank_top_n"": 1}",2.015242054482653,0.1916391727370732,0.02299545389821045,0.02299545389821045
143,a30fb_asset_diverse_rank_chandelier_1h_dogeusdt_lb12_top2_mom0p005_breadth0p4_adx12p0_trail2p0_hold8_4p0x_0p125_66566585,cross_asset_rank_chandelier_breakout,DOGEUSDT,1h,long_short,12,0.005,0.0,8,2,top2_breadth_adx_trail2.0,False,,,,,4.0,0.125,0.5,0.2577865578181111,0.21904145639704953,0.0,0.18150845238789282,0.08299152509271368,0.0,0.8143316414054849,3.7750819561804856,0.0,759,123,0,4855,773,0,1.1768847872835067,0.03874510142106158,6.792794672413995,35.616496975130005,,False,False,False,False,no_promotion_shadow_or_reject,False,False,False,"{""live_notional_fraction"": 0.5, ""parity"": true, ""recorded"": true, ""replay_notional_fraction"": 0.5, ""sizing_mode"": ""notional_fraction_equals_leverage_times_allocation_fraction""}",0,0,locked_oos_trade_event_count_0_below_20;locked_oos_return_not_positive;train_return_per_turnover_proxy_bps_6.793_not_above_10.000;locked_oos_return_per_turnover_proxy_bps_missing_not_above_10.000;shadow_universe_not_promotion_eligible,crypto_high_beta_alt,shadow_probe_only,"{""breadth_threshold"": 0.4, ""market_momentum_floor"": -0.02, ""panel_symbols"": [""BTCUSDT"", ""ETHUSDT"", ""SOLUSDT"", ""BNBUSDT"", ""TRXUSDT""], ""rank_top_n"": 2}",2.015242054482653,0.1916391727370732,0.02299545389821045,0.02299545389821045
144,a30fb_asset_diverse_rank_chandelier_1h_dogeusdt_lb12_top2_mom0p005_breadth0p4_adx12p0_trail2p0_hold8_5p0x_0p1_e3b72985,cross_asset_rank_chandelier_breakout,DOGEUSDT,1h,long_short,12,0.005,0.0,8,2,top2_breadth_adx_trail2.0,False,,,,,5.0,0.1,0.5,0.2577865578181111,0.21904145639704953,0.0,0.18150845238789282,0.08299152509271368,0.0,0.8143316414054849,3.7750819561804856,0.0,759,123,0,4855,773,0,1.1768847872835067,0.03874510142106158,6.792794672413995,35.616496975130005,,False,False,False,False,no_promotion_shadow_or_reject,False,False,False,"{""live_notional_fraction"": 0.5, ""parity"": true, ""recorded"": true, ""replay_notional_fraction"": 0.5, ""sizing_mode"": ""notional_fraction_equals_leverage_times_allocation_fraction""}",0,0,locked_oos_trade_event_count_0_below_20;locked_oos_return_not_positive;train_return_per_turnover_proxy_bps_6.793_not_above_10.000;locked_oos_return_per_turnover_proxy_bps_missing_not_above_10.000;shadow_universe_not_promotion_eligible,crypto_high_beta_alt,shadow_probe_only,"{""breadth_threshold"": 0.4, ""market_momentum_floor"": -0.02, ""panel_symbols"": [""BTCUSDT"", ""ETHUSDT"", ""SOLUSDT"", ""BNBUSDT"", ""TRXUSDT""], ""rank_top_n"": 2}",2.015242054482653,0.1916391727370732,0.02299545389821045,0.02299545389821045
145,a30fb_asset_diverse_breadth_pullback_12h_ethusdt_fast8_slow40_z-0p25_hold6_4p0x_0p125_868344a5,breadth_regime_pullback_reclaim,ETHUSDT,12h,long_short,40,-0.25,0.0,6,2,cross_asset_breadth_regime_ema_reclaim,False,,,,,4.0,0.125,0.5,0.2547104196089083,0.17492252768751526,-0.009869906561288722,0.1505357836402822,0.08120879800316938,0.041458010404350265,1.029850120953817,2.617986731109874,-0.4931325181367159,36,9,4,286,73,37,1.4561327404548345,0.07978789192139302,141.50578867161573,388.7167281944783,-49.349532806443605,False,False,False,False,no_promotion_shadow_or_reject,False,False,False,"{""live_notional_fraction"": 0.5, ""parity"": true, ""recorded"": true, ""replay_notional_fraction"": 0.5, ""sizing_mode"": ""notional_fraction_equals_leverage_times_allocation_fraction""}",0,0,train_trade_event_count_36_below_80;validation_trade_event_count_9_below_30;locked_oos_trade_event_count_4_below_20;locked_oos_return_not_positive;locked_oos_return_per_turnover_proxy_bps_-49.350_not_above_10.000,crypto_major,promotion_eligible,"{""long_breadth_floor"": 0.6, ""panel_symbols"": [""BTCUSDT"", ""ETHUSDT"", ""SOLUSDT"", ""BNBUSDT"", ""TRXUSDT""], ""short_breadth_ceiling"": 0.4}",2.007374480891917,0.194370768323475,-0.016283252363299194,-0.016283252363299194
146,a30fb_asset_diverse_breadth_pullback_12h_ethusdt_fast8_slow40_z-0p25_hold6_5p0x_0p1_c972afe8,breadth_regime_pullback_reclaim,ETHUSDT,12h,long_short,40,-0.25,0.0,6,2,cross_asset_breadth_regime_ema_reclaim,False,,,,,5.0,0.1,0.5,0.2547104196089083,0.17492252768751526,-0.009869906561288722,0.1505357836402822,0.08120879800316938,0.041458010404350265,1.029850120953817,2.617986731109874,-0.4931325181367159,36,9,4,286,73,37,1.4561327404548345,0.07978789192139302,141.50578867161573,388.7167281944783,-49.349532806443605,False,False,False,False,no_promotion_shadow_or_reject,False,False,False,"{""live_notional_fraction"": 0.5, ""parity"": true, ""recorded"": true, ""replay_notional_fraction"": 0.5, ""sizing_mode"": ""notional_fraction_equals_leverage_times_allocation_fraction""}",0,0,train_trade_event_count_36_below_80;validation_trade_event_count_9_below_30;locked_oos_trade_event_count_4_below_20;locked_oos_return_not_positive;locked_oos_return_per_turnover_proxy_bps_-49.350_not_above_10.000,crypto_major,promotion_eligible,"{""long_breadth_floor"": 0.6, ""panel_symbols"": [""BTCUSDT"", ""ETHUSDT"", ""SOLUSDT"", ""BNBUSDT"", ""TRXUSDT""], ""short_breadth_ceiling"": 0.4}",2.007374480891917,0.194370768323475,-0.016283252363299194,-0.016283252363299194
147,a30fb_asset_diverse_rank_chandelier_1h_xrpusdt_lb12_top1_mom0p015_breadth0p4_adx18p0_trail3p0_hold18_4p0x_0p125_058ea1fb,cross_asset_rank_chandelier_breakout,XRPUSDT,1h,long_short,12,0.015,0.0,18,2,top1_breadth_adx_trail3.0,False,,,,,4.0,0.125,0.5,0.4408167435157957,0.22149920872369555,0.0,0.26065009828441277,0.09636810529492945,0.0,1.2379909004984466,3.683347918103687,0.0,453,86,0,4694,938,0,1.9901504211045877,0.21931753479210014,19.462107881492084,51.511443889231515,,False,False,False,False,no_promotion_shadow_or_reject,False,False,False,"{""live_notional_fraction"": 0.5, ""parity"": true, ""recorded"": true, ""replay_notional_fraction"": 0.5, ""sizing_mode"": ""notional_fraction_equals_leverage_times_allocation_fraction""}",0,0,locked_oos_trade_event_count_0_below_20;locked_oos_return_not_positive;locked_oos_return_per_turnover_proxy_bps_missing_not_above_10.000;shadow_universe_not_promotion_eligible,crypto_payment_alt,shadow_probe_only,"{""breadth_threshold"": 0.4, ""market_momentum_floor"": -0.02, ""panel_symbols"": [""BTCUSDT"", ""ETHUSDT"", ""SOLUSDT"", ""BNBUSDT"", ""TRXUSDT""], ""rank_top_n"": 1}",1.9907974634921248,0.2892716433719844,-0.0525664509854854,-0.0525664509854854
148,a30fb_asset_diverse_rank_chandelier_1h_xrpusdt_lb12_top1_mom0p015_breadth0p4_adx18p0_trail3p0_hold18_5p0x_0p1_b2d66e83,cross_asset_rank_chandelier_breakout,XRPUSDT,1h,long_short,12,0.015,0.0,18,2,top1_breadth_adx_trail3.0,False,,,,,5.0,0.1,0.5,0.4408167435157957,0.22149920872369555,0.0,0.26065009828441277,0.09636810529492945,0.0,1.2379909004984466,3.683347918103687,0.0,453,86,0,4694,938,0,1.9901504211045877,0.21931753479210014,19.462107881492084,51.511443889231515,,False,False,False,False,no_promotion_shadow_or_reject,False,False,False,"{""live_notional_fraction"": 0.5, ""parity"": true, ""recorded"": true, ""replay_notional_fraction"": 0.5, ""sizing_mode"": ""notional_fraction_equals_leverage_times_allocation_fraction""}",0,0,locked_oos_trade_event_count_0_below_20;locked_oos_return_not_positive;locked_oos_return_per_turnover_proxy_bps_missing_not_above_10.000;shadow_universe_not_promotion_eligible,crypto_payment_alt,shadow_probe_only,"{""breadth_threshold"": 0.4, ""market_momentum_floor"": -0.02, ""panel_symbols"": [""BTCUSDT"", ""ETHUSDT"", ""SOLUSDT"", ""BNBUSDT"", ""TRXUSDT""], ""rank_top_n"": 1}",1.9907974634921248,0.2892716433719844,-0.0525664509854854,-0.0525664509854854
149,a30fb_asset_diverse_rank_chandelier_1h_xrpusdt_lb12_top2_mom0p015_breadth0p4_adx18p0_trail3p0_hold18_4p0x_0p125_2a42c419,cross_asset_rank_chandelier_breakout,XRPUSDT,1h,long_short,12,0.015,0.0,18,2,top2_breadth_adx_trail3.0,False,,,,,4.0,0.125,0.5,0.4408167435157957,0.22149920872369555,0.0,0.26065009828441277,0.09636810529492945,0.0,1.2379909004984466,3.683347918103687,0.0,453,86,0,4694,938,0,1.9901504211045877,0.21931753479210014,19.462107881492084,51.511443889231515,,False,False,False,False,no_promotion_shadow_or_reject,False,False,False,"{""live_notional_fraction"": 0.5, ""parity"": true, ""recorded"": true, ""replay_notional_fraction"": 0.5, ""sizing_mode"": ""notional_fraction_equals_leverage_times_allocation_fraction""}",0,0,locked_oos_trade_event_count_0_below_20;locked_oos_return_not_positive;locked_oos_return_per_turnover_proxy_bps_missing_not_above_10.000;shadow_universe_not_promotion_eligible,crypto_payment_alt,shadow_probe_only,"{""breadth_threshold"": 0.4, ""market_momentum_floor"": -0.02, ""panel_symbols"": [""BTCUSDT"", ""ETHUSDT"", ""SOLUSDT"", ""BNBUSDT"", ""TRXUSDT""], ""rank_top_n"": 2}",1.9907974634921248,0.2892716433719844,-0.0525664509854854,-0.0525664509854854
150,a30fb_asset_diverse_rank_chandelier_1h_xrpusdt_lb12_top2_mom0p015_breadth0p4_adx18p0_trail3p0_hold18_5p0x_0p1_e335a168,cross_asset_rank_chandelier_breakout,XRPUSDT,1h,long_short,12,0.015,0.0,18,2,top2_breadth_adx_trail3.0,False,,,,,5.0,0.1,0.5,0.4408167435157957,0.22149920872369555,0.0,0.26065009828441277,0.09636810529492945,0.0,1.2379909004984466,3.683347918103687,0.0,453,86,0,4694,938,0,1.9901504211045877,0.21931753479210014,19.462107881492084,51.511443889231515,,False,False,False,False,no_promotion_shadow_or_reject,False,False,False,"{""live_notional_fraction"": 0.5, ""parity"": true, ""recorded"": true, ""replay_notional_fraction"": 0.5, ""sizing_mode"": ""notional_fraction_equals_leverage_times_allocation_fraction""}",0,0,locked_oos_trade_event_count_0_below_20;locked_oos_return_not_positive;locked_oos_return_per_turnover_proxy_bps_missing_not_above_10.000;shadow_universe_not_promotion_eligible,crypto_payment_alt,shadow_probe_only,"{""breadth_threshold"": 0.4, ""market_momentum_floor"": -0.02, ""panel_symbols"": [""BTCUSDT"", ""ETHUSDT"", ""SOLUSDT"", ""BNBUSDT"", ""TRXUSDT""], ""rank_top_n"": 2}",1.9907974634921248,0.2892716433719844,-0.0525664509854854,-0.0525664509854854
151,a30fb_asset_diverse_rank_chandelier_1h_dogeusdt_lb12_top1_mom0p005_breadth0p4_adx18p0_trail3p0_hold8_4p0x_0p125_889ef854,cross_asset_rank_chandelier_breakout,DOGEUSDT,1h,long_short,12,0.005,0.0,8,2,top1_breadth_adx_trail3.0,False,,,,,4.0,0.125,0.5,0.276283031069571,0.21620254308565112,0.0,0.18150845238789282,0.08299152509271368,0.0,0.8551703458855886,3.7318090481722845,0.0,755,123,0,4838,774,0,1.2778898301863095,0.06008048798391985,7.31875578992241,35.15488505457742,,False,False,False,False,no_promotion_shadow_or_reject,False,False,False,"{""live_notional_fraction"": 0.5, ""parity"": true, ""recorded"": true, ""replay_notional_fraction"": 0.5, ""sizing_mode"": ""notional_fraction_equals_leverage_times_allocation_fraction""}",0,0,locked_oos_trade_event_count_0_below_20;locked_oos_return_not_positive;train_return_per_turnover_proxy_bps_7.319_not_above_10.000;locked_oos_return_per_turnover_proxy_bps_missing_not_above_10.000;shadow_universe_not_promotion_eligible,crypto_high_beta_alt,shadow_probe_only,"{""breadth_threshold"": 0.4, ""market_momentum_floor"": -0.02, ""panel_symbols"": [""BTCUSDT"", ""ETHUSDT"", ""SOLUSDT"", ""BNBUSDT"", ""TRXUSDT""], ""rank_top_n"": 1}",1.986172301582741,0.1916391727370732,0.020613094056113113,0.020613094056113113
152,a30fb_asset_diverse_rank_chandelier_1h_dogeusdt_lb12_top1_mom0p005_breadth0p4_adx18p0_trail3p0_hold8_5p0x_0p1_3704944a,cross_asset_rank_chandelier_breakout,DOGEUSDT,1h,long_short,12,0.005,0.0,8,2,top1_breadth_adx_trail3.0,False,,,,,5.0,0.1,0.5,0.276283031069571,0.21620254308565112,0.0,0.18150845238789282,0.08299152509271368,0.0,0.8551703458855886,3.7318090481722845,0.0,755,123,0,4838,774,0,1.2778898301863095,0.06008048798391985,7.31875578992241,35.15488505457742,,False,False,False,False,no_promotion_shadow_or_reject,False,False,False,"{""live_notional_fraction"": 0.5, ""parity"": true, ""recorded"": true, ""replay_notional_fraction"": 0.5, ""sizing_mode"": ""notional_fraction_equals_leverage_times_allocation_fraction""}",0,0,locked_oos_trade_event_count_0_below_20;locked_oos_return_not_positive;train_return_per_turnover_proxy_bps_7.319_not_above_10.000;locked_oos_return_per_turnover_proxy_bps_missing_not_above_10.000;shadow_universe_not_promotion_eligible,crypto_high_beta_alt,shadow_probe_only,"{""breadth_threshold"": 0.4, ""market_momentum_floor"": -0.02, ""panel_symbols"": [""BTCUSDT"", ""ETHUSDT"", ""SOLUSDT"", ""BNBUSDT"", ""TRXUSDT""], ""rank_top_n"": 1}",1.986172301582741,0.1916391727370732,0.020613094056113113,0.020613094056113113
153,a30fb_asset_diverse_rank_chandelier_1h_dogeusdt_lb12_top2_mom0p005_breadth0p4_adx18p0_trail3p0_hold8_4p0x_0p125_2e2b7270,cross_asset_rank_chandelier_breakout,DOGEUSDT,1h,long_short,12,0.005,0.0,8,2,top2_breadth_adx_trail3.0,False,,,,,4.0,0.125,0.5,0.276283031069571,0.21620254308565112,0.0,0.18150845238789282,0.08299152509271368,0.0,0.8551703458855886,3.7318090481722845,0.0,755,123,0,4838,774,0,1.2778898301863095,0.06008048798391985,7.31875578992241,35.15488505457742,,False,False,False,False,no_promotion_shadow_or_reject,False,False,False,"{""live_notional_fraction"": 0.5, ""parity"": true, ""recorded"": true, ""replay_notional_fraction"": 0.5, ""sizing_mode"": ""notional_fraction_equals_leverage_times_allocation_fraction""}",0,0,locked_oos_trade_event_count_0_below_20;locked_oos_return_not_positive;train_return_per_turnover_proxy_bps_7.319_not_above_10.000;locked_oos_return_per_turnover_proxy_bps_missing_not_above_10.000;shadow_universe_not_promotion_eligible,crypto_high_beta_alt,shadow_probe_only,"{""breadth_threshold"": 0.4, ""market_momentum_floor"": -0.02, ""panel_symbols"": [""BTCUSDT"", ""ETHUSDT"", ""SOLUSDT"", ""BNBUSDT"", ""TRXUSDT""], ""rank_top_n"": 2}",1.986172301582741,0.1916391727370732,0.020613094056113113,0.020613094056113113
154,a30fb_asset_diverse_rank_chandelier_1h_dogeusdt_lb12_top2_mom0p005_breadth0p4_adx18p0_trail3p0_hold8_5p0x_0p1_548d3d05,cross_asset_rank_chandelier_breakout,DOGEUSDT,1h,long_short,12,0.005,0.0,8,2,top2_breadth_adx_trail3.0,False,,,,,5.0,0.1,0.5,0.276283031069571,0.21620254308565112,0.0,0.18150845238789282,0.08299152509271368,0.0,0.8551703458855886,3.7318090481722845,0.0,755,123,0,4838,774,0,1.2778898301863095,0.06008048798391985,7.31875578992241,35.15488505457742,,False,False,False,False,no_promotion_shadow_or_reject,False,False,False,"{""live_notional_fraction"": 0.5, ""parity"": true, ""recorded"": true, ""replay_notional_fraction"": 0.5, ""sizing_mode"": ""notional_fraction_equals_leverage_times_allocation_fraction""}",0,0,locked_oos_trade_event_count_0_below_20;locked_oos_return_not_positive;train_return_per_turnover_proxy_bps_7.319_not_above_10.000;locked_oos_return_per_turnover_proxy_bps_missing_not_above_10.000;shadow_universe_not_promotion_eligible,crypto_high_beta_alt,shadow_probe_only,"{""breadth_threshold"": 0.4, ""market_momentum_floor"": -0.02, ""panel_symbols"": [""BTCUSDT"", ""ETHUSDT"", ""SOLUSDT"", ""BNBUSDT"", ""TRXUSDT""], ""rank_top_n"": 2}",1.986172301582741,0.1916391727370732,0.020613094056113113,0.020613094056113113
155,a30fb_asset_diverse_rank_chandelier_1h_xrpusdt_lb12_top1_mom0p005_breadth0p4_adx12p0_trail2p0_hold18_2p0x_0p15_80ae7c6d,cross_asset_rank_chandelier_breakout,XRPUSDT,1h,long_short,12,0.005,0.0,18,2,top1_breadth_adx_trail2.0,False,,,,,2.0,0.15,0.3,0.22266396539281064,0.18456356532139795,0.0,0.20297112873125656,0.03957446528071562,0.0,1.0606980563685238,4.8654430522103365,0.0,517,98,0,5334,1029,0,1.2064351108793594,0.03810040007141269,14.356155086577088,62.776722898434684,,False,False,False,False,no_promotion_shadow_or_reject,False,False,False,"{""live_notional_fraction"": 0.3, ""parity"": true, ""recorded"": true, ""replay_notional_fraction"": 0.3, ""sizing_mode"": ""notional_fraction_equals_leverage_times_allocation_fraction""}",0,0,locked_oos_trade_event_count_0_below_20;locked_oos_return_not_positive;locked_oos_return_per_turnover_proxy_bps_missing_not_above_10.000;shadow_universe_not_promotion_eligible,crypto_payment_alt,shadow_probe_only,"{""breadth_threshold"": 0.4, ""market_momentum_floor"": -0.02, ""panel_symbols"": [""BTCUSDT"", ""ETHUSDT"", ""SOLUSDT"", ""BNBUSDT"", ""TRXUSDT""], ""rank_top_n"": 1}",1.9847505134011678,0.16007628564181586,0.021108335704005166,0.021108335704005166
156,a30fb_asset_diverse_rank_chandelier_1h_xrpusdt_lb12_top2_mom0p005_breadth0p4_adx12p0_trail2p0_hold18_2p0x_0p15_d3d43e46,cross_asset_rank_chandelier_breakout,XRPUSDT,1h,long_short,12,0.005,0.0,18,2,top2_breadth_adx_trail2.0,False,,,,,2.0,0.15,0.3,0.22266396539281064,0.18456356532139795,0.0,0.20297112873125656,0.03957446528071562,0.0,1.0606980563685238,4.8654430522103365,0.0,517,98,0,5334,1029,0,1.2064351108793594,0.03810040007141269,14.356155086577088,62.776722898434684,,False,False,False,False,no_promotion_shadow_or_reject,False,False,False,"{""live_notional_fraction"": 0.3, ""parity"": true, ""recorded"": true, ""replay_notional_fraction"": 0.3, ""sizing_mode"": ""notional_fraction_equals_leverage_times_allocation_fraction""}",0,0,locked_oos_trade_event_count_0_below_20;locked_oos_return_not_positive;locked_oos_return_per_turnover_proxy_bps_missing_not_above_10.000;shadow_universe_not_promotion_eligible,crypto_payment_alt,shadow_probe_only,"{""breadth_threshold"": 0.4, ""market_momentum_floor"": -0.02, ""panel_symbols"": [""BTCUSDT"", ""ETHUSDT"", ""SOLUSDT"", ""BNBUSDT"", ""TRXUSDT""], ""rank_top_n"": 2}",1.9847505134011678,0.16007628564181586,0.021108335704005166,0.021108335704005166
157,a30fb_asset_diverse_rank_chandelier_1h_xrpusdt_lb12_top1_mom0p005_breadth0p4_adx12p0_trail2p0_hold18_3p0x_0p1_e285e342,cross_asset_rank_chandelier_breakout,XRPUSDT,1h,long_short,12,0.005,0.0,18,2,top1_breadth_adx_trail2.0,False,,,,,3.0,0.1,0.30000000000000004,0.22266396539281175,0.1845635653213975,0.0,0.20297112873125678,0.03957446528071584,0.0,1.0606980563685238,4.865443052210335,0.0,517,98,0,5334,1029,0,1.2064351108793683,0.03810040007141424,14.356155086577159,62.776722898434514,,False,False,False,False,no_promotion_shadow_or_reject,False,False,False,"{""live_notional_fraction"": 0.30000000000000004, ""parity"": true, ""recorded"": true, ""replay_notional_fraction"": 0.30000000000000004, ""sizing_mode"": ""notional_fraction_equals_leverage_times_allocation_fraction""}",0,0,locked_oos_trade_event_count_0_below_20;locked_oos_return_not_positive;locked_oos_return_per_turnover_proxy_bps_missing_not_above_10.000;shadow_universe_not_promotion_eligible,crypto_payment_alt,shadow_probe_only,"{""breadth_threshold"": 0.4, ""market_momentum_floor"": -0.02, ""panel_symbols"": [""BTCUSDT"", ""ETHUSDT"", ""SOLUSDT"", ""BNBUSDT"", ""TRXUSDT""], ""rank_top_n"": 1}",1.9847505134011625,0.16007628564181564,0.021108335704005166,0.021108335704005166
158,a30fb_asset_diverse_rank_chandelier_1h_xrpusdt_lb12_top2_mom0p005_breadth0p4_adx12p0_trail2p0_hold18_3p0x_0p1_6af10069,cross_asset_rank_chandelier_breakout,XRPUSDT,1h,long_short,12,0.005,0.0,18,2,top2_breadth_adx_trail2.0,False,,,,,3.0,0.1,0.30000000000000004,0.22266396539281175,0.1845635653213975,0.0,0.20297112873125678,0.03957446528071584,0.0,1.0606980563685238,4.865443052210335,0.0,517,98,0,5334,1029,0,1.2064351108793683,0.03810040007141424,14.356155086577159,62.776722898434514,,False,False,False,False,no_promotion_shadow_or_reject,False,False,False,"{""live_notional_fraction"": 0.30000000000000004, ""parity"": true, ""recorded"": true, ""replay_notional_fraction"": 0.30000000000000004, ""sizing_mode"": ""notional_fraction_equals_leverage_times_allocation_fraction""}",0,0,locked_oos_trade_event_count_0_below_20;locked_oos_return_not_positive;locked_oos_return_per_turnover_proxy_bps_missing_not_above_10.000;shadow_universe_not_promotion_eligible,crypto_payment_alt,shadow_probe_only,"{""breadth_threshold"": 0.4, ""market_momentum_floor"": -0.02, ""panel_symbols"": [""BTCUSDT"", ""ETHUSDT"", ""SOLUSDT"", ""BNBUSDT"", ""TRXUSDT""], ""rank_top_n"": 2}",1.9847505134011625,0.16007628564181564,0.021108335704005166,0.021108335704005166
159,a30fb_asset_diverse_rank_chandelier_1h_dogeusdt_lb12_top1_mom0p005_breadth0p4_adx12p0_trail3p0_hold8_4p0x_0p125_7f2caa3c,cross_asset_rank_chandelier_breakout,DOGEUSDT,1h,long_short,12,0.005,0.0,8,2,top1_breadth_adx_trail3.0,False,,,,,4.0,0.125,0.5,0.2624254081529944,0.21620254308565112,0.0,0.18150845238789282,0.08299152509271368,0.0,0.824410199236705,3.7318090481722845,0.0,759,123,0,4860,774,0,1.213794270907496,0.0462228650673433,6.915030517865466,35.15488505457742,,False,False,False,False,no_promotion_shadow_or_reject,False,False,False,"{""live_notional_fraction"": 0.5, ""parity"": true, ""recorded"": true, ""replay_notional_fraction"": 0.5, ""sizing_mode"": ""notional_fraction_equals_leverage_times_allocation_fraction""}",0,0,locked_oos_trade_event_count_0_below_20;locked_oos_return_not_positive;train_return_per_turnover_proxy_bps_6.915_not_above_10.000;locked_oos_return_per_turnover_proxy_bps_missing_not_above_10.000;shadow_universe_not_promotion_eligible,crypto_high_beta_alt,shadow_probe_only,"{""breadth_threshold"": 0.4, ""market_momentum_floor"": -0.02, ""panel_symbols"": [""BTCUSDT"", ""ETHUSDT"", ""SOLUSDT"", ""BNBUSDT"", ""TRXUSDT""], ""rank_top_n"": 1}",1.9846195120748298,0.1916391727370732,0.020613094056113113,0.020613094056113113
160,a30fb_asset_diverse_rank_chandelier_1h_dogeusdt_lb12_top1_mom0p005_breadth0p4_adx12p0_trail3p0_hold8_5p0x_0p1_2ad6e005,cross_asset_rank_chandelier_breakout,DOGEUSDT,1h,long_short,12,0.005,0.0,8,2,top1_breadth_adx_trail3.0,False,,,,,5.0,0.1,0.5,0.2624254081529944,0.21620254308565112,0.0,0.18150845238789282,0.08299152509271368,0.0,0.824410199236705,3.7318090481722845,0.0,759,123,0,4860,774,0,1.213794270907496,0.0462228650673433,6.915030517865466,35.15488505457742,,False,False,False,False,no_promotion_shadow_or_reject,False,False,False,"{""live_notional_fraction"": 0.5, ""parity"": true, ""recorded"": true, ""replay_notional_fraction"": 0.5, ""sizing_mode"": ""notional_fraction_equals_leverage_times_allocation_fraction""}",0,0,locked_oos_trade_event_count_0_below_20;locked_oos_return_not_positive;train_return_per_turnover_proxy_bps_6.915_not_above_10.000;locked_oos_return_per_turnover_proxy_bps_missing_not_above_10.000;shadow_universe_not_promotion_eligible,crypto_high_beta_alt,shadow_probe_only,"{""breadth_threshold"": 0.4, ""market_momentum_floor"": -0.02, ""panel_symbols"": [""BTCUSDT"", ""ETHUSDT"", ""SOLUSDT"", ""BNBUSDT"", ""TRXUSDT""], ""rank_top_n"": 1}",1.9846195120748298,0.1916391727370732,0.020613094056113113,0.020613094056113113
161,a30fb_asset_diverse_rank_chandelier_1h_dogeusdt_lb12_top2_mom0p005_breadth0p4_adx12p0_trail3p0_hold8_4p0x_0p125_0b970abd,cross_asset_rank_chandelier_breakout,DOGEUSDT,1h,long_short,12,0.005,0.0,8,2,top2_breadth_adx_trail3.0,False,,,,,4.0,0.125,0.5,0.2624254081529944,0.21620254308565112,0.0,0.18150845238789282,0.08299152509271368,0.0,0.824410199236705,3.7318090481722845,0.0,759,123,0,4860,774,0,1.213794270907496,0.0462228650673433,6.915030517865466,35.15488505457742,,False,False,False,False,no_promotion_shadow_or_reject,False,False,False,"{""live_notional_fraction"": 0.5, ""parity"": true, ""recorded"": true, ""replay_notional_fraction"": 0.5, ""sizing_mode"": ""notional_fraction_equals_leverage_times_allocation_fraction""}",0,0,locked_oos_trade_event_count_0_below_20;locked_oos_return_not_positive;train_return_per_turnover_proxy_bps_6.915_not_above_10.000;locked_oos_return_per_turnover_proxy_bps_missing_not_above_10.000;shadow_universe_not_promotion_eligible,crypto_high_beta_alt,shadow_probe_only,"{""breadth_threshold"": 0.4, ""market_momentum_floor"": -0.02, ""panel_symbols"": [""BTCUSDT"", ""ETHUSDT"", ""SOLUSDT"", ""BNBUSDT"", ""TRXUSDT""], ""rank_top_n"": 2}",1.9846195120748298,0.1916391727370732,0.020613094056113113,0.020613094056113113
162,a30fb_asset_diverse_rank_chandelier_1h_dogeusdt_lb12_top2_mom0p005_breadth0p4_adx12p0_trail3p0_hold8_5p0x_0p1_083d7269,cross_asset_rank_chandelier_breakout,DOGEUSDT,1h,long_short,12,0.005,0.0,8,2,top2_breadth_adx_trail3.0,False,,,,,5.0,0.1,0.5,0.2624254081529944,0.21620254308565112,0.0,0.18150845238789282,0.08299152509271368,0.0,0.824410199236705,3.7318090481722845,0.0,759,123,0,4860,774,0,1.213794270907496,0.0462228650673433,6.915030517865466,35.15488505457742,,False,False,False,False,no_promotion_shadow_or_reject,False,False,False,"{""live_notional_fraction"": 0.5, ""parity"": true, ""recorded"": true, ""replay_notional_fraction"": 0.5, ""sizing_mode"": ""notional_fraction_equals_leverage_times_allocation_fraction""}",0,0,locked_oos_trade_event_count_0_below_20;locked_oos_return_not_positive;train_return_per_turnover_proxy_bps_6.915_not_above_10.000;locked_oos_return_per_turnover_proxy_bps_missing_not_above_10.000;shadow_universe_not_promotion_eligible,crypto_high_beta_alt,shadow_probe_only,"{""breadth_threshold"": 0.4, ""market_momentum_floor"": -0.02, ""panel_symbols"": [""BTCUSDT"", ""ETHUSDT"", ""SOLUSDT"", ""BNBUSDT"", ""TRXUSDT""], ""rank_top_n"": 2}",1.9846195120748298,0.1916391727370732,0.020613094056113113,0.020613094056113113
163,a30fb_asset_diverse_rank_chandelier_2h_avaxusdt_lb12_top1_mom0p005_breadth0p4_adx12p0_trail2p0_hold12_4p0x_0p125_983df0f2,cross_asset_rank_chandelier_breakout,AVAXUSDT,2h,long_short,12,0.005,0.0,12,2,top1_breadth_adx_trail2.0,False,,,,,4.0,0.125,0.5,0.2044118494764573,0.18091594344497142,0.0,0.18637911605486523,0.050486558943848125,0.0,0.6857644144121658,3.430732917230288,0.0,359,57,0,2693,435,0,1.1298719481770414,0.02349590603148588,11.387846767490657,63.47927840174435,,False,False,False,False,no_promotion_shadow_or_reject,False,False,False,"{""live_notional_fraction"": 0.5, ""parity"": true, ""recorded"": true, ""replay_notional_fraction"": 0.5, ""sizing_mode"": ""notional_fraction_equals_leverage_times_allocation_fraction""}",0,0,locked_oos_trade_event_count_0_below_20;locked_oos_return_not_positive;locked_oos_return_per_turnover_proxy_bps_missing_not_above_10.000;shadow_universe_not_promotion_eligible,crypto_high_beta_alt,shadow_probe_only,"{""breadth_threshold"": 0.4, ""market_momentum_floor"": -0.02, ""panel_symbols"": [""BTCUSDT"", ""ETHUSDT"", ""SOLUSDT"", ""BNBUSDT"", ""TRXUSDT""], ""rank_top_n"": 1}",1.9786623680461162,0.11171266077582565,0.06224925298669448,0.06224925298669448
164,a30fb_asset_diverse_rank_chandelier_2h_avaxusdt_lb12_top1_mom0p005_breadth0p4_adx12p0_trail2p0_hold12_5p0x_0p1_3a9d022a,cross_asset_rank_chandelier_breakout,AVAXUSDT,2h,long_short,12,0.005,0.0,12,2,top1_breadth_adx_trail2.0,False,,,,,5.0,0.1,0.5,0.2044118494764573,0.18091594344497142,0.0,0.18637911605486523,0.050486558943848125,0.0,0.6857644144121658,3.430732917230288,0.0,359,57,0,2693,435,0,1.1298719481770414,0.02349590603148588,11.387846767490657,63.47927840174435,,False,False,False,False,no_promotion_shadow_or_reject,False,False,False,"{""live_notional_fraction"": 0.5, ""parity"": true, ""recorded"": true, ""replay_notional_fraction"": 0.5, ""sizing_mode"": ""notional_fraction_equals_leverage_times_allocation_fraction""}",0,0,locked_oos_trade_event_count_0_below_20;locked_oos_return_not_positive;locked_oos_return_per_turnover_proxy_bps_missing_not_above_10.000;shadow_universe_not_promotion_eligible,crypto_high_beta_alt,shadow_probe_only,"{""breadth_threshold"": 0.4, ""market_momentum_floor"": -0.02, ""panel_symbols"": [""BTCUSDT"", ""ETHUSDT"", ""SOLUSDT"", ""BNBUSDT"", ""TRXUSDT""], ""rank_top_n"": 1}",1.9786623680461162,0.11171266077582565,0.06224925298669448,0.06224925298669448
165,a30fb_asset_diverse_rank_chandelier_2h_avaxusdt_lb12_top2_mom0p005_breadth0p4_adx12p0_trail2p0_hold12_4p0x_0p125_f94f2409,cross_asset_rank_chandelier_breakout,AVAXUSDT,2h,long_short,12,0.005,0.0,12,2,top2_breadth_adx_trail2.0,False,,,,,4.0,0.125,0.5,0.2044118494764573,0.18091594344497142,0.0,0.18637911605486523,0.050486558943848125,0.0,0.6857644144121658,3.430732917230288,0.0,359,57,0,2693,435,0,1.1298719481770414,0.02349590603148588,11.387846767490657,63.47927840174435,,False,False,False,False,no_promotion_shadow_or_reject,False,False,False,"{""live_notional_fraction"": 0.5, ""parity"": true, ""recorded"": true, ""replay_notional_fraction"": 0.5, ""sizing_mode"": ""notional_fraction_equals_leverage_times_allocation_fraction""}",0,0,locked_oos_trade_event_count_0_below_20;locked_oos_return_not_positive;locked_oos_return_per_turnover_proxy_bps_missing_not_above_10.000;shadow_universe_not_promotion_eligible,crypto_high_beta_alt,shadow_probe_only,"{""breadth_threshold"": 0.4, ""market_momentum_floor"": -0.02, ""panel_symbols"": [""BTCUSDT"", ""ETHUSDT"", ""SOLUSDT"", ""BNBUSDT"", ""TRXUSDT""], ""rank_top_n"": 2}",1.9786623680461162,0.11171266077582565,0.06224925298669448,0.06224925298669448
166,a30fb_asset_diverse_rank_chandelier_2h_avaxusdt_lb12_top2_mom0p005_breadth0p4_adx12p0_trail2p0_hold12_5p0x_0p1_ccf034a0,cross_asset_rank_chandelier_breakout,AVAXUSDT,2h,long_short,12,0.005,0.0,12,2,top2_breadth_adx_trail2.0,False,,,,,5.0,0.1,0.5,0.2044118494764573,0.18091594344497142,0.0,0.18637911605486523,0.050486558943848125,0.0,0.6857644144121658,3.430732917230288,0.0,359,57,0,2693,435,0,1.1298719481770414,0.02349590603148588,11.387846767490657,63.47927840174435,,False,False,False,False,no_promotion_shadow_or_reject,False,False,False,"{""live_notional_fraction"": 0.5, ""parity"": true, ""recorded"": true, ""replay_notional_fraction"": 0.5, ""sizing_mode"": ""notional_fraction_equals_leverage_times_allocation_fraction""}",0,0,locked_oos_trade_event_count_0_below_20;locked_oos_return_not_positive;locked_oos_return_per_turnover_proxy_bps_missing_not_above_10.000;shadow_universe_not_promotion_eligible,crypto_high_beta_alt,shadow_probe_only,"{""breadth_threshold"": 0.4, ""market_momentum_floor"": -0.02, ""panel_symbols"": [""BTCUSDT"", ""ETHUSDT"", ""SOLUSDT"", ""BNBUSDT"", ""TRXUSDT""], ""rank_top_n"": 2}",1.9786623680461162,0.11171266077582565,0.06224925298669448,0.06224925298669448
167,a30fb_asset_diverse_rank_chandelier_2h_avaxusdt_lb12_top1_mom0p005_breadth0p4_adx12p0_trail3p0_hold12_4p0x_0p125_0f9897c4,cross_asset_rank_chandelier_breakout,AVAXUSDT,2h,long_short,12,0.005,0.0,12,2,top1_breadth_adx_trail3.0,False,,,,,4.0,0.125,0.5,0.1987971899260501,0.18091594344497142,0.0,0.18637911605486523,0.050486558943848125,0.0,0.6731488011465824,3.430732917230288,0.0,359,57,0,2694,435,0,1.0988373171572774,0.017881246481078694,11.07505236356825,63.47927840174435,,False,False,False,False,no_promotion_shadow_or_reject,False,False,False,"{""live_notional_fraction"": 0.5, ""parity"": true, ""recorded"": true, ""replay_notional_fraction"": 0.5, ""sizing_mode"": ""notional_fraction_equals_leverage_times_allocation_fraction""}",0,0,locked_oos_trade_event_count_0_below_20;locked_oos_return_not_positive;locked_oos_return_per_turnover_proxy_bps_missing_not_above_10.000;shadow_universe_not_promotion_eligible,crypto_high_beta_alt,shadow_probe_only,"{""breadth_threshold"": 0.4, ""market_momentum_floor"": -0.02, ""panel_symbols"": [""BTCUSDT"", ""ETHUSDT"", ""SOLUSDT"", ""BNBUSDT"", ""TRXUSDT""], ""rank_top_n"": 1}",1.9774593126464146,0.11171266077582565,0.06224925298669448,0.06224925298669448
168,a30fb_asset_diverse_rank_chandelier_2h_avaxusdt_lb12_top1_mom0p005_breadth0p4_adx12p0_trail3p0_hold12_5p0x_0p1_62fa5f95,cross_asset_rank_chandelier_breakout,AVAXUSDT,2h,long_short,12,0.005,0.0,12,2,top1_breadth_adx_trail3.0,False,,,,,5.0,0.1,0.5,0.1987971899260501,0.18091594344497142,0.0,0.18637911605486523,0.050486558943848125,0.0,0.6731488011465824,3.430732917230288,0.0,359,57,0,2694,435,0,1.0988373171572774,0.017881246481078694,11.07505236356825,63.47927840174435,,False,False,False,False,no_promotion_shadow_or_reject,False,False,False,"{""live_notional_fraction"": 0.5, ""parity"": true, ""recorded"": true, ""replay_notional_fraction"": 0.5, ""sizing_mode"": ""notional_fraction_equals_leverage_times_allocation_fraction""}",0,0,locked_oos_trade_event_count_0_below_20;locked_oos_return_not_positive;locked_oos_return_per_turnover_proxy_bps_missing_not_above_10.000;shadow_universe_not_promotion_eligible,crypto_high_beta_alt,shadow_probe_only,"{""breadth_threshold"": 0.4, ""market_momentum_floor"": -0.02, ""panel_symbols"": [""BTCUSDT"", ""ETHUSDT"", ""SOLUSDT"", ""BNBUSDT"", ""TRXUSDT""], ""rank_top_n"": 1}",1.9774593126464146,0.11171266077582565,0.06224925298669448,0.06224925298669448
169,a30fb_asset_diverse_rank_chandelier_2h_avaxusdt_lb12_top2_mom0p005_breadth0p4_adx12p0_trail3p0_hold12_4p0x_0p125_4f1b5b82,cross_asset_rank_chandelier_breakout,AVAXUSDT,2h,long_short,12,0.005,0.0,12,2,top2_breadth_adx_trail3.0,False,,,,,4.0,0.125,0.5,0.1987971899260501,0.18091594344497142,0.0,0.18637911605486523,0.050486558943848125,0.0,0.6731488011465824,3.430732917230288,0.0,359,57,0,2694,435,0,1.0988373171572774,0.017881246481078694,11.07505236356825,63.47927840174435,,False,False,False,False,no_promotion_shadow_or_reject,False,False,False,"{""live_notional_fraction"": 0.5, ""parity"": true, ""recorded"": true, ""replay_notional_fraction"": 0.5, ""sizing_mode"": ""notional_fraction_equals_leverage_times_allocation_fraction""}",0,0,locked_oos_trade_event_count_0_below_20;locked_oos_return_not_positive;locked_oos_return_per_turnover_proxy_bps_missing_not_above_10.000;shadow_universe_not_promotion_eligible,crypto_high_beta_alt,shadow_probe_only,"{""breadth_threshold"": 0.4, ""market_momentum_floor"": -0.02, ""panel_symbols"": [""BTCUSDT"", ""ETHUSDT"", ""SOLUSDT"", ""BNBUSDT"", ""TRXUSDT""], ""rank_top_n"": 2}",1.9774593126464146,0.11171266077582565,0.06224925298669448,0.06224925298669448
170,a30fb_asset_diverse_rank_chandelier_2h_avaxusdt_lb12_top2_mom0p005_breadth0p4_adx12p0_trail3p0_hold12_5p0x_0p1_cae89f4d,cross_asset_rank_chandelier_breakout,AVAXUSDT,2h,long_short,12,0.005,0.0,12,2,top2_breadth_adx_trail3.0,False,,,,,5.0,0.1,0.5,0.1987971899260501,0.18091594344497142,0.0,0.18637911605486523,0.050486558943848125,0.0,0.6731488011465824,3.430732917230288,0.0,359,57,0,2694,435,0,1.0988373171572774,0.017881246481078694,11.07505236356825,63.47927840174435,,False,False,False,False,no_promotion_shadow_or_reject,False,False,False,"{""live_notional_fraction"": 0.5, ""parity"": true, ""recorded"": true, ""replay_notional_fraction"": 0.5, ""sizing_mode"": ""notional_fraction_equals_leverage_times_allocation_fraction""}",0,0,locked_oos_trade_event_count_0_below_20;locked_oos_return_not_positive;locked_oos_return_per_turnover_proxy_bps_missing_not_above_10.000;shadow_universe_not_promotion_eligible,crypto_high_beta_alt,shadow_probe_only,"{""breadth_threshold"": 0.4, ""market_momentum_floor"": -0.02, ""panel_symbols"": [""BTCUSDT"", ""ETHUSDT"", ""SOLUSDT"", ""BNBUSDT"", ""TRXUSDT""], ""rank_top_n"": 2}",1.9774593126464146,0.11171266077582565,0.06224925298669448,0.06224925298669448
171,a30fb_asset_diverse_rank_chandelier_1h_xrpusdt_lb12_top1_mom0p005_breadth0p4_adx12p0_trail3p0_hold18_2p0x_0p15_f51f9272,cross_asset_rank_chandelier_breakout,XRPUSDT,1h,long_short,12,0.005,0.0,18,2,top1_breadth_adx_trail3.0,False,,,,,2.0,0.15,0.3,0.24764878770092769,0.18164552588116778,0.0,0.18949410052169324,0.03957446528071562,0.0,1.1551361748985158,4.7921056767536045,0.0,517,98,0,5354,1035,0,1.3633629922871822,0.0660032618197599,15.967039825978574,61.784192476587684,,False,False,False,False,no_promotion_shadow_or_reject,False,False,False,"{""live_notional_fraction"": 0.3, ""parity"": true, ""recorded"": true, ""replay_notional_fraction"": 0.3, ""sizing_mode"": ""notional_fraction_equals_leverage_times_allocation_fraction""}",0,0,locked_oos_trade_event_count_0_below_20;locked_oos_return_not_positive;locked_oos_return_per_turnover_proxy_bps_missing_not_above_10.000;shadow_universe_not_promotion_eligible,crypto_payment_alt,shadow_probe_only,"{""breadth_threshold"": 0.4, ""market_momentum_floor"": -0.02, ""panel_symbols"": [""BTCUSDT"", ""ETHUSDT"", ""SOLUSDT"", ""BNBUSDT"", ""TRXUSDT""], ""rank_top_n"": 1}",1.9565356996191559,0.15961169018935495,0.019001046538445143,0.019001046538445143
172,a30fb_asset_diverse_rank_chandelier_1h_xrpusdt_lb12_top2_mom0p005_breadth0p4_adx12p0_trail3p0_hold18_2p0x_0p15_38d1d0d8,cross_asset_rank_chandelier_breakout,XRPUSDT,1h,long_short,12,0.005,0.0,18,2,top2_breadth_adx_trail3.0,False,,,,,2.0,0.15,0.3,0.24764878770092769,0.18164552588116778,0.0,0.18949410052169324,0.03957446528071562,0.0,1.1551361748985158,4.7921056767536045,0.0,517,98,0,5354,1035,0,1.3633629922871822,0.0660032618197599,15.967039825978574,61.784192476587684,,False,False,False,False,no_promotion_shadow_or_reject,False,False,False,"{""live_notional_fraction"": 0.3, ""parity"": true, ""recorded"": true, ""replay_notional_fraction"": 0.3, ""sizing_mode"": ""notional_fraction_equals_leverage_times_allocation_fraction""}",0,0,locked_oos_trade_event_count_0_below_20;locked_oos_return_not_positive;locked_oos_return_per_turnover_proxy_bps_missing_not_above_10.000;shadow_universe_not_promotion_eligible,crypto_payment_alt,shadow_probe_only,"{""breadth_threshold"": 0.4, ""market_momentum_floor"": -0.02, ""panel_symbols"": [""BTCUSDT"", ""ETHUSDT"", ""SOLUSDT"", ""BNBUSDT"", ""TRXUSDT""], ""rank_top_n"": 2}",1.9565356996191559,0.15961169018935495,0.019001046538445143,0.019001046538445143
173,a30fb_asset_diverse_rank_chandelier_1h_xrpusdt_lb12_top1_mom0p005_breadth0p4_adx12p0_trail3p0_hold18_3p0x_0p1_e5afe960,cross_asset_rank_chandelier_breakout,XRPUSDT,1h,long_short,12,0.005,0.0,18,2,top1_breadth_adx_trail3.0,False,,,,,3.0,0.1,0.30000000000000004,0.24764878770093035,0.18164552588116778,0.0,0.18949410052169224,0.03957446528071584,0.0,1.1551361748985156,4.792105676753604,0.0,517,98,0,5354,1035,0,1.3633629922871968,0.06600326181976257,15.967039825978745,61.78419247658767,,False,False,False,False,no_promotion_shadow_or_reject,False,False,False,"{""live_notional_fraction"": 0.30000000000000004, ""parity"": true, ""recorded"": true, ""replay_notional_fraction"": 0.30000000000000004, ""sizing_mode"": ""notional_fraction_equals_leverage_times_allocation_fraction""}",0,0,locked_oos_trade_event_count_0_below_20;locked_oos_return_not_positive;locked_oos_return_per_turnover_proxy_bps_missing_not_above_10.000;shadow_universe_not_promotion_eligible,crypto_payment_alt,shadow_probe_only,"{""breadth_threshold"": 0.4, ""market_momentum_floor"": -0.02, ""panel_symbols"": [""BTCUSDT"", ""ETHUSDT"", ""SOLUSDT"", ""BNBUSDT"", ""TRXUSDT""], ""rank_top_n"": 1}",1.9565356996191556,0.15961169018935495,0.019001046538445143,0.019001046538445143
174,a30fb_asset_diverse_rank_chandelier_1h_xrpusdt_lb12_top2_mom0p005_breadth0p4_adx12p0_trail3p0_hold18_3p0x_0p1_dd4482aa,cross_asset_rank_chandelier_breakout,XRPUSDT,1h,long_short,12,0.005,0.0,18,2,top2_breadth_adx_trail3.0,False,,,,,3.0,0.1,0.30000000000000004,0.24764878770093035,0.18164552588116778,0.0,0.18949410052169224,0.03957446528071584,0.0,1.1551361748985156,4.792105676753604,0.0,517,98,0,5354,1035,0,1.3633629922871968,0.06600326181976257,15.967039825978745,61.78419247658767,,False,False,False,False,no_promotion_shadow_or_reject,False,False,False,"{""live_notional_fraction"": 0.30000000000000004, ""parity"": true, ""recorded"": true, ""replay_notional_fraction"": 0.30000000000000004, ""sizing_mode"": ""notional_fraction_equals_leverage_times_allocation_fraction""}",0,0,locked_oos_trade_event_count_0_below_20;locked_oos_return_not_positive;locked_oos_return_per_turnover_proxy_bps_missing_not_above_10.000;shadow_universe_not_promotion_eligible,crypto_payment_alt,shadow_probe_only,"{""breadth_threshold"": 0.4, ""market_momentum_floor"": -0.02, ""panel_symbols"": [""BTCUSDT"", ""ETHUSDT"", ""SOLUSDT"", ""BNBUSDT"", ""TRXUSDT""], ""rank_top_n"": 2}",1.9565356996191556,0.15961169018935495,0.019001046538445143,0.019001046538445143
175,a30fb_asset_diverse_rank_chandelier_1h_xrpusdt_lb12_top1_mom0p015_breadth0p6_adx18p0_trail2p0_hold18_4p0x_0p125_53981af5,cross_asset_rank_chandelier_breakout,XRPUSDT,1h,long_short,12,0.015,0.0,18,2,top1_breadth_adx_trail2.0,False,,,,,4.0,0.125,0.5,0.5744999248975664,0.20924826373096694,0.0,0.16544161317774142,0.09324564940617552,0.0,1.5091821477303216,3.550309788088852,0.0,445,84,0,4600,913,0,2.745542135710182,0.36525166116659946,25.820221343710852,49.821015174039744,,False,False,False,False,no_promotion_shadow_or_reject,False,False,False,"{""live_notional_fraction"": 0.5, ""parity"": true, ""recorded"": true, ""replay_notional_fraction"": 0.5, ""sizing_mode"": ""notional_fraction_equals_leverage_times_allocation_fraction""}",0,0,locked_oos_trade_event_count_0_below_20;locked_oos_return_not_positive;locked_oos_return_per_turnover_proxy_bps_missing_not_above_10.000;shadow_universe_not_promotion_eligible,crypto_payment_alt,shadow_probe_only,"{""breadth_threshold"": 0.6, ""market_momentum_floor"": -0.02, ""panel_symbols"": [""BTCUSDT"", ""ETHUSDT"", ""SOLUSDT"", ""BNBUSDT"", ""TRXUSDT""], ""rank_top_n"": 1}",1.9111720221303878,0.27194583254132954,-0.049292640619052586,-0.049292640619052586
176,a30fb_asset_diverse_rank_chandelier_1h_xrpusdt_lb12_top1_mom0p015_breadth0p6_adx18p0_trail2p0_hold18_5p0x_0p1_89bf6f0e,cross_asset_rank_chandelier_breakout,XRPUSDT,1h,long_short,12,0.015,0.0,18,2,top1_breadth_adx_trail2.0,False,,,,,5.0,0.1,0.5,0.5744999248975664,0.20924826373096694,0.0,0.16544161317774142,0.09324564940617552,0.0,1.5091821477303216,3.550309788088852,0.0,445,84,0,4600,913,0,2.745542135710182,0.36525166116659946,25.820221343710852,49.821015174039744,,False,False,False,False,no_promotion_shadow_or_reject,False,False,False,"{""live_notional_fraction"": 0.5, ""parity"": true, ""recorded"": true, ""replay_notional_fraction"": 0.5, ""sizing_mode"": ""notional_fraction_equals_leverage_times_allocation_fraction""}",0,0,locked_oos_trade_event_count_0_below_20;locked_oos_return_not_positive;locked_oos_return_per_turnover_proxy_bps_missing_not_above_10.000;shadow_universe_not_promotion_eligible,crypto_payment_alt,shadow_probe_only,"{""breadth_threshold"": 0.6, ""market_momentum_floor"": -0.02, ""panel_symbols"": [""BTCUSDT"", ""ETHUSDT"", ""SOLUSDT"", ""BNBUSDT"", ""TRXUSDT""], ""rank_top_n"": 1}",1.9111720221303878,0.27194583254132954,-0.049292640619052586,-0.049292640619052586
177,a30fb_asset_diverse_rank_chandelier_1h_xrpusdt_lb12_top2_mom0p015_breadth0p6_adx18p0_trail2p0_hold18_4p0x_0p125_002f1950,cross_asset_rank_chandelier_breakout,XRPUSDT,1h,long_short,12,0.015,0.0,18,2,top2_breadth_adx_trail2.0,False,,,,,4.0,0.125,0.5,0.5744999248975664,0.20924826373096694,0.0,0.16544161317774142,0.09324564940617552,0.0,1.5091821477303216,3.550309788088852,0.0,445,84,0,4600,913,0,2.745542135710182,0.36525166116659946,25.820221343710852,49.821015174039744,,False,False,False,False,no_promotion_shadow_or_reject,False,False,False,"{""live_notional_fraction"": 0.5, ""parity"": true, ""recorded"": true, ""replay_notional_fraction"": 0.5, ""sizing_mode"": ""notional_fraction_equals_leverage_times_allocation_fraction""}",0,0,locked_oos_trade_event_count_0_below_20;locked_oos_return_not_positive;locked_oos_return_per_turnover_proxy_bps_missing_not_above_10.000;shadow_universe_not_promotion_eligible,crypto_payment_alt,shadow_probe_only,"{""breadth_threshold"": 0.6, ""market_momentum_floor"": -0.02, ""panel_symbols"": [""BTCUSDT"", ""ETHUSDT"", ""SOLUSDT"", ""BNBUSDT"", ""TRXUSDT""], ""rank_top_n"": 2}",1.9111720221303878,0.27194583254132954,-0.049292640619052586,-0.049292640619052586
178,a30fb_asset_diverse_rank_chandelier_1h_xrpusdt_lb12_top2_mom0p015_breadth0p6_adx18p0_trail2p0_hold18_5p0x_0p1_44497d28,cross_asset_rank_chandelier_breakout,XRPUSDT,1h,long_short,12,0.015,0.0,18,2,top2_breadth_adx_trail2.0,False,,,,,5.0,0.1,0.5,0.5744999248975664,0.20924826373096694,0.0,0.16544161317774142,0.09324564940617552,0.0,1.5091821477303216,3.550309788088852,0.0,445,84,0,4600,913,0,2.745542135710182,0.36525166116659946,25.820221343710852,49.821015174039744,,False,False,False,False,no_promotion_shadow_or_reject,False,False,False,"{""live_notional_fraction"": 0.5, ""parity"": true, ""recorded"": true, ""replay_notional_fraction"": 0.5, ""sizing_mode"": ""notional_fraction_equals_leverage_times_allocation_fraction""}",0,0,locked_oos_trade_event_count_0_below_20;locked_oos_return_not_positive;locked_oos_return_per_turnover_proxy_bps_missing_not_above_10.000;shadow_universe_not_promotion_eligible,crypto_payment_alt,shadow_probe_only,"{""breadth_threshold"": 0.6, ""market_momentum_floor"": -0.02, ""panel_symbols"": [""BTCUSDT"", ""ETHUSDT"", ""SOLUSDT"", ""BNBUSDT"", ""TRXUSDT""], ""rank_top_n"": 2}",1.9111720221303878,0.27194583254132954,-0.049292640619052586,-0.049292640619052586
179,a30fb_asset_diverse_rank_chandelier_1h_xrpusdt_lb12_top1_mom0p015_breadth0p6_adx12p0_trail2p0_hold18_4p0x_0p125_04689425,cross_asset_rank_chandelier_breakout,XRPUSDT,1h,long_short,12,0.015,0.0,18,2,top1_breadth_adx_trail2.0,False,,,,,4.0,0.125,0.5,0.5646890442508163,0.20924826373096694,0.0,0.16544161317774142,0.09324564940617552,0.0,1.490391684677617,3.550309788088852,0.0,447,84,0,4619,913,0,2.6986558176503865,0.3554407805198494,25.26572904925353,49.821015174039744,,False,False,False,False,no_promotion_shadow_or_reject,False,False,False,"{""live_notional_fraction"": 0.5, ""parity"": true, ""recorded"": true, ""replay_notional_fraction"": 0.5, ""sizing_mode"": ""notional_fraction_equals_leverage_times_allocation_fraction""}",0,0,locked_oos_trade_event_count_0_below_20;locked_oos_return_not_positive;locked_oos_return_per_turnover_proxy_bps_missing_not_above_10.000;shadow_universe_not_promotion_eligible,crypto_payment_alt,shadow_probe_only,"{""breadth_threshold"": 0.6, ""market_momentum_floor"": -0.02, ""panel_symbols"": [""BTCUSDT"", ""ETHUSDT"", ""SOLUSDT"", ""BNBUSDT"", ""TRXUSDT""], ""rank_top_n"": 1}",1.9090393594593982,0.27194583254132954,-0.049292640619052586,-0.049292640619052586
180,a30fb_asset_diverse_rank_chandelier_1h_xrpusdt_lb12_top1_mom0p015_breadth0p6_adx12p0_trail2p0_hold18_5p0x_0p1_ce0692bf,cross_asset_rank_chandelier_breakout,XRPUSDT,1h,long_short,12,0.015,0.0,18,2,top1_breadth_adx_trail2.0,False,,,,,5.0,0.1,0.5,0.5646890442508163,0.20924826373096694,0.0,0.16544161317774142,0.09324564940617552,0.0,1.490391684677617,3.550309788088852,0.0,447,84,0,4619,913,0,2.6986558176503865,0.3554407805198494,25.26572904925353,49.821015174039744,,False,False,False,False,no_promotion_shadow_or_reject,False,False,False,"{""live_notional_fraction"": 0.5, ""parity"": true, ""recorded"": true, ""replay_notional_fraction"": 0.5, ""sizing_mode"": ""notional_fraction_equals_leverage_times_allocation_fraction""}",0,0,locked_oos_trade_event_count_0_below_20;locked_oos_return_not_positive;locked_oos_return_per_turnover_proxy_bps_missing_not_above_10.000;shadow_universe_not_promotion_eligible,crypto_payment_alt,shadow_probe_only,"{""breadth_threshold"": 0.6, ""market_momentum_floor"": -0.02, ""panel_symbols"": [""BTCUSDT"", ""ETHUSDT"", ""SOLUSDT"", ""BNBUSDT"", ""TRXUSDT""], ""rank_top_n"": 1}",1.9090393594593982,0.27194583254132954,-0.049292640619052586,-0.049292640619052586
181,a30fb_asset_diverse_rank_chandelier_1h_xrpusdt_lb12_top2_mom0p015_breadth0p6_adx12p0_trail2p0_hold18_4p0x_0p125_2ed52510,cross_asset_rank_chandelier_breakout,XRPUSDT,1h,long_short,12,0.015,0.0,18,2,top2_breadth_adx_trail2.0,False,,,,,4.0,0.125,0.5,0.5646890442508163,0.20924826373096694,0.0,0.16544161317774142,0.09324564940617552,0.0,1.490391684677617,3.550309788088852,0.0,447,84,0,4619,913,0,2.6986558176503865,0.3554407805198494,25.26572904925353,49.821015174039744,,False,False,False,False,no_promotion_shadow_or_reject,False,False,False,"{""live_notional_fraction"": 0.5, ""parity"": true, ""recorded"": true, ""replay_notional_fraction"": 0.5, ""sizing_mode"": ""notional_fraction_equals_leverage_times_allocation_fraction""}",0,0,locked_oos_trade_event_count_0_below_20;locked_oos_return_not_positive;locked_oos_return_per_turnover_proxy_bps_missing_not_above_10.000;shadow_universe_not_promotion_eligible,crypto_payment_alt,shadow_probe_only,"{""breadth_threshold"": 0.6, ""market_momentum_floor"": -0.02, ""panel_symbols"": [""BTCUSDT"", ""ETHUSDT"", ""SOLUSDT"", ""BNBUSDT"", ""TRXUSDT""], ""rank_top_n"": 2}",1.9090393594593982,0.27194583254132954,-0.049292640619052586,-0.049292640619052586
182,a30fb_asset_diverse_rank_chandelier_1h_xrpusdt_lb12_top2_mom0p015_breadth0p6_adx12p0_trail2p0_hold18_5p0x_0p1_79630da5,cross_asset_rank_chandelier_breakout,XRPUSDT,1h,long_short,12,0.015,0.0,18,2,top2_breadth_adx_trail2.0,False,,,,,5.0,0.1,0.5,0.5646890442508163,0.20924826373096694,0.0,0.16544161317774142,0.09324564940617552,0.0,1.490391684677617,3.550309788088852,0.0,447,84,0,4619,913,0,2.6986558176503865,0.3554407805198494,25.26572904925353,49.821015174039744,,False,False,False,False,no_promotion_shadow_or_reject,False,False,False,"{""live_notional_fraction"": 0.5, ""parity"": true, ""recorded"": true, ""replay_notional_fraction"": 0.5, ""sizing_mode"": ""notional_fraction_equals_leverage_times_allocation_fraction""}",0,0,locked_oos_trade_event_count_0_below_20;locked_oos_return_not_positive;locked_oos_return_per_turnover_proxy_bps_missing_not_above_10.000;shadow_universe_not_promotion_eligible,crypto_payment_alt,shadow_probe_only,"{""breadth_threshold"": 0.6, ""market_momentum_floor"": -0.02, ""panel_symbols"": [""BTCUSDT"", ""ETHUSDT"", ""SOLUSDT"", ""BNBUSDT"", ""TRXUSDT""], ""rank_top_n"": 2}",1.9090393594593982,0.27194583254132954,-0.049292640619052586,-0.049292640619052586
183,a30fb_asset_diverse_rank_chandelier_1h_xrpusdt_lb12_top1_mom0p005_breadth0p4_adx18p0_trail2p0_hold18_2p0x_0p15_dc43ae41,cross_asset_rank_chandelier_breakout,XRPUSDT,1h,long_short,12,0.005,0.0,18,2,top1_breadth_adx_trail2.0,False,,,,,2.0,0.15,0.3,0.2246146713957069,0.17668867428164403,0.0,0.20671120082449368,0.03957446528071529,0.0,1.0689773793693877,4.715342090674057,0.0,515,98,0,5324,1026,0,1.2712454395218802,0.04792599711406287,14.538166433379088,60.098188531171445,,False,False,False,False,no_promotion_shadow_or_reject,False,False,False,"{""live_notional_fraction"": 0.3, ""parity"": true, ""recorded"": true, ""replay_notional_fraction"": 0.3, ""sizing_mode"": ""notional_fraction_equals_leverage_times_allocation_fraction""}",0,0,locked_oos_trade_event_count_0_below_20;locked_oos_return_not_positive;locked_oos_return_per_turnover_proxy_bps_missing_not_above_10.000;shadow_universe_not_promotion_eligible,crypto_payment_alt,shadow_probe_only,"{""breadth_threshold"": 0.4, ""market_momentum_floor"": -0.02, ""panel_symbols"": [""BTCUSDT"", ""ETHUSDT"", ""SOLUSDT"", ""BNBUSDT"", ""TRXUSDT""], ""rank_top_n"": 1}",1.8996957912001338,0.15236418422769327,0.021108335704005166,0.021108335704005166
184,a30fb_asset_diverse_rank_chandelier_1h_xrpusdt_lb12_top2_mom0p005_breadth0p4_adx18p0_trail2p0_hold18_2p0x_0p15_3cbd9bfc,cross_asset_rank_chandelier_breakout,XRPUSDT,1h,long_short,12,0.005,0.0,18,2,top2_breadth_adx_trail2.0,False,,,,,2.0,0.15,0.3,0.2246146713957069,0.17668867428164403,0.0,0.20671120082449368,0.03957446528071529,0.0,1.0689773793693877,4.715342090674057,0.0,515,98,0,5324,1026,0,1.2712454395218802,0.04792599711406287,14.538166433379088,60.098188531171445,,False,False,False,False,no_promotion_shadow_or_reject,False,False,False,"{""live_notional_fraction"": 0.3, ""parity"": true, ""recorded"": true, ""replay_notional_fraction"": 0.3, ""sizing_mode"": ""notional_fraction_equals_leverage_times_allocation_fraction""}",0,0,locked_oos_trade_event_count_0_below_20;locked_oos_return_not_positive;locked_oos_return_per_turnover_proxy_bps_missing_not_above_10.000;shadow_universe_not_promotion_eligible,crypto_payment_alt,shadow_probe_only,"{""breadth_threshold"": 0.4, ""market_momentum_floor"": -0.02, ""panel_symbols"": [""BTCUSDT"", ""ETHUSDT"", ""SOLUSDT"", ""BNBUSDT"", ""TRXUSDT""], ""rank_top_n"": 2}",1.8996957912001338,0.15236418422769327,0.021108335704005166,0.021108335704005166
185,a30fb_asset_diverse_rank_chandelier_1h_xrpusdt_lb12_top1_mom0p005_breadth0p4_adx18p0_trail2p0_hold18_3p0x_0p1_e5d59343,cross_asset_rank_chandelier_breakout,XRPUSDT,1h,long_short,12,0.005,0.0,18,2,top1_breadth_adx_trail2.0,False,,,,,3.0,0.1,0.30000000000000004,0.2246146713957078,0.1766886742816436,0.0,0.206711200824494,0.03957446528071551,0.0,1.0689773793693875,4.715342090674057,0.0,515,98,0,5324,1026,0,1.2712454395218884,0.0479259971140642,14.538166433379141,60.098188531171274,,False,False,False,False,no_promotion_shadow_or_reject,False,False,False,"{""live_notional_fraction"": 0.30000000000000004, ""parity"": true, ""recorded"": true, ""replay_notional_fraction"": 0.30000000000000004, ""sizing_mode"": ""notional_fraction_equals_leverage_times_allocation_fraction""}",0,0,locked_oos_trade_event_count_0_below_20;locked_oos_return_not_positive;locked_oos_return_per_turnover_proxy_bps_missing_not_above_10.000;shadow_universe_not_promotion_eligible,crypto_payment_alt,shadow_probe_only,"{""breadth_threshold"": 0.4, ""market_momentum_floor"": -0.02, ""panel_symbols"": [""BTCUSDT"", ""ETHUSDT"", ""SOLUSDT"", ""BNBUSDT"", ""TRXUSDT""], ""rank_top_n"": 1}",1.8996957912001284,0.15236418422769282,0.021108335704005166,0.021108335704005166
186,a30fb_asset_diverse_rank_chandelier_1h_xrpusdt_lb12_top2_mom0p005_breadth0p4_adx18p0_trail2p0_hold18_3p0x_0p1_2de28d50,cross_asset_rank_chandelier_breakout,XRPUSDT,1h,long_short,12,0.005,0.0,18,2,top2_breadth_adx_trail2.0,False,,,,,3.0,0.1,0.30000000000000004,0.2246146713957078,0.1766886742816436,0.0,0.206711200824494,0.03957446528071551,0.0,1.0689773793693875,4.715342090674057,0.0,515,98,0,5324,1026,0,1.2712454395218884,0.0479259971140642,14.538166433379141,60.098188531171274,,False,False,False,False,no_promotion_shadow_or_reject,False,False,False,"{""live_notional_fraction"": 0.30000000000000004, ""parity"": true, ""recorded"": true, ""replay_notional_fraction"": 0.30000000000000004, ""sizing_mode"": ""notional_fraction_equals_leverage_times_allocation_fraction""}",0,0,locked_oos_trade_event_count_0_below_20;locked_oos_return_not_positive;locked_oos_return_per_turnover_proxy_bps_missing_not_above_10.000;shadow_universe_not_promotion_eligible,crypto_payment_alt,shadow_probe_only,"{""breadth_threshold"": 0.4, ""market_momentum_floor"": -0.02, ""panel_symbols"": [""BTCUSDT"", ""ETHUSDT"", ""SOLUSDT"", ""BNBUSDT"", ""TRXUSDT""], ""rank_top_n"": 2}",1.8996957912001284,0.15236418422769282,0.021108335704005166,0.021108335704005166
187,a30fb_asset_diverse_breadth_pullback_12h_ethusdt_fast6_slow30_z-0p5_hold6_4p0x_0p125_12feb5a6,breadth_regime_pullback_reclaim,ETHUSDT,12h,long_short,30,-0.5,0.0,6,2,cross_asset_breadth_regime_ema_reclaim,False,,,,,4.0,0.125,0.5,0.15924023337511106,0.2168531332353607,-0.040781941889826534,0.1925041130257591,0.07795514516076707,0.05046223060311916,0.7649891146814924,3.2573292053378284,-3.079002349017644,36,6,6,260,56,31,0.7343229539703274,-0.057612899860249644,88.46679631950614,722.8437774512023,-135.93980629942178,False,False,False,False,no_promotion_shadow_or_reject,False,False,False,"{""live_notional_fraction"": 0.5, ""parity"": true, ""recorded"": true, ""replay_notional_fraction"": 0.5, ""sizing_mode"": ""notional_fraction_equals_leverage_times_allocation_fraction""}",0,0,train_trade_event_count_36_below_80;validation_trade_event_count_6_below_30;locked_oos_trade_event_count_6_below_20;train_return_below_validation_return;train_validation_return_ratio_0.7343_below_1.00;locked_oos_return_not_positive;locked_oos_return_per_turnover_proxy_bps_-135.940_not_above_10.000,crypto_major,promotion_eligible,"{""long_breadth_floor"": 0.6, ""panel_symbols"": [""BTCUSDT"", ""ETHUSDT"", ""SOLUSDT"", ""BNBUSDT"", ""TRXUSDT""], ""short_breadth_ceiling"": 0.4}",1.8790869605250933,0.19590360152883513,0.017517742801128833,0.017517742801128833
188,a30fb_asset_diverse_breadth_pullback_12h_ethusdt_fast6_slow30_z-0p5_hold6_5p0x_0p1_071f891c,breadth_regime_pullback_reclaim,ETHUSDT,12h,long_short,30,-0.5,0.0,6,2,cross_asset_breadth_regime_ema_reclaim,False,,,,,5.0,0.1,0.5,0.15924023337511106,0.2168531332353607,-0.040781941889826534,0.1925041130257591,0.07795514516076707,0.05046223060311916,0.7649891146814924,3.2573292053378284,-3.079002349017644,36,6,6,260,56,31,0.7343229539703274,-0.057612899860249644,88.46679631950614,722.8437774512023,-135.93980629942178,False,False,False,False,no_promotion_shadow_or_reject,False,False,False,"{""live_notional_fraction"": 0.5, ""parity"": true, ""recorded"": true, ""replay_notional_fraction"": 0.5, ""sizing_mode"": ""notional_fraction_equals_leverage_times_allocation_fraction""}",0,0,train_trade_event_count_36_below_80;validation_trade_event_count_6_below_30;locked_oos_trade_event_count_6_below_20;train_return_below_validation_return;train_validation_return_ratio_0.7343_below_1.00;locked_oos_return_not_positive;locked_oos_return_per_turnover_proxy_bps_-135.940_not_above_10.000,crypto_major,promotion_eligible,"{""long_breadth_floor"": 0.6, ""panel_symbols"": [""BTCUSDT"", ""ETHUSDT"", ""SOLUSDT"", ""BNBUSDT"", ""TRXUSDT""], ""short_breadth_ceiling"": 0.4}",1.8790869605250933,0.19590360152883513,0.017517742801128833,0.017517742801128833
189,a30fb_asset_diverse_rank_chandelier_1h_xrpusdt_lb12_top1_mom0p005_breadth0p4_adx18p0_trail3p0_hold18_3p0x_0p1_9421da35,cross_asset_rank_chandelier_breakout,XRPUSDT,1h,long_short,12,0.005,0.0,18,2,top1_breadth_adx_trail3.0,False,,,,,3.0,0.1,0.30000000000000004,0.2591134422443593,0.173790033751956,0.0,0.18949410052169224,0.0395744652807164,0.0,1.1997391686285819,4.641492289750277,0.0,515,98,0,5343,1032,0,1.490956855524766,0.08532340849240327,16.77109658539542,59.112256378216316,,False,False,False,False,no_promotion_shadow_or_reject,False,False,False,"{""live_notional_fraction"": 0.30000000000000004, ""parity"": true, ""recorded"": true, ""replay_notional_fraction"": 0.30000000000000004, ""sizing_mode"": ""notional_fraction_equals_leverage_times_allocation_fraction""}",0,0,locked_oos_trade_event_count_0_below_20;locked_oos_return_not_positive;locked_oos_return_per_turnover_proxy_bps_missing_not_above_10.000;shadow_universe_not_promotion_eligible,crypto_payment_alt,shadow_probe_only,"{""breadth_threshold"": 0.4, ""market_momentum_floor"": -0.02, ""panel_symbols"": [""BTCUSDT"", ""ETHUSDT"", ""SOLUSDT"", ""BNBUSDT"", ""TRXUSDT""], ""rank_top_n"": 1}",1.8740847070186089,0.1519026773714629,0.019001046538445143,0.019001046538445143
190,a30fb_asset_diverse_rank_chandelier_1h_xrpusdt_lb12_top2_mom0p005_breadth0p4_adx18p0_trail3p0_hold18_3p0x_0p1_79cb922a,cross_asset_rank_chandelier_breakout,XRPUSDT,1h,long_short,12,0.005,0.0,18,2,top2_breadth_adx_trail3.0,False,,,,,3.0,0.1,0.30000000000000004,0.2591134422443593,0.173790033751956,0.0,0.18949410052169224,0.0395744652807164,0.0,1.1997391686285819,4.641492289750277,0.0,515,98,0,5343,1032,0,1.490956855524766,0.08532340849240327,16.77109658539542,59.112256378216316,,False,False,False,False,no_promotion_shadow_or_reject,False,False,False,"{""live_notional_fraction"": 0.30000000000000004, ""parity"": true, ""recorded"": true, ""replay_notional_fraction"": 0.30000000000000004, ""sizing_mode"": ""notional_fraction_equals_leverage_times_allocation_fraction""}",0,0,locked_oos_trade_event_count_0_below_20;locked_oos_return_not_positive;locked_oos_return_per_turnover_proxy_bps_missing_not_above_10.000;shadow_universe_not_promotion_eligible,crypto_payment_alt,shadow_probe_only,"{""breadth_threshold"": 0.4, ""market_momentum_floor"": -0.02, ""panel_symbols"": [""BTCUSDT"", ""ETHUSDT"", ""SOLUSDT"", ""BNBUSDT"", ""TRXUSDT""], ""rank_top_n"": 2}",1.8740847070186089,0.1519026773714629,0.019001046538445143,0.019001046538445143
191,a30fb_asset_diverse_rank_chandelier_1h_xrpusdt_lb12_top1_mom0p005_breadth0p4_adx18p0_trail3p0_hold18_2p0x_0p15_2c3dcbad,cross_asset_rank_chandelier_breakout,XRPUSDT,1h,long_short,12,0.005,0.0,18,2,top1_breadth_adx_trail3.0,False,,,,,2.0,0.15,0.3,0.25911344224435684,0.173790033751956,0.0,0.18949410052169324,0.039574465280716176,0.0,1.1997391686285814,4.641492289750279,0.0,515,98,0,5343,1032,0,1.4909568555247519,0.08532340849240083,16.771096585395263,59.11225637821633,,False,False,False,False,no_promotion_shadow_or_reject,False,False,False,"{""live_notional_fraction"": 0.3, ""parity"": true, ""recorded"": true, ""replay_notional_fraction"": 0.3, ""sizing_mode"": ""notional_fraction_equals_leverage_times_allocation_fraction""}",0,0,locked_oos_trade_event_count_0_below_20;locked_oos_return_not_positive;locked_oos_return_per_turnover_proxy_bps_missing_not_above_10.000;shadow_universe_not_promotion_eligible,crypto_payment_alt,shadow_probe_only,"{""breadth_threshold"": 0.4, ""market_momentum_floor"": -0.02, ""panel_symbols"": [""BTCUSDT"", ""ETHUSDT"", ""SOLUSDT"", ""BNBUSDT"", ""TRXUSDT""], ""rank_top_n"": 1}",1.8740847070186086,0.1519026773714629,0.019001046538445143,0.019001046538445143
192,a30fb_asset_diverse_rank_chandelier_1h_xrpusdt_lb12_top2_mom0p005_breadth0p4_adx18p0_trail3p0_hold18_2p0x_0p15_41d0fa56,cross_asset_rank_chandelier_breakout,XRPUSDT,1h,long_short,12,0.005,0.0,18,2,top2_breadth_adx_trail3.0,False,,,,,2.0,0.15,0.3,0.25911344224435684,0.173790033751956,0.0,0.18949410052169324,0.039574465280716176,0.0,1.1997391686285814,4.641492289750279,0.0,515,98,0,5343,1032,0,1.4909568555247519,0.08532340849240083,16.771096585395263,59.11225637821633,,False,False,False,False,no_promotion_shadow_or_reject,False,False,False,"{""live_notional_fraction"": 0.3, ""parity"": true, ""recorded"": true, ""replay_notional_fraction"": 0.3, ""sizing_mode"": ""notional_fraction_equals_leverage_times_allocation_fraction""}",0,0,locked_oos_trade_event_count_0_below_20;locked_oos_return_not_positive;locked_oos_return_per_turnover_proxy_bps_missing_not_above_10.000;shadow_universe_not_promotion_eligible,crypto_payment_alt,shadow_probe_only,"{""breadth_threshold"": 0.4, ""market_momentum_floor"": -0.02, ""panel_symbols"": [""BTCUSDT"", ""ETHUSDT"", ""SOLUSDT"", ""BNBUSDT"", ""TRXUSDT""], ""rank_top_n"": 2}",1.8740847070186086,0.1519026773714629,0.019001046538445143,0.019001046538445143
193,a30fb_asset_diverse_breadth_pullback_12h_ethusdt_fast6_slow30_z-0p25_hold12_4p0x_0p125_8e359a63,breadth_regime_pullback_reclaim,ETHUSDT,12h,long_short,30,-0.25,0.0,12,2,cross_asset_breadth_regime_ema_reclaim,False,,,,,4.0,0.125,0.5,0.1835671049735894,0.16444964272054707,-0.0972428012562988,0.24978569755216495,0.08962789598448428,0.10062792861279346,0.7566945856611794,2.393498855945904,-4.782757289982822,39,10,8,382,79,49,1.1162511631936414,0.01911746225304234,94.13697690953303,328.89928544109415,-243.10700314074703,False,False,False,False,no_promotion_shadow_or_reject,False,False,False,"{""live_notional_fraction"": 0.5, ""parity"": true, ""recorded"": true, ""replay_notional_fraction"": 0.5, ""sizing_mode"": ""notional_fraction_equals_leverage_times_allocation_fraction""}",0,0,train_trade_event_count_39_below_80;validation_trade_event_count_10_below_30;locked_oos_trade_event_count_8_below_20;locked_oos_return_not_positive;locked_oos_return_per_turnover_proxy_bps_-243.107_not_above_10.000,crypto_major,promotion_eligible,"{""long_breadth_floor"": 0.6, ""panel_symbols"": [""BTCUSDT"", ""ETHUSDT"", ""SOLUSDT"", ""BNBUSDT"", ""TRXUSDT""], ""short_breadth_ceiling"": 0.4}",1.871460481001046,0.19467158215819658,-0.02529727825537853,-0.02529727825537853
194,a30fb_asset_diverse_breadth_pullback_12h_ethusdt_fast6_slow30_z-0p25_hold12_5p0x_0p1_4c9e8be9,breadth_regime_pullback_reclaim,ETHUSDT,12h,long_short,30,-0.25,0.0,12,2,cross_asset_breadth_regime_ema_reclaim,False,,,,,5.0,0.1,0.5,0.1835671049735894,0.16444964272054707,-0.0972428012562988,0.24978569755216495,0.08962789598448428,0.10062792861279346,0.7566945856611794,2.393498855945904,-4.782757289982822,39,10,8,382,79,49,1.1162511631936414,0.01911746225304234,94.13697690953303,328.89928544109415,-243.10700314074703,False,False,False,False,no_promotion_shadow_or_reject,False,False,False,"{""live_notional_fraction"": 0.5, ""parity"": true, ""recorded"": true, ""replay_notional_fraction"": 0.5, ""sizing_mode"": ""notional_fraction_equals_leverage_times_allocation_fraction""}",0,0,train_trade_event_count_39_below_80;validation_trade_event_count_10_below_30;locked_oos_trade_event_count_8_below_20;locked_oos_return_not_positive;locked_oos_return_per_turnover_proxy_bps_-243.107_not_above_10.000,crypto_major,promotion_eligible,"{""long_breadth_floor"": 0.6, ""panel_symbols"": [""BTCUSDT"", ""ETHUSDT"", ""SOLUSDT"", ""BNBUSDT"", ""TRXUSDT""], ""short_breadth_ceiling"": 0.4}",1.871460481001046,0.19467158215819658,-0.02529727825537853,-0.02529727825537853
195,a30fb_asset_diverse_rank_chandelier_1h_xrpusdt_lb12_top1_mom0p015_breadth0p6_adx18p0_trail3p0_hold18_4p0x_0p125_5ca82254,cross_asset_rank_chandelier_breakout,XRPUSDT,1h,long_short,12,0.015,0.0,18,2,top1_breadth_adx_trail3.0,False,,,,,4.0,0.125,0.5,0.5980198240012131,0.2054919573856473,0.0,0.16544161317773864,0.09636810529493023,0.0,1.5526527650970035,3.491684042275262,0.0,443,84,0,4610,919,0,2.9101860316552814,0.3925278666155658,26.99863765242497,48.926656520392214,,False,False,False,False,no_promotion_shadow_or_reject,False,False,False,"{""live_notional_fraction"": 0.5, ""parity"": true, ""recorded"": true, ""replay_notional_fraction"": 0.5, ""sizing_mode"": ""notional_fraction_equals_leverage_times_allocation_fraction""}",0,0,locked_oos_trade_event_count_0_below_20;locked_oos_return_not_positive;locked_oos_return_per_turnover_proxy_bps_missing_not_above_10.000;shadow_universe_not_promotion_eligible,crypto_payment_alt,shadow_probe_only,"{""breadth_threshold"": 0.6, ""market_momentum_floor"": -0.02, ""panel_symbols"": [""BTCUSDT"", ""ETHUSDT"", ""SOLUSDT"", ""BNBUSDT"", ""TRXUSDT""], ""rank_top_n"": 1}",1.8617189245879304,0.2723762617859111,-0.0525664509854854,-0.0525664509854854
196,a30fb_asset_diverse_rank_chandelier_1h_xrpusdt_lb12_top1_mom0p015_breadth0p6_adx18p0_trail3p0_hold18_5p0x_0p1_9b12f36d,cross_asset_rank_chandelier_breakout,XRPUSDT,1h,long_short,12,0.015,0.0,18,2,top1_breadth_adx_trail3.0,False,,,,,5.0,0.1,0.5,0.5980198240012131,0.2054919573856473,0.0,0.16544161317773864,0.09636810529493023,0.0,1.5526527650970035,3.491684042275262,0.0,443,84,0,4610,919,0,2.9101860316552814,0.3925278666155658,26.99863765242497,48.926656520392214,,False,False,False,False,no_promotion_shadow_or_reject,False,False,False,"{""live_notional_fraction"": 0.5, ""parity"": true, ""recorded"": true, ""replay_notional_fraction"": 0.5, ""sizing_mode"": ""notional_fraction_equals_leverage_times_allocation_fraction""}",0,0,locked_oos_trade_event_count_0_below_20;locked_oos_return_not_positive;locked_oos_return_per_turnover_proxy_bps_missing_not_above_10.000;shadow_universe_not_promotion_eligible,crypto_payment_alt,shadow_probe_only,"{""breadth_threshold"": 0.6, ""market_momentum_floor"": -0.02, ""panel_symbols"": [""BTCUSDT"", ""ETHUSDT"", ""SOLUSDT"", ""BNBUSDT"", ""TRXUSDT""], ""rank_top_n"": 1}",1.8617189245879304,0.2723762617859111,-0.0525664509854854,-0.0525664509854854
197,a30fb_asset_diverse_rank_chandelier_1h_xrpusdt_lb12_top2_mom0p015_breadth0p6_adx18p0_trail3p0_hold18_4p0x_0p125_765621f6,cross_asset_rank_chandelier_breakout,XRPUSDT,1h,long_short,12,0.015,0.0,18,2,top2_breadth_adx_trail3.0,False,,,,,4.0,0.125,0.5,0.5980198240012131,0.2054919573856473,0.0,0.16544161317773864,0.09636810529493023,0.0,1.5526527650970035,3.491684042275262,0.0,443,84,0,4610,919,0,2.9101860316552814,0.3925278666155658,26.99863765242497,48.926656520392214,,False,False,False,False,no_promotion_shadow_or_reject,False,False,False,"{""live_notional_fraction"": 0.5, ""parity"": true, ""recorded"": true, ""replay_notional_fraction"": 0.5, ""sizing_mode"": ""notional_fraction_equals_leverage_times_allocation_fraction""}",0,0,locked_oos_trade_event_count_0_below_20;locked_oos_return_not_positive;locked_oos_return_per_turnover_proxy_bps_missing_not_above_10.000;shadow_universe_not_promotion_eligible,crypto_payment_alt,shadow_probe_only,"{""breadth_threshold"": 0.6, ""market_momentum_floor"": -0.02, ""panel_symbols"": [""BTCUSDT"", ""ETHUSDT"", ""SOLUSDT"", ""BNBUSDT"", ""TRXUSDT""], ""rank_top_n"": 2}",1.8617189245879304,0.2723762617859111,-0.0525664509854854,-0.0525664509854854
198,a30fb_asset_diverse_rank_chandelier_1h_xrpusdt_lb12_top2_mom0p015_breadth0p6_adx18p0_trail3p0_hold18_5p0x_0p1_3466d923,cross_asset_rank_chandelier_breakout,XRPUSDT,1h,long_short,12,0.015,0.0,18,2,top2_breadth_adx_trail3.0,False,,,,,5.0,0.1,0.5,0.5980198240012131,0.2054919573856473,0.0,0.16544161317773864,0.09636810529493023,0.0,1.5526527650970035,3.491684042275262,0.0,443,84,0,4610,919,0,2.9101860316552814,0.3925278666155658,26.99863765242497,48.926656520392214,,False,False,False,False,no_promotion_shadow_or_reject,False,False,False,"{""live_notional_fraction"": 0.5, ""parity"": true, ""recorded"": true, ""replay_notional_fraction"": 0.5, ""sizing_mode"": ""notional_fraction_equals_leverage_times_allocation_fraction""}",0,0,locked_oos_trade_event_count_0_below_20;locked_oos_return_not_positive;locked_oos_return_per_turnover_proxy_bps_missing_not_above_10.000;shadow_universe_not_promotion_eligible,crypto_payment_alt,shadow_probe_only,"{""breadth_threshold"": 0.6, ""market_momentum_floor"": -0.02, ""panel_symbols"": [""BTCUSDT"", ""ETHUSDT"", ""SOLUSDT"", ""BNBUSDT"", ""TRXUSDT""], ""rank_top_n"": 2}",1.8617189245879304,0.2723762617859111,-0.0525664509854854,-0.0525664509854854
199,a30fb_asset_diverse_rank_chandelier_1h_xrpusdt_lb12_top1_mom0p015_breadth0p6_adx12p0_trail3p0_hold18_4p0x_0p125_85ecf2c7,cross_asset_rank_chandelier_breakout,XRPUSDT,1h,long_short,12,0.015,0.0,18,2,top1_breadth_adx_trail3.0,False,,,,,4.0,0.125,0.5,0.5880623882995553,0.2054919573856473,0.0,0.16544161317773864,0.09636810529493023,0.0,1.533855175771342,3.491684042275262,0.0,445,84,0,4629,919,0,2.861729460272438,0.38257043091390797,26.42977026065417,48.926656520392214,,False,False,False,False,no_promotion_shadow_or_reject,False,False,False,"{""live_notional_fraction"": 0.5, ""parity"": true, ""recorded"": true, ""replay_notional_fraction"": 0.5, ""sizing_mode"": ""notional_fraction_equals_leverage_times_allocation_fraction""}",0,0,locked_oos_trade_event_count_0_below_20;locked_oos_return_not_positive;locked_oos_return_per_turnover_proxy_bps_missing_not_above_10.000;shadow_universe_not_promotion_eligible,crypto_payment_alt,shadow_probe_only,"{""breadth_threshold"": 0.6, ""market_momentum_floor"": -0.02, ""panel_symbols"": [""BTCUSDT"", ""ETHUSDT"", ""SOLUSDT"", ""BNBUSDT"", ""TRXUSDT""], ""rank_top_n"": 1}",1.85953097308112,0.2723762617859111,-0.0525664509854854,-0.0525664509854854
200,a30fb_asset_diverse_rank_chandelier_1h_xrpusdt_lb12_top1_mom0p015_breadth0p6_adx12p0_trail3p0_hold18_5p0x_0p1_17a1a62d,cross_asset_rank_chandelier_breakout,XRPUSDT,1h,long_short,12,0.015,0.0,18,2,top1_breadth_adx_trail3.0,False,,,,,5.0,0.1,0.5,0.5880623882995553,0.2054919573856473,0.0,0.16544161317773864,0.09636810529493023,0.0,1.533855175771342,3.491684042275262,0.0,445,84,0,4629,919,0,2.861729460272438,0.38257043091390797,26.42977026065417,48.926656520392214,,False,False,False,False,no_promotion_shadow_or_reject,False,False,False,"{""live_notional_fraction"": 0.5, ""parity"": true, ""recorded"": true, ""replay_notional_fraction"": 0.5, ""sizing_mode"": ""notional_fraction_equals_leverage_times_allocation_fraction""}",0,0,locked_oos_trade_event_count_0_below_20;locked_oos_return_not_positive;locked_oos_return_per_turnover_proxy_bps_missing_not_above_10.000;shadow_universe_not_promotion_eligible,crypto_payment_alt,shadow_probe_only,"{""breadth_threshold"": 0.6, ""market_momentum_floor"": -0.02, ""panel_symbols"": [""BTCUSDT"", ""ETHUSDT"", ""SOLUSDT"", ""BNBUSDT"", ""TRXUSDT""], ""rank_top_n"": 1}",1.85953097308112,0.2723762617859111,-0.0525664509854854,-0.0525664509854854
201,a30fb_asset_diverse_rank_chandelier_1h_xrpusdt_lb12_top2_mom0p015_breadth0p6_adx12p0_trail3p0_hold18_4p0x_0p125_a1f79a68,cross_asset_rank_chandelier_breakout,XRPUSDT,1h,long_short,12,0.015,0.0,18,2,top2_breadth_adx_trail3.0,False,,,,,4.0,0.125,0.5,0.5880623882995553,0.2054919573856473,0.0,0.16544161317773864,0.09636810529493023,0.0,1.533855175771342,3.491684042275262,0.0,445,84,0,4629,919,0,2.861729460272438,0.38257043091390797,26.42977026065417,48.926656520392214,,False,False,False,False,no_promotion_shadow_or_reject,False,False,False,"{""live_notional_fraction"": 0.5, ""parity"": true, ""recorded"": true, ""replay_notional_fraction"": 0.5, ""sizing_mode"": ""notional_fraction_equals_leverage_times_allocation_fraction""}",0,0,locked_oos_trade_event_count_0_below_20;locked_oos_return_not_positive;locked_oos_return_per_turnover_proxy_bps_missing_not_above_10.000;shadow_universe_not_promotion_eligible,crypto_payment_alt,shadow_probe_only,"{""breadth_threshold"": 0.6, ""market_momentum_floor"": -0.02, ""panel_symbols"": [""BTCUSDT"", ""ETHUSDT"", ""SOLUSDT"", ""BNBUSDT"", ""TRXUSDT""], ""rank_top_n"": 2}",1.85953097308112,0.2723762617859111,-0.0525664509854854,-0.0525664509854854
202,a30fb_asset_diverse_rank_chandelier_1h_xrpusdt_lb12_top2_mom0p015_breadth0p6_adx12p0_trail3p0_hold18_5p0x_0p1_0decd9d2,cross_asset_rank_chandelier_breakout,XRPUSDT,1h,long_short,12,0.015,0.0,18,2,top2_breadth_adx_trail3.0,False,,,,,5.0,0.1,0.5,0.5880623882995553,0.2054919573856473,0.0,0.16544161317773864,0.09636810529493023,0.0,1.533855175771342,3.491684042275262,0.0,445,84,0,4629,919,0,2.861729460272438,0.38257043091390797,26.42977026065417,48.926656520392214,,False,False,False,False,no_promotion_shadow_or_reject,False,False,False,"{""live_notional_fraction"": 0.5, ""parity"": true, ""recorded"": true, ""replay_notional_fraction"": 0.5, ""sizing_mode"": ""notional_fraction_equals_leverage_times_allocation_fraction""}",0,0,locked_oos_trade_event_count_0_below_20;locked_oos_return_not_positive;locked_oos_return_per_turnover_proxy_bps_missing_not_above_10.000;shadow_universe_not_promotion_eligible,crypto_payment_alt,shadow_probe_only,"{""breadth_threshold"": 0.6, ""market_momentum_floor"": -0.02, ""panel_symbols"": [""BTCUSDT"", ""ETHUSDT"", ""SOLUSDT"", ""BNBUSDT"", ""TRXUSDT""], ""rank_top_n"": 2}",1.85953097308112,0.2723762617859111,-0.0525664509854854,-0.0525664509854854
203,a30fb_asset_diverse_rank_chandelier_1h_xrpusdt_lb12_top1_mom0p005_breadth0p6_adx18p0_trail2p0_hold18_2p0x_0p15_66db4554,cross_asset_rank_chandelier_breakout,XRPUSDT,1h,long_short,12,0.005,0.0,18,2,top1_breadth_adx_trail2.0,False,,,,,2.0,0.15,0.3,0.317192087884165,0.16827049491389734,0.0,0.11923970684456775,0.039574465280715065,0.0,1.4262349769102076,4.625188925446857,0.0,501,94,0,5177,985,0,1.8850131037319977,0.14892159297026764,21.103931329618433,59.67038826733948,,False,False,False,False,no_promotion_shadow_or_reject,False,False,False,"{""live_notional_fraction"": 0.3, ""parity"": true, ""recorded"": true, ""replay_notional_fraction"": 0.3, ""sizing_mode"": ""notional_fraction_equals_leverage_times_allocation_fraction""}",0,0,locked_oos_trade_event_count_0_below_20;locked_oos_return_not_positive;locked_oos_return_per_turnover_proxy_bps_missing_not_above_10.000;shadow_universe_not_promotion_eligible,crypto_payment_alt,shadow_probe_only,"{""breadth_threshold"": 0.6, ""market_momentum_floor"": -0.02, ""panel_symbols"": [""BTCUSDT"", ""ETHUSDT"", ""SOLUSDT"", ""BNBUSDT"", ""TRXUSDT""], ""rank_top_n"": 1}",1.847528450666627,0.14412002533348178,0.021108335704005166,0.021108335704005166
204,a30fb_asset_diverse_rank_chandelier_1h_xrpusdt_lb12_top2_mom0p005_breadth0p6_adx18p0_trail2p0_hold18_2p0x_0p15_ab798faf,cross_asset_rank_chandelier_breakout,XRPUSDT,1h,long_short,12,0.005,0.0,18,2,top2_breadth_adx_trail2.0,False,,,,,2.0,0.15,0.3,0.317192087884165,0.16827049491389734,0.0,0.11923970684456775,0.039574465280715065,0.0,1.4262349769102076,4.625188925446857,0.0,501,94,0,5177,985,0,1.8850131037319977,0.14892159297026764,21.103931329618433,59.67038826733948,,False,False,False,False,no_promotion_shadow_or_reject,False,False,False,"{""live_notional_fraction"": 0.3, ""parity"": true, ""recorded"": true, ""replay_notional_fraction"": 0.3, ""sizing_mode"": ""notional_fraction_equals_leverage_times_allocation_fraction""}",0,0,locked_oos_trade_event_count_0_below_20;locked_oos_return_not_positive;locked_oos_return_per_turnover_proxy_bps_missing_not_above_10.000;shadow_universe_not_promotion_eligible,crypto_payment_alt,shadow_probe_only,"{""breadth_threshold"": 0.6, ""market_momentum_floor"": -0.02, ""panel_symbols"": [""BTCUSDT"", ""ETHUSDT"", ""SOLUSDT"", ""BNBUSDT"", ""TRXUSDT""], ""rank_top_n"": 2}",1.847528450666627,0.14412002533348178,0.021108335704005166,0.021108335704005166
205,a30fb_asset_diverse_rank_chandelier_1h_xrpusdt_lb12_top1_mom0p005_breadth0p6_adx18p0_trail2p0_hold18_3p0x_0p1_5cea81f0,cross_asset_rank_chandelier_breakout,XRPUSDT,1h,long_short,12,0.005,0.0,18,2,top1_breadth_adx_trail2.0,False,,,,,3.0,0.1,0.30000000000000004,0.31719208788416475,0.16827049491389712,0.0,0.11923970684456797,0.03957446528071529,0.0,1.4262349769102078,4.625188925446857,0.0,501,94,0,5177,985,0,1.885013103731999,0.14892159297026764,21.103931329618412,59.6703882673394,,False,False,False,False,no_promotion_shadow_or_reject,False,False,False,"{""live_notional_fraction"": 0.30000000000000004, ""parity"": true, ""recorded"": true, ""replay_notional_fraction"": 0.30000000000000004, ""sizing_mode"": ""notional_fraction_equals_leverage_times_allocation_fraction""}",0,0,locked_oos_trade_event_count_0_below_20;locked_oos_return_not_positive;locked_oos_return_per_turnover_proxy_bps_missing_not_above_10.000;shadow_universe_not_promotion_eligible,crypto_payment_alt,shadow_probe_only,"{""breadth_threshold"": 0.6, ""market_momentum_floor"": -0.02, ""panel_symbols"": [""BTCUSDT"", ""ETHUSDT"", ""SOLUSDT"", ""BNBUSDT"", ""TRXUSDT""], ""rank_top_n"": 1}",1.8475284506666239,0.14412002533348156,0.021108335704005166,0.021108335704005166
206,a30fb_asset_diverse_rank_chandelier_1h_xrpusdt_lb12_top2_mom0p005_breadth0p6_adx18p0_trail2p0_hold18_3p0x_0p1_6eedaff2,cross_asset_rank_chandelier_breakout,XRPUSDT,1h,long_short,12,0.005,0.0,18,2,top2_breadth_adx_trail2.0,False,,,,,3.0,0.1,0.30000000000000004,0.31719208788416475,0.16827049491389712,0.0,0.11923970684456797,0.03957446528071529,0.0,1.4262349769102078,4.625188925446857,0.0,501,94,0,5177,985,0,1.885013103731999,0.14892159297026764,21.103931329618412,59.6703882673394,,False,False,False,False,no_promotion_shadow_or_reject,False,False,False,"{""live_notional_fraction"": 0.30000000000000004, ""parity"": true, ""recorded"": true, ""replay_notional_fraction"": 0.30000000000000004, ""sizing_mode"": ""notional_fraction_equals_leverage_times_allocation_fraction""}",0,0,locked_oos_trade_event_count_0_below_20;locked_oos_return_not_positive;locked_oos_return_per_turnover_proxy_bps_missing_not_above_10.000;shadow_universe_not_promotion_eligible,crypto_payment_alt,shadow_probe_only,"{""breadth_threshold"": 0.6, ""market_momentum_floor"": -0.02, ""panel_symbols"": [""BTCUSDT"", ""ETHUSDT"", ""SOLUSDT"", ""BNBUSDT"", ""TRXUSDT""], ""rank_top_n"": 2}",1.8475284506666239,0.14412002533348156,0.021108335704005166,0.021108335704005166
207,a30fb_asset_diverse_rank_chandelier_1h_xrpusdt_lb12_top1_mom0p005_breadth0p6_adx12p0_trail2p0_hold18_2p0x_0p15_a0c871ec,cross_asset_rank_chandelier_breakout,XRPUSDT,1h,long_short,12,0.005,0.0,18,2,top1_breadth_adx_trail2.0,False,,,,,2.0,0.15,0.3,0.31509391400726194,0.16827049491389734,0.0,0.11923970684456775,0.039574465280715065,0.0,1.4175801951980542,4.625188925446857,0.0,503,94,0,5187,985,0,1.8725440497960915,0.1468234190933646,20.88097508331756,59.67038826733948,,False,False,False,False,no_promotion_shadow_or_reject,False,False,False,"{""live_notional_fraction"": 0.3, ""parity"": true, ""recorded"": true, ""replay_notional_fraction"": 0.3, ""sizing_mode"": ""notional_fraction_equals_leverage_times_allocation_fraction""}",0,0,locked_oos_trade_event_count_0_below_20;locked_oos_return_not_positive;locked_oos_return_per_turnover_proxy_bps_missing_not_above_10.000;shadow_universe_not_promotion_eligible,crypto_payment_alt,shadow_probe_only,"{""breadth_threshold"": 0.6, ""market_momentum_floor"": -0.02, ""panel_symbols"": [""BTCUSDT"", ""ETHUSDT"", ""SOLUSDT"", ""BNBUSDT"", ""TRXUSDT""], ""rank_top_n"": 1}",1.8466709266423929,0.14412002533348178,0.021108335704005166,0.021108335704005166
208,a30fb_asset_diverse_rank_chandelier_1h_xrpusdt_lb12_top2_mom0p005_breadth0p6_adx12p0_trail2p0_hold18_2p0x_0p15_2ad0ac4e,cross_asset_rank_chandelier_breakout,XRPUSDT,1h,long_short,12,0.005,0.0,18,2,top2_breadth_adx_trail2.0,False,,,,,2.0,0.15,0.3,0.31509391400726194,0.16827049491389734,0.0,0.11923970684456775,0.039574465280715065,0.0,1.4175801951980542,4.625188925446857,0.0,503,94,0,5187,985,0,1.8725440497960915,0.1468234190933646,20.88097508331756,59.67038826733948,,False,False,False,False,no_promotion_shadow_or_reject,False,False,False,"{""live_notional_fraction"": 0.3, ""parity"": true, ""recorded"": true, ""replay_notional_fraction"": 0.3, ""sizing_mode"": ""notional_fraction_equals_leverage_times_allocation_fraction""}",0,0,locked_oos_trade_event_count_0_below_20;locked_oos_return_not_positive;locked_oos_return_per_turnover_proxy_bps_missing_not_above_10.000;shadow_universe_not_promotion_eligible,crypto_payment_alt,shadow_probe_only,"{""breadth_threshold"": 0.6, ""market_momentum_floor"": -0.02, ""panel_symbols"": [""BTCUSDT"", ""ETHUSDT"", ""SOLUSDT"", ""BNBUSDT"", ""TRXUSDT""], ""rank_top_n"": 2}",1.8466709266423929,0.14412002533348178,0.021108335704005166,0.021108335704005166
209,a30fb_asset_diverse_rank_chandelier_1h_xrpusdt_lb12_top1_mom0p005_breadth0p6_adx12p0_trail2p0_hold18_3p0x_0p1_3c25ceb6,cross_asset_rank_chandelier_breakout,XRPUSDT,1h,long_short,12,0.005,0.0,18,2,top1_breadth_adx_trail2.0,False,,,,,3.0,0.1,0.30000000000000004,0.31509391400726194,0.16827049491389712,0.0,0.11923970684456797,0.03957446528071529,0.0,1.4175801951980542,4.625188925446857,0.0,503,94,0,5187,985,0,1.872544049796094,0.14682341909336483,20.88097508331755,59.6703882673394,,False,False,False,False,no_promotion_shadow_or_reject,False,False,False,"{""live_notional_fraction"": 0.30000000000000004, ""parity"": true, ""recorded"": true, ""replay_notional_fraction"": 0.30000000000000004, ""sizing_mode"": ""notional_fraction_equals_leverage_times_allocation_fraction""}",0,0,locked_oos_trade_event_count_0_below_20;locked_oos_return_not_positive;locked_oos_return_per_turnover_proxy_bps_missing_not_above_10.000;shadow_universe_not_promotion_eligible,crypto_payment_alt,shadow_probe_only,"{""breadth_threshold"": 0.6, ""market_momentum_floor"": -0.02, ""panel_symbols"": [""BTCUSDT"", ""ETHUSDT"", ""SOLUSDT"", ""BNBUSDT"", ""TRXUSDT""], ""rank_top_n"": 1}",1.84667092664239,0.14412002533348156,0.021108335704005166,0.021108335704005166
210,a30fb_asset_diverse_rank_chandelier_1h_xrpusdt_lb12_top2_mom0p005_breadth0p6_adx12p0_trail2p0_hold18_3p0x_0p1_2902a307,cross_asset_rank_chandelier_breakout,XRPUSDT,1h,long_short,12,0.005,0.0,18,2,top2_breadth_adx_trail2.0,False,,,,,3.0,0.1,0.30000000000000004,0.31509391400726194,0.16827049491389712,0.0,0.11923970684456797,0.03957446528071529,0.0,1.4175801951980542,4.625188925446857,0.0,503,94,0,5187,985,0,1.872544049796094,0.14682341909336483,20.88097508331755,59.6703882673394,,False,False,False,False,no_promotion_shadow_or_reject,False,False,False,"{""live_notional_fraction"": 0.30000000000000004, ""parity"": true, ""recorded"": true, ""replay_notional_fraction"": 0.30000000000000004, ""sizing_mode"": ""notional_fraction_equals_leverage_times_allocation_fraction""}",0,0,locked_oos_trade_event_count_0_below_20;locked_oos_return_not_positive;locked_oos_return_per_turnover_proxy_bps_missing_not_above_10.000;shadow_universe_not_promotion_eligible,crypto_payment_alt,shadow_probe_only,"{""breadth_threshold"": 0.6, ""market_momentum_floor"": -0.02, ""panel_symbols"": [""BTCUSDT"", ""ETHUSDT"", ""SOLUSDT"", ""BNBUSDT"", ""TRXUSDT""], ""rank_top_n"": 2}",1.84667092664239,0.14412002533348156,0.021108335704005166,0.021108335704005166
211,a30fb_asset_diverse_rank_chandelier_1h_xrpusdt_lb12_top1_mom0p005_breadth0p6_adx18p0_trail3p0_hold18_2p0x_0p15_9418f7ae,cross_asset_rank_chandelier_breakout,XRPUSDT,1h,long_short,12,0.005,0.0,18,2,top1_breadth_adx_trail3.0,False,,,,,2.0,0.15,0.3,0.3542988685434034,0.16539259162459974,0.0,0.12441982041901434,0.039574465280716065,0.0,1.5575877898051207,4.549379700368196,0.0,501,94,0,5196,991,0,2.142168914963097,0.18890627691880368,23.572779011537158,58.649855186028276,,False,False,False,False,no_promotion_shadow_or_reject,False,False,False,"{""live_notional_fraction"": 0.3, ""parity"": true, ""recorded"": true, ""replay_notional_fraction"": 0.3, ""sizing_mode"": ""notional_fraction_equals_leverage_times_allocation_fraction""}",0,0,locked_oos_trade_event_count_0_below_20;locked_oos_return_not_positive;locked_oos_return_per_turnover_proxy_bps_missing_not_above_10.000;shadow_universe_not_promotion_eligible,crypto_payment_alt,shadow_probe_only,"{""breadth_threshold"": 0.6, ""market_momentum_floor"": -0.02, ""panel_symbols"": [""BTCUSDT"", ""ETHUSDT"", ""SOLUSDT"", ""BNBUSDT"", ""TRXUSDT""], ""rank_top_n"": 1}",1.8228191493838695,0.14366182015557993,0.019001046538445143,0.019001046538445143
212,a30fb_asset_diverse_rank_chandelier_1h_xrpusdt_lb12_top2_mom0p005_breadth0p6_adx18p0_trail3p0_hold18_2p0x_0p15_b6a06203,cross_asset_rank_chandelier_breakout,XRPUSDT,1h,long_short,12,0.005,0.0,18,2,top2_breadth_adx_trail3.0,False,,,,,2.0,0.15,0.3,0.3542988685434034,0.16539259162459974,0.0,0.12441982041901434,0.039574465280716065,0.0,1.5575877898051207,4.549379700368196,0.0,501,94,0,5196,991,0,2.142168914963097,0.18890627691880368,23.572779011537158,58.649855186028276,,False,False,False,False,no_promotion_shadow_or_reject,False,False,False,"{""live_notional_fraction"": 0.3, ""parity"": true, ""recorded"": true, ""replay_notional_fraction"": 0.3, ""sizing_mode"": ""notional_fraction_equals_leverage_times_allocation_fraction""}",0,0,locked_oos_trade_event_count_0_below_20;locked_oos_return_not_positive;locked_oos_return_per_turnover_proxy_bps_missing_not_above_10.000;shadow_universe_not_promotion_eligible,crypto_payment_alt,shadow_probe_only,"{""breadth_threshold"": 0.6, ""market_momentum_floor"": -0.02, ""panel_symbols"": [""BTCUSDT"", ""ETHUSDT"", ""SOLUSDT"", ""BNBUSDT"", ""TRXUSDT""], ""rank_top_n"": 2}",1.8228191493838695,0.14366182015557993,0.019001046538445143,0.019001046538445143
213,a30fb_asset_diverse_rank_chandelier_1h_xrpusdt_lb12_top1_mom0p005_breadth0p6_adx18p0_trail3p0_hold18_3p0x_0p1_3136a602,cross_asset_rank_chandelier_breakout,XRPUSDT,1h,long_short,12,0.005,0.0,18,2,top1_breadth_adx_trail3.0,False,,,,,3.0,0.1,0.30000000000000004,0.35429886854340276,0.16539259162459974,0.0,0.12441982041901456,0.03957446528071629,0.0,1.557587789805121,4.549379700368195,0.0,501,94,0,5196,991,0,2.142168914963093,0.18890627691880302,23.572779011537108,58.64985518602827,,False,False,False,False,no_promotion_shadow_or_reject,False,False,False,"{""live_notional_fraction"": 0.30000000000000004, ""parity"": true, ""recorded"": true, ""replay_notional_fraction"": 0.30000000000000004, ""sizing_mode"": ""notional_fraction_equals_leverage_times_allocation_fraction""}",0,0,locked_oos_trade_event_count_0_below_20;locked_oos_return_not_positive;locked_oos_return_per_turnover_proxy_bps_missing_not_above_10.000;shadow_universe_not_promotion_eligible,crypto_payment_alt,shadow_probe_only,"{""breadth_threshold"": 0.6, ""market_momentum_floor"": -0.02, ""panel_symbols"": [""BTCUSDT"", ""ETHUSDT"", ""SOLUSDT"", ""BNBUSDT"", ""TRXUSDT""], ""rank_top_n"": 1}",1.8228191493838688,0.1436618201555797,0.019001046538445143,0.019001046538445143
214,a30fb_asset_diverse_rank_chandelier_1h_xrpusdt_lb12_top2_mom0p005_breadth0p6_adx18p0_trail3p0_hold18_3p0x_0p1_13094728,cross_asset_rank_chandelier_breakout,XRPUSDT,1h,long_short,12,0.005,0.0,18,2,top2_breadth_adx_trail3.0,False,,,,,3.0,0.1,0.30000000000000004,0.35429886854340276,0.16539259162459974,0.0,0.12441982041901456,0.03957446528071629,0.0,1.557587789805121,4.549379700368195,0.0,501,94,0,5196,991,0,2.142168914963093,0.18890627691880302,23.572779011537108,58.64985518602827,,False,False,False,False,no_promotion_shadow_or_reject,False,False,False,"{""live_notional_fraction"": 0.30000000000000004, ""parity"": true, ""recorded"": true, ""replay_notional_fraction"": 0.30000000000000004, ""sizing_mode"": ""notional_fraction_equals_leverage_times_allocation_fraction""}",0,0,locked_oos_trade_event_count_0_below_20;locked_oos_return_not_positive;locked_oos_return_per_turnover_proxy_bps_missing_not_above_10.000;shadow_universe_not_promotion_eligible,crypto_payment_alt,shadow_probe_only,"{""breadth_threshold"": 0.6, ""market_momentum_floor"": -0.02, ""panel_symbols"": [""BTCUSDT"", ""ETHUSDT"", ""SOLUSDT"", ""BNBUSDT"", ""TRXUSDT""], ""rank_top_n"": 2}",1.8228191493838688,0.1436618201555797,0.019001046538445143,0.019001046538445143
215,a30fb_asset_diverse_rank_chandelier_1h_xrpusdt_lb12_top1_mom0p005_breadth0p6_adx12p0_trail3p0_hold18_2p0x_0p15_f8b685ff,cross_asset_rank_chandelier_breakout,XRPUSDT,1h,long_short,12,0.005,0.0,18,2,top1_breadth_adx_trail3.0,False,,,,,2.0,0.15,0.3,0.3419675184398512,0.16539259162459974,0.0,0.12441982041901434,0.039574465280716065,0.0,1.5121479397198427,4.549379700368196,0.0,503,94,0,5207,991,0,2.067610858991997,0.17657492681525144,22.66186338236257,58.649855186028276,,False,False,False,False,no_promotion_shadow_or_reject,False,False,False,"{""live_notional_fraction"": 0.3, ""parity"": true, ""recorded"": true, ""replay_notional_fraction"": 0.3, ""sizing_mode"": ""notional_fraction_equals_leverage_times_allocation_fraction""}",0,0,locked_oos_trade_event_count_0_below_20;locked_oos_return_not_positive;locked_oos_return_per_turnover_proxy_bps_missing_not_above_10.000;shadow_universe_not_promotion_eligible,crypto_payment_alt,shadow_probe_only,"{""breadth_threshold"": 0.6, ""market_momentum_floor"": -0.02, ""panel_symbols"": [""BTCUSDT"", ""ETHUSDT"", ""SOLUSDT"", ""BNBUSDT"", ""TRXUSDT""], ""rank_top_n"": 1}",1.8193156277331979,0.14366182015557993,0.019001046538445143,0.019001046538445143
216,a30fb_asset_diverse_rank_chandelier_1h_xrpusdt_lb12_top2_mom0p005_breadth0p6_adx12p0_trail3p0_hold18_2p0x_0p15_c6600e97,cross_asset_rank_chandelier_breakout,XRPUSDT,1h,long_short,12,0.005,0.0,18,2,top2_breadth_adx_trail3.0,False,,,,,2.0,0.15,0.3,0.3419675184398512,0.16539259162459974,0.0,0.12441982041901434,0.039574465280716065,0.0,1.5121479397198427,4.549379700368196,0.0,503,94,0,5207,991,0,2.067610858991997,0.17657492681525144,22.66186338236257,58.649855186028276,,False,False,False,False,no_promotion_shadow_or_reject,False,False,False,"{""live_notional_fraction"": 0.3, ""parity"": true, ""recorded"": true, ""replay_notional_fraction"": 0.3, ""sizing_mode"": ""notional_fraction_equals_leverage_times_allocation_fraction""}",0,0,locked_oos_trade_event_count_0_below_20;locked_oos_return_not_positive;locked_oos_return_per_turnover_proxy_bps_missing_not_above_10.000;shadow_universe_not_promotion_eligible,crypto_payment_alt,shadow_probe_only,"{""breadth_threshold"": 0.6, ""market_momentum_floor"": -0.02, ""panel_symbols"": [""BTCUSDT"", ""ETHUSDT"", ""SOLUSDT"", ""BNBUSDT"", ""TRXUSDT""], ""rank_top_n"": 2}",1.8193156277331979,0.14366182015557993,0.019001046538445143,0.019001046538445143
217,a30fb_asset_diverse_rank_chandelier_1h_xrpusdt_lb12_top1_mom0p005_breadth0p6_adx12p0_trail3p0_hold18_3p0x_0p1_787a7bfe,cross_asset_rank_chandelier_breakout,XRPUSDT,1h,long_short,12,0.005,0.0,18,2,top1_breadth_adx_trail3.0,False,,,,,3.0,0.1,0.30000000000000004,0.3419675184398512,0.16539259162459974,0.0,0.12441982041901456,0.03957446528071629,0.0,1.5121479397198425,4.549379700368195,0.0,503,94,0,5207,991,0,2.067610858991997,0.17657492681525144,22.661863382362565,58.64985518602827,,False,False,False,False,no_promotion_shadow_or_reject,False,False,False,"{""live_notional_fraction"": 0.30000000000000004, ""parity"": true, ""recorded"": true, ""replay_notional_fraction"": 0.30000000000000004, ""sizing_mode"": ""notional_fraction_equals_leverage_times_allocation_fraction""}",0,0,locked_oos_trade_event_count_0_below_20;locked_oos_return_not_positive;locked_oos_return_per_turnover_proxy_bps_missing_not_above_10.000;shadow_universe_not_promotion_eligible,crypto_payment_alt,shadow_probe_only,"{""breadth_threshold"": 0.6, ""market_momentum_floor"": -0.02, ""panel_symbols"": [""BTCUSDT"", ""ETHUSDT"", ""SOLUSDT"", ""BNBUSDT"", ""TRXUSDT""], ""rank_top_n"": 1}",1.8193156277331974,0.1436618201555797,0.019001046538445143,0.019001046538445143
218,a30fb_asset_diverse_rank_chandelier_1h_xrpusdt_lb12_top2_mom0p005_breadth0p6_adx12p0_trail3p0_hold18_3p0x_0p1_584261ea,cross_asset_rank_chandelier_breakout,XRPUSDT,1h,long_short,12,0.005,0.0,18,2,top2_breadth_adx_trail3.0,False,,,,,3.0,0.1,0.30000000000000004,0.3419675184398512,0.16539259162459974,0.0,0.12441982041901456,0.03957446528071629,0.0,1.5121479397198425,4.549379700368195,0.0,503,94,0,5207,991,0,2.067610858991997,0.17657492681525144,22.661863382362565,58.64985518602827,,False,False,False,False,no_promotion_shadow_or_reject,False,False,False,"{""live_notional_fraction"": 0.30000000000000004, ""parity"": true, ""recorded"": true, ""replay_notional_fraction"": 0.30000000000000004, ""sizing_mode"": ""notional_fraction_equals_leverage_times_allocation_fraction""}",0,0,locked_oos_trade_event_count_0_below_20;locked_oos_return_not_positive;locked_oos_return_per_turnover_proxy_bps_missing_not_above_10.000;shadow_universe_not_promotion_eligible,crypto_payment_alt,shadow_probe_only,"{""breadth_threshold"": 0.6, ""market_momentum_floor"": -0.02, ""panel_symbols"": [""BTCUSDT"", ""ETHUSDT"", ""SOLUSDT"", ""BNBUSDT"", ""TRXUSDT""], ""rank_top_n"": 2}",1.8193156277331974,0.1436618201555797,0.019001046538445143,0.019001046538445143
219,a30fb_asset_diverse_rank_chandelier_1h_dogeusdt_lb12_top1_mom0p015_breadth0p6_adx12p0_trail2p0_hold8_4p0x_0p125_0fb3cba0,cross_asset_rank_chandelier_breakout,DOGEUSDT,1h,long_short,12,0.015,0.0,8,2,top1_breadth_adx_trail2.0,False,,,,,4.0,0.125,0.5,0.3833792008693817,0.19563016155183166,0.0,0.17052638055500013,0.06557520342396184,0.0,1.1030454894629769,3.607722571327468,0.0,677,98,0,4356,641,0,1.9597141761180137,0.18774903931755005,11.325825727308175,39.92452276567993,,False,False,False,False,no_promotion_shadow_or_reject,False,False,False,"{""live_notional_fraction"": 0.5, ""parity"": true, ""recorded"": true, ""replay_notional_fraction"": 0.5, ""sizing_mode"": ""notional_fraction_equals_leverage_times_allocation_fraction""}",0,0,locked_oos_trade_event_count_0_below_20;locked_oos_return_not_positive;locked_oos_return_per_turnover_proxy_bps_missing_not_above_10.000;shadow_universe_not_promotion_eligible,crypto_high_beta_alt,shadow_probe_only,"{""breadth_threshold"": 0.6, ""market_momentum_floor"": -0.02, ""panel_symbols"": [""BTCUSDT"", ""ETHUSDT"", ""SOLUSDT"", ""BNBUSDT"", ""TRXUSDT""], ""rank_top_n"": 1}",1.8179560470136997,0.21650290461083932,-0.017157988673841107,-0.017157988673841107
220,a30fb_asset_diverse_rank_chandelier_1h_dogeusdt_lb12_top1_mom0p015_breadth0p6_adx12p0_trail2p0_hold8_5p0x_0p1_82dfdcab,cross_asset_rank_chandelier_breakout,DOGEUSDT,1h,long_short,12,0.015,0.0,8,2,top1_breadth_adx_trail2.0,False,,,,,5.0,0.1,0.5,0.3833792008693817,0.19563016155183166,0.0,0.17052638055500013,0.06557520342396184,0.0,1.1030454894629769,3.607722571327468,0.0,677,98,0,4356,641,0,1.9597141761180137,0.18774903931755005,11.325825727308175,39.92452276567993,,False,False,False,False,no_promotion_shadow_or_reject,False,False,False,"{""live_notional_fraction"": 0.5, ""parity"": true, ""recorded"": true, ""replay_notional_fraction"": 0.5, ""sizing_mode"": ""notional_fraction_equals_leverage_times_allocation_fraction""}",0,0,locked_oos_trade_event_count_0_below_20;locked_oos_return_not_positive;locked_oos_return_per_turnover_proxy_bps_missing_not_above_10.000;shadow_universe_not_promotion_eligible,crypto_high_beta_alt,shadow_probe_only,"{""breadth_threshold"": 0.6, ""market_momentum_floor"": -0.02, ""panel_symbols"": [""BTCUSDT"", ""ETHUSDT"", ""SOLUSDT"", ""BNBUSDT"", ""TRXUSDT""], ""rank_top_n"": 1}",1.8179560470136997,0.21650290461083932,-0.017157988673841107,-0.017157988673841107
221,a30fb_asset_diverse_rank_chandelier_1h_dogeusdt_lb12_top2_mom0p015_breadth0p6_adx12p0_trail2p0_hold8_4p0x_0p125_d6d62325,cross_asset_rank_chandelier_breakout,DOGEUSDT,1h,long_short,12,0.015,0.0,8,2,top2_breadth_adx_trail2.0,False,,,,,4.0,0.125,0.5,0.3833792008693817,0.19563016155183166,0.0,0.17052638055500013,0.06557520342396184,0.0,1.1030454894629769,3.607722571327468,0.0,677,98,0,4356,641,0,1.9597141761180137,0.18774903931755005,11.325825727308175,39.92452276567993,,False,False,False,False,no_promotion_shadow_or_reject,False,False,False,"{""live_notional_fraction"": 0.5, ""parity"": true, ""recorded"": true, ""replay_notional_fraction"": 0.5, ""sizing_mode"": ""notional_fraction_equals_leverage_times_allocation_fraction""}",0,0,locked_oos_trade_event_count_0_below_20;locked_oos_return_not_positive;locked_oos_return_per_turnover_proxy_bps_missing_not_above_10.000;shadow_universe_not_promotion_eligible,crypto_high_beta_alt,shadow_probe_only,"{""breadth_threshold"": 0.6, ""market_momentum_floor"": -0.02, ""panel_symbols"": [""BTCUSDT"", ""ETHUSDT"", ""SOLUSDT"", ""BNBUSDT"", ""TRXUSDT""], ""rank_top_n"": 2}",1.8179560470136997,0.21650290461083932,-0.017157988673841107,-0.017157988673841107
222,a30fb_asset_diverse_rank_chandelier_1h_dogeusdt_lb12_top2_mom0p015_breadth0p6_adx12p0_trail2p0_hold8_5p0x_0p1_a9b7e0f2,cross_asset_rank_chandelier_breakout,DOGEUSDT,1h,long_short,12,0.015,0.0,8,2,top2_breadth_adx_trail2.0,False,,,,,5.0,0.1,0.5,0.3833792008693817,0.19563016155183166,0.0,0.17052638055500013,0.06557520342396184,0.0,1.1030454894629769,3.607722571327468,0.0,677,98,0,4356,641,0,1.9597141761180137,0.18774903931755005,11.325825727308175,39.92452276567993,,False,False,False,False,no_promotion_shadow_or_reject,False,False,False,"{""live_notional_fraction"": 0.5, ""parity"": true, ""recorded"": true, ""replay_notional_fraction"": 0.5, ""sizing_mode"": ""notional_fraction_equals_leverage_times_allocation_fraction""}",0,0,locked_oos_trade_event_count_0_below_20;locked_oos_return_not_positive;locked_oos_return_per_turnover_proxy_bps_missing_not_above_10.000;shadow_universe_not_promotion_eligible,crypto_high_beta_alt,shadow_probe_only,"{""breadth_threshold"": 0.6, ""market_momentum_floor"": -0.02, ""panel_symbols"": [""BTCUSDT"", ""ETHUSDT"", ""SOLUSDT"", ""BNBUSDT"", ""TRXUSDT""], ""rank_top_n"": 2}",1.8179560470136997,0.21650290461083932,-0.017157988673841107,-0.017157988673841107
223,a30fb_asset_diverse_rank_chandelier_1h_dogeusdt_lb12_top1_mom0p015_breadth0p6_adx18p0_trail2p0_hold8_4p0x_0p125_8689a3d9,cross_asset_rank_chandelier_breakout,DOGEUSDT,1h,long_short,12,0.015,0.0,8,2,top1_breadth_adx_trail2.0,False,,,,,4.0,0.125,0.5,0.35571809145989586,0.19563016155183166,0.0,0.17052638055499925,0.06557520342396184,0.0,1.0457971508001247,3.607722571327468,0.0,675,98,0,4339,641,0,1.8183192644639787,0.1600879299080642,10.539795302515433,39.92452276567993,,False,False,False,False,no_promotion_shadow_or_reject,False,False,False,"{""live_notional_fraction"": 0.5, ""parity"": true, ""recorded"": true, ""replay_notional_fraction"": 0.5, ""sizing_mode"": ""notional_fraction_equals_leverage_times_allocation_fraction""}",0,0,locked_oos_trade_event_count_0_below_20;locked_oos_return_not_positive;locked_oos_return_per_turnover_proxy_bps_missing_not_above_10.000;shadow_universe_not_promotion_eligible,crypto_high_beta_alt,shadow_probe_only,"{""breadth_threshold"": 0.6, ""market_momentum_floor"": -0.02, ""panel_symbols"": [""BTCUSDT"", ""ETHUSDT"", ""SOLUSDT"", ""BNBUSDT"", ""TRXUSDT""], ""rank_top_n"": 1}",1.814932853072189,0.21650290461083932,-0.017157988673841107,-0.017157988673841107
224,a30fb_asset_diverse_rank_chandelier_1h_dogeusdt_lb12_top1_mom0p015_breadth0p6_adx18p0_trail2p0_hold8_5p0x_0p1_f4fbbc60,cross_asset_rank_chandelier_breakout,DOGEUSDT,1h,long_short,12,0.015,0.0,8,2,top1_breadth_adx_trail2.0,False,,,,,5.0,0.1,0.5,0.35571809145989586,0.19563016155183166,0.0,0.17052638055499925,0.06557520342396184,0.0,1.0457971508001247,3.607722571327468,0.0,675,98,0,4339,641,0,1.8183192644639787,0.1600879299080642,10.539795302515433,39.92452276567993,,False,False,False,False,no_promotion_shadow_or_reject,False,False,False,"{""live_notional_fraction"": 0.5, ""parity"": true, ""recorded"": true, ""replay_notional_fraction"": 0.5, ""sizing_mode"": ""notional_fraction_equals_leverage_times_allocation_fraction""}",0,0,locked_oos_trade_event_count_0_below_20;locked_oos_return_not_positive;locked_oos_return_per_turnover_proxy_bps_missing_not_above_10.000;shadow_universe_not_promotion_eligible,crypto_high_beta_alt,shadow_probe_only,"{""breadth_threshold"": 0.6, ""market_momentum_floor"": -0.02, ""panel_symbols"": [""BTCUSDT"", ""ETHUSDT"", ""SOLUSDT"", ""BNBUSDT"", ""TRXUSDT""], ""rank_top_n"": 1}",1.814932853072189,0.21650290461083932,-0.017157988673841107,-0.017157988673841107
225,a30fb_asset_diverse_rank_chandelier_1h_dogeusdt_lb12_top2_mom0p015_breadth0p6_adx18p0_trail2p0_hold8_4p0x_0p125_7a0af952,cross_asset_rank_chandelier_breakout,DOGEUSDT,1h,long_short,12,0.015,0.0,8,2,top2_breadth_adx_trail2.0,False,,,,,4.0,0.125,0.5,0.35571809145989586,0.19563016155183166,0.0,0.17052638055499925,0.06557520342396184,0.0,1.0457971508001247,3.607722571327468,0.0,675,98,0,4339,641,0,1.8183192644639787,0.1600879299080642,10.539795302515433,39.92452276567993,,False,False,False,False,no_promotion_shadow_or_reject,False,False,False,"{""live_notional_fraction"": 0.5, ""parity"": true, ""recorded"": true, ""replay_notional_fraction"": 0.5, ""sizing_mode"": ""notional_fraction_equals_leverage_times_allocation_fraction""}",0,0,locked_oos_trade_event_count_0_below_20;locked_oos_return_not_positive;locked_oos_return_per_turnover_proxy_bps_missing_not_above_10.000;shadow_universe_not_promotion_eligible,crypto_high_beta_alt,shadow_probe_only,"{""breadth_threshold"": 0.6, ""market_momentum_floor"": -0.02, ""panel_symbols"": [""BTCUSDT"", ""ETHUSDT"", ""SOLUSDT"", ""BNBUSDT"", ""TRXUSDT""], ""rank_top_n"": 2}",1.814932853072189,0.21650290461083932,-0.017157988673841107,-0.017157988673841107
226,a30fb_asset_diverse_rank_chandelier_1h_dogeusdt_lb12_top2_mom0p015_breadth0p6_adx18p0_trail2p0_hold8_5p0x_0p1_d00788b1,cross_asset_rank_chandelier_breakout,DOGEUSDT,1h,long_short,12,0.015,0.0,8,2,top2_breadth_adx_trail2.0,False,,,,,5.0,0.1,0.5,0.35571809145989586,0.19563016155183166,0.0,0.17052638055499925,0.06557520342396184,0.0,1.0457971508001247,3.607722571327468,0.0,675,98,0,4339,641,0,1.8183192644639787,0.1600879299080642,10.539795302515433,39.92452276567993,,False,False,False,False,no_promotion_shadow_or_reject,False,False,False,"{""live_notional_fraction"": 0.5, ""parity"": true, ""recorded"": true, ""replay_notional_fraction"": 0.5, ""sizing_mode"": ""notional_fraction_equals_leverage_times_allocation_fraction""}",0,0,locked_oos_trade_event_count_0_below_20;locked_oos_return_not_positive;locked_oos_return_per_turnover_proxy_bps_missing_not_above_10.000;shadow_universe_not_promotion_eligible,crypto_high_beta_alt,shadow_probe_only,"{""breadth_threshold"": 0.6, ""market_momentum_floor"": -0.02, ""panel_symbols"": [""BTCUSDT"", ""ETHUSDT"", ""SOLUSDT"", ""BNBUSDT"", ""TRXUSDT""], ""rank_top_n"": 2}",1.814932853072189,0.21650290461083932,-0.017157988673841107,-0.017157988673841107
227,a30fb_asset_diverse_rank_chandelier_1h_dogeusdt_lb12_top1_mom0p015_breadth0p6_adx12p0_trail3p0_hold8_4p0x_0p125_d5aa68b1,cross_asset_rank_chandelier_breakout,DOGEUSDT,1h,long_short,12,0.015,0.0,8,2,top1_breadth_adx_trail3.0,False,,,,,4.0,0.125,0.5,0.3892696468141572,0.1928457686476137,0.0,0.17052638055500013,0.06775129922413414,0.0,1.1151205911657598,3.561854868845525,0.0,675,98,0,4349,642,0,2.0185542547499087,0.1964238781665435,11.533915461160213,39.35627931583953,,False,False,False,False,no_promotion_shadow_or_reject,False,False,False,"{""live_notional_fraction"": 0.5, ""parity"": true, ""recorded"": true, ""replay_notional_fraction"": 0.5, ""sizing_mode"": ""notional_fraction_equals_leverage_times_allocation_fraction""}",0,0,locked_oos_trade_event_count_0_below_20;locked_oos_return_not_positive;locked_oos_return_per_turnover_proxy_bps_missing_not_above_10.000;shadow_universe_not_promotion_eligible,crypto_high_beta_alt,shadow_probe_only,"{""breadth_threshold"": 0.6, ""market_momentum_floor"": -0.02, ""panel_symbols"": [""BTCUSDT"", ""ETHUSDT"", ""SOLUSDT"", ""BNBUSDT"", ""TRXUSDT""], ""rank_top_n"": 1}",1.77992160692616,0.21650290461083932,-0.019446838863729887,-0.019446838863729887
228,a30fb_asset_diverse_rank_chandelier_1h_dogeusdt_lb12_top1_mom0p015_breadth0p6_adx12p0_trail3p0_hold8_5p0x_0p1_94ccd622,cross_asset_rank_chandelier_breakout,DOGEUSDT,1h,long_short,12,0.015,0.0,8,2,top1_breadth_adx_trail3.0,False,,,,,5.0,0.1,0.5,0.3892696468141572,0.1928457686476137,0.0,0.17052638055500013,0.06775129922413414,0.0,1.1151205911657598,3.561854868845525,0.0,675,98,0,4349,642,0,2.0185542547499087,0.1964238781665435,11.533915461160213,39.35627931583953,,False,False,False,False,no_promotion_shadow_or_reject,False,False,False,"{""live_notional_fraction"": 0.5, ""parity"": true, ""recorded"": true, ""replay_notional_fraction"": 0.5, ""sizing_mode"": ""notional_fraction_equals_leverage_times_allocation_fraction""}",0,0,locked_oos_trade_event_count_0_below_20;locked_oos_return_not_positive;locked_oos_return_per_turnover_proxy_bps_missing_not_above_10.000;shadow_universe_not_promotion_eligible,crypto_high_beta_alt,shadow_probe_only,"{""breadth_threshold"": 0.6, ""market_momentum_floor"": -0.02, ""panel_symbols"": [""BTCUSDT"", ""ETHUSDT"", ""SOLUSDT"", ""BNBUSDT"", ""TRXUSDT""], ""rank_top_n"": 1}",1.77992160692616,0.21650290461083932,-0.019446838863729887,-0.019446838863729887
229,a30fb_asset_diverse_rank_chandelier_1h_dogeusdt_lb12_top2_mom0p015_breadth0p6_adx12p0_trail3p0_hold8_4p0x_0p125_dc03e893,cross_asset_rank_chandelier_breakout,DOGEUSDT,1h,long_short,12,0.015,0.0,8,2,top2_breadth_adx_trail3.0,False,,,,,4.0,0.125,0.5,0.3892696468141572,0.1928457686476137,0.0,0.17052638055500013,0.06775129922413414,0.0,1.1151205911657598,3.561854868845525,0.0,675,98,0,4349,642,0,2.0185542547499087,0.1964238781665435,11.533915461160213,39.35627931583953,,False,False,False,False,no_promotion_shadow_or_reject,False,False,False,"{""live_notional_fraction"": 0.5, ""parity"": true, ""recorded"": true, ""replay_notional_fraction"": 0.5, ""sizing_mode"": ""notional_fraction_equals_leverage_times_allocation_fraction""}",0,0,locked_oos_trade_event_count_0_below_20;locked_oos_return_not_positive;locked_oos_return_per_turnover_proxy_bps_missing_not_above_10.000;shadow_universe_not_promotion_eligible,crypto_high_beta_alt,shadow_probe_only,"{""breadth_threshold"": 0.6, ""market_momentum_floor"": -0.02, ""panel_symbols"": [""BTCUSDT"", ""ETHUSDT"", ""SOLUSDT"", ""BNBUSDT"", ""TRXUSDT""], ""rank_top_n"": 2}",1.77992160692616,0.21650290461083932,-0.019446838863729887,-0.019446838863729887
230,a30fb_asset_diverse_rank_chandelier_1h_dogeusdt_lb12_top2_mom0p015_breadth0p6_adx12p0_trail3p0_hold8_5p0x_0p1_c6bbee08,cross_asset_rank_chandelier_breakout,DOGEUSDT,1h,long_short,12,0.015,0.0,8,2,top2_breadth_adx_trail3.0,False,,,,,5.0,0.1,0.5,0.3892696468141572,0.1928457686476137,0.0,0.17052638055500013,0.06775129922413414,0.0,1.1151205911657598,3.561854868845525,0.0,675,98,0,4349,642,0,2.0185542547499087,0.1964238781665435,11.533915461160213,39.35627931583953,,False,False,False,False,no_promotion_shadow_or_reject,False,False,False,"{""live_notional_fraction"": 0.5, ""parity"": true, ""recorded"": true, ""replay_notional_fraction"": 0.5, ""sizing_mode"": ""notional_fraction_equals_leverage_times_allocation_fraction""}",0,0,locked_oos_trade_event_count_0_below_20;locked_oos_return_not_positive;locked_oos_return_per_turnover_proxy_bps_missing_not_above_10.000;shadow_universe_not_promotion_eligible,crypto_high_beta_alt,shadow_probe_only,"{""breadth_threshold"": 0.6, ""market_momentum_floor"": -0.02, ""panel_symbols"": [""BTCUSDT"", ""ETHUSDT"", ""SOLUSDT"", ""BNBUSDT"", ""TRXUSDT""], ""rank_top_n"": 2}",1.77992160692616,0.21650290461083932,-0.019446838863729887,-0.019446838863729887
231,a30fb_asset_diverse_rank_chandelier_1h_dogeusdt_lb12_top1_mom0p015_breadth0p6_adx18p0_trail3p0_hold8_4p0x_0p125_6078997b,cross_asset_rank_chandelier_breakout,DOGEUSDT,1h,long_short,12,0.015,0.0,8,2,top1_breadth_adx_trail3.0,False,,,,,4.0,0.125,0.5,0.36149075605472647,0.1928457686476137,0.0,0.17052638055499925,0.06775129922413414,0.0,1.0578884448776533,3.561854868845525,0.0,673,98,0,4332,642,0,1.8745070663970702,0.16864498740711276,10.742667341893803,39.35627931583953,,False,False,False,False,no_promotion_shadow_or_reject,False,False,False,"{""live_notional_fraction"": 0.5, ""parity"": true, ""recorded"": true, ""replay_notional_fraction"": 0.5, ""sizing_mode"": ""notional_fraction_equals_leverage_times_allocation_fraction""}",0,0,locked_oos_trade_event_count_0_below_20;locked_oos_return_not_positive;locked_oos_return_per_turnover_proxy_bps_missing_not_above_10.000;shadow_universe_not_promotion_eligible,crypto_high_beta_alt,shadow_probe_only,"{""breadth_threshold"": 0.6, ""market_momentum_floor"": -0.02, ""panel_symbols"": [""BTCUSDT"", ""ETHUSDT"", ""SOLUSDT"", ""BNBUSDT"", ""TRXUSDT""], ""rank_top_n"": 1}",1.7768783449289816,0.21650290461083932,-0.019446838863729887,-0.019446838863729887
232,a30fb_asset_diverse_rank_chandelier_1h_dogeusdt_lb12_top1_mom0p015_breadth0p6_adx18p0_trail3p0_hold8_5p0x_0p1_b05164be,cross_asset_rank_chandelier_breakout,DOGEUSDT,1h,long_short,12,0.015,0.0,8,2,top1_breadth_adx_trail3.0,False,,,,,5.0,0.1,0.5,0.36149075605472647,0.1928457686476137,0.0,0.17052638055499925,0.06775129922413414,0.0,1.0578884448776533,3.561854868845525,0.0,673,98,0,4332,642,0,1.8745070663970702,0.16864498740711276,10.742667341893803,39.35627931583953,,False,False,False,False,no_promotion_shadow_or_reject,False,False,False,"{""live_notional_fraction"": 0.5, ""parity"": true, ""recorded"": true, ""replay_notional_fraction"": 0.5, ""sizing_mode"": ""notional_fraction_equals_leverage_times_allocation_fraction""}",0,0,locked_oos_trade_event_count_0_below_20;locked_oos_return_not_positive;locked_oos_return_per_turnover_proxy_bps_missing_not_above_10.000;shadow_universe_not_promotion_eligible,crypto_high_beta_alt,shadow_probe_only,"{""breadth_threshold"": 0.6, ""market_momentum_floor"": -0.02, ""panel_symbols"": [""BTCUSDT"", ""ETHUSDT"", ""SOLUSDT"", ""BNBUSDT"", ""TRXUSDT""], ""rank_top_n"": 1}",1.7768783449289816,0.21650290461083932,-0.019446838863729887,-0.019446838863729887
233,a30fb_asset_diverse_rank_chandelier_1h_dogeusdt_lb12_top2_mom0p015_breadth0p6_adx18p0_trail3p0_hold8_4p0x_0p125_9b8dfa6c,cross_asset_rank_chandelier_breakout,DOGEUSDT,1h,long_short,12,0.015,0.0,8,2,top2_breadth_adx_trail3.0,False,,,,,4.0,0.125,0.5,0.36149075605472647,0.1928457686476137,0.0,0.17052638055499925,0.06775129922413414,0.0,1.0578884448776533,3.561854868845525,0.0,673,98,0,4332,642,0,1.8745070663970702,0.16864498740711276,10.742667341893803,39.35627931583953,,False,False,False,False,no_promotion_shadow_or_reject,False,False,False,"{""live_notional_fraction"": 0.5, ""parity"": true, ""recorded"": true, ""replay_notional_fraction"": 0.5, ""sizing_mode"": ""notional_fraction_equals_leverage_times_allocation_fraction""}",0,0,locked_oos_trade_event_count_0_below_20;locked_oos_return_not_positive;locked_oos_return_per_turnover_proxy_bps_missing_not_above_10.000;shadow_universe_not_promotion_eligible,crypto_high_beta_alt,shadow_probe_only,"{""breadth_threshold"": 0.6, ""market_momentum_floor"": -0.02, ""panel_symbols"": [""BTCUSDT"", ""ETHUSDT"", ""SOLUSDT"", ""BNBUSDT"", ""TRXUSDT""], ""rank_top_n"": 2}",1.7768783449289816,0.21650290461083932,-0.019446838863729887,-0.019446838863729887
234,a30fb_asset_diverse_rank_chandelier_1h_dogeusdt_lb12_top2_mom0p015_breadth0p6_adx18p0_trail3p0_hold8_5p0x_0p1_7623f404,cross_asset_rank_chandelier_breakout,DOGEUSDT,1h,long_short,12,0.015,0.0,8,2,top2_breadth_adx_trail3.0,False,,,,,5.0,0.1,0.5,0.36149075605472647,0.1928457686476137,0.0,0.17052638055499925,0.06775129922413414,0.0,1.0578884448776533,3.561854868845525,0.0,673,98,0,4332,642,0,1.8745070663970702,0.16864498740711276,10.742667341893803,39.35627931583953,,False,False,False,False,no_promotion_shadow_or_reject,False,False,False,"{""live_notional_fraction"": 0.5, ""parity"": true, ""recorded"": true, ""replay_notional_fraction"": 0.5, ""sizing_mode"": ""notional_fraction_equals_leverage_times_allocation_fraction""}",0,0,locked_oos_trade_event_count_0_below_20;locked_oos_return_not_positive;locked_oos_return_per_turnover_proxy_bps_missing_not_above_10.000;shadow_universe_not_promotion_eligible,crypto_high_beta_alt,shadow_probe_only,"{""breadth_threshold"": 0.6, ""market_momentum_floor"": -0.02, ""panel_symbols"": [""BTCUSDT"", ""ETHUSDT"", ""SOLUSDT"", ""BNBUSDT"", ""TRXUSDT""], ""rank_top_n"": 2}",1.7768783449289816,0.21650290461083932,-0.019446838863729887,-0.019446838863729887
235,a30fb_asset_diverse_rank_chandelier_1h_dogeusdt_lb12_top1_mom0p015_breadth0p4_adx12p0_trail2p0_hold18_2p0x_0p15_d9e101be,cross_asset_rank_chandelier_breakout,DOGEUSDT,1h,long_short,12,0.015,0.0,18,2,top1_breadth_adx_trail2.0,False,,,,,2.0,0.15,0.3,0.3510847709943199,0.15457207259865435,0.0,0.11982002522965218,0.036374237943040955,0.0,1.4219531675731545,4.478592009935375,0.0,523,89,0,5396,906,0,2.271333786834248,0.19651269839566554,22.37633977019247,57.89216202196793,,False,False,False,False,no_promotion_shadow_or_reject,False,False,False,"{""live_notional_fraction"": 0.3, ""parity"": true, ""recorded"": true, ""replay_notional_fraction"": 0.3, ""sizing_mode"": ""notional_fraction_equals_leverage_times_allocation_fraction""}",0,0,locked_oos_trade_event_count_0_below_20;locked_oos_return_not_positive;locked_oos_return_per_turnover_proxy_bps_missing_not_above_10.000;shadow_universe_not_promotion_eligible,crypto_high_beta_alt,shadow_probe_only,"{""breadth_threshold"": 0.4, ""market_momentum_floor"": -0.02, ""panel_symbols"": [""BTCUSDT"", ""ETHUSDT"", ""SOLUSDT"", ""BNBUSDT"", ""TRXUSDT""], ""rank_top_n"": 1}",1.768825517739739,0.09512606117451905,0.05428234568756363,0.05428234568756363
236,a30fb_asset_diverse_rank_chandelier_1h_dogeusdt_lb12_top2_mom0p015_breadth0p4_adx12p0_trail2p0_hold18_2p0x_0p15_c690ca6a,cross_asset_rank_chandelier_breakout,DOGEUSDT,1h,long_short,12,0.015,0.0,18,2,top2_breadth_adx_trail2.0,False,,,,,2.0,0.15,0.3,0.3510847709943199,0.15457207259865435,0.0,0.11982002522965218,0.036374237943040955,0.0,1.4219531675731545,4.478592009935375,0.0,523,89,0,5396,906,0,2.271333786834248,0.19651269839566554,22.37633977019247,57.89216202196793,,False,False,False,False,no_promotion_shadow_or_reject,False,False,False,"{""live_notional_fraction"": 0.3, ""parity"": true, ""recorded"": true, ""replay_notional_fraction"": 0.3, ""sizing_mode"": ""notional_fraction_equals_leverage_times_allocation_fraction""}",0,0,locked_oos_trade_event_count_0_below_20;locked_oos_return_not_positive;locked_oos_return_per_turnover_proxy_bps_missing_not_above_10.000;shadow_universe_not_promotion_eligible,crypto_high_beta_alt,shadow_probe_only,"{""breadth_threshold"": 0.4, ""market_momentum_floor"": -0.02, ""panel_symbols"": [""BTCUSDT"", ""ETHUSDT"", ""SOLUSDT"", ""BNBUSDT"", ""TRXUSDT""], ""rank_top_n"": 2}",1.768825517739739,0.09512606117451905,0.05428234568756363,0.05428234568756363
237,a30fb_asset_diverse_rank_chandelier_1h_dogeusdt_lb12_top1_mom0p015_breadth0p4_adx12p0_trail2p0_hold18_3p0x_0p1_335bce76,cross_asset_rank_chandelier_breakout,DOGEUSDT,1h,long_short,12,0.015,0.0,18,2,top1_breadth_adx_trail2.0,False,,,,,3.0,0.1,0.30000000000000004,0.35108477099432167,0.1545720725986539,0.0,0.11982002522965218,0.03637423794304118,0.0,1.4219531675731547,4.478592009935376,0.0,523,89,0,5396,906,0,2.271333786834266,0.19651269839566776,22.37633977019258,57.89216202196775,,False,False,False,False,no_promotion_shadow_or_reject,False,False,False,"{""live_notional_fraction"": 0.30000000000000004, ""parity"": true, ""recorded"": true, ""replay_notional_fraction"": 0.30000000000000004, ""sizing_mode"": ""notional_fraction_equals_leverage_times_allocation_fraction""}",0,0,locked_oos_trade_event_count_0_below_20;locked_oos_return_not_positive;locked_oos_return_per_turnover_proxy_bps_missing_not_above_10.000;shadow_universe_not_promotion_eligible,crypto_high_beta_alt,shadow_probe_only,"{""breadth_threshold"": 0.4, ""market_momentum_floor"": -0.02, ""panel_symbols"": [""BTCUSDT"", ""ETHUSDT"", ""SOLUSDT"", ""BNBUSDT"", ""TRXUSDT""], ""rank_top_n"": 1}",1.7688255177397336,0.0951260611745186,0.054282345687563405,0.054282345687563405
238,a30fb_asset_diverse_rank_chandelier_1h_dogeusdt_lb12_top2_mom0p015_breadth0p4_adx12p0_trail2p0_hold18_3p0x_0p1_c0fa0a91,cross_asset_rank_chandelier_breakout,DOGEUSDT,1h,long_short,12,0.015,0.0,18,2,top2_breadth_adx_trail2.0,False,,,,,3.0,0.1,0.30000000000000004,0.35108477099432167,0.1545720725986539,0.0,0.11982002522965218,0.03637423794304118,0.0,1.4219531675731547,4.478592009935376,0.0,523,89,0,5396,906,0,2.271333786834266,0.19651269839566776,22.37633977019258,57.89216202196775,,False,False,False,False,no_promotion_shadow_or_reject,False,False,False,"{""live_notional_fraction"": 0.30000000000000004, ""parity"": true, ""recorded"": true, ""replay_notional_fraction"": 0.30000000000000004, ""sizing_mode"": ""notional_fraction_equals_leverage_times_allocation_fraction""}",0,0,locked_oos_trade_event_count_0_below_20;locked_oos_return_not_positive;locked_oos_return_per_turnover_proxy_bps_missing_not_above_10.000;shadow_universe_not_promotion_eligible,crypto_high_beta_alt,shadow_probe_only,"{""breadth_threshold"": 0.4, ""market_momentum_floor"": -0.02, ""panel_symbols"": [""BTCUSDT"", ""ETHUSDT"", ""SOLUSDT"", ""BNBUSDT"", ""TRXUSDT""], ""rank_top_n"": 2}",1.7688255177397336,0.0951260611745186,0.054282345687563405,0.054282345687563405
239,a30fb_asset_diverse_rank_chandelier_1h_dogeusdt_lb12_top1_mom0p015_breadth0p4_adx12p0_trail3p0_hold18_2p0x_0p15_665fe095,cross_asset_rank_chandelier_breakout,DOGEUSDT,1h,long_short,12,0.015,0.0,18,2,top1_breadth_adx_trail3.0,False,,,,,2.0,0.15,0.3,0.33456826049890553,0.15457207259865435,0.0,0.11982002522965296,0.036374237943040955,0.0,1.3656767189710146,4.478592009935375,0.0,523,89,0,5407,906,0,2.164480652126665,0.17999618790025118,21.323662237023935,57.89216202196793,,False,False,False,False,no_promotion_shadow_or_reject,False,False,False,"{""live_notional_fraction"": 0.3, ""parity"": true, ""recorded"": true, ""replay_notional_fraction"": 0.3, ""sizing_mode"": ""notional_fraction_equals_leverage_times_allocation_fraction""}",0,0,locked_oos_trade_event_count_0_below_20;locked_oos_return_not_positive;locked_oos_return_per_turnover_proxy_bps_missing_not_above_10.000;shadow_universe_not_promotion_eligible,crypto_high_beta_alt,shadow_probe_only,"{""breadth_threshold"": 0.4, ""market_momentum_floor"": -0.02, ""panel_symbols"": [""BTCUSDT"", ""ETHUSDT"", ""SOLUSDT"", ""BNBUSDT"", ""TRXUSDT""], ""rank_top_n"": 1}",1.764776757996783,0.09512606117451905,0.05428234568756363,0.05428234568756363
240,a30fb_asset_diverse_rank_chandelier_1h_dogeusdt_lb12_top2_mom0p015_breadth0p4_adx12p0_trail3p0_hold18_2p0x_0p15_bae62040,cross_asset_rank_chandelier_breakout,DOGEUSDT,1h,long_short,12,0.015,0.0,18,2,top2_breadth_adx_trail3.0,False,,,,,2.0,0.15,0.3,0.33456826049890553,0.15457207259865435,0.0,0.11982002522965296,0.036374237943040955,0.0,1.3656767189710146,4.478592009935375,0.0,523,89,0,5407,906,0,2.164480652126665,0.17999618790025118,21.323662237023935,57.89216202196793,,False,False,False,False,no_promotion_shadow_or_reject,False,False,False,"{""live_notional_fraction"": 0.3, ""parity"": true, ""recorded"": true, ""replay_notional_fraction"": 0.3, ""sizing_mode"": ""notional_fraction_equals_leverage_times_allocation_fraction""}",0,0,locked_oos_trade_event_count_0_below_20;locked_oos_return_not_positive;locked_oos_return_per_turnover_proxy_bps_missing_not_above_10.000;shadow_universe_not_promotion_eligible,crypto_high_beta_alt,shadow_probe_only,"{""breadth_threshold"": 0.4, ""market_momentum_floor"": -0.02, ""panel_symbols"": [""BTCUSDT"", ""ETHUSDT"", ""SOLUSDT"", ""BNBUSDT"", ""TRXUSDT""], ""rank_top_n"": 2}",1.764776757996783,0.09512606117451905,0.05428234568756363,0.05428234568756363
241,a30fb_asset_diverse_rank_chandelier_1h_dogeusdt_lb12_top1_mom0p015_breadth0p4_adx12p0_trail3p0_hold18_3p0x_0p1_2fa25366,cross_asset_rank_chandelier_breakout,DOGEUSDT,1h,long_short,12,0.015,0.0,18,2,top1_breadth_adx_trail3.0,False,,,,,3.0,0.1,0.30000000000000004,0.33456826049890553,0.1545720725986539,0.0,0.11982002522965274,0.03637423794304118,0.0,1.3656767189710146,4.478592009935376,0.0,523,89,0,5407,906,0,2.164480652126671,0.17999618790025163,21.32366223702393,57.89216202196775,,False,False,False,False,no_promotion_shadow_or_reject,False,False,False,"{""live_notional_fraction"": 0.30000000000000004, ""parity"": true, ""recorded"": true, ""replay_notional_fraction"": 0.30000000000000004, ""sizing_mode"": ""notional_fraction_equals_leverage_times_allocation_fraction""}",0,0,locked_oos_trade_event_count_0_below_20;locked_oos_return_not_positive;locked_oos_return_per_turnover_proxy_bps_missing_not_above_10.000;shadow_universe_not_promotion_eligible,crypto_high_beta_alt,shadow_probe_only,"{""breadth_threshold"": 0.4, ""market_momentum_floor"": -0.02, ""panel_symbols"": [""BTCUSDT"", ""ETHUSDT"", ""SOLUSDT"", ""BNBUSDT"", ""TRXUSDT""], ""rank_top_n"": 1}",1.7647767579967775,0.0951260611745186,0.054282345687563405,0.054282345687563405
242,a30fb_asset_diverse_rank_chandelier_1h_dogeusdt_lb12_top2_mom0p015_breadth0p4_adx12p0_trail3p0_hold18_3p0x_0p1_e258850a,cross_asset_rank_chandelier_breakout,DOGEUSDT,1h,long_short,12,0.015,0.0,18,2,top2_breadth_adx_trail3.0,False,,,,,3.0,0.1,0.30000000000000004,0.33456826049890553,0.1545720725986539,0.0,0.11982002522965274,0.03637423794304118,0.0,1.3656767189710146,4.478592009935376,0.0,523,89,0,5407,906,0,2.164480652126671,0.17999618790025163,21.32366223702393,57.89216202196775,,False,False,False,False,no_promotion_shadow_or_reject,False,False,False,"{""live_notional_fraction"": 0.30000000000000004, ""parity"": true, ""recorded"": true, ""replay_notional_fraction"": 0.30000000000000004, ""sizing_mode"": ""notional_fraction_equals_leverage_times_allocation_fraction""}",0,0,locked_oos_trade_event_count_0_below_20;locked_oos_return_not_positive;locked_oos_return_per_turnover_proxy_bps_missing_not_above_10.000;shadow_universe_not_promotion_eligible,crypto_high_beta_alt,shadow_probe_only,"{""breadth_threshold"": 0.4, ""market_momentum_floor"": -0.02, ""panel_symbols"": [""BTCUSDT"", ""ETHUSDT"", ""SOLUSDT"", ""BNBUSDT"", ""TRXUSDT""], ""rank_top_n"": 2}",1.7647767579967775,0.0951260611745186,0.054282345687563405,0.054282345687563405
243,a30fb_asset_diverse_residual_reclaim_6h_ethusdt_btcusdt_lb24_z1p0_hold12_4p0x_0p125_9094eb20,relative_residual_reclaim,ETHUSDT,6h,long_short,24,1.0,0.05,12,2,base_btcusdt_market_momentum_guard,False,,,,,4.0,0.125,0.5,0.2924841433954848,0.14305856454131471,0.021647456137456667,0.17043513407305744,0.04882317509611289,0.028809052310715066,1.324413353485335,3.412792570046211,1.1659469594906806,66,10,12,413,60,85,2.044506348384452,0.14942557885417007,88.63155860469237,286.11712908262945,36.07909356242778,False,True,False,False,no_promotion_shadow_or_reject,False,False,False,"{""live_notional_fraction"": 0.5, ""parity"": true, ""recorded"": true, ""replay_notional_fraction"": 0.5, ""sizing_mode"": ""notional_fraction_equals_leverage_times_allocation_fraction""}",0,0,train_trade_event_count_66_below_80;validation_trade_event_count_10_below_30;locked_oos_trade_event_count_12_below_20,crypto_major,promotion_eligible,"{""base_symbol"": ""BTCUSDT"", ""market_momentum_floor"": -0.02, ""panel_symbols"": [""BTCUSDT"", ""ETHUSDT"", ""SOLUSDT"", ""BNBUSDT"", ""TRXUSDT""]}",1.7337760147790788,0.19079445645779303,-0.040087432098463105,-0.040087432098463105
244,a30fb_asset_diverse_residual_reclaim_6h_ethusdt_btcusdt_lb24_z1p0_hold12_5p0x_0p1_935cb20a,relative_residual_reclaim,ETHUSDT,6h,long_short,24,1.0,0.05,12,2,base_btcusdt_market_momentum_guard,False,,,,,5.0,0.1,0.5,0.2924841433954848,0.14305856454131471,0.021647456137456667,0.17043513407305744,0.04882317509611289,0.028809052310715066,1.324413353485335,3.412792570046211,1.1659469594906806,66,10,12,413,60,85,2.044506348384452,0.14942557885417007,88.63155860469237,286.11712908262945,36.07909356242778,False,True,False,False,no_promotion_shadow_or_reject,False,False,False,"{""live_notional_fraction"": 0.5, ""parity"": true, ""recorded"": true, ""replay_notional_fraction"": 0.5, ""sizing_mode"": ""notional_fraction_equals_leverage_times_allocation_fraction""}",0,0,train_trade_event_count_66_below_80;validation_trade_event_count_10_below_30;locked_oos_trade_event_count_12_below_20,crypto_major,promotion_eligible,"{""base_symbol"": ""BTCUSDT"", ""market_momentum_floor"": -0.02, ""panel_symbols"": [""BTCUSDT"", ""ETHUSDT"", ""SOLUSDT"", ""BNBUSDT"", ""TRXUSDT""]}",1.7337760147790788,0.19079445645779303,-0.040087432098463105,-0.040087432098463105
245,a30fb_asset_diverse_rank_chandelier_1h_dogeusdt_lb12_top1_mom0p015_breadth0p4_adx18p0_trail2p0_hold18_2p0x_0p15_6771e32c,cross_asset_rank_chandelier_breakout,DOGEUSDT,1h,long_short,12,0.015,0.0,18,2,top1_breadth_adx_trail2.0,False,,,,,2.0,0.15,0.3,0.15668813703686935,0.15457207259865435,0.0,0.17295690977940215,0.036374237943040955,0.0,0.7509016943660488,4.478592009935375,0.0,519,89,0,5365,906,0,1.0136898237996028,0.002116064438214993,10.063464164217686,57.89216202196793,,False,False,False,False,no_promotion_shadow_or_reject,False,False,False,"{""live_notional_fraction"": 0.3, ""parity"": true, ""recorded"": true, ""replay_notional_fraction"": 0.3, ""sizing_mode"": ""notional_fraction_equals_leverage_times_allocation_fraction""}",0,0,locked_oos_trade_event_count_0_below_20;locked_oos_return_not_positive;locked_oos_return_per_turnover_proxy_bps_missing_not_above_10.000;shadow_universe_not_promotion_eligible,crypto_high_beta_alt,shadow_probe_only,"{""breadth_threshold"": 0.4, ""market_momentum_floor"": -0.02, ""panel_symbols"": [""BTCUSDT"", ""ETHUSDT"", ""SOLUSDT"", ""BNBUSDT"", ""TRXUSDT""], ""rank_top_n"": 1}",1.7214683038706053,0.09512606117451905,0.05428234568756363,0.05428234568756363
246,a30fb_asset_diverse_rank_chandelier_1h_dogeusdt_lb12_top2_mom0p015_breadth0p4_adx18p0_trail2p0_hold18_2p0x_0p15_f6a41dbe,cross_asset_rank_chandelier_breakout,DOGEUSDT,1h,long_short,12,0.015,0.0,18,2,top2_breadth_adx_trail2.0,False,,,,,2.0,0.15,0.3,0.15668813703686935,0.15457207259865435,0.0,0.17295690977940215,0.036374237943040955,0.0,0.7509016943660488,4.478592009935375,0.0,519,89,0,5365,906,0,1.0136898237996028,0.002116064438214993,10.063464164217686,57.89216202196793,,False,False,False,False,no_promotion_shadow_or_reject,False,False,False,"{""live_notional_fraction"": 0.3, ""parity"": true, ""recorded"": true, ""replay_notional_fraction"": 0.3, ""sizing_mode"": ""notional_fraction_equals_leverage_times_allocation_fraction""}",0,0,locked_oos_trade_event_count_0_below_20;locked_oos_return_not_positive;locked_oos_return_per_turnover_proxy_bps_missing_not_above_10.000;shadow_universe_not_promotion_eligible,crypto_high_beta_alt,shadow_probe_only,"{""breadth_threshold"": 0.4, ""market_momentum_floor"": -0.02, ""panel_symbols"": [""BTCUSDT"", ""ETHUSDT"", ""SOLUSDT"", ""BNBUSDT"", ""TRXUSDT""], ""rank_top_n"": 2}",1.7214683038706053,0.09512606117451905,0.05428234568756363,0.05428234568756363
247,a30fb_asset_diverse_rank_chandelier_1h_dogeusdt_lb12_top1_mom0p015_breadth0p4_adx18p0_trail2p0_hold18_3p0x_0p1_bb2284d0,cross_asset_rank_chandelier_breakout,DOGEUSDT,1h,long_short,12,0.015,0.0,18,2,top1_breadth_adx_trail2.0,False,,,,,3.0,0.1,0.30000000000000004,0.15668813703687134,0.1545720725986539,0.0,0.17295690977940115,0.03637423794304118,0.0,0.7509016943660488,4.478592009935376,0.0,519,89,0,5365,906,0,1.0136898237996186,0.0021160644382174354,10.063464164217812,57.89216202196775,,False,False,False,False,no_promotion_shadow_or_reject,False,False,False,"{""live_notional_fraction"": 0.30000000000000004, ""parity"": true, ""recorded"": true, ""replay_notional_fraction"": 0.30000000000000004, ""sizing_mode"": ""notional_fraction_equals_leverage_times_allocation_fraction""}",0,0,locked_oos_trade_event_count_0_below_20;locked_oos_return_not_positive;locked_oos_return_per_turnover_proxy_bps_missing_not_above_10.000;shadow_universe_not_promotion_eligible,crypto_high_beta_alt,shadow_probe_only,"{""breadth_threshold"": 0.4, ""market_momentum_floor"": -0.02, ""panel_symbols"": [""BTCUSDT"", ""ETHUSDT"", ""SOLUSDT"", ""BNBUSDT"", ""TRXUSDT""], ""rank_top_n"": 1}",1.7214683038705998,0.0951260611745186,0.054282345687563405,0.054282345687563405
248,a30fb_asset_diverse_rank_chandelier_1h_dogeusdt_lb12_top2_mom0p015_breadth0p4_adx18p0_trail2p0_hold18_3p0x_0p1_b3af7046,cross_asset_rank_chandelier_breakout,DOGEUSDT,1h,long_short,12,0.015,0.0,18,2,top2_breadth_adx_trail2.0,False,,,,,3.0,0.1,0.30000000000000004,0.15668813703687134,0.1545720725986539,0.0,0.17295690977940115,0.03637423794304118,0.0,0.7509016943660488,4.478592009935376,0.0,519,89,0,5365,906,0,1.0136898237996186,0.0021160644382174354,10.063464164217812,57.89216202196775,,False,False,False,False,no_promotion_shadow_or_reject,False,False,False,"{""live_notional_fraction"": 0.30000000000000004, ""parity"": true, ""recorded"": true, ""replay_notional_fraction"": 0.30000000000000004, ""sizing_mode"": ""notional_fraction_equals_leverage_times_allocation_fraction""}",0,0,locked_oos_trade_event_count_0_below_20;locked_oos_return_not_positive;locked_oos_return_per_turnover_proxy_bps_missing_not_above_10.000;shadow_universe_not_promotion_eligible,crypto_high_beta_alt,shadow_probe_only,"{""breadth_threshold"": 0.4, ""market_momentum_floor"": -0.02, ""panel_symbols"": [""BTCUSDT"", ""ETHUSDT"", ""SOLUSDT"", ""BNBUSDT"", ""TRXUSDT""], ""rank_top_n"": 2}",1.7214683038705998,0.0951260611745186,0.054282345687563405,0.054282345687563405
249,a30fb_asset_diverse_rank_chandelier_1h_dogeusdt_lb12_top1_mom0p005_breadth0p4_adx18p0_trail2p0_hold12_4p0x_0p125_8f761bc3,cross_asset_rank_chandelier_breakout,DOGEUSDT,1h,long_short,12,0.005,0.0,12,2,top1_breadth_adx_trail2.0,False,,,,,4.0,0.125,0.5,0.3379677616154957,0.19144384923982538,0.0,0.1866663360838754,0.07197724112290871,0.0,0.9652101492127411,3.272094754732704,0.0,683,117,0,5165,859,0,1.7653623397015852,0.1465239123756703,9.896566957994017,32.725444314500066,,False,False,False,False,no_promotion_shadow_or_reject,False,False,False,"{""live_notional_fraction"": 0.5, ""parity"": true, ""recorded"": true, ""replay_notional_fraction"": 0.5, ""sizing_mode"": ""notional_fraction_equals_leverage_times_allocation_fraction""}",0,0,locked_oos_trade_event_count_0_below_20;locked_oos_return_not_positive;train_return_per_turnover_proxy_bps_9.897_not_above_10.000;locked_oos_return_per_turnover_proxy_bps_missing_not_above_10.000;shadow_universe_not_promotion_eligible,crypto_high_beta_alt,shadow_probe_only,"{""breadth_threshold"": 0.4, ""market_momentum_floor"": -0.02, ""panel_symbols"": [""BTCUSDT"", ""ETHUSDT"", ""SOLUSDT"", ""BNBUSDT"", ""TRXUSDT""], ""rank_top_n"": 1}",1.7133339738771483,0.21403639632704752,-0.018609447917355193,-0.018609447917355193
250,a30fb_asset_diverse_rank_chandelier_1h_dogeusdt_lb12_top1_mom0p005_breadth0p4_adx18p0_trail2p0_hold12_5p0x_0p1_37ad6c23,cross_asset_rank_chandelier_breakout,DOGEUSDT,1h,long_short,12,0.005,0.0,12,2,top1_breadth_adx_trail2.0,False,,,,,5.0,0.1,0.5,0.3379677616154957,0.19144384923982538,0.0,0.1866663360838754,0.07197724112290871,0.0,0.9652101492127411,3.272094754732704,0.0,683,117,0,5165,859,0,1.7653623397015852,0.1465239123756703,9.896566957994017,32.725444314500066,,False,False,False,False,no_promotion_shadow_or_reject,False,False,False,"{""live_notional_fraction"": 0.5, ""parity"": true, ""recorded"": true, ""replay_notional_fraction"": 0.5, ""sizing_mode"": ""notional_fraction_equals_leverage_times_allocation_fraction""}",0,0,locked_oos_trade_event_count_0_below_20;locked_oos_return_not_positive;train_return_per_turnover_proxy_bps_9.897_not_above_10.000;locked_oos_return_per_turnover_proxy_bps_missing_not_above_10.000;shadow_universe_not_promotion_eligible,crypto_high_beta_alt,shadow_probe_only,"{""breadth_threshold"": 0.4, ""market_momentum_floor"": -0.02, ""panel_symbols"": [""BTCUSDT"", ""ETHUSDT"", ""SOLUSDT"", ""BNBUSDT"", ""TRXUSDT""], ""rank_top_n"": 1}",1.7133339738771483,0.21403639632704752,-0.018609447917355193,-0.018609447917355193
251,a30fb_asset_diverse_rank_chandelier_1h_dogeusdt_lb12_top2_mom0p005_breadth0p4_adx18p0_trail2p0_hold12_4p0x_0p125_4eacab32,cross_asset_rank_chandelier_breakout,DOGEUSDT,1h,long_short,12,0.005,0.0,12,2,top2_breadth_adx_trail2.0,False,,,,,4.0,0.125,0.5,0.3379677616154957,0.19144384923982538,0.0,0.1866663360838754,0.07197724112290871,0.0,0.9652101492127411,3.272094754732704,0.0,683,117,0,5165,859,0,1.7653623397015852,0.1465239123756703,9.896566957994017,32.725444314500066,,False,False,False,False,no_promotion_shadow_or_reject,False,False,False,"{""live_notional_fraction"": 0.5, ""parity"": true, ""recorded"": true, ""replay_notional_fraction"": 0.5, ""sizing_mode"": ""notional_fraction_equals_leverage_times_allocation_fraction""}",0,0,locked_oos_trade_event_count_0_below_20;locked_oos_return_not_positive;train_return_per_turnover_proxy_bps_9.897_not_above_10.000;locked_oos_return_per_turnover_proxy_bps_missing_not_above_10.000;shadow_universe_not_promotion_eligible,crypto_high_beta_alt,shadow_probe_only,"{""breadth_threshold"": 0.4, ""market_momentum_floor"": -0.02, ""panel_symbols"": [""BTCUSDT"", ""ETHUSDT"", ""SOLUSDT"", ""BNBUSDT"", ""TRXUSDT""], ""rank_top_n"": 2}",1.7133339738771483,0.21403639632704752,-0.018609447917355193,-0.018609447917355193
252,a30fb_asset_diverse_rank_chandelier_1h_dogeusdt_lb12_top2_mom0p005_breadth0p4_adx18p0_trail2p0_hold12_5p0x_0p1_604a2262,cross_asset_rank_chandelier_breakout,DOGEUSDT,1h,long_short,12,0.005,0.0,12,2,top2_breadth_adx_trail2.0,False,,,,,5.0,0.1,0.5,0.3379677616154957,0.19144384923982538,0.0,0.1866663360838754,0.07197724112290871,0.0,0.9652101492127411,3.272094754732704,0.0,683,117,0,5165,859,0,1.7653623397015852,0.1465239123756703,9.896566957994017,32.725444314500066,,False,False,False,False,no_promotion_shadow_or_reject,False,False,False,"{""live_notional_fraction"": 0.5, ""parity"": true, ""recorded"": true, ""replay_notional_fraction"": 0.5, ""sizing_mode"": ""notional_fraction_equals_leverage_times_allocation_fraction""}",0,0,locked_oos_trade_event_count_0_below_20;locked_oos_return_not_positive;train_return_per_turnover_proxy_bps_9.897_not_above_10.000;locked_oos_return_per_turnover_proxy_bps_missing_not_above_10.000;shadow_universe_not_promotion_eligible,crypto_high_beta_alt,shadow_probe_only,"{""breadth_threshold"": 0.4, ""market_momentum_floor"": -0.02, ""panel_symbols"": [""BTCUSDT"", ""ETHUSDT"", ""SOLUSDT"", ""BNBUSDT"", ""TRXUSDT""], ""rank_top_n"": 2}",1.7133339738771483,0.21403639632704752,-0.018609447917355193,-0.018609447917355193
253,a30fb_asset_diverse_rank_chandelier_1h_dogeusdt_lb12_top1_mom0p005_breadth0p4_adx12p0_trail2p0_hold12_4p0x_0p125_d9706e1c,cross_asset_rank_chandelier_breakout,DOGEUSDT,1h,long_short,12,0.005,0.0,12,2,top1_breadth_adx_trail2.0,False,,,,,4.0,0.125,0.5,0.33894834241486027,0.19144384923982538,0.0,0.19070037475176393,0.07197724112290871,0.0,0.9667546523604288,3.272094754732704,0.0,685,117,0,5179,859,0,1.7704843679268754,0.1475044931750349,9.896301968317088,32.725444314500066,,False,False,False,False,no_promotion_shadow_or_reject,False,False,False,"{""live_notional_fraction"": 0.5, ""parity"": true, ""recorded"": true, ""replay_notional_fraction"": 0.5, ""sizing_mode"": ""notional_fraction_equals_leverage_times_allocation_fraction""}",0,0,locked_oos_trade_event_count_0_below_20;locked_oos_return_not_positive;train_return_per_turnover_proxy_bps_9.896_not_above_10.000;locked_oos_return_per_turnover_proxy_bps_missing_not_above_10.000;shadow_universe_not_promotion_eligible,crypto_high_beta_alt,shadow_probe_only,"{""breadth_threshold"": 0.4, ""market_momentum_floor"": -0.02, ""panel_symbols"": [""BTCUSDT"", ""ETHUSDT"", ""SOLUSDT"", ""BNBUSDT"", ""TRXUSDT""], ""rank_top_n"": 1}",1.7133329546860832,0.21403639632704752,-0.018609447917355193,-0.018609447917355193
254,a30fb_asset_diverse_rank_chandelier_1h_dogeusdt_lb12_top1_mom0p005_breadth0p4_adx12p0_trail2p0_hold12_5p0x_0p1_549a28b4,cross_asset_rank_chandelier_breakout,DOGEUSDT,1h,long_short,12,0.005,0.0,12,2,top1_breadth_adx_trail2.0,False,,,,,5.0,0.1,0.5,0.33894834241486027,0.19144384923982538,0.0,0.19070037475176393,0.07197724112290871,0.0,0.9667546523604288,3.272094754732704,0.0,685,117,0,5179,859,0,1.7704843679268754,0.1475044931750349,9.896301968317088,32.725444314500066,,False,False,False,False,no_promotion_shadow_or_reject,False,False,False,"{""live_notional_fraction"": 0.5, ""parity"": true, ""recorded"": true, ""replay_notional_fraction"": 0.5, ""sizing_mode"": ""notional_fraction_equals_leverage_times_allocation_fraction""}",0,0,locked_oos_trade_event_count_0_below_20;locked_oos_return_not_positive;train_return_per_turnover_proxy_bps_9.896_not_above_10.000;locked_oos_return_per_turnover_proxy_bps_missing_not_above_10.000;shadow_universe_not_promotion_eligible,crypto_high_beta_alt,shadow_probe_only,"{""breadth_threshold"": 0.4, ""market_momentum_floor"": -0.02, ""panel_symbols"": [""BTCUSDT"", ""ETHUSDT"", ""SOLUSDT"", ""BNBUSDT"", ""TRXUSDT""], ""rank_top_n"": 1}",1.7133329546860832,0.21403639632704752,-0.018609447917355193,-0.018609447917355193
255,a30fb_asset_diverse_rank_chandelier_1h_dogeusdt_lb12_top2_mom0p005_breadth0p4_adx12p0_trail2p0_hold12_4p0x_0p125_0522a24c,cross_asset_rank_chandelier_breakout,DOGEUSDT,1h,long_short,12,0.005,0.0,12,2,top2_breadth_adx_trail2.0,False,,,,,4.0,0.125,0.5,0.33894834241486027,0.19144384923982538,0.0,0.19070037475176393,0.07197724112290871,0.0,0.9667546523604288,3.272094754732704,0.0,685,117,0,5179,859,0,1.7704843679268754,0.1475044931750349,9.896301968317088,32.725444314500066,,False,False,False,False,no_promotion_shadow_or_reject,False,False,False,"{""live_notional_fraction"": 0.5, ""parity"": true, ""recorded"": true, ""replay_notional_fraction"": 0.5, ""sizing_mode"": ""notional_fraction_equals_leverage_times_allocation_fraction""}",0,0,locked_oos_trade_event_count_0_below_20;locked_oos_return_not_positive;train_return_per_turnover_proxy_bps_9.896_not_above_10.000;locked_oos_return_per_turnover_proxy_bps_missing_not_above_10.000;shadow_universe_not_promotion_eligible,crypto_high_beta_alt,shadow_probe_only,"{""breadth_threshold"": 0.4, ""market_momentum_floor"": -0.02, ""panel_symbols"": [""BTCUSDT"", ""ETHUSDT"", ""SOLUSDT"", ""BNBUSDT"", ""TRXUSDT""], ""rank_top_n"": 2}",1.7133329546860832,0.21403639632704752,-0.018609447917355193,-0.018609447917355193
256,a30fb_asset_diverse_rank_chandelier_1h_dogeusdt_lb12_top2_mom0p005_breadth0p4_adx12p0_trail2p0_hold12_5p0x_0p1_89b63d88,cross_asset_rank_chandelier_breakout,DOGEUSDT,1h,long_short,12,0.005,0.0,12,2,top2_breadth_adx_trail2.0,False,,,,,5.0,0.1,0.5,0.33894834241486027,0.19144384923982538,0.0,0.19070037475176393,0.07197724112290871,0.0,0.9667546523604288,3.272094754732704,0.0,685,117,0,5179,859,0,1.7704843679268754,0.1475044931750349,9.896301968317088,32.725444314500066,,False,False,False,False,no_promotion_shadow_or_reject,False,False,False,"{""live_notional_fraction"": 0.5, ""parity"": true, ""recorded"": true, ""replay_notional_fraction"": 0.5, ""sizing_mode"": ""notional_fraction_equals_leverage_times_allocation_fraction""}",0,0,locked_oos_trade_event_count_0_below_20;locked_oos_return_not_positive;train_return_per_turnover_proxy_bps_9.896_not_above_10.000;locked_oos_return_per_turnover_proxy_bps_missing_not_above_10.000;shadow_universe_not_promotion_eligible,crypto_high_beta_alt,shadow_probe_only,"{""breadth_threshold"": 0.4, ""market_momentum_floor"": -0.02, ""panel_symbols"": [""BTCUSDT"", ""ETHUSDT"", ""SOLUSDT"", ""BNBUSDT"", ""TRXUSDT""], ""rank_top_n"": 2}",1.7133329546860832,0.21403639632704752,-0.018609447917355193,-0.018609447917355193
257,a30fb_asset_diverse_rank_chandelier_1h_dogeusdt_lb12_top1_mom0p005_breadth0p4_adx18p0_trail3p0_hold12_4p0x_0p125_4a8f7eca,cross_asset_rank_chandelier_breakout,DOGEUSDT,1h,long_short,12,0.005,0.0,12,2,top1_breadth_adx_trail3.0,False,,,,,4.0,0.125,0.5,0.3349118561101778,0.19144384923982538,0.0,0.18808868763265352,0.07197724112290871,0.0,0.958962760098653,3.272094754732704,0.0,683,117,0,5173,859,0,1.7493999281775165,0.14346800687035244,9.807082170136978,32.725444314500066,,False,False,False,False,no_promotion_shadow_or_reject,False,False,False,"{""live_notional_fraction"": 0.5, ""parity"": true, ""recorded"": true, ""replay_notional_fraction"": 0.5, ""sizing_mode"": ""notional_fraction_equals_leverage_times_allocation_fraction""}",0,0,locked_oos_trade_event_count_0_below_20;locked_oos_return_not_positive;train_return_per_turnover_proxy_bps_9.807_not_above_10.000;locked_oos_return_per_turnover_proxy_bps_missing_not_above_10.000;shadow_universe_not_promotion_eligible,crypto_high_beta_alt,shadow_probe_only,"{""breadth_threshold"": 0.4, ""market_momentum_floor"": -0.02, ""panel_symbols"": [""BTCUSDT"", ""ETHUSDT"", ""SOLUSDT"", ""BNBUSDT"", ""TRXUSDT""], ""rank_top_n"": 1}",1.7129898016161598,0.21403639632704752,-0.018609447917355193,-0.018609447917355193
258,a30fb_asset_diverse_rank_chandelier_1h_dogeusdt_lb12_top1_mom0p005_breadth0p4_adx18p0_trail3p0_hold12_5p0x_0p1_74e25313,cross_asset_rank_chandelier_breakout,DOGEUSDT,1h,long_short,12,0.005,0.0,12,2,top1_breadth_adx_trail3.0,False,,,,,5.0,0.1,0.5,0.3349118561101778,0.19144384923982538,0.0,0.18808868763265352,0.07197724112290871,0.0,0.958962760098653,3.272094754732704,0.0,683,117,0,5173,859,0,1.7493999281775165,0.14346800687035244,9.807082170136978,32.725444314500066,,False,False,False,False,no_promotion_shadow_or_reject,False,False,False,"{""live_notional_fraction"": 0.5, ""parity"": true, ""recorded"": true, ""replay_notional_fraction"": 0.5, ""sizing_mode"": ""notional_fraction_equals_leverage_times_allocation_fraction""}",0,0,locked_oos_trade_event_count_0_below_20;locked_oos_return_not_positive;train_return_per_turnover_proxy_bps_9.807_not_above_10.000;locked_oos_return_per_turnover_proxy_bps_missing_not_above_10.000;shadow_universe_not_promotion_eligible,crypto_high_beta_alt,shadow_probe_only,"{""breadth_threshold"": 0.4, ""market_momentum_floor"": -0.02, ""panel_symbols"": [""BTCUSDT"", ""ETHUSDT"", ""SOLUSDT"", ""BNBUSDT"", ""TRXUSDT""], ""rank_top_n"": 1}",1.7129898016161598,0.21403639632704752,-0.018609447917355193,-0.018609447917355193
259,a30fb_asset_diverse_rank_chandelier_1h_dogeusdt_lb12_top2_mom0p005_breadth0p4_adx18p0_trail3p0_hold12_4p0x_0p125_ebef96ca,cross_asset_rank_chandelier_breakout,DOGEUSDT,1h,long_short,12,0.005,0.0,12,2,top2_breadth_adx_trail3.0,False,,,,,4.0,0.125,0.5,0.3349118561101778,0.19144384923982538,0.0,0.18808868763265352,0.07197724112290871,0.0,0.958962760098653,3.272094754732704,0.0,683,117,0,5173,859,0,1.7493999281775165,0.14346800687035244,9.807082170136978,32.725444314500066,,False,False,False,False,no_promotion_shadow_or_reject,False,False,False,"{""live_notional_fraction"": 0.5, ""parity"": true, ""recorded"": true, ""replay_notional_fraction"": 0.5, ""sizing_mode"": ""notional_fraction_equals_leverage_times_allocation_fraction""}",0,0,locked_oos_trade_event_count_0_below_20;locked_oos_return_not_positive;train_return_per_turnover_proxy_bps_9.807_not_above_10.000;locked_oos_return_per_turnover_proxy_bps_missing_not_above_10.000;shadow_universe_not_promotion_eligible,crypto_high_beta_alt,shadow_probe_only,"{""breadth_threshold"": 0.4, ""market_momentum_floor"": -0.02, ""panel_symbols"": [""BTCUSDT"", ""ETHUSDT"", ""SOLUSDT"", ""BNBUSDT"", ""TRXUSDT""], ""rank_top_n"": 2}",1.7129898016161598,0.21403639632704752,-0.018609447917355193,-0.018609447917355193
260,a30fb_asset_diverse_rank_chandelier_1h_dogeusdt_lb12_top2_mom0p005_breadth0p4_adx18p0_trail3p0_hold12_5p0x_0p1_bdfc9ef2,cross_asset_rank_chandelier_breakout,DOGEUSDT,1h,long_short,12,0.005,0.0,12,2,top2_breadth_adx_trail3.0,False,,,,,5.0,0.1,0.5,0.3349118561101778,0.19144384923982538,0.0,0.18808868763265352,0.07197724112290871,0.0,0.958962760098653,3.272094754732704,0.0,683,117,0,5173,859,0,1.7493999281775165,0.14346800687035244,9.807082170136978,32.725444314500066,,False,False,False,False,no_promotion_shadow_or_reject,False,False,False,"{""live_notional_fraction"": 0.5, ""parity"": true, ""recorded"": true, ""replay_notional_fraction"": 0.5, ""sizing_mode"": ""notional_fraction_equals_leverage_times_allocation_fraction""}",0,0,locked_oos_trade_event_count_0_below_20;locked_oos_return_not_positive;train_return_per_turnover_proxy_bps_9.807_not_above_10.000;locked_oos_return_per_turnover_proxy_bps_missing_not_above_10.000;shadow_universe_not_promotion_eligible,crypto_high_beta_alt,shadow_probe_only,"{""breadth_threshold"": 0.4, ""market_momentum_floor"": -0.02, ""panel_symbols"": [""BTCUSDT"", ""ETHUSDT"", ""SOLUSDT"", ""BNBUSDT"", ""TRXUSDT""], ""rank_top_n"": 2}",1.7129898016161598,0.21403639632704752,-0.018609447917355193,-0.018609447917355193
321,a30fb_asset_diverse_residual_reclaim_12h_bnbusdt_btcusdt_lb72_z2p0_hold12_4p0x_0p125_57e2756c,relative_residual_reclaim,BNBUSDT,12h,long_short,72,2.0,0.05,12,2,base_btcusdt_market_momentum_guard,False,,,,,4.0,0.125,0.5,0.11878803960246986,0.10471536886924415,-0.0021632010156173997,0.02918458131890944,0.010174297887671768,0.021258495306732295,1.6630985136178855,3.732735089783135,-0.18647345048369166,6,2,2,109,12,29,1.1343897355773818,0.014072670733225712,395.9601320082329,1047.1536886924416,-21.632010156173997,False,False,False,False,no_promotion_shadow_or_reject,False,False,False,"{""live_notional_fraction"": 0.5, ""parity"": true, ""recorded"": true, ""replay_notional_fraction"": 0.5, ""sizing_mode"": ""notional_fraction_equals_leverage_times_allocation_fraction""}",0,0,train_trade_event_count_6_below_80;validation_trade_event_count_2_below_30;locked_oos_trade_event_count_2_below_20;locked_oos_return_not_positive;locked_oos_return_per_turnover_proxy_bps_-21.632_not_above_10.000,crypto_exchange_beta,promotion_eligible,"{""base_symbol"": ""BTCUSDT"", ""market_momentum_floor"": -0.02, ""panel_symbols"": [""BTCUSDT"", ""ETHUSDT"", ""SOLUSDT"", ""BNBUSDT"", ""TRXUSDT""]}",1.577305807695594,0.10471536886924415,0.0,0.0
2417,a30fb_asset_diverse_rank_chandelier_6h_xauusdt_lb12_top1_mom0p005_breadth0p4_adx12p0_trail2p0_hold8_4p0x_0p125_0d025903,cross_asset_rank_chandelier_breakout,XAUUSDT,6h,long_short,12,0.005,0.0,8,2,top1_breadth_adx_trail2.0,False,,,,,4.0,0.125,0.5,0.016350609772562308,0.10083902363071706,0.0,0.005919372108114107,0.020139341143433853,0.0,4.0962009814202665,4.117385813022147,0.0,4,18,0,16,104,0,0.1621456573443227,-0.08448841385815475,81.75304886281154,112.04335958968562,,False,False,False,False,no_promotion_shadow_or_reject,False,False,False,"{""live_notional_fraction"": 0.5, ""parity"": true, ""recorded"": true, ""replay_notional_fraction"": 0.5, ""sizing_mode"": ""notional_fraction_equals_leverage_times_allocation_fraction""}",0,0,train_trade_event_count_4_below_80;validation_trade_event_count_18_below_30;locked_oos_trade_event_count_0_below_20;train_return_below_validation_return;train_validation_return_ratio_0.1621_below_1.00;locked_oos_return_not_positive;locked_oos_return_per_turnover_proxy_bps_missing_not_above_10.000;shadow_universe_not_promotion_eligible,precious_metal_proxy,shadow_probe_only,"{""breadth_threshold"": 0.4, ""market_momentum_floor"": -0.02, ""panel_symbols"": [""BTCUSDT"", ""ETHUSDT"", ""SOLUSDT"", ""BNBUSDT"", ""TRXUSDT""], ""rank_top_n"": 1}",0.7285117928568113,0.053411425776240584,0.04502286257197863,0.04502286257197863
3471,a30fb_asset_diverse_residual_reclaim_1h_ethusdt_btcusdt_lb48_z1p5_hold6_4p0x_0p125_1affa512,relative_residual_reclaim,ETHUSDT,1h,long_short,48,1.5,0.05,6,2,base_btcusdt_market_momentum_guard,False,,,,,4.0,0.125,0.5,0.0718711320949239,0.057540297764410386,0.02988112682054611,0.0846835830658591,0.03178139432435967,0.040011835864938394,0.6254193536073753,1.9670995706889527,2.267864052409804,201,50,34,1212,339,193,1.2490573543638728,0.01433083433051352,7.151356427355612,23.016119105764155,17.577133423850654,True,False,False,False,train_dominant_shadow_until_execution_efficiency,False,False,False,"{""live_notional_fraction"": 0.5, ""parity"": true, ""recorded"": true, ""replay_notional_fraction"": 0.5, ""sizing_mode"": ""notional_fraction_equals_leverage_times_allocation_fraction""}",0,0,train_return_per_turnover_proxy_bps_7.151_not_above_10.000,crypto_major,promotion_eligible,"{""base_symbol"": ""BTCUSDT"", ""market_momentum_floor"": -0.02, ""panel_symbols"": [""BTCUSDT"", ""ETHUSDT"", ""SOLUSDT"", ""BNBUSDT"", ""TRXUSDT""]}",0.6270958890522781,0.029241267124573422,0.027495040806997384,0.027495040806997384
3472,a30fb_asset_diverse_residual_reclaim_1h_ethusdt_btcusdt_lb48_z1p5_hold6_5p0x_0p1_ff089856,relative_residual_reclaim,ETHUSDT,1h,long_short,48,1.5,0.05,6,2,base_btcusdt_market_momentum_guard,False,,,,,5.0,0.1,0.5,0.0718711320949239,0.057540297764410386,0.02988112682054611,0.0846835830658591,0.03178139432435967,0.040011835864938394,0.6254193536073753,1.9670995706889527,2.267864052409804,201,50,34,1212,339,193,1.2490573543638728,0.01433083433051352,7.151356427355612,23.016119105764155,17.577133423850654,True,False,False,False,train_dominant_shadow_until_execution_efficiency,False,False,False,"{""live_notional_fraction"": 0.5, ""parity"": true, ""recorded"": true, ""replay_notional_fraction"": 0.5, ""sizing_mode"": ""notional_fraction_equals_leverage_times_allocation_fraction""}",0,0,train_return_per_turnover_proxy_bps_7.151_not_above_10.000,crypto_major,promotion_eligible,"{""base_symbol"": ""BTCUSDT"", ""market_momentum_floor"": -0.02, ""panel_symbols"": [""BTCUSDT"", ""ETHUSDT"", ""SOLUSDT"", ""BNBUSDT"", ""TRXUSDT""]}",0.6270958890522781,0.029241267124573422,0.027495040806997384,0.027495040806997384
4581,a30fb_asset_diverse_residual_reclaim_2h_ethusdt_btcusdt_lb48_z1p0_hold6_4p0x_0p125_fa49c5d5,relative_residual_reclaim,ETHUSDT,2h,long_short,48,1.0,0.05,6,2,base_btcusdt_market_momentum_guard,False,,,,,4.0,0.125,0.5,0.168300604729533,0.047366877944118535,0.04811963234172745,0.09090566495421604,0.04886862785871027,0.02130025512494249,1.0698311739711477,1.4164901965147136,3.8753028548936244,184,32,26,852,142,143,3.5531285158394232,0.12093372678541447,18.293543992340545,29.604298715074084,37.015101801328804,True,True,True,True,paper_testnet_candidate_after_fill_preflight,True,False,False,"{""live_notional_fraction"": 0.5, ""parity"": true, ""recorded"": true, ""replay_notional_fraction"": 0.5, ""sizing_mode"": ""notional_fraction_equals_leverage_times_allocation_fraction""}",0,0,,crypto_major,promotion_eligible,"{""base_symbol"": ""BTCUSDT"", ""market_momentum_floor"": -0.02, ""panel_symbols"": [""BTCUSDT"", ""ETHUSDT"", ""SOLUSDT"", ""BNBUSDT"", ""TRXUSDT""]}",0.4980335956120252,0.06760090609843084,-0.018952801593489887,-0.018952801593489887
4582,a30fb_asset_diverse_residual_reclaim_2h_ethusdt_btcusdt_lb48_z1p0_hold6_5p0x_0p1_cf067261,relative_residual_reclaim,ETHUSDT,2h,long_short,48,1.0,0.05,6,2,base_btcusdt_market_momentum_guard,False,,,,,5.0,0.1,0.5,0.168300604729533,0.047366877944118535,0.04811963234172745,0.09090566495421604,0.04886862785871027,0.02130025512494249,1.0698311739711477,1.4164901965147136,3.8753028548936244,184,32,26,852,142,143,3.5531285158394232,0.12093372678541447,18.293543992340545,29.604298715074084,37.015101801328804,True,True,True,True,paper_testnet_candidate_after_fill_preflight,True,False,False,"{""live_notional_fraction"": 0.5, ""parity"": true, ""recorded"": true, ""replay_notional_fraction"": 0.5, ""sizing_mode"": ""notional_fraction_equals_leverage_times_allocation_fraction""}",0,0,,crypto_major,promotion_eligible,"{""base_symbol"": ""BTCUSDT"", ""market_momentum_floor"": -0.02, ""panel_symbols"": [""BTCUSDT"", ""ETHUSDT"", ""SOLUSDT"", ""BNBUSDT"", ""TRXUSDT""]}",0.4980335956120252,0.06760090609843084,-0.018952801593489887,-0.018952801593489887
5107,a30fb_asset_diverse_residual_reclaim_1h_ethusdt_btcusdt_lb48_z1p5_hold6_2p0x_0p15_4081c26b,relative_residual_reclaim,ETHUSDT,1h,long_short,48,1.5,0.05,6,2,base_btcusdt_market_momentum_guard,False,,,,,2.0,0.15,0.3,0.04441973632674534,0.034570454298300524,0.017991428132347886,0.051506246291366575,0.01911629070739329,0.024137345071185812,0.6254193536073755,1.9670995706889522,2.2678640524098026,201,50,34,1212,339,193,1.2849046166260247,0.009849282028444817,7.366457102279493,23.04696953220035,17.638655031713615,True,False,False,False,train_dominant_shadow_until_execution_efficiency,False,False,False,"{""live_notional_fraction"": 0.3, ""parity"": true, ""recorded"": true, ""replay_notional_fraction"": 0.3, ""sizing_mode"": ""notional_fraction_equals_leverage_times_allocation_fraction""}",0,0,train_return_per_turnover_proxy_bps_7.366_not_above_10.000,crypto_major,promotion_eligible,"{""base_symbol"": ""BTCUSDT"", ""market_momentum_floor"": -0.02, ""panel_symbols"": [""BTCUSDT"", ""ETHUSDT"", ""SOLUSDT"", ""BNBUSDT"", ""TRXUSDT""]}",0.43631161069607816,0.01762261783984309,0.01665434333057081,0.01665434333057081
5108,a30fb_asset_diverse_residual_reclaim_1h_ethusdt_btcusdt_lb48_z1p5_hold6_3p0x_0p1_d4c5baab,relative_residual_reclaim,ETHUSDT,1h,long_short,48,1.5,0.05,6,2,base_btcusdt_market_momentum_guard,False,,,,,3.0,0.1,0.30000000000000004,0.044419736326744896,0.034570454298300524,0.017991428132347886,0.051506246291366575,0.01911629070739329,0.024137345071185812,0.6254193536073751,1.9670995706889527,2.2678640524098013,201,50,34,1212,339,193,1.2849046166260119,0.009849282028444373,7.366457102279417,23.046969532200347,17.63865503171361,True,False,False,False,train_dominant_shadow_until_execution_efficiency,False,False,False,"{""live_notional_fraction"": 0.30000000000000004, ""parity"": true, ""recorded"": true, ""replay_notional_fraction"": 0.30000000000000004, ""sizing_mode"": ""notional_fraction_equals_leverage_times_allocation_fraction""}",0,0,train_return_per_turnover_proxy_bps_7.366_not_above_10.000,crypto_major,promotion_eligible,"{""base_symbol"": ""BTCUSDT"", ""market_momentum_floor"": -0.02, ""panel_symbols"": [""BTCUSDT"", ""ETHUSDT"", ""SOLUSDT"", ""BNBUSDT"", ""TRXUSDT""]}",0.43631161069607793,0.01762261783984309,0.01665434333057081,0.01665434333057081
5579,a30fb_asset_diverse_residual_reclaim_2h_ethusdt_btcusdt_lb48_z1p0_hold6_2p0x_0p15_1a9aa250,relative_residual_reclaim,ETHUSDT,2h,long_short,48,1.0,0.05,6,2,base_btcusdt_market_momentum_guard,False,,,,,2.0,0.15,0.3,0.10104665528018986,0.028751438541771535,0.02874583597543645,0.055439888340193866,0.029501262906019843,0.012819356469721765,1.069831173971148,1.4164901965147139,3.875302854893624,184,32,26,852,142,143,3.5144904187449333,0.07229521673841832,18.305553492788018,29.949415147678682,36.85363586594417,True,True,True,True,paper_testnet_candidate_after_fill_preflight,True,False,False,"{""live_notional_fraction"": 0.3, ""parity"": true, ""recorded"": true, ""replay_notional_fraction"": 0.3, ""sizing_mode"": ""notional_fraction_equals_leverage_times_allocation_fraction""}",0,0,,crypto_major,promotion_eligible,"{""base_symbol"": ""BTCUSDT"", ""market_momentum_floor"": -0.02, ""panel_symbols"": [""BTCUSDT"", ""ETHUSDT"", ""SOLUSDT"", ""BNBUSDT"", ""TRXUSDT""]}",0.39560451488360077,0.040324930693734995,-0.011124882054154406,-0.011124882054154406
5580,a30fb_asset_diverse_residual_reclaim_2h_ethusdt_btcusdt_lb48_z1p0_hold6_3p0x_0p1_06295c43,relative_residual_reclaim,ETHUSDT,2h,long_short,48,1.0,0.05,6,2,base_btcusdt_market_momentum_guard,False,,,,,3.0,0.1,0.30000000000000004,0.10104665528018986,0.028751438541771535,0.028745835975436673,0.055439888340193866,0.029501262906019843,0.012819356469721765,1.0698311739711477,1.416490196514714,3.875302854893624,184,32,26,852,142,143,3.5144904187449333,0.07229521673841832,18.305553492788015,29.94941514767868,36.85363586594445,True,True,True,True,paper_testnet_candidate_after_fill_preflight,True,False,False,"{""live_notional_fraction"": 0.30000000000000004, ""parity"": true, ""recorded"": true, ""replay_notional_fraction"": 0.30000000000000004, ""sizing_mode"": ""notional_fraction_equals_leverage_times_allocation_fraction""}",0,0,,crypto_major,promotion_eligible,"{""base_symbol"": ""BTCUSDT"", ""market_momentum_floor"": -0.02, ""panel_symbols"": [""BTCUSDT"", ""ETHUSDT"", ""SOLUSDT"", ""BNBUSDT"", ""TRXUSDT""]}",0.39560451488360077,0.040324930693734995,-0.011124882054154406,-0.011124882054154406
10029,a30fb_asset_diverse_residual_reclaim_2h_ethusdt_btcusdt_lb48_z1p0_hold12_4p0x_0p125_1b9d68b8,relative_residual_reclaim,ETHUSDT,2h,long_short,48,1.0,0.05,12,2,base_btcusdt_market_momentum_guard,False,,,,,4.0,0.125,0.5,0.077169917784766,0.03323847222154419,0.03332059981648894,0.11991138844331761,0.0654159575046307,0.023767125420882884,0.4902968105571943,0.9315760587739677,2.361444089887839,170,31,26,1200,201,190,2.321704718267609,0.043931445563221816,9.078813857031294,21.444175626802704,25.631230628068412,True,False,False,False,train_dominant_shadow_until_execution_efficiency,False,False,False,"{""live_notional_fraction"": 0.5, ""parity"": true, ""recorded"": true, ""replay_notional_fraction"": 0.5, ""sizing_mode"": ""notional_fraction_equals_leverage_times_allocation_fraction""}",0,0,train_return_per_turnover_proxy_bps_9.079_not_above_10.000,crypto_major,promotion_eligible,"{""base_symbol"": ""BTCUSDT"", ""market_momentum_floor"": -0.02, ""panel_symbols"": [""BTCUSDT"", ""ETHUSDT"", ""SOLUSDT"", ""BNBUSDT"", ""TRXUSDT""]}",0.23416543254529265,0.06137237023004083,-0.02650709477428581,-0.02650709477428581
10030,a30fb_asset_diverse_residual_reclaim_2h_ethusdt_btcusdt_lb48_z1p0_hold12_5p0x_0p1_62971725,relative_residual_reclaim,ETHUSDT,2h,long_short,48,1.0,0.05,12,2,base_btcusdt_market_momentum_guard,False,,,,,5.0,0.1,0.5,0.077169917784766,0.03323847222154419,0.03332059981648894,0.11991138844331761,0.0654159575046307,0.023767125420882884,0.4902968105571943,0.9315760587739677,2.361444089887839,170,31,26,1200,201,190,2.321704718267609,0.043931445563221816,9.078813857031294,21.444175626802704,25.631230628068412,True,False,False,False,train_dominant_shadow_until_execution_efficiency,False,False,False,"{""live_notional_fraction"": 0.5, ""parity"": true, ""recorded"": true, ""replay_notional_fraction"": 0.5, ""sizing_mode"": ""notional_fraction_equals_leverage_times_allocation_fraction""}",0,0,train_return_per_turnover_proxy_bps_9.079_not_above_10.000,crypto_major,promotion_eligible,"{""base_symbol"": ""BTCUSDT"", ""market_momentum_floor"": -0.02, ""panel_symbols"": [""BTCUSDT"", ""ETHUSDT"", ""SOLUSDT"", ""BNBUSDT"", ""TRXUSDT""]}",0.23416543254529265,0.06137237023004083,-0.02650709477428581,-0.02650709477428581
10405,a30fb_asset_diverse_residual_reclaim_2h_ethusdt_btcusdt_lb48_z1p0_hold12_2p0x_0p15_28aa27cc,relative_residual_reclaim,ETHUSDT,2h,long_short,48,1.0,0.05,12,2,base_btcusdt_market_momentum_guard,False,,,,,2.0,0.15,0.3,0.04999876432796557,0.0205450749927365,0.02005458817982042,0.07357699062773815,0.039462654325704394,0.014312250264187587,0.49029681055719476,0.9315760587739678,2.3614440898878386,170,31,26,1200,201,190,2.4336131333490933,0.029453689335229072,9.80367927999325,22.091478486813443,25.71101048694926,True,False,False,False,train_dominant_shadow_until_execution_efficiency,False,False,False,"{""live_notional_fraction"": 0.3, ""parity"": true, ""recorded"": true, ""replay_notional_fraction"": 0.3, ""sizing_mode"": ""notional_fraction_equals_leverage_times_allocation_fraction""}",0,0,train_return_per_turnover_proxy_bps_9.804_not_above_10.000,crypto_major,promotion_eligible,"{""base_symbol"": ""BTCUSDT"", ""market_momentum_floor"": -0.02, ""panel_symbols"": [""BTCUSDT"", ""ETHUSDT"", ""SOLUSDT"", ""BNBUSDT"", ""TRXUSDT""]}",0.21182797873047754,0.03677837802760631,-0.015657447511349343,-0.015657447511349343
10406,a30fb_asset_diverse_residual_reclaim_2h_ethusdt_btcusdt_lb48_z1p0_hold12_3p0x_0p1_b26b26b4,relative_residual_reclaim,ETHUSDT,2h,long_short,48,1.0,0.05,12,2,base_btcusdt_market_momentum_guard,False,,,,,3.0,0.1,0.30000000000000004,0.04999876432796602,0.02054507499273628,0.020054588179820643,0.07357699062773815,0.03946265432570484,0.014312250264187587,0.4902968105571948,0.9315760587739675,2.3614440898878386,170,31,26,1200,201,190,2.433613133349141,0.029453689335229738,9.803679279993336,22.0914784868132,25.71101048694954,True,False,False,False,train_dominant_shadow_until_execution_efficiency,False,False,False,"{""live_notional_fraction"": 0.30000000000000004, ""parity"": true, ""recorded"": true, ""replay_notional_fraction"": 0.30000000000000004, ""sizing_mode"": ""notional_fraction_equals_leverage_times_allocation_fraction""}",0,0,train_return_per_turnover_proxy_bps_9.804_not_above_10.000,crypto_major,promotion_eligible,"{""base_symbol"": ""BTCUSDT"", ""market_momentum_floor"": -0.02, ""panel_symbols"": [""BTCUSDT"", ""ETHUSDT"", ""SOLUSDT"", ""BNBUSDT"", ""TRXUSDT""]}",0.21182797873047354,0.036778378027606085,-0.015657447511349343,-0.015657447511349343
10559,a30fb_asset_diverse_residual_reclaim_2h_trxusdt_btcusdt_lb24_z2p0_hold6_4p0x_0p125_0f0fe97a,relative_residual_reclaim,TRXUSDT,2h,long_short,24,2.0,0.05,6,2,base_btcusdt_market_momentum_guard,False,,,,,4.0,0.125,0.5,0.11690276238913189,0.02696483067150468,0.002165588830415288,0.06218070961088329,0.03584631240146685,0.011889794325772751,1.2661825156762725,1.7437431041056783,0.3980665288280818,146,48,30,1060,304,160,4.335379065171357,0.0899379317176272,16.01407703960711,11.235346113126951,1.4437258869435254,True,False,False,False,train_dominant_shadow_until_execution_efficiency,False,False,False,"{""live_notional_fraction"": 0.5, ""parity"": true, ""recorded"": true, ""replay_notional_fraction"": 0.5, ""sizing_mode"": ""notional_fraction_equals_leverage_times_allocation_fraction""}",0,0,locked_oos_return_per_turnover_proxy_bps_1.444_not_above_10.000,crypto_payment_alt,promotion_eligible,"{""base_symbol"": ""BTCUSDT"", ""market_momentum_floor"": -0.02, ""panel_symbols"": [""BTCUSDT"", ""ETHUSDT"", ""SOLUSDT"", ""BNBUSDT"", ""TRXUSDT""]}",0.20698768416872348,0.056727685333824995,-0.028165112994951613,-0.028165112994951613
10560,a30fb_asset_diverse_residual_reclaim_2h_trxusdt_btcusdt_lb24_z2p0_hold6_5p0x_0p1_2ac5b95c,relative_residual_reclaim,TRXUSDT,2h,long_short,24,2.0,0.05,6,2,base_btcusdt_market_momentum_guard,False,,,,,5.0,0.1,0.5,0.11690276238913189,0.02696483067150468,0.002165588830415288,0.06218070961088329,0.03584631240146685,0.011889794325772751,1.2661825156762725,1.7437431041056783,0.3980665288280818,146,48,30,1060,304,160,4.335379065171357,0.0899379317176272,16.01407703960711,11.235346113126951,1.4437258869435254,True,False,False,False,train_dominant_shadow_until_execution_efficiency,False,False,False,"{""live_notional_fraction"": 0.5, ""parity"": true, ""recorded"": true, ""replay_notional_fraction"": 0.5, ""sizing_mode"": ""notional_fraction_equals_leverage_times_allocation_fraction""}",0,0,locked_oos_return_per_turnover_proxy_bps_1.444_not_above_10.000,crypto_payment_alt,promotion_eligible,"{""base_symbol"": ""BTCUSDT"", ""market_momentum_floor"": -0.02, ""panel_symbols"": [""BTCUSDT"", ""ETHUSDT"", ""SOLUSDT"", ""BNBUSDT"", ""TRXUSDT""]}",0.20698768416872348,0.056727685333824995,-0.028165112994951613,-0.028165112994951613
13699,a30fb_asset_diverse_residual_reclaim_1h_trxusdt_btcusdt_lb72_z2p0_hold12_4p0x_0p125_31f9bfd4,relative_residual_reclaim,TRXUSDT,1h,long_short,72,2.0,0.05,12,2,base_btcusdt_market_momentum_guard,False,,,,,4.0,0.125,0.5,0.030461567703660375,0.020674661652963833,0.01391331650033889,0.08127121510437818,0.04220836548758444,0.017957135413625425,0.3810885392627701,1.2415022716202422,2.442532432156129,140,42,21,2083,660,305,1.4733768423868514,0.009786906050696542,4.3516525290943395,9.845076977601824,13.250777619370373,True,False,False,False,train_dominant_shadow_until_execution_efficiency,False,False,False,"{""live_notional_fraction"": 0.5, ""parity"": true, ""recorded"": true, ""replay_notional_fraction"": 0.5, ""sizing_mode"": ""notional_fraction_equals_leverage_times_allocation_fraction""}",0,0,train_return_per_turnover_proxy_bps_4.352_not_above_10.000;validation_return_per_turnover_proxy_bps_9.845_not_above_10.000,crypto_payment_alt,promotion_eligible,"{""base_symbol"": ""BTCUSDT"", ""market_momentum_floor"": -0.02, ""panel_symbols"": [""BTCUSDT"", ""ETHUSDT"", ""SOLUSDT"", ""BNBUSDT"", ""TRXUSDT""]}",0.07874289383417188,0.05277687571082312,-0.030492894362050715,-0.030492894362050715
13700,a30fb_asset_diverse_residual_reclaim_1h_trxusdt_btcusdt_lb72_z2p0_hold12_5p0x_0p1_155b9426,relative_residual_reclaim,TRXUSDT,1h,long_short,72,2.0,0.05,12,2,base_btcusdt_market_momentum_guard,False,,,,,5.0,0.1,0.5,0.030461567703660375,0.020674661652963833,0.01391331650033889,0.08127121510437818,0.04220836548758444,0.017957135413625425,0.3810885392627701,1.2415022716202422,2.442532432156129,140,42,21,2083,660,305,1.4733768423868514,0.009786906050696542,4.3516525290943395,9.845076977601824,13.250777619370373,True,False,False,False,train_dominant_shadow_until_execution_efficiency,False,False,False,"{""live_notional_fraction"": 0.5, ""parity"": true, ""recorded"": true, ""replay_notional_fraction"": 0.5, ""sizing_mode"": ""notional_fraction_equals_leverage_times_allocation_fraction""}",0,0,train_return_per_turnover_proxy_bps_4.352_not_above_10.000;validation_return_per_turnover_proxy_bps_9.845_not_above_10.000,crypto_payment_alt,promotion_eligible,"{""base_symbol"": ""BTCUSDT"", ""market_momentum_floor"": -0.02, ""panel_symbols"": [""BTCUSDT"", ""ETHUSDT"", ""SOLUSDT"", ""BNBUSDT"", ""TRXUSDT""]}",0.07874289383417188,0.05277687571082312,-0.030492894362050715,-0.030492894362050715
82813,a30fb_asset_diverse_rank_chandelier_2h_solusdt_lb12_top2_mom0p005_breadth0p4_adx18p0_trail3p0_hold8_4p0x_0p125_f94ff80d,cross_asset_rank_chandelier_breakout,SOLUSDT,2h,long_short,12,0.005,0.0,8,2,top2_breadth_adx_trail3.0,False,,,,,4.0,0.125,0.5,-0.2917777981131334,0.3662804359602734,-0.05707102644498652,0.3921676188013119,0.04655224948696057,0.09700208075579941,-0.9505465983806984,4.742849334064164,-2.3162843922977805,385,81,48,2477,618,283,-0.7965967315403641,-0.6580582340734068,-15.15728821366927,90.43961381735144,-23.779594352077712,False,False,False,False,no_promotion_shadow_or_reject,False,False,False,"{""live_notional_fraction"": 0.5, ""parity"": true, ""recorded"": true, ""replay_notional_fraction"": 0.5, ""sizing_mode"": ""notional_fraction_equals_leverage_times_allocation_fraction""}",0,0,train_return_not_positive;train_return_below_validation_return;train_validation_return_ratio_-0.7966_below_1.00;locked_oos_return_not_positive;train_return_per_turnover_proxy_bps_-15.157_not_above_10.000;locked_oos_return_per_turnover_proxy_bps_-23.780_not_above_10.000,crypto_high_beta_alt,promotion_eligible,"{""breadth_threshold"": 0.4, ""market_momentum_floor"": -0.02, ""panel_symbols"": [""BTCUSDT"", ""ETHUSDT"", ""SOLUSDT"", ""BNBUSDT"", ""TRXUSDT""], ""rank_top_n"": 2}",-2.8910412043114766,0.19284285285547043,0.14539851807773618,0.14539851807773618
