rank,model_id,family,symbol,timeframe,side,lookback_bars,threshold,exit_threshold,min_hold_bars,cooldown_bars,filter_label,feature_backed,feature_train_coverage,feature_validation_coverage,feature_locked_oos_coverage,max_asof_feature_age_hours,leverage,allocation_fraction,notional_fraction,train_return,validation_return,locked_oos_return,train_mdd,validation_mdd,locked_oos_mdd,train_sharpe,validation_sharpe,locked_oos_sharpe,train_trade_event_count,validation_trade_event_count,locked_oos_trade_event_count,train_exposure_bar_count,validation_exposure_bar_count,locked_oos_exposure_bar_count,train_validation_return_ratio,train_minus_validation_return,train_return_per_turnover_proxy_bps,validation_return_per_turnover_proxy_bps,locked_oos_return_per_turnover_proxy_bps,train_dominant_sample_gate_pass,execution_efficiency_proxy_gate_pass,primary_10bps_promotion_gate_pass,paper_candidate_gate_pass,decision,ready_for_paper,ready_for_real,real_money_execution,replay_live_notional_parity,locked_oos_liquidation_count,locked_oos_account_wipeout_count,rejection_reasons,asset_group,universe_role,cross_asset_inputs,asset_diverse_train_validation_score,validation_first_half_return,validation_second_half_return,validation_min_half_return
1,a30fb_asset_diverse_rank_chandelier_1h_xrpusdt_lb12_top1_mom0p005_breadth0p4_adx12p0_trail2p0_hold18_4p0x_0p125_b92ab84a,cross_asset_rank_chandelier_breakout,XRPUSDT,1h,long_short,12,0.005,0.0,18,2,top1_breadth_adx_trail2.0,False,,,,,4.0,0.125,0.5,0.36438565013948354,0.3209853666187028,0.0,0.31954472282178725,0.06535494172808376,0.0,1.0606980563685233,4.865443052210337,0.0,517,98,0,5334,1029,0,1.13520953923216,0.043400283520780736,14.096156678510003,65.50721767728629,,False,False,False,False,no_promotion_shadow_or_reject,False,False,False,"{""live_notional_fraction"": 0.5, ""parity"": true, ""recorded"": true, ""replay_notional_fraction"": 0.5, ""sizing_mode"": ""notional_fraction_equals_leverage_times_allocation_fraction""}",0,0,locked_oos_trade_event_count_0_below_20;locked_oos_return_not_positive;locked_oos_return_per_turnover_proxy_bps_missing_not_above_10.000;shadow_universe_not_promotion_eligible,crypto_payment_alt,shadow_probe_only,"{""breadth_threshold"": 0.4, ""market_momentum_floor"": -0.02, ""panel_symbols"": [""BTCUSDT"", ""ETHUSDT"", ""SOLUSDT"", ""BNBUSDT"", ""TRXUSDT""], ""rank_top_n"": 1}",3.1850766784133633,0.27729965095319487,0.034201618729722494,0.034201618729722494
2,a30fb_asset_diverse_rank_chandelier_1h_xrpusdt_lb12_top1_mom0p005_breadth0p4_adx12p0_trail2p0_hold18_5p0x_0p1_f3cb3ff1,cross_asset_rank_chandelier_breakout,XRPUSDT,1h,long_short,12,0.005,0.0,18,2,top1_breadth_adx_trail2.0,False,,,,,5.0,0.1,0.5,0.36438565013948354,0.3209853666187028,0.0,0.31954472282178725,0.06535494172808376,0.0,1.0606980563685233,4.865443052210337,0.0,517,98,0,5334,1029,0,1.13520953923216,0.043400283520780736,14.096156678510003,65.50721767728629,,False,False,False,False,no_promotion_shadow_or_reject,False,False,False,"{""live_notional_fraction"": 0.5, ""parity"": true, ""recorded"": true, ""replay_notional_fraction"": 0.5, ""sizing_mode"": ""notional_fraction_equals_leverage_times_allocation_fraction""}",0,0,locked_oos_trade_event_count_0_below_20;locked_oos_return_not_positive;locked_oos_return_per_turnover_proxy_bps_missing_not_above_10.000;shadow_universe_not_promotion_eligible,crypto_payment_alt,shadow_probe_only,"{""breadth_threshold"": 0.4, ""market_momentum_floor"": -0.02, ""panel_symbols"": [""BTCUSDT"", ""ETHUSDT"", ""SOLUSDT"", ""BNBUSDT"", ""TRXUSDT""], ""rank_top_n"": 1}",3.1850766784133633,0.27729965095319487,0.034201618729722494,0.034201618729722494
3,a30fb_asset_diverse_rank_chandelier_1h_xrpusdt_lb12_top2_mom0p005_breadth0p4_adx12p0_trail2p0_hold18_4p0x_0p125_1c5bcb4d,cross_asset_rank_chandelier_breakout,XRPUSDT,1h,long_short,12,0.005,0.0,18,2,top2_breadth_adx_trail2.0,False,,,,,4.0,0.125,0.5,0.36438565013948354,0.3209853666187028,0.0,0.31954472282178725,0.06535494172808376,0.0,1.0606980563685233,4.865443052210337,0.0,517,98,0,5334,1029,0,1.13520953923216,0.043400283520780736,14.096156678510003,65.50721767728629,,False,False,False,False,no_promotion_shadow_or_reject,False,False,False,"{""live_notional_fraction"": 0.5, ""parity"": true, ""recorded"": true, ""replay_notional_fraction"": 0.5, ""sizing_mode"": ""notional_fraction_equals_leverage_times_allocation_fraction""}",0,0,locked_oos_trade_event_count_0_below_20;locked_oos_return_not_positive;locked_oos_return_per_turnover_proxy_bps_missing_not_above_10.000;shadow_universe_not_promotion_eligible,crypto_payment_alt,shadow_probe_only,"{""breadth_threshold"": 0.4, ""market_momentum_floor"": -0.02, ""panel_symbols"": [""BTCUSDT"", ""ETHUSDT"", ""SOLUSDT"", ""BNBUSDT"", ""TRXUSDT""], ""rank_top_n"": 2}",3.1850766784133633,0.27729965095319487,0.034201618729722494,0.034201618729722494
4,a30fb_asset_diverse_rank_chandelier_1h_xrpusdt_lb12_top2_mom0p005_breadth0p4_adx12p0_trail2p0_hold18_5p0x_0p1_a0fec8c3,cross_asset_rank_chandelier_breakout,XRPUSDT,1h,long_short,12,0.005,0.0,18,2,top2_breadth_adx_trail2.0,False,,,,,5.0,0.1,0.5,0.36438565013948354,0.3209853666187028,0.0,0.31954472282178725,0.06535494172808376,0.0,1.0606980563685233,4.865443052210337,0.0,517,98,0,5334,1029,0,1.13520953923216,0.043400283520780736,14.096156678510003,65.50721767728629,,False,False,False,False,no_promotion_shadow_or_reject,False,False,False,"{""live_notional_fraction"": 0.5, ""parity"": true, ""recorded"": true, ""replay_notional_fraction"": 0.5, ""sizing_mode"": ""notional_fraction_equals_leverage_times_allocation_fraction""}",0,0,locked_oos_trade_event_count_0_below_20;locked_oos_return_not_positive;locked_oos_return_per_turnover_proxy_bps_missing_not_above_10.000;shadow_universe_not_promotion_eligible,crypto_payment_alt,shadow_probe_only,"{""breadth_threshold"": 0.4, ""market_momentum_floor"": -0.02, ""panel_symbols"": [""BTCUSDT"", ""ETHUSDT"", ""SOLUSDT"", ""BNBUSDT"", ""TRXUSDT""], ""rank_top_n"": 2}",3.1850766784133633,0.27729965095319487,0.034201618729722494,0.034201618729722494
5,a30fb_asset_diverse_rank_chandelier_1h_xrpusdt_lb12_top1_mom0p005_breadth0p4_adx12p0_trail3p0_hold18_4p0x_0p125_7c8ca568,cross_asset_rank_chandelier_breakout,XRPUSDT,1h,long_short,12,0.005,0.0,18,2,top1_breadth_adx_trail3.0,False,,,,,4.0,0.125,0.5,0.41104035069351585,0.3155578824105272,0.0,0.29974380387537625,0.06535494172808332,0.0,1.1551361748985156,4.792105676753605,0.0,517,98,0,5354,1035,0,1.3025830556144058,0.09548246828298868,15.900980684468697,64.3995678388831,,False,False,False,False,no_promotion_shadow_or_reject,False,False,False,"{""live_notional_fraction"": 0.5, ""parity"": true, ""recorded"": true, ""replay_notional_fraction"": 0.5, ""sizing_mode"": ""notional_fraction_equals_leverage_times_allocation_fraction""}",0,0,locked_oos_trade_event_count_0_below_20;locked_oos_return_not_positive;locked_oos_return_per_turnover_proxy_bps_missing_not_above_10.000;shadow_universe_not_promotion_eligible,crypto_payment_alt,shadow_probe_only,"{""breadth_threshold"": 0.4, ""market_momentum_floor"": -0.02, ""panel_symbols"": [""BTCUSDT"", ""ETHUSDT"", ""SOLUSDT"", ""BNBUSDT"", ""TRXUSDT""], ""rank_top_n"": 1}",3.1325656821157217,0.2764471690320194,0.030640291527434638,0.030640291527434638
6,a30fb_asset_diverse_rank_chandelier_1h_xrpusdt_lb12_top1_mom0p005_breadth0p4_adx12p0_trail3p0_hold18_5p0x_0p1_e0450ce3,cross_asset_rank_chandelier_breakout,XRPUSDT,1h,long_short,12,0.005,0.0,18,2,top1_breadth_adx_trail3.0,False,,,,,5.0,0.1,0.5,0.41104035069351585,0.3155578824105272,0.0,0.29974380387537625,0.06535494172808332,0.0,1.1551361748985156,4.792105676753605,0.0,517,98,0,5354,1035,0,1.3025830556144058,0.09548246828298868,15.900980684468697,64.3995678388831,,False,False,False,False,no_promotion_shadow_or_reject,False,False,False,"{""live_notional_fraction"": 0.5, ""parity"": true, ""recorded"": true, ""replay_notional_fraction"": 0.5, ""sizing_mode"": ""notional_fraction_equals_leverage_times_allocation_fraction""}",0,0,locked_oos_trade_event_count_0_below_20;locked_oos_return_not_positive;locked_oos_return_per_turnover_proxy_bps_missing_not_above_10.000;shadow_universe_not_promotion_eligible,crypto_payment_alt,shadow_probe_only,"{""breadth_threshold"": 0.4, ""market_momentum_floor"": -0.02, ""panel_symbols"": [""BTCUSDT"", ""ETHUSDT"", ""SOLUSDT"", ""BNBUSDT"", ""TRXUSDT""], ""rank_top_n"": 1}",3.1325656821157217,0.2764471690320194,0.030640291527434638,0.030640291527434638
7,a30fb_asset_diverse_rank_chandelier_1h_xrpusdt_lb12_top2_mom0p005_breadth0p4_adx12p0_trail3p0_hold18_4p0x_0p125_4d4ca989,cross_asset_rank_chandelier_breakout,XRPUSDT,1h,long_short,12,0.005,0.0,18,2,top2_breadth_adx_trail3.0,False,,,,,4.0,0.125,0.5,0.41104035069351585,0.3155578824105272,0.0,0.29974380387537625,0.06535494172808332,0.0,1.1551361748985156,4.792105676753605,0.0,517,98,0,5354,1035,0,1.3025830556144058,0.09548246828298868,15.900980684468697,64.3995678388831,,False,False,False,False,no_promotion_shadow_or_reject,False,False,False,"{""live_notional_fraction"": 0.5, ""parity"": true, ""recorded"": true, ""replay_notional_fraction"": 0.5, ""sizing_mode"": ""notional_fraction_equals_leverage_times_allocation_fraction""}",0,0,locked_oos_trade_event_count_0_below_20;locked_oos_return_not_positive;locked_oos_return_per_turnover_proxy_bps_missing_not_above_10.000;shadow_universe_not_promotion_eligible,crypto_payment_alt,shadow_probe_only,"{""breadth_threshold"": 0.4, ""market_momentum_floor"": -0.02, ""panel_symbols"": [""BTCUSDT"", ""ETHUSDT"", ""SOLUSDT"", ""BNBUSDT"", ""TRXUSDT""], ""rank_top_n"": 2}",3.1325656821157217,0.2764471690320194,0.030640291527434638,0.030640291527434638
8,a30fb_asset_diverse_rank_chandelier_1h_xrpusdt_lb12_top2_mom0p005_breadth0p4_adx12p0_trail3p0_hold18_5p0x_0p1_ad4fad7e,cross_asset_rank_chandelier_breakout,XRPUSDT,1h,long_short,12,0.005,0.0,18,2,top2_breadth_adx_trail3.0,False,,,,,5.0,0.1,0.5,0.41104035069351585,0.3155578824105272,0.0,0.29974380387537625,0.06535494172808332,0.0,1.1551361748985156,4.792105676753605,0.0,517,98,0,5354,1035,0,1.3025830556144058,0.09548246828298868,15.900980684468697,64.3995678388831,,False,False,False,False,no_promotion_shadow_or_reject,False,False,False,"{""live_notional_fraction"": 0.5, ""parity"": true, ""recorded"": true, ""replay_notional_fraction"": 0.5, ""sizing_mode"": ""notional_fraction_equals_leverage_times_allocation_fraction""}",0,0,locked_oos_trade_event_count_0_below_20;locked_oos_return_not_positive;locked_oos_return_per_turnover_proxy_bps_missing_not_above_10.000;shadow_universe_not_promotion_eligible,crypto_payment_alt,shadow_probe_only,"{""breadth_threshold"": 0.4, ""market_momentum_floor"": -0.02, ""panel_symbols"": [""BTCUSDT"", ""ETHUSDT"", ""SOLUSDT"", ""BNBUSDT"", ""TRXUSDT""], ""rank_top_n"": 2}",3.1325656821157217,0.2764471690320194,0.030640291527434638,0.030640291527434638
9,a30fb_asset_diverse_rank_chandelier_1h_xrpusdt_lb12_top1_mom0p005_breadth0p4_adx18p0_trail2p0_hold18_4p0x_0p125_0b7b39a2,cross_asset_rank_chandelier_breakout,XRPUSDT,1h,long_short,12,0.005,0.0,18,2,top1_breadth_adx_trail2.0,False,,,,,4.0,0.125,0.5,0.3680705703685263,0.30646681550965527,0.0,0.32485757209474075,0.06535494172808343,0.0,1.0689773793693873,4.715342090674058,0.0,515,98,0,5324,1026,0,1.2010128070682753,0.06160375485887104,14.294002732758303,62.544248063194956,,False,False,False,False,no_promotion_shadow_or_reject,False,False,False,"{""live_notional_fraction"": 0.5, ""parity"": true, ""recorded"": true, ""replay_notional_fraction"": 0.5, ""sizing_mode"": ""notional_fraction_equals_leverage_times_allocation_fraction""}",0,0,locked_oos_trade_event_count_0_below_20;locked_oos_return_not_positive;locked_oos_return_per_turnover_proxy_bps_missing_not_above_10.000;shadow_universe_not_promotion_eligible,crypto_payment_alt,shadow_probe_only,"{""breadth_threshold"": 0.4, ""market_momentum_floor"": -0.02, ""panel_symbols"": [""BTCUSDT"", ""ETHUSDT"", ""SOLUSDT"", ""BNBUSDT"", ""TRXUSDT""], ""rank_top_n"": 1}",3.0387097224939223,0.26326123634804244,0.034201618729722494,0.034201618729722494
10,a30fb_asset_diverse_rank_chandelier_1h_xrpusdt_lb12_top1_mom0p005_breadth0p4_adx18p0_trail2p0_hold18_5p0x_0p1_86335e6e,cross_asset_rank_chandelier_breakout,XRPUSDT,1h,long_short,12,0.005,0.0,18,2,top1_breadth_adx_trail2.0,False,,,,,5.0,0.1,0.5,0.3680705703685263,0.30646681550965527,0.0,0.32485757209474075,0.06535494172808343,0.0,1.0689773793693873,4.715342090674058,0.0,515,98,0,5324,1026,0,1.2010128070682753,0.06160375485887104,14.294002732758303,62.544248063194956,,False,False,False,False,no_promotion_shadow_or_reject,False,False,False,"{""live_notional_fraction"": 0.5, ""parity"": true, ""recorded"": true, ""replay_notional_fraction"": 0.5, ""sizing_mode"": ""notional_fraction_equals_leverage_times_allocation_fraction""}",0,0,locked_oos_trade_event_count_0_below_20;locked_oos_return_not_positive;locked_oos_return_per_turnover_proxy_bps_missing_not_above_10.000;shadow_universe_not_promotion_eligible,crypto_payment_alt,shadow_probe_only,"{""breadth_threshold"": 0.4, ""market_momentum_floor"": -0.02, ""panel_symbols"": [""BTCUSDT"", ""ETHUSDT"", ""SOLUSDT"", ""BNBUSDT"", ""TRXUSDT""], ""rank_top_n"": 1}",3.0387097224939223,0.26326123634804244,0.034201618729722494,0.034201618729722494
11,a30fb_asset_diverse_rank_chandelier_1h_xrpusdt_lb12_top2_mom0p005_breadth0p4_adx18p0_trail2p0_hold18_4p0x_0p125_c90a7b95,cross_asset_rank_chandelier_breakout,XRPUSDT,1h,long_short,12,0.005,0.0,18,2,top2_breadth_adx_trail2.0,False,,,,,4.0,0.125,0.5,0.3680705703685263,0.30646681550965527,0.0,0.32485757209474075,0.06535494172808343,0.0,1.0689773793693873,4.715342090674058,0.0,515,98,0,5324,1026,0,1.2010128070682753,0.06160375485887104,14.294002732758303,62.544248063194956,,False,False,False,False,no_promotion_shadow_or_reject,False,False,False,"{""live_notional_fraction"": 0.5, ""parity"": true, ""recorded"": true, ""replay_notional_fraction"": 0.5, ""sizing_mode"": ""notional_fraction_equals_leverage_times_allocation_fraction""}",0,0,locked_oos_trade_event_count_0_below_20;locked_oos_return_not_positive;locked_oos_return_per_turnover_proxy_bps_missing_not_above_10.000;shadow_universe_not_promotion_eligible,crypto_payment_alt,shadow_probe_only,"{""breadth_threshold"": 0.4, ""market_momentum_floor"": -0.02, ""panel_symbols"": [""BTCUSDT"", ""ETHUSDT"", ""SOLUSDT"", ""BNBUSDT"", ""TRXUSDT""], ""rank_top_n"": 2}",3.0387097224939223,0.26326123634804244,0.034201618729722494,0.034201618729722494
12,a30fb_asset_diverse_rank_chandelier_1h_xrpusdt_lb12_top2_mom0p005_breadth0p4_adx18p0_trail2p0_hold18_5p0x_0p1_87208954,cross_asset_rank_chandelier_breakout,XRPUSDT,1h,long_short,12,0.005,0.0,18,2,top2_breadth_adx_trail2.0,False,,,,,5.0,0.1,0.5,0.3680705703685263,0.30646681550965527,0.0,0.32485757209474075,0.06535494172808343,0.0,1.0689773793693873,4.715342090674058,0.0,515,98,0,5324,1026,0,1.2010128070682753,0.06160375485887104,14.294002732758303,62.544248063194956,,False,False,False,False,no_promotion_shadow_or_reject,False,False,False,"{""live_notional_fraction"": 0.5, ""parity"": true, ""recorded"": true, ""replay_notional_fraction"": 0.5, ""sizing_mode"": ""notional_fraction_equals_leverage_times_allocation_fraction""}",0,0,locked_oos_trade_event_count_0_below_20;locked_oos_return_not_positive;locked_oos_return_per_turnover_proxy_bps_missing_not_above_10.000;shadow_universe_not_promotion_eligible,crypto_payment_alt,shadow_probe_only,"{""breadth_threshold"": 0.4, ""market_momentum_floor"": -0.02, ""panel_symbols"": [""BTCUSDT"", ""ETHUSDT"", ""SOLUSDT"", ""BNBUSDT"", ""TRXUSDT""], ""rank_top_n"": 2}",3.0387097224939223,0.26326123634804244,0.034201618729722494,0.034201618729722494
13,a30fb_asset_diverse_rank_chandelier_1h_xrpusdt_lb12_top1_mom0p005_breadth0p4_adx18p0_trail3p0_hold18_4p0x_0p125_c8a3f6bd,cross_asset_rank_chandelier_breakout,XRPUSDT,1h,long_short,12,0.005,0.0,18,2,top1_breadth_adx_trail3.0,False,,,,,4.0,0.125,0.5,0.43280165649406666,0.3010989831408253,0.0,0.29974380387537625,0.06535494172808343,0.0,1.1997391686285814,4.641492289750279,0.0,515,98,0,5343,1032,0,1.4374065696915472,0.13170267335324137,16.807831320157927,61.448772069556185,,False,False,False,False,no_promotion_shadow_or_reject,False,False,False,"{""live_notional_fraction"": 0.5, ""parity"": true, ""recorded"": true, ""replay_notional_fraction"": 0.5, ""sizing_mode"": ""notional_fraction_equals_leverage_times_allocation_fraction""}",0,0,locked_oos_trade_event_count_0_below_20;locked_oos_return_not_positive;locked_oos_return_per_turnover_proxy_bps_missing_not_above_10.000;shadow_universe_not_promotion_eligible,crypto_payment_alt,shadow_probe_only,"{""breadth_threshold"": 0.4, ""market_momentum_floor"": -0.02, ""panel_symbols"": [""BTCUSDT"", ""ETHUSDT"", ""SOLUSDT"", ""BNBUSDT"", ""TRXUSDT""], ""rank_top_n"": 1}",2.9895301659191538,0.26241812379813356,0.030640291527434638,0.030640291527434638
14,a30fb_asset_diverse_rank_chandelier_1h_xrpusdt_lb12_top1_mom0p005_breadth0p4_adx18p0_trail3p0_hold18_5p0x_0p1_f13f66b9,cross_asset_rank_chandelier_breakout,XRPUSDT,1h,long_short,12,0.005,0.0,18,2,top1_breadth_adx_trail3.0,False,,,,,5.0,0.1,0.5,0.43280165649406666,0.3010989831408253,0.0,0.29974380387537625,0.06535494172808343,0.0,1.1997391686285814,4.641492289750279,0.0,515,98,0,5343,1032,0,1.4374065696915472,0.13170267335324137,16.807831320157927,61.448772069556185,,False,False,False,False,no_promotion_shadow_or_reject,False,False,False,"{""live_notional_fraction"": 0.5, ""parity"": true, ""recorded"": true, ""replay_notional_fraction"": 0.5, ""sizing_mode"": ""notional_fraction_equals_leverage_times_allocation_fraction""}",0,0,locked_oos_trade_event_count_0_below_20;locked_oos_return_not_positive;locked_oos_return_per_turnover_proxy_bps_missing_not_above_10.000;shadow_universe_not_promotion_eligible,crypto_payment_alt,shadow_probe_only,"{""breadth_threshold"": 0.4, ""market_momentum_floor"": -0.02, ""panel_symbols"": [""BTCUSDT"", ""ETHUSDT"", ""SOLUSDT"", ""BNBUSDT"", ""TRXUSDT""], ""rank_top_n"": 1}",2.9895301659191538,0.26241812379813356,0.030640291527434638,0.030640291527434638
15,a30fb_asset_diverse_rank_chandelier_1h_xrpusdt_lb12_top2_mom0p005_breadth0p4_adx18p0_trail3p0_hold18_4p0x_0p125_a71f83a8,cross_asset_rank_chandelier_breakout,XRPUSDT,1h,long_short,12,0.005,0.0,18,2,top2_breadth_adx_trail3.0,False,,,,,4.0,0.125,0.5,0.43280165649406666,0.3010989831408253,0.0,0.29974380387537625,0.06535494172808343,0.0,1.1997391686285814,4.641492289750279,0.0,515,98,0,5343,1032,0,1.4374065696915472,0.13170267335324137,16.807831320157927,61.448772069556185,,False,False,False,False,no_promotion_shadow_or_reject,False,False,False,"{""live_notional_fraction"": 0.5, ""parity"": true, ""recorded"": true, ""replay_notional_fraction"": 0.5, ""sizing_mode"": ""notional_fraction_equals_leverage_times_allocation_fraction""}",0,0,locked_oos_trade_event_count_0_below_20;locked_oos_return_not_positive;locked_oos_return_per_turnover_proxy_bps_missing_not_above_10.000;shadow_universe_not_promotion_eligible,crypto_payment_alt,shadow_probe_only,"{""breadth_threshold"": 0.4, ""market_momentum_floor"": -0.02, ""panel_symbols"": [""BTCUSDT"", ""ETHUSDT"", ""SOLUSDT"", ""BNBUSDT"", ""TRXUSDT""], ""rank_top_n"": 2}",2.9895301659191538,0.26241812379813356,0.030640291527434638,0.030640291527434638
16,a30fb_asset_diverse_rank_chandelier_1h_xrpusdt_lb12_top2_mom0p005_breadth0p4_adx18p0_trail3p0_hold18_5p0x_0p1_3cecca88,cross_asset_rank_chandelier_breakout,XRPUSDT,1h,long_short,12,0.005,0.0,18,2,top2_breadth_adx_trail3.0,False,,,,,5.0,0.1,0.5,0.43280165649406666,0.3010989831408253,0.0,0.29974380387537625,0.06535494172808343,0.0,1.1997391686285814,4.641492289750279,0.0,515,98,0,5343,1032,0,1.4374065696915472,0.13170267335324137,16.807831320157927,61.448772069556185,,False,False,False,False,no_promotion_shadow_or_reject,False,False,False,"{""live_notional_fraction"": 0.5, ""parity"": true, ""recorded"": true, ""replay_notional_fraction"": 0.5, ""sizing_mode"": ""notional_fraction_equals_leverage_times_allocation_fraction""}",0,0,locked_oos_trade_event_count_0_below_20;locked_oos_return_not_positive;locked_oos_return_per_turnover_proxy_bps_missing_not_above_10.000;shadow_universe_not_promotion_eligible,crypto_payment_alt,shadow_probe_only,"{""breadth_threshold"": 0.4, ""market_momentum_floor"": -0.02, ""panel_symbols"": [""BTCUSDT"", ""ETHUSDT"", ""SOLUSDT"", ""BNBUSDT"", ""TRXUSDT""], ""rank_top_n"": 2}",2.9895301659191538,0.26241812379813356,0.030640291527434638,0.030640291527434638
17,a30fb_asset_diverse_rank_chandelier_1h_xrpusdt_lb12_top1_mom0p005_breadth0p6_adx18p0_trail2p0_hold18_4p0x_0p125_edc298df,cross_asset_rank_chandelier_breakout,XRPUSDT,1h,long_short,12,0.005,0.0,18,2,top1_breadth_adx_trail2.0,False,,,,,4.0,0.125,0.5,0.5454029985211253,0.29117727851972175,0.0,0.19333443866775024,0.06535494172808354,0.0,1.4262349769102076,4.625188925446856,0.0,501,94,0,5177,985,0,1.87309600973616,0.25422572000140353,21.772574791262485,61.95261245100463,,False,False,False,False,no_promotion_shadow_or_reject,False,False,False,"{""live_notional_fraction"": 0.5, ""parity"": true, ""recorded"": true, ""replay_notional_fraction"": 0.5, ""sizing_mode"": ""notional_fraction_equals_leverage_times_allocation_fraction""}",0,0,locked_oos_trade_event_count_0_below_20;locked_oos_return_not_positive;locked_oos_return_per_turnover_proxy_bps_missing_not_above_10.000;shadow_universe_not_promotion_eligible,crypto_payment_alt,shadow_probe_only,"{""breadth_threshold"": 0.6, ""market_momentum_floor"": -0.02, ""panel_symbols"": [""BTCUSDT"", ""ETHUSDT"", ""SOLUSDT"", ""BNBUSDT"", ""TRXUSDT""], ""rank_top_n"": 1}",2.9273007637589066,0.24847733279090667,0.034201618729722494,0.034201618729722494
18,a30fb_asset_diverse_rank_chandelier_1h_xrpusdt_lb12_top1_mom0p005_breadth0p6_adx18p0_trail2p0_hold18_5p0x_0p1_2da12e12,cross_asset_rank_chandelier_breakout,XRPUSDT,1h,long_short,12,0.005,0.0,18,2,top1_breadth_adx_trail2.0,False,,,,,5.0,0.1,0.5,0.5454029985211253,0.29117727851972175,0.0,0.19333443866775024,0.06535494172808354,0.0,1.4262349769102076,4.625188925446856,0.0,501,94,0,5177,985,0,1.87309600973616,0.25422572000140353,21.772574791262485,61.95261245100463,,False,False,False,False,no_promotion_shadow_or_reject,False,False,False,"{""live_notional_fraction"": 0.5, ""parity"": true, ""recorded"": true, ""replay_notional_fraction"": 0.5, ""sizing_mode"": ""notional_fraction_equals_leverage_times_allocation_fraction""}",0,0,locked_oos_trade_event_count_0_below_20;locked_oos_return_not_positive;locked_oos_return_per_turnover_proxy_bps_missing_not_above_10.000;shadow_universe_not_promotion_eligible,crypto_payment_alt,shadow_probe_only,"{""breadth_threshold"": 0.6, ""market_momentum_floor"": -0.02, ""panel_symbols"": [""BTCUSDT"", ""ETHUSDT"", ""SOLUSDT"", ""BNBUSDT"", ""TRXUSDT""], ""rank_top_n"": 1}",2.9273007637589066,0.24847733279090667,0.034201618729722494,0.034201618729722494
19,a30fb_asset_diverse_rank_chandelier_1h_xrpusdt_lb12_top2_mom0p005_breadth0p6_adx18p0_trail2p0_hold18_4p0x_0p125_71582de8,cross_asset_rank_chandelier_breakout,XRPUSDT,1h,long_short,12,0.005,0.0,18,2,top2_breadth_adx_trail2.0,False,,,,,4.0,0.125,0.5,0.5454029985211253,0.29117727851972175,0.0,0.19333443866775024,0.06535494172808354,0.0,1.4262349769102076,4.625188925446856,0.0,501,94,0,5177,985,0,1.87309600973616,0.25422572000140353,21.772574791262485,61.95261245100463,,False,False,False,False,no_promotion_shadow_or_reject,False,False,False,"{""live_notional_fraction"": 0.5, ""parity"": true, ""recorded"": true, ""replay_notional_fraction"": 0.5, ""sizing_mode"": ""notional_fraction_equals_leverage_times_allocation_fraction""}",0,0,locked_oos_trade_event_count_0_below_20;locked_oos_return_not_positive;locked_oos_return_per_turnover_proxy_bps_missing_not_above_10.000;shadow_universe_not_promotion_eligible,crypto_payment_alt,shadow_probe_only,"{""breadth_threshold"": 0.6, ""market_momentum_floor"": -0.02, ""panel_symbols"": [""BTCUSDT"", ""ETHUSDT"", ""SOLUSDT"", ""BNBUSDT"", ""TRXUSDT""], ""rank_top_n"": 2}",2.9273007637589066,0.24847733279090667,0.034201618729722494,0.034201618729722494
20,a30fb_asset_diverse_rank_chandelier_1h_xrpusdt_lb12_top2_mom0p005_breadth0p6_adx18p0_trail2p0_hold18_5p0x_0p1_bf394f08,cross_asset_rank_chandelier_breakout,XRPUSDT,1h,long_short,12,0.005,0.0,18,2,top2_breadth_adx_trail2.0,False,,,,,5.0,0.1,0.5,0.5454029985211253,0.29117727851972175,0.0,0.19333443866775024,0.06535494172808354,0.0,1.4262349769102076,4.625188925446856,0.0,501,94,0,5177,985,0,1.87309600973616,0.25422572000140353,21.772574791262485,61.95261245100463,,False,False,False,False,no_promotion_shadow_or_reject,False,False,False,"{""live_notional_fraction"": 0.5, ""parity"": true, ""recorded"": true, ""replay_notional_fraction"": 0.5, ""sizing_mode"": ""notional_fraction_equals_leverage_times_allocation_fraction""}",0,0,locked_oos_trade_event_count_0_below_20;locked_oos_return_not_positive;locked_oos_return_per_turnover_proxy_bps_missing_not_above_10.000;shadow_universe_not_promotion_eligible,crypto_payment_alt,shadow_probe_only,"{""breadth_threshold"": 0.6, ""market_momentum_floor"": -0.02, ""panel_symbols"": [""BTCUSDT"", ""ETHUSDT"", ""SOLUSDT"", ""BNBUSDT"", ""TRXUSDT""], ""rank_top_n"": 2}",2.9273007637589066,0.24847733279090667,0.034201618729722494,0.034201618729722494
21,a30fb_asset_diverse_rank_chandelier_1h_xrpusdt_lb12_top1_mom0p005_breadth0p6_adx12p0_trail2p0_hold18_4p0x_0p125_b388428e,cross_asset_rank_chandelier_breakout,XRPUSDT,1h,long_short,12,0.005,0.0,18,2,top1_breadth_adx_trail2.0,False,,,,,4.0,0.125,0.5,0.5412404305260126,0.29117727851972175,0.0,0.19333443866775024,0.06535494172808354,0.0,1.4175801951980538,4.625188925446856,0.0,503,94,0,5187,985,0,1.858800361338475,0.2500631520062908,21.520494255507458,61.95261245100463,,False,False,False,False,no_promotion_shadow_or_reject,False,False,False,"{""live_notional_fraction"": 0.5, ""parity"": true, ""recorded"": true, ""replay_notional_fraction"": 0.5, ""sizing_mode"": ""notional_fraction_equals_leverage_times_allocation_fraction""}",0,0,locked_oos_trade_event_count_0_below_20;locked_oos_return_not_positive;locked_oos_return_per_turnover_proxy_bps_missing_not_above_10.000;shadow_universe_not_promotion_eligible,crypto_payment_alt,shadow_probe_only,"{""breadth_threshold"": 0.6, ""market_momentum_floor"": -0.02, ""panel_symbols"": [""BTCUSDT"", ""ETHUSDT"", ""SOLUSDT"", ""BNBUSDT"", ""TRXUSDT""], ""rank_top_n"": 1}",2.926331223236772,0.24847733279090667,0.034201618729722494,0.034201618729722494
22,a30fb_asset_diverse_rank_chandelier_1h_xrpusdt_lb12_top1_mom0p005_breadth0p6_adx12p0_trail2p0_hold18_5p0x_0p1_660e490a,cross_asset_rank_chandelier_breakout,XRPUSDT,1h,long_short,12,0.005,0.0,18,2,top1_breadth_adx_trail2.0,False,,,,,5.0,0.1,0.5,0.5412404305260126,0.29117727851972175,0.0,0.19333443866775024,0.06535494172808354,0.0,1.4175801951980538,4.625188925446856,0.0,503,94,0,5187,985,0,1.858800361338475,0.2500631520062908,21.520494255507458,61.95261245100463,,False,False,False,False,no_promotion_shadow_or_reject,False,False,False,"{""live_notional_fraction"": 0.5, ""parity"": true, ""recorded"": true, ""replay_notional_fraction"": 0.5, ""sizing_mode"": ""notional_fraction_equals_leverage_times_allocation_fraction""}",0,0,locked_oos_trade_event_count_0_below_20;locked_oos_return_not_positive;locked_oos_return_per_turnover_proxy_bps_missing_not_above_10.000;shadow_universe_not_promotion_eligible,crypto_payment_alt,shadow_probe_only,"{""breadth_threshold"": 0.6, ""market_momentum_floor"": -0.02, ""panel_symbols"": [""BTCUSDT"", ""ETHUSDT"", ""SOLUSDT"", ""BNBUSDT"", ""TRXUSDT""], ""rank_top_n"": 1}",2.926331223236772,0.24847733279090667,0.034201618729722494,0.034201618729722494
23,a30fb_asset_diverse_rank_chandelier_1h_xrpusdt_lb12_top2_mom0p005_breadth0p6_adx12p0_trail2p0_hold18_4p0x_0p125_d3549949,cross_asset_rank_chandelier_breakout,XRPUSDT,1h,long_short,12,0.005,0.0,18,2,top2_breadth_adx_trail2.0,False,,,,,4.0,0.125,0.5,0.5412404305260126,0.29117727851972175,0.0,0.19333443866775024,0.06535494172808354,0.0,1.4175801951980538,4.625188925446856,0.0,503,94,0,5187,985,0,1.858800361338475,0.2500631520062908,21.520494255507458,61.95261245100463,,False,False,False,False,no_promotion_shadow_or_reject,False,False,False,"{""live_notional_fraction"": 0.5, ""parity"": true, ""recorded"": true, ""replay_notional_fraction"": 0.5, ""sizing_mode"": ""notional_fraction_equals_leverage_times_allocation_fraction""}",0,0,locked_oos_trade_event_count_0_below_20;locked_oos_return_not_positive;locked_oos_return_per_turnover_proxy_bps_missing_not_above_10.000;shadow_universe_not_promotion_eligible,crypto_payment_alt,shadow_probe_only,"{""breadth_threshold"": 0.6, ""market_momentum_floor"": -0.02, ""panel_symbols"": [""BTCUSDT"", ""ETHUSDT"", ""SOLUSDT"", ""BNBUSDT"", ""TRXUSDT""], ""rank_top_n"": 2}",2.926331223236772,0.24847733279090667,0.034201618729722494,0.034201618729722494
24,a30fb_asset_diverse_rank_chandelier_1h_xrpusdt_lb12_top2_mom0p005_breadth0p6_adx12p0_trail2p0_hold18_5p0x_0p1_572d3fd8,cross_asset_rank_chandelier_breakout,XRPUSDT,1h,long_short,12,0.005,0.0,18,2,top2_breadth_adx_trail2.0,False,,,,,5.0,0.1,0.5,0.5412404305260126,0.29117727851972175,0.0,0.19333443866775024,0.06535494172808354,0.0,1.4175801951980538,4.625188925446856,0.0,503,94,0,5187,985,0,1.858800361338475,0.2500631520062908,21.520494255507458,61.95261245100463,,False,False,False,False,no_promotion_shadow_or_reject,False,False,False,"{""live_notional_fraction"": 0.5, ""parity"": true, ""recorded"": true, ""replay_notional_fraction"": 0.5, ""sizing_mode"": ""notional_fraction_equals_leverage_times_allocation_fraction""}",0,0,locked_oos_trade_event_count_0_below_20;locked_oos_return_not_positive;locked_oos_return_per_turnover_proxy_bps_missing_not_above_10.000;shadow_universe_not_promotion_eligible,crypto_payment_alt,shadow_probe_only,"{""breadth_threshold"": 0.6, ""market_momentum_floor"": -0.02, ""panel_symbols"": [""BTCUSDT"", ""ETHUSDT"", ""SOLUSDT"", ""BNBUSDT"", ""TRXUSDT""], ""rank_top_n"": 2}",2.926331223236772,0.24847733279090667,0.034201618729722494,0.034201618729722494
25,a30fb_asset_diverse_rank_chandelier_1h_xrpusdt_lb12_top1_mom0p005_breadth0p6_adx18p0_trail3p0_hold18_4p0x_0p125_2db28ca6,cross_asset_rank_chandelier_breakout,XRPUSDT,1h,long_short,12,0.005,0.0,18,2,top1_breadth_adx_trail3.0,False,,,,,4.0,0.125,0.5,0.618524675693811,0.28587226571169966,0.0,0.20123703440449292,0.06535494172808376,0.0,1.5575877898051202,4.5493797003681955,0.0,501,94,0,5196,991,0,2.163640023469745,0.3326524099821113,24.691603820112213,60.82388632163823,,False,False,False,False,no_promotion_shadow_or_reject,False,False,False,"{""live_notional_fraction"": 0.5, ""parity"": true, ""recorded"": true, ""replay_notional_fraction"": 0.5, ""sizing_mode"": ""notional_fraction_equals_leverage_times_allocation_fraction""}",0,0,locked_oos_trade_event_count_0_below_20;locked_oos_return_not_positive;locked_oos_return_per_turnover_proxy_bps_missing_not_above_10.000;shadow_universe_not_promotion_eligible,crypto_payment_alt,shadow_probe_only,"{""breadth_threshold"": 0.6, ""market_momentum_floor"": -0.02, ""panel_symbols"": [""BTCUSDT"", ""ETHUSDT"", ""SOLUSDT"", ""BNBUSDT"", ""TRXUSDT""], ""rank_top_n"": 1}",2.8800603234914903,0.24764408715867958,0.030640291527434638,0.030640291527434638
26,a30fb_asset_diverse_rank_chandelier_1h_xrpusdt_lb12_top1_mom0p005_breadth0p6_adx18p0_trail3p0_hold18_5p0x_0p1_b8762508,cross_asset_rank_chandelier_breakout,XRPUSDT,1h,long_short,12,0.005,0.0,18,2,top1_breadth_adx_trail3.0,False,,,,,5.0,0.1,0.5,0.618524675693811,0.28587226571169966,0.0,0.20123703440449292,0.06535494172808376,0.0,1.5575877898051202,4.5493797003681955,0.0,501,94,0,5196,991,0,2.163640023469745,0.3326524099821113,24.691603820112213,60.82388632163823,,False,False,False,False,no_promotion_shadow_or_reject,False,False,False,"{""live_notional_fraction"": 0.5, ""parity"": true, ""recorded"": true, ""replay_notional_fraction"": 0.5, ""sizing_mode"": ""notional_fraction_equals_leverage_times_allocation_fraction""}",0,0,locked_oos_trade_event_count_0_below_20;locked_oos_return_not_positive;locked_oos_return_per_turnover_proxy_bps_missing_not_above_10.000;shadow_universe_not_promotion_eligible,crypto_payment_alt,shadow_probe_only,"{""breadth_threshold"": 0.6, ""market_momentum_floor"": -0.02, ""panel_symbols"": [""BTCUSDT"", ""ETHUSDT"", ""SOLUSDT"", ""BNBUSDT"", ""TRXUSDT""], ""rank_top_n"": 1}",2.8800603234914903,0.24764408715867958,0.030640291527434638,0.030640291527434638
27,a30fb_asset_diverse_rank_chandelier_1h_xrpusdt_lb12_top2_mom0p005_breadth0p6_adx18p0_trail3p0_hold18_4p0x_0p125_a08b99cd,cross_asset_rank_chandelier_breakout,XRPUSDT,1h,long_short,12,0.005,0.0,18,2,top2_breadth_adx_trail3.0,False,,,,,4.0,0.125,0.5,0.618524675693811,0.28587226571169966,0.0,0.20123703440449292,0.06535494172808376,0.0,1.5575877898051202,4.5493797003681955,0.0,501,94,0,5196,991,0,2.163640023469745,0.3326524099821113,24.691603820112213,60.82388632163823,,False,False,False,False,no_promotion_shadow_or_reject,False,False,False,"{""live_notional_fraction"": 0.5, ""parity"": true, ""recorded"": true, ""replay_notional_fraction"": 0.5, ""sizing_mode"": ""notional_fraction_equals_leverage_times_allocation_fraction""}",0,0,locked_oos_trade_event_count_0_below_20;locked_oos_return_not_positive;locked_oos_return_per_turnover_proxy_bps_missing_not_above_10.000;shadow_universe_not_promotion_eligible,crypto_payment_alt,shadow_probe_only,"{""breadth_threshold"": 0.6, ""market_momentum_floor"": -0.02, ""panel_symbols"": [""BTCUSDT"", ""ETHUSDT"", ""SOLUSDT"", ""BNBUSDT"", ""TRXUSDT""], ""rank_top_n"": 2}",2.8800603234914903,0.24764408715867958,0.030640291527434638,0.030640291527434638
28,a30fb_asset_diverse_rank_chandelier_1h_xrpusdt_lb12_top2_mom0p005_breadth0p6_adx18p0_trail3p0_hold18_5p0x_0p1_99dfd8c7,cross_asset_rank_chandelier_breakout,XRPUSDT,1h,long_short,12,0.005,0.0,18,2,top2_breadth_adx_trail3.0,False,,,,,5.0,0.1,0.5,0.618524675693811,0.28587226571169966,0.0,0.20123703440449292,0.06535494172808376,0.0,1.5575877898051202,4.5493797003681955,0.0,501,94,0,5196,991,0,2.163640023469745,0.3326524099821113,24.691603820112213,60.82388632163823,,False,False,False,False,no_promotion_shadow_or_reject,False,False,False,"{""live_notional_fraction"": 0.5, ""parity"": true, ""recorded"": true, ""replay_notional_fraction"": 0.5, ""sizing_mode"": ""notional_fraction_equals_leverage_times_allocation_fraction""}",0,0,locked_oos_trade_event_count_0_below_20;locked_oos_return_not_positive;locked_oos_return_per_turnover_proxy_bps_missing_not_above_10.000;shadow_universe_not_promotion_eligible,crypto_payment_alt,shadow_probe_only,"{""breadth_threshold"": 0.6, ""market_momentum_floor"": -0.02, ""panel_symbols"": [""BTCUSDT"", ""ETHUSDT"", ""SOLUSDT"", ""BNBUSDT"", ""TRXUSDT""], ""rank_top_n"": 2}",2.8800603234914903,0.24764408715867958,0.030640291527434638,0.030640291527434638
29,a30fb_asset_diverse_rank_chandelier_1h_xrpusdt_lb12_top1_mom0p005_breadth0p6_adx12p0_trail3p0_hold18_4p0x_0p125_245c3934,cross_asset_rank_chandelier_breakout,XRPUSDT,1h,long_short,12,0.005,0.0,18,2,top1_breadth_adx_trail3.0,False,,,,,4.0,0.125,0.5,0.5939426197938411,0.28587226571169966,0.0,0.20123703440449292,0.06535494172808376,0.0,1.512147939719842,4.5493797003681955,0.0,503,94,0,5207,991,0,2.0776503740759114,0.30807035408214145,23.61600873931774,60.82388632163823,,False,False,False,False,no_promotion_shadow_or_reject,False,False,False,"{""live_notional_fraction"": 0.5, ""parity"": true, ""recorded"": true, ""replay_notional_fraction"": 0.5, ""sizing_mode"": ""notional_fraction_equals_leverage_times_allocation_fraction""}",0,0,locked_oos_trade_event_count_0_below_20;locked_oos_return_not_positive;locked_oos_return_per_turnover_proxy_bps_missing_not_above_10.000;shadow_universe_not_promotion_eligible,crypto_payment_alt,shadow_probe_only,"{""breadth_threshold"": 0.6, ""market_momentum_floor"": -0.02, ""panel_symbols"": [""BTCUSDT"", ""ETHUSDT"", ""SOLUSDT"", ""BNBUSDT"", ""TRXUSDT""], ""rank_top_n"": 1}",2.8759234193345886,0.24764408715867958,0.030640291527434638,0.030640291527434638
30,a30fb_asset_diverse_rank_chandelier_1h_xrpusdt_lb12_top1_mom0p005_breadth0p6_adx12p0_trail3p0_hold18_5p0x_0p1_2a7ddd3d,cross_asset_rank_chandelier_breakout,XRPUSDT,1h,long_short,12,0.005,0.0,18,2,top1_breadth_adx_trail3.0,False,,,,,5.0,0.1,0.5,0.5939426197938411,0.28587226571169966,0.0,0.20123703440449292,0.06535494172808376,0.0,1.512147939719842,4.5493797003681955,0.0,503,94,0,5207,991,0,2.0776503740759114,0.30807035408214145,23.61600873931774,60.82388632163823,,False,False,False,False,no_promotion_shadow_or_reject,False,False,False,"{""live_notional_fraction"": 0.5, ""parity"": true, ""recorded"": true, ""replay_notional_fraction"": 0.5, ""sizing_mode"": ""notional_fraction_equals_leverage_times_allocation_fraction""}",0,0,locked_oos_trade_event_count_0_below_20;locked_oos_return_not_positive;locked_oos_return_per_turnover_proxy_bps_missing_not_above_10.000;shadow_universe_not_promotion_eligible,crypto_payment_alt,shadow_probe_only,"{""breadth_threshold"": 0.6, ""market_momentum_floor"": -0.02, ""panel_symbols"": [""BTCUSDT"", ""ETHUSDT"", ""SOLUSDT"", ""BNBUSDT"", ""TRXUSDT""], ""rank_top_n"": 1}",2.8759234193345886,0.24764408715867958,0.030640291527434638,0.030640291527434638
31,a30fb_asset_diverse_rank_chandelier_1h_xrpusdt_lb12_top2_mom0p005_breadth0p6_adx12p0_trail3p0_hold18_4p0x_0p125_b432cff1,cross_asset_rank_chandelier_breakout,XRPUSDT,1h,long_short,12,0.005,0.0,18,2,top2_breadth_adx_trail3.0,False,,,,,4.0,0.125,0.5,0.5939426197938411,0.28587226571169966,0.0,0.20123703440449292,0.06535494172808376,0.0,1.512147939719842,4.5493797003681955,0.0,503,94,0,5207,991,0,2.0776503740759114,0.30807035408214145,23.61600873931774,60.82388632163823,,False,False,False,False,no_promotion_shadow_or_reject,False,False,False,"{""live_notional_fraction"": 0.5, ""parity"": true, ""recorded"": true, ""replay_notional_fraction"": 0.5, ""sizing_mode"": ""notional_fraction_equals_leverage_times_allocation_fraction""}",0,0,locked_oos_trade_event_count_0_below_20;locked_oos_return_not_positive;locked_oos_return_per_turnover_proxy_bps_missing_not_above_10.000;shadow_universe_not_promotion_eligible,crypto_payment_alt,shadow_probe_only,"{""breadth_threshold"": 0.6, ""market_momentum_floor"": -0.02, ""panel_symbols"": [""BTCUSDT"", ""ETHUSDT"", ""SOLUSDT"", ""BNBUSDT"", ""TRXUSDT""], ""rank_top_n"": 2}",2.8759234193345886,0.24764408715867958,0.030640291527434638,0.030640291527434638
32,a30fb_asset_diverse_rank_chandelier_1h_xrpusdt_lb12_top2_mom0p005_breadth0p6_adx12p0_trail3p0_hold18_5p0x_0p1_89ce0567,cross_asset_rank_chandelier_breakout,XRPUSDT,1h,long_short,12,0.005,0.0,18,2,top2_breadth_adx_trail3.0,False,,,,,5.0,0.1,0.5,0.5939426197938411,0.28587226571169966,0.0,0.20123703440449292,0.06535494172808376,0.0,1.512147939719842,4.5493797003681955,0.0,503,94,0,5207,991,0,2.0776503740759114,0.30807035408214145,23.61600873931774,60.82388632163823,,False,False,False,False,no_promotion_shadow_or_reject,False,False,False,"{""live_notional_fraction"": 0.5, ""parity"": true, ""recorded"": true, ""replay_notional_fraction"": 0.5, ""sizing_mode"": ""notional_fraction_equals_leverage_times_allocation_fraction""}",0,0,locked_oos_trade_event_count_0_below_20;locked_oos_return_not_positive;locked_oos_return_per_turnover_proxy_bps_missing_not_above_10.000;shadow_universe_not_promotion_eligible,crypto_payment_alt,shadow_probe_only,"{""breadth_threshold"": 0.6, ""market_momentum_floor"": -0.02, ""panel_symbols"": [""BTCUSDT"", ""ETHUSDT"", ""SOLUSDT"", ""BNBUSDT"", ""TRXUSDT""], ""rank_top_n"": 2}",2.8759234193345886,0.24764408715867958,0.030640291527434638,0.030640291527434638
33,a30fb_asset_diverse_rank_chandelier_1h_dogeusdt_lb12_top1_mom0p015_breadth0p4_adx12p0_trail2p0_hold18_4p0x_0p125_20ad5aa3,cross_asset_rank_chandelier_breakout,DOGEUSDT,1h,long_short,12,0.015,0.0,18,2,top1_breadth_adx_trail2.0,False,,,,,4.0,0.125,0.5,0.6034681651701586,0.2664674248269061,0.0,0.19430067363654802,0.060284179861792464,0.0,1.4219531675731545,4.478592009935375,0.0,523,89,0,5396,906,0,2.2646977039019456,0.33700074034325245,23.077176488342584,59.880320185821596,,False,False,False,False,no_promotion_shadow_or_reject,False,False,False,"{""live_notional_fraction"": 0.5, ""parity"": true, ""recorded"": true, ""replay_notional_fraction"": 0.5, ""sizing_mode"": ""notional_fraction_equals_leverage_times_allocation_fraction""}",0,0,locked_oos_trade_event_count_0_below_20;locked_oos_return_not_positive;locked_oos_return_per_turnover_proxy_bps_missing_not_above_10.000;shadow_universe_not_promotion_eligible,crypto_high_beta_alt,shadow_probe_only,"{""breadth_threshold"": 0.4, ""market_momentum_floor"": -0.02, ""panel_symbols"": [""BTCUSDT"", ""ETHUSDT"", ""SOLUSDT"", ""BNBUSDT"", ""TRXUSDT""], ""rank_top_n"": 1}",2.781590564022338,0.1609455297166391,0.09089306294673594,0.09089306294673594
34,a30fb_asset_diverse_rank_chandelier_1h_dogeusdt_lb12_top1_mom0p015_breadth0p4_adx12p0_trail2p0_hold18_5p0x_0p1_3366d37a,cross_asset_rank_chandelier_breakout,DOGEUSDT,1h,long_short,12,0.015,0.0,18,2,top1_breadth_adx_trail2.0,False,,,,,5.0,0.1,0.5,0.6034681651701586,0.2664674248269061,0.0,0.19430067363654802,0.060284179861792464,0.0,1.4219531675731545,4.478592009935375,0.0,523,89,0,5396,906,0,2.2646977039019456,0.33700074034325245,23.077176488342584,59.880320185821596,,False,False,False,False,no_promotion_shadow_or_reject,False,False,False,"{""live_notional_fraction"": 0.5, ""parity"": true, ""recorded"": true, ""replay_notional_fraction"": 0.5, ""sizing_mode"": ""notional_fraction_equals_leverage_times_allocation_fraction""}",0,0,locked_oos_trade_event_count_0_below_20;locked_oos_return_not_positive;locked_oos_return_per_turnover_proxy_bps_missing_not_above_10.000;shadow_universe_not_promotion_eligible,crypto_high_beta_alt,shadow_probe_only,"{""breadth_threshold"": 0.4, ""market_momentum_floor"": -0.02, ""panel_symbols"": [""BTCUSDT"", ""ETHUSDT"", ""SOLUSDT"", ""BNBUSDT"", ""TRXUSDT""], ""rank_top_n"": 1}",2.781590564022338,0.1609455297166391,0.09089306294673594,0.09089306294673594
35,a30fb_asset_diverse_rank_chandelier_1h_dogeusdt_lb12_top2_mom0p015_breadth0p4_adx12p0_trail2p0_hold18_4p0x_0p125_25e25a1b,cross_asset_rank_chandelier_breakout,DOGEUSDT,1h,long_short,12,0.015,0.0,18,2,top2_breadth_adx_trail2.0,False,,,,,4.0,0.125,0.5,0.6034681651701586,0.2664674248269061,0.0,0.19430067363654802,0.060284179861792464,0.0,1.4219531675731545,4.478592009935375,0.0,523,89,0,5396,906,0,2.2646977039019456,0.33700074034325245,23.077176488342584,59.880320185821596,,False,False,False,False,no_promotion_shadow_or_reject,False,False,False,"{""live_notional_fraction"": 0.5, ""parity"": true, ""recorded"": true, ""replay_notional_fraction"": 0.5, ""sizing_mode"": ""notional_fraction_equals_leverage_times_allocation_fraction""}",0,0,locked_oos_trade_event_count_0_below_20;locked_oos_return_not_positive;locked_oos_return_per_turnover_proxy_bps_missing_not_above_10.000;shadow_universe_not_promotion_eligible,crypto_high_beta_alt,shadow_probe_only,"{""breadth_threshold"": 0.4, ""market_momentum_floor"": -0.02, ""panel_symbols"": [""BTCUSDT"", ""ETHUSDT"", ""SOLUSDT"", ""BNBUSDT"", ""TRXUSDT""], ""rank_top_n"": 2}",2.781590564022338,0.1609455297166391,0.09089306294673594,0.09089306294673594
36,a30fb_asset_diverse_rank_chandelier_1h_dogeusdt_lb12_top2_mom0p015_breadth0p4_adx12p0_trail2p0_hold18_5p0x_0p1_fc7176d8,cross_asset_rank_chandelier_breakout,DOGEUSDT,1h,long_short,12,0.015,0.0,18,2,top2_breadth_adx_trail2.0,False,,,,,5.0,0.1,0.5,0.6034681651701586,0.2664674248269061,0.0,0.19430067363654802,0.060284179861792464,0.0,1.4219531675731545,4.478592009935375,0.0,523,89,0,5396,906,0,2.2646977039019456,0.33700074034325245,23.077176488342584,59.880320185821596,,False,False,False,False,no_promotion_shadow_or_reject,False,False,False,"{""live_notional_fraction"": 0.5, ""parity"": true, ""recorded"": true, ""replay_notional_fraction"": 0.5, ""sizing_mode"": ""notional_fraction_equals_leverage_times_allocation_fraction""}",0,0,locked_oos_trade_event_count_0_below_20;locked_oos_return_not_positive;locked_oos_return_per_turnover_proxy_bps_missing_not_above_10.000;shadow_universe_not_promotion_eligible,crypto_high_beta_alt,shadow_probe_only,"{""breadth_threshold"": 0.4, ""market_momentum_floor"": -0.02, ""panel_symbols"": [""BTCUSDT"", ""ETHUSDT"", ""SOLUSDT"", ""BNBUSDT"", ""TRXUSDT""], ""rank_top_n"": 2}",2.781590564022338,0.1609455297166391,0.09089306294673594,0.09089306294673594
37,a30fb_asset_diverse_rank_chandelier_1h_dogeusdt_lb12_top1_mom0p015_breadth0p4_adx12p0_trail3p0_hold18_4p0x_0p125_67026f2f,cross_asset_rank_chandelier_breakout,DOGEUSDT,1h,long_short,12,0.015,0.0,18,2,top1_breadth_adx_trail3.0,False,,,,,4.0,0.125,0.5,0.5706915553460756,0.2664674248269061,0.0,0.19430067363654846,0.060284179861792464,0.0,1.3656767189710146,4.478592009935375,0.0,523,89,0,5407,906,0,2.1416935136322564,0.3042241305191695,21.823768846886257,59.880320185821596,,False,False,False,False,no_promotion_shadow_or_reject,False,False,False,"{""live_notional_fraction"": 0.5, ""parity"": true, ""recorded"": true, ""replay_notional_fraction"": 0.5, ""sizing_mode"": ""notional_fraction_equals_leverage_times_allocation_fraction""}",0,0,locked_oos_trade_event_count_0_below_20;locked_oos_return_not_positive;locked_oos_return_per_turnover_proxy_bps_missing_not_above_10.000;shadow_universe_not_promotion_eligible,crypto_high_beta_alt,shadow_probe_only,"{""breadth_threshold"": 0.4, ""market_momentum_floor"": -0.02, ""panel_symbols"": [""BTCUSDT"", ""ETHUSDT"", ""SOLUSDT"", ""BNBUSDT"", ""TRXUSDT""], ""rank_top_n"": 1}",2.7767697654013523,0.1609455297166391,0.09089306294673594,0.09089306294673594
38,a30fb_asset_diverse_rank_chandelier_1h_dogeusdt_lb12_top1_mom0p015_breadth0p4_adx12p0_trail3p0_hold18_5p0x_0p1_3aebb764,cross_asset_rank_chandelier_breakout,DOGEUSDT,1h,long_short,12,0.015,0.0,18,2,top1_breadth_adx_trail3.0,False,,,,,5.0,0.1,0.5,0.5706915553460756,0.2664674248269061,0.0,0.19430067363654846,0.060284179861792464,0.0,1.3656767189710146,4.478592009935375,0.0,523,89,0,5407,906,0,2.1416935136322564,0.3042241305191695,21.823768846886257,59.880320185821596,,False,False,False,False,no_promotion_shadow_or_reject,False,False,False,"{""live_notional_fraction"": 0.5, ""parity"": true, ""recorded"": true, ""replay_notional_fraction"": 0.5, ""sizing_mode"": ""notional_fraction_equals_leverage_times_allocation_fraction""}",0,0,locked_oos_trade_event_count_0_below_20;locked_oos_return_not_positive;locked_oos_return_per_turnover_proxy_bps_missing_not_above_10.000;shadow_universe_not_promotion_eligible,crypto_high_beta_alt,shadow_probe_only,"{""breadth_threshold"": 0.4, ""market_momentum_floor"": -0.02, ""panel_symbols"": [""BTCUSDT"", ""ETHUSDT"", ""SOLUSDT"", ""BNBUSDT"", ""TRXUSDT""], ""rank_top_n"": 1}",2.7767697654013523,0.1609455297166391,0.09089306294673594,0.09089306294673594
39,a30fb_asset_diverse_rank_chandelier_1h_dogeusdt_lb12_top2_mom0p015_breadth0p4_adx12p0_trail3p0_hold18_4p0x_0p125_64fef640,cross_asset_rank_chandelier_breakout,DOGEUSDT,1h,long_short,12,0.015,0.0,18,2,top2_breadth_adx_trail3.0,False,,,,,4.0,0.125,0.5,0.5706915553460756,0.2664674248269061,0.0,0.19430067363654846,0.060284179861792464,0.0,1.3656767189710146,4.478592009935375,0.0,523,89,0,5407,906,0,2.1416935136322564,0.3042241305191695,21.823768846886257,59.880320185821596,,False,False,False,False,no_promotion_shadow_or_reject,False,False,False,"{""live_notional_fraction"": 0.5, ""parity"": true, ""recorded"": true, ""replay_notional_fraction"": 0.5, ""sizing_mode"": ""notional_fraction_equals_leverage_times_allocation_fraction""}",0,0,locked_oos_trade_event_count_0_below_20;locked_oos_return_not_positive;locked_oos_return_per_turnover_proxy_bps_missing_not_above_10.000;shadow_universe_not_promotion_eligible,crypto_high_beta_alt,shadow_probe_only,"{""breadth_threshold"": 0.4, ""market_momentum_floor"": -0.02, ""panel_symbols"": [""BTCUSDT"", ""ETHUSDT"", ""SOLUSDT"", ""BNBUSDT"", ""TRXUSDT""], ""rank_top_n"": 2}",2.7767697654013523,0.1609455297166391,0.09089306294673594,0.09089306294673594
40,a30fb_asset_diverse_rank_chandelier_1h_dogeusdt_lb12_top2_mom0p015_breadth0p4_adx12p0_trail3p0_hold18_5p0x_0p1_67f223c1,cross_asset_rank_chandelier_breakout,DOGEUSDT,1h,long_short,12,0.015,0.0,18,2,top2_breadth_adx_trail3.0,False,,,,,5.0,0.1,0.5,0.5706915553460756,0.2664674248269061,0.0,0.19430067363654846,0.060284179861792464,0.0,1.3656767189710146,4.478592009935375,0.0,523,89,0,5407,906,0,2.1416935136322564,0.3042241305191695,21.823768846886257,59.880320185821596,,False,False,False,False,no_promotion_shadow_or_reject,False,False,False,"{""live_notional_fraction"": 0.5, ""parity"": true, ""recorded"": true, ""replay_notional_fraction"": 0.5, ""sizing_mode"": ""notional_fraction_equals_leverage_times_allocation_fraction""}",0,0,locked_oos_trade_event_count_0_below_20;locked_oos_return_not_positive;locked_oos_return_per_turnover_proxy_bps_missing_not_above_10.000;shadow_universe_not_promotion_eligible,crypto_high_beta_alt,shadow_probe_only,"{""breadth_threshold"": 0.4, ""market_momentum_floor"": -0.02, ""panel_symbols"": [""BTCUSDT"", ""ETHUSDT"", ""SOLUSDT"", ""BNBUSDT"", ""TRXUSDT""], ""rank_top_n"": 2}",2.7767697654013523,0.1609455297166391,0.09089306294673594,0.09089306294673594
41,a30fb_asset_diverse_rank_chandelier_1h_dogeusdt_lb12_top1_mom0p005_breadth0p4_adx18p0_trail2p0_hold18_4p0x_0p125_1371b0c1,cross_asset_rank_chandelier_breakout,DOGEUSDT,1h,long_short,12,0.005,0.0,18,2,top1_breadth_adx_trail2.0,False,,,,,4.0,0.125,0.5,0.7021085956031967,0.24815257525218604,0.0,0.21951395297971632,0.07748495775918407,0.0,1.5614265534405725,4.08373819664299,0.0,557,95,0,5817,961,0,2.8293423708767724,0.4539560203510107,25.210362499217116,52.24264742151285,,False,False,False,False,no_promotion_shadow_or_reject,False,False,False,"{""live_notional_fraction"": 0.5, ""parity"": true, ""recorded"": true, ""replay_notional_fraction"": 0.5, ""sizing_mode"": ""notional_fraction_equals_leverage_times_allocation_fraction""}",0,0,locked_oos_trade_event_count_0_below_20;locked_oos_return_not_positive;locked_oos_return_per_turnover_proxy_bps_missing_not_above_10.000;shadow_universe_not_promotion_eligible,crypto_high_beta_alt,shadow_probe_only,"{""breadth_threshold"": 0.4, ""market_momentum_floor"": -0.02, ""panel_symbols"": [""BTCUSDT"", ""ETHUSDT"", ""SOLUSDT"", ""BNBUSDT"", ""TRXUSDT""], ""rank_top_n"": 1}",2.5144187680498287,0.16843109822385394,0.06822950634360492,0.06822950634360492
42,a30fb_asset_diverse_rank_chandelier_1h_dogeusdt_lb12_top1_mom0p005_breadth0p4_adx18p0_trail2p0_hold18_5p0x_0p1_23cc13bd,cross_asset_rank_chandelier_breakout,DOGEUSDT,1h,long_short,12,0.005,0.0,18,2,top1_breadth_adx_trail2.0,False,,,,,5.0,0.1,0.5,0.7021085956031967,0.24815257525218604,0.0,0.21951395297971632,0.07748495775918407,0.0,1.5614265534405725,4.08373819664299,0.0,557,95,0,5817,961,0,2.8293423708767724,0.4539560203510107,25.210362499217116,52.24264742151285,,False,False,False,False,no_promotion_shadow_or_reject,False,False,False,"{""live_notional_fraction"": 0.5, ""parity"": true, ""recorded"": true, ""replay_notional_fraction"": 0.5, ""sizing_mode"": ""notional_fraction_equals_leverage_times_allocation_fraction""}",0,0,locked_oos_trade_event_count_0_below_20;locked_oos_return_not_positive;locked_oos_return_per_turnover_proxy_bps_missing_not_above_10.000;shadow_universe_not_promotion_eligible,crypto_high_beta_alt,shadow_probe_only,"{""breadth_threshold"": 0.4, ""market_momentum_floor"": -0.02, ""panel_symbols"": [""BTCUSDT"", ""ETHUSDT"", ""SOLUSDT"", ""BNBUSDT"", ""TRXUSDT""], ""rank_top_n"": 1}",2.5144187680498287,0.16843109822385394,0.06822950634360492,0.06822950634360492
43,a30fb_asset_diverse_rank_chandelier_1h_dogeusdt_lb12_top2_mom0p005_breadth0p4_adx18p0_trail2p0_hold18_4p0x_0p125_d52e50dd,cross_asset_rank_chandelier_breakout,DOGEUSDT,1h,long_short,12,0.005,0.0,18,2,top2_breadth_adx_trail2.0,False,,,,,4.0,0.125,0.5,0.7021085956031967,0.24815257525218604,0.0,0.21951395297971632,0.07748495775918407,0.0,1.5614265534405725,4.08373819664299,0.0,557,95,0,5817,961,0,2.8293423708767724,0.4539560203510107,25.210362499217116,52.24264742151285,,False,False,False,False,no_promotion_shadow_or_reject,False,False,False,"{""live_notional_fraction"": 0.5, ""parity"": true, ""recorded"": true, ""replay_notional_fraction"": 0.5, ""sizing_mode"": ""notional_fraction_equals_leverage_times_allocation_fraction""}",0,0,locked_oos_trade_event_count_0_below_20;locked_oos_return_not_positive;locked_oos_return_per_turnover_proxy_bps_missing_not_above_10.000;shadow_universe_not_promotion_eligible,crypto_high_beta_alt,shadow_probe_only,"{""breadth_threshold"": 0.4, ""market_momentum_floor"": -0.02, ""panel_symbols"": [""BTCUSDT"", ""ETHUSDT"", ""SOLUSDT"", ""BNBUSDT"", ""TRXUSDT""], ""rank_top_n"": 2}",2.5144187680498287,0.16843109822385394,0.06822950634360492,0.06822950634360492
44,a30fb_asset_diverse_rank_chandelier_1h_dogeusdt_lb12_top2_mom0p005_breadth0p4_adx18p0_trail2p0_hold18_5p0x_0p1_0d1e3de1,cross_asset_rank_chandelier_breakout,DOGEUSDT,1h,long_short,12,0.005,0.0,18,2,top2_breadth_adx_trail2.0,False,,,,,5.0,0.1,0.5,0.7021085956031967,0.24815257525218604,0.0,0.21951395297971632,0.07748495775918407,0.0,1.5614265534405725,4.08373819664299,0.0,557,95,0,5817,961,0,2.8293423708767724,0.4539560203510107,25.210362499217116,52.24264742151285,,False,False,False,False,no_promotion_shadow_or_reject,False,False,False,"{""live_notional_fraction"": 0.5, ""parity"": true, ""recorded"": true, ""replay_notional_fraction"": 0.5, ""sizing_mode"": ""notional_fraction_equals_leverage_times_allocation_fraction""}",0,0,locked_oos_trade_event_count_0_below_20;locked_oos_return_not_positive;locked_oos_return_per_turnover_proxy_bps_missing_not_above_10.000;shadow_universe_not_promotion_eligible,crypto_high_beta_alt,shadow_probe_only,"{""breadth_threshold"": 0.4, ""market_momentum_floor"": -0.02, ""panel_symbols"": [""BTCUSDT"", ""ETHUSDT"", ""SOLUSDT"", ""BNBUSDT"", ""TRXUSDT""], ""rank_top_n"": 2}",2.5144187680498287,0.16843109822385394,0.06822950634360492,0.06822950634360492
45,a30fb_asset_diverse_rank_chandelier_1h_dogeusdt_lb12_top1_mom0p005_breadth0p4_adx12p0_trail2p0_hold18_4p0x_0p125_05373f20,cross_asset_rank_chandelier_breakout,DOGEUSDT,1h,long_short,12,0.005,0.0,18,2,top1_breadth_adx_trail2.0,False,,,,,4.0,0.125,0.5,0.701169647111864,0.24815257525218604,0.0,0.2211904064912088,0.07748495775918407,0.0,1.5585855212574413,4.08373819664299,0.0,561,95,0,5853,961,0,2.8255586161026036,0.453017071859678,24.997135369406916,52.24264742151285,,False,False,False,False,no_promotion_shadow_or_reject,False,False,False,"{""live_notional_fraction"": 0.5, ""parity"": true, ""recorded"": true, ""replay_notional_fraction"": 0.5, ""sizing_mode"": ""notional_fraction_equals_leverage_times_allocation_fraction""}",0,0,locked_oos_trade_event_count_0_below_20;locked_oos_return_not_positive;locked_oos_return_per_turnover_proxy_bps_missing_not_above_10.000;shadow_universe_not_promotion_eligible,crypto_high_beta_alt,shadow_probe_only,"{""breadth_threshold"": 0.4, ""market_momentum_floor"": -0.02, ""panel_symbols"": [""BTCUSDT"", ""ETHUSDT"", ""SOLUSDT"", ""BNBUSDT"", ""TRXUSDT""], ""rank_top_n"": 1}",2.5135986637044048,0.16843109822385394,0.06822950634360492,0.06822950634360492
46,a30fb_asset_diverse_rank_chandelier_1h_dogeusdt_lb12_top1_mom0p005_breadth0p4_adx12p0_trail2p0_hold18_5p0x_0p1_de9b2da1,cross_asset_rank_chandelier_breakout,DOGEUSDT,1h,long_short,12,0.005,0.0,18,2,top1_breadth_adx_trail2.0,False,,,,,5.0,0.1,0.5,0.701169647111864,0.24815257525218604,0.0,0.2211904064912088,0.07748495775918407,0.0,1.5585855212574413,4.08373819664299,0.0,561,95,0,5853,961,0,2.8255586161026036,0.453017071859678,24.997135369406916,52.24264742151285,,False,False,False,False,no_promotion_shadow_or_reject,False,False,False,"{""live_notional_fraction"": 0.5, ""parity"": true, ""recorded"": true, ""replay_notional_fraction"": 0.5, ""sizing_mode"": ""notional_fraction_equals_leverage_times_allocation_fraction""}",0,0,locked_oos_trade_event_count_0_below_20;locked_oos_return_not_positive;locked_oos_return_per_turnover_proxy_bps_missing_not_above_10.000;shadow_universe_not_promotion_eligible,crypto_high_beta_alt,shadow_probe_only,"{""breadth_threshold"": 0.4, ""market_momentum_floor"": -0.02, ""panel_symbols"": [""BTCUSDT"", ""ETHUSDT"", ""SOLUSDT"", ""BNBUSDT"", ""TRXUSDT""], ""rank_top_n"": 1}",2.5135986637044048,0.16843109822385394,0.06822950634360492,0.06822950634360492
47,a30fb_asset_diverse_rank_chandelier_1h_dogeusdt_lb12_top2_mom0p005_breadth0p4_adx12p0_trail2p0_hold18_4p0x_0p125_a437ed5c,cross_asset_rank_chandelier_breakout,DOGEUSDT,1h,long_short,12,0.005,0.0,18,2,top2_breadth_adx_trail2.0,False,,,,,4.0,0.125,0.5,0.701169647111864,0.24815257525218604,0.0,0.2211904064912088,0.07748495775918407,0.0,1.5585855212574413,4.08373819664299,0.0,561,95,0,5853,961,0,2.8255586161026036,0.453017071859678,24.997135369406916,52.24264742151285,,False,False,False,False,no_promotion_shadow_or_reject,False,False,False,"{""live_notional_fraction"": 0.5, ""parity"": true, ""recorded"": true, ""replay_notional_fraction"": 0.5, ""sizing_mode"": ""notional_fraction_equals_leverage_times_allocation_fraction""}",0,0,locked_oos_trade_event_count_0_below_20;locked_oos_return_not_positive;locked_oos_return_per_turnover_proxy_bps_missing_not_above_10.000;shadow_universe_not_promotion_eligible,crypto_high_beta_alt,shadow_probe_only,"{""breadth_threshold"": 0.4, ""market_momentum_floor"": -0.02, ""panel_symbols"": [""BTCUSDT"", ""ETHUSDT"", ""SOLUSDT"", ""BNBUSDT"", ""TRXUSDT""], ""rank_top_n"": 2}",2.5135986637044048,0.16843109822385394,0.06822950634360492,0.06822950634360492
48,a30fb_asset_diverse_rank_chandelier_1h_dogeusdt_lb12_top2_mom0p005_breadth0p4_adx12p0_trail2p0_hold18_5p0x_0p1_26a40ead,cross_asset_rank_chandelier_breakout,DOGEUSDT,1h,long_short,12,0.005,0.0,18,2,top2_breadth_adx_trail2.0,False,,,,,5.0,0.1,0.5,0.701169647111864,0.24815257525218604,0.0,0.2211904064912088,0.07748495775918407,0.0,1.5585855212574413,4.08373819664299,0.0,561,95,0,5853,961,0,2.8255586161026036,0.453017071859678,24.997135369406916,52.24264742151285,,False,False,False,False,no_promotion_shadow_or_reject,False,False,False,"{""live_notional_fraction"": 0.5, ""parity"": true, ""recorded"": true, ""replay_notional_fraction"": 0.5, ""sizing_mode"": ""notional_fraction_equals_leverage_times_allocation_fraction""}",0,0,locked_oos_trade_event_count_0_below_20;locked_oos_return_not_positive;locked_oos_return_per_turnover_proxy_bps_missing_not_above_10.000;shadow_universe_not_promotion_eligible,crypto_high_beta_alt,shadow_probe_only,"{""breadth_threshold"": 0.4, ""market_momentum_floor"": -0.02, ""panel_symbols"": [""BTCUSDT"", ""ETHUSDT"", ""SOLUSDT"", ""BNBUSDT"", ""TRXUSDT""], ""rank_top_n"": 2}",2.5135986637044048,0.16843109822385394,0.06822950634360492,0.06822950634360492
49,a30fb_asset_diverse_rank_chandelier_1h_dogeusdt_lb12_top1_mom0p005_breadth0p4_adx18p0_trail3p0_hold18_4p0x_0p125_4db8fafb,cross_asset_rank_chandelier_breakout,DOGEUSDT,1h,long_short,12,0.005,0.0,18,2,top1_breadth_adx_trail3.0,False,,,,,4.0,0.125,0.5,0.6315103519568546,0.24815257525218604,0.0,0.22277194731419014,0.07748495775918407,0.0,1.4522423963006845,4.08373819664299,0.0,557,95,0,5812,961,0,2.5448470615913603,0.38335777670466853,22.67541658731973,52.24264742151285,,False,False,False,False,no_promotion_shadow_or_reject,False,False,False,"{""live_notional_fraction"": 0.5, ""parity"": true, ""recorded"": true, ""replay_notional_fraction"": 0.5, ""sizing_mode"": ""notional_fraction_equals_leverage_times_allocation_fraction""}",0,0,locked_oos_trade_event_count_0_below_20;locked_oos_return_not_positive;locked_oos_return_per_turnover_proxy_bps_missing_not_above_10.000;shadow_universe_not_promotion_eligible,crypto_high_beta_alt,shadow_probe_only,"{""breadth_threshold"": 0.4, ""market_momentum_floor"": -0.02, ""panel_symbols"": [""BTCUSDT"", ""ETHUSDT"", ""SOLUSDT"", ""BNBUSDT"", ""TRXUSDT""], ""rank_top_n"": 1}",2.504668976080992,0.16843109822385394,0.06822950634360492,0.06822950634360492
50,a30fb_asset_diverse_rank_chandelier_1h_dogeusdt_lb12_top1_mom0p005_breadth0p4_adx18p0_trail3p0_hold18_5p0x_0p1_2b614c7d,cross_asset_rank_chandelier_breakout,DOGEUSDT,1h,long_short,12,0.005,0.0,18,2,top1_breadth_adx_trail3.0,False,,,,,5.0,0.1,0.5,0.6315103519568546,0.24815257525218604,0.0,0.22277194731419014,0.07748495775918407,0.0,1.4522423963006845,4.08373819664299,0.0,557,95,0,5812,961,0,2.5448470615913603,0.38335777670466853,22.67541658731973,52.24264742151285,,False,False,False,False,no_promotion_shadow_or_reject,False,False,False,"{""live_notional_fraction"": 0.5, ""parity"": true, ""recorded"": true, ""replay_notional_fraction"": 0.5, ""sizing_mode"": ""notional_fraction_equals_leverage_times_allocation_fraction""}",0,0,locked_oos_trade_event_count_0_below_20;locked_oos_return_not_positive;locked_oos_return_per_turnover_proxy_bps_missing_not_above_10.000;shadow_universe_not_promotion_eligible,crypto_high_beta_alt,shadow_probe_only,"{""breadth_threshold"": 0.4, ""market_momentum_floor"": -0.02, ""panel_symbols"": [""BTCUSDT"", ""ETHUSDT"", ""SOLUSDT"", ""BNBUSDT"", ""TRXUSDT""], ""rank_top_n"": 1}",2.504668976080992,0.16843109822385394,0.06822950634360492,0.06822950634360492
51,a30fb_asset_diverse_rank_chandelier_1h_dogeusdt_lb12_top2_mom0p005_breadth0p4_adx18p0_trail3p0_hold18_4p0x_0p125_5a7585f5,cross_asset_rank_chandelier_breakout,DOGEUSDT,1h,long_short,12,0.005,0.0,18,2,top2_breadth_adx_trail3.0,False,,,,,4.0,0.125,0.5,0.6315103519568546,0.24815257525218604,0.0,0.22277194731419014,0.07748495775918407,0.0,1.4522423963006845,4.08373819664299,0.0,557,95,0,5812,961,0,2.5448470615913603,0.38335777670466853,22.67541658731973,52.24264742151285,,False,False,False,False,no_promotion_shadow_or_reject,False,False,False,"{""live_notional_fraction"": 0.5, ""parity"": true, ""recorded"": true, ""replay_notional_fraction"": 0.5, ""sizing_mode"": ""notional_fraction_equals_leverage_times_allocation_fraction""}",0,0,locked_oos_trade_event_count_0_below_20;locked_oos_return_not_positive;locked_oos_return_per_turnover_proxy_bps_missing_not_above_10.000;shadow_universe_not_promotion_eligible,crypto_high_beta_alt,shadow_probe_only,"{""breadth_threshold"": 0.4, ""market_momentum_floor"": -0.02, ""panel_symbols"": [""BTCUSDT"", ""ETHUSDT"", ""SOLUSDT"", ""BNBUSDT"", ""TRXUSDT""], ""rank_top_n"": 2}",2.504668976080992,0.16843109822385394,0.06822950634360492,0.06822950634360492
52,a30fb_asset_diverse_rank_chandelier_1h_dogeusdt_lb12_top2_mom0p005_breadth0p4_adx18p0_trail3p0_hold18_5p0x_0p1_c75c22da,cross_asset_rank_chandelier_breakout,DOGEUSDT,1h,long_short,12,0.005,0.0,18,2,top2_breadth_adx_trail3.0,False,,,,,5.0,0.1,0.5,0.6315103519568546,0.24815257525218604,0.0,0.22277194731419014,0.07748495775918407,0.0,1.4522423963006845,4.08373819664299,0.0,557,95,0,5812,961,0,2.5448470615913603,0.38335777670466853,22.67541658731973,52.24264742151285,,False,False,False,False,no_promotion_shadow_or_reject,False,False,False,"{""live_notional_fraction"": 0.5, ""parity"": true, ""recorded"": true, ""replay_notional_fraction"": 0.5, ""sizing_mode"": ""notional_fraction_equals_leverage_times_allocation_fraction""}",0,0,locked_oos_trade_event_count_0_below_20;locked_oos_return_not_positive;locked_oos_return_per_turnover_proxy_bps_missing_not_above_10.000;shadow_universe_not_promotion_eligible,crypto_high_beta_alt,shadow_probe_only,"{""breadth_threshold"": 0.4, ""market_momentum_floor"": -0.02, ""panel_symbols"": [""BTCUSDT"", ""ETHUSDT"", ""SOLUSDT"", ""BNBUSDT"", ""TRXUSDT""], ""rank_top_n"": 2}",2.504668976080992,0.16843109822385394,0.06822950634360492,0.06822950634360492
53,a30fb_asset_diverse_rank_chandelier_1h_dogeusdt_lb12_top1_mom0p005_breadth0p4_adx12p0_trail3p0_hold18_4p0x_0p125_4c4654b8,cross_asset_rank_chandelier_breakout,DOGEUSDT,1h,long_short,12,0.005,0.0,18,2,top1_breadth_adx_trail3.0,False,,,,,4.0,0.125,0.5,0.6306103481688867,0.24815257525218604,0.0,0.22444140278124347,0.07748495775918407,0.0,1.4495352634588756,4.08373819664299,0.0,561,95,0,5848,961,0,2.541220245359237,0.3824577729167007,22.48165234113678,52.24264742151285,,False,False,False,False,no_promotion_shadow_or_reject,False,False,False,"{""live_notional_fraction"": 0.5, ""parity"": true, ""recorded"": true, ""replay_notional_fraction"": 0.5, ""sizing_mode"": ""notional_fraction_equals_leverage_times_allocation_fraction""}",0,0,locked_oos_trade_event_count_0_below_20;locked_oos_return_not_positive;locked_oos_return_per_turnover_proxy_bps_missing_not_above_10.000;shadow_universe_not_promotion_eligible,crypto_high_beta_alt,shadow_probe_only,"{""breadth_threshold"": 0.4, ""market_momentum_floor"": -0.02, ""panel_symbols"": [""BTCUSDT"", ""ETHUSDT"", ""SOLUSDT"", ""BNBUSDT"", ""TRXUSDT""], ""rank_top_n"": 1}",2.5039237289802885,0.16843109822385394,0.06822950634360492,0.06822950634360492
54,a30fb_asset_diverse_rank_chandelier_1h_dogeusdt_lb12_top1_mom0p005_breadth0p4_adx12p0_trail3p0_hold18_5p0x_0p1_bfbd1871,cross_asset_rank_chandelier_breakout,DOGEUSDT,1h,long_short,12,0.005,0.0,18,2,top1_breadth_adx_trail3.0,False,,,,,5.0,0.1,0.5,0.6306103481688867,0.24815257525218604,0.0,0.22444140278124347,0.07748495775918407,0.0,1.4495352634588756,4.08373819664299,0.0,561,95,0,5848,961,0,2.541220245359237,0.3824577729167007,22.48165234113678,52.24264742151285,,False,False,False,False,no_promotion_shadow_or_reject,False,False,False,"{""live_notional_fraction"": 0.5, ""parity"": true, ""recorded"": true, ""replay_notional_fraction"": 0.5, ""sizing_mode"": ""notional_fraction_equals_leverage_times_allocation_fraction""}",0,0,locked_oos_trade_event_count_0_below_20;locked_oos_return_not_positive;locked_oos_return_per_turnover_proxy_bps_missing_not_above_10.000;shadow_universe_not_promotion_eligible,crypto_high_beta_alt,shadow_probe_only,"{""breadth_threshold"": 0.4, ""market_momentum_floor"": -0.02, ""panel_symbols"": [""BTCUSDT"", ""ETHUSDT"", ""SOLUSDT"", ""BNBUSDT"", ""TRXUSDT""], ""rank_top_n"": 1}",2.5039237289802885,0.16843109822385394,0.06822950634360492,0.06822950634360492
55,a30fb_asset_diverse_rank_chandelier_1h_dogeusdt_lb12_top2_mom0p005_breadth0p4_adx12p0_trail3p0_hold18_4p0x_0p125_539ec74b,cross_asset_rank_chandelier_breakout,DOGEUSDT,1h,long_short,12,0.005,0.0,18,2,top2_breadth_adx_trail3.0,False,,,,,4.0,0.125,0.5,0.6306103481688867,0.24815257525218604,0.0,0.22444140278124347,0.07748495775918407,0.0,1.4495352634588756,4.08373819664299,0.0,561,95,0,5848,961,0,2.541220245359237,0.3824577729167007,22.48165234113678,52.24264742151285,,False,False,False,False,no_promotion_shadow_or_reject,False,False,False,"{""live_notional_fraction"": 0.5, ""parity"": true, ""recorded"": true, ""replay_notional_fraction"": 0.5, ""sizing_mode"": ""notional_fraction_equals_leverage_times_allocation_fraction""}",0,0,locked_oos_trade_event_count_0_below_20;locked_oos_return_not_positive;locked_oos_return_per_turnover_proxy_bps_missing_not_above_10.000;shadow_universe_not_promotion_eligible,crypto_high_beta_alt,shadow_probe_only,"{""breadth_threshold"": 0.4, ""market_momentum_floor"": -0.02, ""panel_symbols"": [""BTCUSDT"", ""ETHUSDT"", ""SOLUSDT"", ""BNBUSDT"", ""TRXUSDT""], ""rank_top_n"": 2}",2.5039237289802885,0.16843109822385394,0.06822950634360492,0.06822950634360492
56,a30fb_asset_diverse_rank_chandelier_1h_dogeusdt_lb12_top2_mom0p005_breadth0p4_adx12p0_trail3p0_hold18_5p0x_0p1_115ae328,cross_asset_rank_chandelier_breakout,DOGEUSDT,1h,long_short,12,0.005,0.0,18,2,top2_breadth_adx_trail3.0,False,,,,,5.0,0.1,0.5,0.6306103481688867,0.24815257525218604,0.0,0.22444140278124347,0.07748495775918407,0.0,1.4495352634588756,4.08373819664299,0.0,561,95,0,5848,961,0,2.541220245359237,0.3824577729167007,22.48165234113678,52.24264742151285,,False,False,False,False,no_promotion_shadow_or_reject,False,False,False,"{""live_notional_fraction"": 0.5, ""parity"": true, ""recorded"": true, ""replay_notional_fraction"": 0.5, ""sizing_mode"": ""notional_fraction_equals_leverage_times_allocation_fraction""}",0,0,locked_oos_trade_event_count_0_below_20;locked_oos_return_not_positive;locked_oos_return_per_turnover_proxy_bps_missing_not_above_10.000;shadow_universe_not_promotion_eligible,crypto_high_beta_alt,shadow_probe_only,"{""breadth_threshold"": 0.4, ""market_momentum_floor"": -0.02, ""panel_symbols"": [""BTCUSDT"", ""ETHUSDT"", ""SOLUSDT"", ""BNBUSDT"", ""TRXUSDT""], ""rank_top_n"": 2}",2.5039237289802885,0.16843109822385394,0.06822950634360492,0.06822950634360492
57,a30fb_asset_diverse_rank_chandelier_1h_dogeusdt_lb12_top1_mom0p015_breadth0p4_adx18p0_trail2p0_hold18_4p0x_0p125_a4f536f5,cross_asset_rank_chandelier_breakout,DOGEUSDT,1h,long_short,12,0.015,0.0,18,2,top1_breadth_adx_trail2.0,False,,,,,4.0,0.125,0.5,0.23795266978325813,0.2664674248269061,0.0,0.2748200377486687,0.060284179861792464,0.0,0.7509016943660488,4.478592009935375,0.0,519,89,0,5365,906,0,0.8929897151136924,-0.028514755043647977,9.169659721898194,59.880320185821596,,False,False,False,False,no_promotion_shadow_or_reject,False,False,False,"{""live_notional_fraction"": 0.5, ""parity"": true, ""recorded"": true, ""replay_notional_fraction"": 0.5, ""sizing_mode"": ""notional_fraction_equals_leverage_times_allocation_fraction""}",0,0,locked_oos_trade_event_count_0_below_20;train_return_below_validation_return;train_validation_return_ratio_0.8930_below_1.00;locked_oos_return_not_positive;train_return_per_turnover_proxy_bps_9.170_not_above_10.000;locked_oos_return_per_turnover_proxy_bps_missing_not_above_10.000;shadow_universe_not_promotion_eligible,crypto_high_beta_alt,shadow_probe_only,"{""breadth_threshold"": 0.4, ""market_momentum_floor"": -0.02, ""panel_symbols"": [""BTCUSDT"", ""ETHUSDT"", ""SOLUSDT"", ""BNBUSDT"", ""TRXUSDT""], ""rank_top_n"": 1}",2.442952564484149,0.1609455297166391,0.09089306294673594,0.09089306294673594
58,a30fb_asset_diverse_rank_chandelier_1h_dogeusdt_lb12_top1_mom0p015_breadth0p4_adx18p0_trail2p0_hold18_5p0x_0p1_b9faa888,cross_asset_rank_chandelier_breakout,DOGEUSDT,1h,long_short,12,0.015,0.0,18,2,top1_breadth_adx_trail2.0,False,,,,,5.0,0.1,0.5,0.23795266978325813,0.2664674248269061,0.0,0.2748200377486687,0.060284179861792464,0.0,0.7509016943660488,4.478592009935375,0.0,519,89,0,5365,906,0,0.8929897151136924,-0.028514755043647977,9.169659721898194,59.880320185821596,,False,False,False,False,no_promotion_shadow_or_reject,False,False,False,"{""live_notional_fraction"": 0.5, ""parity"": true, ""recorded"": true, ""replay_notional_fraction"": 0.5, ""sizing_mode"": ""notional_fraction_equals_leverage_times_allocation_fraction""}",0,0,locked_oos_trade_event_count_0_below_20;train_return_below_validation_return;train_validation_return_ratio_0.8930_below_1.00;locked_oos_return_not_positive;train_return_per_turnover_proxy_bps_9.170_not_above_10.000;locked_oos_return_per_turnover_proxy_bps_missing_not_above_10.000;shadow_universe_not_promotion_eligible,crypto_high_beta_alt,shadow_probe_only,"{""breadth_threshold"": 0.4, ""market_momentum_floor"": -0.02, ""panel_symbols"": [""BTCUSDT"", ""ETHUSDT"", ""SOLUSDT"", ""BNBUSDT"", ""TRXUSDT""], ""rank_top_n"": 1}",2.442952564484149,0.1609455297166391,0.09089306294673594,0.09089306294673594
59,a30fb_asset_diverse_rank_chandelier_1h_dogeusdt_lb12_top2_mom0p015_breadth0p4_adx18p0_trail2p0_hold18_4p0x_0p125_c580e772,cross_asset_rank_chandelier_breakout,DOGEUSDT,1h,long_short,12,0.015,0.0,18,2,top2_breadth_adx_trail2.0,False,,,,,4.0,0.125,0.5,0.23795266978325813,0.2664674248269061,0.0,0.2748200377486687,0.060284179861792464,0.0,0.7509016943660488,4.478592009935375,0.0,519,89,0,5365,906,0,0.8929897151136924,-0.028514755043647977,9.169659721898194,59.880320185821596,,False,False,False,False,no_promotion_shadow_or_reject,False,False,False,"{""live_notional_fraction"": 0.5, ""parity"": true, ""recorded"": true, ""replay_notional_fraction"": 0.5, ""sizing_mode"": ""notional_fraction_equals_leverage_times_allocation_fraction""}",0,0,locked_oos_trade_event_count_0_below_20;train_return_below_validation_return;train_validation_return_ratio_0.8930_below_1.00;locked_oos_return_not_positive;train_return_per_turnover_proxy_bps_9.170_not_above_10.000;locked_oos_return_per_turnover_proxy_bps_missing_not_above_10.000;shadow_universe_not_promotion_eligible,crypto_high_beta_alt,shadow_probe_only,"{""breadth_threshold"": 0.4, ""market_momentum_floor"": -0.02, ""panel_symbols"": [""BTCUSDT"", ""ETHUSDT"", ""SOLUSDT"", ""BNBUSDT"", ""TRXUSDT""], ""rank_top_n"": 2}",2.442952564484149,0.1609455297166391,0.09089306294673594,0.09089306294673594
60,a30fb_asset_diverse_rank_chandelier_1h_dogeusdt_lb12_top2_mom0p015_breadth0p4_adx18p0_trail2p0_hold18_5p0x_0p1_e3537236,cross_asset_rank_chandelier_breakout,DOGEUSDT,1h,long_short,12,0.015,0.0,18,2,top2_breadth_adx_trail2.0,False,,,,,5.0,0.1,0.5,0.23795266978325813,0.2664674248269061,0.0,0.2748200377486687,0.060284179861792464,0.0,0.7509016943660488,4.478592009935375,0.0,519,89,0,5365,906,0,0.8929897151136924,-0.028514755043647977,9.169659721898194,59.880320185821596,,False,False,False,False,no_promotion_shadow_or_reject,False,False,False,"{""live_notional_fraction"": 0.5, ""parity"": true, ""recorded"": true, ""replay_notional_fraction"": 0.5, ""sizing_mode"": ""notional_fraction_equals_leverage_times_allocation_fraction""}",0,0,locked_oos_trade_event_count_0_below_20;train_return_below_validation_return;train_validation_return_ratio_0.8930_below_1.00;locked_oos_return_not_positive;train_return_per_turnover_proxy_bps_9.170_not_above_10.000;locked_oos_return_per_turnover_proxy_bps_missing_not_above_10.000;shadow_universe_not_promotion_eligible,crypto_high_beta_alt,shadow_probe_only,"{""breadth_threshold"": 0.4, ""market_momentum_floor"": -0.02, ""panel_symbols"": [""BTCUSDT"", ""ETHUSDT"", ""SOLUSDT"", ""BNBUSDT"", ""TRXUSDT""], ""rank_top_n"": 2}",2.442952564484149,0.1609455297166391,0.09089306294673594,0.09089306294673594
61,a30fb_asset_diverse_rank_chandelier_1h_dogeusdt_lb12_top1_mom0p015_breadth0p6_adx12p0_trail2p0_hold18_4p0x_0p125_0b3162b8,cross_asset_rank_chandelier_breakout,DOGEUSDT,1h,long_short,12,0.015,0.0,18,2,top1_breadth_adx_trail2.0,False,,,,,4.0,0.125,0.5,0.43132754463946155,0.232904930959013,0.0,0.19430067363654968,0.060284179861792686,0.0,1.1302403310187312,4.060037452460473,0.0,517,85,0,5342,867,0,1.8519468130769945,0.19842261368044856,16.68578509243565,54.80116022565011,,False,False,False,False,no_promotion_shadow_or_reject,False,False,False,"{""live_notional_fraction"": 0.5, ""parity"": true, ""recorded"": true, ""replay_notional_fraction"": 0.5, ""sizing_mode"": ""notional_fraction_equals_leverage_times_allocation_fraction""}",0,0,locked_oos_trade_event_count_0_below_20;locked_oos_return_not_positive;locked_oos_return_per_turnover_proxy_bps_missing_not_above_10.000;shadow_universe_not_promotion_eligible,crypto_high_beta_alt,shadow_probe_only,"{""breadth_threshold"": 0.6, ""market_momentum_floor"": -0.02, ""panel_symbols"": [""BTCUSDT"", ""ETHUSDT"", ""SOLUSDT"", ""BNBUSDT"", ""TRXUSDT""], ""rank_top_n"": 1}",2.418741564318294,0.13744205477807592,0.08392768297947395,0.08392768297947395
62,a30fb_asset_diverse_rank_chandelier_1h_dogeusdt_lb12_top1_mom0p015_breadth0p6_adx12p0_trail2p0_hold18_5p0x_0p1_8303f7bc,cross_asset_rank_chandelier_breakout,DOGEUSDT,1h,long_short,12,0.015,0.0,18,2,top1_breadth_adx_trail2.0,False,,,,,5.0,0.1,0.5,0.43132754463946155,0.232904930959013,0.0,0.19430067363654968,0.060284179861792686,0.0,1.1302403310187312,4.060037452460473,0.0,517,85,0,5342,867,0,1.8519468130769945,0.19842261368044856,16.68578509243565,54.80116022565011,,False,False,False,False,no_promotion_shadow_or_reject,False,False,False,"{""live_notional_fraction"": 0.5, ""parity"": true, ""recorded"": true, ""replay_notional_fraction"": 0.5, ""sizing_mode"": ""notional_fraction_equals_leverage_times_allocation_fraction""}",0,0,locked_oos_trade_event_count_0_below_20;locked_oos_return_not_positive;locked_oos_return_per_turnover_proxy_bps_missing_not_above_10.000;shadow_universe_not_promotion_eligible,crypto_high_beta_alt,shadow_probe_only,"{""breadth_threshold"": 0.6, ""market_momentum_floor"": -0.02, ""panel_symbols"": [""BTCUSDT"", ""ETHUSDT"", ""SOLUSDT"", ""BNBUSDT"", ""TRXUSDT""], ""rank_top_n"": 1}",2.418741564318294,0.13744205477807592,0.08392768297947395,0.08392768297947395
63,a30fb_asset_diverse_rank_chandelier_1h_dogeusdt_lb12_top2_mom0p015_breadth0p6_adx12p0_trail2p0_hold18_4p0x_0p125_2f767256,cross_asset_rank_chandelier_breakout,DOGEUSDT,1h,long_short,12,0.015,0.0,18,2,top2_breadth_adx_trail2.0,False,,,,,4.0,0.125,0.5,0.43132754463946155,0.232904930959013,0.0,0.19430067363654968,0.060284179861792686,0.0,1.1302403310187312,4.060037452460473,0.0,517,85,0,5342,867,0,1.8519468130769945,0.19842261368044856,16.68578509243565,54.80116022565011,,False,False,False,False,no_promotion_shadow_or_reject,False,False,False,"{""live_notional_fraction"": 0.5, ""parity"": true, ""recorded"": true, ""replay_notional_fraction"": 0.5, ""sizing_mode"": ""notional_fraction_equals_leverage_times_allocation_fraction""}",0,0,locked_oos_trade_event_count_0_below_20;locked_oos_return_not_positive;locked_oos_return_per_turnover_proxy_bps_missing_not_above_10.000;shadow_universe_not_promotion_eligible,crypto_high_beta_alt,shadow_probe_only,"{""breadth_threshold"": 0.6, ""market_momentum_floor"": -0.02, ""panel_symbols"": [""BTCUSDT"", ""ETHUSDT"", ""SOLUSDT"", ""BNBUSDT"", ""TRXUSDT""], ""rank_top_n"": 2}",2.418741564318294,0.13744205477807592,0.08392768297947395,0.08392768297947395
64,a30fb_asset_diverse_rank_chandelier_1h_dogeusdt_lb12_top2_mom0p015_breadth0p6_adx12p0_trail2p0_hold18_5p0x_0p1_d97aa2d1,cross_asset_rank_chandelier_breakout,DOGEUSDT,1h,long_short,12,0.015,0.0,18,2,top2_breadth_adx_trail2.0,False,,,,,5.0,0.1,0.5,0.43132754463946155,0.232904930959013,0.0,0.19430067363654968,0.060284179861792686,0.0,1.1302403310187312,4.060037452460473,0.0,517,85,0,5342,867,0,1.8519468130769945,0.19842261368044856,16.68578509243565,54.80116022565011,,False,False,False,False,no_promotion_shadow_or_reject,False,False,False,"{""live_notional_fraction"": 0.5, ""parity"": true, ""recorded"": true, ""replay_notional_fraction"": 0.5, ""sizing_mode"": ""notional_fraction_equals_leverage_times_allocation_fraction""}",0,0,locked_oos_trade_event_count_0_below_20;locked_oos_return_not_positive;locked_oos_return_per_turnover_proxy_bps_missing_not_above_10.000;shadow_universe_not_promotion_eligible,crypto_high_beta_alt,shadow_probe_only,"{""breadth_threshold"": 0.6, ""market_momentum_floor"": -0.02, ""panel_symbols"": [""BTCUSDT"", ""ETHUSDT"", ""SOLUSDT"", ""BNBUSDT"", ""TRXUSDT""], ""rank_top_n"": 2}",2.418741564318294,0.13744205477807592,0.08392768297947395,0.08392768297947395
65,a30fb_asset_diverse_rank_chandelier_1h_dogeusdt_lb12_top1_mom0p015_breadth0p6_adx12p0_trail3p0_hold18_4p0x_0p125_5ded6b35,cross_asset_rank_chandelier_breakout,DOGEUSDT,1h,long_short,12,0.015,0.0,18,2,top1_breadth_adx_trail3.0,False,,,,,4.0,0.125,0.5,0.4020696738066347,0.232904930959013,0.0,0.19430067363654813,0.060284179861792686,0.0,1.0743650881642057,4.060037452460473,0.0,517,85,0,5353,867,0,1.7263252956949702,0.16916474284762173,15.553952565053567,54.80116022565011,,False,False,False,False,no_promotion_shadow_or_reject,False,False,False,"{""live_notional_fraction"": 0.5, ""parity"": true, ""recorded"": true, ""replay_notional_fraction"": 0.5, ""sizing_mode"": ""notional_fraction_equals_leverage_times_allocation_fraction""}",0,0,locked_oos_trade_event_count_0_below_20;locked_oos_return_not_positive;locked_oos_return_per_turnover_proxy_bps_missing_not_above_10.000;shadow_universe_not_promotion_eligible,crypto_high_beta_alt,shadow_probe_only,"{""breadth_threshold"": 0.6, ""market_momentum_floor"": -0.02, ""panel_symbols"": [""BTCUSDT"", ""ETHUSDT"", ""SOLUSDT"", ""BNBUSDT"", ""TRXUSDT""], ""rank_top_n"": 1}",2.4143883622899014,0.13744205477807592,0.08392768297947395,0.08392768297947395
66,a30fb_asset_diverse_rank_chandelier_1h_dogeusdt_lb12_top1_mom0p015_breadth0p6_adx12p0_trail3p0_hold18_5p0x_0p1_8c5d3a70,cross_asset_rank_chandelier_breakout,DOGEUSDT,1h,long_short,12,0.015,0.0,18,2,top1_breadth_adx_trail3.0,False,,,,,5.0,0.1,0.5,0.4020696738066347,0.232904930959013,0.0,0.19430067363654813,0.060284179861792686,0.0,1.0743650881642057,4.060037452460473,0.0,517,85,0,5353,867,0,1.7263252956949702,0.16916474284762173,15.553952565053567,54.80116022565011,,False,False,False,False,no_promotion_shadow_or_reject,False,False,False,"{""live_notional_fraction"": 0.5, ""parity"": true, ""recorded"": true, ""replay_notional_fraction"": 0.5, ""sizing_mode"": ""notional_fraction_equals_leverage_times_allocation_fraction""}",0,0,locked_oos_trade_event_count_0_below_20;locked_oos_return_not_positive;locked_oos_return_per_turnover_proxy_bps_missing_not_above_10.000;shadow_universe_not_promotion_eligible,crypto_high_beta_alt,shadow_probe_only,"{""breadth_threshold"": 0.6, ""market_momentum_floor"": -0.02, ""panel_symbols"": [""BTCUSDT"", ""ETHUSDT"", ""SOLUSDT"", ""BNBUSDT"", ""TRXUSDT""], ""rank_top_n"": 1}",2.4143883622899014,0.13744205477807592,0.08392768297947395,0.08392768297947395
67,a30fb_asset_diverse_rank_chandelier_1h_dogeusdt_lb12_top2_mom0p015_breadth0p6_adx12p0_trail3p0_hold18_4p0x_0p125_d32df79f,cross_asset_rank_chandelier_breakout,DOGEUSDT,1h,long_short,12,0.015,0.0,18,2,top2_breadth_adx_trail3.0,False,,,,,4.0,0.125,0.5,0.4020696738066347,0.232904930959013,0.0,0.19430067363654813,0.060284179861792686,0.0,1.0743650881642057,4.060037452460473,0.0,517,85,0,5353,867,0,1.7263252956949702,0.16916474284762173,15.553952565053567,54.80116022565011,,False,False,False,False,no_promotion_shadow_or_reject,False,False,False,"{""live_notional_fraction"": 0.5, ""parity"": true, ""recorded"": true, ""replay_notional_fraction"": 0.5, ""sizing_mode"": ""notional_fraction_equals_leverage_times_allocation_fraction""}",0,0,locked_oos_trade_event_count_0_below_20;locked_oos_return_not_positive;locked_oos_return_per_turnover_proxy_bps_missing_not_above_10.000;shadow_universe_not_promotion_eligible,crypto_high_beta_alt,shadow_probe_only,"{""breadth_threshold"": 0.6, ""market_momentum_floor"": -0.02, ""panel_symbols"": [""BTCUSDT"", ""ETHUSDT"", ""SOLUSDT"", ""BNBUSDT"", ""TRXUSDT""], ""rank_top_n"": 2}",2.4143883622899014,0.13744205477807592,0.08392768297947395,0.08392768297947395
68,a30fb_asset_diverse_rank_chandelier_1h_dogeusdt_lb12_top2_mom0p015_breadth0p6_adx12p0_trail3p0_hold18_5p0x_0p1_0b8de36c,cross_asset_rank_chandelier_breakout,DOGEUSDT,1h,long_short,12,0.015,0.0,18,2,top2_breadth_adx_trail3.0,False,,,,,5.0,0.1,0.5,0.4020696738066347,0.232904930959013,0.0,0.19430067363654813,0.060284179861792686,0.0,1.0743650881642057,4.060037452460473,0.0,517,85,0,5353,867,0,1.7263252956949702,0.16916474284762173,15.553952565053567,54.80116022565011,,False,False,False,False,no_promotion_shadow_or_reject,False,False,False,"{""live_notional_fraction"": 0.5, ""parity"": true, ""recorded"": true, ""replay_notional_fraction"": 0.5, ""sizing_mode"": ""notional_fraction_equals_leverage_times_allocation_fraction""}",0,0,locked_oos_trade_event_count_0_below_20;locked_oos_return_not_positive;locked_oos_return_per_turnover_proxy_bps_missing_not_above_10.000;shadow_universe_not_promotion_eligible,crypto_high_beta_alt,shadow_probe_only,"{""breadth_threshold"": 0.6, ""market_momentum_floor"": -0.02, ""panel_symbols"": [""BTCUSDT"", ""ETHUSDT"", ""SOLUSDT"", ""BNBUSDT"", ""TRXUSDT""], ""rank_top_n"": 2}",2.4143883622899014,0.13744205477807592,0.08392768297947395,0.08392768297947395
69,a30fb_asset_diverse_breadth_pullback_12h_ethusdt_fast6_slow30_z-0p25_hold6_4p0x_0p125_5702d458,breadth_regime_pullback_reclaim,ETHUSDT,12h,long_short,30,-0.25,0.0,6,2,cross_asset_breadth_regime_ema_reclaim,False,,,,,4.0,0.125,0.5,0.24852047497521856,0.21041183283542608,-0.0886294370209153,0.20997759471166988,0.07795514516076685,0.0886294370209153,0.955133583553986,3.1603170202501425,-4.55174657494736,44,8,8,343,66,37,1.1811145391694735,0.03810864213979248,112.96385226146299,526.0295820885652,-221.57359255228826,False,False,False,False,no_promotion_shadow_or_reject,False,False,False,"{""live_notional_fraction"": 0.5, ""parity"": true, ""recorded"": true, ""replay_notional_fraction"": 0.5, ""sizing_mode"": ""notional_fraction_equals_leverage_times_allocation_fraction""}",0,0,train_trade_event_count_44_below_80;validation_trade_event_count_8_below_30;locked_oos_trade_event_count_8_below_20;locked_oos_return_not_positive;locked_oos_return_per_turnover_proxy_bps_-221.574_not_above_10.000,crypto_major,promotion_eligible,"{""long_breadth_floor"": 0.6, ""panel_symbols"": [""BTCUSDT"", ""ETHUSDT"", ""SOLUSDT"", ""BNBUSDT"", ""TRXUSDT""], ""short_breadth_ceiling"": 0.4}",2.3880675258353476,0.19787681970016768,0.010464359046864491,0.010464359046864491
70,a30fb_asset_diverse_breadth_pullback_12h_ethusdt_fast6_slow30_z-0p25_hold6_5p0x_0p1_93733797,breadth_regime_pullback_reclaim,ETHUSDT,12h,long_short,30,-0.25,0.0,6,2,cross_asset_breadth_regime_ema_reclaim,False,,,,,5.0,0.1,0.5,0.24852047497521856,0.21041183283542608,-0.0886294370209153,0.20997759471166988,0.07795514516076685,0.0886294370209153,0.955133583553986,3.1603170202501425,-4.55174657494736,44,8,8,343,66,37,1.1811145391694735,0.03810864213979248,112.96385226146299,526.0295820885652,-221.57359255228826,False,False,False,False,no_promotion_shadow_or_reject,False,False,False,"{""live_notional_fraction"": 0.5, ""parity"": true, ""recorded"": true, ""replay_notional_fraction"": 0.5, ""sizing_mode"": ""notional_fraction_equals_leverage_times_allocation_fraction""}",0,0,train_trade_event_count_44_below_80;validation_trade_event_count_8_below_30;locked_oos_trade_event_count_8_below_20;locked_oos_return_not_positive;locked_oos_return_per_turnover_proxy_bps_-221.574_not_above_10.000,crypto_major,promotion_eligible,"{""long_breadth_floor"": 0.6, ""panel_symbols"": [""BTCUSDT"", ""ETHUSDT"", ""SOLUSDT"", ""BNBUSDT"", ""TRXUSDT""], ""short_breadth_ceiling"": 0.4}",2.3880675258353476,0.19787681970016768,0.010464359046864491,0.010464359046864491
71,a30fb_asset_diverse_rank_chandelier_1h_dogeusdt_lb12_top1_mom0p015_breadth0p4_adx12p0_trail2p0_hold8_4p0x_0p125_19a5c67d,cross_asset_rank_chandelier_breakout,DOGEUSDT,1h,long_short,12,0.015,0.0,8,2,top1_breadth_adx_trail2.0,False,,,,,4.0,0.125,0.5,0.6447819809734472,0.23204149466993562,0.0,0.17052638055500147,0.06557520342396217,0.0,1.5865793011925284,4.1554106238481765,0.0,681,104,0,4419,681,0,2.778735682127065,0.41274048630351157,18.936328369264235,44.623364359603,,False,False,False,False,no_promotion_shadow_or_reject,False,False,False,"{""live_notional_fraction"": 0.5, ""parity"": true, ""recorded"": true, ""replay_notional_fraction"": 0.5, ""sizing_mode"": ""notional_fraction_equals_leverage_times_allocation_fraction""}",0,0,locked_oos_trade_event_count_0_below_20;locked_oos_return_not_positive;locked_oos_return_per_turnover_proxy_bps_missing_not_above_10.000;shadow_universe_not_promotion_eligible,crypto_high_beta_alt,shadow_probe_only,"{""breadth_threshold"": 0.4, ""market_momentum_floor"": -0.02, ""panel_symbols"": [""BTCUSDT"", ""ETHUSDT"", ""SOLUSDT"", ""BNBUSDT"", ""TRXUSDT""], ""rank_top_n"": 1}",2.267659187987032,0.20806352917454363,0.01984826535718076,0.01984826535718076
72,a30fb_asset_diverse_rank_chandelier_1h_dogeusdt_lb12_top1_mom0p015_breadth0p4_adx12p0_trail2p0_hold8_5p0x_0p1_af300bae,cross_asset_rank_chandelier_breakout,DOGEUSDT,1h,long_short,12,0.015,0.0,8,2,top1_breadth_adx_trail2.0,False,,,,,5.0,0.1,0.5,0.6447819809734472,0.23204149466993562,0.0,0.17052638055500147,0.06557520342396217,0.0,1.5865793011925284,4.1554106238481765,0.0,681,104,0,4419,681,0,2.778735682127065,0.41274048630351157,18.936328369264235,44.623364359603,,False,False,False,False,no_promotion_shadow_or_reject,False,False,False,"{""live_notional_fraction"": 0.5, ""parity"": true, ""recorded"": true, ""replay_notional_fraction"": 0.5, ""sizing_mode"": ""notional_fraction_equals_leverage_times_allocation_fraction""}",0,0,locked_oos_trade_event_count_0_below_20;locked_oos_return_not_positive;locked_oos_return_per_turnover_proxy_bps_missing_not_above_10.000;shadow_universe_not_promotion_eligible,crypto_high_beta_alt,shadow_probe_only,"{""breadth_threshold"": 0.4, ""market_momentum_floor"": -0.02, ""panel_symbols"": [""BTCUSDT"", ""ETHUSDT"", ""SOLUSDT"", ""BNBUSDT"", ""TRXUSDT""], ""rank_top_n"": 1}",2.267659187987032,0.20806352917454363,0.01984826535718076,0.01984826535718076
73,a30fb_asset_diverse_rank_chandelier_1h_dogeusdt_lb12_top2_mom0p015_breadth0p4_adx12p0_trail2p0_hold8_4p0x_0p125_228c9a10,cross_asset_rank_chandelier_breakout,DOGEUSDT,1h,long_short,12,0.015,0.0,8,2,top2_breadth_adx_trail2.0,False,,,,,4.0,0.125,0.5,0.6447819809734472,0.23204149466993562,0.0,0.17052638055500147,0.06557520342396217,0.0,1.5865793011925284,4.1554106238481765,0.0,681,104,0,4419,681,0,2.778735682127065,0.41274048630351157,18.936328369264235,44.623364359603,,False,False,False,False,no_promotion_shadow_or_reject,False,False,False,"{""live_notional_fraction"": 0.5, ""parity"": true, ""recorded"": true, ""replay_notional_fraction"": 0.5, ""sizing_mode"": ""notional_fraction_equals_leverage_times_allocation_fraction""}",0,0,locked_oos_trade_event_count_0_below_20;locked_oos_return_not_positive;locked_oos_return_per_turnover_proxy_bps_missing_not_above_10.000;shadow_universe_not_promotion_eligible,crypto_high_beta_alt,shadow_probe_only,"{""breadth_threshold"": 0.4, ""market_momentum_floor"": -0.02, ""panel_symbols"": [""BTCUSDT"", ""ETHUSDT"", ""SOLUSDT"", ""BNBUSDT"", ""TRXUSDT""], ""rank_top_n"": 2}",2.267659187987032,0.20806352917454363,0.01984826535718076,0.01984826535718076
74,a30fb_asset_diverse_rank_chandelier_1h_dogeusdt_lb12_top2_mom0p015_breadth0p4_adx12p0_trail2p0_hold8_5p0x_0p1_cd988c77,cross_asset_rank_chandelier_breakout,DOGEUSDT,1h,long_short,12,0.015,0.0,8,2,top2_breadth_adx_trail2.0,False,,,,,5.0,0.1,0.5,0.6447819809734472,0.23204149466993562,0.0,0.17052638055500147,0.06557520342396217,0.0,1.5865793011925284,4.1554106238481765,0.0,681,104,0,4419,681,0,2.778735682127065,0.41274048630351157,18.936328369264235,44.623364359603,,False,False,False,False,no_promotion_shadow_or_reject,False,False,False,"{""live_notional_fraction"": 0.5, ""parity"": true, ""recorded"": true, ""replay_notional_fraction"": 0.5, ""sizing_mode"": ""notional_fraction_equals_leverage_times_allocation_fraction""}",0,0,locked_oos_trade_event_count_0_below_20;locked_oos_return_not_positive;locked_oos_return_per_turnover_proxy_bps_missing_not_above_10.000;shadow_universe_not_promotion_eligible,crypto_high_beta_alt,shadow_probe_only,"{""breadth_threshold"": 0.4, ""market_momentum_floor"": -0.02, ""panel_symbols"": [""BTCUSDT"", ""ETHUSDT"", ""SOLUSDT"", ""BNBUSDT"", ""TRXUSDT""], ""rank_top_n"": 2}",2.267659187987032,0.20806352917454363,0.01984826535718076,0.01984826535718076
75,a30fb_asset_diverse_rank_chandelier_1h_dogeusdt_lb12_top1_mom0p015_breadth0p4_adx18p0_trail2p0_hold8_4p0x_0p125_37a4d907,cross_asset_rank_chandelier_breakout,DOGEUSDT,1h,long_short,12,0.015,0.0,8,2,top1_breadth_adx_trail2.0,False,,,,,4.0,0.125,0.5,0.6118940394011927,0.23204149466993562,0.0,0.17052638055500002,0.06557520342396217,0.0,1.5302500094154572,4.1554106238481765,0.0,679,104,0,4402,681,0,2.637002663129598,0.37985254473125707,18.023388494880493,44.623364359603,,False,False,False,False,no_promotion_shadow_or_reject,False,False,False,"{""live_notional_fraction"": 0.5, ""parity"": true, ""recorded"": true, ""replay_notional_fraction"": 0.5, ""sizing_mode"": ""notional_fraction_equals_leverage_times_allocation_fraction""}",0,0,locked_oos_trade_event_count_0_below_20;locked_oos_return_not_positive;locked_oos_return_per_turnover_proxy_bps_missing_not_above_10.000;shadow_universe_not_promotion_eligible,crypto_high_beta_alt,shadow_probe_only,"{""breadth_threshold"": 0.4, ""market_momentum_floor"": -0.02, ""panel_symbols"": [""BTCUSDT"", ""ETHUSDT"", ""SOLUSDT"", ""BNBUSDT"", ""TRXUSDT""], ""rank_top_n"": 1}",2.264147880777864,0.20806352917454363,0.01984826535718076,0.01984826535718076
76,a30fb_asset_diverse_rank_chandelier_1h_dogeusdt_lb12_top1_mom0p015_breadth0p4_adx18p0_trail2p0_hold8_5p0x_0p1_0fad3426,cross_asset_rank_chandelier_breakout,DOGEUSDT,1h,long_short,12,0.015,0.0,8,2,top1_breadth_adx_trail2.0,False,,,,,5.0,0.1,0.5,0.6118940394011927,0.23204149466993562,0.0,0.17052638055500002,0.06557520342396217,0.0,1.5302500094154572,4.1554106238481765,0.0,679,104,0,4402,681,0,2.637002663129598,0.37985254473125707,18.023388494880493,44.623364359603,,False,False,False,False,no_promotion_shadow_or_reject,False,False,False,"{""live_notional_fraction"": 0.5, ""parity"": true, ""recorded"": true, ""replay_notional_fraction"": 0.5, ""sizing_mode"": ""notional_fraction_equals_leverage_times_allocation_fraction""}",0,0,locked_oos_trade_event_count_0_below_20;locked_oos_return_not_positive;locked_oos_return_per_turnover_proxy_bps_missing_not_above_10.000;shadow_universe_not_promotion_eligible,crypto_high_beta_alt,shadow_probe_only,"{""breadth_threshold"": 0.4, ""market_momentum_floor"": -0.02, ""panel_symbols"": [""BTCUSDT"", ""ETHUSDT"", ""SOLUSDT"", ""BNBUSDT"", ""TRXUSDT""], ""rank_top_n"": 1}",2.264147880777864,0.20806352917454363,0.01984826535718076,0.01984826535718076
77,a30fb_asset_diverse_rank_chandelier_1h_dogeusdt_lb12_top2_mom0p015_breadth0p4_adx18p0_trail2p0_hold8_4p0x_0p125_d44fb917,cross_asset_rank_chandelier_breakout,DOGEUSDT,1h,long_short,12,0.015,0.0,8,2,top2_breadth_adx_trail2.0,False,,,,,4.0,0.125,0.5,0.6118940394011927,0.23204149466993562,0.0,0.17052638055500002,0.06557520342396217,0.0,1.5302500094154572,4.1554106238481765,0.0,679,104,0,4402,681,0,2.637002663129598,0.37985254473125707,18.023388494880493,44.623364359603,,False,False,False,False,no_promotion_shadow_or_reject,False,False,False,"{""live_notional_fraction"": 0.5, ""parity"": true, ""recorded"": true, ""replay_notional_fraction"": 0.5, ""sizing_mode"": ""notional_fraction_equals_leverage_times_allocation_fraction""}",0,0,locked_oos_trade_event_count_0_below_20;locked_oos_return_not_positive;locked_oos_return_per_turnover_proxy_bps_missing_not_above_10.000;shadow_universe_not_promotion_eligible,crypto_high_beta_alt,shadow_probe_only,"{""breadth_threshold"": 0.4, ""market_momentum_floor"": -0.02, ""panel_symbols"": [""BTCUSDT"", ""ETHUSDT"", ""SOLUSDT"", ""BNBUSDT"", ""TRXUSDT""], ""rank_top_n"": 2}",2.264147880777864,0.20806352917454363,0.01984826535718076,0.01984826535718076
78,a30fb_asset_diverse_rank_chandelier_1h_dogeusdt_lb12_top2_mom0p015_breadth0p4_adx18p0_trail2p0_hold8_5p0x_0p1_ceb158d8,cross_asset_rank_chandelier_breakout,DOGEUSDT,1h,long_short,12,0.015,0.0,8,2,top2_breadth_adx_trail2.0,False,,,,,5.0,0.1,0.5,0.6118940394011927,0.23204149466993562,0.0,0.17052638055500002,0.06557520342396217,0.0,1.5302500094154572,4.1554106238481765,0.0,679,104,0,4402,681,0,2.637002663129598,0.37985254473125707,18.023388494880493,44.623364359603,,False,False,False,False,no_promotion_shadow_or_reject,False,False,False,"{""live_notional_fraction"": 0.5, ""parity"": true, ""recorded"": true, ""replay_notional_fraction"": 0.5, ""sizing_mode"": ""notional_fraction_equals_leverage_times_allocation_fraction""}",0,0,locked_oos_trade_event_count_0_below_20;locked_oos_return_not_positive;locked_oos_return_per_turnover_proxy_bps_missing_not_above_10.000;shadow_universe_not_promotion_eligible,crypto_high_beta_alt,shadow_probe_only,"{""breadth_threshold"": 0.4, ""market_momentum_floor"": -0.02, ""panel_symbols"": [""BTCUSDT"", ""ETHUSDT"", ""SOLUSDT"", ""BNBUSDT"", ""TRXUSDT""], ""rank_top_n"": 2}",2.264147880777864,0.20806352917454363,0.01984826535718076,0.01984826535718076
79,a30fb_asset_diverse_rank_chandelier_1h_dogeusdt_lb12_top1_mom0p015_breadth0p4_adx12p0_trail3p0_hold8_4p0x_0p125_5ba1747c,cross_asset_rank_chandelier_breakout,DOGEUSDT,1h,long_short,12,0.015,0.0,8,2,top1_breadth_adx_trail3.0,False,,,,,4.0,0.125,0.5,0.6517854832263212,0.22917230676737455,0.0,0.17052638055500147,0.06775129922413392,0.0,1.5984874980518262,4.1098278246466835,0.0,679,104,0,4412,682,0,2.8440848391334113,0.4226131764589467,19.198394204015354,44.07159745526433,,False,False,False,False,no_promotion_shadow_or_reject,False,False,False,"{""live_notional_fraction"": 0.5, ""parity"": true, ""recorded"": true, ""replay_notional_fraction"": 0.5, ""sizing_mode"": ""notional_fraction_equals_leverage_times_allocation_fraction""}",0,0,locked_oos_trade_event_count_0_below_20;locked_oos_return_not_positive;locked_oos_return_per_turnover_proxy_bps_missing_not_above_10.000;shadow_universe_not_promotion_eligible,crypto_high_beta_alt,shadow_probe_only,"{""breadth_threshold"": 0.4, ""market_momentum_floor"": -0.02, ""panel_symbols"": [""BTCUSDT"", ""ETHUSDT"", ""SOLUSDT"", ""BNBUSDT"", ""TRXUSDT""], ""rank_top_n"": 1}",2.231914066835196,0.20806352917454363,0.017473234712458874,0.017473234712458874
80,a30fb_asset_diverse_rank_chandelier_1h_dogeusdt_lb12_top1_mom0p015_breadth0p4_adx12p0_trail3p0_hold8_5p0x_0p1_acff19e8,cross_asset_rank_chandelier_breakout,DOGEUSDT,1h,long_short,12,0.015,0.0,8,2,top1_breadth_adx_trail3.0,False,,,,,5.0,0.1,0.5,0.6517854832263212,0.22917230676737455,0.0,0.17052638055500147,0.06775129922413392,0.0,1.5984874980518262,4.1098278246466835,0.0,679,104,0,4412,682,0,2.8440848391334113,0.4226131764589467,19.198394204015354,44.07159745526433,,False,False,False,False,no_promotion_shadow_or_reject,False,False,False,"{""live_notional_fraction"": 0.5, ""parity"": true, ""recorded"": true, ""replay_notional_fraction"": 0.5, ""sizing_mode"": ""notional_fraction_equals_leverage_times_allocation_fraction""}",0,0,locked_oos_trade_event_count_0_below_20;locked_oos_return_not_positive;locked_oos_return_per_turnover_proxy_bps_missing_not_above_10.000;shadow_universe_not_promotion_eligible,crypto_high_beta_alt,shadow_probe_only,"{""breadth_threshold"": 0.4, ""market_momentum_floor"": -0.02, ""panel_symbols"": [""BTCUSDT"", ""ETHUSDT"", ""SOLUSDT"", ""BNBUSDT"", ""TRXUSDT""], ""rank_top_n"": 1}",2.231914066835196,0.20806352917454363,0.017473234712458874,0.017473234712458874
81,a30fb_asset_diverse_rank_chandelier_1h_dogeusdt_lb12_top2_mom0p015_breadth0p4_adx12p0_trail3p0_hold8_4p0x_0p125_68e086b0,cross_asset_rank_chandelier_breakout,DOGEUSDT,1h,long_short,12,0.015,0.0,8,2,top2_breadth_adx_trail3.0,False,,,,,4.0,0.125,0.5,0.6517854832263212,0.22917230676737455,0.0,0.17052638055500147,0.06775129922413392,0.0,1.5984874980518262,4.1098278246466835,0.0,679,104,0,4412,682,0,2.8440848391334113,0.4226131764589467,19.198394204015354,44.07159745526433,,False,False,False,False,no_promotion_shadow_or_reject,False,False,False,"{""live_notional_fraction"": 0.5, ""parity"": true, ""recorded"": true, ""replay_notional_fraction"": 0.5, ""sizing_mode"": ""notional_fraction_equals_leverage_times_allocation_fraction""}",0,0,locked_oos_trade_event_count_0_below_20;locked_oos_return_not_positive;locked_oos_return_per_turnover_proxy_bps_missing_not_above_10.000;shadow_universe_not_promotion_eligible,crypto_high_beta_alt,shadow_probe_only,"{""breadth_threshold"": 0.4, ""market_momentum_floor"": -0.02, ""panel_symbols"": [""BTCUSDT"", ""ETHUSDT"", ""SOLUSDT"", ""BNBUSDT"", ""TRXUSDT""], ""rank_top_n"": 2}",2.231914066835196,0.20806352917454363,0.017473234712458874,0.017473234712458874
82,a30fb_asset_diverse_rank_chandelier_1h_dogeusdt_lb12_top2_mom0p015_breadth0p4_adx12p0_trail3p0_hold8_5p0x_0p1_0d74b26d,cross_asset_rank_chandelier_breakout,DOGEUSDT,1h,long_short,12,0.015,0.0,8,2,top2_breadth_adx_trail3.0,False,,,,,5.0,0.1,0.5,0.6517854832263212,0.22917230676737455,0.0,0.17052638055500147,0.06775129922413392,0.0,1.5984874980518262,4.1098278246466835,0.0,679,104,0,4412,682,0,2.8440848391334113,0.4226131764589467,19.198394204015354,44.07159745526433,,False,False,False,False,no_promotion_shadow_or_reject,False,False,False,"{""live_notional_fraction"": 0.5, ""parity"": true, ""recorded"": true, ""replay_notional_fraction"": 0.5, ""sizing_mode"": ""notional_fraction_equals_leverage_times_allocation_fraction""}",0,0,locked_oos_trade_event_count_0_below_20;locked_oos_return_not_positive;locked_oos_return_per_turnover_proxy_bps_missing_not_above_10.000;shadow_universe_not_promotion_eligible,crypto_high_beta_alt,shadow_probe_only,"{""breadth_threshold"": 0.4, ""market_momentum_floor"": -0.02, ""panel_symbols"": [""BTCUSDT"", ""ETHUSDT"", ""SOLUSDT"", ""BNBUSDT"", ""TRXUSDT""], ""rank_top_n"": 2}",2.231914066835196,0.20806352917454363,0.017473234712458874,0.017473234712458874
83,a30fb_asset_diverse_rank_chandelier_1h_dogeusdt_lb12_top1_mom0p015_breadth0p4_adx18p0_trail3p0_hold8_4p0x_0p125_a2f2ae01,cross_asset_rank_chandelier_breakout,DOGEUSDT,1h,long_short,12,0.015,0.0,8,2,top1_breadth_adx_trail3.0,False,,,,,4.0,0.125,0.5,0.6187575043873932,0.22917230676737455,0.0,0.17052638055500002,0.06775129922413392,0.0,1.5421736991289803,4.1098278246466835,0.0,677,104,0,4395,682,0,2.699966296606134,0.38958519762001864,18.279394516614275,44.07159745526433,,False,False,False,False,no_promotion_shadow_or_reject,False,False,False,"{""live_notional_fraction"": 0.5, ""parity"": true, ""recorded"": true, ""replay_notional_fraction"": 0.5, ""sizing_mode"": ""notional_fraction_equals_leverage_times_allocation_fraction""}",0,0,locked_oos_trade_event_count_0_below_20;locked_oos_return_not_positive;locked_oos_return_per_turnover_proxy_bps_missing_not_above_10.000;shadow_universe_not_promotion_eligible,crypto_high_beta_alt,shadow_probe_only,"{""breadth_threshold"": 0.4, ""market_momentum_floor"": -0.02, ""panel_symbols"": [""BTCUSDT"", ""ETHUSDT"", ""SOLUSDT"", ""BNBUSDT"", ""TRXUSDT""], ""rank_top_n"": 1}",2.2283794526528844,0.20806352917454363,0.017473234712458874,0.017473234712458874
84,a30fb_asset_diverse_rank_chandelier_1h_dogeusdt_lb12_top1_mom0p015_breadth0p4_adx18p0_trail3p0_hold8_5p0x_0p1_1805227d,cross_asset_rank_chandelier_breakout,DOGEUSDT,1h,long_short,12,0.015,0.0,8,2,top1_breadth_adx_trail3.0,False,,,,,5.0,0.1,0.5,0.6187575043873932,0.22917230676737455,0.0,0.17052638055500002,0.06775129922413392,0.0,1.5421736991289803,4.1098278246466835,0.0,677,104,0,4395,682,0,2.699966296606134,0.38958519762001864,18.279394516614275,44.07159745526433,,False,False,False,False,no_promotion_shadow_or_reject,False,False,False,"{""live_notional_fraction"": 0.5, ""parity"": true, ""recorded"": true, ""replay_notional_fraction"": 0.5, ""sizing_mode"": ""notional_fraction_equals_leverage_times_allocation_fraction""}",0,0,locked_oos_trade_event_count_0_below_20;locked_oos_return_not_positive;locked_oos_return_per_turnover_proxy_bps_missing_not_above_10.000;shadow_universe_not_promotion_eligible,crypto_high_beta_alt,shadow_probe_only,"{""breadth_threshold"": 0.4, ""market_momentum_floor"": -0.02, ""panel_symbols"": [""BTCUSDT"", ""ETHUSDT"", ""SOLUSDT"", ""BNBUSDT"", ""TRXUSDT""], ""rank_top_n"": 1}",2.2283794526528844,0.20806352917454363,0.017473234712458874,0.017473234712458874
85,a30fb_asset_diverse_rank_chandelier_1h_dogeusdt_lb12_top2_mom0p015_breadth0p4_adx18p0_trail3p0_hold8_4p0x_0p125_113a9e57,cross_asset_rank_chandelier_breakout,DOGEUSDT,1h,long_short,12,0.015,0.0,8,2,top2_breadth_adx_trail3.0,False,,,,,4.0,0.125,0.5,0.6187575043873932,0.22917230676737455,0.0,0.17052638055500002,0.06775129922413392,0.0,1.5421736991289803,4.1098278246466835,0.0,677,104,0,4395,682,0,2.699966296606134,0.38958519762001864,18.279394516614275,44.07159745526433,,False,False,False,False,no_promotion_shadow_or_reject,False,False,False,"{""live_notional_fraction"": 0.5, ""parity"": true, ""recorded"": true, ""replay_notional_fraction"": 0.5, ""sizing_mode"": ""notional_fraction_equals_leverage_times_allocation_fraction""}",0,0,locked_oos_trade_event_count_0_below_20;locked_oos_return_not_positive;locked_oos_return_per_turnover_proxy_bps_missing_not_above_10.000;shadow_universe_not_promotion_eligible,crypto_high_beta_alt,shadow_probe_only,"{""breadth_threshold"": 0.4, ""market_momentum_floor"": -0.02, ""panel_symbols"": [""BTCUSDT"", ""ETHUSDT"", ""SOLUSDT"", ""BNBUSDT"", ""TRXUSDT""], ""rank_top_n"": 2}",2.2283794526528844,0.20806352917454363,0.017473234712458874,0.017473234712458874
86,a30fb_asset_diverse_rank_chandelier_1h_dogeusdt_lb12_top2_mom0p015_breadth0p4_adx18p0_trail3p0_hold8_5p0x_0p1_fc89280c,cross_asset_rank_chandelier_breakout,DOGEUSDT,1h,long_short,12,0.015,0.0,8,2,top2_breadth_adx_trail3.0,False,,,,,5.0,0.1,0.5,0.6187575043873932,0.22917230676737455,0.0,0.17052638055500002,0.06775129922413392,0.0,1.5421736991289803,4.1098278246466835,0.0,677,104,0,4395,682,0,2.699966296606134,0.38958519762001864,18.279394516614275,44.07159745526433,,False,False,False,False,no_promotion_shadow_or_reject,False,False,False,"{""live_notional_fraction"": 0.5, ""parity"": true, ""recorded"": true, ""replay_notional_fraction"": 0.5, ""sizing_mode"": ""notional_fraction_equals_leverage_times_allocation_fraction""}",0,0,locked_oos_trade_event_count_0_below_20;locked_oos_return_not_positive;locked_oos_return_per_turnover_proxy_bps_missing_not_above_10.000;shadow_universe_not_promotion_eligible,crypto_high_beta_alt,shadow_probe_only,"{""breadth_threshold"": 0.4, ""market_momentum_floor"": -0.02, ""panel_symbols"": [""BTCUSDT"", ""ETHUSDT"", ""SOLUSDT"", ""BNBUSDT"", ""TRXUSDT""], ""rank_top_n"": 2}",2.2283794526528844,0.20806352917454363,0.017473234712458874,0.017473234712458874
87,a30fb_asset_diverse_rank_chandelier_1h_xrpusdt_lb36_top1_mom0p015_breadth0p4_adx12p0_trail2p0_hold18_4p0x_0p125_7c636af0,cross_asset_rank_chandelier_breakout,XRPUSDT,1h,long_short,36,0.015,0.0,18,2,top1_breadth_adx_trail2.0,False,,,,,4.0,0.125,0.5,0.21840590799156523,0.2115256025190293,0.0,0.16712780104249025,0.05794883661705752,0.0,0.7953448240900072,4.476699954953906,0.0,270,38,0,3584,472,0,1.0325270576733943,0.00688030547253593,16.17821540678261,111.32926448369962,,False,False,False,False,no_promotion_shadow_or_reject,False,False,False,"{""live_notional_fraction"": 0.5, ""parity"": true, ""recorded"": true, ""replay_notional_fraction"": 0.5, ""sizing_mode"": ""notional_fraction_equals_leverage_times_allocation_fraction""}",0,0,locked_oos_trade_event_count_0_below_20;locked_oos_return_not_positive;locked_oos_return_per_turnover_proxy_bps_missing_not_above_10.000;shadow_universe_not_promotion_eligible,crypto_payment_alt,shadow_probe_only,"{""breadth_threshold"": 0.4, ""market_momentum_floor"": -0.02, ""panel_symbols"": [""BTCUSDT"", ""ETHUSDT"", ""SOLUSDT"", ""BNBUSDT"", ""TRXUSDT""], ""rank_top_n"": 1}",2.2052029248749205,0.21757226593106505,-0.004966163883021957,-0.004966163883021957
88,a30fb_asset_diverse_rank_chandelier_1h_xrpusdt_lb36_top1_mom0p015_breadth0p4_adx12p0_trail2p0_hold18_5p0x_0p1_5dda3d38,cross_asset_rank_chandelier_breakout,XRPUSDT,1h,long_short,36,0.015,0.0,18,2,top1_breadth_adx_trail2.0,False,,,,,5.0,0.1,0.5,0.21840590799156523,0.2115256025190293,0.0,0.16712780104249025,0.05794883661705752,0.0,0.7953448240900072,4.476699954953906,0.0,270,38,0,3584,472,0,1.0325270576733943,0.00688030547253593,16.17821540678261,111.32926448369962,,False,False,False,False,no_promotion_shadow_or_reject,False,False,False,"{""live_notional_fraction"": 0.5, ""parity"": true, ""recorded"": true, ""replay_notional_fraction"": 0.5, ""sizing_mode"": ""notional_fraction_equals_leverage_times_allocation_fraction""}",0,0,locked_oos_trade_event_count_0_below_20;locked_oos_return_not_positive;locked_oos_return_per_turnover_proxy_bps_missing_not_above_10.000;shadow_universe_not_promotion_eligible,crypto_payment_alt,shadow_probe_only,"{""breadth_threshold"": 0.4, ""market_momentum_floor"": -0.02, ""panel_symbols"": [""BTCUSDT"", ""ETHUSDT"", ""SOLUSDT"", ""BNBUSDT"", ""TRXUSDT""], ""rank_top_n"": 1}",2.2052029248749205,0.21757226593106505,-0.004966163883021957,-0.004966163883021957
89,a30fb_asset_diverse_rank_chandelier_1h_xrpusdt_lb36_top2_mom0p015_breadth0p4_adx12p0_trail2p0_hold18_4p0x_0p125_7d39914f,cross_asset_rank_chandelier_breakout,XRPUSDT,1h,long_short,36,0.015,0.0,18,2,top2_breadth_adx_trail2.0,False,,,,,4.0,0.125,0.5,0.21840590799156523,0.2115256025190293,0.0,0.16712780104249025,0.05794883661705752,0.0,0.7953448240900072,4.476699954953906,0.0,270,38,0,3584,472,0,1.0325270576733943,0.00688030547253593,16.17821540678261,111.32926448369962,,False,False,False,False,no_promotion_shadow_or_reject,False,False,False,"{""live_notional_fraction"": 0.5, ""parity"": true, ""recorded"": true, ""replay_notional_fraction"": 0.5, ""sizing_mode"": ""notional_fraction_equals_leverage_times_allocation_fraction""}",0,0,locked_oos_trade_event_count_0_below_20;locked_oos_return_not_positive;locked_oos_return_per_turnover_proxy_bps_missing_not_above_10.000;shadow_universe_not_promotion_eligible,crypto_payment_alt,shadow_probe_only,"{""breadth_threshold"": 0.4, ""market_momentum_floor"": -0.02, ""panel_symbols"": [""BTCUSDT"", ""ETHUSDT"", ""SOLUSDT"", ""BNBUSDT"", ""TRXUSDT""], ""rank_top_n"": 2}",2.2052029248749205,0.21757226593106505,-0.004966163883021957,-0.004966163883021957
90,a30fb_asset_diverse_rank_chandelier_1h_xrpusdt_lb36_top2_mom0p015_breadth0p4_adx12p0_trail2p0_hold18_5p0x_0p1_ac1834d9,cross_asset_rank_chandelier_breakout,XRPUSDT,1h,long_short,36,0.015,0.0,18,2,top2_breadth_adx_trail2.0,False,,,,,5.0,0.1,0.5,0.21840590799156523,0.2115256025190293,0.0,0.16712780104249025,0.05794883661705752,0.0,0.7953448240900072,4.476699954953906,0.0,270,38,0,3584,472,0,1.0325270576733943,0.00688030547253593,16.17821540678261,111.32926448369962,,False,False,False,False,no_promotion_shadow_or_reject,False,False,False,"{""live_notional_fraction"": 0.5, ""parity"": true, ""recorded"": true, ""replay_notional_fraction"": 0.5, ""sizing_mode"": ""notional_fraction_equals_leverage_times_allocation_fraction""}",0,0,locked_oos_trade_event_count_0_below_20;locked_oos_return_not_positive;locked_oos_return_per_turnover_proxy_bps_missing_not_above_10.000;shadow_universe_not_promotion_eligible,crypto_payment_alt,shadow_probe_only,"{""breadth_threshold"": 0.4, ""market_momentum_floor"": -0.02, ""panel_symbols"": [""BTCUSDT"", ""ETHUSDT"", ""SOLUSDT"", ""BNBUSDT"", ""TRXUSDT""], ""rank_top_n"": 2}",2.2052029248749205,0.21757226593106505,-0.004966163883021957,-0.004966163883021957
91,a30fb_asset_diverse_rank_chandelier_2h_avaxusdt_lb12_top1_mom0p005_breadth0p4_adx18p0_trail2p0_hold12_4p0x_0p125_56a81e2b,cross_asset_rank_chandelier_breakout,AVAXUSDT,2h,long_short,12,0.005,0.0,12,2,top1_breadth_adx_trail2.0,False,,,,,4.0,0.125,0.5,0.22134342455307854,0.1994937914258217,0.0,0.20693478499620954,0.04726272468590598,0.0,0.7234230950576801,3.763878654003336,0.0,357,57,0,2676,429,0,1.1095253790661512,0.02184963312725685,12.400191851713084,69.99782155291989,,False,False,False,False,no_promotion_shadow_or_reject,False,False,False,"{""live_notional_fraction"": 0.5, ""parity"": true, ""recorded"": true, ""replay_notional_fraction"": 0.5, ""sizing_mode"": ""notional_fraction_equals_leverage_times_allocation_fraction""}",0,0,locked_oos_trade_event_count_0_below_20;locked_oos_return_not_positive;locked_oos_return_per_turnover_proxy_bps_missing_not_above_10.000;shadow_universe_not_promotion_eligible,crypto_high_beta_alt,shadow_probe_only,"{""breadth_threshold"": 0.4, ""market_momentum_floor"": -0.02, ""panel_symbols"": [""BTCUSDT"", ""ETHUSDT"", ""SOLUSDT"", ""BNBUSDT"", ""TRXUSDT""], ""rank_top_n"": 1}",2.1932243905110966,0.12920182156235116,0.06224925298669448,0.06224925298669448
92,a30fb_asset_diverse_rank_chandelier_2h_avaxusdt_lb12_top1_mom0p005_breadth0p4_adx18p0_trail2p0_hold12_5p0x_0p1_71aaeede,cross_asset_rank_chandelier_breakout,AVAXUSDT,2h,long_short,12,0.005,0.0,12,2,top1_breadth_adx_trail2.0,False,,,,,5.0,0.1,0.5,0.22134342455307854,0.1994937914258217,0.0,0.20693478499620954,0.04726272468590598,0.0,0.7234230950576801,3.763878654003336,0.0,357,57,0,2676,429,0,1.1095253790661512,0.02184963312725685,12.400191851713084,69.99782155291989,,False,False,False,False,no_promotion_shadow_or_reject,False,False,False,"{""live_notional_fraction"": 0.5, ""parity"": true, ""recorded"": true, ""replay_notional_fraction"": 0.5, ""sizing_mode"": ""notional_fraction_equals_leverage_times_allocation_fraction""}",0,0,locked_oos_trade_event_count_0_below_20;locked_oos_return_not_positive;locked_oos_return_per_turnover_proxy_bps_missing_not_above_10.000;shadow_universe_not_promotion_eligible,crypto_high_beta_alt,shadow_probe_only,"{""breadth_threshold"": 0.4, ""market_momentum_floor"": -0.02, ""panel_symbols"": [""BTCUSDT"", ""ETHUSDT"", ""SOLUSDT"", ""BNBUSDT"", ""TRXUSDT""], ""rank_top_n"": 1}",2.1932243905110966,0.12920182156235116,0.06224925298669448,0.06224925298669448
93,a30fb_asset_diverse_rank_chandelier_2h_avaxusdt_lb12_top2_mom0p005_breadth0p4_adx18p0_trail2p0_hold12_4p0x_0p125_78c29914,cross_asset_rank_chandelier_breakout,AVAXUSDT,2h,long_short,12,0.005,0.0,12,2,top2_breadth_adx_trail2.0,False,,,,,4.0,0.125,0.5,0.22134342455307854,0.1994937914258217,0.0,0.20693478499620954,0.04726272468590598,0.0,0.7234230950576801,3.763878654003336,0.0,357,57,0,2676,429,0,1.1095253790661512,0.02184963312725685,12.400191851713084,69.99782155291989,,False,False,False,False,no_promotion_shadow_or_reject,False,False,False,"{""live_notional_fraction"": 0.5, ""parity"": true, ""recorded"": true, ""replay_notional_fraction"": 0.5, ""sizing_mode"": ""notional_fraction_equals_leverage_times_allocation_fraction""}",0,0,locked_oos_trade_event_count_0_below_20;locked_oos_return_not_positive;locked_oos_return_per_turnover_proxy_bps_missing_not_above_10.000;shadow_universe_not_promotion_eligible,crypto_high_beta_alt,shadow_probe_only,"{""breadth_threshold"": 0.4, ""market_momentum_floor"": -0.02, ""panel_symbols"": [""BTCUSDT"", ""ETHUSDT"", ""SOLUSDT"", ""BNBUSDT"", ""TRXUSDT""], ""rank_top_n"": 2}",2.1932243905110966,0.12920182156235116,0.06224925298669448,0.06224925298669448
94,a30fb_asset_diverse_rank_chandelier_2h_avaxusdt_lb12_top2_mom0p005_breadth0p4_adx18p0_trail2p0_hold12_5p0x_0p1_4fd8f22b,cross_asset_rank_chandelier_breakout,AVAXUSDT,2h,long_short,12,0.005,0.0,12,2,top2_breadth_adx_trail2.0,False,,,,,5.0,0.1,0.5,0.22134342455307854,0.1994937914258217,0.0,0.20693478499620954,0.04726272468590598,0.0,0.7234230950576801,3.763878654003336,0.0,357,57,0,2676,429,0,1.1095253790661512,0.02184963312725685,12.400191851713084,69.99782155291989,,False,False,False,False,no_promotion_shadow_or_reject,False,False,False,"{""live_notional_fraction"": 0.5, ""parity"": true, ""recorded"": true, ""replay_notional_fraction"": 0.5, ""sizing_mode"": ""notional_fraction_equals_leverage_times_allocation_fraction""}",0,0,locked_oos_trade_event_count_0_below_20;locked_oos_return_not_positive;locked_oos_return_per_turnover_proxy_bps_missing_not_above_10.000;shadow_universe_not_promotion_eligible,crypto_high_beta_alt,shadow_probe_only,"{""breadth_threshold"": 0.4, ""market_momentum_floor"": -0.02, ""panel_symbols"": [""BTCUSDT"", ""ETHUSDT"", ""SOLUSDT"", ""BNBUSDT"", ""TRXUSDT""], ""rank_top_n"": 2}",2.1932243905110966,0.12920182156235116,0.06224925298669448,0.06224925298669448
95,a30fb_asset_diverse_rank_chandelier_2h_avaxusdt_lb12_top1_mom0p005_breadth0p4_adx18p0_trail3p0_hold12_4p0x_0p125_cf3dc15e,cross_asset_rank_chandelier_breakout,AVAXUSDT,2h,long_short,12,0.005,0.0,12,2,top1_breadth_adx_trail3.0,False,,,,,4.0,0.125,0.5,0.2156498343364348,0.1994937914258217,0.0,0.20693478499620954,0.04726272468590598,0.0,0.7108028133747113,3.763878654003336,0.0,357,57,0,2677,429,0,1.0809851915447728,0.016156042910613122,12.081223212125199,69.99782155291989,,False,False,False,False,no_promotion_shadow_or_reject,False,False,False,"{""live_notional_fraction"": 0.5, ""parity"": true, ""recorded"": true, ""replay_notional_fraction"": 0.5, ""sizing_mode"": ""notional_fraction_equals_leverage_times_allocation_fraction""}",0,0,locked_oos_trade_event_count_0_below_20;locked_oos_return_not_positive;locked_oos_return_per_turnover_proxy_bps_missing_not_above_10.000;shadow_universe_not_promotion_eligible,crypto_high_beta_alt,shadow_probe_only,"{""breadth_threshold"": 0.4, ""market_momentum_floor"": -0.02, ""panel_symbols"": [""BTCUSDT"", ""ETHUSDT"", ""SOLUSDT"", ""BNBUSDT"", ""TRXUSDT""], ""rank_top_n"": 1}",2.1919975880511435,0.12920182156235116,0.06224925298669448,0.06224925298669448
96,a30fb_asset_diverse_rank_chandelier_2h_avaxusdt_lb12_top1_mom0p005_breadth0p4_adx18p0_trail3p0_hold12_5p0x_0p1_bea202d2,cross_asset_rank_chandelier_breakout,AVAXUSDT,2h,long_short,12,0.005,0.0,12,2,top1_breadth_adx_trail3.0,False,,,,,5.0,0.1,0.5,0.2156498343364348,0.1994937914258217,0.0,0.20693478499620954,0.04726272468590598,0.0,0.7108028133747113,3.763878654003336,0.0,357,57,0,2677,429,0,1.0809851915447728,0.016156042910613122,12.081223212125199,69.99782155291989,,False,False,False,False,no_promotion_shadow_or_reject,False,False,False,"{""live_notional_fraction"": 0.5, ""parity"": true, ""recorded"": true, ""replay_notional_fraction"": 0.5, ""sizing_mode"": ""notional_fraction_equals_leverage_times_allocation_fraction""}",0,0,locked_oos_trade_event_count_0_below_20;locked_oos_return_not_positive;locked_oos_return_per_turnover_proxy_bps_missing_not_above_10.000;shadow_universe_not_promotion_eligible,crypto_high_beta_alt,shadow_probe_only,"{""breadth_threshold"": 0.4, ""market_momentum_floor"": -0.02, ""panel_symbols"": [""BTCUSDT"", ""ETHUSDT"", ""SOLUSDT"", ""BNBUSDT"", ""TRXUSDT""], ""rank_top_n"": 1}",2.1919975880511435,0.12920182156235116,0.06224925298669448,0.06224925298669448
97,a30fb_asset_diverse_rank_chandelier_2h_avaxusdt_lb12_top2_mom0p005_breadth0p4_adx18p0_trail3p0_hold12_4p0x_0p125_2dc0833d,cross_asset_rank_chandelier_breakout,AVAXUSDT,2h,long_short,12,0.005,0.0,12,2,top2_breadth_adx_trail3.0,False,,,,,4.0,0.125,0.5,0.2156498343364348,0.1994937914258217,0.0,0.20693478499620954,0.04726272468590598,0.0,0.7108028133747113,3.763878654003336,0.0,357,57,0,2677,429,0,1.0809851915447728,0.016156042910613122,12.081223212125199,69.99782155291989,,False,False,False,False,no_promotion_shadow_or_reject,False,False,False,"{""live_notional_fraction"": 0.5, ""parity"": true, ""recorded"": true, ""replay_notional_fraction"": 0.5, ""sizing_mode"": ""notional_fraction_equals_leverage_times_allocation_fraction""}",0,0,locked_oos_trade_event_count_0_below_20;locked_oos_return_not_positive;locked_oos_return_per_turnover_proxy_bps_missing_not_above_10.000;shadow_universe_not_promotion_eligible,crypto_high_beta_alt,shadow_probe_only,"{""breadth_threshold"": 0.4, ""market_momentum_floor"": -0.02, ""panel_symbols"": [""BTCUSDT"", ""ETHUSDT"", ""SOLUSDT"", ""BNBUSDT"", ""TRXUSDT""], ""rank_top_n"": 2}",2.1919975880511435,0.12920182156235116,0.06224925298669448,0.06224925298669448
98,a30fb_asset_diverse_rank_chandelier_2h_avaxusdt_lb12_top2_mom0p005_breadth0p4_adx18p0_trail3p0_hold12_5p0x_0p1_99af6554,cross_asset_rank_chandelier_breakout,AVAXUSDT,2h,long_short,12,0.005,0.0,12,2,top2_breadth_adx_trail3.0,False,,,,,5.0,0.1,0.5,0.2156498343364348,0.1994937914258217,0.0,0.20693478499620954,0.04726272468590598,0.0,0.7108028133747113,3.763878654003336,0.0,357,57,0,2677,429,0,1.0809851915447728,0.016156042910613122,12.081223212125199,69.99782155291989,,False,False,False,False,no_promotion_shadow_or_reject,False,False,False,"{""live_notional_fraction"": 0.5, ""parity"": true, ""recorded"": true, ""replay_notional_fraction"": 0.5, ""sizing_mode"": ""notional_fraction_equals_leverage_times_allocation_fraction""}",0,0,locked_oos_trade_event_count_0_below_20;locked_oos_return_not_positive;locked_oos_return_per_turnover_proxy_bps_missing_not_above_10.000;shadow_universe_not_promotion_eligible,crypto_high_beta_alt,shadow_probe_only,"{""breadth_threshold"": 0.4, ""market_momentum_floor"": -0.02, ""panel_symbols"": [""BTCUSDT"", ""ETHUSDT"", ""SOLUSDT"", ""BNBUSDT"", ""TRXUSDT""], ""rank_top_n"": 2}",2.1919975880511435,0.12920182156235116,0.06224925298669448,0.06224925298669448
99,a30fb_asset_diverse_rank_chandelier_1h_dogeusdt_lb12_top1_mom0p015_breadth0p4_adx18p0_trail3p0_hold18_4p0x_0p125_04df03d4,cross_asset_rank_chandelier_breakout,DOGEUSDT,1h,long_short,12,0.015,0.0,18,2,top1_breadth_adx_trail3.0,False,,,,,4.0,0.125,0.5,0.2126475888845376,0.2664674248269061,0.0,0.27060483441239014,0.060284179861792464,0.0,0.6959395353998726,4.478592009935375,0.0,519,89,0,5376,906,0,0.7980247079832397,-0.0538198359423685,8.19451209574326,59.880320185821596,,False,False,False,False,no_promotion_shadow_or_reject,False,False,False,"{""live_notional_fraction"": 0.5, ""parity"": true, ""recorded"": true, ""replay_notional_fraction"": 0.5, ""sizing_mode"": ""notional_fraction_equals_leverage_times_allocation_fraction""}",0,0,locked_oos_trade_event_count_0_below_20;train_return_below_validation_return;train_validation_return_ratio_0.7980_below_1.00;locked_oos_return_not_positive;train_return_per_turnover_proxy_bps_8.195_not_above_10.000;locked_oos_return_per_turnover_proxy_bps_missing_not_above_10.000;shadow_universe_not_promotion_eligible,crypto_high_beta_alt,shadow_probe_only,"{""breadth_threshold"": 0.4, ""market_momentum_floor"": -0.02, ""panel_symbols"": [""BTCUSDT"", ""ETHUSDT"", ""SOLUSDT"", ""BNBUSDT"", ""TRXUSDT""], ""rank_top_n"": 1}",2.1861511877040405,0.1609455297166391,0.09089306294673594,0.09089306294673594
100,a30fb_asset_diverse_rank_chandelier_1h_dogeusdt_lb12_top1_mom0p015_breadth0p4_adx18p0_trail3p0_hold18_5p0x_0p1_3567bfe6,cross_asset_rank_chandelier_breakout,DOGEUSDT,1h,long_short,12,0.015,0.0,18,2,top1_breadth_adx_trail3.0,False,,,,,5.0,0.1,0.5,0.2126475888845376,0.2664674248269061,0.0,0.27060483441239014,0.060284179861792464,0.0,0.6959395353998726,4.478592009935375,0.0,519,89,0,5376,906,0,0.7980247079832397,-0.0538198359423685,8.19451209574326,59.880320185821596,,False,False,False,False,no_promotion_shadow_or_reject,False,False,False,"{""live_notional_fraction"": 0.5, ""parity"": true, ""recorded"": true, ""replay_notional_fraction"": 0.5, ""sizing_mode"": ""notional_fraction_equals_leverage_times_allocation_fraction""}",0,0,locked_oos_trade_event_count_0_below_20;train_return_below_validation_return;train_validation_return_ratio_0.7980_below_1.00;locked_oos_return_not_positive;train_return_per_turnover_proxy_bps_8.195_not_above_10.000;locked_oos_return_per_turnover_proxy_bps_missing_not_above_10.000;shadow_universe_not_promotion_eligible,crypto_high_beta_alt,shadow_probe_only,"{""breadth_threshold"": 0.4, ""market_momentum_floor"": -0.02, ""panel_symbols"": [""BTCUSDT"", ""ETHUSDT"", ""SOLUSDT"", ""BNBUSDT"", ""TRXUSDT""], ""rank_top_n"": 1}",2.1861511877040405,0.1609455297166391,0.09089306294673594,0.09089306294673594
101,a30fb_asset_diverse_rank_chandelier_1h_dogeusdt_lb12_top2_mom0p015_breadth0p4_adx18p0_trail3p0_hold18_4p0x_0p125_d6231203,cross_asset_rank_chandelier_breakout,DOGEUSDT,1h,long_short,12,0.015,0.0,18,2,top2_breadth_adx_trail3.0,False,,,,,4.0,0.125,0.5,0.2126475888845376,0.2664674248269061,0.0,0.27060483441239014,0.060284179861792464,0.0,0.6959395353998726,4.478592009935375,0.0,519,89,0,5376,906,0,0.7980247079832397,-0.0538198359423685,8.19451209574326,59.880320185821596,,False,False,False,False,no_promotion_shadow_or_reject,False,False,False,"{""live_notional_fraction"": 0.5, ""parity"": true, ""recorded"": true, ""replay_notional_fraction"": 0.5, ""sizing_mode"": ""notional_fraction_equals_leverage_times_allocation_fraction""}",0,0,locked_oos_trade_event_count_0_below_20;train_return_below_validation_return;train_validation_return_ratio_0.7980_below_1.00;locked_oos_return_not_positive;train_return_per_turnover_proxy_bps_8.195_not_above_10.000;locked_oos_return_per_turnover_proxy_bps_missing_not_above_10.000;shadow_universe_not_promotion_eligible,crypto_high_beta_alt,shadow_probe_only,"{""breadth_threshold"": 0.4, ""market_momentum_floor"": -0.02, ""panel_symbols"": [""BTCUSDT"", ""ETHUSDT"", ""SOLUSDT"", ""BNBUSDT"", ""TRXUSDT""], ""rank_top_n"": 2}",2.1861511877040405,0.1609455297166391,0.09089306294673594,0.09089306294673594
102,a30fb_asset_diverse_rank_chandelier_1h_dogeusdt_lb12_top2_mom0p015_breadth0p4_adx18p0_trail3p0_hold18_5p0x_0p1_7910f64f,cross_asset_rank_chandelier_breakout,DOGEUSDT,1h,long_short,12,0.015,0.0,18,2,top2_breadth_adx_trail3.0,False,,,,,5.0,0.1,0.5,0.2126475888845376,0.2664674248269061,0.0,0.27060483441239014,0.060284179861792464,0.0,0.6959395353998726,4.478592009935375,0.0,519,89,0,5376,906,0,0.7980247079832397,-0.0538198359423685,8.19451209574326,59.880320185821596,,False,False,False,False,no_promotion_shadow_or_reject,False,False,False,"{""live_notional_fraction"": 0.5, ""parity"": true, ""recorded"": true, ""replay_notional_fraction"": 0.5, ""sizing_mode"": ""notional_fraction_equals_leverage_times_allocation_fraction""}",0,0,locked_oos_trade_event_count_0_below_20;train_return_below_validation_return;train_validation_return_ratio_0.7980_below_1.00;locked_oos_return_not_positive;train_return_per_turnover_proxy_bps_8.195_not_above_10.000;locked_oos_return_per_turnover_proxy_bps_missing_not_above_10.000;shadow_universe_not_promotion_eligible,crypto_high_beta_alt,shadow_probe_only,"{""breadth_threshold"": 0.4, ""market_momentum_floor"": -0.02, ""panel_symbols"": [""BTCUSDT"", ""ETHUSDT"", ""SOLUSDT"", ""BNBUSDT"", ""TRXUSDT""], ""rank_top_n"": 2}",2.1861511877040405,0.1609455297166391,0.09089306294673594,0.09089306294673594
103,a30fb_asset_diverse_rank_chandelier_1h_xrpusdt_lb12_top1_mom0p015_breadth0p4_adx12p0_trail2p0_hold18_4p0x_0p125_80007824,cross_asset_rank_chandelier_breakout,XRPUSDT,1h,long_short,12,0.015,0.0,18,2,top1_breadth_adx_trail2.0,False,,,,,4.0,0.125,0.5,0.4107648350115898,0.2389220111360144,0.0,0.2606500982844111,0.09324564940617608,0.0,1.1763417750065848,3.9038906659653607,0.0,457,86,0,4703,935,0,1.7192423295723391,0.17184282387557537,17.97657921276104,55.563258403724284,,False,False,False,False,no_promotion_shadow_or_reject,False,False,False,"{""live_notional_fraction"": 0.5, ""parity"": true, ""recorded"": true, ""replay_notional_fraction"": 0.5, ""sizing_mode"": ""notional_fraction_equals_leverage_times_allocation_fraction""}",0,0,locked_oos_trade_event_count_0_below_20;locked_oos_return_not_positive;locked_oos_return_per_turnover_proxy_bps_missing_not_above_10.000;shadow_universe_not_promotion_eligible,crypto_payment_alt,shadow_probe_only,"{""breadth_threshold"": 0.4, ""market_momentum_floor"": -0.02, ""panel_symbols"": [""BTCUSDT"", ""ETHUSDT"", ""SOLUSDT"", ""BNBUSDT"", ""TRXUSDT""], ""rank_top_n"": 1}",2.1796092457020317,0.30315811580835983,-0.049292640619052586,-0.049292640619052586
104,a30fb_asset_diverse_rank_chandelier_1h_xrpusdt_lb12_top1_mom0p015_breadth0p4_adx12p0_trail2p0_hold18_5p0x_0p1_d0877a06,cross_asset_rank_chandelier_breakout,XRPUSDT,1h,long_short,12,0.015,0.0,18,2,top1_breadth_adx_trail2.0,False,,,,,5.0,0.1,0.5,0.4107648350115898,0.2389220111360144,0.0,0.2606500982844111,0.09324564940617608,0.0,1.1763417750065848,3.9038906659653607,0.0,457,86,0,4703,935,0,1.7192423295723391,0.17184282387557537,17.97657921276104,55.563258403724284,,False,False,False,False,no_promotion_shadow_or_reject,False,False,False,"{""live_notional_fraction"": 0.5, ""parity"": true, ""recorded"": true, ""replay_notional_fraction"": 0.5, ""sizing_mode"": ""notional_fraction_equals_leverage_times_allocation_fraction""}",0,0,locked_oos_trade_event_count_0_below_20;locked_oos_return_not_positive;locked_oos_return_per_turnover_proxy_bps_missing_not_above_10.000;shadow_universe_not_promotion_eligible,crypto_payment_alt,shadow_probe_only,"{""breadth_threshold"": 0.4, ""market_momentum_floor"": -0.02, ""panel_symbols"": [""BTCUSDT"", ""ETHUSDT"", ""SOLUSDT"", ""BNBUSDT"", ""TRXUSDT""], ""rank_top_n"": 1}",2.1796092457020317,0.30315811580835983,-0.049292640619052586,-0.049292640619052586
105,a30fb_asset_diverse_rank_chandelier_1h_xrpusdt_lb12_top2_mom0p015_breadth0p4_adx12p0_trail2p0_hold18_4p0x_0p125_c36d032f,cross_asset_rank_chandelier_breakout,XRPUSDT,1h,long_short,12,0.015,0.0,18,2,top2_breadth_adx_trail2.0,False,,,,,4.0,0.125,0.5,0.4107648350115898,0.2389220111360144,0.0,0.2606500982844111,0.09324564940617608,0.0,1.1763417750065848,3.9038906659653607,0.0,457,86,0,4703,935,0,1.7192423295723391,0.17184282387557537,17.97657921276104,55.563258403724284,,False,False,False,False,no_promotion_shadow_or_reject,False,False,False,"{""live_notional_fraction"": 0.5, ""parity"": true, ""recorded"": true, ""replay_notional_fraction"": 0.5, ""sizing_mode"": ""notional_fraction_equals_leverage_times_allocation_fraction""}",0,0,locked_oos_trade_event_count_0_below_20;locked_oos_return_not_positive;locked_oos_return_per_turnover_proxy_bps_missing_not_above_10.000;shadow_universe_not_promotion_eligible,crypto_payment_alt,shadow_probe_only,"{""breadth_threshold"": 0.4, ""market_momentum_floor"": -0.02, ""panel_symbols"": [""BTCUSDT"", ""ETHUSDT"", ""SOLUSDT"", ""BNBUSDT"", ""TRXUSDT""], ""rank_top_n"": 2}",2.1796092457020317,0.30315811580835983,-0.049292640619052586,-0.049292640619052586
106,a30fb_asset_diverse_rank_chandelier_1h_xrpusdt_lb12_top2_mom0p015_breadth0p4_adx12p0_trail2p0_hold18_5p0x_0p1_2648740e,cross_asset_rank_chandelier_breakout,XRPUSDT,1h,long_short,12,0.015,0.0,18,2,top2_breadth_adx_trail2.0,False,,,,,5.0,0.1,0.5,0.4107648350115898,0.2389220111360144,0.0,0.2606500982844111,0.09324564940617608,0.0,1.1763417750065848,3.9038906659653607,0.0,457,86,0,4703,935,0,1.7192423295723391,0.17184282387557537,17.97657921276104,55.563258403724284,,False,False,False,False,no_promotion_shadow_or_reject,False,False,False,"{""live_notional_fraction"": 0.5, ""parity"": true, ""recorded"": true, ""replay_notional_fraction"": 0.5, ""sizing_mode"": ""notional_fraction_equals_leverage_times_allocation_fraction""}",0,0,locked_oos_trade_event_count_0_below_20;locked_oos_return_not_positive;locked_oos_return_per_turnover_proxy_bps_missing_not_above_10.000;shadow_universe_not_promotion_eligible,crypto_payment_alt,shadow_probe_only,"{""breadth_threshold"": 0.4, ""market_momentum_floor"": -0.02, ""panel_symbols"": [""BTCUSDT"", ""ETHUSDT"", ""SOLUSDT"", ""BNBUSDT"", ""TRXUSDT""], ""rank_top_n"": 2}",2.1796092457020317,0.30315811580835983,-0.049292640619052586,-0.049292640619052586
107,a30fb_asset_diverse_rank_chandelier_1h_dogeusdt_lb12_top1_mom0p005_breadth0p6_adx18p0_trail2p0_hold18_4p0x_0p125_048ae961,cross_asset_rank_chandelier_breakout,DOGEUSDT,1h,long_short,12,0.005,0.0,18,2,top1_breadth_adx_trail2.0,False,,,,,4.0,0.125,0.5,0.4720251711548289,0.21507544090833752,0.0,0.21962518671662545,0.07748495775918574,0.0,1.192192538851082,3.6692638418605283,0.0,549,91,0,5719,922,0,2.1946958200401885,0.25694973024649137,17.195816799811617,47.26932767216209,,False,False,False,False,no_promotion_shadow_or_reject,False,False,False,"{""live_notional_fraction"": 0.5, ""parity"": true, ""recorded"": true, ""replay_notional_fraction"": 0.5, ""sizing_mode"": ""notional_fraction_equals_leverage_times_allocation_fraction""}",0,0,locked_oos_trade_event_count_0_below_20;locked_oos_return_not_positive;locked_oos_return_per_turnover_proxy_bps_missing_not_above_10.000;shadow_universe_not_promotion_eligible,crypto_high_beta_alt,shadow_probe_only,"{""breadth_threshold"": 0.6, ""market_momentum_floor"": -0.02, ""panel_symbols"": [""BTCUSDT"", ""ETHUSDT"", ""SOLUSDT"", ""BNBUSDT"", ""TRXUSDT""], ""rank_top_n"": 1}",2.1504639882981564,0.14477607709529905,0.06140883376198225,0.06140883376198225
108,a30fb_asset_diverse_rank_chandelier_1h_dogeusdt_lb12_top1_mom0p005_breadth0p6_adx18p0_trail2p0_hold18_5p0x_0p1_f83dd0af,cross_asset_rank_chandelier_breakout,DOGEUSDT,1h,long_short,12,0.005,0.0,18,2,top1_breadth_adx_trail2.0,False,,,,,5.0,0.1,0.5,0.4720251711548289,0.21507544090833752,0.0,0.21962518671662545,0.07748495775918574,0.0,1.192192538851082,3.6692638418605283,0.0,549,91,0,5719,922,0,2.1946958200401885,0.25694973024649137,17.195816799811617,47.26932767216209,,False,False,False,False,no_promotion_shadow_or_reject,False,False,False,"{""live_notional_fraction"": 0.5, ""parity"": true, ""recorded"": true, ""replay_notional_fraction"": 0.5, ""sizing_mode"": ""notional_fraction_equals_leverage_times_allocation_fraction""}",0,0,locked_oos_trade_event_count_0_below_20;locked_oos_return_not_positive;locked_oos_return_per_turnover_proxy_bps_missing_not_above_10.000;shadow_universe_not_promotion_eligible,crypto_high_beta_alt,shadow_probe_only,"{""breadth_threshold"": 0.6, ""market_momentum_floor"": -0.02, ""panel_symbols"": [""BTCUSDT"", ""ETHUSDT"", ""SOLUSDT"", ""BNBUSDT"", ""TRXUSDT""], ""rank_top_n"": 1}",2.1504639882981564,0.14477607709529905,0.06140883376198225,0.06140883376198225
109,a30fb_asset_diverse_rank_chandelier_1h_dogeusdt_lb12_top2_mom0p005_breadth0p6_adx18p0_trail2p0_hold18_4p0x_0p125_528392fc,cross_asset_rank_chandelier_breakout,DOGEUSDT,1h,long_short,12,0.005,0.0,18,2,top2_breadth_adx_trail2.0,False,,,,,4.0,0.125,0.5,0.4720251711548289,0.21507544090833752,0.0,0.21962518671662545,0.07748495775918574,0.0,1.192192538851082,3.6692638418605283,0.0,549,91,0,5719,922,0,2.1946958200401885,0.25694973024649137,17.195816799811617,47.26932767216209,,False,False,False,False,no_promotion_shadow_or_reject,False,False,False,"{""live_notional_fraction"": 0.5, ""parity"": true, ""recorded"": true, ""replay_notional_fraction"": 0.5, ""sizing_mode"": ""notional_fraction_equals_leverage_times_allocation_fraction""}",0,0,locked_oos_trade_event_count_0_below_20;locked_oos_return_not_positive;locked_oos_return_per_turnover_proxy_bps_missing_not_above_10.000;shadow_universe_not_promotion_eligible,crypto_high_beta_alt,shadow_probe_only,"{""breadth_threshold"": 0.6, ""market_momentum_floor"": -0.02, ""panel_symbols"": [""BTCUSDT"", ""ETHUSDT"", ""SOLUSDT"", ""BNBUSDT"", ""TRXUSDT""], ""rank_top_n"": 2}",2.1504639882981564,0.14477607709529905,0.06140883376198225,0.06140883376198225
110,a30fb_asset_diverse_rank_chandelier_1h_dogeusdt_lb12_top2_mom0p005_breadth0p6_adx18p0_trail2p0_hold18_5p0x_0p1_c5dd0664,cross_asset_rank_chandelier_breakout,DOGEUSDT,1h,long_short,12,0.005,0.0,18,2,top2_breadth_adx_trail2.0,False,,,,,5.0,0.1,0.5,0.4720251711548289,0.21507544090833752,0.0,0.21962518671662545,0.07748495775918574,0.0,1.192192538851082,3.6692638418605283,0.0,549,91,0,5719,922,0,2.1946958200401885,0.25694973024649137,17.195816799811617,47.26932767216209,,False,False,False,False,no_promotion_shadow_or_reject,False,False,False,"{""live_notional_fraction"": 0.5, ""parity"": true, ""recorded"": true, ""replay_notional_fraction"": 0.5, ""sizing_mode"": ""notional_fraction_equals_leverage_times_allocation_fraction""}",0,0,locked_oos_trade_event_count_0_below_20;locked_oos_return_not_positive;locked_oos_return_per_turnover_proxy_bps_missing_not_above_10.000;shadow_universe_not_promotion_eligible,crypto_high_beta_alt,shadow_probe_only,"{""breadth_threshold"": 0.6, ""market_momentum_floor"": -0.02, ""panel_symbols"": [""BTCUSDT"", ""ETHUSDT"", ""SOLUSDT"", ""BNBUSDT"", ""TRXUSDT""], ""rank_top_n"": 2}",2.1504639882981564,0.14477607709529905,0.06140883376198225,0.06140883376198225
111,a30fb_asset_diverse_rank_chandelier_1h_dogeusdt_lb12_top1_mom0p005_breadth0p6_adx12p0_trail2p0_hold18_4p0x_0p125_42ffd244,cross_asset_rank_chandelier_breakout,DOGEUSDT,1h,long_short,12,0.005,0.0,18,2,top1_breadth_adx_trail2.0,False,,,,,4.0,0.125,0.5,0.47121314551954496,0.21507544090833752,0.0,0.22130140130240017,0.07748495775918574,0.0,1.189780217684348,3.6692638418605283,0.0,553,91,0,5755,922,0,2.1909202814112567,0.25613770461120744,17.042066745733994,47.26932767216209,,False,False,False,False,no_promotion_shadow_or_reject,False,False,False,"{""live_notional_fraction"": 0.5, ""parity"": true, ""recorded"": true, ""replay_notional_fraction"": 0.5, ""sizing_mode"": ""notional_fraction_equals_leverage_times_allocation_fraction""}",0,0,locked_oos_trade_event_count_0_below_20;locked_oos_return_not_positive;locked_oos_return_per_turnover_proxy_bps_missing_not_above_10.000;shadow_universe_not_promotion_eligible,crypto_high_beta_alt,shadow_probe_only,"{""breadth_threshold"": 0.6, ""market_momentum_floor"": -0.02, ""panel_symbols"": [""BTCUSDT"", ""ETHUSDT"", ""SOLUSDT"", ""BNBUSDT"", ""TRXUSDT""], ""rank_top_n"": 1}",2.1498726419363194,0.14477607709529905,0.06140883376198225,0.06140883376198225
112,a30fb_asset_diverse_rank_chandelier_1h_dogeusdt_lb12_top1_mom0p005_breadth0p6_adx12p0_trail2p0_hold18_5p0x_0p1_41ce31c0,cross_asset_rank_chandelier_breakout,DOGEUSDT,1h,long_short,12,0.005,0.0,18,2,top1_breadth_adx_trail2.0,False,,,,,5.0,0.1,0.5,0.47121314551954496,0.21507544090833752,0.0,0.22130140130240017,0.07748495775918574,0.0,1.189780217684348,3.6692638418605283,0.0,553,91,0,5755,922,0,2.1909202814112567,0.25613770461120744,17.042066745733994,47.26932767216209,,False,False,False,False,no_promotion_shadow_or_reject,False,False,False,"{""live_notional_fraction"": 0.5, ""parity"": true, ""recorded"": true, ""replay_notional_fraction"": 0.5, ""sizing_mode"": ""notional_fraction_equals_leverage_times_allocation_fraction""}",0,0,locked_oos_trade_event_count_0_below_20;locked_oos_return_not_positive;locked_oos_return_per_turnover_proxy_bps_missing_not_above_10.000;shadow_universe_not_promotion_eligible,crypto_high_beta_alt,shadow_probe_only,"{""breadth_threshold"": 0.6, ""market_momentum_floor"": -0.02, ""panel_symbols"": [""BTCUSDT"", ""ETHUSDT"", ""SOLUSDT"", ""BNBUSDT"", ""TRXUSDT""], ""rank_top_n"": 1}",2.1498726419363194,0.14477607709529905,0.06140883376198225,0.06140883376198225
113,a30fb_asset_diverse_rank_chandelier_1h_dogeusdt_lb12_top2_mom0p005_breadth0p6_adx12p0_trail2p0_hold18_4p0x_0p125_dc54fc65,cross_asset_rank_chandelier_breakout,DOGEUSDT,1h,long_short,12,0.005,0.0,18,2,top2_breadth_adx_trail2.0,False,,,,,4.0,0.125,0.5,0.47121314551954496,0.21507544090833752,0.0,0.22130140130240017,0.07748495775918574,0.0,1.189780217684348,3.6692638418605283,0.0,553,91,0,5755,922,0,2.1909202814112567,0.25613770461120744,17.042066745733994,47.26932767216209,,False,False,False,False,no_promotion_shadow_or_reject,False,False,False,"{""live_notional_fraction"": 0.5, ""parity"": true, ""recorded"": true, ""replay_notional_fraction"": 0.5, ""sizing_mode"": ""notional_fraction_equals_leverage_times_allocation_fraction""}",0,0,locked_oos_trade_event_count_0_below_20;locked_oos_return_not_positive;locked_oos_return_per_turnover_proxy_bps_missing_not_above_10.000;shadow_universe_not_promotion_eligible,crypto_high_beta_alt,shadow_probe_only,"{""breadth_threshold"": 0.6, ""market_momentum_floor"": -0.02, ""panel_symbols"": [""BTCUSDT"", ""ETHUSDT"", ""SOLUSDT"", ""BNBUSDT"", ""TRXUSDT""], ""rank_top_n"": 2}",2.1498726419363194,0.14477607709529905,0.06140883376198225,0.06140883376198225
114,a30fb_asset_diverse_rank_chandelier_1h_dogeusdt_lb12_top2_mom0p005_breadth0p6_adx12p0_trail2p0_hold18_5p0x_0p1_7cc60b93,cross_asset_rank_chandelier_breakout,DOGEUSDT,1h,long_short,12,0.005,0.0,18,2,top2_breadth_adx_trail2.0,False,,,,,5.0,0.1,0.5,0.47121314551954496,0.21507544090833752,0.0,0.22130140130240017,0.07748495775918574,0.0,1.189780217684348,3.6692638418605283,0.0,553,91,0,5755,922,0,2.1909202814112567,0.25613770461120744,17.042066745733994,47.26932767216209,,False,False,False,False,no_promotion_shadow_or_reject,False,False,False,"{""live_notional_fraction"": 0.5, ""parity"": true, ""recorded"": true, ""replay_notional_fraction"": 0.5, ""sizing_mode"": ""notional_fraction_equals_leverage_times_allocation_fraction""}",0,0,locked_oos_trade_event_count_0_below_20;locked_oos_return_not_positive;locked_oos_return_per_turnover_proxy_bps_missing_not_above_10.000;shadow_universe_not_promotion_eligible,crypto_high_beta_alt,shadow_probe_only,"{""breadth_threshold"": 0.6, ""market_momentum_floor"": -0.02, ""panel_symbols"": [""BTCUSDT"", ""ETHUSDT"", ""SOLUSDT"", ""BNBUSDT"", ""TRXUSDT""], ""rank_top_n"": 2}",2.1498726419363194,0.14477607709529905,0.06140883376198225,0.06140883376198225
115,a30fb_asset_diverse_rank_chandelier_1h_dogeusdt_lb12_top1_mom0p005_breadth0p6_adx18p0_trail3p0_hold18_4p0x_0p125_cc7422d5,cross_asset_rank_chandelier_breakout,DOGEUSDT,1h,long_short,12,0.005,0.0,18,2,top1_breadth_adx_trail3.0,False,,,,,4.0,0.125,0.5,0.4226156762141502,0.21507544090833752,0.0,0.2228827167264823,0.07748495775918574,0.0,1.1045792011238726,3.6692638418605283,0.0,547,91,0,5705,922,0,1.9649648255016887,0.20754023530581267,15.45212710106582,47.26932767216209,,False,False,False,False,no_promotion_shadow_or_reject,False,False,False,"{""live_notional_fraction"": 0.5, ""parity"": true, ""recorded"": true, ""replay_notional_fraction"": 0.5, ""sizing_mode"": ""notional_fraction_equals_leverage_times_allocation_fraction""}",0,0,locked_oos_trade_event_count_0_below_20;locked_oos_return_not_positive;locked_oos_return_per_turnover_proxy_bps_missing_not_above_10.000;shadow_universe_not_promotion_eligible,crypto_high_beta_alt,shadow_probe_only,"{""breadth_threshold"": 0.6, ""market_momentum_floor"": -0.02, ""panel_symbols"": [""BTCUSDT"", ""ETHUSDT"", ""SOLUSDT"", ""BNBUSDT"", ""TRXUSDT""], ""rank_top_n"": 1}",2.1437574894568265,0.14477607709529905,0.06140883376198225,0.06140883376198225
116,a30fb_asset_diverse_rank_chandelier_1h_dogeusdt_lb12_top1_mom0p005_breadth0p6_adx18p0_trail3p0_hold18_5p0x_0p1_e69b63f3,cross_asset_rank_chandelier_breakout,DOGEUSDT,1h,long_short,12,0.005,0.0,18,2,top1_breadth_adx_trail3.0,False,,,,,5.0,0.1,0.5,0.4226156762141502,0.21507544090833752,0.0,0.2228827167264823,0.07748495775918574,0.0,1.1045792011238726,3.6692638418605283,0.0,547,91,0,5705,922,0,1.9649648255016887,0.20754023530581267,15.45212710106582,47.26932767216209,,False,False,False,False,no_promotion_shadow_or_reject,False,False,False,"{""live_notional_fraction"": 0.5, ""parity"": true, ""recorded"": true, ""replay_notional_fraction"": 0.5, ""sizing_mode"": ""notional_fraction_equals_leverage_times_allocation_fraction""}",0,0,locked_oos_trade_event_count_0_below_20;locked_oos_return_not_positive;locked_oos_return_per_turnover_proxy_bps_missing_not_above_10.000;shadow_universe_not_promotion_eligible,crypto_high_beta_alt,shadow_probe_only,"{""breadth_threshold"": 0.6, ""market_momentum_floor"": -0.02, ""panel_symbols"": [""BTCUSDT"", ""ETHUSDT"", ""SOLUSDT"", ""BNBUSDT"", ""TRXUSDT""], ""rank_top_n"": 1}",2.1437574894568265,0.14477607709529905,0.06140883376198225,0.06140883376198225
117,a30fb_asset_diverse_rank_chandelier_1h_dogeusdt_lb12_top2_mom0p005_breadth0p6_adx18p0_trail3p0_hold18_4p0x_0p125_0b2294d3,cross_asset_rank_chandelier_breakout,DOGEUSDT,1h,long_short,12,0.005,0.0,18,2,top2_breadth_adx_trail3.0,False,,,,,4.0,0.125,0.5,0.4226156762141502,0.21507544090833752,0.0,0.2228827167264823,0.07748495775918574,0.0,1.1045792011238726,3.6692638418605283,0.0,547,91,0,5705,922,0,1.9649648255016887,0.20754023530581267,15.45212710106582,47.26932767216209,,False,False,False,False,no_promotion_shadow_or_reject,False,False,False,"{""live_notional_fraction"": 0.5, ""parity"": true, ""recorded"": true, ""replay_notional_fraction"": 0.5, ""sizing_mode"": ""notional_fraction_equals_leverage_times_allocation_fraction""}",0,0,locked_oos_trade_event_count_0_below_20;locked_oos_return_not_positive;locked_oos_return_per_turnover_proxy_bps_missing_not_above_10.000;shadow_universe_not_promotion_eligible,crypto_high_beta_alt,shadow_probe_only,"{""breadth_threshold"": 0.6, ""market_momentum_floor"": -0.02, ""panel_symbols"": [""BTCUSDT"", ""ETHUSDT"", ""SOLUSDT"", ""BNBUSDT"", ""TRXUSDT""], ""rank_top_n"": 2}",2.1437574894568265,0.14477607709529905,0.06140883376198225,0.06140883376198225
118,a30fb_asset_diverse_rank_chandelier_1h_dogeusdt_lb12_top2_mom0p005_breadth0p6_adx18p0_trail3p0_hold18_5p0x_0p1_a8ec4fbb,cross_asset_rank_chandelier_breakout,DOGEUSDT,1h,long_short,12,0.005,0.0,18,2,top2_breadth_adx_trail3.0,False,,,,,5.0,0.1,0.5,0.4226156762141502,0.21507544090833752,0.0,0.2228827167264823,0.07748495775918574,0.0,1.1045792011238726,3.6692638418605283,0.0,547,91,0,5705,922,0,1.9649648255016887,0.20754023530581267,15.45212710106582,47.26932767216209,,False,False,False,False,no_promotion_shadow_or_reject,False,False,False,"{""live_notional_fraction"": 0.5, ""parity"": true, ""recorded"": true, ""replay_notional_fraction"": 0.5, ""sizing_mode"": ""notional_fraction_equals_leverage_times_allocation_fraction""}",0,0,locked_oos_trade_event_count_0_below_20;locked_oos_return_not_positive;locked_oos_return_per_turnover_proxy_bps_missing_not_above_10.000;shadow_universe_not_promotion_eligible,crypto_high_beta_alt,shadow_probe_only,"{""breadth_threshold"": 0.6, ""market_momentum_floor"": -0.02, ""panel_symbols"": [""BTCUSDT"", ""ETHUSDT"", ""SOLUSDT"", ""BNBUSDT"", ""TRXUSDT""], ""rank_top_n"": 2}",2.1437574894568265,0.14477607709529905,0.06140883376198225,0.06140883376198225
119,a30fb_asset_diverse_rank_chandelier_1h_dogeusdt_lb12_top1_mom0p005_breadth0p6_adx12p0_trail3p0_hold18_4p0x_0p125_9da467f8,cross_asset_rank_chandelier_breakout,DOGEUSDT,1h,long_short,12,0.005,0.0,18,2,top1_breadth_adx_trail3.0,False,,,,,4.0,0.125,0.5,0.42183090675443813,0.21507544090833752,0.0,0.22455193426516795,0.07748495775918574,0.0,1.1022713915255224,3.6692638418605283,0.0,551,91,0,5741,922,0,1.961316015314911,0.2067554658461006,15.311466669852562,47.26932767216209,,False,False,False,False,no_promotion_shadow_or_reject,False,False,False,"{""live_notional_fraction"": 0.5, ""parity"": true, ""recorded"": true, ""replay_notional_fraction"": 0.5, ""sizing_mode"": ""notional_fraction_equals_leverage_times_allocation_fraction""}",0,0,locked_oos_trade_event_count_0_below_20;locked_oos_return_not_positive;locked_oos_return_per_turnover_proxy_bps_missing_not_above_10.000;shadow_universe_not_promotion_eligible,crypto_high_beta_alt,shadow_probe_only,"{""breadth_threshold"": 0.6, ""market_momentum_floor"": -0.02, ""panel_symbols"": [""BTCUSDT"", ""ETHUSDT"", ""SOLUSDT"", ""BNBUSDT"", ""TRXUSDT""], ""rank_top_n"": 1}",2.143216487798314,0.14477607709529905,0.06140883376198225,0.06140883376198225
120,a30fb_asset_diverse_rank_chandelier_1h_dogeusdt_lb12_top1_mom0p005_breadth0p6_adx12p0_trail3p0_hold18_5p0x_0p1_f7fa48e2,cross_asset_rank_chandelier_breakout,DOGEUSDT,1h,long_short,12,0.005,0.0,18,2,top1_breadth_adx_trail3.0,False,,,,,5.0,0.1,0.5,0.42183090675443813,0.21507544090833752,0.0,0.22455193426516795,0.07748495775918574,0.0,1.1022713915255224,3.6692638418605283,0.0,551,91,0,5741,922,0,1.961316015314911,0.2067554658461006,15.311466669852562,47.26932767216209,,False,False,False,False,no_promotion_shadow_or_reject,False,False,False,"{""live_notional_fraction"": 0.5, ""parity"": true, ""recorded"": true, ""replay_notional_fraction"": 0.5, ""sizing_mode"": ""notional_fraction_equals_leverage_times_allocation_fraction""}",0,0,locked_oos_trade_event_count_0_below_20;locked_oos_return_not_positive;locked_oos_return_per_turnover_proxy_bps_missing_not_above_10.000;shadow_universe_not_promotion_eligible,crypto_high_beta_alt,shadow_probe_only,"{""breadth_threshold"": 0.6, ""market_momentum_floor"": -0.02, ""panel_symbols"": [""BTCUSDT"", ""ETHUSDT"", ""SOLUSDT"", ""BNBUSDT"", ""TRXUSDT""], ""rank_top_n"": 1}",2.143216487798314,0.14477607709529905,0.06140883376198225,0.06140883376198225
321,a30fb_asset_diverse_residual_reclaim_12h_bnbusdt_btcusdt_lb72_z2p0_hold12_4p0x_0p125_57e2756c,relative_residual_reclaim,BNBUSDT,12h,long_short,72,2.0,0.05,12,2,base_btcusdt_market_momentum_guard,False,,,,,4.0,0.125,0.5,0.11878803960246986,0.10471536886924415,-0.0021632010156173997,0.02918458131890944,0.010174297887671768,0.021258495306732295,1.6630985136178855,3.732735089783135,-0.18647345048369166,6,2,2,109,12,29,1.1343897355773818,0.014072670733225712,395.9601320082329,1047.1536886924416,-21.632010156173997,False,False,False,False,no_promotion_shadow_or_reject,False,False,False,"{""live_notional_fraction"": 0.5, ""parity"": true, ""recorded"": true, ""replay_notional_fraction"": 0.5, ""sizing_mode"": ""notional_fraction_equals_leverage_times_allocation_fraction""}",0,0,train_trade_event_count_6_below_80;validation_trade_event_count_2_below_30;locked_oos_trade_event_count_2_below_20;locked_oos_return_not_positive;locked_oos_return_per_turnover_proxy_bps_-21.632_not_above_10.000,crypto_exchange_beta,promotion_eligible,"{""base_symbol"": ""BTCUSDT"", ""market_momentum_floor"": -0.02, ""panel_symbols"": [""BTCUSDT"", ""ETHUSDT"", ""SOLUSDT"", ""BNBUSDT"", ""TRXUSDT""]}",1.577305807695594,0.10471536886924415,0.0,0.0
2417,a30fb_asset_diverse_rank_chandelier_6h_xauusdt_lb12_top1_mom0p005_breadth0p4_adx12p0_trail2p0_hold8_4p0x_0p125_0d025903,cross_asset_rank_chandelier_breakout,XAUUSDT,6h,long_short,12,0.005,0.0,8,2,top1_breadth_adx_trail2.0,False,,,,,4.0,0.125,0.5,0.016350609772562308,0.10083902363071706,0.0,0.005919372108114107,0.020139341143433853,0.0,4.0962009814202665,4.117385813022147,0.0,4,18,0,16,104,0,0.1621456573443227,-0.08448841385815475,81.75304886281154,112.04335958968562,,False,False,False,False,no_promotion_shadow_or_reject,False,False,False,"{""live_notional_fraction"": 0.5, ""parity"": true, ""recorded"": true, ""replay_notional_fraction"": 0.5, ""sizing_mode"": ""notional_fraction_equals_leverage_times_allocation_fraction""}",0,0,train_trade_event_count_4_below_80;validation_trade_event_count_18_below_30;locked_oos_trade_event_count_0_below_20;train_return_below_validation_return;train_validation_return_ratio_0.1621_below_1.00;locked_oos_return_not_positive;locked_oos_return_per_turnover_proxy_bps_missing_not_above_10.000;shadow_universe_not_promotion_eligible,precious_metal_proxy,shadow_probe_only,"{""breadth_threshold"": 0.4, ""market_momentum_floor"": -0.02, ""panel_symbols"": [""BTCUSDT"", ""ETHUSDT"", ""SOLUSDT"", ""BNBUSDT"", ""TRXUSDT""], ""rank_top_n"": 1}",0.7285117928568113,0.053411425776240584,0.04502286257197863,0.04502286257197863
3471,a30fb_asset_diverse_residual_reclaim_1h_ethusdt_btcusdt_lb48_z1p5_hold6_4p0x_0p125_1affa512,relative_residual_reclaim,ETHUSDT,1h,long_short,48,1.5,0.05,6,2,base_btcusdt_market_momentum_guard,False,,,,,4.0,0.125,0.5,0.0718711320949239,0.057540297764410386,0.02988112682054611,0.0846835830658591,0.03178139432435967,0.040011835864938394,0.6254193536073753,1.9670995706889527,2.267864052409804,201,50,34,1212,339,193,1.2490573543638728,0.01433083433051352,7.151356427355612,23.016119105764155,17.577133423850654,True,False,False,False,train_dominant_shadow_until_execution_efficiency,False,False,False,"{""live_notional_fraction"": 0.5, ""parity"": true, ""recorded"": true, ""replay_notional_fraction"": 0.5, ""sizing_mode"": ""notional_fraction_equals_leverage_times_allocation_fraction""}",0,0,train_return_per_turnover_proxy_bps_7.151_not_above_10.000,crypto_major,promotion_eligible,"{""base_symbol"": ""BTCUSDT"", ""market_momentum_floor"": -0.02, ""panel_symbols"": [""BTCUSDT"", ""ETHUSDT"", ""SOLUSDT"", ""BNBUSDT"", ""TRXUSDT""]}",0.6270958890522781,0.029241267124573422,0.027495040806997384,0.027495040806997384
3472,a30fb_asset_diverse_residual_reclaim_1h_ethusdt_btcusdt_lb48_z1p5_hold6_5p0x_0p1_ff089856,relative_residual_reclaim,ETHUSDT,1h,long_short,48,1.5,0.05,6,2,base_btcusdt_market_momentum_guard,False,,,,,5.0,0.1,0.5,0.0718711320949239,0.057540297764410386,0.02988112682054611,0.0846835830658591,0.03178139432435967,0.040011835864938394,0.6254193536073753,1.9670995706889527,2.267864052409804,201,50,34,1212,339,193,1.2490573543638728,0.01433083433051352,7.151356427355612,23.016119105764155,17.577133423850654,True,False,False,False,train_dominant_shadow_until_execution_efficiency,False,False,False,"{""live_notional_fraction"": 0.5, ""parity"": true, ""recorded"": true, ""replay_notional_fraction"": 0.5, ""sizing_mode"": ""notional_fraction_equals_leverage_times_allocation_fraction""}",0,0,train_return_per_turnover_proxy_bps_7.151_not_above_10.000,crypto_major,promotion_eligible,"{""base_symbol"": ""BTCUSDT"", ""market_momentum_floor"": -0.02, ""panel_symbols"": [""BTCUSDT"", ""ETHUSDT"", ""SOLUSDT"", ""BNBUSDT"", ""TRXUSDT""]}",0.6270958890522781,0.029241267124573422,0.027495040806997384,0.027495040806997384
5107,a30fb_asset_diverse_residual_reclaim_1h_ethusdt_btcusdt_lb48_z1p5_hold6_2p0x_0p15_4081c26b,relative_residual_reclaim,ETHUSDT,1h,long_short,48,1.5,0.05,6,2,base_btcusdt_market_momentum_guard,False,,,,,2.0,0.15,0.3,0.04441973632674534,0.034570454298300524,0.017991428132347886,0.051506246291366575,0.01911629070739329,0.024137345071185812,0.6254193536073755,1.9670995706889522,2.2678640524098026,201,50,34,1212,339,193,1.2849046166260247,0.009849282028444817,7.366457102279493,23.04696953220035,17.638655031713615,True,False,False,False,train_dominant_shadow_until_execution_efficiency,False,False,False,"{""live_notional_fraction"": 0.3, ""parity"": true, ""recorded"": true, ""replay_notional_fraction"": 0.3, ""sizing_mode"": ""notional_fraction_equals_leverage_times_allocation_fraction""}",0,0,train_return_per_turnover_proxy_bps_7.366_not_above_10.000,crypto_major,promotion_eligible,"{""base_symbol"": ""BTCUSDT"", ""market_momentum_floor"": -0.02, ""panel_symbols"": [""BTCUSDT"", ""ETHUSDT"", ""SOLUSDT"", ""BNBUSDT"", ""TRXUSDT""]}",0.43631161069607816,0.01762261783984309,0.01665434333057081,0.01665434333057081
5108,a30fb_asset_diverse_residual_reclaim_1h_ethusdt_btcusdt_lb48_z1p5_hold6_3p0x_0p1_d4c5baab,relative_residual_reclaim,ETHUSDT,1h,long_short,48,1.5,0.05,6,2,base_btcusdt_market_momentum_guard,False,,,,,3.0,0.1,0.30000000000000004,0.044419736326744896,0.034570454298300524,0.017991428132347886,0.051506246291366575,0.01911629070739329,0.024137345071185812,0.6254193536073751,1.9670995706889527,2.2678640524098013,201,50,34,1212,339,193,1.2849046166260119,0.009849282028444373,7.366457102279417,23.046969532200347,17.63865503171361,True,False,False,False,train_dominant_shadow_until_execution_efficiency,False,False,False,"{""live_notional_fraction"": 0.30000000000000004, ""parity"": true, ""recorded"": true, ""replay_notional_fraction"": 0.30000000000000004, ""sizing_mode"": ""notional_fraction_equals_leverage_times_allocation_fraction""}",0,0,train_return_per_turnover_proxy_bps_7.366_not_above_10.000,crypto_major,promotion_eligible,"{""base_symbol"": ""BTCUSDT"", ""market_momentum_floor"": -0.02, ""panel_symbols"": [""BTCUSDT"", ""ETHUSDT"", ""SOLUSDT"", ""BNBUSDT"", ""TRXUSDT""]}",0.43631161069607793,0.01762261783984309,0.01665434333057081,0.01665434333057081
10029,a30fb_asset_diverse_residual_reclaim_2h_ethusdt_btcusdt_lb48_z1p0_hold12_4p0x_0p125_1b9d68b8,relative_residual_reclaim,ETHUSDT,2h,long_short,48,1.0,0.05,12,2,base_btcusdt_market_momentum_guard,False,,,,,4.0,0.125,0.5,0.077169917784766,0.03323847222154419,0.03332059981648894,0.11991138844331761,0.0654159575046307,0.023767125420882884,0.4902968105571943,0.9315760587739677,2.361444089887839,170,31,26,1200,201,190,2.321704718267609,0.043931445563221816,9.078813857031294,21.444175626802704,25.631230628068412,True,False,False,False,train_dominant_shadow_until_execution_efficiency,False,False,False,"{""live_notional_fraction"": 0.5, ""parity"": true, ""recorded"": true, ""replay_notional_fraction"": 0.5, ""sizing_mode"": ""notional_fraction_equals_leverage_times_allocation_fraction""}",0,0,train_return_per_turnover_proxy_bps_9.079_not_above_10.000,crypto_major,promotion_eligible,"{""base_symbol"": ""BTCUSDT"", ""market_momentum_floor"": -0.02, ""panel_symbols"": [""BTCUSDT"", ""ETHUSDT"", ""SOLUSDT"", ""BNBUSDT"", ""TRXUSDT""]}",0.23416543254529265,0.06137237023004083,-0.02650709477428581,-0.02650709477428581
10030,a30fb_asset_diverse_residual_reclaim_2h_ethusdt_btcusdt_lb48_z1p0_hold12_5p0x_0p1_62971725,relative_residual_reclaim,ETHUSDT,2h,long_short,48,1.0,0.05,12,2,base_btcusdt_market_momentum_guard,False,,,,,5.0,0.1,0.5,0.077169917784766,0.03323847222154419,0.03332059981648894,0.11991138844331761,0.0654159575046307,0.023767125420882884,0.4902968105571943,0.9315760587739677,2.361444089887839,170,31,26,1200,201,190,2.321704718267609,0.043931445563221816,9.078813857031294,21.444175626802704,25.631230628068412,True,False,False,False,train_dominant_shadow_until_execution_efficiency,False,False,False,"{""live_notional_fraction"": 0.5, ""parity"": true, ""recorded"": true, ""replay_notional_fraction"": 0.5, ""sizing_mode"": ""notional_fraction_equals_leverage_times_allocation_fraction""}",0,0,train_return_per_turnover_proxy_bps_9.079_not_above_10.000,crypto_major,promotion_eligible,"{""base_symbol"": ""BTCUSDT"", ""market_momentum_floor"": -0.02, ""panel_symbols"": [""BTCUSDT"", ""ETHUSDT"", ""SOLUSDT"", ""BNBUSDT"", ""TRXUSDT""]}",0.23416543254529265,0.06137237023004083,-0.02650709477428581,-0.02650709477428581
10405,a30fb_asset_diverse_residual_reclaim_2h_ethusdt_btcusdt_lb48_z1p0_hold12_2p0x_0p15_28aa27cc,relative_residual_reclaim,ETHUSDT,2h,long_short,48,1.0,0.05,12,2,base_btcusdt_market_momentum_guard,False,,,,,2.0,0.15,0.3,0.04999876432796557,0.0205450749927365,0.02005458817982042,0.07357699062773815,0.039462654325704394,0.014312250264187587,0.49029681055719476,0.9315760587739678,2.3614440898878386,170,31,26,1200,201,190,2.4336131333490933,0.029453689335229072,9.80367927999325,22.091478486813443,25.71101048694926,True,False,False,False,train_dominant_shadow_until_execution_efficiency,False,False,False,"{""live_notional_fraction"": 0.3, ""parity"": true, ""recorded"": true, ""replay_notional_fraction"": 0.3, ""sizing_mode"": ""notional_fraction_equals_leverage_times_allocation_fraction""}",0,0,train_return_per_turnover_proxy_bps_9.804_not_above_10.000,crypto_major,promotion_eligible,"{""base_symbol"": ""BTCUSDT"", ""market_momentum_floor"": -0.02, ""panel_symbols"": [""BTCUSDT"", ""ETHUSDT"", ""SOLUSDT"", ""BNBUSDT"", ""TRXUSDT""]}",0.21182797873047754,0.03677837802760631,-0.015657447511349343,-0.015657447511349343
10406,a30fb_asset_diverse_residual_reclaim_2h_ethusdt_btcusdt_lb48_z1p0_hold12_3p0x_0p1_b26b26b4,relative_residual_reclaim,ETHUSDT,2h,long_short,48,1.0,0.05,12,2,base_btcusdt_market_momentum_guard,False,,,,,3.0,0.1,0.30000000000000004,0.04999876432796602,0.02054507499273628,0.020054588179820643,0.07357699062773815,0.03946265432570484,0.014312250264187587,0.4902968105571948,0.9315760587739675,2.3614440898878386,170,31,26,1200,201,190,2.433613133349141,0.029453689335229738,9.803679279993336,22.0914784868132,25.71101048694954,True,False,False,False,train_dominant_shadow_until_execution_efficiency,False,False,False,"{""live_notional_fraction"": 0.30000000000000004, ""parity"": true, ""recorded"": true, ""replay_notional_fraction"": 0.30000000000000004, ""sizing_mode"": ""notional_fraction_equals_leverage_times_allocation_fraction""}",0,0,train_return_per_turnover_proxy_bps_9.804_not_above_10.000,crypto_major,promotion_eligible,"{""base_symbol"": ""BTCUSDT"", ""market_momentum_floor"": -0.02, ""panel_symbols"": [""BTCUSDT"", ""ETHUSDT"", ""SOLUSDT"", ""BNBUSDT"", ""TRXUSDT""]}",0.21182797873047354,0.036778378027606085,-0.015657447511349343,-0.015657447511349343
10559,a30fb_asset_diverse_residual_reclaim_2h_trxusdt_btcusdt_lb24_z2p0_hold6_4p0x_0p125_0f0fe97a,relative_residual_reclaim,TRXUSDT,2h,long_short,24,2.0,0.05,6,2,base_btcusdt_market_momentum_guard,False,,,,,4.0,0.125,0.5,0.11690276238913189,0.02696483067150468,0.002165588830415288,0.06218070961088329,0.03584631240146685,0.011889794325772751,1.2661825156762725,1.7437431041056783,0.3980665288280818,146,48,30,1060,304,160,4.335379065171357,0.0899379317176272,16.01407703960711,11.235346113126951,1.4437258869435254,True,False,False,False,train_dominant_shadow_until_execution_efficiency,False,False,False,"{""live_notional_fraction"": 0.5, ""parity"": true, ""recorded"": true, ""replay_notional_fraction"": 0.5, ""sizing_mode"": ""notional_fraction_equals_leverage_times_allocation_fraction""}",0,0,locked_oos_return_per_turnover_proxy_bps_1.444_not_above_10.000,crypto_payment_alt,promotion_eligible,"{""base_symbol"": ""BTCUSDT"", ""market_momentum_floor"": -0.02, ""panel_symbols"": [""BTCUSDT"", ""ETHUSDT"", ""SOLUSDT"", ""BNBUSDT"", ""TRXUSDT""]}",0.20698768416872348,0.056727685333824995,-0.028165112994951613,-0.028165112994951613
10560,a30fb_asset_diverse_residual_reclaim_2h_trxusdt_btcusdt_lb24_z2p0_hold6_5p0x_0p1_2ac5b95c,relative_residual_reclaim,TRXUSDT,2h,long_short,24,2.0,0.05,6,2,base_btcusdt_market_momentum_guard,False,,,,,5.0,0.1,0.5,0.11690276238913189,0.02696483067150468,0.002165588830415288,0.06218070961088329,0.03584631240146685,0.011889794325772751,1.2661825156762725,1.7437431041056783,0.3980665288280818,146,48,30,1060,304,160,4.335379065171357,0.0899379317176272,16.01407703960711,11.235346113126951,1.4437258869435254,True,False,False,False,train_dominant_shadow_until_execution_efficiency,False,False,False,"{""live_notional_fraction"": 0.5, ""parity"": true, ""recorded"": true, ""replay_notional_fraction"": 0.5, ""sizing_mode"": ""notional_fraction_equals_leverage_times_allocation_fraction""}",0,0,locked_oos_return_per_turnover_proxy_bps_1.444_not_above_10.000,crypto_payment_alt,promotion_eligible,"{""base_symbol"": ""BTCUSDT"", ""market_momentum_floor"": -0.02, ""panel_symbols"": [""BTCUSDT"", ""ETHUSDT"", ""SOLUSDT"", ""BNBUSDT"", ""TRXUSDT""]}",0.20698768416872348,0.056727685333824995,-0.028165112994951613,-0.028165112994951613
13699,a30fb_asset_diverse_residual_reclaim_1h_trxusdt_btcusdt_lb72_z2p0_hold12_4p0x_0p125_31f9bfd4,relative_residual_reclaim,TRXUSDT,1h,long_short,72,2.0,0.05,12,2,base_btcusdt_market_momentum_guard,False,,,,,4.0,0.125,0.5,0.030461567703660375,0.020674661652963833,0.01391331650033889,0.08127121510437818,0.04220836548758444,0.017957135413625425,0.3810885392627701,1.2415022716202422,2.442532432156129,140,42,21,2083,660,305,1.4733768423868514,0.009786906050696542,4.3516525290943395,9.845076977601824,13.250777619370373,True,False,False,False,train_dominant_shadow_until_execution_efficiency,False,False,False,"{""live_notional_fraction"": 0.5, ""parity"": true, ""recorded"": true, ""replay_notional_fraction"": 0.5, ""sizing_mode"": ""notional_fraction_equals_leverage_times_allocation_fraction""}",0,0,train_return_per_turnover_proxy_bps_4.352_not_above_10.000;validation_return_per_turnover_proxy_bps_9.845_not_above_10.000,crypto_payment_alt,promotion_eligible,"{""base_symbol"": ""BTCUSDT"", ""market_momentum_floor"": -0.02, ""panel_symbols"": [""BTCUSDT"", ""ETHUSDT"", ""SOLUSDT"", ""BNBUSDT"", ""TRXUSDT""]}",0.07874289383417188,0.05277687571082312,-0.030492894362050715,-0.030492894362050715
13700,a30fb_asset_diverse_residual_reclaim_1h_trxusdt_btcusdt_lb72_z2p0_hold12_5p0x_0p1_155b9426,relative_residual_reclaim,TRXUSDT,1h,long_short,72,2.0,0.05,12,2,base_btcusdt_market_momentum_guard,False,,,,,5.0,0.1,0.5,0.030461567703660375,0.020674661652963833,0.01391331650033889,0.08127121510437818,0.04220836548758444,0.017957135413625425,0.3810885392627701,1.2415022716202422,2.442532432156129,140,42,21,2083,660,305,1.4733768423868514,0.009786906050696542,4.3516525290943395,9.845076977601824,13.250777619370373,True,False,False,False,train_dominant_shadow_until_execution_efficiency,False,False,False,"{""live_notional_fraction"": 0.5, ""parity"": true, ""recorded"": true, ""replay_notional_fraction"": 0.5, ""sizing_mode"": ""notional_fraction_equals_leverage_times_allocation_fraction""}",0,0,train_return_per_turnover_proxy_bps_4.352_not_above_10.000;validation_return_per_turnover_proxy_bps_9.845_not_above_10.000,crypto_payment_alt,promotion_eligible,"{""base_symbol"": ""BTCUSDT"", ""market_momentum_floor"": -0.02, ""panel_symbols"": [""BTCUSDT"", ""ETHUSDT"", ""SOLUSDT"", ""BNBUSDT"", ""TRXUSDT""]}",0.07874289383417188,0.05277687571082312,-0.030492894362050715,-0.030492894362050715
82813,a30fb_asset_diverse_rank_chandelier_2h_solusdt_lb12_top2_mom0p005_breadth0p4_adx18p0_trail3p0_hold8_4p0x_0p125_f94ff80d,cross_asset_rank_chandelier_breakout,SOLUSDT,2h,long_short,12,0.005,0.0,8,2,top2_breadth_adx_trail3.0,False,,,,,4.0,0.125,0.5,-0.2917777981131334,0.3662804359602734,-0.05707102644498652,0.3921676188013119,0.04655224948696057,0.09700208075579941,-0.9505465983806984,4.742849334064164,-2.3162843922977805,385,81,48,2477,618,283,-0.7965967315403641,-0.6580582340734068,-15.15728821366927,90.43961381735144,-23.779594352077712,False,False,False,False,no_promotion_shadow_or_reject,False,False,False,"{""live_notional_fraction"": 0.5, ""parity"": true, ""recorded"": true, ""replay_notional_fraction"": 0.5, ""sizing_mode"": ""notional_fraction_equals_leverage_times_allocation_fraction""}",0,0,train_return_not_positive;train_return_below_validation_return;train_validation_return_ratio_-0.7966_below_1.00;locked_oos_return_not_positive;train_return_per_turnover_proxy_bps_-15.157_not_above_10.000;locked_oos_return_per_turnover_proxy_bps_-23.780_not_above_10.000,crypto_high_beta_alt,promotion_eligible,"{""breadth_threshold"": 0.4, ""market_momentum_floor"": -0.02, ""panel_symbols"": [""BTCUSDT"", ""ETHUSDT"", ""SOLUSDT"", ""BNBUSDT"", ""TRXUSDT""], ""rank_top_n"": 2}",-2.8910412043114766,0.19284285285547043,0.14539851807773618,0.14539851807773618
