shadow_rank,shadow_family,selection_rank,status,decision,model_id,candidate_name,model_kind,role,variant_name,leverage,allocation_fraction,target_notional_fraction_of_equity,expected_replay_notional_for_10000_equity,live_notional_for_10000_equity,notional_parity_passed,train_return,train_mdd,train_sharpe,train_sortino,train_smart_sortino,train_calmar,train_trade_event_count,validation_return,validation_mdd,validation_sharpe,validation_sortino,validation_smart_sortino,validation_calmar,validation_trade_event_count,train_validation_return_ratio,locked_oos_return,locked_oos_mdd,locked_oos_sharpe,locked_oos_sortino,locked_oos_smart_sortino,locked_oos_calmar,locked_oos_trade_event_count,locked_oos_liquidation_count,locked_oos_account_wipeout_count,selection_eligible,calendar_quarantined,historical_oos_bucket_quarantined,primary_10bps_promotion_gate_pass,ready_for_paper,ready_for_real,real_money_execution,rejection_reasons,primary_10bps_gate_reasons,trade_filter_params
1,thin_sample_shadow,1,shadow_only_thin_sample,not_promoted_shadow_or_reject,fresh_tv10_filter_abs_score_ge_2p5_alpha_zoo_conservative_exit_carry_forward_old_split_selected_6p0x_0p175alloc,alpha_zoo_conservative_exit_carry_forward_old_split_selected,individual_seed_trade_filter,fresh_train_validation_10bps_trade_filter,abs_score_ge_2.5,6.0,0.175,1.0499999999999998,10499.999999999998,10499.999999999998,True,0.427971977575732,0.10286673281806545,1.685054020707634,0.2709357039707418,0.2456649528982,4.160450768205711,63,0.08897474255677351,0.03941707543298312,2.058868730919238,0.39643785240144636,0.3814040213225329,10.499501886308693,14,4.810038953500194,-0.006058989201550791,0.014596168858557173,-1.1827728373962028,-0.08959941599106075,-0.08831042215728258,-3.1943509819336473,5,0.0,0.0,True,False,False,False,False,False,False,train_trade_event_count_63_below_80;validation_trade_event_count_14_below_30;locked_oos_trade_event_count_5_below_20;locked_oos_return_not_positive;primary_10bps_promotion_gate_failed,locked_oos_calmar_non_positive;locked_oos_return_non_positive;locked_oos_sharpe_non_positive;locked_oos_smart_sortino_non_positive;locked_oos_sortino_non_positive;train_calmar_not_above_validation;train_sharpe_not_above_validation;train_smart_sortino_not_above_validation;train_sortino_not_above_validation,"{""abs_factor_score_min"": 2.5}"
2,thin_sample_shadow,2,shadow_only_thin_sample,not_promoted_shadow_or_reject,fresh_tv10_filter_abs_score_ge_2p5_alpha_zoo_conservative_exit_6p0x_0p175alloc,alpha_zoo_conservative_exit,individual_seed_trade_filter,fresh_train_validation_10bps_trade_filter,abs_score_ge_2.5,6.0,0.175,1.0499999999999998,10499.999999999998,10499.999999999998,True,0.427971977575732,0.10286673281806545,1.685054020707634,0.2709357039707418,0.2456649528982,4.160450768205711,63,0.08897474255677351,0.03941707543298312,2.058868730919238,0.39643785240144636,0.3814040213225329,10.499501886308693,14,4.810038953500194,-0.006058989201550791,0.014596168858557173,-1.1827728373962028,-0.08959941599106075,-0.08831042215728258,-3.1943509819336473,5,0.0,0.0,True,False,False,False,False,False,False,train_trade_event_count_63_below_80;validation_trade_event_count_14_below_30;locked_oos_trade_event_count_5_below_20;locked_oos_return_not_positive;primary_10bps_promotion_gate_failed,locked_oos_calmar_non_positive;locked_oos_return_non_positive;locked_oos_sharpe_non_positive;locked_oos_smart_sortino_non_positive;locked_oos_sortino_non_positive;train_calmar_not_above_validation;train_sharpe_not_above_validation;train_smart_sortino_not_above_validation;train_sortino_not_above_validation,"{""abs_factor_score_min"": 2.5}"
3,thin_sample_shadow,3,shadow_only_thin_sample,not_promoted_shadow_or_reject,fresh_tv10_filter_abs_score_ge_3_alpha_zoo_conservative_exit_carry_forward_old_split_selected_6p0x_0p175alloc,alpha_zoo_conservative_exit_carry_forward_old_split_selected,individual_seed_trade_filter,fresh_train_validation_10bps_trade_filter,abs_score_ge_3,6.0,0.175,1.0499999999999998,10499.999999999998,10499.999999999998,True,0.4548121710643429,0.08295409288387388,1.8341183402570111,0.2506341022047147,0.23143557409463564,5.482697179282368,42,0.07572443448626331,0.017492844285999048,2.0068679537661636,0.6478931759571771,0.6367545281478815,19.73678821351685,8,6.0061481363303875,-0.0022533146249008595,0.0022533146249008595,-2.8029452799069183,-0.08394158892769572,-0.08375286736678078,-7.796077565916012,1,0.0,0.0,True,False,False,False,False,False,False,train_trade_event_count_42_below_80;validation_trade_event_count_8_below_30;locked_oos_trade_event_count_1_below_20;locked_oos_return_not_positive;primary_10bps_promotion_gate_failed,locked_oos_calmar_non_positive;locked_oos_return_non_positive;locked_oos_sharpe_non_positive;locked_oos_smart_sortino_non_positive;locked_oos_sortino_non_positive;train_calmar_not_above_validation;train_sharpe_not_above_validation;train_smart_sortino_not_above_validation;train_sortino_not_above_validation,"{""abs_factor_score_min"": 3.0}"
4,thin_sample_shadow,4,shadow_only_thin_sample,not_promoted_shadow_or_reject,fresh_tv10_filter_abs_score_ge_3_alpha_zoo_conservative_exit_6p0x_0p175alloc,alpha_zoo_conservative_exit,individual_seed_trade_filter,fresh_train_validation_10bps_trade_filter,abs_score_ge_3,6.0,0.175,1.0499999999999998,10499.999999999998,10499.999999999998,True,0.4548121710643429,0.08295409288387388,1.8341183402570111,0.2506341022047147,0.23143557409463564,5.482697179282368,42,0.07572443448626331,0.017492844285999048,2.0068679537661636,0.6478931759571771,0.6367545281478815,19.73678821351685,8,6.0061481363303875,-0.0022533146249008595,0.0022533146249008595,-2.8029452799069183,-0.08394158892769572,-0.08375286736678078,-7.796077565916012,1,0.0,0.0,True,False,False,False,False,False,False,train_trade_event_count_42_below_80;validation_trade_event_count_8_below_30;locked_oos_trade_event_count_1_below_20;locked_oos_return_not_positive;primary_10bps_promotion_gate_failed,locked_oos_calmar_non_positive;locked_oos_return_non_positive;locked_oos_sharpe_non_positive;locked_oos_smart_sortino_non_positive;locked_oos_sortino_non_positive;train_calmar_not_above_validation;train_sharpe_not_above_validation;train_smart_sortino_not_above_validation;train_sortino_not_above_validation,"{""abs_factor_score_min"": 3.0}"
5,thin_sample_shadow,7,shadow_only_thin_sample,not_promoted_shadow_or_reject,fresh_tv10_filter_abs_score_ge_2p5_alpha_zoo_conservative_exit_carry_forward_old_split_selected_5p0x_0p2alloc,alpha_zoo_conservative_exit_carry_forward_old_split_selected,individual_seed_trade_filter,fresh_train_validation_10bps_trade_filter,abs_score_ge_2.5,5.0,0.2,1.0,10000.0,10000.0,True,0.40576842790572965,0.09814465301049659,1.6869540664036848,0.27121650195605634,0.24697702730922821,4.13439158893692,63,0.08474392125079433,0.03756073402249249,2.0589828337973635,0.39646889447579947,0.3821163248330913,10.427736149343323,14,4.788171492618136,-0.0057667602440657495,0.013903125890445229,-1.1827728373962496,-0.08959941599106354,-0.08837078583062281,-3.195027655542906,5,0.0,0.0,True,False,False,False,False,False,False,train_trade_event_count_63_below_80;validation_trade_event_count_14_below_30;locked_oos_trade_event_count_5_below_20;locked_oos_return_not_positive;primary_10bps_promotion_gate_failed,locked_oos_calmar_non_positive;locked_oos_return_non_positive;locked_oos_sharpe_non_positive;locked_oos_smart_sortino_non_positive;locked_oos_sortino_non_positive;train_calmar_not_above_validation;train_sharpe_not_above_validation;train_smart_sortino_not_above_validation;train_sortino_not_above_validation,"{""abs_factor_score_min"": 2.5}"
6,thin_sample_shadow,8,shadow_only_thin_sample,not_promoted_shadow_or_reject,fresh_tv10_filter_abs_score_ge_2p5_alpha_zoo_conservative_exit_5p0x_0p2alloc,alpha_zoo_conservative_exit,individual_seed_trade_filter,fresh_train_validation_10bps_trade_filter,abs_score_ge_2.5,5.0,0.2,1.0,10000.0,10000.0,True,0.40576842790572965,0.09814465301049659,1.6869540664036848,0.27121650195605634,0.24697702730922821,4.13439158893692,63,0.08474392125079433,0.03756073402249249,2.0589828337973635,0.39646889447579947,0.3821163248330913,10.427736149343323,14,4.788171492618136,-0.0057667602440657495,0.013903125890445229,-1.1827728373962496,-0.08959941599106354,-0.08837078583062281,-3.195027655542906,5,0.0,0.0,True,False,False,False,False,False,False,train_trade_event_count_63_below_80;validation_trade_event_count_14_below_30;locked_oos_trade_event_count_5_below_20;locked_oos_return_not_positive;primary_10bps_promotion_gate_failed,locked_oos_calmar_non_positive;locked_oos_return_non_positive;locked_oos_sharpe_non_positive;locked_oos_smart_sortino_non_positive;locked_oos_sortino_non_positive;train_calmar_not_above_validation;train_sharpe_not_above_validation;train_smart_sortino_not_above_validation;train_sortino_not_above_validation,"{""abs_factor_score_min"": 2.5}"
7,thin_sample_shadow,9,shadow_only_thin_sample,not_promoted_shadow_or_reject,fresh_tv10_filter_abs_score_ge_3_alpha_zoo_conservative_exit_carry_forward_old_split_selected_5p0x_0p2alloc,alpha_zoo_conservative_exit_carry_forward_old_split_selected,individual_seed_trade_filter,fresh_train_validation_10bps_trade_filter,abs_score_ge_3,5.0,0.2,1.0,10000.0,10000.0,True,0.43015622229658024,0.07911268492008443,1.833869603930689,0.25034366456816587,0.23199028986180947,5.437259811509393,42,0.072127109959772,0.016660456212946755,2.0069991288724767,0.6480303847447785,0.6374108295297403,19.631369988205908,8,5.9638632760482775,-0.0021460139284770197,0.0021460139284770197,-2.802945279906917,-0.08394158892769572,-0.08376183486340406,-7.798942888470177,1,0.0,0.0,True,False,False,False,False,False,False,train_trade_event_count_42_below_80;validation_trade_event_count_8_below_30;locked_oos_trade_event_count_1_below_20;locked_oos_return_not_positive;primary_10bps_promotion_gate_failed,locked_oos_calmar_non_positive;locked_oos_return_non_positive;locked_oos_sharpe_non_positive;locked_oos_smart_sortino_non_positive;locked_oos_sortino_non_positive;train_calmar_not_above_validation;train_sharpe_not_above_validation;train_smart_sortino_not_above_validation;train_sortino_not_above_validation,"{""abs_factor_score_min"": 3.0}"
8,thin_sample_shadow,10,shadow_only_thin_sample,not_promoted_shadow_or_reject,fresh_tv10_filter_abs_score_ge_3_alpha_zoo_conservative_exit_5p0x_0p2alloc,alpha_zoo_conservative_exit,individual_seed_trade_filter,fresh_train_validation_10bps_trade_filter,abs_score_ge_3,5.0,0.2,1.0,10000.0,10000.0,True,0.43015622229658024,0.07911268492008443,1.833869603930689,0.25034366456816587,0.23199028986180947,5.437259811509393,42,0.072127109959772,0.016660456212946755,2.0069991288724767,0.6480303847447785,0.6374108295297403,19.631369988205908,8,5.9638632760482775,-0.0021460139284770197,0.0021460139284770197,-2.802945279906917,-0.08394158892769572,-0.08376183486340406,-7.798942888470177,1,0.0,0.0,True,False,False,False,False,False,False,train_trade_event_count_42_below_80;validation_trade_event_count_8_below_30;locked_oos_trade_event_count_1_below_20;locked_oos_return_not_positive;primary_10bps_promotion_gate_failed,locked_oos_calmar_non_positive;locked_oos_return_non_positive;locked_oos_sharpe_non_positive;locked_oos_smart_sortino_non_positive;locked_oos_sortino_non_positive;train_calmar_not_above_validation;train_sharpe_not_above_validation;train_smart_sortino_not_above_validation;train_sortino_not_above_validation,"{""abs_factor_score_min"": 3.0}"
9,thin_sample_shadow,13,shadow_only_thin_sample,not_promoted_shadow_or_reject,fresh_tv10_filter_abs_score_ge_2p5_alpha_zoo_conservative_exit_carry_forward_old_split_selected_6p0x_0p15alloc,alpha_zoo_conservative_exit_carry_forward_old_split_selected,individual_seed_trade_filter,fresh_train_validation_10bps_trade_filter,abs_score_ge_2.5,6.0,0.15,0.8999999999999999,9000.0,9000.0,True,0.36186910809664363,0.08864821922250869,1.6907367512833829,0.27175497029909695,0.24962606423329206,4.082079834997535,63,0.07627920895005458,0.033841875668327304,2.0592110233577934,0.3965309494998721,0.3835508686892128,10.285294489613984,14,4.744007090235887,-0.00518341004917422,0.012516436648236682,-1.1827728373962563,-0.08959941599106418,-0.08849181380962841,-3.1963643582259027,5,0.0,0.0,True,False,False,False,False,False,False,train_trade_event_count_63_below_80;validation_trade_event_count_14_below_30;locked_oos_trade_event_count_5_below_20;locked_oos_return_not_positive;primary_10bps_promotion_gate_failed,locked_oos_calmar_non_positive;locked_oos_return_non_positive;locked_oos_sharpe_non_positive;locked_oos_smart_sortino_non_positive;locked_oos_sortino_non_positive;train_calmar_not_above_validation;train_sharpe_not_above_validation;train_smart_sortino_not_above_validation;train_sortino_not_above_validation,"{""abs_factor_score_min"": 2.5}"
10,thin_sample_shadow,14,shadow_only_thin_sample,not_promoted_shadow_or_reject,fresh_tv10_filter_abs_score_ge_2p5_alpha_zoo_conservative_exit_6p0x_0p15alloc,alpha_zoo_conservative_exit,individual_seed_trade_filter,fresh_train_validation_10bps_trade_filter,abs_score_ge_2.5,6.0,0.15,0.8999999999999999,9000.0,9000.0,True,0.36186910809664363,0.08864821922250869,1.6907367512833829,0.27175497029909695,0.24962606423329206,4.082079834997535,63,0.07627920895005458,0.033841875668327304,2.0592110233577934,0.3965309494998721,0.3835508686892128,10.285294489613984,14,4.744007090235887,-0.00518341004917422,0.012516436648236682,-1.1827728373962563,-0.08959941599106418,-0.08849181380962841,-3.1963643582259027,5,0.0,0.0,True,False,False,False,False,False,False,train_trade_event_count_63_below_80;validation_trade_event_count_14_below_30;locked_oos_trade_event_count_5_below_20;locked_oos_return_not_positive;primary_10bps_promotion_gate_failed,locked_oos_calmar_non_positive;locked_oos_return_non_positive;locked_oos_sharpe_non_positive;locked_oos_smart_sortino_non_positive;locked_oos_sortino_non_positive;train_calmar_not_above_validation;train_sharpe_not_above_validation;train_smart_sortino_not_above_validation;train_sortino_not_above_validation,"{""abs_factor_score_min"": 2.5}"
11,thin_sample_shadow,15,shadow_only_thin_sample,not_promoted_shadow_or_reject,fresh_tv10_filter_abs_score_ge_2p5_alpha_zoo_conservative_exit_carry_forward_old_split_selected_5p0x_0p175alloc,alpha_zoo_conservative_exit_carry_forward_old_split_selected,individual_seed_trade_filter,fresh_train_validation_10bps_trade_filter,abs_score_ge_2.5,5.0,0.175,0.875,8750.0,8750.0,True,0.35100199362149187,0.08626319490542299,1.6916787598007859,0.2718847368530917,0.25029361035910247,4.068965843501652,63,0.07416244201337707,0.03291087357480582,2.059268067372988,0.3965464571851583,0.38391159133870756,10.24991169504939,14,4.732880742494696,-0.005037803436494959,0.012169638628624755,-1.182772837396227,-0.08959941599106237,-0.08852213361434101,-3.1966950577103126,5,0.0,0.0,True,False,False,False,False,False,False,train_trade_event_count_63_below_80;validation_trade_event_count_14_below_30;locked_oos_trade_event_count_5_below_20;locked_oos_return_not_positive;primary_10bps_promotion_gate_failed,locked_oos_calmar_non_positive;locked_oos_return_non_positive;locked_oos_sharpe_non_positive;locked_oos_smart_sortino_non_positive;locked_oos_sortino_non_positive;train_calmar_not_above_validation;train_sharpe_not_above_validation;train_smart_sortino_not_above_validation;train_sortino_not_above_validation,"{""abs_factor_score_min"": 2.5}"
12,thin_sample_shadow,16,shadow_only_thin_sample,not_promoted_shadow_or_reject,fresh_tv10_filter_abs_score_ge_2p5_alpha_zoo_conservative_exit_5p0x_0p175alloc,alpha_zoo_conservative_exit,individual_seed_trade_filter,fresh_train_validation_10bps_trade_filter,abs_score_ge_2.5,5.0,0.175,0.875,8750.0,8750.0,True,0.35100199362149187,0.08626319490542299,1.6916787598007859,0.2718847368530917,0.25029361035910247,4.068965843501652,63,0.07416244201337707,0.03291087357480582,2.059268067372988,0.3965464571851583,0.38391159133870756,10.24991169504939,14,4.732880742494696,-0.005037803436494959,0.012169638628624755,-1.182772837396227,-0.08959941599106237,-0.08852213361434101,-3.1966950577103126,5,0.0,0.0,True,False,False,False,False,False,False,train_trade_event_count_63_below_80;validation_trade_event_count_14_below_30;locked_oos_trade_event_count_5_below_20;locked_oos_return_not_positive;primary_10bps_promotion_gate_failed,locked_oos_calmar_non_positive;locked_oos_return_non_positive;locked_oos_sharpe_non_positive;locked_oos_smart_sortino_non_positive;locked_oos_sortino_non_positive;train_calmar_not_above_validation;train_sharpe_not_above_validation;train_smart_sortino_not_above_validation;train_sortino_not_above_validation,"{""abs_factor_score_min"": 2.5}"
13,thin_sample_shadow,17,shadow_only_thin_sample,not_promoted_shadow_or_reject,fresh_tv10_filter_abs_score_ge_3_alpha_zoo_conservative_exit_carry_forward_old_split_selected_6p0x_0p15alloc,alpha_zoo_conservative_exit_carry_forward_old_split_selected,individual_seed_trade_filter,fresh_train_validation_10bps_trade_filter,abs_score_ge_3,6.0,0.15,0.8999999999999999,9000.0,9000.0,True,0.3817863892665132,0.07139752081679626,1.8333681012640803,0.24976367524086893,0.23311951949492823,5.347333981612118,42,0.06492944700092895,0.01499548679681926,2.0072614588526783,0.6483046359386917,0.6387266193514304,19.42179718593918,8,5.880019111529641,-0.00193141253562934,0.00193141253562934,-2.8029452799069166,-0.08394158892769572,-0.08377977561883329,-7.804677137996662,1,0.0,0.0,True,False,False,False,False,False,False,train_trade_event_count_42_below_80;validation_trade_event_count_8_below_30;locked_oos_trade_event_count_1_below_20;locked_oos_return_not_positive;primary_10bps_promotion_gate_failed,locked_oos_calmar_non_positive;locked_oos_return_non_positive;locked_oos_sharpe_non_positive;locked_oos_smart_sortino_non_positive;locked_oos_sortino_non_positive;train_calmar_not_above_validation;train_sharpe_not_above_validation;train_smart_sortino_not_above_validation;train_sortino_not_above_validation,"{""abs_factor_score_min"": 3.0}"
14,thin_sample_shadow,18,shadow_only_thin_sample,not_promoted_shadow_or_reject,fresh_tv10_filter_abs_score_ge_3_alpha_zoo_conservative_exit_6p0x_0p15alloc,alpha_zoo_conservative_exit,individual_seed_trade_filter,fresh_train_validation_10bps_trade_filter,abs_score_ge_3,6.0,0.15,0.8999999999999999,9000.0,9000.0,True,0.3817863892665132,0.07139752081679626,1.8333681012640803,0.24976367524086893,0.23311951949492823,5.347333981612118,42,0.06492944700092895,0.01499548679681926,2.0072614588526783,0.6483046359386917,0.6387266193514304,19.42179718593918,8,5.880019111529641,-0.00193141253562934,0.00193141253562934,-2.8029452799069166,-0.08394158892769572,-0.08377977561883329,-7.804677137996662,1,0.0,0.0,True,False,False,False,False,False,False,train_trade_event_count_42_below_80;validation_trade_event_count_8_below_30;locked_oos_trade_event_count_1_below_20;locked_oos_return_not_positive;primary_10bps_promotion_gate_failed,locked_oos_calmar_non_positive;locked_oos_return_non_positive;locked_oos_sharpe_non_positive;locked_oos_smart_sortino_non_positive;locked_oos_sortino_non_positive;train_calmar_not_above_validation;train_sharpe_not_above_validation;train_smart_sortino_not_above_validation;train_sortino_not_above_validation,"{""abs_factor_score_min"": 3.0}"
15,thin_sample_shadow,19,shadow_only_thin_sample,not_promoted_shadow_or_reject,fresh_tv10_filter_abs_score_ge_3_alpha_zoo_conservative_exit_carry_forward_old_split_selected_5p0x_0p175alloc,alpha_zoo_conservative_exit_carry_forward_old_split_selected,individual_seed_trade_filter,fresh_train_validation_10bps_trade_filter,abs_score_ge_3,5.0,0.175,0.875,8750.0,8750.0,True,0.36988848677499386,0.06946197893107453,1.8332418838551052,0.24961886223156013,0.2334060183056286,5.325049652588007,42,0.06312942079041761,0.014579204658876799,2.0073270371314527,0.6483731639799567,0.6390562323795642,19.36966756395596,8,5.859209258437218,-0.00187776218741742,0.00187776218741742,-2.802945279906918,-0.08394158892769572,-0.0837842620085953,-7.806111451641615,1,0.0,0.0,True,False,False,False,False,False,False,train_trade_event_count_42_below_80;validation_trade_event_count_8_below_30;locked_oos_trade_event_count_1_below_20;locked_oos_return_not_positive;primary_10bps_promotion_gate_failed,locked_oos_calmar_non_positive;locked_oos_return_non_positive;locked_oos_sharpe_non_positive;locked_oos_smart_sortino_non_positive;locked_oos_sortino_non_positive;train_calmar_not_above_validation;train_sharpe_not_above_validation;train_smart_sortino_not_above_validation;train_sortino_not_above_validation,"{""abs_factor_score_min"": 3.0}"
16,thin_sample_shadow,20,shadow_only_thin_sample,not_promoted_shadow_or_reject,fresh_tv10_filter_abs_score_ge_3_alpha_zoo_conservative_exit_5p0x_0p175alloc,alpha_zoo_conservative_exit,individual_seed_trade_filter,fresh_train_validation_10bps_trade_filter,abs_score_ge_3,5.0,0.175,0.875,8750.0,8750.0,True,0.36988848677499386,0.06946197893107453,1.8332418838551052,0.24961886223156013,0.2334060183056286,5.325049652588007,42,0.06312942079041761,0.014579204658876799,2.0073270371314527,0.6483731639799567,0.6390562323795642,19.36966756395596,8,5.859209258437218,-0.00187776218741742,0.00187776218741742,-2.802945279906918,-0.08394158892769572,-0.0837842620085953,-7.806111451641615,1,0.0,0.0,True,False,False,False,False,False,False,train_trade_event_count_42_below_80;validation_trade_event_count_8_below_30;locked_oos_trade_event_count_1_below_20;locked_oos_return_not_positive;primary_10bps_promotion_gate_failed,locked_oos_calmar_non_positive;locked_oos_return_non_positive;locked_oos_sharpe_non_positive;locked_oos_smart_sortino_non_positive;locked_oos_sortino_non_positive;train_calmar_not_above_validation;train_sharpe_not_above_validation;train_smart_sortino_not_above_validation;train_sortino_not_above_validation,"{""abs_factor_score_min"": 3.0}"
17,thin_sample_shadow,21,shadow_only_thin_sample,not_promoted_shadow_or_reject,fresh_tv10_filter_abs_score_ge_2p5_alpha_zoo_conservative_exit_carry_forward_old_split_selected_7p0x_0p15alloc,alpha_zoo_conservative_exit_carry_forward_old_split_selected,individual_seed_trade_filter,fresh_train_validation_10bps_trade_filter,abs_score_ge_2.5,7.0,0.15,1.05,10500.0,10500.0,True,0.22397415114750796,0.18439730279375363,0.8817824623043757,0.08489237756513546,0.07167559176713044,1.2146281304234727,63,0.08897474255677351,0.03941707543298312,2.058868730919238,0.39643785240144636,0.3814040213225329,10.499501886308693,14,2.517277878096621,-0.006058989201550791,0.014596168858557173,-1.1827728373962028,-0.08959941599106075,-0.08831042215728258,-3.1943509819336473,5,0.0,0.0,True,False,False,False,False,False,False,train_trade_event_count_63_below_80;validation_trade_event_count_14_below_30;locked_oos_trade_event_count_5_below_20;locked_oos_return_not_positive;primary_10bps_promotion_gate_failed,liquidation_count_positive;locked_oos_calmar_non_positive;locked_oos_return_non_positive;locked_oos_sharpe_non_positive;locked_oos_smart_sortino_non_positive;locked_oos_sortino_non_positive;train_calmar_not_above_validation;train_sharpe_not_above_validation;train_smart_sortino_not_above_validation;train_sortino_not_above_validation,"{""abs_factor_score_min"": 2.5}"
18,thin_sample_shadow,22,shadow_only_thin_sample,not_promoted_shadow_or_reject,fresh_tv10_filter_abs_score_ge_2p5_alpha_zoo_conservative_exit_7p0x_0p15alloc,alpha_zoo_conservative_exit,individual_seed_trade_filter,fresh_train_validation_10bps_trade_filter,abs_score_ge_2.5,7.0,0.15,1.05,10500.0,10500.0,True,0.22397415114750796,0.18439730279375363,0.8817824623043757,0.08489237756513546,0.07167559176713044,1.2146281304234727,63,0.08897474255677351,0.03941707543298312,2.058868730919238,0.39643785240144636,0.3814040213225329,10.499501886308693,14,2.517277878096621,-0.006058989201550791,0.014596168858557173,-1.1827728373962028,-0.08959941599106075,-0.08831042215728258,-3.1943509819336473,5,0.0,0.0,True,False,False,False,False,False,False,train_trade_event_count_63_below_80;validation_trade_event_count_14_below_30;locked_oos_trade_event_count_5_below_20;locked_oos_return_not_positive;primary_10bps_promotion_gate_failed,liquidation_count_positive;locked_oos_calmar_non_positive;locked_oos_return_non_positive;locked_oos_sharpe_non_positive;locked_oos_smart_sortino_non_positive;locked_oos_sortino_non_positive;train_calmar_not_above_validation;train_sharpe_not_above_validation;train_smart_sortino_not_above_validation;train_sortino_not_above_validation,"{""abs_factor_score_min"": 2.5}"
19,thin_sample_shadow,23,shadow_only_thin_sample,not_promoted_shadow_or_reject,fresh_tv10_filter_family_volume_vwap_pressure_abs_score_ge_2p5_alpha_zoo_conservative_exit_carry_forward_old_split_selected_7p0x_0p15alloc,alpha_zoo_conservative_exit_carry_forward_old_split_selected,individual_seed_trade_filter,fresh_train_validation_10bps_trade_filter,family_volume_vwap_pressure_abs_score_ge_2.5,7.0,0.15,1.05,10500.0,10500.0,True,0.42155179401878606,0.1074232360774248,1.80263574459461,0.2500159795359317,0.22576371110065094,3.9242142520725647,50,0.04695644483921413,0.017492844285998697,1.9673210523815519,0.3758735976867627,0.36941153915487535,11.716619831963808,11,8.97750661197291,-0.00371699538981185,0.00371699538981185,-4.198307191827239,-0.21764834829934362,-0.2168423462978386,-7.757111631960479,3,0.0,0.0,True,False,False,False,False,False,False,train_trade_event_count_50_below_80;validation_trade_event_count_11_below_30;locked_oos_trade_event_count_3_below_20;locked_oos_return_not_positive;primary_10bps_promotion_gate_failed,locked_oos_calmar_non_positive;locked_oos_return_non_positive;locked_oos_sharpe_non_positive;locked_oos_smart_sortino_non_positive;locked_oos_sortino_non_positive;train_calmar_not_above_validation;train_sharpe_not_above_validation;train_smart_sortino_not_above_validation;train_sortino_not_above_validation,"{""abs_factor_score_min"": 2.5, ""dominant_factor_family"": ""volume_vwap_pressure""}"
20,thin_sample_shadow,24,shadow_only_thin_sample,not_promoted_shadow_or_reject,fresh_tv10_filter_family_volume_vwap_pressure_abs_score_ge_2p5_alpha_zoo_conservative_exit_carry_forward_old_split_selected_6p0x_0p175alloc,alpha_zoo_conservative_exit_carry_forward_old_split_selected,individual_seed_trade_filter,fresh_train_validation_10bps_trade_filter,family_volume_vwap_pressure_abs_score_ge_2.5,6.0,0.175,1.0499999999999998,10499.999999999998,10499.999999999998,True,0.42155179401878606,0.1074232360774248,1.80263574459461,0.2500159795359317,0.22576371110065094,3.9242142520725647,50,0.04695644483921413,0.017492844285998697,1.9673210523815519,0.3758735976867627,0.36941153915487535,11.716619831963808,11,8.97750661197291,-0.00371699538981185,0.00371699538981185,-4.198307191827239,-0.21764834829934362,-0.2168423462978386,-7.757111631960479,3,0.0,0.0,True,False,False,False,False,False,False,train_trade_event_count_50_below_80;validation_trade_event_count_11_below_30;locked_oos_trade_event_count_3_below_20;locked_oos_return_not_positive;primary_10bps_promotion_gate_failed,locked_oos_calmar_non_positive;locked_oos_return_non_positive;locked_oos_sharpe_non_positive;locked_oos_smart_sortino_non_positive;locked_oos_sortino_non_positive;train_calmar_not_above_validation;train_sharpe_not_above_validation;train_smart_sortino_not_above_validation;train_sortino_not_above_validation,"{""abs_factor_score_min"": 2.5, ""dominant_factor_family"": ""volume_vwap_pressure""}"
21,thin_sample_shadow,25,shadow_only_thin_sample,not_promoted_shadow_or_reject,fresh_tv10_filter_family_volume_vwap_pressure_abs_score_ge_2p5_alpha_zoo_conservative_exit_7p0x_0p15alloc,alpha_zoo_conservative_exit,individual_seed_trade_filter,fresh_train_validation_10bps_trade_filter,family_volume_vwap_pressure_abs_score_ge_2.5,7.0,0.15,1.05,10500.0,10500.0,True,0.42155179401878606,0.1074232360774248,1.80263574459461,0.2500159795359317,0.22576371110065094,3.9242142520725647,50,0.04695644483921413,0.017492844285998697,1.9673210523815519,0.3758735976867627,0.36941153915487535,11.716619831963808,11,8.97750661197291,-0.00371699538981185,0.00371699538981185,-4.198307191827239,-0.21764834829934362,-0.2168423462978386,-7.757111631960479,3,0.0,0.0,True,False,False,False,False,False,False,train_trade_event_count_50_below_80;validation_trade_event_count_11_below_30;locked_oos_trade_event_count_3_below_20;locked_oos_return_not_positive;primary_10bps_promotion_gate_failed,locked_oos_calmar_non_positive;locked_oos_return_non_positive;locked_oos_sharpe_non_positive;locked_oos_smart_sortino_non_positive;locked_oos_sortino_non_positive;train_calmar_not_above_validation;train_sharpe_not_above_validation;train_smart_sortino_not_above_validation;train_sortino_not_above_validation,"{""abs_factor_score_min"": 2.5, ""dominant_factor_family"": ""volume_vwap_pressure""}"
22,thin_sample_shadow,26,shadow_only_thin_sample,not_promoted_shadow_or_reject,fresh_tv10_filter_family_volume_vwap_pressure_abs_score_ge_2p5_alpha_zoo_conservative_exit_6p0x_0p175alloc,alpha_zoo_conservative_exit,individual_seed_trade_filter,fresh_train_validation_10bps_trade_filter,family_volume_vwap_pressure_abs_score_ge_2.5,6.0,0.175,1.0499999999999998,10499.999999999998,10499.999999999998,True,0.42155179401878606,0.1074232360774248,1.80263574459461,0.2500159795359317,0.22576371110065094,3.9242142520725647,50,0.04695644483921413,0.017492844285998697,1.9673210523815519,0.3758735976867627,0.36941153915487535,11.716619831963808,11,8.97750661197291,-0.00371699538981185,0.00371699538981185,-4.198307191827239,-0.21764834829934362,-0.2168423462978386,-7.757111631960479,3,0.0,0.0,True,False,False,False,False,False,False,train_trade_event_count_50_below_80;validation_trade_event_count_11_below_30;locked_oos_trade_event_count_3_below_20;locked_oos_return_not_positive;primary_10bps_promotion_gate_failed,locked_oos_calmar_non_positive;locked_oos_return_non_positive;locked_oos_sharpe_non_positive;locked_oos_smart_sortino_non_positive;locked_oos_sortino_non_positive;train_calmar_not_above_validation;train_sharpe_not_above_validation;train_smart_sortino_not_above_validation;train_sortino_not_above_validation,"{""abs_factor_score_min"": 2.5, ""dominant_factor_family"": ""volume_vwap_pressure""}"
23,thin_sample_shadow,27,shadow_only_thin_sample,not_promoted_shadow_or_reject,fresh_tv10_filter_abs_score_ge_2p5_alpha_zoo_conservative_exit_carry_forward_old_split_selected_4p0x_0p2alloc,alpha_zoo_conservative_exit_carry_forward_old_split_selected,individual_seed_trade_filter,fresh_train_validation_10bps_trade_filter,abs_score_ge_2.5,4.0,0.2,0.8,8000.0,8000.0,True,0.3186641862732398,0.07908185417384699,1.6944958953713116,0.2722623115716188,0.2523092298499124,4.029548745439312,63,0.06781086682167858,0.03011477471533186,2.0594391913166064,0.3965929656627665,0.3849988131394032,10.144311081279476,14,4.6993085505193015,-0.004601538286749918,0.011128942812327474,-1.182772837396255,-0.08959941599106391,-0.08861324426324346,-3.1976787898463006,5,0.0,0.0,True,False,False,False,False,False,False,train_trade_event_count_63_below_80;validation_trade_event_count_14_below_30;locked_oos_trade_event_count_5_below_20;locked_oos_return_not_positive;primary_10bps_promotion_gate_failed,locked_oos_calmar_non_positive;locked_oos_return_non_positive;locked_oos_sharpe_non_positive;locked_oos_smart_sortino_non_positive;locked_oos_sortino_non_positive;train_calmar_not_above_validation;train_sharpe_not_above_validation;train_smart_sortino_not_above_validation;train_sortino_not_above_validation,"{""abs_factor_score_min"": 2.5}"
24,thin_sample_shadow,28,shadow_only_thin_sample,not_promoted_shadow_or_reject,fresh_tv10_filter_abs_score_ge_2p5_alpha_zoo_conservative_exit_4p0x_0p2alloc,alpha_zoo_conservative_exit,individual_seed_trade_filter,fresh_train_validation_10bps_trade_filter,abs_score_ge_2.5,4.0,0.2,0.8,8000.0,8000.0,True,0.3186641862732398,0.07908185417384699,1.6944958953713116,0.2722623115716188,0.2523092298499124,4.029548745439312,63,0.06781086682167858,0.03011477471533186,2.0594391913166064,0.3965929656627665,0.3849988131394032,10.144311081279476,14,4.6993085505193015,-0.004601538286749918,0.011128942812327474,-1.182772837396255,-0.08959941599106391,-0.08861324426324346,-3.1976787898463006,5,0.0,0.0,True,False,False,False,False,False,False,train_trade_event_count_63_below_80;validation_trade_event_count_14_below_30;locked_oos_trade_event_count_5_below_20;locked_oos_return_not_positive;primary_10bps_promotion_gate_failed,locked_oos_calmar_non_positive;locked_oos_return_non_positive;locked_oos_sharpe_non_positive;locked_oos_smart_sortino_non_positive;locked_oos_sortino_non_positive;train_calmar_not_above_validation;train_sharpe_not_above_validation;train_smart_sortino_not_above_validation;train_sortino_not_above_validation,"{""abs_factor_score_min"": 2.5}"
25,thin_sample_shadow,31,shadow_only_thin_sample,not_promoted_shadow_or_reject,fresh_tv10_filter_abs_score_ge_3_alpha_zoo_conservative_exit_carry_forward_old_split_selected_7p0x_0p15alloc,alpha_zoo_conservative_exit_carry_forward_old_split_selected,individual_seed_trade_filter,fresh_train_validation_10bps_trade_filter,abs_score_ge_3,7.0,0.15,1.05,10500.0,10500.0,True,0.2469799968908064,0.15141238738200502,0.970392993125608,0.07127611260109455,0.061903201131227034,1.631174312493268,42,0.07572443448626331,0.017492844285999048,2.0068679537661636,0.6478931759571771,0.6367545281478815,19.73678821351685,8,3.261562777806013,-0.0022533146249008595,0.0022533146249008595,-2.8029452799069183,-0.08394158892769572,-0.08375286736678078,-7.796077565916012,1,0.0,0.0,True,False,False,False,False,False,False,train_trade_event_count_42_below_80;validation_trade_event_count_8_below_30;locked_oos_trade_event_count_1_below_20;locked_oos_return_not_positive;primary_10bps_promotion_gate_failed,liquidation_count_positive;locked_oos_calmar_non_positive;locked_oos_return_non_positive;locked_oos_sharpe_non_positive;locked_oos_smart_sortino_non_positive;locked_oos_sortino_non_positive;train_calmar_not_above_validation;train_sharpe_not_above_validation;train_smart_sortino_not_above_validation;train_sortino_not_above_validation,"{""abs_factor_score_min"": 3.0}"
26,thin_sample_shadow,32,shadow_only_thin_sample,not_promoted_shadow_or_reject,fresh_tv10_filter_abs_score_ge_3_alpha_zoo_conservative_exit_7p0x_0p15alloc,alpha_zoo_conservative_exit,individual_seed_trade_filter,fresh_train_validation_10bps_trade_filter,abs_score_ge_3,7.0,0.15,1.05,10500.0,10500.0,True,0.2469799968908064,0.15141238738200502,0.970392993125608,0.07127611260109455,0.061903201131227034,1.631174312493268,42,0.07572443448626331,0.017492844285999048,2.0068679537661636,0.6478931759571771,0.6367545281478815,19.73678821351685,8,3.261562777806013,-0.0022533146249008595,0.0022533146249008595,-2.8029452799069183,-0.08394158892769572,-0.08375286736678078,-7.796077565916012,1,0.0,0.0,True,False,False,False,False,False,False,train_trade_event_count_42_below_80;validation_trade_event_count_8_below_30;locked_oos_trade_event_count_1_below_20;locked_oos_return_not_positive;primary_10bps_promotion_gate_failed,liquidation_count_positive;locked_oos_calmar_non_positive;locked_oos_return_non_positive;locked_oos_sharpe_non_positive;locked_oos_smart_sortino_non_positive;locked_oos_sortino_non_positive;train_calmar_not_above_validation;train_sharpe_not_above_validation;train_smart_sortino_not_above_validation;train_sortino_not_above_validation,"{""abs_factor_score_min"": 3.0}"
27,thin_sample_shadow,33,shadow_only_thin_sample,not_promoted_shadow_or_reject,fresh_tv10_filter_abs_score_ge_3_alpha_zoo_conservative_exit_carry_forward_old_split_selected_4p0x_0p2alloc,alpha_zoo_conservative_exit_carry_forward_old_split_selected,individual_seed_trade_filter,fresh_train_validation_10bps_trade_filter,abs_score_ge_3,4.0,0.2,0.8,8000.0,8000.0,True,0.3346570119376624,0.06363911923267927,1.8328612055314089,0.24918486489380862,0.2342757617579666,5.2586681898295815,42,0.05772792493636425,0.013330264083699106,2.00752376184539,0.6485786644272155,0.6400466732469406,19.213912113454356,8,5.797142584053868,-0.0017168111427816601,0.0017168111427816601,-2.8029452799069166,-0.08394158892769572,-0.08379772406128756,-7.810416196549252,1,0.0,0.0,True,False,False,False,False,False,False,train_trade_event_count_42_below_80;validation_trade_event_count_8_below_30;locked_oos_trade_event_count_1_below_20;locked_oos_return_not_positive;primary_10bps_promotion_gate_failed,locked_oos_calmar_non_positive;locked_oos_return_non_positive;locked_oos_sharpe_non_positive;locked_oos_smart_sortino_non_positive;locked_oos_sortino_non_positive;train_calmar_not_above_validation;train_sharpe_not_above_validation;train_smart_sortino_not_above_validation;train_sortino_not_above_validation,"{""abs_factor_score_min"": 3.0}"
28,thin_sample_shadow,34,shadow_only_thin_sample,not_promoted_shadow_or_reject,fresh_tv10_filter_abs_score_ge_3_alpha_zoo_conservative_exit_4p0x_0p2alloc,alpha_zoo_conservative_exit,individual_seed_trade_filter,fresh_train_validation_10bps_trade_filter,abs_score_ge_3,4.0,0.2,0.8,8000.0,8000.0,True,0.3346570119376624,0.06363911923267927,1.8328612055314089,0.24918486489380862,0.2342757617579666,5.2586681898295815,42,0.05772792493636425,0.013330264083699106,2.00752376184539,0.6485786644272155,0.6400466732469406,19.213912113454356,8,5.797142584053868,-0.0017168111427816601,0.0017168111427816601,-2.8029452799069166,-0.08394158892769572,-0.08379772406128756,-7.810416196549252,1,0.0,0.0,True,False,False,False,False,False,False,train_trade_event_count_42_below_80;validation_trade_event_count_8_below_30;locked_oos_trade_event_count_1_below_20;locked_oos_return_not_positive;primary_10bps_promotion_gate_failed,locked_oos_calmar_non_positive;locked_oos_return_non_positive;locked_oos_sharpe_non_positive;locked_oos_smart_sortino_non_positive;locked_oos_sortino_non_positive;train_calmar_not_above_validation;train_sharpe_not_above_validation;train_smart_sortino_not_above_validation;train_sortino_not_above_validation,"{""abs_factor_score_min"": 3.0}"
29,thin_sample_shadow,35,shadow_only_thin_sample,not_promoted_shadow_or_reject,fresh_tv10_filter_family_volume_vwap_pressure_abs_score_ge_2p5_alpha_zoo_conservative_exit_carry_forward_old_split_selected_5p0x_0p2alloc,alpha_zoo_conservative_exit_carry_forward_old_split_selected,individual_seed_trade_filter,fresh_train_validation_10bps_trade_filter,family_volume_vwap_pressure_abs_score_ge_2.5,5.0,0.2,1.0,10000.0,10000.0,True,0.3995012250517822,0.10250807643193366,1.8048935374417938,0.2503051011400229,0.22703244220222832,3.8972658443850015,50,0.04472906733555315,0.016660456212946834,1.9675340529865653,0.37595214812332306,0.3697912570768634,11.678858280768702,11,8.931579593528355,-0.0035401693504053533,0.0035401693504053533,-4.198307191827217,-0.21764834829934254,-0.21688055440792867,-7.761807246564543,3,0.0,0.0,True,False,False,False,False,False,False,train_trade_event_count_50_below_80;validation_trade_event_count_11_below_30;locked_oos_trade_event_count_3_below_20;locked_oos_return_not_positive;primary_10bps_promotion_gate_failed,locked_oos_calmar_non_positive;locked_oos_return_non_positive;locked_oos_sharpe_non_positive;locked_oos_smart_sortino_non_positive;locked_oos_sortino_non_positive;train_calmar_not_above_validation;train_sharpe_not_above_validation;train_smart_sortino_not_above_validation;train_sortino_not_above_validation,"{""abs_factor_score_min"": 2.5, ""dominant_factor_family"": ""volume_vwap_pressure""}"
30,thin_sample_shadow,36,shadow_only_thin_sample,not_promoted_shadow_or_reject,fresh_tv10_filter_family_volume_vwap_pressure_abs_score_ge_2p5_alpha_zoo_conservative_exit_5p0x_0p2alloc,alpha_zoo_conservative_exit,individual_seed_trade_filter,fresh_train_validation_10bps_trade_filter,family_volume_vwap_pressure_abs_score_ge_2.5,5.0,0.2,1.0,10000.0,10000.0,True,0.3995012250517822,0.10250807643193366,1.8048935374417938,0.2503051011400229,0.22703244220222832,3.8972658443850015,50,0.04472906733555315,0.016660456212946834,1.9675340529865653,0.37595214812332306,0.3697912570768634,11.678858280768702,11,8.931579593528355,-0.0035401693504053533,0.0035401693504053533,-4.198307191827217,-0.21764834829934254,-0.21688055440792867,-7.761807246564543,3,0.0,0.0,True,False,False,False,False,False,False,train_trade_event_count_50_below_80;validation_trade_event_count_11_below_30;locked_oos_trade_event_count_3_below_20;locked_oos_return_not_positive;primary_10bps_promotion_gate_failed,locked_oos_calmar_non_positive;locked_oos_return_non_positive;locked_oos_sharpe_non_positive;locked_oos_smart_sortino_non_positive;locked_oos_sortino_non_positive;train_calmar_not_above_validation;train_sharpe_not_above_validation;train_smart_sortino_not_above_validation;train_sortino_not_above_validation,"{""abs_factor_score_min"": 2.5, ""dominant_factor_family"": ""volume_vwap_pressure""}"
31,thin_sample_shadow,37,shadow_only_thin_sample,not_promoted_shadow_or_reject,fresh_tv10_filter_abs_score_ge_2p5_alpha_zoo_conservative_exit_carry_forward_old_split_selected_6p0x_0p125alloc,alpha_zoo_conservative_exit_carry_forward_old_split_selected,individual_seed_trade_filter,fresh_train_validation_10bps_trade_filter,abs_score_ge_2.5,6.0,0.125,0.75,7500.0,7500.0,True,0.2973282319302035,0.07427236032710274,1.696366515379255,0.27250420806037273,0.25366398515307476,4.003215067095497,63,0.06357550814030288,0.02824813005505833,2.0595532671927153,0.39662395916065774,0.3857278681746012,10.074368011817038,14,4.676773188726054,-0.004311157370015306,0.010434894102083958,-1.1827728373962152,-0.0895994159910611,-0.08867411103283701,-3.198327624699857,5,0.0,0.0,True,False,False,False,False,False,False,train_trade_event_count_63_below_80;validation_trade_event_count_14_below_30;locked_oos_trade_event_count_5_below_20;locked_oos_return_not_positive;primary_10bps_promotion_gate_failed,locked_oos_calmar_non_positive;locked_oos_return_non_positive;locked_oos_sharpe_non_positive;locked_oos_smart_sortino_non_positive;locked_oos_sortino_non_positive;train_calmar_not_above_validation;train_sharpe_not_above_validation;train_smart_sortino_not_above_validation;train_sortino_not_above_validation,"{""abs_factor_score_min"": 2.5}"
32,thin_sample_shadow,38,shadow_only_thin_sample,not_promoted_shadow_or_reject,fresh_tv10_filter_abs_score_ge_2p5_alpha_zoo_conservative_exit_carry_forward_old_split_selected_5p0x_0p15alloc,alpha_zoo_conservative_exit_carry_forward_old_split_selected,individual_seed_trade_filter,fresh_train_validation_10bps_trade_filter,abs_score_ge_2.5,5.0,0.15,0.75,7500.0,7500.0,True,0.2973282319302035,0.07427236032710274,1.696366515379255,0.27250420806037273,0.25366398515307476,4.003215067095497,63,0.06357550814030288,0.02824813005505833,2.0595532671927153,0.39662395916065774,0.3857278681746012,10.074368011817038,14,4.676773188726054,-0.004311157370015306,0.010434894102083958,-1.1827728373962152,-0.0895994159910611,-0.08867411103283701,-3.198327624699857,5,0.0,0.0,True,False,False,False,False,False,False,train_trade_event_count_63_below_80;validation_trade_event_count_14_below_30;locked_oos_trade_event_count_5_below_20;locked_oos_return_not_positive;primary_10bps_promotion_gate_failed,locked_oos_calmar_non_positive;locked_oos_return_non_positive;locked_oos_sharpe_non_positive;locked_oos_smart_sortino_non_positive;locked_oos_sortino_non_positive;train_calmar_not_above_validation;train_sharpe_not_above_validation;train_smart_sortino_not_above_validation;train_sortino_not_above_validation,"{""abs_factor_score_min"": 2.5}"
33,thin_sample_shadow,39,shadow_only_thin_sample,not_promoted_shadow_or_reject,fresh_tv10_filter_abs_score_ge_2p5_alpha_zoo_conservative_exit_6p0x_0p125alloc,alpha_zoo_conservative_exit,individual_seed_trade_filter,fresh_train_validation_10bps_trade_filter,abs_score_ge_2.5,6.0,0.125,0.75,7500.0,7500.0,True,0.2973282319302035,0.07427236032710274,1.696366515379255,0.27250420806037273,0.25366398515307476,4.003215067095497,63,0.06357550814030288,0.02824813005505833,2.0595532671927153,0.39662395916065774,0.3857278681746012,10.074368011817038,14,4.676773188726054,-0.004311157370015306,0.010434894102083958,-1.1827728373962152,-0.0895994159910611,-0.08867411103283701,-3.198327624699857,5,0.0,0.0,True,False,False,False,False,False,False,train_trade_event_count_63_below_80;validation_trade_event_count_14_below_30;locked_oos_trade_event_count_5_below_20;locked_oos_return_not_positive;primary_10bps_promotion_gate_failed,locked_oos_calmar_non_positive;locked_oos_return_non_positive;locked_oos_sharpe_non_positive;locked_oos_smart_sortino_non_positive;locked_oos_sortino_non_positive;train_calmar_not_above_validation;train_sharpe_not_above_validation;train_smart_sortino_not_above_validation;train_sortino_not_above_validation,"{""abs_factor_score_min"": 2.5}"
34,thin_sample_shadow,40,shadow_only_thin_sample,not_promoted_shadow_or_reject,fresh_tv10_filter_abs_score_ge_2p5_alpha_zoo_conservative_exit_5p0x_0p15alloc,alpha_zoo_conservative_exit,individual_seed_trade_filter,fresh_train_validation_10bps_trade_filter,abs_score_ge_2.5,5.0,0.15,0.75,7500.0,7500.0,True,0.2973282319302035,0.07427236032710274,1.696366515379255,0.27250420806037273,0.25366398515307476,4.003215067095497,63,0.06357550814030288,0.02824813005505833,2.0595532671927153,0.39662395916065774,0.3857278681746012,10.074368011817038,14,4.676773188726054,-0.004311157370015306,0.010434894102083958,-1.1827728373962152,-0.0895994159910611,-0.08867411103283701,-3.198327624699857,5,0.0,0.0,True,False,False,False,False,False,False,train_trade_event_count_63_below_80;validation_trade_event_count_14_below_30;locked_oos_trade_event_count_5_below_20;locked_oos_return_not_positive;primary_10bps_promotion_gate_failed,locked_oos_calmar_non_positive;locked_oos_return_non_positive;locked_oos_sharpe_non_positive;locked_oos_smart_sortino_non_positive;locked_oos_sortino_non_positive;train_calmar_not_above_validation;train_sharpe_not_above_validation;train_smart_sortino_not_above_validation;train_sortino_not_above_validation,"{""abs_factor_score_min"": 2.5}"
35,thin_sample_shadow,43,shadow_only_thin_sample,not_promoted_shadow_or_reject,fresh_tv10_filter_abs_score_ge_3_alpha_zoo_conservative_exit_carry_forward_old_split_selected_6p0x_0p125alloc,alpha_zoo_conservative_exit_carry_forward_old_split_selected,individual_seed_trade_filter,fresh_train_validation_10bps_trade_filter,abs_score_ge_3,6.0,0.125,0.75,7500.0,7500.0,True,0.311551607633334,0.05974366441037846,1.832605727870529,0.24889590098339187,0.2348642500466119,5.214805799210608,42,0.05412577669219609,0.012497559391810666,2.0076549032173445,0.6487155948329069,0.6407083047415727,19.110603480283984,8,5.756067195212255,-0.0016095104463577092,0.0016095104463577092,-2.802945279906918,-0.08394158892769572,-0.08380670116669314,-7.8132875303866225,1,0.0,0.0,True,False,False,False,False,False,False,train_trade_event_count_42_below_80;validation_trade_event_count_8_below_30;locked_oos_trade_event_count_1_below_20;locked_oos_return_not_positive;primary_10bps_promotion_gate_failed,locked_oos_calmar_non_positive;locked_oos_return_non_positive;locked_oos_sharpe_non_positive;locked_oos_smart_sortino_non_positive;locked_oos_sortino_non_positive;train_calmar_not_above_validation;train_sharpe_not_above_validation;train_smart_sortino_not_above_validation;train_sortino_not_above_validation,"{""abs_factor_score_min"": 3.0}"
36,thin_sample_shadow,44,shadow_only_thin_sample,not_promoted_shadow_or_reject,fresh_tv10_filter_abs_score_ge_3_alpha_zoo_conservative_exit_carry_forward_old_split_selected_5p0x_0p15alloc,alpha_zoo_conservative_exit_carry_forward_old_split_selected,individual_seed_trade_filter,fresh_train_validation_10bps_trade_filter,abs_score_ge_3,5.0,0.15,0.75,7500.0,7500.0,True,0.311551607633334,0.05974366441037846,1.832605727870529,0.24889590098339187,0.2348642500466119,5.214805799210608,42,0.05412577669219609,0.012497559391810666,2.0076549032173445,0.6487155948329069,0.6407083047415727,19.110603480283984,8,5.756067195212255,-0.0016095104463577092,0.0016095104463577092,-2.802945279906918,-0.08394158892769572,-0.08380670116669314,-7.8132875303866225,1,0.0,0.0,True,False,False,False,False,False,False,train_trade_event_count_42_below_80;validation_trade_event_count_8_below_30;locked_oos_trade_event_count_1_below_20;locked_oos_return_not_positive;primary_10bps_promotion_gate_failed,locked_oos_calmar_non_positive;locked_oos_return_non_positive;locked_oos_sharpe_non_positive;locked_oos_smart_sortino_non_positive;locked_oos_sortino_non_positive;train_calmar_not_above_validation;train_sharpe_not_above_validation;train_smart_sortino_not_above_validation;train_sortino_not_above_validation,"{""abs_factor_score_min"": 3.0}"
37,thin_sample_shadow,45,shadow_only_thin_sample,not_promoted_shadow_or_reject,fresh_tv10_filter_abs_score_ge_3_alpha_zoo_conservative_exit_6p0x_0p125alloc,alpha_zoo_conservative_exit,individual_seed_trade_filter,fresh_train_validation_10bps_trade_filter,abs_score_ge_3,6.0,0.125,0.75,7500.0,7500.0,True,0.311551607633334,0.05974366441037846,1.832605727870529,0.24889590098339187,0.2348642500466119,5.214805799210608,42,0.05412577669219609,0.012497559391810666,2.0076549032173445,0.6487155948329069,0.6407083047415727,19.110603480283984,8,5.756067195212255,-0.0016095104463577092,0.0016095104463577092,-2.802945279906918,-0.08394158892769572,-0.08380670116669314,-7.8132875303866225,1,0.0,0.0,True,False,False,False,False,False,False,train_trade_event_count_42_below_80;validation_trade_event_count_8_below_30;locked_oos_trade_event_count_1_below_20;locked_oos_return_not_positive;primary_10bps_promotion_gate_failed,locked_oos_calmar_non_positive;locked_oos_return_non_positive;locked_oos_sharpe_non_positive;locked_oos_smart_sortino_non_positive;locked_oos_sortino_non_positive;train_calmar_not_above_validation;train_sharpe_not_above_validation;train_smart_sortino_not_above_validation;train_sortino_not_above_validation,"{""abs_factor_score_min"": 3.0}"
38,thin_sample_shadow,46,shadow_only_thin_sample,not_promoted_shadow_or_reject,fresh_tv10_filter_abs_score_ge_3_alpha_zoo_conservative_exit_5p0x_0p15alloc,alpha_zoo_conservative_exit,individual_seed_trade_filter,fresh_train_validation_10bps_trade_filter,abs_score_ge_3,5.0,0.15,0.75,7500.0,7500.0,True,0.311551607633334,0.05974366441037846,1.832605727870529,0.24889590098339187,0.2348642500466119,5.214805799210608,42,0.05412577669219609,0.012497559391810666,2.0076549032173445,0.6487155948329069,0.6407083047415727,19.110603480283984,8,5.756067195212255,-0.0016095104463577092,0.0016095104463577092,-2.802945279906918,-0.08394158892769572,-0.08380670116669314,-7.8132875303866225,1,0.0,0.0,True,False,False,False,False,False,False,train_trade_event_count_42_below_80;validation_trade_event_count_8_below_30;locked_oos_trade_event_count_1_below_20;locked_oos_return_not_positive;primary_10bps_promotion_gate_failed,locked_oos_calmar_non_positive;locked_oos_return_non_positive;locked_oos_sharpe_non_positive;locked_oos_smart_sortino_non_positive;locked_oos_sortino_non_positive;train_calmar_not_above_validation;train_sharpe_not_above_validation;train_smart_sortino_not_above_validation;train_sortino_not_above_validation,"{""abs_factor_score_min"": 3.0}"
39,thin_sample_shadow,47,shadow_only_thin_sample,not_promoted_shadow_or_reject,fresh_tv10_filter_abs_score_ge_2p5_alpha_zoo_conservative_exit_carry_forward_old_split_selected_7p0x_0p125alloc,alpha_zoo_conservative_exit_carry_forward_old_split_selected,individual_seed_trade_filter,fresh_train_validation_10bps_trade_filter,abs_score_ge_2.5,7.0,0.125,0.875,8750.0,8750.0,True,0.19039188422311515,0.15341638418790807,0.8857465346338705,0.08519052576834797,0.07385929915355634,1.2410140235733793,63,0.07416244201337707,0.03291087357480582,2.059268067372988,0.3965464571851583,0.38391159133870756,10.24991169504939,14,2.5672278184795094,-0.005037803436494959,0.012169638628624755,-1.182772837396227,-0.08959941599106237,-0.08852213361434101,-3.1966950577103126,5,0.0,0.0,True,False,False,False,False,False,False,train_trade_event_count_63_below_80;validation_trade_event_count_14_below_30;locked_oos_trade_event_count_5_below_20;locked_oos_return_not_positive;primary_10bps_promotion_gate_failed,liquidation_count_positive;locked_oos_calmar_non_positive;locked_oos_return_non_positive;locked_oos_sharpe_non_positive;locked_oos_smart_sortino_non_positive;locked_oos_sortino_non_positive;train_calmar_not_above_validation;train_sharpe_not_above_validation;train_smart_sortino_not_above_validation;train_sortino_not_above_validation,"{""abs_factor_score_min"": 2.5}"
40,thin_sample_shadow,48,shadow_only_thin_sample,not_promoted_shadow_or_reject,fresh_tv10_filter_abs_score_ge_2p5_alpha_zoo_conservative_exit_7p0x_0p125alloc,alpha_zoo_conservative_exit,individual_seed_trade_filter,fresh_train_validation_10bps_trade_filter,abs_score_ge_2.5,7.0,0.125,0.875,8750.0,8750.0,True,0.19039188422311515,0.15341638418790807,0.8857465346338705,0.08519052576834797,0.07385929915355634,1.2410140235733793,63,0.07416244201337707,0.03291087357480582,2.059268067372988,0.3965464571851583,0.38391159133870756,10.24991169504939,14,2.5672278184795094,-0.005037803436494959,0.012169638628624755,-1.182772837396227,-0.08959941599106237,-0.08852213361434101,-3.1966950577103126,5,0.0,0.0,True,False,False,False,False,False,False,train_trade_event_count_63_below_80;validation_trade_event_count_14_below_30;locked_oos_trade_event_count_5_below_20;locked_oos_return_not_positive;primary_10bps_promotion_gate_failed,liquidation_count_positive;locked_oos_calmar_non_positive;locked_oos_return_non_positive;locked_oos_sharpe_non_positive;locked_oos_smart_sortino_non_positive;locked_oos_sortino_non_positive;train_calmar_not_above_validation;train_sharpe_not_above_validation;train_smart_sortino_not_above_validation;train_sortino_not_above_validation,"{""abs_factor_score_min"": 2.5}"
41,thin_sample_shadow,49,shadow_only_thin_sample,not_promoted_shadow_or_reject,fresh_tv10_filter_abs_score_ge_3_alpha_zoo_conservative_exit_carry_forward_old_split_selected_4p0x_0p175alloc,alpha_zoo_conservative_exit_carry_forward_old_split_selected,individual_seed_trade_filter,fresh_train_validation_10bps_trade_filter,abs_score_ge_3,4.0,0.175,0.7,7000.0,7000.0,True,0.28874924116819334,0.05583735224402077,1.8323488930684557,0.2486072307931148,0.23545978011171717,5.171255970489064,42,0.050522735702561716,0.011664793358210693,2.0077860378374965,0.6488524691732792,0.641371008888646,19.00771794757534,8,5.715233689405155,-0.0015022097499338694,0.0015022097499338694,-2.8029452799069166,-0.08394158892769572,-0.0838156801957084,-7.816160067892357,1,0.0,0.0,True,False,False,False,False,False,False,train_trade_event_count_42_below_80;validation_trade_event_count_8_below_30;locked_oos_trade_event_count_1_below_20;locked_oos_return_not_positive;primary_10bps_promotion_gate_failed,locked_oos_calmar_non_positive;locked_oos_return_non_positive;locked_oos_sharpe_non_positive;locked_oos_smart_sortino_non_positive;locked_oos_sortino_non_positive;train_calmar_not_above_validation;train_sharpe_not_above_validation;train_smart_sortino_not_above_validation;train_sortino_not_above_validation,"{""abs_factor_score_min"": 3.0}"
42,thin_sample_shadow,50,shadow_only_thin_sample,not_promoted_shadow_or_reject,fresh_tv10_filter_abs_score_ge_3_alpha_zoo_conservative_exit_4p0x_0p175alloc,alpha_zoo_conservative_exit,individual_seed_trade_filter,fresh_train_validation_10bps_trade_filter,abs_score_ge_3,4.0,0.175,0.7,7000.0,7000.0,True,0.28874924116819334,0.05583735224402077,1.8323488930684557,0.2486072307931148,0.23545978011171717,5.171255970489064,42,0.050522735702561716,0.011664793358210693,2.0077860378374965,0.6488524691732792,0.641371008888646,19.00771794757534,8,5.715233689405155,-0.0015022097499338694,0.0015022097499338694,-2.8029452799069166,-0.08394158892769572,-0.0838156801957084,-7.816160067892357,1,0.0,0.0,True,False,False,False,False,False,False,train_trade_event_count_42_below_80;validation_trade_event_count_8_below_30;locked_oos_trade_event_count_1_below_20;locked_oos_return_not_positive;primary_10bps_promotion_gate_failed,locked_oos_calmar_non_positive;locked_oos_return_non_positive;locked_oos_sharpe_non_positive;locked_oos_smart_sortino_non_positive;locked_oos_sortino_non_positive;train_calmar_not_above_validation;train_sharpe_not_above_validation;train_smart_sortino_not_above_validation;train_sortino_not_above_validation,"{""abs_factor_score_min"": 3.0}"
43,thin_sample_shadow,51,shadow_only_thin_sample,not_promoted_shadow_or_reject,fresh_tv10_filter_abs_score_ge_3_alpha_zoo_conservative_exit_carry_forward_old_split_selected_7p0x_0p125alloc,alpha_zoo_conservative_exit_carry_forward_old_split_selected,individual_seed_trade_filter,fresh_train_validation_10bps_trade_filter,abs_score_ge_3,7.0,0.125,0.875,8750.0,8750.0,True,0.20703310923796447,0.12621160682279842,0.9682915089116656,0.0710166310397504,0.06305798182998515,1.6403650539735206,42,0.06312942079041761,0.014579204658876799,2.0073270371314527,0.6483731639799567,0.6390562323795642,19.36966756395596,8,3.279502752374214,-0.00187776218741742,0.00187776218741742,-2.802945279906918,-0.08394158892769572,-0.0837842620085953,-7.806111451641615,1,0.0,0.0,True,False,False,False,False,False,False,train_trade_event_count_42_below_80;validation_trade_event_count_8_below_30;locked_oos_trade_event_count_1_below_20;locked_oos_return_not_positive;primary_10bps_promotion_gate_failed,liquidation_count_positive;locked_oos_calmar_non_positive;locked_oos_return_non_positive;locked_oos_sharpe_non_positive;locked_oos_smart_sortino_non_positive;locked_oos_sortino_non_positive;train_calmar_not_above_validation;train_sharpe_not_above_validation;train_smart_sortino_not_above_validation;train_sortino_not_above_validation,"{""abs_factor_score_min"": 3.0}"
44,thin_sample_shadow,52,shadow_only_thin_sample,not_promoted_shadow_or_reject,fresh_tv10_filter_abs_score_ge_3_alpha_zoo_conservative_exit_7p0x_0p125alloc,alpha_zoo_conservative_exit,individual_seed_trade_filter,fresh_train_validation_10bps_trade_filter,abs_score_ge_3,7.0,0.125,0.875,8750.0,8750.0,True,0.20703310923796447,0.12621160682279842,0.9682915089116656,0.0710166310397504,0.06305798182998515,1.6403650539735206,42,0.06312942079041761,0.014579204658876799,2.0073270371314527,0.6483731639799567,0.6390562323795642,19.36966756395596,8,3.279502752374214,-0.00187776218741742,0.00187776218741742,-2.802945279906918,-0.08394158892769572,-0.0837842620085953,-7.806111451641615,1,0.0,0.0,True,False,False,False,False,False,False,train_trade_event_count_42_below_80;validation_trade_event_count_8_below_30;locked_oos_trade_event_count_1_below_20;locked_oos_return_not_positive;primary_10bps_promotion_gate_failed,liquidation_count_positive;locked_oos_calmar_non_positive;locked_oos_return_non_positive;locked_oos_sharpe_non_positive;locked_oos_smart_sortino_non_positive;locked_oos_sortino_non_positive;train_calmar_not_above_validation;train_sharpe_not_above_validation;train_smart_sortino_not_above_validation;train_sortino_not_above_validation,"{""abs_factor_score_min"": 3.0}"
45,thin_sample_shadow,55,shadow_only_thin_sample,not_promoted_shadow_or_reject,fresh_tv10_filter_symbol_eth_usdt_abs_score_ge_2_alpha_zoo_high_confidence_single_pair_7p0x_0p2alloc,alpha_zoo_high_confidence_single_pair,individual_seed_trade_filter,fresh_train_validation_10bps_trade_filter,symbol_eth_usdt_abs_score_ge_2,7.0,0.2,1.4000000000000001,14000.000000000002,14000.000000000002,True,0.34746715685495566,0.13496721788050348,1.2584514679624699,0.1014431692895486,0.08937982321550117,2.57445594798134,45,0.03226778702039934,0.009045419629393047,2.196150343902739,0.24069031315398864,0.23853268492352953,15.226580683125022,8,10.768236341565373,0.004789959773195296,0.039592601103270064,0.3563198422610091,0.04000455193289054,0.03848098946686963,0.966243901649191,8,0.0,0.0,True,False,False,False,False,False,False,train_trade_event_count_45_below_80;validation_trade_event_count_8_below_30;locked_oos_trade_event_count_8_below_20;primary_10bps_promotion_gate_failed,train_calmar_not_above_validation;train_sharpe_not_above_validation;train_smart_sortino_not_above_validation;train_sortino_not_above_validation,"{""abs_factor_score_min"": 2.0, ""symbol"": ""ETH/USDT""}"
46,thin_sample_shadow,56,shadow_only_thin_sample,not_promoted_shadow_or_reject,fresh_tv10_filter_abs_score_ge_3_alpha_zoo_conservative_exit_carry_forward_old_split_selected_5p0x_0p125alloc,alpha_zoo_conservative_exit_carry_forward_old_split_selected,individual_seed_trade_filter,fresh_train_validation_10bps_trade_filter,abs_score_ge_3,5.0,0.125,0.625,6250.0,6250.0,True,0.25510870003819774,0.049957491484039905,1.8319610897523644,0.24817477548671532,0.23636649816740485,5.106515408598892,42,0.04511655305454387,0.010415530740801173,2.007982727104554,0.6490576752775711,0.6423670811964903,18.854183723732373,8,5.654436847819089,-0.0013412587052981095,0.0013412587052981095,-2.8029452799069174,-0.08394158892769572,-0.08382915234735208,-7.820471132059206,1,0.0,0.0,True,False,False,False,False,False,False,train_trade_event_count_42_below_80;validation_trade_event_count_8_below_30;locked_oos_trade_event_count_1_below_20;locked_oos_return_not_positive;primary_10bps_promotion_gate_failed,locked_oos_calmar_non_positive;locked_oos_return_non_positive;locked_oos_sharpe_non_positive;locked_oos_smart_sortino_non_positive;locked_oos_sortino_non_positive;train_calmar_not_above_validation;train_sharpe_not_above_validation;train_smart_sortino_not_above_validation;train_sortino_not_above_validation,"{""abs_factor_score_min"": 3.0}"
47,thin_sample_shadow,57,shadow_only_thin_sample,not_promoted_shadow_or_reject,fresh_tv10_filter_abs_score_ge_3_alpha_zoo_conservative_exit_5p0x_0p125alloc,alpha_zoo_conservative_exit,individual_seed_trade_filter,fresh_train_validation_10bps_trade_filter,abs_score_ge_3,5.0,0.125,0.625,6250.0,6250.0,True,0.25510870003819774,0.049957491484039905,1.8319610897523644,0.24817477548671532,0.23636649816740485,5.106515408598892,42,0.04511655305454387,0.010415530740801173,2.007982727104554,0.6490576752775711,0.6423670811964903,18.854183723732373,8,5.654436847819089,-0.0013412587052981095,0.0013412587052981095,-2.8029452799069174,-0.08394158892769572,-0.08382915234735208,-7.820471132059206,1,0.0,0.0,True,False,False,False,False,False,False,train_trade_event_count_42_below_80;validation_trade_event_count_8_below_30;locked_oos_trade_event_count_1_below_20;locked_oos_return_not_positive;primary_10bps_promotion_gate_failed,locked_oos_calmar_non_positive;locked_oos_return_non_positive;locked_oos_sharpe_non_positive;locked_oos_smart_sortino_non_positive;locked_oos_sortino_non_positive;train_calmar_not_above_validation;train_sharpe_not_above_validation;train_smart_sortino_not_above_validation;train_sortino_not_above_validation,"{""abs_factor_score_min"": 3.0}"
48,thin_sample_shadow,58,shadow_only_thin_sample,not_promoted_shadow_or_reject,fresh_tv10_filter_abs_score_ge_3_alpha_zoo_conservative_exit_carry_forward_old_split_selected_6p0x_0p1alloc,alpha_zoo_conservative_exit_carry_forward_old_split_selected,individual_seed_trade_filter,fresh_train_validation_10bps_trade_filter,abs_score_ge_3,6.0,0.1,0.6000000000000001,6000.000000000001,6000.000000000001,True,0.24404413374990508,0.047992091895846946,1.831831140203752,0.24803077020853007,0.23667236816628595,5.085090566161042,42,0.04331407193699399,0.00999907991524828,2.0080482868158973,0.6491260491390805,0.6426996440368543,18.803217567387488,8,5.634292109615077,-0.0012876083570861896,0.0012876083570861896,-2.802945279906918,-0.08394158892769571,-0.0838336440270415,-7.82190875579266,1,0.0,0.0,True,False,False,False,False,False,False,train_trade_event_count_42_below_80;validation_trade_event_count_8_below_30;locked_oos_trade_event_count_1_below_20;locked_oos_return_not_positive;primary_10bps_promotion_gate_failed,locked_oos_calmar_non_positive;locked_oos_return_non_positive;locked_oos_sharpe_non_positive;locked_oos_smart_sortino_non_positive;locked_oos_sortino_non_positive;train_calmar_not_above_validation;train_sharpe_not_above_validation;train_smart_sortino_not_above_validation;train_sortino_not_above_validation,"{""abs_factor_score_min"": 3.0}"
49,thin_sample_shadow,59,shadow_only_thin_sample,not_promoted_shadow_or_reject,fresh_tv10_filter_abs_score_ge_3_alpha_zoo_conservative_exit_carry_forward_old_split_selected_4p0x_0p15alloc,alpha_zoo_conservative_exit_carry_forward_old_split_selected,individual_seed_trade_filter,fresh_train_validation_10bps_trade_filter,abs_score_ge_3,4.0,0.15,0.6,6000.0,6000.0,True,0.24404413374990508,0.047992091895846786,1.83183114020375,0.24803077020852982,0.23667236816628576,5.085090566161059,42,0.04331407193699399,0.00999907991524828,2.0080482868158973,0.6491260491390805,0.6426996440368543,18.803217567387488,8,5.634292109615077,-0.0012876083570861896,0.0012876083570861896,-2.802945279906918,-0.08394158892769571,-0.0838336440270415,-7.82190875579266,1,0.0,0.0,True,False,False,False,False,False,False,train_trade_event_count_42_below_80;validation_trade_event_count_8_below_30;locked_oos_trade_event_count_1_below_20;locked_oos_return_not_positive;primary_10bps_promotion_gate_failed,locked_oos_calmar_non_positive;locked_oos_return_non_positive;locked_oos_sharpe_non_positive;locked_oos_smart_sortino_non_positive;locked_oos_sortino_non_positive;train_calmar_not_above_validation;train_sharpe_not_above_validation;train_smart_sortino_not_above_validation;train_sortino_not_above_validation,"{""abs_factor_score_min"": 3.0}"
50,thin_sample_shadow,60,shadow_only_thin_sample,not_promoted_shadow_or_reject,fresh_tv10_filter_abs_score_ge_3_alpha_zoo_conservative_exit_carry_forward_old_split_selected_3p0x_0p2alloc,alpha_zoo_conservative_exit_carry_forward_old_split_selected,individual_seed_trade_filter,fresh_train_validation_10bps_trade_filter,abs_score_ge_3,3.0,0.2,0.6000000000000001,6000.000000000001,6000.000000000001,True,0.24404413374990508,0.047992091895846946,1.831831140203752,0.24803077020853007,0.23667236816628595,5.085090566161042,42,0.04331407193699399,0.00999907991524828,2.0080482868158973,0.6491260491390805,0.6426996440368543,18.803217567387488,8,5.634292109615077,-0.0012876083570861896,0.0012876083570861896,-2.802945279906918,-0.08394158892769571,-0.0838336440270415,-7.82190875579266,1,0.0,0.0,True,False,False,False,False,False,False,train_trade_event_count_42_below_80;validation_trade_event_count_8_below_30;locked_oos_trade_event_count_1_below_20;locked_oos_return_not_positive;primary_10bps_promotion_gate_failed,locked_oos_calmar_non_positive;locked_oos_return_non_positive;locked_oos_sharpe_non_positive;locked_oos_smart_sortino_non_positive;locked_oos_sortino_non_positive;train_calmar_not_above_validation;train_sharpe_not_above_validation;train_smart_sortino_not_above_validation;train_sortino_not_above_validation,"{""abs_factor_score_min"": 3.0}"
51,thin_sample_shadow,61,shadow_only_thin_sample,not_promoted_shadow_or_reject,fresh_tv10_filter_abs_score_ge_3_alpha_zoo_conservative_exit_6p0x_0p1alloc,alpha_zoo_conservative_exit,individual_seed_trade_filter,fresh_train_validation_10bps_trade_filter,abs_score_ge_3,6.0,0.1,0.6000000000000001,6000.000000000001,6000.000000000001,True,0.24404413374990508,0.047992091895846946,1.831831140203752,0.24803077020853007,0.23667236816628595,5.085090566161042,42,0.04331407193699399,0.00999907991524828,2.0080482868158973,0.6491260491390805,0.6426996440368543,18.803217567387488,8,5.634292109615077,-0.0012876083570861896,0.0012876083570861896,-2.802945279906918,-0.08394158892769571,-0.0838336440270415,-7.82190875579266,1,0.0,0.0,True,False,False,False,False,False,False,train_trade_event_count_42_below_80;validation_trade_event_count_8_below_30;locked_oos_trade_event_count_1_below_20;locked_oos_return_not_positive;primary_10bps_promotion_gate_failed,locked_oos_calmar_non_positive;locked_oos_return_non_positive;locked_oos_sharpe_non_positive;locked_oos_smart_sortino_non_positive;locked_oos_sortino_non_positive;train_calmar_not_above_validation;train_sharpe_not_above_validation;train_smart_sortino_not_above_validation;train_sortino_not_above_validation,"{""abs_factor_score_min"": 3.0}"
52,thin_sample_shadow,62,shadow_only_thin_sample,not_promoted_shadow_or_reject,fresh_tv10_filter_abs_score_ge_3_alpha_zoo_conservative_exit_4p0x_0p15alloc,alpha_zoo_conservative_exit,individual_seed_trade_filter,fresh_train_validation_10bps_trade_filter,abs_score_ge_3,4.0,0.15,0.6,6000.0,6000.0,True,0.24404413374990508,0.047992091895846786,1.83183114020375,0.24803077020852982,0.23667236816628576,5.085090566161059,42,0.04331407193699399,0.00999907991524828,2.0080482868158973,0.6491260491390805,0.6426996440368543,18.803217567387488,8,5.634292109615077,-0.0012876083570861896,0.0012876083570861896,-2.802945279906918,-0.08394158892769571,-0.0838336440270415,-7.82190875579266,1,0.0,0.0,True,False,False,False,False,False,False,train_trade_event_count_42_below_80;validation_trade_event_count_8_below_30;locked_oos_trade_event_count_1_below_20;locked_oos_return_not_positive;primary_10bps_promotion_gate_failed,locked_oos_calmar_non_positive;locked_oos_return_non_positive;locked_oos_sharpe_non_positive;locked_oos_smart_sortino_non_positive;locked_oos_sortino_non_positive;train_calmar_not_above_validation;train_sharpe_not_above_validation;train_smart_sortino_not_above_validation;train_sortino_not_above_validation,"{""abs_factor_score_min"": 3.0}"
53,thin_sample_shadow,63,shadow_only_thin_sample,not_promoted_shadow_or_reject,fresh_tv10_filter_abs_score_ge_3_alpha_zoo_conservative_exit_3p0x_0p2alloc,alpha_zoo_conservative_exit,individual_seed_trade_filter,fresh_train_validation_10bps_trade_filter,abs_score_ge_3,3.0,0.2,0.6000000000000001,6000.000000000001,6000.000000000001,True,0.24404413374990508,0.047992091895846946,1.831831140203752,0.24803077020853007,0.23667236816628595,5.085090566161042,42,0.04331407193699399,0.00999907991524828,2.0080482868158973,0.6491260491390805,0.6426996440368543,18.803217567387488,8,5.634292109615077,-0.0012876083570861896,0.0012876083570861896,-2.802945279906918,-0.08394158892769571,-0.0838336440270415,-7.82190875579266,1,0.0,0.0,True,False,False,False,False,False,False,train_trade_event_count_42_below_80;validation_trade_event_count_8_below_30;locked_oos_trade_event_count_1_below_20;locked_oos_return_not_positive;primary_10bps_promotion_gate_failed,locked_oos_calmar_non_positive;locked_oos_return_non_positive;locked_oos_sharpe_non_positive;locked_oos_smart_sortino_non_positive;locked_oos_sortino_non_positive;train_calmar_not_above_validation;train_sharpe_not_above_validation;train_smart_sortino_not_above_validation;train_sortino_not_above_validation,"{""abs_factor_score_min"": 3.0}"
54,thin_sample_shadow,68,shadow_only_thin_sample,not_promoted_shadow_or_reject,fresh_tv10_filter_symbol_eth_usdt_abs_score_ge_2_alpha_zoo_high_confidence_single_pair_7p0x_0p175alloc,alpha_zoo_high_confidence_single_pair,individual_seed_trade_filter,fresh_train_validation_10bps_trade_filter,symbol_eth_usdt_abs_score_ge_2,7.0,0.175,1.2249999999999999,12249.999999999998,12249.999999999998,True,0.3032189806936567,0.11809631564544058,1.2584514679624699,0.10144316928954857,0.09072847112548503,2.5675566509967007,45,0.02822648245563686,0.007914742175718832,2.1961503439027528,0.24069031315399111,0.23880027058085176,15.128895099031467,8,10.742358038066609,0.0043030058754987,0.03468828413008921,0.3563198422610183,0.04000455193289173,0.03866338543354187,0.9890801659519738,8,0.0,0.0,True,False,False,False,False,False,False,train_trade_event_count_45_below_80;validation_trade_event_count_8_below_30;locked_oos_trade_event_count_8_below_20;primary_10bps_promotion_gate_failed,train_calmar_not_above_validation;train_sharpe_not_above_validation;train_smart_sortino_not_above_validation;train_sortino_not_above_validation,"{""abs_factor_score_min"": 2.0, ""symbol"": ""ETH/USDT""}"
55,thin_sample_shadow,69,shadow_only_thin_sample,not_promoted_shadow_or_reject,fresh_tv10_filter_symbol_eth_usdt_abs_score_ge_2_alpha_zoo_high_confidence_single_pair_6p0x_0p2alloc,alpha_zoo_high_confidence_single_pair,individual_seed_trade_filter,fresh_train_validation_10bps_trade_filter,symbol_eth_usdt_abs_score_ge_2,6.0,0.2,1.2000000000000002,12000.000000000002,12000.000000000002,True,0.2968986936396605,0.11568618675471716,1.2584514679624712,0.10144316928954872,0.09092446468717545,2.566414383327872,45,0.02764932414212562,0.007753216825193836,2.1961503439027434,0.24069031315399006,0.23883854611970987,15.114983415775473,8,10.738009078034395,0.004230841467078861,0.033986623075454456,0.3563198422609979,0.04000455193288928,0.038689622322096495,0.9923238959765414,8,0.0,0.0,True,False,False,False,False,False,False,train_trade_event_count_45_below_80;validation_trade_event_count_8_below_30;locked_oos_trade_event_count_8_below_20;primary_10bps_promotion_gate_failed,train_calmar_not_above_validation;train_sharpe_not_above_validation;train_smart_sortino_not_above_validation;train_sortino_not_above_validation,"{""abs_factor_score_min"": 2.0, ""symbol"": ""ETH/USDT""}"
56,thin_sample_shadow,70,shadow_only_thin_sample,not_promoted_shadow_or_reject,fresh_tv10_filter_abs_score_ge_3_alpha_zoo_conservative_exit_carry_forward_old_split_selected_7p0x_0p1alloc,alpha_zoo_conservative_exit_carry_forward_old_split_selected,individual_seed_trade_filter,fresh_train_validation_10bps_trade_filter,abs_score_ge_3,7.0,0.1,0.7000000000000001,7000.000000000001,7000.000000000001,True,0.1663529027542454,0.10099697932847407,0.9661799848448567,0.07075728554007969,0.06426655737351464,1.6471077042137394,42,0.050522735702561716,0.011664793358210693,2.0077860378374965,0.6488524691732792,0.641371008888646,19.00771794757534,8,3.2926345028820485,-0.0015022097499338694,0.0015022097499338694,-2.8029452799069166,-0.08394158892769572,-0.0838156801957084,-7.816160067892357,1,0.0,0.0,True,False,False,False,False,False,False,train_trade_event_count_42_below_80;validation_trade_event_count_8_below_30;locked_oos_trade_event_count_1_below_20;locked_oos_return_not_positive;primary_10bps_promotion_gate_failed,liquidation_count_positive;locked_oos_calmar_non_positive;locked_oos_return_non_positive;locked_oos_sharpe_non_positive;locked_oos_smart_sortino_non_positive;locked_oos_sortino_non_positive;train_calmar_not_above_validation;train_sharpe_not_above_validation;train_smart_sortino_not_above_validation;train_sortino_not_above_validation,"{""abs_factor_score_min"": 3.0}"
57,thin_sample_shadow,71,shadow_only_thin_sample,not_promoted_shadow_or_reject,fresh_tv10_filter_abs_score_ge_3_alpha_zoo_conservative_exit_7p0x_0p1alloc,alpha_zoo_conservative_exit,individual_seed_trade_filter,fresh_train_validation_10bps_trade_filter,abs_score_ge_3,7.0,0.1,0.7000000000000001,7000.000000000001,7000.000000000001,True,0.1663529027542454,0.10099697932847407,0.9661799848448567,0.07075728554007969,0.06426655737351464,1.6471077042137394,42,0.050522735702561716,0.011664793358210693,2.0077860378374965,0.6488524691732792,0.641371008888646,19.00771794757534,8,3.2926345028820485,-0.0015022097499338694,0.0015022097499338694,-2.8029452799069166,-0.08394158892769572,-0.0838156801957084,-7.816160067892357,1,0.0,0.0,True,False,False,False,False,False,False,train_trade_event_count_42_below_80;validation_trade_event_count_8_below_30;locked_oos_trade_event_count_1_below_20;locked_oos_return_not_positive;primary_10bps_promotion_gate_failed,liquidation_count_positive;locked_oos_calmar_non_positive;locked_oos_return_non_positive;locked_oos_sharpe_non_positive;locked_oos_smart_sortino_non_positive;locked_oos_sortino_non_positive;train_calmar_not_above_validation;train_sharpe_not_above_validation;train_smart_sortino_not_above_validation;train_sortino_not_above_validation,"{""abs_factor_score_min"": 3.0}"
58,thin_sample_shadow,72,shadow_only_thin_sample,not_promoted_shadow_or_reject,fresh_tv10_filter_abs_score_ge_3_alpha_zoo_conservative_exit_carry_forward_old_split_selected_3p0x_0p175alloc,alpha_zoo_conservative_exit_carry_forward_old_split_selected,individual_seed_trade_filter,fresh_train_validation_10bps_trade_filter,abs_score_ge_3,3.0,0.175,0.5249999999999999,5249.999999999999,5249.999999999999,True,0.2112931094561492,0.042079527127331554,1.8314392410482312,0.247599193249671,0.23760105328258396,5.021280510514811,42,0.03790541022974048,0.008749638740687777,2.00824495581405,0.649331085976647,0.6436989526829124,18.650955393874305,8,5.574220359983579,-0.0011266573124504298,0.0011266573124504298,-2.8029452799069183,-0.08394158892769572,-0.08384712195461763,-7.826223434850859,1,0.0,0.0,True,False,False,False,False,False,False,train_trade_event_count_42_below_80;validation_trade_event_count_8_below_30;locked_oos_trade_event_count_1_below_20;locked_oos_return_not_positive;primary_10bps_promotion_gate_failed,locked_oos_calmar_non_positive;locked_oos_return_non_positive;locked_oos_sharpe_non_positive;locked_oos_smart_sortino_non_positive;locked_oos_sortino_non_positive;train_calmar_not_above_validation;train_sharpe_not_above_validation;train_smart_sortino_not_above_validation;train_sortino_not_above_validation,"{""abs_factor_score_min"": 3.0}"
59,thin_sample_shadow,73,shadow_only_thin_sample,not_promoted_shadow_or_reject,fresh_tv10_filter_abs_score_ge_3_alpha_zoo_conservative_exit_3p0x_0p175alloc,alpha_zoo_conservative_exit,individual_seed_trade_filter,fresh_train_validation_10bps_trade_filter,abs_score_ge_3,3.0,0.175,0.5249999999999999,5249.999999999999,5249.999999999999,True,0.2112931094561492,0.042079527127331554,1.8314392410482312,0.247599193249671,0.23760105328258396,5.021280510514811,42,0.03790541022974048,0.008749638740687777,2.00824495581405,0.649331085976647,0.6436989526829124,18.650955393874305,8,5.574220359983579,-0.0011266573124504298,0.0011266573124504298,-2.8029452799069183,-0.08394158892769572,-0.08384712195461763,-7.826223434850859,1,0.0,0.0,True,False,False,False,False,False,False,train_trade_event_count_42_below_80;validation_trade_event_count_8_below_30;locked_oos_trade_event_count_1_below_20;locked_oos_return_not_positive;primary_10bps_promotion_gate_failed,locked_oos_calmar_non_positive;locked_oos_return_non_positive;locked_oos_sharpe_non_positive;locked_oos_smart_sortino_non_positive;locked_oos_sortino_non_positive;train_calmar_not_above_validation;train_sharpe_not_above_validation;train_smart_sortino_not_above_validation;train_sortino_not_above_validation,"{""abs_factor_score_min"": 3.0}"
60,thin_sample_shadow,76,shadow_only_thin_sample,not_promoted_shadow_or_reject,fresh_tv10_filter_abs_score_ge_3_alpha_zoo_conservative_exit_carry_forward_old_split_selected_5p0x_0p1alloc,alpha_zoo_conservative_exit_carry_forward_old_split_selected,individual_seed_trade_filter,fresh_train_validation_10bps_trade_filter,abs_score_ge_3,5.0,0.1,0.5,5000.0,5000.0,True,0.20052266550095488,0.04010321020255953,1.8313079232597347,0.24745548041344043,0.23791435117794568,5.000164936625367,42,0.03610212697733961,0.008333129059979948,2.0083105087674613,0.6493994032860572,0.6440325965402532,18.600413555606647,8,5.554317218672957,-0.0010730069642385098,0.0010730069642385098,-2.802945279906917,-0.08394158892769572,-0.08385161556023694,-7.827662264019408,1,0.0,0.0,True,False,False,False,False,False,False,train_trade_event_count_42_below_80;validation_trade_event_count_8_below_30;locked_oos_trade_event_count_1_below_20;locked_oos_return_not_positive;primary_10bps_promotion_gate_failed,locked_oos_calmar_non_positive;locked_oos_return_non_positive;locked_oos_sharpe_non_positive;locked_oos_smart_sortino_non_positive;locked_oos_sortino_non_positive;train_calmar_not_above_validation;train_sharpe_not_above_validation;train_smart_sortino_not_above_validation;train_sortino_not_above_validation,"{""abs_factor_score_min"": 3.0}"
61,thin_sample_shadow,77,shadow_only_thin_sample,not_promoted_shadow_or_reject,fresh_tv10_filter_abs_score_ge_3_alpha_zoo_conservative_exit_carry_forward_old_split_selected_4p0x_0p125alloc,alpha_zoo_conservative_exit_carry_forward_old_split_selected,individual_seed_trade_filter,fresh_train_validation_10bps_trade_filter,abs_score_ge_3,4.0,0.125,0.5,5000.0,5000.0,True,0.20052266550095488,0.04010321020255953,1.8313079232597347,0.24745548041344043,0.23791435117794568,5.000164936625367,42,0.03610212697733961,0.008333129059979948,2.0083105087674613,0.6493994032860572,0.6440325965402532,18.600413555606647,8,5.554317218672957,-0.0010730069642385098,0.0010730069642385098,-2.802945279906917,-0.08394158892769572,-0.08385161556023694,-7.827662264019408,1,0.0,0.0,True,False,False,False,False,False,False,train_trade_event_count_42_below_80;validation_trade_event_count_8_below_30;locked_oos_trade_event_count_1_below_20;locked_oos_return_not_positive;primary_10bps_promotion_gate_failed,locked_oos_calmar_non_positive;locked_oos_return_non_positive;locked_oos_sharpe_non_positive;locked_oos_smart_sortino_non_positive;locked_oos_sortino_non_positive;train_calmar_not_above_validation;train_sharpe_not_above_validation;train_smart_sortino_not_above_validation;train_sortino_not_above_validation,"{""abs_factor_score_min"": 3.0}"
62,thin_sample_shadow,78,shadow_only_thin_sample,not_promoted_shadow_or_reject,fresh_tv10_filter_abs_score_ge_3_alpha_zoo_conservative_exit_5p0x_0p1alloc,alpha_zoo_conservative_exit,individual_seed_trade_filter,fresh_train_validation_10bps_trade_filter,abs_score_ge_3,5.0,0.1,0.5,5000.0,5000.0,True,0.20052266550095488,0.04010321020255953,1.8313079232597347,0.24745548041344043,0.23791435117794568,5.000164936625367,42,0.03610212697733961,0.008333129059979948,2.0083105087674613,0.6493994032860572,0.6440325965402532,18.600413555606647,8,5.554317218672957,-0.0010730069642385098,0.0010730069642385098,-2.802945279906917,-0.08394158892769572,-0.08385161556023694,-7.827662264019408,1,0.0,0.0,True,False,False,False,False,False,False,train_trade_event_count_42_below_80;validation_trade_event_count_8_below_30;locked_oos_trade_event_count_1_below_20;locked_oos_return_not_positive;primary_10bps_promotion_gate_failed,locked_oos_calmar_non_positive;locked_oos_return_non_positive;locked_oos_sharpe_non_positive;locked_oos_smart_sortino_non_positive;locked_oos_sortino_non_positive;train_calmar_not_above_validation;train_sharpe_not_above_validation;train_smart_sortino_not_above_validation;train_sortino_not_above_validation,"{""abs_factor_score_min"": 3.0}"
63,thin_sample_shadow,79,shadow_only_thin_sample,not_promoted_shadow_or_reject,fresh_tv10_filter_abs_score_ge_3_alpha_zoo_conservative_exit_4p0x_0p125alloc,alpha_zoo_conservative_exit,individual_seed_trade_filter,fresh_train_validation_10bps_trade_filter,abs_score_ge_3,4.0,0.125,0.5,5000.0,5000.0,True,0.20052266550095488,0.04010321020255953,1.8313079232597347,0.24745548041344043,0.23791435117794568,5.000164936625367,42,0.03610212697733961,0.008333129059979948,2.0083105087674613,0.6493994032860572,0.6440325965402532,18.600413555606647,8,5.554317218672957,-0.0010730069642385098,0.0010730069642385098,-2.802945279906917,-0.08394158892769572,-0.08385161556023694,-7.827662264019408,1,0.0,0.0,True,False,False,False,False,False,False,train_trade_event_count_42_below_80;validation_trade_event_count_8_below_30;locked_oos_trade_event_count_1_below_20;locked_oos_return_not_positive;primary_10bps_promotion_gate_failed,locked_oos_calmar_non_positive;locked_oos_return_non_positive;locked_oos_sharpe_non_positive;locked_oos_smart_sortino_non_positive;locked_oos_sortino_non_positive;train_calmar_not_above_validation;train_sharpe_not_above_validation;train_smart_sortino_not_above_validation;train_sortino_not_above_validation,"{""abs_factor_score_min"": 3.0}"
64,thin_sample_shadow,80,shadow_only_thin_sample,not_promoted_shadow_or_reject,fresh_tv10_filter_symbol_bnb_usdt_abs_score_ge_2_alpha_zoo_range_sweep_blend_7p0x_0p175alloc,alpha_zoo_range_sweep_blend,individual_seed_trade_filter,fresh_train_validation_10bps_trade_filter,symbol_bnb_usdt_abs_score_ge_2,7.0,0.175,1.2249999999999999,12249.999999999998,12249.999999999998,True,0.09606531924818063,0.11026677601074797,0.8090630091246991,0.08450022456161076,0.07610803672359259,0.8712081981867041,66,0.13494312594029112,0.008533605287468065,4.206331778056272,1.1935560582222673,1.1834569041277125,78.80518987848687,14,0.7118948711080479,-0.017993776610874646,0.03142545448792114,-2.1598770607839732,-0.221384741601942,-0.21463959478472866,-4.230559995521606,10,0.0,0.0,True,False,False,False,False,False,False,train_trade_event_count_66_below_80;validation_trade_event_count_14_below_30;locked_oos_trade_event_count_10_below_20;locked_oos_return_not_positive;primary_10bps_promotion_gate_failed,locked_oos_calmar_non_positive;locked_oos_return_non_positive;locked_oos_sharpe_non_positive;locked_oos_smart_sortino_non_positive;locked_oos_sortino_non_positive;train_calmar_not_above_validation;train_sharpe_not_above_validation;train_smart_sortino_not_above_validation;train_sortino_not_above_validation;train_total_return_not_above_validation,"{""abs_factor_score_min"": 2.0, ""symbol"": ""BNB/USDT""}"
65,thin_sample_shadow,81,shadow_only_thin_sample,not_promoted_shadow_or_reject,fresh_tv10_filter_symbol_eth_usdt_abs_score_ge_2_alpha_zoo_high_confidence_single_pair_7p0x_0p15alloc,alpha_zoo_high_confidence_single_pair,individual_seed_trade_filter,fresh_train_validation_10bps_trade_filter,symbol_eth_usdt_abs_score_ge_2,7.0,0.15,1.05,10500.0,10500.0,True,0.2590118893325932,0.10122541341037765,1.2584514679624685,0.10144316928954845,0.09211844192315702,2.5587634627139915,45,0.024187289576493187,0.00678406472204481,2.1961503439027386,0.24069031315398873,0.23906845726689074,15.031741213200931,8,10.708595045900395,0.003784194955747777,0.029771174546089324,0.3563198422610312,0.040004551932893206,0.03884800130526738,1.011686585059299,8,0.0,0.0,True,False,False,False,False,False,False,train_trade_event_count_45_below_80;validation_trade_event_count_8_below_30;locked_oos_trade_event_count_8_below_20;primary_10bps_promotion_gate_failed,train_calmar_not_above_validation;train_sharpe_not_above_validation;train_smart_sortino_not_above_validation;train_sortino_not_above_validation,"{""abs_factor_score_min"": 2.0, ""symbol"": ""ETH/USDT""}"
66,thin_sample_shadow,82,shadow_only_thin_sample,not_promoted_shadow_or_reject,fresh_tv10_filter_symbol_eth_usdt_abs_score_ge_2_alpha_zoo_high_confidence_single_pair_6p0x_0p175alloc,alpha_zoo_high_confidence_single_pair,individual_seed_trade_filter,fresh_train_validation_10bps_trade_filter,symbol_eth_usdt_abs_score_ge_2,6.0,0.175,1.0499999999999998,10499.999999999998,10499.999999999998,True,0.25901188933259256,0.10122541341037765,1.258451467962467,0.10144316928954827,0.09211844192315687,2.558763462713985,45,0.024187289576493187,0.00678406472204481,2.1961503439027386,0.24069031315398873,0.23906845726689074,15.031741213200931,8,10.708595045900369,0.003784194955747777,0.029771174546089324,0.3563198422610312,0.040004551932893206,0.03884800130526738,1.011686585059299,8,0.0,0.0,True,False,False,False,False,False,False,train_trade_event_count_45_below_80;validation_trade_event_count_8_below_30;locked_oos_trade_event_count_8_below_20;primary_10bps_promotion_gate_failed,train_calmar_not_above_validation;train_sharpe_not_above_validation;train_smart_sortino_not_above_validation;train_sortino_not_above_validation,"{""abs_factor_score_min"": 2.0, ""symbol"": ""ETH/USDT""}"
67,thin_sample_shadow,83,shadow_only_thin_sample,not_promoted_shadow_or_reject,fresh_tv10_filter_symbol_bnb_usdt_abs_score_ge_1p5_alpha_zoo_conservative_exit_carry_forward_old_split_selected_9p0x_0p125alloc,alpha_zoo_conservative_exit_carry_forward_old_split_selected,individual_seed_trade_filter,fresh_train_validation_10bps_trade_filter,symbol_bnb_usdt_abs_score_ge_1.5,9.0,0.125,1.125,11250.0,11250.0,True,0.09718857670445247,0.1021188960241524,0.6520589966761272,0.09444973528817682,0.08569831769412563,0.9517198137499072,108,0.13101215359045804,0.015211056236739982,3.3339914955480148,0.9394469334190939,0.9253710621528353,42.6716094463414,16,0.7418287085659431,-0.03346031687530693,0.05344536600612662,-3.4845827803429685,-0.4235405967195412,-0.4020527408320081,-4.3898590639211506,15,0.0,0.0,True,False,False,False,False,False,False,validation_trade_event_count_16_below_30;locked_oos_trade_event_count_15_below_20;locked_oos_return_not_positive;primary_10bps_promotion_gate_failed,locked_oos_calmar_non_positive;locked_oos_return_non_positive;locked_oos_sharpe_non_positive;locked_oos_smart_sortino_non_positive;locked_oos_sortino_non_positive;train_calmar_not_above_validation;train_sharpe_not_above_validation;train_smart_sortino_not_above_validation;train_sortino_not_above_validation;train_total_return_not_above_validation,"{""abs_factor_score_min"": 1.5, ""symbol"": ""BNB/USDT""}"
68,thin_sample_shadow,84,shadow_only_thin_sample,not_promoted_shadow_or_reject,fresh_tv10_filter_symbol_bnb_usdt_abs_score_ge_1p5_alpha_zoo_conservative_exit_9p0x_0p125alloc,alpha_zoo_conservative_exit,individual_seed_trade_filter,fresh_train_validation_10bps_trade_filter,symbol_bnb_usdt_abs_score_ge_1.5,9.0,0.125,1.125,11250.0,11250.0,True,0.09718857670445247,0.1021188960241524,0.6520589966761272,0.09444973528817682,0.08569831769412563,0.9517198137499072,108,0.13101215359045804,0.015211056236739982,3.3339914955480148,0.9394469334190939,0.9253710621528353,42.6716094463414,16,0.7418287085659431,-0.03346031687530693,0.05344536600612662,-3.4845827803429685,-0.4235405967195412,-0.4020527408320081,-4.3898590639211506,15,0.0,0.0,True,False,False,False,False,False,False,validation_trade_event_count_16_below_30;locked_oos_trade_event_count_15_below_20;locked_oos_return_not_positive;primary_10bps_promotion_gate_failed,locked_oos_calmar_non_positive;locked_oos_return_non_positive;locked_oos_sharpe_non_positive;locked_oos_smart_sortino_non_positive;locked_oos_sortino_non_positive;train_calmar_not_above_validation;train_sharpe_not_above_validation;train_smart_sortino_not_above_validation;train_sortino_not_above_validation;train_total_return_not_above_validation,"{""abs_factor_score_min"": 1.5, ""symbol"": ""BNB/USDT""}"
69,thin_sample_shadow,85,shadow_only_thin_sample,not_promoted_shadow_or_reject,fresh_tv10_filter_symbol_bnb_usdt_abs_score_ge_2_alpha_zoo_range_sweep_blend_6p0x_0p2alloc,alpha_zoo_range_sweep_blend,individual_seed_trade_filter,fresh_train_validation_10bps_trade_filter,symbol_bnb_usdt_abs_score_ge_2,6.0,0.2,1.2000000000000002,12000.000000000002,12000.000000000002,True,0.09417617669980038,0.10807987144752088,0.8090630091247005,0.08450022456161092,0.07625824341635727,0.8713572234912257,66,0.13205630121945044,0.00835936700014182,4.206331778056272,1.1935560582222693,1.1836613981908906,78.38808180880986,14,0.7131517074925409,-0.01762451756503225,0.030791729117308472,-2.1598770607839426,-0.22138474160193936,-0.21477155408640733,-4.234334539014938,10,0.0,0.0,True,False,False,False,False,False,False,train_trade_event_count_66_below_80;validation_trade_event_count_14_below_30;locked_oos_trade_event_count_10_below_20;locked_oos_return_not_positive;primary_10bps_promotion_gate_failed,locked_oos_calmar_non_positive;locked_oos_return_non_positive;locked_oos_sharpe_non_positive;locked_oos_smart_sortino_non_positive;locked_oos_sortino_non_positive;train_calmar_not_above_validation;train_sharpe_not_above_validation;train_smart_sortino_not_above_validation;train_sortino_not_above_validation;train_total_return_not_above_validation,"{""abs_factor_score_min"": 2.0, ""symbol"": ""BNB/USDT""}"
70,thin_sample_shadow,86,shadow_only_thin_sample,not_promoted_shadow_or_reject,fresh_tv10_filter_symbol_eth_usdt_abs_score_ge_2_alpha_zoo_high_confidence_single_pair_5p0x_0p2alloc,alpha_zoo_high_confidence_single_pair,individual_seed_trade_filter,fresh_train_validation_10bps_trade_filter,symbol_eth_usdt_abs_score_ge_2,5.0,0.2,1.0,10000.0,10000.0,True,0.2464034378701192,0.096405155628931,1.2584514679624688,0.10144316928954841,0.0925234333026805,2.555915565538219,45,0.02303363115822865,0.006461014020994977,2.196150343902751,0.2406903131539914,0.23914519271083312,15.004080639593424,8,10.697550732555374,0.003630105966579533,0.02836393673062111,0.3563198422610287,0.04000455193289287,0.03890116183972331,1.0181023336947566,8,0.0,0.0,True,False,False,False,False,False,False,train_trade_event_count_45_below_80;validation_trade_event_count_8_below_30;locked_oos_trade_event_count_8_below_20;primary_10bps_promotion_gate_failed,train_calmar_not_above_validation;train_sharpe_not_above_validation;train_smart_sortino_not_above_validation;train_sortino_not_above_validation,"{""abs_factor_score_min"": 2.0, ""symbol"": ""ETH/USDT""}"
71,thin_sample_shadow,87,shadow_only_thin_sample,not_promoted_shadow_or_reject,fresh_tv10_filter_symbol_bnb_usdt_abs_score_ge_1p5_alpha_zoo_conservative_exit_carry_forward_old_split_selected_11p0x_0p1alloc,alpha_zoo_conservative_exit_carry_forward_old_split_selected,individual_seed_trade_filter,fresh_train_validation_10bps_trade_filter,symbol_bnb_usdt_abs_score_ge_1.5,11.0,0.1,1.1,11000.0,11000.0,True,0.09523463967946122,0.09994128898512568,0.6520589966761294,0.09444973528817716,0.08586797880396177,0.952905857494344,108,0.1279896444081794,0.014873664854597686,3.3339914955480205,0.9394469334190948,0.925678698691714,42.44061259203518,16,0.7440808209119072,-0.032721321388984204,0.05228418343660128,-3.484582780342958,-0.42354059671953986,-0.4024964010542478,-4.399188338725688,15,0.0,0.0,True,False,False,False,False,False,False,validation_trade_event_count_16_below_30;locked_oos_trade_event_count_15_below_20;locked_oos_return_not_positive;primary_10bps_promotion_gate_failed,locked_oos_calmar_non_positive;locked_oos_return_non_positive;locked_oos_sharpe_non_positive;locked_oos_smart_sortino_non_positive;locked_oos_sortino_non_positive;train_calmar_not_above_validation;train_sharpe_not_above_validation;train_smart_sortino_not_above_validation;train_sortino_not_above_validation;train_total_return_not_above_validation,"{""abs_factor_score_min"": 1.5, ""symbol"": ""BNB/USDT""}"
72,thin_sample_shadow,88,shadow_only_thin_sample,not_promoted_shadow_or_reject,fresh_tv10_filter_symbol_bnb_usdt_abs_score_ge_1p5_alpha_zoo_conservative_exit_11p0x_0p1alloc,alpha_zoo_conservative_exit,individual_seed_trade_filter,fresh_train_validation_10bps_trade_filter,symbol_bnb_usdt_abs_score_ge_1.5,11.0,0.1,1.1,11000.0,11000.0,True,0.09523463967946122,0.09994128898512568,0.6520589966761294,0.09444973528817716,0.08586797880396177,0.952905857494344,108,0.1279896444081794,0.014873664854597686,3.3339914955480205,0.9394469334190948,0.925678698691714,42.44061259203518,16,0.7440808209119072,-0.032721321388984204,0.05228418343660128,-3.484582780342958,-0.42354059671953986,-0.4024964010542478,-4.399188338725688,15,0.0,0.0,True,False,False,False,False,False,False,validation_trade_event_count_16_below_30;locked_oos_trade_event_count_15_below_20;locked_oos_return_not_positive;primary_10bps_promotion_gate_failed,locked_oos_calmar_non_positive;locked_oos_return_non_positive;locked_oos_sharpe_non_positive;locked_oos_smart_sortino_non_positive;locked_oos_sortino_non_positive;train_calmar_not_above_validation;train_sharpe_not_above_validation;train_smart_sortino_not_above_validation;train_sortino_not_above_validation;train_total_return_not_above_validation,"{""abs_factor_score_min"": 1.5, ""symbol"": ""BNB/USDT""}"
73,thin_sample_shadow,89,shadow_only_thin_sample,not_promoted_shadow_or_reject,fresh_tv10_filter_abs_score_ge_3_alpha_zoo_conservative_exit_carry_forward_old_split_selected_6p0x_0p075alloc,alpha_zoo_conservative_exit_carry_forward_old_split_selected,individual_seed_trade_filter,fresh_train_validation_10bps_trade_filter,abs_score_ge_3,6.0,0.075,0.44999999999999996,4500.0,4500.0,True,0.17919983203922518,0.036142371347782025,1.8310442583573685,0.24716827371089392,0.23854663272710783,4.958164762208451,42,0.03249498465902212,0.00750006626340737,2.0084416096040885,0.6495359953527412,0.6447006974021601,18.499648414279154,8,5.5146920030771875,-0.00096570626781467,0.00096570626781467,-2.8029452799069166,-0.08394158892769572,-0.08386060421658104,-7.830540826933868,1,0.0,0.0,True,False,False,False,False,False,False,train_trade_event_count_42_below_80;validation_trade_event_count_8_below_30;locked_oos_trade_event_count_1_below_20;locked_oos_return_not_positive;primary_10bps_promotion_gate_failed,locked_oos_calmar_non_positive;locked_oos_return_non_positive;locked_oos_sharpe_non_positive;locked_oos_smart_sortino_non_positive;locked_oos_sortino_non_positive;train_calmar_not_above_validation;train_sharpe_not_above_validation;train_smart_sortino_not_above_validation;train_sortino_not_above_validation,"{""abs_factor_score_min"": 3.0}"
74,thin_sample_shadow,90,shadow_only_thin_sample,not_promoted_shadow_or_reject,fresh_tv10_filter_abs_score_ge_3_alpha_zoo_conservative_exit_carry_forward_old_split_selected_3p0x_0p15alloc,alpha_zoo_conservative_exit_carry_forward_old_split_selected,individual_seed_trade_filter,fresh_train_validation_10bps_trade_filter,abs_score_ge_3,3.0,0.15,0.44999999999999996,4500.0,4500.0,True,0.17919983203922518,0.036142371347782025,1.8310442583573685,0.24716827371089392,0.23854663272710783,4.958164762208451,42,0.03249498465902212,0.00750006626340737,2.0084416096040885,0.6495359953527412,0.6447006974021601,18.499648414279154,8,5.5146920030771875,-0.00096570626781467,0.00096570626781467,-2.8029452799069166,-0.08394158892769572,-0.08386060421658104,-7.830540826933868,1,0.0,0.0,True,False,False,False,False,False,False,train_trade_event_count_42_below_80;validation_trade_event_count_8_below_30;locked_oos_trade_event_count_1_below_20;locked_oos_return_not_positive;primary_10bps_promotion_gate_failed,locked_oos_calmar_non_positive;locked_oos_return_non_positive;locked_oos_sharpe_non_positive;locked_oos_smart_sortino_non_positive;locked_oos_sortino_non_positive;train_calmar_not_above_validation;train_sharpe_not_above_validation;train_smart_sortino_not_above_validation;train_sortino_not_above_validation,"{""abs_factor_score_min"": 3.0}"
75,thin_sample_shadow,91,shadow_only_thin_sample,not_promoted_shadow_or_reject,fresh_tv10_filter_abs_score_ge_3_alpha_zoo_conservative_exit_6p0x_0p075alloc,alpha_zoo_conservative_exit,individual_seed_trade_filter,fresh_train_validation_10bps_trade_filter,abs_score_ge_3,6.0,0.075,0.44999999999999996,4500.0,4500.0,True,0.17919983203922518,0.036142371347782025,1.8310442583573685,0.24716827371089392,0.23854663272710783,4.958164762208451,42,0.03249498465902212,0.00750006626340737,2.0084416096040885,0.6495359953527412,0.6447006974021601,18.499648414279154,8,5.5146920030771875,-0.00096570626781467,0.00096570626781467,-2.8029452799069166,-0.08394158892769572,-0.08386060421658104,-7.830540826933868,1,0.0,0.0,True,False,False,False,False,False,False,train_trade_event_count_42_below_80;validation_trade_event_count_8_below_30;locked_oos_trade_event_count_1_below_20;locked_oos_return_not_positive;primary_10bps_promotion_gate_failed,locked_oos_calmar_non_positive;locked_oos_return_non_positive;locked_oos_sharpe_non_positive;locked_oos_smart_sortino_non_positive;locked_oos_sortino_non_positive;train_calmar_not_above_validation;train_sharpe_not_above_validation;train_smart_sortino_not_above_validation;train_sortino_not_above_validation,"{""abs_factor_score_min"": 3.0}"
76,thin_sample_shadow,92,shadow_only_thin_sample,not_promoted_shadow_or_reject,fresh_tv10_filter_abs_score_ge_3_alpha_zoo_conservative_exit_3p0x_0p15alloc,alpha_zoo_conservative_exit,individual_seed_trade_filter,fresh_train_validation_10bps_trade_filter,abs_score_ge_3,3.0,0.15,0.44999999999999996,4500.0,4500.0,True,0.17919983203922518,0.036142371347782025,1.8310442583573685,0.24716827371089392,0.23854663272710783,4.958164762208451,42,0.03249498465902212,0.00750006626340737,2.0084416096040885,0.6495359953527412,0.6447006974021601,18.499648414279154,8,5.5146920030771875,-0.00096570626781467,0.00096570626781467,-2.8029452799069166,-0.08394158892769572,-0.08386060421658104,-7.830540826933868,1,0.0,0.0,True,False,False,False,False,False,False,train_trade_event_count_42_below_80;validation_trade_event_count_8_below_30;locked_oos_trade_event_count_1_below_20;locked_oos_return_not_positive;primary_10bps_promotion_gate_failed,locked_oos_calmar_non_positive;locked_oos_return_non_positive;locked_oos_sharpe_non_positive;locked_oos_smart_sortino_non_positive;locked_oos_sortino_non_positive;train_calmar_not_above_validation;train_sharpe_not_above_validation;train_smart_sortino_not_above_validation;train_sortino_not_above_validation,"{""abs_factor_score_min"": 3.0}"
77,thin_sample_shadow,93,shadow_only_thin_sample,not_promoted_shadow_or_reject,fresh_tv10_filter_symbol_eth_usdt_abs_score_ge_2_alpha_zoo_high_confidence_single_pair_6p0x_0p15alloc,alpha_zoo_high_confidence_single_pair,individual_seed_trade_filter,fresh_train_validation_10bps_trade_filter,symbol_eth_usdt_abs_score_ge_2,6.0,0.15,0.8999999999999999,9000.0,9000.0,True,0.22123123603023065,0.08676464006603792,1.2584514679624699,0.10144316928954854,0.0933441939032763,2.5497856714653357,45,0.020726852792323447,0.005814912618895488,2.1961503439027603,0.2406903131539929,0.23929881147545753,14.948889748890462,8,10.673653074439141,0.003314111846650425,0.025546328951441287,0.3563198422610035,0.04000455193288988,0.03900803971849044,1.0308751102911664,8,0.0,0.0,True,False,False,False,False,False,False,train_trade_event_count_45_below_80;validation_trade_event_count_8_below_30;locked_oos_trade_event_count_8_below_20;primary_10bps_promotion_gate_failed,train_calmar_not_above_validation;train_sharpe_not_above_validation;train_smart_sortino_not_above_validation;train_sortino_not_above_validation,"{""abs_factor_score_min"": 2.0, ""symbol"": ""ETH/USDT""}"
78,thin_sample_shadow,94,shadow_only_thin_sample,not_promoted_shadow_or_reject,fresh_tv10_filter_symbol_bnb_usdt_abs_score_ge_1p5_alpha_zoo_conservative_exit_carry_forward_old_split_selected_7p0x_0p15alloc,alpha_zoo_conservative_exit_carry_forward_old_split_selected,individual_seed_trade_filter,fresh_train_validation_10bps_trade_filter,symbol_bnb_usdt_abs_score_ge_1.5,7.0,0.15,1.05,10500.0,10500.0,True,0.09129617638114174,0.09557380350328248,0.652058996676129,0.09444973528817711,0.08621028997422,0.9552426819343458,108,0.12195989345526548,0.014198795897726608,3.33399149554802,0.9394469334190972,0.9262946645361947,41.98289689609324,16,0.7485754029018474,-0.031242693501600582,0.049958247574001254,-3.4845827803429614,-0.42354059671954064,-0.4033880372844916,-4.417927122820844,15,0.0,0.0,True,False,False,False,False,False,False,validation_trade_event_count_16_below_30;locked_oos_trade_event_count_15_below_20;locked_oos_return_not_positive;primary_10bps_promotion_gate_failed,locked_oos_calmar_non_positive;locked_oos_return_non_positive;locked_oos_sharpe_non_positive;locked_oos_smart_sortino_non_positive;locked_oos_sortino_non_positive;train_calmar_not_above_validation;train_sharpe_not_above_validation;train_smart_sortino_not_above_validation;train_sortino_not_above_validation;train_total_return_not_above_validation,"{""abs_factor_score_min"": 1.5, ""symbol"": ""BNB/USDT""}"
79,thin_sample_shadow,95,shadow_only_thin_sample,not_promoted_shadow_or_reject,fresh_tv10_filter_symbol_bnb_usdt_abs_score_ge_1p5_alpha_zoo_conservative_exit_7p0x_0p15alloc,alpha_zoo_conservative_exit,individual_seed_trade_filter,fresh_train_validation_10bps_trade_filter,symbol_bnb_usdt_abs_score_ge_1.5,7.0,0.15,1.05,10500.0,10500.0,True,0.09129617638114174,0.09557380350328248,0.652058996676129,0.09444973528817711,0.08621028997422,0.9552426819343458,108,0.12195989345526548,0.014198795897726608,3.33399149554802,0.9394469334190972,0.9262946645361947,41.98289689609324,16,0.7485754029018474,-0.031242693501600582,0.049958247574001254,-3.4845827803429614,-0.42354059671954064,-0.4033880372844916,-4.417927122820844,15,0.0,0.0,True,False,False,False,False,False,False,validation_trade_event_count_16_below_30;locked_oos_trade_event_count_15_below_20;locked_oos_return_not_positive;primary_10bps_promotion_gate_failed,locked_oos_calmar_non_positive;locked_oos_return_non_positive;locked_oos_sharpe_non_positive;locked_oos_smart_sortino_non_positive;locked_oos_sortino_non_positive;train_calmar_not_above_validation;train_sharpe_not_above_validation;train_smart_sortino_not_above_validation;train_sortino_not_above_validation;train_total_return_not_above_validation,"{""abs_factor_score_min"": 1.5, ""symbol"": ""BNB/USDT""}"
80,thin_sample_shadow,96,shadow_only_thin_sample,not_promoted_shadow_or_reject,fresh_tv10_filter_symbol_bnb_usdt_abs_score_ge_1p5_alpha_zoo_conservative_exit_carry_forward_old_split_selected_6p0x_0p175alloc,alpha_zoo_conservative_exit_carry_forward_old_split_selected,individual_seed_trade_filter,fresh_train_validation_10bps_trade_filter,symbol_bnb_usdt_abs_score_ge_1.5,6.0,0.175,1.0499999999999998,10499.999999999998,10499.999999999998,True,0.09129617638114174,0.09557380350328248,0.652058996676129,0.09444973528817711,0.08621028997422,0.9552426819343458,108,0.12195989345526526,0.01419879589772661,3.3339914955480188,0.9394469334190955,0.926294664536193,41.98289689609314,16,0.7485754029018488,-0.031242693501600582,0.049958247574001254,-3.4845827803429614,-0.42354059671954064,-0.4033880372844916,-4.417927122820844,15,0.0,0.0,True,False,False,False,False,False,False,validation_trade_event_count_16_below_30;locked_oos_trade_event_count_15_below_20;locked_oos_return_not_positive;primary_10bps_promotion_gate_failed,locked_oos_calmar_non_positive;locked_oos_return_non_positive;locked_oos_sharpe_non_positive;locked_oos_smart_sortino_non_positive;locked_oos_sortino_non_positive;train_calmar_not_above_validation;train_sharpe_not_above_validation;train_smart_sortino_not_above_validation;train_sortino_not_above_validation;train_total_return_not_above_validation,"{""abs_factor_score_min"": 1.5, ""symbol"": ""BNB/USDT""}"
81,thin_sample_shadow,97,shadow_only_thin_sample,not_promoted_shadow_or_reject,fresh_tv10_filter_symbol_bnb_usdt_abs_score_ge_1p5_alpha_zoo_conservative_exit_6p0x_0p175alloc,alpha_zoo_conservative_exit,individual_seed_trade_filter,fresh_train_validation_10bps_trade_filter,symbol_bnb_usdt_abs_score_ge_1.5,6.0,0.175,1.0499999999999998,10499.999999999998,10499.999999999998,True,0.09129617638114174,0.09557380350328248,0.652058996676129,0.09444973528817711,0.08621028997422,0.9552426819343458,108,0.12195989345526526,0.01419879589772661,3.3339914955480188,0.9394469334190955,0.926294664536193,41.98289689609314,16,0.7485754029018488,-0.031242693501600582,0.049958247574001254,-3.4845827803429614,-0.42354059671954064,-0.4033880372844916,-4.417927122820844,15,0.0,0.0,True,False,False,False,False,False,False,validation_trade_event_count_16_below_30;locked_oos_trade_event_count_15_below_20;locked_oos_return_not_positive;primary_10bps_promotion_gate_failed,locked_oos_calmar_non_positive;locked_oos_return_non_positive;locked_oos_sharpe_non_positive;locked_oos_smart_sortino_non_positive;locked_oos_sortino_non_positive;train_calmar_not_above_validation;train_sharpe_not_above_validation;train_smart_sortino_not_above_validation;train_sortino_not_above_validation;train_total_return_not_above_validation,"{""abs_factor_score_min"": 1.5, ""symbol"": ""BNB/USDT""}"
82,thin_sample_shadow,98,shadow_only_thin_sample,not_promoted_shadow_or_reject,fresh_tv10_filter_symbol_eth_usdt_abs_score_ge_2_alpha_zoo_high_confidence_single_pair_7p0x_0p125alloc,alpha_zoo_high_confidence_single_pair,individual_seed_trade_filter,fresh_train_validation_10bps_trade_filter,symbol_eth_usdt_abs_score_ge_2,7.0,0.125,0.875,8750.0,8750.0,True,0.21494914983709146,0.08435451117531462,1.2584514679624679,0.10144316928954832,0.09355166437182585,2.5481642515876954,45,0.020150271452443747,0.005653387268370695,2.196150343902758,0.24069031315399228,0.23933724700890527,14.935119164516314,8,10.667307899270174,0.0032334842423042964,0.024841274514220572,0.3563198422610061,0.04000455193289027,0.039034875865877484,1.0340559505291027,8,0.0,0.0,True,False,False,False,False,False,False,train_trade_event_count_45_below_80;validation_trade_event_count_8_below_30;locked_oos_trade_event_count_8_below_20;primary_10bps_promotion_gate_failed,train_calmar_not_above_validation;train_sharpe_not_above_validation;train_smart_sortino_not_above_validation;train_sortino_not_above_validation,"{""abs_factor_score_min"": 2.0, ""symbol"": ""ETH/USDT""}"
83,thin_sample_shadow,99,shadow_only_thin_sample,not_promoted_shadow_or_reject,fresh_tv10_filter_symbol_eth_usdt_abs_score_ge_2_alpha_zoo_high_confidence_single_pair_5p0x_0p175alloc,alpha_zoo_high_confidence_single_pair,individual_seed_trade_filter,fresh_train_validation_10bps_trade_filter,symbol_eth_usdt_abs_score_ge_2,5.0,0.175,0.875,8750.0,8750.0,True,0.21494914983709146,0.08435451117531462,1.2584514679624679,0.10144316928954832,0.09355166437182585,2.5481642515876954,45,0.020150271452443747,0.005653387268370695,2.196150343902758,0.24069031315399228,0.23933724700890527,14.935119164516314,8,10.667307899270174,0.0032334842423042964,0.024841274514220572,0.3563198422610061,0.04000455193289027,0.039034875865877484,1.0340559505291027,8,0.0,0.0,True,False,False,False,False,False,False,train_trade_event_count_45_below_80;validation_trade_event_count_8_below_30;locked_oos_trade_event_count_8_below_20;primary_10bps_promotion_gate_failed,train_calmar_not_above_validation;train_sharpe_not_above_validation;train_smart_sortino_not_above_validation;train_sortino_not_above_validation,"{""abs_factor_score_min"": 2.0, ""symbol"": ""ETH/USDT""}"
84,thin_sample_shadow,100,shadow_only_thin_sample,not_promoted_shadow_or_reject,fresh_tv10_filter_abs_score_ge_3_alpha_zoo_conservative_exit_carry_forward_old_split_selected_7p0x_0p075alloc,alpha_zoo_conservative_exit_carry_forward_old_split_selected,individual_seed_trade_filter,fresh_train_validation_10bps_trade_filter,abs_score_ge_3,7.0,0.075,0.525,5250.0,5250.0,True,0.12513334793034403,0.07576850489903203,0.9640584058591204,0.07049807670957639,0.06553275764119261,1.6515219364179727,42,0.03790541022974048,0.008749638740687777,2.00824495581405,0.649331085976647,0.6436989526829124,18.650955393874305,8,3.3012002026076153,-0.0011266573124504298,0.0011266573124504298,-2.8029452799069183,-0.08394158892769572,-0.08384712195461763,-7.826223434850859,1,0.0,0.0,True,False,False,False,False,False,False,train_trade_event_count_42_below_80;validation_trade_event_count_8_below_30;locked_oos_trade_event_count_1_below_20;locked_oos_return_not_positive;primary_10bps_promotion_gate_failed,liquidation_count_positive;locked_oos_calmar_non_positive;locked_oos_return_non_positive;locked_oos_sharpe_non_positive;locked_oos_smart_sortino_non_positive;locked_oos_sortino_non_positive;train_calmar_not_above_validation;train_sharpe_not_above_validation;train_smart_sortino_not_above_validation;train_sortino_not_above_validation,"{""abs_factor_score_min"": 3.0}"
85,thin_sample_shadow,101,shadow_only_thin_sample,not_promoted_shadow_or_reject,fresh_tv10_filter_abs_score_ge_3_alpha_zoo_conservative_exit_7p0x_0p075alloc,alpha_zoo_conservative_exit,individual_seed_trade_filter,fresh_train_validation_10bps_trade_filter,abs_score_ge_3,7.0,0.075,0.525,5250.0,5250.0,True,0.12513334793034403,0.07576850489903203,0.9640584058591204,0.07049807670957639,0.06553275764119261,1.6515219364179727,42,0.03790541022974048,0.008749638740687777,2.00824495581405,0.649331085976647,0.6436989526829124,18.650955393874305,8,3.3012002026076153,-0.0011266573124504298,0.0011266573124504298,-2.8029452799069183,-0.08394158892769572,-0.08384712195461763,-7.826223434850859,1,0.0,0.0,True,False,False,False,False,False,False,train_trade_event_count_42_below_80;validation_trade_event_count_8_below_30;locked_oos_trade_event_count_1_below_20;locked_oos_return_not_positive;primary_10bps_promotion_gate_failed,liquidation_count_positive;locked_oos_calmar_non_positive;locked_oos_return_non_positive;locked_oos_sharpe_non_positive;locked_oos_smart_sortino_non_positive;locked_oos_sortino_non_positive;train_calmar_not_above_validation;train_sharpe_not_above_validation;train_smart_sortino_not_above_validation;train_sortino_not_above_validation,"{""abs_factor_score_min"": 3.0}"
86,thin_sample_shadow,103,shadow_only_thin_sample,not_promoted_shadow_or_reject,fresh_tv10_filter_side_long_symbol_bnb_usdt_abs_score_ge_2_alpha_zoo_range_sweep_blend_7p0x_0p175alloc,alpha_zoo_range_sweep_blend,individual_seed_trade_filter,fresh_train_validation_10bps_trade_filter,side_long_symbol_bnb_usdt_abs_score_ge_2,7.0,0.175,1.2249999999999999,12249.999999999998,12249.999999999998,True,0.09881665787765259,0.03815487776013744,1.1726045506570666,0.13672042392257489,0.13169559460873018,2.5898827012071295,36,0.056621351924249996,0.005587682249029391,2.8462286431219312,0.6734875737400469,0.6697452500947207,44.88366215528576,7,1.7452189769303448,0.0005870004896633141,0.016064291186183927,0.1200419095580184,0.010073657371734079,0.009914389728206853,0.2876604956071686,5,0.0,0.0,True,False,False,False,False,False,False,train_trade_event_count_36_below_80;validation_trade_event_count_7_below_30;locked_oos_trade_event_count_5_below_20;primary_10bps_promotion_gate_failed,train_calmar_not_above_validation;train_sharpe_not_above_validation;train_smart_sortino_not_above_validation;train_sortino_not_above_validation,"{""abs_factor_score_min"": 2.0, ""side"": ""LONG"", ""symbol"": ""BNB/USDT""}"
87,thin_sample_shadow,104,shadow_only_thin_sample,not_promoted_shadow_or_reject,fresh_tv10_filter_abs_score_ge_3_alpha_zoo_conservative_exit_carry_forward_old_split_selected_4p0x_0p1alloc,alpha_zoo_conservative_exit_carry_forward_old_split_selected,individual_seed_trade_filter,fresh_train_validation_10bps_trade_filter,abs_score_ge_3,4.0,0.1,0.4,4000.0,4000.0,True,0.15816574413773776,0.032170579148573165,1.8307792185539398,0.24688135868491196,0.23918658763608805,4.9164717678000756,42,0.0288870948606903,0.0066669461078553835,2.0085727036790915,0.6496725305749406,0.6453698843364366,18.399308200008516,8,5.475308088283065,-0.0008584055713908301,0.0008584055713908301,-2.8029452799069166,-0.08394158892769572,-0.08386959480024891,-7.833420596344613,1,0.0,0.0,True,False,False,False,False,False,False,train_trade_event_count_42_below_80;validation_trade_event_count_8_below_30;locked_oos_trade_event_count_1_below_20;locked_oos_return_not_positive;primary_10bps_promotion_gate_failed,locked_oos_calmar_non_positive;locked_oos_return_non_positive;locked_oos_sharpe_non_positive;locked_oos_smart_sortino_non_positive;locked_oos_sortino_non_positive;train_calmar_not_above_validation;train_sharpe_not_above_validation;train_smart_sortino_not_above_validation;train_sortino_not_above_validation,"{""abs_factor_score_min"": 3.0}"
88,thin_sample_shadow,105,shadow_only_thin_sample,not_promoted_shadow_or_reject,fresh_tv10_filter_abs_score_ge_3_alpha_zoo_conservative_exit_carry_forward_old_split_selected_2p0x_0p2alloc,alpha_zoo_conservative_exit_carry_forward_old_split_selected,individual_seed_trade_filter,fresh_train_validation_10bps_trade_filter,abs_score_ge_3,2.0,0.2,0.4,4000.0,4000.0,True,0.15816574413773776,0.032170579148573165,1.8307792185539398,0.24688135868491196,0.23918658763608805,4.9164717678000756,42,0.0288870948606903,0.0066669461078553835,2.0085727036790915,0.6496725305749406,0.6453698843364366,18.399308200008516,8,5.475308088283065,-0.0008584055713908301,0.0008584055713908301,-2.8029452799069166,-0.08394158892769572,-0.08386959480024891,-7.833420596344613,1,0.0,0.0,True,False,False,False,False,False,False,train_trade_event_count_42_below_80;validation_trade_event_count_8_below_30;locked_oos_trade_event_count_1_below_20;locked_oos_return_not_positive;primary_10bps_promotion_gate_failed,locked_oos_calmar_non_positive;locked_oos_return_non_positive;locked_oos_sharpe_non_positive;locked_oos_smart_sortino_non_positive;locked_oos_sortino_non_positive;train_calmar_not_above_validation;train_sharpe_not_above_validation;train_smart_sortino_not_above_validation;train_sortino_not_above_validation,"{""abs_factor_score_min"": 3.0}"
89,thin_sample_shadow,106,shadow_only_thin_sample,not_promoted_shadow_or_reject,fresh_tv10_filter_abs_score_ge_3_alpha_zoo_conservative_exit_4p0x_0p1alloc,alpha_zoo_conservative_exit,individual_seed_trade_filter,fresh_train_validation_10bps_trade_filter,abs_score_ge_3,4.0,0.1,0.4,4000.0,4000.0,True,0.15816574413773776,0.032170579148573165,1.8307792185539398,0.24688135868491196,0.23918658763608805,4.9164717678000756,42,0.0288870948606903,0.0066669461078553835,2.0085727036790915,0.6496725305749406,0.6453698843364366,18.399308200008516,8,5.475308088283065,-0.0008584055713908301,0.0008584055713908301,-2.8029452799069166,-0.08394158892769572,-0.08386959480024891,-7.833420596344613,1,0.0,0.0,True,False,False,False,False,False,False,train_trade_event_count_42_below_80;validation_trade_event_count_8_below_30;locked_oos_trade_event_count_1_below_20;locked_oos_return_not_positive;primary_10bps_promotion_gate_failed,locked_oos_calmar_non_positive;locked_oos_return_non_positive;locked_oos_sharpe_non_positive;locked_oos_smart_sortino_non_positive;locked_oos_sortino_non_positive;train_calmar_not_above_validation;train_sharpe_not_above_validation;train_smart_sortino_not_above_validation;train_sortino_not_above_validation,"{""abs_factor_score_min"": 3.0}"
90,thin_sample_shadow,107,shadow_only_thin_sample,not_promoted_shadow_or_reject,fresh_tv10_filter_abs_score_ge_3_alpha_zoo_conservative_exit_2p0x_0p2alloc,alpha_zoo_conservative_exit,individual_seed_trade_filter,fresh_train_validation_10bps_trade_filter,abs_score_ge_3,2.0,0.2,0.4,4000.0,4000.0,True,0.15816574413773776,0.032170579148573165,1.8307792185539398,0.24688135868491196,0.23918658763608805,4.9164717678000756,42,0.0288870948606903,0.0066669461078553835,2.0085727036790915,0.6496725305749406,0.6453698843364366,18.399308200008516,8,5.475308088283065,-0.0008584055713908301,0.0008584055713908301,-2.8029452799069166,-0.08394158892769572,-0.08386959480024891,-7.833420596344613,1,0.0,0.0,True,False,False,False,False,False,False,train_trade_event_count_42_below_80;validation_trade_event_count_8_below_30;locked_oos_trade_event_count_1_below_20;locked_oos_return_not_positive;primary_10bps_promotion_gate_failed,locked_oos_calmar_non_positive;locked_oos_return_non_positive;locked_oos_sharpe_non_positive;locked_oos_smart_sortino_non_positive;locked_oos_sortino_non_positive;train_calmar_not_above_validation;train_sharpe_not_above_validation;train_smart_sortino_not_above_validation;train_sortino_not_above_validation,"{""abs_factor_score_min"": 3.0}"
91,thin_sample_shadow,110,shadow_only_thin_sample,not_promoted_shadow_or_reject,fresh_tv10_filter_side_long_symbol_bnb_usdt_abs_score_ge_2_alpha_zoo_range_sweep_blend_6p0x_0p2alloc,alpha_zoo_range_sweep_blend,individual_seed_trade_filter,fresh_train_validation_10bps_trade_filter,side_long_symbol_bnb_usdt_abs_score_ge_2,6.0,0.2,1.2000000000000002,12000.000000000002,12000.000000000002,True,0.09677798167411034,0.037380651542999375,1.1726045506570655,0.13672042392257477,0.13179388271722334,2.5889859507340462,36,0.05545033619338402,0.005473470409274039,2.846228643121945,0.6734875737400586,0.6698213265297971,44.79295328812667,7,1.7453091959009126,0.0005779253023820985,0.015737930405787654,0.12004190955807524,0.010073657371738924,0.009917575262464102,0.2890772412123225,5,0.0,0.0,True,False,False,False,False,False,False,train_trade_event_count_36_below_80;validation_trade_event_count_7_below_30;locked_oos_trade_event_count_5_below_20;primary_10bps_promotion_gate_failed,train_calmar_not_above_validation;train_sharpe_not_above_validation;train_smart_sortino_not_above_validation;train_sortino_not_above_validation,"{""abs_factor_score_min"": 2.0, ""side"": ""LONG"", ""symbol"": ""BNB/USDT""}"
92,thin_sample_shadow,113,shadow_only_thin_sample,not_promoted_shadow_or_reject,fresh_tv10_filter_symbol_eth_usdt_abs_score_ge_2_alpha_zoo_high_confidence_single_pair_4p0x_0p2alloc,alpha_zoo_high_confidence_single_pair,individual_seed_trade_filter,fresh_train_validation_10bps_trade_filter,symbol_eth_usdt_abs_score_ge_2,4.0,0.2,0.8,8000.0,8000.0,True,0.19613363643990334,0.07712412450314483,1.2584514679624654,0.10144316928954811,0.09417964650670298,2.5430906049624684,45,0.018420802169804462,0.005168811216795954,2.196150343902736,0.24069031315398753,0.23945262772590659,14.893872546726373,8,10.647399316920481,0.00298768971420893,0.022724545327805774,0.3563198422610287,0.040004551932892915,0.03911566620323029,1.0435684936175178,8,0.0,0.0,True,False,False,False,False,False,False,train_trade_event_count_45_below_80;validation_trade_event_count_8_below_30;locked_oos_trade_event_count_8_below_20;validation_return_0.0184_below_0.02;primary_10bps_promotion_gate_failed,train_calmar_not_above_validation;train_sharpe_not_above_validation;train_smart_sortino_not_above_validation;train_sortino_not_above_validation,"{""abs_factor_score_min"": 2.0, ""symbol"": ""ETH/USDT""}"
93,thin_sample_shadow,114,shadow_only_thin_sample,not_promoted_shadow_or_reject,fresh_tv10_filter_symbol_bnb_usdt_abs_score_ge_1p5_alpha_zoo_conservative_exit_carry_forward_old_split_selected_8p0x_0p125alloc,alpha_zoo_conservative_exit_carry_forward_old_split_selected,individual_seed_trade_filter,fresh_train_validation_10bps_trade_filter,symbol_bnb_usdt_abs_score_ge_1.5,8.0,0.125,1.0,10000.0,10000.0,True,0.08731731077516924,0.0911899193924667,0.6520589966761486,0.09444973528818008,0.08655664207452184,0.9575324921537612,108,0.11595048157863652,0.013523812017173318,3.333991495548024,0.9394469334190948,0.9269115557821515,41.530828034410156,16,0.7530569048646121,-0.029763218602754882,0.04762754414618075,-3.4845827803428997,-0.4235405967195349,-0.40428547252900043,-4.436773353018623,15,0.0,0.0,True,False,False,False,False,False,False,validation_trade_event_count_16_below_30;locked_oos_trade_event_count_15_below_20;locked_oos_return_not_positive;primary_10bps_promotion_gate_failed,locked_oos_calmar_non_positive;locked_oos_return_non_positive;locked_oos_sharpe_non_positive;locked_oos_smart_sortino_non_positive;locked_oos_sortino_non_positive;train_calmar_not_above_validation;train_sharpe_not_above_validation;train_smart_sortino_not_above_validation;train_sortino_not_above_validation;train_total_return_not_above_validation,"{""abs_factor_score_min"": 1.5, ""symbol"": ""BNB/USDT""}"
94,thin_sample_shadow,115,shadow_only_thin_sample,not_promoted_shadow_or_reject,fresh_tv10_filter_symbol_bnb_usdt_abs_score_ge_1p5_alpha_zoo_conservative_exit_carry_forward_old_split_selected_5p0x_0p2alloc,alpha_zoo_conservative_exit_carry_forward_old_split_selected,individual_seed_trade_filter,fresh_train_validation_10bps_trade_filter,symbol_bnb_usdt_abs_score_ge_1.5,5.0,0.2,1.0,10000.0,10000.0,True,0.08731731077516924,0.0911899193924667,0.6520589966761486,0.09444973528818008,0.08655664207452184,0.9575324921537612,108,0.11595048157863652,0.013523812017173318,3.333991495548024,0.9394469334190948,0.9269115557821515,41.530828034410156,16,0.7530569048646121,-0.029763218602754882,0.04762754414618075,-3.4845827803428997,-0.4235405967195349,-0.40428547252900043,-4.436773353018623,15,0.0,0.0,True,False,False,False,False,False,False,validation_trade_event_count_16_below_30;locked_oos_trade_event_count_15_below_20;locked_oos_return_not_positive;primary_10bps_promotion_gate_failed,locked_oos_calmar_non_positive;locked_oos_return_non_positive;locked_oos_sharpe_non_positive;locked_oos_smart_sortino_non_positive;locked_oos_sortino_non_positive;train_calmar_not_above_validation;train_sharpe_not_above_validation;train_smart_sortino_not_above_validation;train_sortino_not_above_validation;train_total_return_not_above_validation,"{""abs_factor_score_min"": 1.5, ""symbol"": ""BNB/USDT""}"
95,thin_sample_shadow,116,shadow_only_thin_sample,not_promoted_shadow_or_reject,fresh_tv10_filter_symbol_bnb_usdt_abs_score_ge_1p5_alpha_zoo_conservative_exit_carry_forward_old_split_selected_10p0x_0p1alloc,alpha_zoo_conservative_exit_carry_forward_old_split_selected,individual_seed_trade_filter,fresh_train_validation_10bps_trade_filter,symbol_bnb_usdt_abs_score_ge_1.5,10.0,0.1,1.0,10000.0,10000.0,True,0.08731731077516924,0.0911899193924667,0.6520589966761486,0.09444973528818008,0.08655664207452184,0.9575324921537612,108,0.11595048157863652,0.013523812017173318,3.333991495548024,0.9394469334190948,0.9269115557821515,41.530828034410156,16,0.7530569048646121,-0.029763218602754882,0.04762754414618075,-3.4845827803428997,-0.4235405967195349,-0.40428547252900043,-4.436773353018623,15,0.0,0.0,True,False,False,False,False,False,False,validation_trade_event_count_16_below_30;locked_oos_trade_event_count_15_below_20;locked_oos_return_not_positive;primary_10bps_promotion_gate_failed,locked_oos_calmar_non_positive;locked_oos_return_non_positive;locked_oos_sharpe_non_positive;locked_oos_smart_sortino_non_positive;locked_oos_sortino_non_positive;train_calmar_not_above_validation;train_sharpe_not_above_validation;train_smart_sortino_not_above_validation;train_sortino_not_above_validation;train_total_return_not_above_validation,"{""abs_factor_score_min"": 1.5, ""symbol"": ""BNB/USDT""}"
96,thin_sample_shadow,117,shadow_only_thin_sample,not_promoted_shadow_or_reject,fresh_tv10_filter_symbol_bnb_usdt_abs_score_ge_1p5_alpha_zoo_conservative_exit_8p0x_0p125alloc,alpha_zoo_conservative_exit,individual_seed_trade_filter,fresh_train_validation_10bps_trade_filter,symbol_bnb_usdt_abs_score_ge_1.5,8.0,0.125,1.0,10000.0,10000.0,True,0.08731731077516924,0.0911899193924667,0.6520589966761486,0.09444973528818008,0.08655664207452184,0.9575324921537612,108,0.11595048157863652,0.013523812017173318,3.333991495548024,0.9394469334190948,0.9269115557821515,41.530828034410156,16,0.7530569048646121,-0.029763218602754882,0.04762754414618075,-3.4845827803428997,-0.4235405967195349,-0.40428547252900043,-4.436773353018623,15,0.0,0.0,True,False,False,False,False,False,False,validation_trade_event_count_16_below_30;locked_oos_trade_event_count_15_below_20;locked_oos_return_not_positive;primary_10bps_promotion_gate_failed,locked_oos_calmar_non_positive;locked_oos_return_non_positive;locked_oos_sharpe_non_positive;locked_oos_smart_sortino_non_positive;locked_oos_sortino_non_positive;train_calmar_not_above_validation;train_sharpe_not_above_validation;train_smart_sortino_not_above_validation;train_sortino_not_above_validation;train_total_return_not_above_validation,"{""abs_factor_score_min"": 1.5, ""symbol"": ""BNB/USDT""}"
97,thin_sample_shadow,118,shadow_only_thin_sample,not_promoted_shadow_or_reject,fresh_tv10_filter_symbol_bnb_usdt_abs_score_ge_1p5_alpha_zoo_conservative_exit_5p0x_0p2alloc,alpha_zoo_conservative_exit,individual_seed_trade_filter,fresh_train_validation_10bps_trade_filter,symbol_bnb_usdt_abs_score_ge_1.5,5.0,0.2,1.0,10000.0,10000.0,True,0.08731731077516924,0.0911899193924667,0.6520589966761486,0.09444973528818008,0.08655664207452184,0.9575324921537612,108,0.11595048157863652,0.013523812017173318,3.333991495548024,0.9394469334190948,0.9269115557821515,41.530828034410156,16,0.7530569048646121,-0.029763218602754882,0.04762754414618075,-3.4845827803428997,-0.4235405967195349,-0.40428547252900043,-4.436773353018623,15,0.0,0.0,True,False,False,False,False,False,False,validation_trade_event_count_16_below_30;locked_oos_trade_event_count_15_below_20;locked_oos_return_not_positive;primary_10bps_promotion_gate_failed,locked_oos_calmar_non_positive;locked_oos_return_non_positive;locked_oos_sharpe_non_positive;locked_oos_smart_sortino_non_positive;locked_oos_sortino_non_positive;train_calmar_not_above_validation;train_sharpe_not_above_validation;train_smart_sortino_not_above_validation;train_sortino_not_above_validation;train_total_return_not_above_validation,"{""abs_factor_score_min"": 1.5, ""symbol"": ""BNB/USDT""}"
98,thin_sample_shadow,119,shadow_only_thin_sample,not_promoted_shadow_or_reject,fresh_tv10_filter_symbol_bnb_usdt_abs_score_ge_1p5_alpha_zoo_conservative_exit_10p0x_0p1alloc,alpha_zoo_conservative_exit,individual_seed_trade_filter,fresh_train_validation_10bps_trade_filter,symbol_bnb_usdt_abs_score_ge_1.5,10.0,0.1,1.0,10000.0,10000.0,True,0.08731731077516924,0.0911899193924667,0.6520589966761486,0.09444973528818008,0.08655664207452184,0.9575324921537612,108,0.11595048157863652,0.013523812017173318,3.333991495548024,0.9394469334190948,0.9269115557821515,41.530828034410156,16,0.7530569048646121,-0.029763218602754882,0.04762754414618075,-3.4845827803428997,-0.4235405967195349,-0.40428547252900043,-4.436773353018623,15,0.0,0.0,True,False,False,False,False,False,False,validation_trade_event_count_16_below_30;locked_oos_trade_event_count_15_below_20;locked_oos_return_not_positive;primary_10bps_promotion_gate_failed,locked_oos_calmar_non_positive;locked_oos_return_non_positive;locked_oos_sharpe_non_positive;locked_oos_smart_sortino_non_positive;locked_oos_sortino_non_positive;train_calmar_not_above_validation;train_sharpe_not_above_validation;train_smart_sortino_not_above_validation;train_sortino_not_above_validation;train_total_return_not_above_validation,"{""abs_factor_score_min"": 1.5, ""symbol"": ""BNB/USDT""}"
99,thin_sample_shadow,120,shadow_only_thin_sample,not_promoted_shadow_or_reject,fresh_tv10_filter_abs_score_ge_3_alpha_zoo_conservative_exit_carry_forward_old_split_selected_5p0x_0p075alloc,alpha_zoo_conservative_exit_carry_forward_old_split_selected,individual_seed_trade_filter,fresh_train_validation_10bps_trade_filter,abs_score_ge_3,5.0,0.075,0.375,3750.0,3750.0,True,0.14775623141234684,0.030180570542837102,1.8306461821390732,0.2467380104444418,0.23950947775536785,4.895740165104815,42,0.02708287726849834,0.006250364728574235,2.0086382481804677,0.6497407768287156,0.6457048857855335,18.34929751627366,8,5.455706568674321,-0.0008047552231789101,0.0008047552231789101,-2.802945279906918,-0.08394158892769571,-0.08387409081502294,-7.834860933633547,1,0.0,0.0,True,False,False,False,False,False,False,train_trade_event_count_42_below_80;validation_trade_event_count_8_below_30;locked_oos_trade_event_count_1_below_20;locked_oos_return_not_positive;primary_10bps_promotion_gate_failed,locked_oos_calmar_non_positive;locked_oos_return_non_positive;locked_oos_sharpe_non_positive;locked_oos_smart_sortino_non_positive;locked_oos_sortino_non_positive;train_calmar_not_above_validation;train_sharpe_not_above_validation;train_smart_sortino_not_above_validation;train_sortino_not_above_validation,"{""abs_factor_score_min"": 3.0}"
100,thin_sample_shadow,121,shadow_only_thin_sample,not_promoted_shadow_or_reject,fresh_tv10_filter_abs_score_ge_3_alpha_zoo_conservative_exit_carry_forward_old_split_selected_3p0x_0p125alloc,alpha_zoo_conservative_exit_carry_forward_old_split_selected,individual_seed_trade_filter,fresh_train_validation_10bps_trade_filter,abs_score_ge_3,3.0,0.125,0.375,3750.0,3750.0,True,0.14775623141234684,0.030180570542837102,1.8306461821390732,0.2467380104444418,0.23950947775536785,4.895740165104815,42,0.02708287726849834,0.006250364728574235,2.0086382481804677,0.6497407768287156,0.6457048857855335,18.34929751627366,8,5.455706568674321,-0.0008047552231789101,0.0008047552231789101,-2.802945279906918,-0.08394158892769571,-0.08387409081502294,-7.834860933633547,1,0.0,0.0,True,False,False,False,False,False,False,train_trade_event_count_42_below_80;validation_trade_event_count_8_below_30;locked_oos_trade_event_count_1_below_20;locked_oos_return_not_positive;primary_10bps_promotion_gate_failed,locked_oos_calmar_non_positive;locked_oos_return_non_positive;locked_oos_sharpe_non_positive;locked_oos_smart_sortino_non_positive;locked_oos_sortino_non_positive;train_calmar_not_above_validation;train_sharpe_not_above_validation;train_smart_sortino_not_above_validation;train_sortino_not_above_validation,"{""abs_factor_score_min"": 3.0}"
101,thin_sample_shadow,122,shadow_only_thin_sample,not_promoted_shadow_or_reject,fresh_tv10_filter_abs_score_ge_3_alpha_zoo_conservative_exit_5p0x_0p075alloc,alpha_zoo_conservative_exit,individual_seed_trade_filter,fresh_train_validation_10bps_trade_filter,abs_score_ge_3,5.0,0.075,0.375,3750.0,3750.0,True,0.14775623141234684,0.030180570542837102,1.8306461821390732,0.2467380104444418,0.23950947775536785,4.895740165104815,42,0.02708287726849834,0.006250364728574235,2.0086382481804677,0.6497407768287156,0.6457048857855335,18.34929751627366,8,5.455706568674321,-0.0008047552231789101,0.0008047552231789101,-2.802945279906918,-0.08394158892769571,-0.08387409081502294,-7.834860933633547,1,0.0,0.0,True,False,False,False,False,False,False,train_trade_event_count_42_below_80;validation_trade_event_count_8_below_30;locked_oos_trade_event_count_1_below_20;locked_oos_return_not_positive;primary_10bps_promotion_gate_failed,locked_oos_calmar_non_positive;locked_oos_return_non_positive;locked_oos_sharpe_non_positive;locked_oos_smart_sortino_non_positive;locked_oos_sortino_non_positive;train_calmar_not_above_validation;train_sharpe_not_above_validation;train_smart_sortino_not_above_validation;train_sortino_not_above_validation,"{""abs_factor_score_min"": 3.0}"
102,thin_sample_shadow,123,shadow_only_thin_sample,not_promoted_shadow_or_reject,fresh_tv10_filter_abs_score_ge_3_alpha_zoo_conservative_exit_3p0x_0p125alloc,alpha_zoo_conservative_exit,individual_seed_trade_filter,fresh_train_validation_10bps_trade_filter,abs_score_ge_3,3.0,0.125,0.375,3750.0,3750.0,True,0.14775623141234684,0.030180570542837102,1.8306461821390732,0.2467380104444418,0.23950947775536785,4.895740165104815,42,0.02708287726849834,0.006250364728574235,2.0086382481804677,0.6497407768287156,0.6457048857855335,18.34929751627366,8,5.455706568674321,-0.0008047552231789101,0.0008047552231789101,-2.802945279906918,-0.08394158892769571,-0.08387409081502294,-7.834860933633547,1,0.0,0.0,True,False,False,False,False,False,False,train_trade_event_count_42_below_80;validation_trade_event_count_8_below_30;locked_oos_trade_event_count_1_below_20;locked_oos_return_not_positive;primary_10bps_promotion_gate_failed,locked_oos_calmar_non_positive;locked_oos_return_non_positive;locked_oos_sharpe_non_positive;locked_oos_smart_sortino_non_positive;locked_oos_sortino_non_positive;train_calmar_not_above_validation;train_sharpe_not_above_validation;train_smart_sortino_not_above_validation;train_sortino_not_above_validation,"{""abs_factor_score_min"": 3.0}"
103,thin_sample_shadow,124,shadow_only_thin_sample,not_promoted_shadow_or_reject,fresh_tv10_filter_symbol_bnb_usdt_family_crypto_residual_reversal_alpha_zoo_high_confidence_single_pair_7p0x_0p2alloc,alpha_zoo_high_confidence_single_pair,individual_seed_trade_filter,fresh_train_validation_10bps_trade_filter,symbol_bnb_usdt_family_crypto_residual_reversal,7.0,0.2,1.4000000000000001,14000.000000000002,14000.000000000002,True,0.10160184844339315,0.1283931840330787,0.6459905831355196,0.08126573578931039,0.0720189885398387,0.7913336615845344,75,0.03566638840933889,0.011207127771388103,1.4013590129199132,0.3763445958116622,0.37217359873747397,13.654462932494608,8,2.848672180578556,-0.03661908648358292,0.052913156873041406,-2.474760160162357,-0.22242403507129246,-0.21124632513079328,-4.801278604134786,14,0.0,0.0,True,False,False,False,False,False,False,train_trade_event_count_75_below_80;validation_trade_event_count_8_below_30;locked_oos_trade_event_count_14_below_20;locked_oos_return_not_positive;primary_10bps_promotion_gate_failed,locked_oos_calmar_non_positive;locked_oos_return_non_positive;locked_oos_sharpe_non_positive;locked_oos_smart_sortino_non_positive;locked_oos_sortino_non_positive;train_calmar_not_above_validation;train_sharpe_not_above_validation;train_smart_sortino_not_above_validation;train_sortino_not_above_validation,"{""dominant_factor_family"": ""crypto_residual_reversal"", ""symbol"": ""BNB/USDT""}"
104,thin_sample_shadow,125,shadow_only_thin_sample,not_promoted_shadow_or_reject,fresh_tv10_filter_side_long_family_crypto_residual_reversal_abs_score_ge_1p5_alpha_zoo_high_confidence_single_pair_7p0x_0p2alloc,alpha_zoo_high_confidence_single_pair,individual_seed_trade_filter,fresh_train_validation_10bps_trade_filter,side_long_family_crypto_residual_reversal_abs_score_ge_1.5,7.0,0.2,1.4000000000000001,14000.000000000002,14000.000000000002,True,0.09129442053382841,0.1385492307278626,0.5668082128323102,0.07871177563680185,0.06913339670563233,0.658931269803643,84,0.115142152569919,0.027312038407921218,2.531832342164499,0.4392309360883735,0.4275535763886038,20.39628679185342,19,0.7928844345548492,0.02115144858832596,0.01587918003139867,2.292420672363008,0.41474196449351647,0.4082591440457493,11.256047634126572,14,0.0,0.0,True,False,False,False,False,False,False,validation_trade_event_count_19_below_30;locked_oos_trade_event_count_14_below_20;primary_10bps_promotion_gate_failed,train_calmar_not_above_locked_oos;train_calmar_not_above_validation;train_sharpe_not_above_locked_oos;train_sharpe_not_above_validation;train_smart_sortino_not_above_locked_oos;train_smart_sortino_not_above_validation;train_sortino_not_above_locked_oos;train_sortino_not_above_validation;train_total_return_not_above_validation,"{""abs_factor_score_min"": 1.5, ""dominant_factor_family"": ""crypto_residual_reversal"", ""side"": ""LONG""}"
105,thin_sample_shadow,134,shadow_only_thin_sample,not_promoted_shadow_or_reject,fresh_tv10_filter_symbol_eth_usdt_abs_score_ge_2_alpha_zoo_high_confidence_single_pair_6p0x_0p125alloc,alpha_zoo_high_confidence_single_pair,individual_seed_trade_filter,fresh_train_validation_10bps_trade_filter,symbol_eth_usdt_abs_score_ge_2,6.0,0.125,0.75,7500.0,7500.0,True,0.18361828934569124,0.07230386672169828,1.2584514679624672,0.10144316928954826,0.0946030061419861,2.5395362332757188,45,0.017268053427346608,0.004845760515746162,2.196150343902734,0.2406903131539879,0.23952961002736523,14.866429082619328,8,10.633409846584303,0.0028205657319788635,0.0213120877091452,0.35631984226102603,0.04000455193289255,0.0391697625185508,1.0498850038381842,8,0.0,0.0,True,False,False,False,False,False,False,train_trade_event_count_45_below_80;validation_trade_event_count_8_below_30;locked_oos_trade_event_count_8_below_20;validation_return_0.0173_below_0.02;primary_10bps_promotion_gate_failed,train_calmar_not_above_validation;train_sharpe_not_above_validation;train_smart_sortino_not_above_validation;train_sortino_not_above_validation,"{""abs_factor_score_min"": 2.0, ""symbol"": ""ETH/USDT""}"
106,thin_sample_shadow,135,shadow_only_thin_sample,not_promoted_shadow_or_reject,fresh_tv10_filter_symbol_eth_usdt_abs_score_ge_2_alpha_zoo_high_confidence_single_pair_5p0x_0p15alloc,alpha_zoo_high_confidence_single_pair,individual_seed_trade_filter,fresh_train_validation_10bps_trade_filter,symbol_eth_usdt_abs_score_ge_2,5.0,0.15,0.75,7500.0,7500.0,True,0.18361828934569124,0.07230386672169828,1.2584514679624672,0.10144316928954826,0.0946030061419861,2.5395362332757188,45,0.017268053427346608,0.004845760515746162,2.196150343902734,0.2406903131539879,0.23952961002736523,14.866429082619328,8,10.633409846584303,0.0028205657319788635,0.0213120877091452,0.35631984226102603,0.04000455193289255,0.0391697625185508,1.0498850038381842,8,0.0,0.0,True,False,False,False,False,False,False,train_trade_event_count_45_below_80;validation_trade_event_count_8_below_30;locked_oos_trade_event_count_8_below_20;validation_return_0.0173_below_0.02;primary_10bps_promotion_gate_failed,train_calmar_not_above_validation;train_sharpe_not_above_validation;train_smart_sortino_not_above_validation;train_sortino_not_above_validation,"{""abs_factor_score_min"": 2.0, ""symbol"": ""ETH/USDT""}"
107,thin_sample_shadow,136,shadow_only_thin_sample,not_promoted_shadow_or_reject,fresh_tv10_filter_symbol_bnb_usdt_abs_score_ge_2_alpha_zoo_range_sweep_blend_7p0x_0p15alloc,alpha_zoo_range_sweep_blend,individual_seed_trade_filter,fresh_train_validation_10bps_trade_filter,symbol_bnb_usdt_abs_score_ge_2,7.0,0.15,1.05,10500.0,10500.0,True,0.08277148836926407,0.09490144187054499,0.8090630091246993,0.08450022456161077,0.07717610127286836,0.8721836753773733,66,0.11485389067063312,0.0073140083729772865,4.206331778056272,1.1935560582222668,1.1848897645631966,75.940497540186,14,0.7206676925436347,-0.015410692076564536,0.026982750526512615,-2.1598770607839355,-0.2213847416019392,-0.21556812077752996,-4.2570329900320205,10,0.0,0.0,True,False,False,False,False,False,False,train_trade_event_count_66_below_80;validation_trade_event_count_14_below_30;locked_oos_trade_event_count_10_below_20;locked_oos_return_not_positive;primary_10bps_promotion_gate_failed,locked_oos_calmar_non_positive;locked_oos_return_non_positive;locked_oos_sharpe_non_positive;locked_oos_smart_sortino_non_positive;locked_oos_sortino_non_positive;train_calmar_not_above_validation;train_sharpe_not_above_validation;train_smart_sortino_not_above_validation;train_sortino_not_above_validation;train_total_return_not_above_validation,"{""abs_factor_score_min"": 2.0, ""symbol"": ""BNB/USDT""}"
108,thin_sample_shadow,137,shadow_only_thin_sample,not_promoted_shadow_or_reject,fresh_tv10_filter_symbol_bnb_usdt_abs_score_ge_2_alpha_zoo_range_sweep_blend_6p0x_0p175alloc,alpha_zoo_range_sweep_blend,individual_seed_trade_filter,fresh_train_validation_10bps_trade_filter,symbol_bnb_usdt_abs_score_ge_2,6.0,0.175,1.0499999999999998,10499.999999999998,10499.999999999998,True,0.08277148836926385,0.09490144187054501,0.8090630091246973,0.08450022456161055,0.07717610127286816,0.8721836753773706,66,0.11485389067063312,0.0073140083729772865,4.206331778056272,1.1935560582222668,1.1848897645631966,75.940497540186,14,0.7206676925436328,-0.015410692076564536,0.026982750526512615,-2.1598770607839355,-0.2213847416019392,-0.21556812077752996,-4.2570329900320205,10,0.0,0.0,True,False,False,False,False,False,False,train_trade_event_count_66_below_80;validation_trade_event_count_14_below_30;locked_oos_trade_event_count_10_below_20;locked_oos_return_not_positive;primary_10bps_promotion_gate_failed,locked_oos_calmar_non_positive;locked_oos_return_non_positive;locked_oos_sharpe_non_positive;locked_oos_smart_sortino_non_positive;locked_oos_sortino_non_positive;train_calmar_not_above_validation;train_sharpe_not_above_validation;train_smart_sortino_not_above_validation;train_sortino_not_above_validation;train_total_return_not_above_validation,"{""abs_factor_score_min"": 2.0, ""symbol"": ""BNB/USDT""}"
109,thin_sample_shadow,138,shadow_only_thin_sample,not_promoted_shadow_or_reject,fresh_tv10_filter_abs_score_ge_3_alpha_zoo_conservative_exit_carry_forward_old_split_selected_2p0x_0p175alloc,alpha_zoo_conservative_exit_carry_forward_old_split_selected,individual_seed_trade_filter,fresh_train_validation_10bps_trade_filter,abs_score_ge_3,2.0,0.175,0.35,3500.0,3500.0,True,0.13741800669490534,0.028187817598404257,1.8305128008885905,0.24659473499571136,0.2398343286849055,4.875084997807163,42,0.02527848194613158,0.005833769259362707,2.0087037909908587,0.6498090088226468,0.6460401595992629,18.299393152927966,8,5.43616531197336,-0.0007511048749669902,0.0007511048749669902,-2.802945279906917,-0.08394158892769571,-0.08387858731186042,-7.836301572723471,1,0.0,0.0,True,False,False,False,False,False,False,train_trade_event_count_42_below_80;validation_trade_event_count_8_below_30;locked_oos_trade_event_count_1_below_20;locked_oos_return_not_positive;primary_10bps_promotion_gate_failed,locked_oos_calmar_non_positive;locked_oos_return_non_positive;locked_oos_sharpe_non_positive;locked_oos_smart_sortino_non_positive;locked_oos_sortino_non_positive;train_calmar_not_above_validation;train_sharpe_not_above_validation;train_smart_sortino_not_above_validation;train_sortino_not_above_validation,"{""abs_factor_score_min"": 3.0}"
110,thin_sample_shadow,139,shadow_only_thin_sample,not_promoted_shadow_or_reject,fresh_tv10_filter_abs_score_ge_3_alpha_zoo_conservative_exit_2p0x_0p175alloc,alpha_zoo_conservative_exit,individual_seed_trade_filter,fresh_train_validation_10bps_trade_filter,abs_score_ge_3,2.0,0.175,0.35,3500.0,3500.0,True,0.13741800669490534,0.028187817598404257,1.8305128008885905,0.24659473499571136,0.2398343286849055,4.875084997807163,42,0.02527848194613158,0.005833769259362707,2.0087037909908587,0.6498090088226468,0.6460401595992629,18.299393152927966,8,5.43616531197336,-0.0007511048749669902,0.0007511048749669902,-2.802945279906917,-0.08394158892769571,-0.08387858731186042,-7.836301572723471,1,0.0,0.0,True,False,False,False,False,False,False,train_trade_event_count_42_below_80;validation_trade_event_count_8_below_30;locked_oos_trade_event_count_1_below_20;locked_oos_return_not_positive;primary_10bps_promotion_gate_failed,locked_oos_calmar_non_positive;locked_oos_return_non_positive;locked_oos_sharpe_non_positive;locked_oos_smart_sortino_non_positive;locked_oos_sortino_non_positive;train_calmar_not_above_validation;train_sharpe_not_above_validation;train_smart_sortino_not_above_validation;train_sortino_not_above_validation,"{""abs_factor_score_min"": 3.0}"
111,thin_sample_shadow,141,shadow_only_thin_sample,not_promoted_shadow_or_reject,fresh_tv10_filter_side_short_symbol_sol_usdt_abs_score_ge_1_alpha_zoo_liquidity_sweep_continuation_7p0x_0p2alloc,alpha_zoo_liquidity_sweep_continuation,individual_seed_trade_filter,fresh_train_validation_10bps_trade_filter,side_short_symbol_sol_usdt_abs_score_ge_1,7.0,0.2,1.4000000000000001,14000.000000000002,14000.000000000002,True,0.09214719720068731,0.0871264584825263,0.6992204907577257,0.07844646113902945,0.07215946270733724,1.0576258785862156,58,0.10777884996946385,0.024690739612903675,3.158329285541462,0.46206543174415,0.45093159709699726,20.88681355480404,17,0.8549654893032785,-0.008947518798846477,0.017782089552239047,-1.3070505106558457,-0.04157734475163239,-0.04085092985859462,-3.8340358879252263,3,0.0,0.0,True,False,False,False,False,False,False,train_trade_event_count_58_below_80;validation_trade_event_count_17_below_30;locked_oos_trade_event_count_3_below_20;locked_oos_return_not_positive;primary_10bps_promotion_gate_failed,locked_oos_calmar_non_positive;locked_oos_return_non_positive;locked_oos_sharpe_non_positive;locked_oos_smart_sortino_non_positive;locked_oos_sortino_non_positive;train_calmar_not_above_validation;train_sharpe_not_above_validation;train_smart_sortino_not_above_validation;train_sortino_not_above_validation;train_total_return_not_above_validation,"{""abs_factor_score_min"": 1.0, ""side"": ""SHORT"", ""symbol"": ""SOL/USDT""}"
112,thin_sample_shadow,142,shadow_only_thin_sample,not_promoted_shadow_or_reject,fresh_tv10_filter_side_short_symbol_trx_usdt_abs_score_ge_1p5_alpha_zoo_conservative_exit_carry_forward_old_split_selected_9p0x_0p125alloc,alpha_zoo_conservative_exit_carry_forward_old_split_selected,individual_seed_trade_filter,fresh_train_validation_10bps_trade_filter,side_short_symbol_trx_usdt_abs_score_ge_1.5,9.0,0.125,1.125,11250.0,11250.0,True,0.09542242328508688,0.06950894430907906,0.7076351629127104,0.14122538264724918,0.13204693929743913,1.372807834064933,55,0.031237081793178856,0.006244742763032131,2.2155762047575567,0.4195634072788836,0.41695960182292313,21.31747884739314,9,3.054780338217252,-0.008520731515168967,0.008520731515168967,-2.9752029589056463,-0.12599969390178456,-0.12493515498931458,-7.630782536192143,2,0.0,0.0,True,False,False,False,False,False,False,train_trade_event_count_55_below_80;validation_trade_event_count_9_below_30;locked_oos_trade_event_count_2_below_20;locked_oos_return_not_positive;primary_10bps_promotion_gate_failed,locked_oos_calmar_non_positive;locked_oos_return_non_positive;locked_oos_sharpe_non_positive;locked_oos_smart_sortino_non_positive;locked_oos_sortino_non_positive;train_calmar_not_above_validation;train_sharpe_not_above_validation;train_smart_sortino_not_above_validation;train_sortino_not_above_validation,"{""abs_factor_score_min"": 1.5, ""side"": ""SHORT"", ""symbol"": ""TRX/USDT""}"
113,thin_sample_shadow,143,shadow_only_thin_sample,not_promoted_shadow_or_reject,fresh_tv10_filter_side_short_symbol_trx_usdt_abs_score_ge_1p5_alpha_zoo_conservative_exit_9p0x_0p125alloc,alpha_zoo_conservative_exit,individual_seed_trade_filter,fresh_train_validation_10bps_trade_filter,side_short_symbol_trx_usdt_abs_score_ge_1.5,9.0,0.125,1.125,11250.0,11250.0,True,0.09542242328508688,0.06950894430907906,0.7076351629127104,0.14122538264724918,0.13204693929743913,1.372807834064933,55,0.031237081793178856,0.006244742763032131,2.2155762047575567,0.4195634072788836,0.41695960182292313,21.31747884739314,9,3.054780338217252,-0.008520731515168967,0.008520731515168967,-2.9752029589056463,-0.12599969390178456,-0.12493515498931458,-7.630782536192143,2,0.0,0.0,True,False,False,False,False,False,False,train_trade_event_count_55_below_80;validation_trade_event_count_9_below_30;locked_oos_trade_event_count_2_below_20;locked_oos_return_not_positive;primary_10bps_promotion_gate_failed,locked_oos_calmar_non_positive;locked_oos_return_non_positive;locked_oos_sharpe_non_positive;locked_oos_smart_sortino_non_positive;locked_oos_sortino_non_positive;train_calmar_not_above_validation;train_sharpe_not_above_validation;train_smart_sortino_not_above_validation;train_sortino_not_above_validation,"{""abs_factor_score_min"": 1.5, ""side"": ""SHORT"", ""symbol"": ""TRX/USDT""}"
114,thin_sample_shadow,144,shadow_only_thin_sample,not_promoted_shadow_or_reject,fresh_tv10_filter_symbol_eth_usdt_abs_score_ge_2_alpha_zoo_high_confidence_single_pair_7p0x_0p1alloc,alpha_zoo_high_confidence_single_pair,individual_seed_trade_filter,fresh_train_validation_10bps_trade_filter,symbol_eth_usdt_abs_score_ge_2,7.0,0.1,0.7000000000000001,7000.000000000001,7000.000000000001,True,0.17112808597021578,0.06748360894025177,1.2584514679624663,0.10144316928954819,0.09503018916632947,2.53584668421821,45,0.016115491016938988,0.004522709814696519,2.1961503439027212,0.24069031315398504,0.2396066418432541,14.839029044550166,8,10.61885646489723,0.002650831865094183,0.019898586292433712,0.35631984226099617,0.04000455193288907,0.03922404881284798,1.0561811766995475,8,0.0,0.0,True,False,False,False,False,False,False,train_trade_event_count_45_below_80;validation_trade_event_count_8_below_30;locked_oos_trade_event_count_8_below_20;validation_return_0.0161_below_0.02;primary_10bps_promotion_gate_failed,train_calmar_not_above_validation;train_sharpe_not_above_validation;train_smart_sortino_not_above_validation;train_sortino_not_above_validation,"{""abs_factor_score_min"": 2.0, ""symbol"": ""ETH/USDT""}"
115,thin_sample_shadow,145,shadow_only_thin_sample,not_promoted_shadow_or_reject,fresh_tv10_filter_symbol_eth_usdt_abs_score_ge_2_alpha_zoo_high_confidence_single_pair_4p0x_0p175alloc,alpha_zoo_high_confidence_single_pair,individual_seed_trade_filter,fresh_train_validation_10bps_trade_filter,symbol_eth_usdt_abs_score_ge_2,4.0,0.175,0.7,7000.0,7000.0,True,0.17112808597021578,0.06748360894025177,1.2584514679624659,0.10144316928954815,0.09503018916632942,2.53584668421821,45,0.016115491016938988,0.004522709814696519,2.1961503439027212,0.24069031315398504,0.2396066418432541,14.839029044550166,8,10.61885646489723,0.002650831865094405,0.019898586292433493,0.35631984226101027,0.04000455193289076,0.039224048812849646,1.0561811766996483,8,0.0,0.0,True,False,False,False,False,False,False,train_trade_event_count_45_below_80;validation_trade_event_count_8_below_30;locked_oos_trade_event_count_8_below_20;validation_return_0.0161_below_0.02;primary_10bps_promotion_gate_failed,train_calmar_not_above_validation;train_sharpe_not_above_validation;train_smart_sortino_not_above_validation;train_sortino_not_above_validation,"{""abs_factor_score_min"": 2.0, ""symbol"": ""ETH/USDT""}"
116,thin_sample_shadow,146,shadow_only_thin_sample,not_promoted_shadow_or_reject,fresh_tv10_filter_side_short_symbol_trx_usdt_abs_score_ge_1p5_alpha_zoo_conservative_exit_carry_forward_old_split_selected_11p0x_0p1alloc,alpha_zoo_conservative_exit_carry_forward_old_split_selected,individual_seed_trade_filter,fresh_train_validation_10bps_trade_filter,side_short_symbol_trx_usdt_abs_score_ge_1.5,11.0,0.1,1.1,11000.0,11000.0,True,0.09342140601786975,0.06800272609622555,0.7076351629127106,0.14122538264724913,0.13223316682295147,1.3737891314191746,55,0.030541219433058764,0.0061061536353383275,2.215576204757547,0.41956340727887725,0.4170170371812946,21.29306038986883,9,3.058862997354569,-0.008331470623536674,0.008331470623536674,-2.975202958905631,-0.12599969390178384,-0.12495860495543946,-7.635714950964683,2,0.0,0.0,True,False,False,False,False,False,False,train_trade_event_count_55_below_80;validation_trade_event_count_9_below_30;locked_oos_trade_event_count_2_below_20;locked_oos_return_not_positive;primary_10bps_promotion_gate_failed,locked_oos_calmar_non_positive;locked_oos_return_non_positive;locked_oos_sharpe_non_positive;locked_oos_smart_sortino_non_positive;locked_oos_sortino_non_positive;train_calmar_not_above_validation;train_sharpe_not_above_validation;train_smart_sortino_not_above_validation;train_sortino_not_above_validation,"{""abs_factor_score_min"": 1.5, ""side"": ""SHORT"", ""symbol"": ""TRX/USDT""}"
117,thin_sample_shadow,147,shadow_only_thin_sample,not_promoted_shadow_or_reject,fresh_tv10_filter_side_short_symbol_trx_usdt_abs_score_ge_1p5_alpha_zoo_conservative_exit_11p0x_0p1alloc,alpha_zoo_conservative_exit,individual_seed_trade_filter,fresh_train_validation_10bps_trade_filter,side_short_symbol_trx_usdt_abs_score_ge_1.5,11.0,0.1,1.1,11000.0,11000.0,True,0.09342140601786975,0.06800272609622555,0.7076351629127106,0.14122538264724913,0.13223316682295147,1.3737891314191746,55,0.030541219433058764,0.0061061536353383275,2.215576204757547,0.41956340727887725,0.4170170371812946,21.29306038986883,9,3.058862997354569,-0.008331470623536674,0.008331470623536674,-2.975202958905631,-0.12599969390178384,-0.12495860495543946,-7.635714950964683,2,0.0,0.0,True,False,False,False,False,False,False,train_trade_event_count_55_below_80;validation_trade_event_count_9_below_30;locked_oos_trade_event_count_2_below_20;locked_oos_return_not_positive;primary_10bps_promotion_gate_failed,locked_oos_calmar_non_positive;locked_oos_return_non_positive;locked_oos_sharpe_non_positive;locked_oos_smart_sortino_non_positive;locked_oos_sortino_non_positive;train_calmar_not_above_validation;train_sharpe_not_above_validation;train_smart_sortino_not_above_validation;train_sortino_not_above_validation,"{""abs_factor_score_min"": 1.5, ""side"": ""SHORT"", ""symbol"": ""TRX/USDT""}"
118,thin_sample_shadow,148,shadow_only_thin_sample,not_promoted_shadow_or_reject,fresh_tv10_filter_side_long_symbol_bnb_usdt_abs_score_ge_2_alpha_zoo_range_sweep_blend_7p0x_0p15alloc,alpha_zoo_range_sweep_blend,individual_seed_trade_filter,fresh_train_validation_10bps_trade_filter,side_long_symbol_bnb_usdt_abs_score_ge_2,7.0,0.15,1.05,10500.0,10500.0,True,0.0845636412619788,0.03273125894683901,1.1726045506570613,0.136720423922574,0.13238722343119455,2.5835743562239437,36,0.04843776387904852,0.004788353771140397,2.8462286431219357,0.6734875737400537,0.6702780453339663,44.25300817165818,7,1.7458205022250484,0.0005209375835415475,0.013778470596058537,0.12004190955805105,0.01007365737173687,0.009936744233495103,0.29757032608939077,5,0.0,0.0,True,False,False,False,False,False,False,train_trade_event_count_36_below_80;validation_trade_event_count_7_below_30;locked_oos_trade_event_count_5_below_20;primary_10bps_promotion_gate_failed,train_calmar_not_above_validation;train_sharpe_not_above_validation;train_smart_sortino_not_above_validation;train_sortino_not_above_validation,"{""abs_factor_score_min"": 2.0, ""side"": ""LONG"", ""symbol"": ""BNB/USDT""}"
119,thin_sample_shadow,149,shadow_only_thin_sample,not_promoted_shadow_or_reject,fresh_tv10_filter_side_long_symbol_bnb_usdt_abs_score_ge_2_alpha_zoo_range_sweep_blend_6p0x_0p175alloc,alpha_zoo_range_sweep_blend,individual_seed_trade_filter,fresh_train_validation_10bps_trade_filter,side_long_symbol_bnb_usdt_abs_score_ge_2,6.0,0.175,1.0499999999999998,10499.999999999998,10499.999999999998,True,0.0845636412619788,0.03273125894683901,1.1726045506570613,0.136720423922574,0.13238722343119455,2.5835743562239437,36,0.04843776387904852,0.004788353771140397,2.8462286431219357,0.6734875737400537,0.6702780453339663,44.25300817165818,7,1.7458205022250484,0.0005209375835415475,0.013778470596058537,0.12004190955805105,0.01007365737173687,0.009936744233495103,0.29757032608939077,5,0.0,0.0,True,False,False,False,False,False,False,train_trade_event_count_36_below_80;validation_trade_event_count_7_below_30;locked_oos_trade_event_count_5_below_20;primary_10bps_promotion_gate_failed,train_calmar_not_above_validation;train_sharpe_not_above_validation;train_smart_sortino_not_above_validation;train_sortino_not_above_validation,"{""abs_factor_score_min"": 2.0, ""side"": ""LONG"", ""symbol"": ""BNB/USDT""}"
120,thin_sample_shadow,154,shadow_only_thin_sample,not_promoted_shadow_or_reject,fresh_tv10_filter_side_short_symbol_trx_usdt_abs_score_ge_1p5_alpha_zoo_conservative_exit_carry_forward_old_split_selected_7p0x_0p15alloc,alpha_zoo_conservative_exit_carry_forward_old_split_selected,individual_seed_trade_filter,fresh_train_validation_10bps_trade_filter,side_short_symbol_trx_usdt_abs_score_ge_1.5,7.0,0.15,1.05,10500.0,10500.0,True,0.08940250732072852,0.06498508062664696,0.707635162912711,0.14122538264724946,0.13260785077303727,1.3757389612912054,55,0.02914972007813299,0.005828950434444926,2.215576204757566,0.41956340727888264,0.417131965726043,21.2443012084864,9,3.0670108351330234,-0.007952936745145855,0.007952936745145855,-2.975202958905636,-0.12599969390178406,-0.12500553280658008,-7.645591060647143,2,0.0,0.0,True,False,False,False,False,False,False,train_trade_event_count_55_below_80;validation_trade_event_count_9_below_30;locked_oos_trade_event_count_2_below_20;locked_oos_return_not_positive;primary_10bps_promotion_gate_failed,locked_oos_calmar_non_positive;locked_oos_return_non_positive;locked_oos_sharpe_non_positive;locked_oos_smart_sortino_non_positive;locked_oos_sortino_non_positive;train_calmar_not_above_validation;train_sharpe_not_above_validation;train_smart_sortino_not_above_validation;train_sortino_not_above_validation,"{""abs_factor_score_min"": 1.5, ""side"": ""SHORT"", ""symbol"": ""TRX/USDT""}"
121,thin_sample_shadow,155,shadow_only_thin_sample,not_promoted_shadow_or_reject,fresh_tv10_filter_side_short_symbol_trx_usdt_abs_score_ge_1p5_alpha_zoo_conservative_exit_7p0x_0p15alloc,alpha_zoo_conservative_exit,individual_seed_trade_filter,fresh_train_validation_10bps_trade_filter,side_short_symbol_trx_usdt_abs_score_ge_1.5,7.0,0.15,1.05,10500.0,10500.0,True,0.08940250732072852,0.06498508062664696,0.707635162912711,0.14122538264724946,0.13260785077303727,1.3757389612912054,55,0.02914972007813299,0.005828950434444926,2.215576204757566,0.41956340727888264,0.417131965726043,21.2443012084864,9,3.0670108351330234,-0.007952936745145855,0.007952936745145855,-2.975202958905636,-0.12599969390178406,-0.12500553280658008,-7.645591060647143,2,0.0,0.0,True,False,False,False,False,False,False,train_trade_event_count_55_below_80;validation_trade_event_count_9_below_30;locked_oos_trade_event_count_2_below_20;locked_oos_return_not_positive;primary_10bps_promotion_gate_failed,locked_oos_calmar_non_positive;locked_oos_return_non_positive;locked_oos_sharpe_non_positive;locked_oos_smart_sortino_non_positive;locked_oos_sortino_non_positive;train_calmar_not_above_validation;train_sharpe_not_above_validation;train_smart_sortino_not_above_validation;train_sortino_not_above_validation,"{""abs_factor_score_min"": 1.5, ""side"": ""SHORT"", ""symbol"": ""TRX/USDT""}"
122,thin_sample_shadow,156,shadow_only_thin_sample,not_promoted_shadow_or_reject,fresh_tv10_filter_side_short_symbol_trx_usdt_abs_score_ge_1p5_alpha_zoo_conservative_exit_carry_forward_old_split_selected_6p0x_0p175alloc,alpha_zoo_conservative_exit_carry_forward_old_split_selected,individual_seed_trade_filter,fresh_train_validation_10bps_trade_filter,side_short_symbol_trx_usdt_abs_score_ge_1.5,6.0,0.175,1.0499999999999998,10499.999999999998,10499.999999999998,True,0.0894025073207283,0.06498508062664697,0.7076351629127102,0.14122538264724913,0.13260785077303694,1.3757389612912017,55,0.02914972007813299,0.005828950434444926,2.215576204757566,0.41956340727888264,0.417131965726043,21.2443012084864,9,3.067010835133016,-0.007952936745145855,0.007952936745145855,-2.975202958905636,-0.12599969390178406,-0.12500553280658008,-7.645591060647143,2,0.0,0.0,True,False,False,False,False,False,False,train_trade_event_count_55_below_80;validation_trade_event_count_9_below_30;locked_oos_trade_event_count_2_below_20;locked_oos_return_not_positive;primary_10bps_promotion_gate_failed,locked_oos_calmar_non_positive;locked_oos_return_non_positive;locked_oos_sharpe_non_positive;locked_oos_smart_sortino_non_positive;locked_oos_sortino_non_positive;train_calmar_not_above_validation;train_sharpe_not_above_validation;train_smart_sortino_not_above_validation;train_sortino_not_above_validation,"{""abs_factor_score_min"": 1.5, ""side"": ""SHORT"", ""symbol"": ""TRX/USDT""}"
123,thin_sample_shadow,157,shadow_only_thin_sample,not_promoted_shadow_or_reject,fresh_tv10_filter_side_short_symbol_trx_usdt_abs_score_ge_1p5_alpha_zoo_conservative_exit_6p0x_0p175alloc,alpha_zoo_conservative_exit,individual_seed_trade_filter,fresh_train_validation_10bps_trade_filter,side_short_symbol_trx_usdt_abs_score_ge_1.5,6.0,0.175,1.0499999999999998,10499.999999999998,10499.999999999998,True,0.0894025073207283,0.06498508062664697,0.7076351629127102,0.14122538264724913,0.13260785077303694,1.3757389612912017,55,0.02914972007813299,0.005828950434444926,2.215576204757566,0.41956340727888264,0.417131965726043,21.2443012084864,9,3.067010835133016,-0.007952936745145855,0.007952936745145855,-2.975202958905636,-0.12599969390178406,-0.12500553280658008,-7.645591060647143,2,0.0,0.0,True,False,False,False,False,False,False,train_trade_event_count_55_below_80;validation_trade_event_count_9_below_30;locked_oos_trade_event_count_2_below_20;locked_oos_return_not_positive;primary_10bps_promotion_gate_failed,locked_oos_calmar_non_positive;locked_oos_return_non_positive;locked_oos_sharpe_non_positive;locked_oos_smart_sortino_non_positive;locked_oos_sortino_non_positive;train_calmar_not_above_validation;train_sharpe_not_above_validation;train_smart_sortino_not_above_validation;train_sortino_not_above_validation,"{""abs_factor_score_min"": 1.5, ""side"": ""SHORT"", ""symbol"": ""TRX/USDT""}"
124,thin_sample_shadow,158,shadow_only_thin_sample,not_promoted_shadow_or_reject,fresh_tv10_filter_side_long_symbol_bnb_usdt_abs_score_ge_2_alpha_zoo_range_sweep_blend_5p0x_0p2alloc,alpha_zoo_range_sweep_blend,individual_seed_trade_filter,fresh_train_validation_10bps_trade_filter,side_long_symbol_bnb_usdt_abs_score_ge_2,5.0,0.2,1.0,10000.0,10000.0,True,0.08049907146815172,0.031179935925306677,1.1726045506570764,0.13672042392257563,0.1325863888147635,2.581758720126682,36,0.04610539280126558,0.0045600404526673355,2.8462286431219495,0.6734875737400594,0.670430384068012,44.074657438700726,7,1.7459795173015433,0.0005009749639863781,0.013124823819205898,0.12004190955805684,0.010073657371737314,0.00994315521138092,0.30039849663125767,5,0.0,0.0,True,False,False,False,False,False,False,train_trade_event_count_36_below_80;validation_trade_event_count_7_below_30;locked_oos_trade_event_count_5_below_20;primary_10bps_promotion_gate_failed,train_calmar_not_above_validation;train_sharpe_not_above_validation;train_smart_sortino_not_above_validation;train_sortino_not_above_validation,"{""abs_factor_score_min"": 2.0, ""side"": ""LONG"", ""symbol"": ""BNB/USDT""}"
125,thin_sample_shadow,159,shadow_only_thin_sample,not_promoted_shadow_or_reject,fresh_tv10_filter_symbol_bnb_usdt_abs_score_ge_2_alpha_zoo_range_sweep_blend_5p0x_0p2alloc,alpha_zoo_range_sweep_blend,individual_seed_trade_filter,fresh_train_validation_10bps_trade_filter,symbol_bnb_usdt_abs_score_ge_2,5.0,0.2,1.0,10000.0,10000.0,True,0.07894392304688647,0.09048703179942992,0.809063009124716,0.08450022456161248,0.07748851852201975,0.8724335573507432,66,0.10916472481624795,0.006965582712026346,4.206331778056286,1.1935560582222777,1.1852997547420774,75.14520164723871,14,0.7231633037116084,-0.014673413344020503,0.02571056399723072,-2.1598770607839377,-0.22138474160193874,-0.21583548943787267,-4.264618518435305,10,0.0,0.0,True,False,False,False,False,False,False,train_trade_event_count_66_below_80;validation_trade_event_count_14_below_30;locked_oos_trade_event_count_10_below_20;locked_oos_return_not_positive;primary_10bps_promotion_gate_failed,locked_oos_calmar_non_positive;locked_oos_return_non_positive;locked_oos_sharpe_non_positive;locked_oos_smart_sortino_non_positive;locked_oos_sortino_non_positive;train_calmar_not_above_validation;train_sharpe_not_above_validation;train_smart_sortino_not_above_validation;train_sortino_not_above_validation;train_total_return_not_above_validation,"{""abs_factor_score_min"": 2.0, ""symbol"": ""BNB/USDT""}"
126,thin_sample_shadow,160,shadow_only_thin_sample,not_promoted_shadow_or_reject,fresh_tv10_filter_side_short_symbol_trx_usdt_abs_score_ge_1p5_alpha_zoo_conservative_exit_carry_forward_old_split_selected_8p0x_0p125alloc,alpha_zoo_conservative_exit_carry_forward_old_split_selected,individual_seed_trade_filter,fresh_train_validation_10bps_trade_filter,side_short_symbol_trx_usdt_abs_score_ge_1.5,8.0,0.125,1.0,10000.0,10000.0,True,0.08536120887316101,0.06196048475164811,0.7076351629127134,0.1412253826472499,0.13298553446673406,1.3776717405505847,55,0.027758522341188252,0.005551713972877539,2.215576204757568,0.4195634072788816,0.4172469714374117,21.19564557979541,9,3.0751351899773702,-0.007574386739919836,0.007574386739919836,-2.9752029589056392,-0.1259996939017842,-0.125052497919747,-7.65548222895571,2,0.0,0.0,True,False,False,False,False,False,False,train_trade_event_count_55_below_80;validation_trade_event_count_9_below_30;locked_oos_trade_event_count_2_below_20;locked_oos_return_not_positive;primary_10bps_promotion_gate_failed,locked_oos_calmar_non_positive;locked_oos_return_non_positive;locked_oos_sharpe_non_positive;locked_oos_smart_sortino_non_positive;locked_oos_sortino_non_positive;train_calmar_not_above_validation;train_sharpe_not_above_validation;train_smart_sortino_not_above_validation;train_sortino_not_above_validation,"{""abs_factor_score_min"": 1.5, ""side"": ""SHORT"", ""symbol"": ""TRX/USDT""}"
127,thin_sample_shadow,161,shadow_only_thin_sample,not_promoted_shadow_or_reject,fresh_tv10_filter_side_short_symbol_trx_usdt_abs_score_ge_1p5_alpha_zoo_conservative_exit_carry_forward_old_split_selected_5p0x_0p2alloc,alpha_zoo_conservative_exit_carry_forward_old_split_selected,individual_seed_trade_filter,fresh_train_validation_10bps_trade_filter,side_short_symbol_trx_usdt_abs_score_ge_1.5,5.0,0.2,1.0,10000.0,10000.0,True,0.08536120887316101,0.06196048475164811,0.7076351629127134,0.1412253826472499,0.13298553446673406,1.3776717405505847,55,0.027758522341188252,0.005551713972877539,2.215576204757568,0.4195634072788816,0.4172469714374117,21.19564557979541,9,3.0751351899773702,-0.007574386739919836,0.007574386739919836,-2.9752029589056392,-0.1259996939017842,-0.125052497919747,-7.65548222895571,2,0.0,0.0,True,False,False,False,False,False,False,train_trade_event_count_55_below_80;validation_trade_event_count_9_below_30;locked_oos_trade_event_count_2_below_20;locked_oos_return_not_positive;primary_10bps_promotion_gate_failed,locked_oos_calmar_non_positive;locked_oos_return_non_positive;locked_oos_sharpe_non_positive;locked_oos_smart_sortino_non_positive;locked_oos_sortino_non_positive;train_calmar_not_above_validation;train_sharpe_not_above_validation;train_smart_sortino_not_above_validation;train_sortino_not_above_validation,"{""abs_factor_score_min"": 1.5, ""side"": ""SHORT"", ""symbol"": ""TRX/USDT""}"
128,thin_sample_shadow,162,shadow_only_thin_sample,not_promoted_shadow_or_reject,fresh_tv10_filter_side_short_symbol_trx_usdt_abs_score_ge_1p5_alpha_zoo_conservative_exit_carry_forward_old_split_selected_10p0x_0p1alloc,alpha_zoo_conservative_exit_carry_forward_old_split_selected,individual_seed_trade_filter,fresh_train_validation_10bps_trade_filter,side_short_symbol_trx_usdt_abs_score_ge_1.5,10.0,0.1,1.0,10000.0,10000.0,True,0.08536120887316101,0.06196048475164811,0.7076351629127134,0.1412253826472499,0.13298553446673406,1.3776717405505847,55,0.027758522341188252,0.005551713972877539,2.215576204757568,0.4195634072788816,0.4172469714374117,21.19564557979541,9,3.0751351899773702,-0.007574386739919836,0.007574386739919836,-2.9752029589056392,-0.1259996939017842,-0.125052497919747,-7.65548222895571,2,0.0,0.0,True,False,False,False,False,False,False,train_trade_event_count_55_below_80;validation_trade_event_count_9_below_30;locked_oos_trade_event_count_2_below_20;locked_oos_return_not_positive;primary_10bps_promotion_gate_failed,locked_oos_calmar_non_positive;locked_oos_return_non_positive;locked_oos_sharpe_non_positive;locked_oos_smart_sortino_non_positive;locked_oos_sortino_non_positive;train_calmar_not_above_validation;train_sharpe_not_above_validation;train_smart_sortino_not_above_validation;train_sortino_not_above_validation,"{""abs_factor_score_min"": 1.5, ""side"": ""SHORT"", ""symbol"": ""TRX/USDT""}"
129,thin_sample_shadow,163,shadow_only_thin_sample,not_promoted_shadow_or_reject,fresh_tv10_filter_side_short_symbol_trx_usdt_abs_score_ge_1p5_alpha_zoo_conservative_exit_8p0x_0p125alloc,alpha_zoo_conservative_exit,individual_seed_trade_filter,fresh_train_validation_10bps_trade_filter,side_short_symbol_trx_usdt_abs_score_ge_1.5,8.0,0.125,1.0,10000.0,10000.0,True,0.08536120887316101,0.06196048475164811,0.7076351629127134,0.1412253826472499,0.13298553446673406,1.3776717405505847,55,0.027758522341188252,0.005551713972877539,2.215576204757568,0.4195634072788816,0.4172469714374117,21.19564557979541,9,3.0751351899773702,-0.007574386739919836,0.007574386739919836,-2.9752029589056392,-0.1259996939017842,-0.125052497919747,-7.65548222895571,2,0.0,0.0,True,False,False,False,False,False,False,train_trade_event_count_55_below_80;validation_trade_event_count_9_below_30;locked_oos_trade_event_count_2_below_20;locked_oos_return_not_positive;primary_10bps_promotion_gate_failed,locked_oos_calmar_non_positive;locked_oos_return_non_positive;locked_oos_sharpe_non_positive;locked_oos_smart_sortino_non_positive;locked_oos_sortino_non_positive;train_calmar_not_above_validation;train_sharpe_not_above_validation;train_smart_sortino_not_above_validation;train_sortino_not_above_validation,"{""abs_factor_score_min"": 1.5, ""side"": ""SHORT"", ""symbol"": ""TRX/USDT""}"
130,thin_sample_shadow,164,shadow_only_thin_sample,not_promoted_shadow_or_reject,fresh_tv10_filter_side_short_symbol_trx_usdt_abs_score_ge_1p5_alpha_zoo_conservative_exit_5p0x_0p2alloc,alpha_zoo_conservative_exit,individual_seed_trade_filter,fresh_train_validation_10bps_trade_filter,side_short_symbol_trx_usdt_abs_score_ge_1.5,5.0,0.2,1.0,10000.0,10000.0,True,0.08536120887316101,0.06196048475164811,0.7076351629127134,0.1412253826472499,0.13298553446673406,1.3776717405505847,55,0.027758522341188252,0.005551713972877539,2.215576204757568,0.4195634072788816,0.4172469714374117,21.19564557979541,9,3.0751351899773702,-0.007574386739919836,0.007574386739919836,-2.9752029589056392,-0.1259996939017842,-0.125052497919747,-7.65548222895571,2,0.0,0.0,True,False,False,False,False,False,False,train_trade_event_count_55_below_80;validation_trade_event_count_9_below_30;locked_oos_trade_event_count_2_below_20;locked_oos_return_not_positive;primary_10bps_promotion_gate_failed,locked_oos_calmar_non_positive;locked_oos_return_non_positive;locked_oos_sharpe_non_positive;locked_oos_smart_sortino_non_positive;locked_oos_sortino_non_positive;train_calmar_not_above_validation;train_sharpe_not_above_validation;train_smart_sortino_not_above_validation;train_sortino_not_above_validation,"{""abs_factor_score_min"": 1.5, ""side"": ""SHORT"", ""symbol"": ""TRX/USDT""}"
131,thin_sample_shadow,165,shadow_only_thin_sample,not_promoted_shadow_or_reject,fresh_tv10_filter_side_short_symbol_trx_usdt_abs_score_ge_1p5_alpha_zoo_conservative_exit_10p0x_0p1alloc,alpha_zoo_conservative_exit,individual_seed_trade_filter,fresh_train_validation_10bps_trade_filter,side_short_symbol_trx_usdt_abs_score_ge_1.5,10.0,0.1,1.0,10000.0,10000.0,True,0.08536120887316101,0.06196048475164811,0.7076351629127134,0.1412253826472499,0.13298553446673406,1.3776717405505847,55,0.027758522341188252,0.005551713972877539,2.215576204757568,0.4195634072788816,0.4172469714374117,21.19564557979541,9,3.0751351899773702,-0.007574386739919836,0.007574386739919836,-2.9752029589056392,-0.1259996939017842,-0.125052497919747,-7.65548222895571,2,0.0,0.0,True,False,False,False,False,False,False,train_trade_event_count_55_below_80;validation_trade_event_count_9_below_30;locked_oos_trade_event_count_2_below_20;locked_oos_return_not_positive;primary_10bps_promotion_gate_failed,locked_oos_calmar_non_positive;locked_oos_return_non_positive;locked_oos_sharpe_non_positive;locked_oos_smart_sortino_non_positive;locked_oos_sortino_non_positive;train_calmar_not_above_validation;train_sharpe_not_above_validation;train_smart_sortino_not_above_validation;train_sortino_not_above_validation,"{""abs_factor_score_min"": 1.5, ""side"": ""SHORT"", ""symbol"": ""TRX/USDT""}"
132,long_only_crypto_residual_reversal_shadow,166,shadow_only_thin_sample,not_promoted_shadow_or_reject,fresh_tv10_filter_side_long_family_crypto_residual_reversal_abs_score_ge_1p5_alpha_zoo_high_confidence_long_only_8p0x_0p2alloc,alpha_zoo_high_confidence_long_only,individual_seed_trade_filter,fresh_train_validation_10bps_trade_filter,side_long_family_crypto_residual_reversal_abs_score_ge_1.5,8.0,0.2,1.6,16000.0,16000.0,True,0.05078387862526279,0.15428158574870718,0.3375550880039019,0.04602489935201167,0.03987319898390159,0.3291635769675017,83,0.1417318366754563,0.03121375818048141,2.651172067242854,0.45384145719183977,0.4401041525984074,22.85894823550242,18,0.3583096064827687,0.018620495328067976,0.01813684511146791,1.8151785349521334,0.32200679473388055,0.3162706430672652,8.600055079943928,13,0.0,0.0,True,False,False,False,False,False,False,validation_trade_event_count_18_below_30;locked_oos_trade_event_count_13_below_20;train_validation_return_ratio_0.3583_below_0.50;primary_10bps_promotion_gate_failed,train_calmar_not_above_locked_oos;train_calmar_not_above_validation;train_sharpe_not_above_locked_oos;train_sharpe_not_above_validation;train_smart_sortino_not_above_locked_oos;train_smart_sortino_not_above_validation;train_sortino_not_above_locked_oos;train_sortino_not_above_validation;train_total_return_not_above_validation,"{""abs_factor_score_min"": 1.5, ""dominant_factor_family"": ""crypto_residual_reversal"", ""side"": ""LONG""}"
133,long_only_crypto_residual_reversal_shadow,167,shadow_only_thin_sample,not_promoted_shadow_or_reject,fresh_tv10_filter_family_crypto_residual_reversal_abs_score_ge_1p5_alpha_zoo_high_confidence_long_only_8p0x_0p2alloc,alpha_zoo_high_confidence_long_only,individual_seed_trade_filter,fresh_train_validation_10bps_trade_filter,family_crypto_residual_reversal_abs_score_ge_1.5,8.0,0.2,1.6,16000.0,16000.0,True,0.05078387862526279,0.15428158574870718,0.3375550880039019,0.04602489935201167,0.03987319898390159,0.3291635769675017,83,0.1417318366754563,0.03121375818048141,2.651172067242854,0.45384145719183977,0.4401041525984074,22.85894823550242,18,0.3583096064827687,0.018620495328067976,0.01813684511146791,1.8151785349521334,0.32200679473388055,0.3162706430672652,8.600055079943928,13,0.0,0.0,True,False,False,False,False,False,False,validation_trade_event_count_18_below_30;locked_oos_trade_event_count_13_below_20;train_validation_return_ratio_0.3583_below_0.50;primary_10bps_promotion_gate_failed,train_calmar_not_above_locked_oos;train_calmar_not_above_validation;train_sharpe_not_above_locked_oos;train_sharpe_not_above_validation;train_smart_sortino_not_above_locked_oos;train_smart_sortino_not_above_validation;train_sortino_not_above_locked_oos;train_sortino_not_above_validation;train_total_return_not_above_validation,"{""abs_factor_score_min"": 1.5, ""dominant_factor_family"": ""crypto_residual_reversal""}"
134,thin_sample_shadow,169,shadow_only_thin_sample,not_promoted_shadow_or_reject,fresh_tv10_filter_abs_score_ge_3_alpha_zoo_conservative_exit_carry_forward_old_split_selected_6p0x_0p05alloc,alpha_zoo_conservative_exit_carry_forward_old_split_selected,individual_seed_trade_filter,fresh_train_validation_10bps_trade_filter,abs_score_ge_3,6.0,0.05,0.30000000000000004,3000.0000000000005,3000.0000000000005,True,0.11695422192096738,0.024194070688951196,1.830245002400279,0.2463084023037376,0.24048997094667005,4.83400348062872,42,0.02166917032274518,0.005000536384611892,2.008834871537709,0.6499454299657692,0.6467115254523966,18.19990349492569,8,5.3972634936652675,-0.0006438041785431503,0.0006438041785431503,-2.8029452799069174,-0.08394158892769572,-0.0838875817520359,-7.8391837565424485,1,0.0,0.0,True,False,False,False,False,False,False,train_trade_event_count_42_below_80;validation_trade_event_count_8_below_30;locked_oos_trade_event_count_1_below_20;locked_oos_return_not_positive;primary_10bps_promotion_gate_failed,locked_oos_calmar_non_positive;locked_oos_return_non_positive;locked_oos_sharpe_non_positive;locked_oos_smart_sortino_non_positive;locked_oos_sortino_non_positive;train_calmar_not_above_validation;train_sharpe_not_above_validation;train_smart_sortino_not_above_validation;train_sortino_not_above_validation,"{""abs_factor_score_min"": 3.0}"
135,thin_sample_shadow,170,shadow_only_thin_sample,not_promoted_shadow_or_reject,fresh_tv10_filter_abs_score_ge_3_alpha_zoo_conservative_exit_carry_forward_old_split_selected_4p0x_0p075alloc,alpha_zoo_conservative_exit_carry_forward_old_split_selected,individual_seed_trade_filter,fresh_train_validation_10bps_trade_filter,abs_score_ge_3,4.0,0.075,0.3,3000.0,3000.0,True,0.11695422192096738,0.02419407068895101,1.8302450024002803,0.2463084023037379,0.2404899709466704,4.834003480628757,42,0.02166917032274518,0.005000536384611892,2.008834871537709,0.6499454299657692,0.6467115254523966,18.19990349492569,8,5.3972634936652675,-0.0006438041785431503,0.0006438041785431503,-2.8029452799069174,-0.08394158892769572,-0.0838875817520359,-7.8391837565424485,1,0.0,0.0,True,False,False,False,False,False,False,train_trade_event_count_42_below_80;validation_trade_event_count_8_below_30;locked_oos_trade_event_count_1_below_20;locked_oos_return_not_positive;primary_10bps_promotion_gate_failed,locked_oos_calmar_non_positive;locked_oos_return_non_positive;locked_oos_sharpe_non_positive;locked_oos_smart_sortino_non_positive;locked_oos_sortino_non_positive;train_calmar_not_above_validation;train_sharpe_not_above_validation;train_smart_sortino_not_above_validation;train_sortino_not_above_validation,"{""abs_factor_score_min"": 3.0}"
136,thin_sample_shadow,171,shadow_only_thin_sample,not_promoted_shadow_or_reject,fresh_tv10_filter_abs_score_ge_3_alpha_zoo_conservative_exit_carry_forward_old_split_selected_3p0x_0p1alloc,alpha_zoo_conservative_exit_carry_forward_old_split_selected,individual_seed_trade_filter,fresh_train_validation_10bps_trade_filter,abs_score_ge_3,3.0,0.1,0.30000000000000004,3000.0000000000005,3000.0000000000005,True,0.11695422192096738,0.024194070688951196,1.830245002400279,0.2463084023037376,0.24048997094667005,4.83400348062872,42,0.02166917032274518,0.005000536384611892,2.008834871537709,0.6499454299657692,0.6467115254523966,18.19990349492569,8,5.3972634936652675,-0.0006438041785431503,0.0006438041785431503,-2.8029452799069174,-0.08394158892769572,-0.0838875817520359,-7.8391837565424485,1,0.0,0.0,True,False,False,False,False,False,False,train_trade_event_count_42_below_80;validation_trade_event_count_8_below_30;locked_oos_trade_event_count_1_below_20;locked_oos_return_not_positive;primary_10bps_promotion_gate_failed,locked_oos_calmar_non_positive;locked_oos_return_non_positive;locked_oos_sharpe_non_positive;locked_oos_smart_sortino_non_positive;locked_oos_sortino_non_positive;train_calmar_not_above_validation;train_sharpe_not_above_validation;train_smart_sortino_not_above_validation;train_sortino_not_above_validation,"{""abs_factor_score_min"": 3.0}"
137,thin_sample_shadow,172,shadow_only_thin_sample,not_promoted_shadow_or_reject,fresh_tv10_filter_abs_score_ge_3_alpha_zoo_conservative_exit_carry_forward_old_split_selected_2p0x_0p15alloc,alpha_zoo_conservative_exit_carry_forward_old_split_selected,individual_seed_trade_filter,fresh_train_validation_10bps_trade_filter,abs_score_ge_3,2.0,0.15,0.3,3000.0,3000.0,True,0.11695422192096738,0.02419407068895101,1.8302450024002803,0.2463084023037379,0.2404899709466704,4.834003480628757,42,0.02166917032274518,0.005000536384611892,2.008834871537709,0.6499454299657692,0.6467115254523966,18.19990349492569,8,5.3972634936652675,-0.0006438041785431503,0.0006438041785431503,-2.8029452799069174,-0.08394158892769572,-0.0838875817520359,-7.8391837565424485,1,0.0,0.0,True,False,False,False,False,False,False,train_trade_event_count_42_below_80;validation_trade_event_count_8_below_30;locked_oos_trade_event_count_1_below_20;locked_oos_return_not_positive;primary_10bps_promotion_gate_failed,locked_oos_calmar_non_positive;locked_oos_return_non_positive;locked_oos_sharpe_non_positive;locked_oos_smart_sortino_non_positive;locked_oos_sortino_non_positive;train_calmar_not_above_validation;train_sharpe_not_above_validation;train_smart_sortino_not_above_validation;train_sortino_not_above_validation,"{""abs_factor_score_min"": 3.0}"
138,thin_sample_shadow,173,shadow_only_thin_sample,not_promoted_shadow_or_reject,fresh_tv10_filter_abs_score_ge_3_alpha_zoo_conservative_exit_6p0x_0p05alloc,alpha_zoo_conservative_exit,individual_seed_trade_filter,fresh_train_validation_10bps_trade_filter,abs_score_ge_3,6.0,0.05,0.30000000000000004,3000.0000000000005,3000.0000000000005,True,0.11695422192096738,0.024194070688951196,1.830245002400279,0.2463084023037376,0.24048997094667005,4.83400348062872,42,0.02166917032274518,0.005000536384611892,2.008834871537709,0.6499454299657692,0.6467115254523966,18.19990349492569,8,5.3972634936652675,-0.0006438041785431503,0.0006438041785431503,-2.8029452799069174,-0.08394158892769572,-0.0838875817520359,-7.8391837565424485,1,0.0,0.0,True,False,False,False,False,False,False,train_trade_event_count_42_below_80;validation_trade_event_count_8_below_30;locked_oos_trade_event_count_1_below_20;locked_oos_return_not_positive;primary_10bps_promotion_gate_failed,locked_oos_calmar_non_positive;locked_oos_return_non_positive;locked_oos_sharpe_non_positive;locked_oos_smart_sortino_non_positive;locked_oos_sortino_non_positive;train_calmar_not_above_validation;train_sharpe_not_above_validation;train_smart_sortino_not_above_validation;train_sortino_not_above_validation,"{""abs_factor_score_min"": 3.0}"
139,thin_sample_shadow,174,shadow_only_thin_sample,not_promoted_shadow_or_reject,fresh_tv10_filter_abs_score_ge_3_alpha_zoo_conservative_exit_4p0x_0p075alloc,alpha_zoo_conservative_exit,individual_seed_trade_filter,fresh_train_validation_10bps_trade_filter,abs_score_ge_3,4.0,0.075,0.3,3000.0,3000.0,True,0.11695422192096738,0.02419407068895101,1.8302450024002803,0.2463084023037379,0.2404899709466704,4.834003480628757,42,0.02166917032274518,0.005000536384611892,2.008834871537709,0.6499454299657692,0.6467115254523966,18.19990349492569,8,5.3972634936652675,-0.0006438041785431503,0.0006438041785431503,-2.8029452799069174,-0.08394158892769572,-0.0838875817520359,-7.8391837565424485,1,0.0,0.0,True,False,False,False,False,False,False,train_trade_event_count_42_below_80;validation_trade_event_count_8_below_30;locked_oos_trade_event_count_1_below_20;locked_oos_return_not_positive;primary_10bps_promotion_gate_failed,locked_oos_calmar_non_positive;locked_oos_return_non_positive;locked_oos_sharpe_non_positive;locked_oos_smart_sortino_non_positive;locked_oos_sortino_non_positive;train_calmar_not_above_validation;train_sharpe_not_above_validation;train_smart_sortino_not_above_validation;train_sortino_not_above_validation,"{""abs_factor_score_min"": 3.0}"
140,thin_sample_shadow,175,shadow_only_thin_sample,not_promoted_shadow_or_reject,fresh_tv10_filter_abs_score_ge_3_alpha_zoo_conservative_exit_3p0x_0p1alloc,alpha_zoo_conservative_exit,individual_seed_trade_filter,fresh_train_validation_10bps_trade_filter,abs_score_ge_3,3.0,0.1,0.30000000000000004,3000.0000000000005,3000.0000000000005,True,0.11695422192096738,0.024194070688951196,1.830245002400279,0.2463084023037376,0.24048997094667005,4.83400348062872,42,0.02166917032274518,0.005000536384611892,2.008834871537709,0.6499454299657692,0.6467115254523966,18.19990349492569,8,5.3972634936652675,-0.0006438041785431503,0.0006438041785431503,-2.8029452799069174,-0.08394158892769572,-0.0838875817520359,-7.8391837565424485,1,0.0,0.0,True,False,False,False,False,False,False,train_trade_event_count_42_below_80;validation_trade_event_count_8_below_30;locked_oos_trade_event_count_1_below_20;locked_oos_return_not_positive;primary_10bps_promotion_gate_failed,locked_oos_calmar_non_positive;locked_oos_return_non_positive;locked_oos_sharpe_non_positive;locked_oos_smart_sortino_non_positive;locked_oos_sortino_non_positive;train_calmar_not_above_validation;train_sharpe_not_above_validation;train_smart_sortino_not_above_validation;train_sortino_not_above_validation,"{""abs_factor_score_min"": 3.0}"
141,thin_sample_shadow,176,shadow_only_thin_sample,not_promoted_shadow_or_reject,fresh_tv10_filter_abs_score_ge_3_alpha_zoo_conservative_exit_2p0x_0p15alloc,alpha_zoo_conservative_exit,individual_seed_trade_filter,fresh_train_validation_10bps_trade_filter,abs_score_ge_3,2.0,0.15,0.3,3000.0,3000.0,True,0.11695422192096738,0.02419407068895101,1.8302450024002803,0.2463084023037379,0.2404899709466704,4.834003480628757,42,0.02166917032274518,0.005000536384611892,2.008834871537709,0.6499454299657692,0.6467115254523966,18.19990349492569,8,5.3972634936652675,-0.0006438041785431503,0.0006438041785431503,-2.8029452799069174,-0.08394158892769572,-0.0838875817520359,-7.8391837565424485,1,0.0,0.0,True,False,False,False,False,False,False,train_trade_event_count_42_below_80;validation_trade_event_count_8_below_30;locked_oos_trade_event_count_1_below_20;locked_oos_return_not_positive;primary_10bps_promotion_gate_failed,locked_oos_calmar_non_positive;locked_oos_return_non_positive;locked_oos_sharpe_non_positive;locked_oos_smart_sortino_non_positive;locked_oos_sortino_non_positive;train_calmar_not_above_validation;train_sharpe_not_above_validation;train_smart_sortino_not_above_validation;train_sortino_not_above_validation,"{""abs_factor_score_min"": 3.0}"
142,thin_sample_shadow,178,shadow_only_thin_sample,not_promoted_shadow_or_reject,fresh_tv10_filter_side_short_symbol_trx_usdt_abs_score_ge_1p5_alpha_zoo_default_11p0x_0p075alloc,alpha_zoo_default,individual_seed_trade_filter,fresh_train_validation_10bps_trade_filter,side_short_symbol_trx_usdt_abs_score_ge_1.5,11.0,0.075,0.825,8250.0,8250.0,True,0.09773552013793307,0.03897845858965596,0.9550496202169931,0.19216523982640044,0.1849559422889787,2.507423938099748,46,0.023681781556870618,0.004581124429584572,2.292041768706097,0.38073299757842666,0.378996766233899,21.778071777784593,8,4.127034104390588,-0.006249334722801203,0.006249334722801203,-2.9752029589056312,-0.1259996939017839,-0.12521716989407397,-7.690220224871105,2,0.0,0.0,True,False,False,False,False,False,False,train_trade_event_count_46_below_80;validation_trade_event_count_8_below_30;locked_oos_trade_event_count_2_below_20;locked_oos_return_not_positive;primary_10bps_promotion_gate_failed,locked_oos_calmar_non_positive;locked_oos_return_non_positive;locked_oos_sharpe_non_positive;locked_oos_smart_sortino_non_positive;locked_oos_sortino_non_positive;train_calmar_not_above_validation;train_sharpe_not_above_validation;train_smart_sortino_not_above_validation;train_sortino_not_above_validation,"{""abs_factor_score_min"": 1.5, ""side"": ""SHORT"", ""symbol"": ""TRX/USDT""}"
143,thin_sample_shadow,179,shadow_only_thin_sample,not_promoted_shadow_or_reject,fresh_tv10_filter_symbol_bnb_usdt_abs_score_ge_1p5_alpha_zoo_conservative_exit_carry_forward_old_split_selected_6p0x_0p15alloc,alpha_zoo_conservative_exit_carry_forward_old_split_selected,individual_seed_trade_filter,fresh_train_validation_10bps_trade_filter,symbol_bnb_usdt_abs_score_ge_1.5,6.0,0.15,0.8999999999999999,9000.0,9000.0,True,0.07924023288465398,0.08237277853838008,0.6520589966761333,0.09444973528817777,0.08726174305281519,0.9619711061189159,108,0.10399259057560717,0.0121734994838955,3.3339914955480188,0.9394469334190947,0.9281481227261098,40.64335968772551,16,0.7619796030279952,-0.02680173840677491,0.04295180286636001,-3.484582780342972,-0.42354059671954275,-0.4060979573126196,-4.474790401514103,15,0.0,0.0,True,False,False,False,False,False,False,validation_trade_event_count_16_below_30;locked_oos_trade_event_count_15_below_20;locked_oos_return_not_positive;primary_10bps_promotion_gate_failed,locked_oos_calmar_non_positive;locked_oos_return_non_positive;locked_oos_sharpe_non_positive;locked_oos_smart_sortino_non_positive;locked_oos_sortino_non_positive;train_calmar_not_above_validation;train_sharpe_not_above_validation;train_smart_sortino_not_above_validation;train_sortino_not_above_validation;train_total_return_not_above_validation,"{""abs_factor_score_min"": 1.5, ""symbol"": ""BNB/USDT""}"
144,thin_sample_shadow,180,shadow_only_thin_sample,not_promoted_shadow_or_reject,fresh_tv10_filter_symbol_bnb_usdt_abs_score_ge_1p5_alpha_zoo_conservative_exit_6p0x_0p15alloc,alpha_zoo_conservative_exit,individual_seed_trade_filter,fresh_train_validation_10bps_trade_filter,symbol_bnb_usdt_abs_score_ge_1.5,6.0,0.15,0.8999999999999999,9000.0,9000.0,True,0.07924023288465398,0.08237277853838008,0.6520589966761333,0.09444973528817777,0.08726174305281519,0.9619711061189159,108,0.10399259057560717,0.0121734994838955,3.3339914955480188,0.9394469334190947,0.9281481227261098,40.64335968772551,16,0.7619796030279952,-0.02680173840677491,0.04295180286636001,-3.484582780342972,-0.42354059671954275,-0.4060979573126196,-4.474790401514103,15,0.0,0.0,True,False,False,False,False,False,False,validation_trade_event_count_16_below_30;locked_oos_trade_event_count_15_below_20;locked_oos_return_not_positive;primary_10bps_promotion_gate_failed,locked_oos_calmar_non_positive;locked_oos_return_non_positive;locked_oos_sharpe_non_positive;locked_oos_smart_sortino_non_positive;locked_oos_sortino_non_positive;train_calmar_not_above_validation;train_sharpe_not_above_validation;train_smart_sortino_not_above_validation;train_sortino_not_above_validation;train_total_return_not_above_validation,"{""abs_factor_score_min"": 1.5, ""symbol"": ""BNB/USDT""}"
145,thin_sample_shadow,181,shadow_only_thin_sample,not_promoted_shadow_or_reject,fresh_tv10_filter_symbol_bnb_usdt_abs_score_ge_1p5_alpha_zoo_conservative_exit_carry_forward_old_split_selected_9p0x_0p1alloc,alpha_zoo_conservative_exit_carry_forward_old_split_selected,individual_seed_trade_filter,fresh_train_validation_10bps_trade_filter,symbol_bnb_usdt_abs_score_ge_1.5,9.0,0.1,0.9,9000.0,9000.0,True,0.07924023288465376,0.08237277853838026,0.6520589966761315,0.09444973528817746,0.0872617430528149,0.961971106118911,108,0.10399259057560717,0.0121734994838955,3.3339914955480188,0.9394469334190947,0.9281481227261098,40.64335968772551,16,0.7619796030279931,-0.02680173840677491,0.04295180286636001,-3.484582780342972,-0.42354059671954275,-0.4060979573126196,-4.474790401514103,15,0.0,0.0,True,False,False,False,False,False,False,validation_trade_event_count_16_below_30;locked_oos_trade_event_count_15_below_20;locked_oos_return_not_positive;primary_10bps_promotion_gate_failed,locked_oos_calmar_non_positive;locked_oos_return_non_positive;locked_oos_sharpe_non_positive;locked_oos_smart_sortino_non_positive;locked_oos_sortino_non_positive;train_calmar_not_above_validation;train_sharpe_not_above_validation;train_smart_sortino_not_above_validation;train_sortino_not_above_validation;train_total_return_not_above_validation,"{""abs_factor_score_min"": 1.5, ""symbol"": ""BNB/USDT""}"
146,thin_sample_shadow,182,shadow_only_thin_sample,not_promoted_shadow_or_reject,fresh_tv10_filter_symbol_bnb_usdt_abs_score_ge_1p5_alpha_zoo_conservative_exit_9p0x_0p1alloc,alpha_zoo_conservative_exit,individual_seed_trade_filter,fresh_train_validation_10bps_trade_filter,symbol_bnb_usdt_abs_score_ge_1.5,9.0,0.1,0.9,9000.0,9000.0,True,0.07924023288465376,0.08237277853838026,0.6520589966761315,0.09444973528817746,0.0872617430528149,0.961971106118911,108,0.10399259057560717,0.0121734994838955,3.3339914955480188,0.9394469334190947,0.9281481227261098,40.64335968772551,16,0.7619796030279931,-0.02680173840677491,0.04295180286636001,-3.484582780342972,-0.42354059671954275,-0.4060979573126196,-4.474790401514103,15,0.0,0.0,True,False,False,False,False,False,False,validation_trade_event_count_16_below_30;locked_oos_trade_event_count_15_below_20;locked_oos_return_not_positive;primary_10bps_promotion_gate_failed,locked_oos_calmar_non_positive;locked_oos_return_non_positive;locked_oos_sharpe_non_positive;locked_oos_smart_sortino_non_positive;locked_oos_sortino_non_positive;train_calmar_not_above_validation;train_sharpe_not_above_validation;train_smart_sortino_not_above_validation;train_sortino_not_above_validation;train_total_return_not_above_validation,"{""abs_factor_score_min"": 1.5, ""symbol"": ""BNB/USDT""}"
147,thin_sample_shadow,187,shadow_only_thin_sample,not_promoted_shadow_or_reject,fresh_tv10_filter_side_short_symbol_trx_usdt_abs_score_ge_1p5_alpha_zoo_default_8p0x_0p1alloc,alpha_zoo_default,individual_seed_trade_filter,fresh_train_validation_10bps_trade_filter,side_short_symbol_trx_usdt_abs_score_ge_1.5,8.0,0.1,0.8,8000.0,8000.0,True,0.09479447069905622,0.037808780225746394,0.9550496202169924,0.1921652398264001,0.18516439973132615,2.5072078531246733,46,0.022962351658462055,0.004442435519868519,2.2920417687061003,0.380732997578428,0.37904909640876766,21.7518230543874,8,4.12825620428658,-0.00606002545066342,0.00606002545066342,-2.975202958905658,-0.12599969390178506,-0.12524073187913776,-7.695197932028339,2,0.0,0.0,True,False,False,False,False,False,False,train_trade_event_count_46_below_80;validation_trade_event_count_8_below_30;locked_oos_trade_event_count_2_below_20;locked_oos_return_not_positive;primary_10bps_promotion_gate_failed,locked_oos_calmar_non_positive;locked_oos_return_non_positive;locked_oos_sharpe_non_positive;locked_oos_smart_sortino_non_positive;locked_oos_sortino_non_positive;train_calmar_not_above_validation;train_sharpe_not_above_validation;train_smart_sortino_not_above_validation;train_sortino_not_above_validation,"{""abs_factor_score_min"": 1.5, ""side"": ""SHORT"", ""symbol"": ""TRX/USDT""}"
148,thin_sample_shadow,188,shadow_only_thin_sample,not_promoted_shadow_or_reject,fresh_tv10_filter_side_short_symbol_trx_usdt_abs_score_ge_1p5_alpha_zoo_default_4p0x_0p2alloc,alpha_zoo_default,individual_seed_trade_filter,fresh_train_validation_10bps_trade_filter,side_short_symbol_trx_usdt_abs_score_ge_1.5,4.0,0.2,0.8,8000.0,8000.0,True,0.09479447069905622,0.037808780225746394,0.9550496202169924,0.1921652398264001,0.18516439973132615,2.5072078531246733,46,0.022962351658462055,0.004442435519868519,2.2920417687061003,0.380732997578428,0.37904909640876766,21.7518230543874,8,4.12825620428658,-0.00606002545066342,0.00606002545066342,-2.975202958905658,-0.12599969390178506,-0.12524073187913776,-7.695197932028339,2,0.0,0.0,True,False,False,False,False,False,False,train_trade_event_count_46_below_80;validation_trade_event_count_8_below_30;locked_oos_trade_event_count_2_below_20;locked_oos_return_not_positive;primary_10bps_promotion_gate_failed,locked_oos_calmar_non_positive;locked_oos_return_non_positive;locked_oos_sharpe_non_positive;locked_oos_smart_sortino_non_positive;locked_oos_sortino_non_positive;train_calmar_not_above_validation;train_sharpe_not_above_validation;train_smart_sortino_not_above_validation;train_sortino_not_above_validation,"{""abs_factor_score_min"": 1.5, ""side"": ""SHORT"", ""symbol"": ""TRX/USDT""}"
149,thin_sample_shadow,189,shadow_only_thin_sample,not_promoted_shadow_or_reject,fresh_tv10_filter_abs_score_ge_3_alpha_zoo_conservative_exit_carry_forward_old_split_selected_7p0x_0p05alloc,alpha_zoo_conservative_exit_carry_forward_old_split_selected,individual_seed_trade_filter,fresh_train_validation_10bps_trade_filter,abs_score_ge_3,7.0,0.05,0.35000000000000003,3500.0000000000005,3500.0000000000005,True,0.08355644997670053,0.05052618353447239,0.9619267573342393,0.07023900515306221,0.06686078486567999,1.6537257344935354,42,0.02527848194613158,0.005833769259362707,2.0087037909908587,0.6498090088226468,0.6460401595992629,18.299393152927966,8,3.3054378089142866,-0.0007511048749669902,0.0007511048749669902,-2.802945279906917,-0.08394158892769571,-0.08387858731186042,-7.836301572723471,1,0.0,0.0,True,False,False,False,False,False,False,train_trade_event_count_42_below_80;validation_trade_event_count_8_below_30;locked_oos_trade_event_count_1_below_20;locked_oos_return_not_positive;primary_10bps_promotion_gate_failed,liquidation_count_positive;locked_oos_calmar_non_positive;locked_oos_return_non_positive;locked_oos_sharpe_non_positive;locked_oos_smart_sortino_non_positive;locked_oos_sortino_non_positive;train_calmar_not_above_validation;train_sharpe_not_above_validation;train_smart_sortino_not_above_validation;train_sortino_not_above_validation,"{""abs_factor_score_min"": 3.0}"
150,thin_sample_shadow,190,shadow_only_thin_sample,not_promoted_shadow_or_reject,fresh_tv10_filter_abs_score_ge_3_alpha_zoo_conservative_exit_7p0x_0p05alloc,alpha_zoo_conservative_exit,individual_seed_trade_filter,fresh_train_validation_10bps_trade_filter,abs_score_ge_3,7.0,0.05,0.35000000000000003,3500.0000000000005,3500.0000000000005,True,0.08355644997670053,0.05052618353447239,0.9619267573342393,0.07023900515306221,0.06686078486567999,1.6537257344935354,42,0.02527848194613158,0.005833769259362707,2.0087037909908587,0.6498090088226468,0.6460401595992629,18.299393152927966,8,3.3054378089142866,-0.0007511048749669902,0.0007511048749669902,-2.802945279906917,-0.08394158892769571,-0.08387858731186042,-7.836301572723471,1,0.0,0.0,True,False,False,False,False,False,False,train_trade_event_count_42_below_80;validation_trade_event_count_8_below_30;locked_oos_trade_event_count_1_below_20;locked_oos_return_not_positive;primary_10bps_promotion_gate_failed,liquidation_count_positive;locked_oos_calmar_non_positive;locked_oos_return_non_positive;locked_oos_sharpe_non_positive;locked_oos_smart_sortino_non_positive;locked_oos_sortino_non_positive;train_calmar_not_above_validation;train_sharpe_not_above_validation;train_smart_sortino_not_above_validation;train_sortino_not_above_validation,"{""abs_factor_score_min"": 3.0}"
151,thin_sample_shadow,191,shadow_only_thin_sample,not_promoted_shadow_or_reject,fresh_tv10_filter_side_short_symbol_trx_usdt_abs_score_ge_1p5_alpha_zoo_conservative_exit_carry_forward_old_split_selected_9p0x_0p1alloc,alpha_zoo_conservative_exit_carry_forward_old_split_selected,individual_seed_trade_filter,fresh_train_validation_10bps_trade_filter,side_short_symbol_trx_usdt_abs_score_ge_1.5,9.0,0.1,0.9,9000.0,9000.0,True,0.07721182987253328,0.05589041786459178,0.7076351629127162,0.14122538264725076,0.1337500371798635,1.3814860010457937,55,0.024977037150964998,0.004997141267720974,2.2155762047575798,0.41956340727888763,0.4174772146611711,21.09864453667836,9,3.0913126086914664,-0.006817238348962085,0.006817238348962085,-2.975202958905648,-0.12599969390178464,-0.1251465401093115,-7.675309830108421,2,0.0,0.0,True,False,False,False,False,False,False,train_trade_event_count_55_below_80;validation_trade_event_count_9_below_30;locked_oos_trade_event_count_2_below_20;locked_oos_return_not_positive;primary_10bps_promotion_gate_failed,locked_oos_calmar_non_positive;locked_oos_return_non_positive;locked_oos_sharpe_non_positive;locked_oos_smart_sortino_non_positive;locked_oos_sortino_non_positive;train_calmar_not_above_validation;train_sharpe_not_above_validation;train_smart_sortino_not_above_validation;train_sortino_not_above_validation,"{""abs_factor_score_min"": 1.5, ""side"": ""SHORT"", ""symbol"": ""TRX/USDT""}"
152,thin_sample_shadow,192,shadow_only_thin_sample,not_promoted_shadow_or_reject,fresh_tv10_filter_side_short_symbol_trx_usdt_abs_score_ge_1p5_alpha_zoo_conservative_exit_carry_forward_old_split_selected_6p0x_0p15alloc,alpha_zoo_conservative_exit_carry_forward_old_split_selected,individual_seed_trade_filter,fresh_train_validation_10bps_trade_filter,side_short_symbol_trx_usdt_abs_score_ge_1.5,6.0,0.15,0.8999999999999999,9000.0,9000.0,True,0.07721182987253328,0.05589041786459178,0.7076351629127172,0.14122538264725104,0.13375003717986375,1.3814860010457937,55,0.024977037150964998,0.004997141267720974,2.2155762047575798,0.41956340727888763,0.4174772146611711,21.09864453667836,9,3.0913126086914664,-0.006817238348962085,0.006817238348962085,-2.975202958905648,-0.12599969390178464,-0.1251465401093115,-7.675309830108421,2,0.0,0.0,True,False,False,False,False,False,False,train_trade_event_count_55_below_80;validation_trade_event_count_9_below_30;locked_oos_trade_event_count_2_below_20;locked_oos_return_not_positive;primary_10bps_promotion_gate_failed,locked_oos_calmar_non_positive;locked_oos_return_non_positive;locked_oos_sharpe_non_positive;locked_oos_smart_sortino_non_positive;locked_oos_sortino_non_positive;train_calmar_not_above_validation;train_sharpe_not_above_validation;train_smart_sortino_not_above_validation;train_sortino_not_above_validation,"{""abs_factor_score_min"": 1.5, ""side"": ""SHORT"", ""symbol"": ""TRX/USDT""}"
153,thin_sample_shadow,193,shadow_only_thin_sample,not_promoted_shadow_or_reject,fresh_tv10_filter_side_short_symbol_trx_usdt_abs_score_ge_1p5_alpha_zoo_conservative_exit_9p0x_0p1alloc,alpha_zoo_conservative_exit,individual_seed_trade_filter,fresh_train_validation_10bps_trade_filter,side_short_symbol_trx_usdt_abs_score_ge_1.5,9.0,0.1,0.9,9000.0,9000.0,True,0.07721182987253328,0.05589041786459178,0.7076351629127162,0.14122538264725076,0.1337500371798635,1.3814860010457937,55,0.024977037150964998,0.004997141267720974,2.2155762047575798,0.41956340727888763,0.4174772146611711,21.09864453667836,9,3.0913126086914664,-0.006817238348962085,0.006817238348962085,-2.975202958905648,-0.12599969390178464,-0.1251465401093115,-7.675309830108421,2,0.0,0.0,True,False,False,False,False,False,False,train_trade_event_count_55_below_80;validation_trade_event_count_9_below_30;locked_oos_trade_event_count_2_below_20;locked_oos_return_not_positive;primary_10bps_promotion_gate_failed,locked_oos_calmar_non_positive;locked_oos_return_non_positive;locked_oos_sharpe_non_positive;locked_oos_smart_sortino_non_positive;locked_oos_sortino_non_positive;train_calmar_not_above_validation;train_sharpe_not_above_validation;train_smart_sortino_not_above_validation;train_sortino_not_above_validation,"{""abs_factor_score_min"": 1.5, ""side"": ""SHORT"", ""symbol"": ""TRX/USDT""}"
154,thin_sample_shadow,194,shadow_only_thin_sample,not_promoted_shadow_or_reject,fresh_tv10_filter_side_short_symbol_trx_usdt_abs_score_ge_1p5_alpha_zoo_conservative_exit_6p0x_0p15alloc,alpha_zoo_conservative_exit,individual_seed_trade_filter,fresh_train_validation_10bps_trade_filter,side_short_symbol_trx_usdt_abs_score_ge_1.5,6.0,0.15,0.8999999999999999,9000.0,9000.0,True,0.07721182987253328,0.05589041786459178,0.7076351629127172,0.14122538264725104,0.13375003717986375,1.3814860010457937,55,0.024977037150964998,0.004997141267720974,2.2155762047575798,0.41956340727888763,0.4174772146611711,21.09864453667836,9,3.0913126086914664,-0.006817238348962085,0.006817238348962085,-2.975202958905648,-0.12599969390178464,-0.1251465401093115,-7.675309830108421,2,0.0,0.0,True,False,False,False,False,False,False,train_trade_event_count_55_below_80;validation_trade_event_count_9_below_30;locked_oos_trade_event_count_2_below_20;locked_oos_return_not_positive;primary_10bps_promotion_gate_failed,locked_oos_calmar_non_positive;locked_oos_return_non_positive;locked_oos_sharpe_non_positive;locked_oos_smart_sortino_non_positive;locked_oos_sortino_non_positive;train_calmar_not_above_validation;train_sharpe_not_above_validation;train_smart_sortino_not_above_validation;train_sortino_not_above_validation,"{""abs_factor_score_min"": 1.5, ""side"": ""SHORT"", ""symbol"": ""TRX/USDT""}"
155,thin_sample_shadow,197,shadow_only_thin_sample,not_promoted_shadow_or_reject,fresh_tv10_filter_side_short_symbol_sol_usdt_abs_score_ge_1p5_alpha_zoo_range_expansion_breakout_6p0x_0p15alloc,alpha_zoo_range_expansion_breakout,individual_seed_trade_filter,fresh_train_validation_10bps_trade_filter,side_short_symbol_sol_usdt_abs_score_ge_1.5,6.0,0.15,0.8999999999999999,9000.0,9000.0,True,0.3060036499997667,0.11094700153679635,1.4716897315539326,0.24864588509743876,0.22381435365816882,2.758106535202562,105,0.0011628613799641307,0.09107212190943015,0.133389962747838,0.0185638096710176,0.01701428283084533,0.05197221615849382,29,263.14714313515645,0.0006310408456597916,0.04926028250562019,0.10405787264011045,0.014671466808959456,0.013982676227793719,0.10086244476567167,16,0.0,0.0,True,False,False,True,False,False,False,validation_trade_event_count_29_below_30;locked_oos_trade_event_count_16_below_20;validation_return_0.0012_below_0.02,,"{""abs_factor_score_min"": 1.5, ""side"": ""SHORT"", ""symbol"": ""SOL/USDT""}"
156,thin_sample_shadow,198,shadow_only_thin_sample,not_promoted_shadow_or_reject,fresh_tv10_filter_side_long_symbol_bnb_usdt_abs_score_ge_2_alpha_zoo_range_sweep_blend_6p0x_0p15alloc,alpha_zoo_range_sweep_blend,individual_seed_trade_filter,fresh_train_validation_10bps_trade_filter,side_long_symbol_bnb_usdt_abs_score_ge_2,6.0,0.15,0.8999999999999999,9000.0,9000.0,True,0.07238050168507182,0.02807502528469577,1.1726045506570693,0.13672042392257497,0.13298681570901325,2.5781099376080636,36,0.04144838368561676,0.004103502307156726,2.8462286431219397,0.6734875737400634,0.6707352102572814,43.720382136015445,7,1.7462804396444773,0.00045959887371549435,0.011816789754895939,0.12004190955809321,0.010073657371740492,0.009956009303009047,0.30605046519154566,5,0.0,0.0,True,False,False,False,False,False,False,train_trade_event_count_36_below_80;validation_trade_event_count_7_below_30;locked_oos_trade_event_count_5_below_20;primary_10bps_promotion_gate_failed,train_calmar_not_above_validation;train_sharpe_not_above_validation;train_smart_sortino_not_above_validation;train_sortino_not_above_validation,"{""abs_factor_score_min"": 2.0, ""side"": ""LONG"", ""symbol"": ""BNB/USDT""}"
157,thin_sample_shadow,199,shadow_only_thin_sample,not_promoted_shadow_or_reject,fresh_tv10_filter_side_short_symbol_trx_usdt_abs_score_ge_1p5_alpha_zoo_conservative_exit_carry_forward_old_split_selected_7p0x_0p125alloc,alpha_zoo_conservative_exit_carry_forward_old_split_selected,individual_seed_trade_filter,fresh_train_validation_10bps_trade_filter,side_short_symbol_trx_usdt_abs_score_ge_1.5,7.0,0.125,0.875,8750.0,8750.0,True,0.07516064919172072,0.05436854782183597,0.7076351629127166,0.14122538264725074,0.13394309128340443,1.3824288527628108,55,0.02428185648589265,0.004858477303510553,2.2155762047575567,0.419563407278875,0.41753482381394963,21.074458822738134,9,3.0953419577035963,-0.0066279411719505354,0.0066279411719505354,-2.975202958905628,-0.12599969390178375,-0.12517007401472546,-7.680276176693507,2,0.0,0.0,True,False,False,False,False,False,False,train_trade_event_count_55_below_80;validation_trade_event_count_9_below_30;locked_oos_trade_event_count_2_below_20;locked_oos_return_not_positive;primary_10bps_promotion_gate_failed,locked_oos_calmar_non_positive;locked_oos_return_non_positive;locked_oos_sharpe_non_positive;locked_oos_smart_sortino_non_positive;locked_oos_sortino_non_positive;train_calmar_not_above_validation;train_sharpe_not_above_validation;train_smart_sortino_not_above_validation;train_sortino_not_above_validation,"{""abs_factor_score_min"": 1.5, ""side"": ""SHORT"", ""symbol"": ""TRX/USDT""}"
158,thin_sample_shadow,200,shadow_only_thin_sample,not_promoted_shadow_or_reject,fresh_tv10_filter_side_short_symbol_trx_usdt_abs_score_ge_1p5_alpha_zoo_conservative_exit_carry_forward_old_split_selected_5p0x_0p175alloc,alpha_zoo_conservative_exit_carry_forward_old_split_selected,individual_seed_trade_filter,fresh_train_validation_10bps_trade_filter,side_short_symbol_trx_usdt_abs_score_ge_1.5,5.0,0.175,0.875,8750.0,8750.0,True,0.07516064919172072,0.05436854782183597,0.7076351629127166,0.14122538264725074,0.13394309128340443,1.3824288527628108,55,0.02428185648589265,0.004858477303510553,2.2155762047575567,0.419563407278875,0.41753482381394963,21.074458822738134,9,3.0953419577035963,-0.0066279411719505354,0.0066279411719505354,-2.975202958905628,-0.12599969390178375,-0.12517007401472546,-7.680276176693507,2,0.0,0.0,True,False,False,False,False,False,False,train_trade_event_count_55_below_80;validation_trade_event_count_9_below_30;locked_oos_trade_event_count_2_below_20;locked_oos_return_not_positive;primary_10bps_promotion_gate_failed,locked_oos_calmar_non_positive;locked_oos_return_non_positive;locked_oos_sharpe_non_positive;locked_oos_smart_sortino_non_positive;locked_oos_sortino_non_positive;train_calmar_not_above_validation;train_sharpe_not_above_validation;train_smart_sortino_not_above_validation;train_sortino_not_above_validation,"{""abs_factor_score_min"": 1.5, ""side"": ""SHORT"", ""symbol"": ""TRX/USDT""}"
159,thin_sample_shadow,201,shadow_only_thin_sample,not_promoted_shadow_or_reject,fresh_tv10_filter_side_short_symbol_trx_usdt_abs_score_ge_1p5_alpha_zoo_conservative_exit_7p0x_0p125alloc,alpha_zoo_conservative_exit,individual_seed_trade_filter,fresh_train_validation_10bps_trade_filter,side_short_symbol_trx_usdt_abs_score_ge_1.5,7.0,0.125,0.875,8750.0,8750.0,True,0.07516064919172072,0.05436854782183597,0.7076351629127166,0.14122538264725074,0.13394309128340443,1.3824288527628108,55,0.02428185648589265,0.004858477303510553,2.2155762047575567,0.419563407278875,0.41753482381394963,21.074458822738134,9,3.0953419577035963,-0.0066279411719505354,0.0066279411719505354,-2.975202958905628,-0.12599969390178375,-0.12517007401472546,-7.680276176693507,2,0.0,0.0,True,False,False,False,False,False,False,train_trade_event_count_55_below_80;validation_trade_event_count_9_below_30;locked_oos_trade_event_count_2_below_20;locked_oos_return_not_positive;primary_10bps_promotion_gate_failed,locked_oos_calmar_non_positive;locked_oos_return_non_positive;locked_oos_sharpe_non_positive;locked_oos_smart_sortino_non_positive;locked_oos_sortino_non_positive;train_calmar_not_above_validation;train_sharpe_not_above_validation;train_smart_sortino_not_above_validation;train_sortino_not_above_validation,"{""abs_factor_score_min"": 1.5, ""side"": ""SHORT"", ""symbol"": ""TRX/USDT""}"
160,thin_sample_shadow,202,shadow_only_thin_sample,not_promoted_shadow_or_reject,fresh_tv10_filter_side_short_symbol_trx_usdt_abs_score_ge_1p5_alpha_zoo_conservative_exit_5p0x_0p175alloc,alpha_zoo_conservative_exit,individual_seed_trade_filter,fresh_train_validation_10bps_trade_filter,side_short_symbol_trx_usdt_abs_score_ge_1.5,5.0,0.175,0.875,8750.0,8750.0,True,0.07516064919172072,0.05436854782183597,0.7076351629127166,0.14122538264725074,0.13394309128340443,1.3824288527628108,55,0.02428185648589265,0.004858477303510553,2.2155762047575567,0.419563407278875,0.41753482381394963,21.074458822738134,9,3.0953419577035963,-0.0066279411719505354,0.0066279411719505354,-2.975202958905628,-0.12599969390178375,-0.12517007401472546,-7.680276176693507,2,0.0,0.0,True,False,False,False,False,False,False,train_trade_event_count_55_below_80;validation_trade_event_count_9_below_30;locked_oos_trade_event_count_2_below_20;locked_oos_return_not_positive;primary_10bps_promotion_gate_failed,locked_oos_calmar_non_positive;locked_oos_return_non_positive;locked_oos_sharpe_non_positive;locked_oos_smart_sortino_non_positive;locked_oos_sortino_non_positive;train_calmar_not_above_validation;train_sharpe_not_above_validation;train_smart_sortino_not_above_validation;train_sortino_not_above_validation,"{""abs_factor_score_min"": 1.5, ""side"": ""SHORT"", ""symbol"": ""TRX/USDT""}"
161,thin_sample_shadow,203,shadow_only_thin_sample,not_promoted_shadow_or_reject,fresh_tv10_filter_symbol_bnb_usdt_abs_score_ge_1p5_alpha_zoo_conservative_exit_carry_forward_old_split_selected_7p0x_0p125alloc,alpha_zoo_conservative_exit_carry_forward_old_split_selected,individual_seed_trade_filter,fresh_train_validation_10bps_trade_filter,symbol_bnb_usdt_abs_score_ge_1.5,7.0,0.125,0.875,8750.0,8750.0,True,0.0771964422281135,0.0801581750838934,0.6520589966761293,0.0944497352881772,0.08744065218118773,0.9630513936640879,108,0.10101579663718319,0.0118358495228353,3.3339914955480228,0.939446933419095,0.9284578460647767,40.424916569076416,16,0.7642016872408454,-0.026060843137053702,0.04177987541576372,-3.48458278034296,-0.4235405967195411,-0.40655478831409597,-4.484362697954211,15,0.0,0.0,True,False,False,False,False,False,False,validation_trade_event_count_16_below_30;locked_oos_trade_event_count_15_below_20;locked_oos_return_not_positive;primary_10bps_promotion_gate_failed,locked_oos_calmar_non_positive;locked_oos_return_non_positive;locked_oos_sharpe_non_positive;locked_oos_smart_sortino_non_positive;locked_oos_sortino_non_positive;train_calmar_not_above_validation;train_sharpe_not_above_validation;train_smart_sortino_not_above_validation;train_sortino_not_above_validation;train_total_return_not_above_validation,"{""abs_factor_score_min"": 1.5, ""symbol"": ""BNB/USDT""}"
162,thin_sample_shadow,204,shadow_only_thin_sample,not_promoted_shadow_or_reject,fresh_tv10_filter_symbol_bnb_usdt_abs_score_ge_1p5_alpha_zoo_conservative_exit_carry_forward_old_split_selected_5p0x_0p175alloc,alpha_zoo_conservative_exit_carry_forward_old_split_selected,individual_seed_trade_filter,fresh_train_validation_10bps_trade_filter,symbol_bnb_usdt_abs_score_ge_1.5,5.0,0.175,0.875,8750.0,8750.0,True,0.0771964422281135,0.0801581750838934,0.6520589966761293,0.0944497352881772,0.08744065218118773,0.9630513936640879,108,0.10101579663718319,0.0118358495228353,3.3339914955480228,0.939446933419095,0.9284578460647767,40.424916569076416,16,0.7642016872408454,-0.026060843137053702,0.04177987541576372,-3.48458278034296,-0.4235405967195411,-0.40655478831409597,-4.484362697954211,15,0.0,0.0,True,False,False,False,False,False,False,validation_trade_event_count_16_below_30;locked_oos_trade_event_count_15_below_20;locked_oos_return_not_positive;primary_10bps_promotion_gate_failed,locked_oos_calmar_non_positive;locked_oos_return_non_positive;locked_oos_sharpe_non_positive;locked_oos_smart_sortino_non_positive;locked_oos_sortino_non_positive;train_calmar_not_above_validation;train_sharpe_not_above_validation;train_smart_sortino_not_above_validation;train_sortino_not_above_validation;train_total_return_not_above_validation,"{""abs_factor_score_min"": 1.5, ""symbol"": ""BNB/USDT""}"
163,thin_sample_shadow,205,shadow_only_thin_sample,not_promoted_shadow_or_reject,fresh_tv10_filter_symbol_bnb_usdt_abs_score_ge_1p5_alpha_zoo_conservative_exit_7p0x_0p125alloc,alpha_zoo_conservative_exit,individual_seed_trade_filter,fresh_train_validation_10bps_trade_filter,symbol_bnb_usdt_abs_score_ge_1.5,7.0,0.125,0.875,8750.0,8750.0,True,0.0771964422281135,0.0801581750838934,0.6520589966761293,0.0944497352881772,0.08744065218118773,0.9630513936640879,108,0.10101579663718319,0.0118358495228353,3.3339914955480228,0.939446933419095,0.9284578460647767,40.424916569076416,16,0.7642016872408454,-0.026060843137053702,0.04177987541576372,-3.48458278034296,-0.4235405967195411,-0.40655478831409597,-4.484362697954211,15,0.0,0.0,True,False,False,False,False,False,False,validation_trade_event_count_16_below_30;locked_oos_trade_event_count_15_below_20;locked_oos_return_not_positive;primary_10bps_promotion_gate_failed,locked_oos_calmar_non_positive;locked_oos_return_non_positive;locked_oos_sharpe_non_positive;locked_oos_smart_sortino_non_positive;locked_oos_sortino_non_positive;train_calmar_not_above_validation;train_sharpe_not_above_validation;train_smart_sortino_not_above_validation;train_sortino_not_above_validation;train_total_return_not_above_validation,"{""abs_factor_score_min"": 1.5, ""symbol"": ""BNB/USDT""}"
164,thin_sample_shadow,206,shadow_only_thin_sample,not_promoted_shadow_or_reject,fresh_tv10_filter_symbol_bnb_usdt_abs_score_ge_1p5_alpha_zoo_conservative_exit_5p0x_0p175alloc,alpha_zoo_conservative_exit,individual_seed_trade_filter,fresh_train_validation_10bps_trade_filter,symbol_bnb_usdt_abs_score_ge_1.5,5.0,0.175,0.875,8750.0,8750.0,True,0.0771964422281135,0.0801581750838934,0.6520589966761293,0.0944497352881772,0.08744065218118773,0.9630513936640879,108,0.10101579663718319,0.0118358495228353,3.3339914955480228,0.939446933419095,0.9284578460647767,40.424916569076416,16,0.7642016872408454,-0.026060843137053702,0.04177987541576372,-3.48458278034296,-0.4235405967195411,-0.40655478831409597,-4.484362697954211,15,0.0,0.0,True,False,False,False,False,False,False,validation_trade_event_count_16_below_30;locked_oos_trade_event_count_15_below_20;locked_oos_return_not_positive;primary_10bps_promotion_gate_failed,locked_oos_calmar_non_positive;locked_oos_return_non_positive;locked_oos_sharpe_non_positive;locked_oos_smart_sortino_non_positive;locked_oos_sortino_non_positive;train_calmar_not_above_validation;train_sharpe_not_above_validation;train_smart_sortino_not_above_validation;train_sortino_not_above_validation;train_total_return_not_above_validation,"{""abs_factor_score_min"": 1.5, ""symbol"": ""BNB/USDT""}"
165,thin_sample_shadow,207,shadow_only_thin_sample,not_promoted_shadow_or_reject,fresh_tv10_filter_side_short_symbol_trx_usdt_abs_score_ge_1p5_alpha_zoo_default_6p0x_0p125alloc,alpha_zoo_default,individual_seed_trade_filter,fresh_train_validation_10bps_trade_filter,side_short_symbol_trx_usdt_abs_score_ge_1.5,6.0,0.125,0.75,7500.0,7500.0,True,0.08890790689943806,0.03546725007155264,0.9550496202169945,0.1921652398264007,0.18558311700647387,2.506760651589078,46,0.02152382452374546,0.004165032754931437,2.2920417687061057,0.38073299757843077,0.3791538095425291,21.699417592089794,8,4.130674211795088,-0.005681394811261176,0.005681394811261176,-2.975202958905611,-0.125999693901783,-0.12528788396789395,-7.705164726405337,2,0.0,0.0,True,False,False,False,False,False,False,train_trade_event_count_46_below_80;validation_trade_event_count_8_below_30;locked_oos_trade_event_count_2_below_20;locked_oos_return_not_positive;primary_10bps_promotion_gate_failed,locked_oos_calmar_non_positive;locked_oos_return_non_positive;locked_oos_sharpe_non_positive;locked_oos_smart_sortino_non_positive;locked_oos_sortino_non_positive;train_calmar_not_above_validation;train_sharpe_not_above_validation;train_smart_sortino_not_above_validation;train_sortino_not_above_validation,"{""abs_factor_score_min"": 1.5, ""side"": ""SHORT"", ""symbol"": ""TRX/USDT""}"
166,thin_sample_shadow,208,shadow_only_thin_sample,not_promoted_shadow_or_reject,fresh_tv10_filter_side_short_symbol_trx_usdt_abs_score_ge_1p5_alpha_zoo_default_5p0x_0p15alloc,alpha_zoo_default,individual_seed_trade_filter,fresh_train_validation_10bps_trade_filter,side_short_symbol_trx_usdt_abs_score_ge_1.5,5.0,0.15,0.75,7500.0,7500.0,True,0.08890790689943806,0.03546725007155264,0.9550496202169945,0.1921652398264007,0.18558311700647387,2.506760651589078,46,0.02152382452374546,0.004165032754931437,2.2920417687061057,0.38073299757843077,0.3791538095425291,21.699417592089794,8,4.130674211795088,-0.005681394811261176,0.005681394811261176,-2.975202958905611,-0.125999693901783,-0.12528788396789395,-7.705164726405337,2,0.0,0.0,True,False,False,False,False,False,False,train_trade_event_count_46_below_80;validation_trade_event_count_8_below_30;locked_oos_trade_event_count_2_below_20;locked_oos_return_not_positive;primary_10bps_promotion_gate_failed,locked_oos_calmar_non_positive;locked_oos_return_non_positive;locked_oos_sharpe_non_positive;locked_oos_smart_sortino_non_positive;locked_oos_sortino_non_positive;train_calmar_not_above_validation;train_sharpe_not_above_validation;train_smart_sortino_not_above_validation;train_sortino_not_above_validation,"{""abs_factor_score_min"": 1.5, ""side"": ""SHORT"", ""symbol"": ""TRX/USDT""}"
167,thin_sample_shadow,209,shadow_only_thin_sample,not_promoted_shadow_or_reject,fresh_tv10_filter_side_short_symbol_trx_usdt_abs_score_ge_1p5_alpha_zoo_default_10p0x_0p075alloc,alpha_zoo_default,individual_seed_trade_filter,fresh_train_validation_10bps_trade_filter,side_short_symbol_trx_usdt_abs_score_ge_1.5,10.0,0.075,0.75,7500.0,7500.0,True,0.08890790689943806,0.03546725007155264,0.9550496202169945,0.1921652398264007,0.18558311700647387,2.506760651589078,46,0.02152382452374546,0.004165032754931437,2.2920417687061057,0.38073299757843077,0.3791538095425291,21.699417592089794,8,4.130674211795088,-0.005681394811261176,0.005681394811261176,-2.975202958905611,-0.125999693901783,-0.12528788396789395,-7.705164726405337,2,0.0,0.0,True,False,False,False,False,False,False,train_trade_event_count_46_below_80;validation_trade_event_count_8_below_30;locked_oos_trade_event_count_2_below_20;locked_oos_return_not_positive;primary_10bps_promotion_gate_failed,locked_oos_calmar_non_positive;locked_oos_return_non_positive;locked_oos_sharpe_non_positive;locked_oos_smart_sortino_non_positive;locked_oos_sortino_non_positive;train_calmar_not_above_validation;train_sharpe_not_above_validation;train_smart_sortino_not_above_validation;train_sortino_not_above_validation,"{""abs_factor_score_min"": 1.5, ""side"": ""SHORT"", ""symbol"": ""TRX/USDT""}"
168,thin_sample_shadow,210,shadow_only_thin_sample,not_promoted_shadow_or_reject,fresh_tv10_filter_side_short_symbol_sol_usdt_abs_score_ge_1p5_alpha_zoo_range_expansion_breakout_7p0x_0p125alloc,alpha_zoo_range_expansion_breakout,individual_seed_trade_filter,fresh_train_validation_10bps_trade_filter,side_short_symbol_sol_usdt_abs_score_ge_1.5,7.0,0.125,0.875,8750.0,8750.0,True,0.2969867161344071,0.10800692909269126,1.4716897315539277,0.24864588509743799,0.22440824020933292,2.7497005852238785,105,0.0012996793071244905,0.08861408898530775,0.13338996274783388,0.018563809671017024,0.017052700179840834,0.059710836727364276,29,228.50768994043855,0.0006451623110794724,0.04791175249564244,0.10405787264010707,0.014671466808958972,0.014000670165229377,0.10602709968475954,16,0.0,0.0,True,False,False,True,False,False,False,validation_trade_event_count_29_below_30;locked_oos_trade_event_count_16_below_20;validation_return_0.0013_below_0.02,,"{""abs_factor_score_min"": 1.5, ""side"": ""SHORT"", ""symbol"": ""SOL/USDT""}"
169,thin_sample_shadow,211,shadow_only_thin_sample,not_promoted_shadow_or_reject,fresh_tv10_filter_side_short_symbol_sol_usdt_abs_score_ge_1p5_alpha_zoo_range_expansion_breakout_5p0x_0p175alloc,alpha_zoo_range_expansion_breakout,individual_seed_trade_filter,fresh_train_validation_10bps_trade_filter,side_short_symbol_sol_usdt_abs_score_ge_1.5,5.0,0.175,0.875,8750.0,8750.0,True,0.2969867161344071,0.10800692909269126,1.4716897315539277,0.24864588509743799,0.22440824020933292,2.7497005852238785,105,0.0012996793071244905,0.08861408898530775,0.13338996274783388,0.018563809671017024,0.017052700179840834,0.059710836727364276,29,228.50768994043855,0.0006451623110794724,0.04791175249564244,0.10405787264010707,0.014671466808958972,0.014000670165229377,0.10602709968475954,16,0.0,0.0,True,False,False,True,False,False,False,validation_trade_event_count_29_below_30;locked_oos_trade_event_count_16_below_20;validation_return_0.0013_below_0.02,,"{""abs_factor_score_min"": 1.5, ""side"": ""SHORT"", ""symbol"": ""SOL/USDT""}"
170,thin_sample_shadow,212,shadow_only_thin_sample,not_promoted_shadow_or_reject,fresh_tv10_filter_side_long_family_crypto_residual_reversal_abs_score_ge_1p5_alpha_zoo_high_confidence_single_pair_7p0x_0p175alloc,alpha_zoo_high_confidence_single_pair,individual_seed_trade_filter,fresh_train_validation_10bps_trade_filter,side_long_family_crypto_residual_reversal_abs_score_ge_1.5,7.0,0.175,1.2249999999999999,12249.999999999998,12249.999999999998,True,0.08131916151114083,0.12205579148716125,0.5666358388285795,0.07868389206364951,0.07012475909006512,0.666245825129032,84,0.10051956066872036,0.023898033606931147,2.531832342164497,0.4392309360883731,0.4289791772927571,19.907815632769978,19,0.8089884294176555,0.018514573391265943,0.013901512564903755,2.292034767158811,0.4146128996815251,0.40892817945666504,11.15229806054445,14,0.0,0.0,True,False,False,False,False,False,False,validation_trade_event_count_19_below_30;locked_oos_trade_event_count_14_below_20;primary_10bps_promotion_gate_failed,train_calmar_not_above_locked_oos;train_calmar_not_above_validation;train_sharpe_not_above_locked_oos;train_sharpe_not_above_validation;train_smart_sortino_not_above_locked_oos;train_smart_sortino_not_above_validation;train_sortino_not_above_locked_oos;train_sortino_not_above_validation;train_total_return_not_above_validation,"{""abs_factor_score_min"": 1.5, ""dominant_factor_family"": ""crypto_residual_reversal"", ""side"": ""LONG""}"
171,thin_sample_shadow,213,shadow_only_thin_sample,not_promoted_shadow_or_reject,fresh_tv10_filter_side_long_symbol_bnb_usdt_abs_score_ge_2_alpha_zoo_range_sweep_blend_7p0x_0p125alloc,alpha_zoo_range_sweep_blend,individual_seed_trade_filter,fresh_train_validation_10bps_trade_filter,side_long_symbol_bnb_usdt_abs_score_ge_2,7.0,0.125,0.875,8750.0,8750.0,True,0.07035309203697593,0.027298328718837556,1.172604550657068,0.1367204239225751,0.13308736138321342,2.5771941118295603,36,0.04028574287900133,0.003989386224733438,2.8462286431219326,0.6734875737400503,0.6708114477908401,43.63231630799043,7,1.7463521089404312,0.0004489524957131952,0.011489626935370766,0.12004190955804783,0.010073657371736577,0.009959229539760998,0.30746253595971973,5,0.0,0.0,True,False,False,False,False,False,False,train_trade_event_count_36_below_80;validation_trade_event_count_7_below_30;locked_oos_trade_event_count_5_below_20;primary_10bps_promotion_gate_failed,train_calmar_not_above_validation;train_sharpe_not_above_validation;train_smart_sortino_not_above_validation;train_sortino_not_above_validation,"{""abs_factor_score_min"": 2.0, ""side"": ""LONG"", ""symbol"": ""BNB/USDT""}"
172,thin_sample_shadow,214,shadow_only_thin_sample,not_promoted_shadow_or_reject,fresh_tv10_filter_side_long_symbol_bnb_usdt_abs_score_ge_2_alpha_zoo_range_sweep_blend_5p0x_0p175alloc,alpha_zoo_range_sweep_blend,individual_seed_trade_filter,fresh_train_validation_10bps_trade_filter,side_long_symbol_bnb_usdt_abs_score_ge_2,5.0,0.175,0.875,8750.0,8750.0,True,0.07035309203697593,0.027298328718837556,1.172604550657068,0.1367204239225751,0.13308736138321342,2.5771941118295603,36,0.04028574287900133,0.003989386224733438,2.8462286431219326,0.6734875737400503,0.6708114477908401,43.63231630799043,7,1.7463521089404312,0.0004489524957131952,0.011489626935370766,0.12004190955804783,0.010073657371736577,0.009959229539760998,0.30746253595971973,5,0.0,0.0,True,False,False,False,False,False,False,train_trade_event_count_36_below_80;validation_trade_event_count_7_below_30;locked_oos_trade_event_count_5_below_20;primary_10bps_promotion_gate_failed,train_calmar_not_above_validation;train_sharpe_not_above_validation;train_smart_sortino_not_above_validation;train_sortino_not_above_validation,"{""abs_factor_score_min"": 2.0, ""side"": ""LONG"", ""symbol"": ""BNB/USDT""}"
173,thin_sample_shadow,215,shadow_only_thin_sample,not_promoted_shadow_or_reject,fresh_tv10_filter_side_short_symbol_trx_usdt_abs_score_ge_1p5_alpha_zoo_conservative_exit_carry_forward_old_split_selected_11p0x_0p075alloc,alpha_zoo_conservative_exit_carry_forward_old_split_selected,individual_seed_trade_filter,fresh_train_validation_10bps_trade_filter,side_short_symbol_trx_usdt_abs_score_ge_1.5,11.0,0.075,0.825,8250.0,8250.0,True,0.07104177827971636,0.051319578582135573,0.7076351629127128,0.14122538264724982,0.1343315443984347,1.3843016689237997,55,0.02289172510310289,0.004581124429584572,2.2155762047575474,0.4195634072788776,0.4176501002018246,21.026164753428386,9,3.1033824650500854,-0.006249334722801203,0.006249334722801203,-2.9752029589056312,-0.1259996939017839,-0.12521716989407397,-7.690220224871105,2,0.0,0.0,True,False,False,False,False,False,False,train_trade_event_count_55_below_80;validation_trade_event_count_9_below_30;locked_oos_trade_event_count_2_below_20;locked_oos_return_not_positive;primary_10bps_promotion_gate_failed,locked_oos_calmar_non_positive;locked_oos_return_non_positive;locked_oos_sharpe_non_positive;locked_oos_smart_sortino_non_positive;locked_oos_sortino_non_positive;train_calmar_not_above_validation;train_sharpe_not_above_validation;train_smart_sortino_not_above_validation;train_sortino_not_above_validation,"{""abs_factor_score_min"": 1.5, ""side"": ""SHORT"", ""symbol"": ""TRX/USDT""}"
174,thin_sample_shadow,216,shadow_only_thin_sample,not_promoted_shadow_or_reject,fresh_tv10_filter_side_short_symbol_trx_usdt_abs_score_ge_1p5_alpha_zoo_conservative_exit_11p0x_0p075alloc,alpha_zoo_conservative_exit,individual_seed_trade_filter,fresh_train_validation_10bps_trade_filter,side_short_symbol_trx_usdt_abs_score_ge_1.5,11.0,0.075,0.825,8250.0,8250.0,True,0.07104177827971636,0.051319578582135573,0.7076351629127128,0.14122538264724982,0.1343315443984347,1.3843016689237997,55,0.02289172510310289,0.004581124429584572,2.2155762047575474,0.4195634072788776,0.4176501002018246,21.026164753428386,9,3.1033824650500854,-0.006249334722801203,0.006249334722801203,-2.9752029589056312,-0.1259996939017839,-0.12521716989407397,-7.690220224871105,2,0.0,0.0,True,False,False,False,False,False,False,train_trade_event_count_55_below_80;validation_trade_event_count_9_below_30;locked_oos_trade_event_count_2_below_20;locked_oos_return_not_positive;primary_10bps_promotion_gate_failed,locked_oos_calmar_non_positive;locked_oos_return_non_positive;locked_oos_sharpe_non_positive;locked_oos_smart_sortino_non_positive;locked_oos_sortino_non_positive;train_calmar_not_above_validation;train_sharpe_not_above_validation;train_smart_sortino_not_above_validation;train_sortino_not_above_validation,"{""abs_factor_score_min"": 1.5, ""side"": ""SHORT"", ""symbol"": ""TRX/USDT""}"
175,thin_sample_shadow,220,shadow_only_thin_sample,not_promoted_shadow_or_reject,fresh_tv10_filter_abs_score_ge_3_alpha_zoo_conservative_exit_carry_forward_old_split_selected_5p0x_0p05alloc,alpha_zoo_conservative_exit_carry_forward_old_split_selected,individual_seed_trade_filter,fresh_train_validation_10bps_trade_filter,abs_score_ge_3,5.0,0.05,0.25,2500.0,2500.0,True,0.09677198972050638,0.02018932241011458,1.829975820127869,0.24602236026968088,0.24115363184597247,4.793226228931037,42,0.018059184441516996,0.0041672481509282076,2.0089659453180273,0.6500817938742102,0.6473839841632653,18.100839429700244,8,5.358602434893644,-0.0005365034821191994,0.0005365034821191994,-2.8029452799069166,-0.08394158892769571,-0.0838965781213957,-7.8420671482738795,1,0.0,0.0,True,False,False,False,False,False,False,train_trade_event_count_42_below_80;validation_trade_event_count_8_below_30;locked_oos_trade_event_count_1_below_20;validation_return_0.0181_below_0.02;locked_oos_return_not_positive;primary_10bps_promotion_gate_failed,locked_oos_calmar_non_positive;locked_oos_return_non_positive;locked_oos_sharpe_non_positive;locked_oos_smart_sortino_non_positive;locked_oos_sortino_non_positive;train_calmar_not_above_validation;train_sharpe_not_above_validation;train_smart_sortino_not_above_validation;train_sortino_not_above_validation,"{""abs_factor_score_min"": 3.0}"
176,thin_sample_shadow,221,shadow_only_thin_sample,not_promoted_shadow_or_reject,fresh_tv10_filter_abs_score_ge_3_alpha_zoo_conservative_exit_carry_forward_old_split_selected_2p0x_0p125alloc,alpha_zoo_conservative_exit_carry_forward_old_split_selected,individual_seed_trade_filter,fresh_train_validation_10bps_trade_filter,abs_score_ge_3,2.0,0.125,0.25,2500.0,2500.0,True,0.09677198972050638,0.02018932241011458,1.829975820127869,0.24602236026968088,0.24115363184597247,4.793226228931037,42,0.018059184441516996,0.0041672481509282076,2.0089659453180273,0.6500817938742102,0.6473839841632653,18.100839429700244,8,5.358602434893644,-0.0005365034821191994,0.0005365034821191994,-2.8029452799069166,-0.08394158892769571,-0.0838965781213957,-7.8420671482738795,1,0.0,0.0,True,False,False,False,False,False,False,train_trade_event_count_42_below_80;validation_trade_event_count_8_below_30;locked_oos_trade_event_count_1_below_20;validation_return_0.0181_below_0.02;locked_oos_return_not_positive;primary_10bps_promotion_gate_failed,locked_oos_calmar_non_positive;locked_oos_return_non_positive;locked_oos_sharpe_non_positive;locked_oos_smart_sortino_non_positive;locked_oos_sortino_non_positive;train_calmar_not_above_validation;train_sharpe_not_above_validation;train_smart_sortino_not_above_validation;train_sortino_not_above_validation,"{""abs_factor_score_min"": 3.0}"
177,thin_sample_shadow,222,shadow_only_thin_sample,not_promoted_shadow_or_reject,fresh_tv10_filter_abs_score_ge_3_alpha_zoo_conservative_exit_5p0x_0p05alloc,alpha_zoo_conservative_exit,individual_seed_trade_filter,fresh_train_validation_10bps_trade_filter,abs_score_ge_3,5.0,0.05,0.25,2500.0,2500.0,True,0.09677198972050638,0.02018932241011458,1.829975820127869,0.24602236026968088,0.24115363184597247,4.793226228931037,42,0.018059184441516996,0.0041672481509282076,2.0089659453180273,0.6500817938742102,0.6473839841632653,18.100839429700244,8,5.358602434893644,-0.0005365034821191994,0.0005365034821191994,-2.8029452799069166,-0.08394158892769571,-0.0838965781213957,-7.8420671482738795,1,0.0,0.0,True,False,False,False,False,False,False,train_trade_event_count_42_below_80;validation_trade_event_count_8_below_30;locked_oos_trade_event_count_1_below_20;validation_return_0.0181_below_0.02;locked_oos_return_not_positive;primary_10bps_promotion_gate_failed,locked_oos_calmar_non_positive;locked_oos_return_non_positive;locked_oos_sharpe_non_positive;locked_oos_smart_sortino_non_positive;locked_oos_sortino_non_positive;train_calmar_not_above_validation;train_sharpe_not_above_validation;train_smart_sortino_not_above_validation;train_sortino_not_above_validation,"{""abs_factor_score_min"": 3.0}"
178,thin_sample_shadow,223,shadow_only_thin_sample,not_promoted_shadow_or_reject,fresh_tv10_filter_abs_score_ge_3_alpha_zoo_conservative_exit_2p0x_0p125alloc,alpha_zoo_conservative_exit,individual_seed_trade_filter,fresh_train_validation_10bps_trade_filter,abs_score_ge_3,2.0,0.125,0.25,2500.0,2500.0,True,0.09677198972050638,0.02018932241011458,1.829975820127869,0.24602236026968088,0.24115363184597247,4.793226228931037,42,0.018059184441516996,0.0041672481509282076,2.0089659453180273,0.6500817938742102,0.6473839841632653,18.100839429700244,8,5.358602434893644,-0.0005365034821191994,0.0005365034821191994,-2.8029452799069166,-0.08394158892769571,-0.0838965781213957,-7.8420671482738795,1,0.0,0.0,True,False,False,False,False,False,False,train_trade_event_count_42_below_80;validation_trade_event_count_8_below_30;locked_oos_trade_event_count_1_below_20;validation_return_0.0181_below_0.02;locked_oos_return_not_positive;primary_10bps_promotion_gate_failed,locked_oos_calmar_non_positive;locked_oos_return_non_positive;locked_oos_sharpe_non_positive;locked_oos_smart_sortino_non_positive;locked_oos_sortino_non_positive;train_calmar_not_above_validation;train_sharpe_not_above_validation;train_smart_sortino_not_above_validation;train_sortino_not_above_validation,"{""abs_factor_score_min"": 3.0}"
179,thin_sample_shadow,224,shadow_only_thin_sample,not_promoted_shadow_or_reject,fresh_tv10_filter_side_long_family_volume_vwap_pressure_alpha_zoo_slow_residual_pair_7p0x_0p15alloc,alpha_zoo_slow_residual_pair,individual_seed_trade_filter,fresh_train_validation_10bps_trade_filter,side_long_family_volume_vwap_pressure,7.0,0.15,1.05,10500.0,10500.0,True,0.08254419132066326,0.03451226768204296,0.7393640154767688,0.09721878168367794,0.09397547493710155,2.391734790687537,30,0.059487474858140876,0.0034852986610939595,2.782015556179128,1.0361007086496719,1.0325021303571613,75.92989103043053,7,1.3875894298338514,-0.045443744460018864,0.04546871173748768,-6.492614959029229,-0.5895566726500027,-0.563916132573882,-6.731617914150352,11,0.0,0.0,True,False,False,False,False,False,False,train_trade_event_count_30_below_80;validation_trade_event_count_7_below_30;locked_oos_trade_event_count_11_below_20;locked_oos_return_not_positive;primary_10bps_promotion_gate_failed,locked_oos_calmar_non_positive;locked_oos_return_non_positive;locked_oos_sharpe_non_positive;locked_oos_smart_sortino_non_positive;locked_oos_sortino_non_positive;train_calmar_not_above_validation;train_sharpe_not_above_validation;train_smart_sortino_not_above_validation;train_sortino_not_above_validation,"{""dominant_factor_family"": ""volume_vwap_pressure"", ""side"": ""LONG""}"
180,thin_sample_shadow,225,shadow_only_thin_sample,not_promoted_shadow_or_reject,fresh_tv10_filter_side_long_family_volume_vwap_pressure_alpha_zoo_slow_residual_pair_6p0x_0p175alloc,alpha_zoo_slow_residual_pair,individual_seed_trade_filter,fresh_train_validation_10bps_trade_filter,side_long_family_volume_vwap_pressure,6.0,0.175,1.0499999999999998,10499.999999999998,10499.999999999998,True,0.08254419132066326,0.03451226768204296,0.7393640154767688,0.09721878168367794,0.09397547493710155,2.391734790687537,30,0.059487474858140876,0.0034852986610939595,2.782015556179128,1.0361007086496719,1.0325021303571613,75.92989103043053,7,1.3875894298338514,-0.045443744460018864,0.04546871173748768,-6.492614959029229,-0.5895566726500027,-0.563916132573882,-6.731617914150352,11,0.0,0.0,True,False,False,False,False,False,False,train_trade_event_count_30_below_80;validation_trade_event_count_7_below_30;locked_oos_trade_event_count_11_below_20;locked_oos_return_not_positive;primary_10bps_promotion_gate_failed,locked_oos_calmar_non_positive;locked_oos_return_non_positive;locked_oos_sharpe_non_positive;locked_oos_smart_sortino_non_positive;locked_oos_sortino_non_positive;train_calmar_not_above_validation;train_sharpe_not_above_validation;train_smart_sortino_not_above_validation;train_sortino_not_above_validation,"{""dominant_factor_family"": ""volume_vwap_pressure"", ""side"": ""LONG""}"
