allocator_integer_leverage_only,allocator_selected_grid_score,allocator_selection_basis,continuous_required_leverage,diagnostic_not_promoted,failed_gates,improved_candidate,leverage,mode,name,oos_cagr,oos_calmar,oos_max_drawdown,oos_monthlyized_return,oos_round_trips,oos_sharpe,oos_smart_sortino,oos_sortino,oos_total_return,oos_volatility,promotion_status,raw_train_monthlyized_return,raw_train_total_return,raw_val_monthlyized_return,raw_val_total_return,selected_integer_leverage,sleeve_count,sleeves,success_candidate,train_cagr,train_calmar,train_max_drawdown,train_monthlyized_return,train_round_trips,train_sharpe,train_sortino,train_total_return,train_val_stability_leverage,train_val_stability_score,train_val_stability_sleeve_count,train_val_stability_train_calmar,train_val_stability_train_max_drawdown,train_val_stability_train_monthlyized_return,train_val_stability_train_sharpe,train_val_stability_train_sortino,train_val_stability_validation_calmar,train_val_stability_validation_max_drawdown,train_val_stability_validation_monthlyized_return,train_val_stability_validation_sharpe,train_val_stability_validation_sortino,train_volatility,val_cagr,val_calmar,val_max_drawdown,val_monthlyized_return,val_round_trips,val_sharpe,val_sortino,val_total_return,val_volatility,validation_score,weights
True,27.256575945661556,train_val_monthly_return_budget,1.2551595647035307,True,"oos_return_risk_beats_current_champion,oos_sharpe_high,oos_sortino_high,oos_smart_sortino_high",False,3.0,train_val_monthly_return_budget,fresh_portfolio_train_val_monthly_return_budget_fresh_state_distilled_both_lb168_fast72_z075_ret180_h168_ls590_ss100_tp600__fresh_state_distilled_both_lb168_fast72_z075_ret60_h168_ls590_ss100_tp600__fresh_state_distilled_both_lb168_fast72_z100_ret60_h168_ls590_ss100_tp450__fresh_state_distilled_both_lb168_fast72_z050_ret120_h120_ls590_ss100_tp240,0.28589779693356254,4.1015611911678675,0.06970462797171063,0.021175855068540583,40,1.2567859618876303,1.1919800512657106,1.6528156516944346,0.04675887569428028,0.21916837714716303,diagnostic_not_promoted,0.016271155798189385,0.21368390053342967,0.04492948431810828,0.0889235050644317,3.0,4,"fresh_state_distilled_both_lb168_fast72_z075_ret180_h168_ls590_ss100_tp600,fresh_state_distilled_both_lb168_fast72_z075_ret60_h168_ls590_ss100_tp600,fresh_state_distilled_both_lb168_fast72_z100_ret60_h168_ls590_ss100_tp450,fresh_state_distilled_both_lb168_fast72_z050_ret120_h120_ls590_ss100_tp240",False,0.6411445086711158,3.611439635335049,0.17753155899326947,0.04214680639802548,255,1.8546118113715448,2.0167287167639727,0.641051701600289,3.0,27.256575945661556,4.0,3.611439635335049,0.17753155899326947,0.04214680639802548,1.8546118113715448,2.0167287167639727,61.85916841372469,0.05371855661250009,0.1297490359257638,6.499974419683825,9.165445391452254,0.2898365377844405,3.322985240434847,61.85916841372469,0.05371855661250009,0.1297490359257638,55,6.499974419683825,9.165445391452254,0.2667705151932951,0.2292757745293173,41.03266590857165,
True,27.2565404876234,train_val_monthly_return_budget,1.2551612669065704,True,"oos_return_risk_beats_current_champion,oos_sharpe_high,oos_sortino_high,oos_smart_sortino_high",False,3.0,train_val_monthly_return_budget,fresh_portfolio_train_val_monthly_return_budget_fresh_state_distilled_both_lb168_fast72_z075_ret180_h168_ls590_ss100_tp600__fresh_state_distilled_both_lb168_fast72_z075_ret60_h168_ls590_ss100_tp600__fresh_state_distilled_both_lb168_fast72_z100_ret60_h168_ls590_ss100_tp450__fresh_state_distilled_both_lb168_fast72_z050_ret60_h120_ls590_ss100_tp240,0.28589779693356254,4.1015611911678675,0.06970462797171063,0.021175855068540583,40,1.2567859618876303,1.1919800512657106,1.6528156516944346,0.04675887569428028,0.21916837714716303,diagnostic_not_promoted,0.016271135574703166,0.21368361074326914,0.04492948431810828,0.0889235050644317,3.0,4,"fresh_state_distilled_both_lb168_fast72_z075_ret180_h168_ls590_ss100_tp600,fresh_state_distilled_both_lb168_fast72_z075_ret60_h168_ls590_ss100_tp600,fresh_state_distilled_both_lb168_fast72_z100_ret60_h168_ls590_ss100_tp450,fresh_state_distilled_both_lb168_fast72_z050_ret60_h120_ls590_ss100_tp240",False,0.6411436391522085,3.611423610522881,0.17753210597728256,0.042146760385087134,255,1.8546323929187056,2.0166723430460176,0.6410508322298076,3.0,27.2565404876234,4.0,3.611423610522881,0.17753210597728256,0.042146760385087134,1.8546323929187056,2.0166723430460176,61.85916841372469,0.05371855661250009,0.1297490359257638,6.499974419683825,9.165445391452254,0.2898323879203462,3.322985240434847,61.85916841372469,0.05371855661250009,0.1297490359257638,55,6.499974419683825,9.165445391452254,0.2667705151932951,0.2292757745293173,41.03264417430962,
True,27.234642417134236,train_val_monthly_return_budget,1.2645445526255523,True,"oos_return_risk_beats_current_champion,oos_sharpe_high,oos_sortino_high,oos_smart_sortino_high",False,3.0,train_val_monthly_return_budget,fresh_portfolio_train_val_monthly_return_budget_fresh_state_distilled_both_lb168_fast72_z075_ret180_h168_ls590_ss100_tp600__fresh_state_distilled_both_lb168_fast72_z075_ret60_h168_ls590_ss100_tp600__fresh_state_distilled_both_lb168_fast72_z100_ret120_h168_ls590_ss100_tp450__fresh_state_distilled_both_lb168_fast72_z050_ret120_h120_ls590_ss100_tp240,0.2858977814240822,4.101560968664989,0.06970462797171063,0.02117585404215605,40,1.2565852050041464,1.1923869288375066,1.653379833635461,0.04675887339984186,0.21921064672361612,diagnostic_not_promoted,0.0161604159410087,0.21209801665019845,0.04492948431810828,0.0889235050644317,3.0,4,"fresh_state_distilled_both_lb168_fast72_z075_ret180_h168_ls590_ss100_tp600,fresh_state_distilled_both_lb168_fast72_z075_ret60_h168_ls590_ss100_tp600,fresh_state_distilled_both_lb168_fast72_z100_ret120_h168_ls590_ss100_tp450,fresh_state_distilled_both_lb168_fast72_z050_ret120_h120_ls590_ss100_tp240",False,0.6363860455446173,3.58463615795062,0.17753155899326947,0.04189466429368571,255,1.8446908268226652,2.0059302436811626,0.6362940499505954,3.0,27.234642417134236,4.0,3.58463615795062,0.17753155899326947,0.04189466429368571,1.8446908268226652,2.0059302436811626,61.85916841372469,0.05371855661250009,0.1297490359257638,6.499974419683825,9.165445391452254,0.28981827377447944,3.322985240434847,61.85916841372469,0.05371855661250009,0.1297490359257638,55,6.499974419683825,9.165445391452254,0.2667705151932951,0.2292757745293173,40.91372461732931,
True,27.234607017377893,train_val_monthly_return_budget,1.2645462803789531,True,"oos_return_risk_beats_current_champion,oos_sharpe_high,oos_sortino_high,oos_smart_sortino_high",False,3.0,train_val_monthly_return_budget,fresh_portfolio_train_val_monthly_return_budget_fresh_state_distilled_both_lb168_fast72_z075_ret180_h168_ls590_ss100_tp600__fresh_state_distilled_both_lb168_fast72_z075_ret60_h168_ls590_ss100_tp600__fresh_state_distilled_both_lb168_fast72_z100_ret120_h168_ls590_ss100_tp450__fresh_state_distilled_both_lb168_fast72_z050_ret60_h120_ls590_ss100_tp240,0.2858977814240822,4.101560968664989,0.06970462797171063,0.02117585404215605,40,1.2565852050041464,1.1923869288375066,1.653379833635461,0.04675887339984186,0.21921064672361612,diagnostic_not_promoted,0.016160395693268992,0.21209772686003792,0.04492948431810828,0.0889235050644317,3.0,4,"fresh_state_distilled_both_lb168_fast72_z075_ret180_h168_ls590_ss100_tp600,fresh_state_distilled_both_lb168_fast72_z075_ret60_h168_ls590_ss100_tp600,fresh_state_distilled_both_lb168_fast72_z100_ret120_h168_ls590_ss100_tp450,fresh_state_distilled_both_lb168_fast72_z050_ret60_h120_ls590_ss100_tp240",False,0.6363851760259978,3.584620215722733,0.17753210597728256,0.04189461815812612,255,1.844711264072616,2.0058741664648383,0.6362931805801137,3.0,27.234607017377893,4.0,3.584620215722733,0.17753210597728256,0.04189461815812612,1.844711264072616,2.0058741664648383,61.85916841372469,0.05371855661250009,0.1297490359257638,6.499974419683825,9.165445391452254,0.2898141236276072,3.322985240434847,61.85916841372469,0.05371855661250009,0.1297490359257638,55,6.499974419683825,9.165445391452254,0.2667705151932951,0.2292757745293173,40.91370288306727,
True,27.23388291715609,train_val_monthly_return_budget,1.2648710173562765,True,"oos_return_risk_beats_current_champion,oos_sharpe_high,oos_sortino_high,oos_smart_sortino_high",False,3.0,train_val_monthly_return_budget,fresh_portfolio_train_val_monthly_return_budget_fresh_state_distilled_both_lb168_fast72_z075_ret180_h168_ls590_ss100_tp600__fresh_state_distilled_both_lb168_fast72_z075_ret120_h168_ls590_ss100_tp600__fresh_state_distilled_both_lb168_fast72_z100_ret60_h168_ls590_ss100_tp450__fresh_state_distilled_both_lb168_fast72_z050_ret120_h120_ls590_ss100_tp240,0.28589779693356254,4.1015611911678675,0.06970462797171063,0.021175855068540583,40,1.2567859618876303,1.1919800512657106,1.6528156516944346,0.04675887569428028,0.21916837714716303,diagnostic_not_promoted,0.016156590966969864,0.21204327389703015,0.04492948431810828,0.0889235050644317,3.0,4,"fresh_state_distilled_both_lb168_fast72_z075_ret180_h168_ls590_ss100_tp600,fresh_state_distilled_both_lb168_fast72_z075_ret120_h168_ls590_ss100_tp600,fresh_state_distilled_both_lb168_fast72_z100_ret60_h168_ls590_ss100_tp450,fresh_state_distilled_both_lb168_fast72_z050_ret120_h120_ls590_ss100_tp240",False,0.6362217893021125,3.5837109351708714,0.17753155899326947,0.04188594866608719,255,1.8443460672097054,2.0055545162209594,0.6361298216910904,3.0,27.23388291715609,4.0,3.5837109351708714,0.17753155899326947,0.04188594866608719,1.8443460672097054,2.0055545162209594,61.85916841372469,0.05371855661250009,0.1297490359257638,6.499974419683825,9.165445391452254,0.2898179708356084,3.322985240434847,61.85916841372469,0.05371855661250009,0.1297490359257638,55,6.499974419683825,9.165445391452254,0.2667705151932951,0.2292757745293173,40.90961891084169,
True,27.233847518944533,train_val_monthly_return_budget,1.2648727460018951,True,"oos_return_risk_beats_current_champion,oos_sharpe_high,oos_sortino_high,oos_smart_sortino_high",False,3.0,train_val_monthly_return_budget,fresh_portfolio_train_val_monthly_return_budget_fresh_state_distilled_both_lb168_fast72_z075_ret180_h168_ls590_ss100_tp600__fresh_state_distilled_both_lb168_fast72_z075_ret120_h168_ls590_ss100_tp600__fresh_state_distilled_both_lb168_fast72_z100_ret60_h168_ls590_ss100_tp450__fresh_state_distilled_both_lb168_fast72_z050_ret60_h120_ls590_ss100_tp240,0.28589779693356254,4.1015611911678675,0.06970462797171063,0.021175855068540583,40,1.2567859618876303,1.1919800512657106,1.6528156516944346,0.04675887569428028,0.21916837714716303,diagnostic_not_promoted,0.016156570718391716,0.21204298410686961,0.04492948431810828,0.0889235050644317,3.0,4,"fresh_state_distilled_both_lb168_fast72_z075_ret180_h168_ls590_ss100_tp600,fresh_state_distilled_both_lb168_fast72_z075_ret120_h168_ls590_ss100_tp600,fresh_state_distilled_both_lb168_fast72_z100_ret60_h168_ls590_ss100_tp450,fresh_state_distilled_both_lb168_fast72_z050_ret60_h120_ls590_ss100_tp240",False,0.6362209197835031,3.583694995793693,0.17753210597728256,0.04188590252628255,255,1.8443664993897604,2.0054984480080416,0.6361289523206088,3.0,27.233847518944533,4.0,3.583694995793693,0.17753210597728256,0.04188590252628255,1.8443664993897604,2.0054984480080416,61.85916841372469,0.05371855661250009,0.1297490359257638,6.499974419683825,9.165445391452254,0.28981382068400935,3.322985240434847,61.85916841372469,0.05371855661250009,0.1297490359257638,55,6.499974419683825,9.165445391452254,0.2667705151932951,0.2292757745293173,40.909597176579645,
True,27.214616791308867,train_val_monthly_return_budget,1.2645445526255523,True,"oos_return_risk_beats_current_champion,oos_sharpe_high,oos_sortino_high,oos_smart_sortino_high",False,3.0,train_val_monthly_return_budget,fresh_portfolio_train_val_monthly_return_budget_fresh_state_distilled_both_lb168_fast72_z075_ret180_h168_ls590_ss100_tp600__fresh_state_distilled_both_lb168_fast72_z075_ret60_h168_ls590_ss100_tp600__fresh_state_distilled_both_lb168_fast72_z050_ret120_h120_ls590_ss100_tp240__fresh_state_distilled_both_lb168_fast72_z100_ret180_h168_ls590_ss100_tp450,0.27891068197966673,4.003922951870839,0.0696593529226993,0.0207123070597377,39,1.2341480139539005,1.1701745948887199,1.6221725576751698,0.04572291177380716,0.21868831873607503,diagnostic_not_promoted,0.0161604159410087,0.21209801665019845,0.04480942652035824,0.08868100551877767,3.0,4,"fresh_state_distilled_both_lb168_fast72_z075_ret180_h168_ls590_ss100_tp600,fresh_state_distilled_both_lb168_fast72_z075_ret60_h168_ls590_ss100_tp600,fresh_state_distilled_both_lb168_fast72_z050_ret120_h120_ls590_ss100_tp240,fresh_state_distilled_both_lb168_fast72_z100_ret180_h168_ls590_ss100_tp450",False,0.6363860455446173,3.58463615795062,0.17753155899326947,0.04189466429368571,255,1.8446908268226652,2.0059302436811626,0.6362940499505954,3.0,27.214616791308867,4.0,3.58463615795062,0.17753155899326947,0.04189466429368571,1.8446908268226652,2.0059302436811626,61.54184083281606,0.053746172958789404,0.129414268632833,6.492494287185499,9.139454826464322,0.28981827377447944,3.30763842160282,61.54184083281606,0.053746172958789404,0.129414268632833,55,6.492494287185499,9.139454826464322,0.266043016556333,0.2289817382397702,40.838471916443886,
True,27.21458139155251,train_val_monthly_return_budget,1.2645462803789531,True,"oos_return_risk_beats_current_champion,oos_sharpe_high,oos_sortino_high,oos_smart_sortino_high",False,3.0,train_val_monthly_return_budget,fresh_portfolio_train_val_monthly_return_budget_fresh_state_distilled_both_lb168_fast72_z075_ret180_h168_ls590_ss100_tp600__fresh_state_distilled_both_lb168_fast72_z075_ret60_h168_ls590_ss100_tp600__fresh_state_distilled_both_lb168_fast72_z050_ret60_h120_ls590_ss100_tp240__fresh_state_distilled_both_lb168_fast72_z100_ret180_h168_ls590_ss100_tp450,0.27891068197966673,4.003922951870839,0.0696593529226993,0.0207123070597377,39,1.2341480139539005,1.1701745948887199,1.6221725576751698,0.04572291177380716,0.21868831873607503,diagnostic_not_promoted,0.016160395693268992,0.21209772686003792,0.04480942652035824,0.08868100551877767,3.0,4,"fresh_state_distilled_both_lb168_fast72_z075_ret180_h168_ls590_ss100_tp600,fresh_state_distilled_both_lb168_fast72_z075_ret60_h168_ls590_ss100_tp600,fresh_state_distilled_both_lb168_fast72_z050_ret60_h120_ls590_ss100_tp240,fresh_state_distilled_both_lb168_fast72_z100_ret180_h168_ls590_ss100_tp450",False,0.6363851760259978,3.584620215722733,0.17753210597728256,0.04189461815812612,255,1.844711264072616,2.0058741664648383,0.6362931805801137,3.0,27.21458139155251,4.0,3.584620215722733,0.17753210597728256,0.04189461815812612,1.844711264072616,2.0058741664648383,61.54184083281606,0.053746172958789404,0.129414268632833,6.492494287185499,9.139454826464322,0.2898141236276072,3.30763842160282,61.54184083281606,0.053746172958789404,0.129414268632833,55,6.492494287185499,9.139454826464322,0.266043016556333,0.2289817382397702,40.838450182181845,
True,27.212008596594895,train_val_monthly_return_budget,1.2744023460525988,True,"oos_return_risk_beats_current_champion,oos_sharpe_high,oos_sortino_high,oos_smart_sortino_high",False,3.0,train_val_monthly_return_budget,fresh_portfolio_train_val_monthly_return_budget_fresh_state_distilled_both_lb168_fast72_z075_ret180_h168_ls590_ss100_tp600__fresh_state_distilled_both_lb168_fast72_z075_ret120_h168_ls590_ss100_tp600__fresh_state_distilled_both_lb168_fast72_z100_ret120_h168_ls590_ss100_tp450__fresh_state_distilled_both_lb168_fast72_z050_ret120_h120_ls590_ss100_tp240,0.2858977814240822,4.101560968664989,0.06970462797171063,0.02117585404215605,40,1.2565852050041464,1.1923869288375066,1.653379833635461,0.04675887339984186,0.21921064672361612,diagnostic_not_promoted,0.01604571362256091,0.21045739001379893,0.04492948431810828,0.0889235050644317,3.0,4,"fresh_state_distilled_both_lb168_fast72_z075_ret180_h168_ls590_ss100_tp600,fresh_state_distilled_both_lb168_fast72_z075_ret120_h168_ls590_ss100_tp600,fresh_state_distilled_both_lb168_fast72_z100_ret120_h168_ls590_ss100_tp450,fresh_state_distilled_both_lb168_fast72_z050_ret120_h120_ls590_ss100_tp240",False,0.6314633278098101,3.5569074669915444,0.17753155899326947,0.0416331103464298,255,1.8342944739276723,1.9951440921509447,0.6313721700413968,3.0,27.212008596594895,4.0,3.5569074669915444,0.17753155899326947,0.0416331103464298,1.8342944739276723,1.9951440921509447,61.85916841372469,0.05371855661250009,0.1297490359257638,6.499974419683825,9.165445391452254,0.28981830548442294,3.322985240434847,61.85916841372469,0.05371855661250009,0.1297490359257638,55,6.499974419683825,9.165445391452254,0.2667705151932951,0.2292757745293173,40.79067761959934,
True,27.21197324614661,train_val_monthly_return_budget,1.2744041008485172,True,"oos_return_risk_beats_current_champion,oos_sharpe_high,oos_sortino_high,oos_smart_sortino_high",False,3.0,train_val_monthly_return_budget,fresh_portfolio_train_val_monthly_return_budget_fresh_state_distilled_both_lb168_fast72_z075_ret180_h168_ls590_ss100_tp600__fresh_state_distilled_both_lb168_fast72_z075_ret120_h168_ls590_ss100_tp600__fresh_state_distilled_both_lb168_fast72_z100_ret120_h168_ls590_ss100_tp450__fresh_state_distilled_both_lb168_fast72_z050_ret60_h120_ls590_ss100_tp240,0.2858977814240822,4.101560968664989,0.06970462797171063,0.02117585404215605,40,1.2565852050041464,1.1923869288375066,1.653379833635461,0.04675887339984186,0.21921064672361612,diagnostic_not_promoted,0.016045693349666434,0.2104571002236384,0.04492948431810828,0.0889235050644317,3.0,4,"fresh_state_distilled_both_lb168_fast72_z075_ret180_h168_ls590_ss100_tp600,fresh_state_distilled_both_lb168_fast72_z075_ret120_h168_ls590_ss100_tp600,fresh_state_distilled_both_lb168_fast72_z100_ret120_h168_ls590_ss100_tp450,fresh_state_distilled_both_lb168_fast72_z050_ret60_h120_ls590_ss100_tp240",False,0.6314624582914896,3.5568916101986257,0.17753210597728256,0.041633064083295146,255,1.8343147567774827,1.9950882962096455,0.6313713006709152,3.0,27.21197324614661,4.0,3.5568916101986257,0.17753210597728256,0.041633064083295146,1.8343147567774827,1.9950882962096455,61.85916841372469,0.05371855661250009,0.1297490359257638,6.499974419683825,9.165445391452254,0.28981415533595395,3.322985240434847,61.85916841372469,0.05371855661250009,0.1297490359257638,55,6.499974419683825,9.165445391452254,0.2667705151932951,0.2292757745293173,40.7906558853373,
True,27.19198297076952,train_val_monthly_return_budget,1.2744023460525988,True,"oos_return_risk_beats_current_champion,oos_sharpe_high,oos_sortino_high,oos_smart_sortino_high",False,3.0,train_val_monthly_return_budget,fresh_portfolio_train_val_monthly_return_budget_fresh_state_distilled_both_lb168_fast72_z075_ret180_h168_ls590_ss100_tp600__fresh_state_distilled_both_lb168_fast72_z075_ret120_h168_ls590_ss100_tp600__fresh_state_distilled_both_lb168_fast72_z050_ret120_h120_ls590_ss100_tp240__fresh_state_distilled_both_lb168_fast72_z100_ret180_h168_ls590_ss100_tp450,0.27891068197966673,4.003922951870839,0.0696593529226993,0.0207123070597377,39,1.2341480139539005,1.1701745948887199,1.6221725576751698,0.04572291177380716,0.21868831873607503,diagnostic_not_promoted,0.01604571362256091,0.21045739001379893,0.04480942652035824,0.08868100551877767,3.0,4,"fresh_state_distilled_both_lb168_fast72_z075_ret180_h168_ls590_ss100_tp600,fresh_state_distilled_both_lb168_fast72_z075_ret120_h168_ls590_ss100_tp600,fresh_state_distilled_both_lb168_fast72_z050_ret120_h120_ls590_ss100_tp240,fresh_state_distilled_both_lb168_fast72_z100_ret180_h168_ls590_ss100_tp450",False,0.6314633278098101,3.5569074669915444,0.17753155899326947,0.0416331103464298,255,1.8342944739276723,1.9951440921509447,0.6313721700413968,3.0,27.19198297076952,4.0,3.5569074669915444,0.17753155899326947,0.0416331103464298,1.8342944739276723,1.9951440921509447,61.54184083281606,0.053746172958789404,0.129414268632833,6.492494287185499,9.139454826464322,0.28981830548442294,3.30763842160282,61.54184083281606,0.053746172958789404,0.129414268632833,55,6.492494287185499,9.139454826464322,0.266043016556333,0.2289817382397702,40.71542491871392,
True,27.191947620321233,train_val_monthly_return_budget,1.2744041008485172,True,"oos_return_risk_beats_current_champion,oos_sharpe_high,oos_sortino_high,oos_smart_sortino_high",False,3.0,train_val_monthly_return_budget,fresh_portfolio_train_val_monthly_return_budget_fresh_state_distilled_both_lb168_fast72_z075_ret180_h168_ls590_ss100_tp600__fresh_state_distilled_both_lb168_fast72_z075_ret120_h168_ls590_ss100_tp600__fresh_state_distilled_both_lb168_fast72_z050_ret60_h120_ls590_ss100_tp240__fresh_state_distilled_both_lb168_fast72_z100_ret180_h168_ls590_ss100_tp450,0.27891068197966673,4.003922951870839,0.0696593529226993,0.0207123070597377,39,1.2341480139539005,1.1701745948887199,1.6221725576751698,0.04572291177380716,0.21868831873607503,diagnostic_not_promoted,0.016045693349666434,0.2104571002236384,0.04480942652035824,0.08868100551877767,3.0,4,"fresh_state_distilled_both_lb168_fast72_z075_ret180_h168_ls590_ss100_tp600,fresh_state_distilled_both_lb168_fast72_z075_ret120_h168_ls590_ss100_tp600,fresh_state_distilled_both_lb168_fast72_z050_ret60_h120_ls590_ss100_tp240,fresh_state_distilled_both_lb168_fast72_z100_ret180_h168_ls590_ss100_tp450",False,0.6314624582914896,3.5568916101986257,0.17753210597728256,0.041633064083295146,255,1.8343147567774827,1.9950882962096455,0.6313713006709152,3.0,27.191947620321233,4.0,3.5568916101986257,0.17753210597728256,0.041633064083295146,1.8343147567774827,1.9950882962096455,61.54184083281606,0.053746172958789404,0.129414268632833,6.492494287185499,9.139454826464322,0.28981415533595395,3.30763842160282,61.54184083281606,0.053746172958789404,0.129414268632833,55,6.492494287185499,9.139454826464322,0.266043016556333,0.2289817382397702,40.71540318445189,
True,27.162373655757303,train_val_monthly_return_budget,1.2529821233039045,True,"oos_return_risk_beats_current_champion,oos_sharpe_high,oos_sortino_high,oos_smart_sortino_high",False,3.0,train_val_monthly_return_budget,fresh_portfolio_train_val_monthly_return_budget_fresh_state_distilled_both_lb168_fast72_z075_ret180_h168_ls590_ss100_tp600__fresh_state_distilled_both_lb168_fast72_z075_ret60_h168_ls590_ss100_tp600__fresh_state_distilled_both_lb168_fast72_z050_ret180_h120_ls590_ss100_tp240__fresh_state_distilled_both_lb168_fast72_z100_ret60_h168_ls590_ss100_tp450,0.28589779693356254,4.1015611911678675,0.06970462797171063,0.021175855068540583,40,1.2567859618876303,1.1919800512657106,1.6528156516944346,0.04675887569428028,0.21916837714716303,diagnostic_not_promoted,0.01629706683860843,0.214055241961852,0.0454239335872193,0.0899224973023971,3.0,4,"fresh_state_distilled_both_lb168_fast72_z075_ret180_h168_ls590_ss100_tp600,fresh_state_distilled_both_lb168_fast72_z075_ret60_h168_ls590_ss100_tp600,fresh_state_distilled_both_lb168_fast72_z050_ret180_h120_ls590_ss100_tp240,fresh_state_distilled_both_lb168_fast72_z100_ret60_h168_ls590_ss100_tp450",False,0.6422587231948576,3.6178920332903597,0.17752291038125406,0.04220574971118607,255,1.856673185311739,2.0177319533442026,0.6421657258855562,3.0,27.162373655757303,4.0,3.6178920332903597,0.17752291038125406,0.04220574971118607,1.856673185311739,2.0177319533442026,63.30650263928641,0.053496744589135364,0.13112715055360957,6.5375994442195875,8.92618952776408,0.28988841637568824,3.3866918025253288,63.30650263928641,0.053496744589135364,0.13112715055360957,55,6.5375994442195875,8.92618952776408,0.2697674919071913,0.2302277748762993,41.37694854194155,
True,27.14045383454123,train_val_monthly_return_budget,1.2623344561451852,True,"oos_return_risk_beats_current_champion,oos_sharpe_high,oos_sortino_high,oos_smart_sortino_high",False,3.0,train_val_monthly_return_budget,fresh_portfolio_train_val_monthly_return_budget_fresh_state_distilled_both_lb168_fast72_z075_ret180_h168_ls590_ss100_tp600__fresh_state_distilled_both_lb168_fast72_z075_ret60_h168_ls590_ss100_tp600__fresh_state_distilled_both_lb168_fast72_z050_ret180_h120_ls590_ss100_tp240__fresh_state_distilled_both_lb168_fast72_z100_ret120_h168_ls590_ss100_tp450,0.2858977814240822,4.101560968664989,0.06970462797171063,0.02117585404215605,40,1.2565852050041464,1.1923869288375066,1.653379833635461,0.04675887339984186,0.21921064672361612,diagnostic_not_promoted,0.016186358050998217,0.21246935807862077,0.0454239335872193,0.0899224973023971,3.0,4,"fresh_state_distilled_both_lb168_fast72_z075_ret180_h168_ls590_ss100_tp600,fresh_state_distilled_both_lb168_fast72_z075_ret60_h168_ls590_ss100_tp600,fresh_state_distilled_both_lb168_fast72_z050_ret180_h120_ls590_ss100_tp240,fresh_state_distilled_both_lb168_fast72_z100_ret120_h168_ls590_ss100_tp450",False,0.6375002596991539,3.5910872480066787,0.17752291038125406,0.04195376463315892,255,1.8467609669701632,2.006947670224893,0.6374080742358623,3.0,27.14045383454123,4.0,3.5910872480066787,0.17752291038125406,0.04195376463315892,1.8467609669701632,2.006947670224893,63.30650263928641,0.053496744589135364,0.13112715055360957,6.5375994442195875,8.92618952776408,0.28987014138018985,3.3866918025253288,63.30650263928641,0.053496744589135364,0.13112715055360957,55,6.5375994442195875,8.92618952776408,0.2697674919071913,0.2302277748762993,41.2580072506992,
True,27.13969482777205,train_val_monthly_return_budget,1.262659780574686,True,"oos_return_risk_beats_current_champion,oos_sharpe_high,oos_sortino_high,oos_smart_sortino_high",False,3.0,train_val_monthly_return_budget,fresh_portfolio_train_val_monthly_return_budget_fresh_state_distilled_both_lb168_fast72_z075_ret180_h168_ls590_ss100_tp600__fresh_state_distilled_both_lb168_fast72_z075_ret120_h168_ls590_ss100_tp600__fresh_state_distilled_both_lb168_fast72_z050_ret180_h120_ls590_ss100_tp240__fresh_state_distilled_both_lb168_fast72_z100_ret60_h168_ls590_ss100_tp450,0.28589779693356254,4.1015611911678675,0.06970462797171063,0.021175855068540583,40,1.2567859618876303,1.1919800512657106,1.6528156516944346,0.04675887569428028,0.21916837714716303,diagnostic_not_promoted,0.016182534150833483,0.21241461532545247,0.0454239335872193,0.0899224973023971,3.0,4,"fresh_state_distilled_both_lb168_fast72_z075_ret180_h168_ls590_ss100_tp600,fresh_state_distilled_both_lb168_fast72_z075_ret120_h168_ls590_ss100_tp600,fresh_state_distilled_both_lb168_fast72_z050_ret180_h120_ls590_ss100_tp240,fresh_state_distilled_both_lb168_fast72_z100_ret60_h168_ls590_ss100_tp450",False,0.6373360034438855,3.5901619800797637,0.17752291038125406,0.04194505444153496,255,1.8464165122799296,2.0065724856509846,0.6372438459763574,3.0,27.13969482777205,4.0,3.5901619800797637,0.17752291038125406,0.04194505444153496,1.8464165122799296,2.0065724856509846,63.30650263928641,0.053496744589135364,0.13112715055360957,6.5375994442195875,8.92618952776408,0.28986983741419364,3.3866918025253288,63.30650263928641,0.053496744589135364,0.13112715055360957,55,6.5375994442195875,8.92618952776408,0.2697674919071913,0.2302277748762993,41.25390154421158,
True,27.120442667193185,train_val_monthly_return_budget,1.2623344561451852,True,"oos_return_risk_beats_current_champion,oos_sharpe_high,oos_sortino_high,oos_smart_sortino_high",False,3.0,train_val_monthly_return_budget,fresh_portfolio_train_val_monthly_return_budget_fresh_state_distilled_both_lb168_fast72_z075_ret180_h168_ls590_ss100_tp600__fresh_state_distilled_both_lb168_fast72_z075_ret60_h168_ls590_ss100_tp600__fresh_state_distilled_both_lb168_fast72_z050_ret180_h120_ls590_ss100_tp240__fresh_state_distilled_both_lb168_fast72_z100_ret180_h168_ls590_ss100_tp450,0.27891068197966673,4.003922951870839,0.0696593529226993,0.0207123070597377,39,1.2341480139539005,1.1701745948887199,1.6221725576751698,0.04572291177380716,0.21868831873607503,diagnostic_not_promoted,0.016186358050998217,0.21246935807862077,0.04530392907901848,0.08967999775674307,3.0,4,"fresh_state_distilled_both_lb168_fast72_z075_ret180_h168_ls590_ss100_tp600,fresh_state_distilled_both_lb168_fast72_z075_ret60_h168_ls590_ss100_tp600,fresh_state_distilled_both_lb168_fast72_z050_ret180_h120_ls590_ss100_tp240,fresh_state_distilled_both_lb168_fast72_z100_ret180_h168_ls590_ss100_tp450",False,0.6375002596991539,3.5910872480066787,0.17752291038125406,0.04195376463315892,255,1.8467609669701632,2.006947670224893,0.6374080742358623,3.0,27.120442667193185,4.0,3.5910872480066787,0.17752291038125406,0.04195376463315892,1.8467609669701632,2.006947670224893,62.98371958251821,0.05352423683544568,0.1307927661078887,6.53016959570098,8.900160242031502,0.28987014138018985,3.3711555237120026,62.98371958251821,0.05352423683544568,0.1307927661078887,55,6.53016959570098,8.900160242031502,0.2690399932702292,0.22993607720485496,41.182768297409694,
True,27.117834931784973,train_val_monthly_return_budget,1.2721576881052183,True,"oos_return_risk_beats_current_champion,oos_sharpe_high,oos_sortino_high,oos_smart_sortino_high",False,3.0,train_val_monthly_return_budget,fresh_portfolio_train_val_monthly_return_budget_fresh_state_distilled_both_lb168_fast72_z075_ret180_h168_ls590_ss100_tp600__fresh_state_distilled_both_lb168_fast72_z075_ret120_h168_ls590_ss100_tp600__fresh_state_distilled_both_lb168_fast72_z050_ret180_h120_ls590_ss100_tp240__fresh_state_distilled_both_lb168_fast72_z100_ret120_h168_ls590_ss100_tp450,0.2858977814240822,4.101560968664989,0.06970462797171063,0.02117585404215605,40,1.2565852050041464,1.1923869288375066,1.653379833635461,0.04675887339984186,0.21921064672361612,diagnostic_not_promoted,0.016071687956692227,0.21082873144222125,0.0454239335872193,0.0899224973023971,3.0,4,"fresh_state_distilled_both_lb168_fast72_z075_ret180_h168_ls590_ss100_tp600,fresh_state_distilled_both_lb168_fast72_z075_ret120_h168_ls590_ss100_tp600,fresh_state_distilled_both_lb168_fast72_z050_ret180_h120_ls590_ss100_tp240,fresh_state_distilled_both_lb168_fast72_z100_ret120_h168_ls590_ss100_tp450",False,0.6325775415812664,3.563357203995372,0.17752291038125406,0.04169237405583104,255,1.8363738326430215,1.9961780416058648,0.6324861943266638,3.0,27.117834931784973,4.0,3.563357203995372,0.17752291038125406,0.04169237405583104,1.8363738326430215,1.9961780416058648,63.30650263928641,0.053496744589135364,0.13112715055360957,6.5375994442195875,8.92618952776408,0.2898701212055935,3.3866918025253288,63.30650263928641,0.053496744589135364,0.13112715055360957,55,6.5375994442195875,8.92618952776408,0.2697674919071913,0.2302277748762993,41.13496025296924,
True,27.097823764436935,train_val_monthly_return_budget,1.2721576881052183,True,"oos_return_risk_beats_current_champion,oos_sharpe_high,oos_sortino_high,oos_smart_sortino_high",False,3.0,train_val_monthly_return_budget,fresh_portfolio_train_val_monthly_return_budget_fresh_state_distilled_both_lb168_fast72_z075_ret180_h168_ls590_ss100_tp600__fresh_state_distilled_both_lb168_fast72_z075_ret120_h168_ls590_ss100_tp600__fresh_state_distilled_both_lb168_fast72_z050_ret180_h120_ls590_ss100_tp240__fresh_state_distilled_both_lb168_fast72_z100_ret180_h168_ls590_ss100_tp450,0.27891068197966673,4.003922951870839,0.0696593529226993,0.0207123070597377,39,1.2341480139539005,1.1701745948887199,1.6221725576751698,0.04572291177380716,0.21868831873607503,diagnostic_not_promoted,0.016071687956692227,0.21082873144222125,0.04530392907901848,0.08967999775674307,3.0,4,"fresh_state_distilled_both_lb168_fast72_z075_ret180_h168_ls590_ss100_tp600,fresh_state_distilled_both_lb168_fast72_z075_ret120_h168_ls590_ss100_tp600,fresh_state_distilled_both_lb168_fast72_z050_ret180_h120_ls590_ss100_tp240,fresh_state_distilled_both_lb168_fast72_z100_ret180_h168_ls590_ss100_tp450",False,0.6325775415812664,3.563357203995372,0.17752291038125406,0.04169237405583104,255,1.8363738326430215,1.9961780416058648,0.6324861943266638,3.0,27.097823764436935,4.0,3.563357203995372,0.17752291038125406,0.04169237405583104,1.8363738326430215,1.9961780416058648,62.98371958251821,0.05352423683544568,0.1307927661078887,6.53016959570098,8.900160242031502,0.2898701212055935,3.3711555237120026,62.98371958251821,0.05352423683544568,0.1307927661078887,55,6.53016959570098,8.900160242031502,0.2690399932702292,0.22993607720485496,41.05972129967972,
True,27.068274041777673,train_val_monthly_return_budget,1.389625877267393,True,"oos_monthly_return_gte_2pct,oos_return_risk_beats_current_champion,oos_sharpe_high,oos_sortino_high,oos_smart_sortino_high",False,3.0,train_val_monthly_return_budget,fresh_portfolio_train_val_monthly_return_budget_fresh_state_distilled_both_lb168_fast72_z075_ret180_h168_ls590_ss100_tp600__fresh_state_distilled_both_lb168_fast72_z050_ret60_h168_ls590_ss100_tp600__fresh_state_distilled_both_lb168_fast72_z100_ret60_h168_ls590_ss100_tp450__fresh_state_distilled_both_lb168_fast72_z050_ret120_h120_ls590_ss100_tp240,0.16959053229867904,2.445836827889453,0.06933844905958877,0.0131400579411598,41,0.8402545251279138,0.5307247656914323,1.117831500379156,0.02887861717080198,0.21353423910597732,diagnostic_not_promoted,0.01481678622693261,0.19300690636612505,0.04492948431810828,0.0889235050644317,3.0,4,"fresh_state_distilled_both_lb168_fast72_z075_ret180_h168_ls590_ss100_tp600,fresh_state_distilled_both_lb168_fast72_z050_ret60_h168_ls590_ss100_tp600,fresh_state_distilled_both_lb168_fast72_z100_ret60_h168_ls590_ss100_tp450,fresh_state_distilled_both_lb168_fast72_z050_ret120_h120_ls590_ss100_tp240",False,0.5791030713238379,3.2989385054202334,0.17554224498951948,0.03880541906970825,255,1.749999386717491,1.9120597405369975,0.5790207190983752,3.0,27.068274041777673,4.0,3.2989385054202334,0.17554224498951948,0.03880541906970825,1.749999386717491,1.9120597405369975,61.85916841372469,0.05371855661250009,0.1297490359257638,6.499974419683825,9.165445391452254,0.2842226328284535,3.322985240434847,61.85916841372469,0.05371855661250009,0.1297490359257638,55,6.499974419683825,9.165445391452254,0.2667705151932951,0.2292757745293173,39.4818913460238,
True,27.068228535889848,train_val_monthly_return_budget,1.3896279637238755,True,"oos_monthly_return_gte_2pct,oos_return_risk_beats_current_champion,oos_sharpe_high,oos_sortino_high,oos_smart_sortino_high",False,3.0,train_val_monthly_return_budget,fresh_portfolio_train_val_monthly_return_budget_fresh_state_distilled_both_lb168_fast72_z075_ret180_h168_ls590_ss100_tp600__fresh_state_distilled_both_lb168_fast72_z050_ret60_h168_ls590_ss100_tp600__fresh_state_distilled_both_lb168_fast72_z100_ret60_h168_ls590_ss100_tp450__fresh_state_distilled_both_lb168_fast72_z050_ret60_h120_ls590_ss100_tp240,0.16959053229867904,2.445836827889453,0.06933844905958877,0.0131400579411598,41,0.8402545251279138,0.5307247656914323,1.117831500379156,0.02887861717080198,0.21353423910597732,diagnostic_not_promoted,0.01481676568237944,0.19300661657596452,0.04492948431810828,0.0889235050644317,3.0,4,"fresh_state_distilled_both_lb168_fast72_z075_ret180_h168_ls590_ss100_tp600,fresh_state_distilled_both_lb168_fast72_z050_ret60_h168_ls590_ss100_tp600,fresh_state_distilled_both_lb168_fast72_z100_ret60_h168_ls590_ss100_tp450,fresh_state_distilled_both_lb168_fast72_z050_ret60_h120_ls590_ss100_tp240",False,0.5791022018087555,3.2989317518713794,0.1755423407835731,0.03880537140250051,255,1.750037895899332,1.9119039185180249,0.5790198497278936,3.0,27.068228535889848,4.0,3.2989317518713794,0.1755423407835731,0.03880537140250051,1.750037895899332,1.9119039185180249,61.85916841372469,0.05371855661250009,0.1297490359257638,6.499974419683825,9.165445391452254,0.2842147978449489,3.322985240434847,61.85916841372469,0.05371855661250009,0.1297490359257638,55,6.499974419683825,9.165445391452254,0.2667705151932951,0.2292757745293173,39.481869611761766,
True,27.04547251324249,train_val_monthly_return_budget,1.4011386424480115,True,"oos_monthly_return_gte_2pct,oos_return_risk_beats_current_champion,oos_sharpe_high,oos_sortino_high,oos_smart_sortino_high",False,3.0,train_val_monthly_return_budget,fresh_portfolio_train_val_monthly_return_budget_fresh_state_distilled_both_lb168_fast72_z075_ret180_h168_ls590_ss100_tp600__fresh_state_distilled_both_lb168_fast72_z050_ret60_h168_ls590_ss100_tp600__fresh_state_distilled_both_lb168_fast72_z100_ret120_h168_ls590_ss100_tp450__fresh_state_distilled_both_lb168_fast72_z050_ret120_h120_ls590_ss100_tp240,0.16959051794685331,2.445836620907239,0.06933844905958877,0.013140056905155628,41,0.8401222259611232,0.5309108092410758,1.1182234401277107,0.028878614876363562,0.2135790773392525,diagnostic_not_promoted,0.014704287101056757,0.19142102248289383,0.04492948431810828,0.0889235050644317,3.0,4,"fresh_state_distilled_both_lb168_fast72_z075_ret180_h168_ls590_ss100_tp600,fresh_state_distilled_both_lb168_fast72_z050_ret60_h168_ls590_ss100_tp600,fresh_state_distilled_both_lb168_fast72_z100_ret120_h168_ls590_ss100_tp450,fresh_state_distilled_both_lb168_fast72_z050_ret120_h120_ls590_ss100_tp240",False,0.5743446291616501,3.2718313998772235,0.17554224498951948,0.03854419821997235,255,1.7394818360279676,1.9005444336512407,0.5742630674486815,3.0,27.04547251324249,4.0,3.2718313998772235,0.17554224498951948,0.03854419821997235,1.7394818360279676,1.9005444336512407,61.85916841372469,0.05371855661250009,0.1297490359257638,6.499974419683825,9.165445391452254,0.2842028628013281,3.322985240434847,61.85916841372469,0.05371855661250009,0.1297490359257638,55,6.499974419683825,9.165445391452254,0.2667705151932951,0.2292757745293173,39.362950054781464,
True,27.04542717914244,train_val_monthly_return_budget,1.4011407636194562,True,"oos_monthly_return_gte_2pct,oos_return_risk_beats_current_champion,oos_sharpe_high,oos_sortino_high,oos_smart_sortino_high",False,3.0,train_val_monthly_return_budget,fresh_portfolio_train_val_monthly_return_budget_fresh_state_distilled_both_lb168_fast72_z075_ret180_h168_ls590_ss100_tp600__fresh_state_distilled_both_lb168_fast72_z050_ret60_h168_ls590_ss100_tp600__fresh_state_distilled_both_lb168_fast72_z100_ret120_h168_ls590_ss100_tp450__fresh_state_distilled_both_lb168_fast72_z050_ret60_h120_ls590_ss100_tp240,0.16959051794685331,2.445836620907239,0.06933844905958877,0.013140056905155628,41,0.8401222259611232,0.5309108092410758,1.1182234401277107,0.028878614876363562,0.2135790773392525,diagnostic_not_promoted,0.014704266531437415,0.1914207326927333,0.04492948431810828,0.0889235050644317,3.0,4,"fresh_state_distilled_both_lb168_fast72_z075_ret180_h168_ls590_ss100_tp600,fresh_state_distilled_both_lb168_fast72_z050_ret60_h168_ls590_ss100_tp600,fresh_state_distilled_both_lb168_fast72_z100_ret120_h168_ls590_ss100_tp450,fresh_state_distilled_both_lb168_fast72_z050_ret60_h120_ls590_ss100_tp240",False,0.5743437596468672,3.271824661122516,0.1755423407835731,0.03854415042073023,255,1.739520055541566,1.9003894382535245,0.5742621980781999,3.0,27.04542717914244,4.0,3.271824661122516,0.1755423407835731,0.03854415042073023,1.739520055541566,1.9003894382535245,61.85916841372469,0.05371855661250009,0.1297490359257638,6.499974419683825,9.165445391452254,0.2841950272477958,3.322985240434847,61.85916841372469,0.05371855661250009,0.1297490359257638,55,6.499974419683825,9.165445391452254,0.2667705151932951,0.2292757745293173,39.36292832051942,
True,27.04514686131255,train_val_monthly_return_budget,1.4013036105344758,True,"oos_monthly_return_gte_2pct,oos_return_risk_beats_current_champion,oos_sharpe_high,oos_sortino_high,oos_smart_sortino_high",False,3.0,train_val_monthly_return_budget,fresh_portfolio_train_val_monthly_return_budget_fresh_state_distilled_both_lb168_fast72_z075_ret180_h168_ls590_ss100_tp600__fresh_state_distilled_both_lb168_fast72_z050_ret120_h168_ls590_ss100_tp600__fresh_state_distilled_both_lb168_fast72_z100_ret60_h168_ls590_ss100_tp450__fresh_state_distilled_both_lb168_fast72_z050_ret60_h120_ls590_ss100_tp240,0.16959053229867904,2.445836827889453,0.06933844905958877,0.0131400579411598,41,0.8402545251279138,0.5307247656914323,1.117831500379156,0.02887861717080198,0.21353423910597732,diagnostic_not_promoted,0.014702687529538183,0.19139848749507915,0.04492948431810828,0.0889235050644317,3.0,4,"fresh_state_distilled_both_lb168_fast72_z075_ret180_h168_ls590_ss100_tp600,fresh_state_distilled_both_lb168_fast72_z050_ret120_h168_ls590_ss100_tp600,fresh_state_distilled_both_lb168_fast72_z100_ret60_h168_ls590_ss100_tp450,fresh_state_distilled_both_lb168_fast72_z050_ret60_h120_ls590_ss100_tp240",False,0.5742770129770529,3.2714492479678676,0.1755420822541501,0.03854048112941966,255,1.7393120264050728,1.9003818757440933,0.5741954624852375,3.0,27.04514686131255,4.0,3.2714492479678676,0.1755420822541501,0.03854048112941966,1.7393120264050728,1.9003818757440933,61.85916841372469,0.05371855661250009,0.1297490359257638,6.499974419683825,9.165445391452254,0.2842065034399404,3.322985240434847,61.85916841372469,0.05371855661250009,0.1297490359257638,55,6.499974419683825,9.165445391452254,0.2667705151932951,0.2292757745293173,39.36125993069536,
True,27.04509902365399,train_val_monthly_return_budget,1.4013014888699395,True,"oos_monthly_return_gte_2pct,oos_return_risk_beats_current_champion,oos_sharpe_high,oos_sortino_high,oos_smart_sortino_high",False,3.0,train_val_monthly_return_budget,fresh_portfolio_train_val_monthly_return_budget_fresh_state_distilled_both_lb168_fast72_z075_ret180_h168_ls590_ss100_tp600__fresh_state_distilled_both_lb168_fast72_z050_ret120_h168_ls590_ss100_tp600__fresh_state_distilled_both_lb168_fast72_z100_ret60_h168_ls590_ss100_tp450__fresh_state_distilled_both_lb168_fast72_z050_ret120_h120_ls590_ss100_tp240,0.16959053229867904,2.445836827889453,0.06933844905958877,0.0131400579411598,41,0.8402545251279138,0.5307247656914323,1.117831500379156,0.02887861717080198,0.21353423910597732,diagnostic_not_promoted,0.014702708099509465,0.19139877728523969,0.04492948431810828,0.0889235050644317,3.0,4,"fresh_state_distilled_both_lb168_fast72_z075_ret180_h168_ls590_ss100_tp600,fresh_state_distilled_both_lb168_fast72_z050_ret120_h168_ls590_ss100_tp600,fresh_state_distilled_both_lb168_fast72_z100_ret60_h168_ls590_ss100_tp450,fresh_state_distilled_both_lb168_fast72_z050_ret120_h120_ls590_ss100_tp240",False,0.5742778824918315,3.271455986522427,0.17554198646037467,0.03854052893051918,255,1.7392608739776627,1.9002854465466088,0.574196331855719,3.0,27.04509902365399,4.0,3.271455986522427,0.17554198646037467,0.03854052893051918,1.7392608739776627,1.9002854465466088,61.85916841372469,0.05371855661250009,0.1297490359257638,6.499974419683825,9.165445391452254,0.28421686671298835,3.322985240434847,61.85916841372469,0.05371855661250009,0.1297490359257638,55,6.499974419683825,9.165445391452254,0.2667705151932951,0.2292757745293173,39.3612816649574,
True,27.044875469782053,train_val_monthly_return_budget,1.4013099047980537,True,"oos_monthly_return_gte_2pct,oos_return_risk_beats_current_champion,oos_sharpe_high,oos_sortino_high,oos_smart_sortino_high",False,3.0,train_val_monthly_return_budget,fresh_portfolio_train_val_monthly_return_budget_fresh_state_distilled_both_lb168_fast72_z075_ret180_h168_ls590_ss100_tp600__fresh_state_distilled_both_lb168_fast72_z050_ret180_h168_ls590_ss100_tp600__fresh_state_distilled_both_lb168_fast72_z100_ret60_h168_ls590_ss100_tp450__fresh_state_distilled_both_lb168_fast72_z050_ret120_h120_ls590_ss100_tp240,0.1701813192753867,2.454357165230716,0.06933844905958877,0.013182694759124258,41,0.8426299378009465,0.5338847052818274,1.1208501472922774,0.028973047267372598,0.21353069865640298,diagnostic_not_promoted,0.014702626505705751,0.19139762779050962,0.04492948431810828,0.0889235050644317,3.0,4,"fresh_state_distilled_both_lb168_fast72_z075_ret180_h168_ls590_ss100_tp600,fresh_state_distilled_both_lb168_fast72_z050_ret180_h168_ls590_ss100_tp600,fresh_state_distilled_both_lb168_fast72_z100_ret60_h168_ls590_ss100_tp450,fresh_state_distilled_both_lb168_fast72_z050_ret120_h120_ls590_ss100_tp240",False,0.5742744334352665,3.2714291036956777,0.17554237467243855,0.03854033932037759,255,1.7395210848135823,1.8994224812215432,0.5741928833715289,3.0,27.044875469782053,4.0,3.2714291036956777,0.17554237467243855,0.03854033932037759,1.7395210848135823,1.8994224812215432,61.85916841372469,0.05371855661250009,0.1297490359257638,6.499974419683825,9.165445391452254,0.28416456317602784,3.322985240434847,61.85916841372469,0.05371855661250009,0.1297490359257638,55,6.499974419683825,9.165445391452254,0.2667705151932951,0.2292757745293173,39.36119545285265,
True,27.044868087735676,train_val_monthly_return_budget,1.4013120264880756,True,"oos_monthly_return_gte_2pct,oos_return_risk_beats_current_champion,oos_sharpe_high,oos_sortino_high,oos_smart_sortino_high",False,3.0,train_val_monthly_return_budget,fresh_portfolio_train_val_monthly_return_budget_fresh_state_distilled_both_lb168_fast72_z075_ret180_h168_ls590_ss100_tp600__fresh_state_distilled_both_lb168_fast72_z050_ret180_h168_ls590_ss100_tp600__fresh_state_distilled_both_lb168_fast72_z100_ret60_h168_ls590_ss100_tp450__fresh_state_distilled_both_lb168_fast72_z050_ret60_h120_ls590_ss100_tp240,0.1701813192753867,2.454357165230716,0.06933844905958877,0.013182694759124258,41,0.8426299378009465,0.5338847052818274,1.1208501472922774,0.028973047267372598,0.21353069865640298,diagnostic_not_promoted,0.014702605935716262,0.19139733800034908,0.04492948431810828,0.0889235050644317,3.0,4,"fresh_state_distilled_both_lb168_fast72_z075_ret180_h168_ls590_ss100_tp600,fresh_state_distilled_both_lb168_fast72_z050_ret180_h168_ls590_ss100_tp600,fresh_state_distilled_both_lb168_fast72_z100_ret60_h168_ls590_ss100_tp450,fresh_state_distilled_both_lb168_fast72_z050_ret60_h120_ls590_ss100_tp240",False,0.5742735639204881,3.271422365162904,0.17554247046663188,0.038540291519181924,255,1.739572361682805,1.8993609976532742,0.5741920140010472,3.0,27.044868087735676,4.0,3.271422365162904,0.17554247046663188,0.038540291519181924,1.739572361682805,1.8993609976532742,61.85916841372469,0.05371855661250009,0.1297490359257638,6.499974419683825,9.165445391452254,0.28415417978841584,3.322985240434847,61.85916841372469,0.05371855661250009,0.1297490359257638,55,6.499974419683825,9.165445391452254,0.2667705151932951,0.2292757745293173,39.36117371859061,
True,27.025446887417115,train_val_monthly_return_budget,1.4011386424480115,True,"oos_monthly_return_gte_2pct,oos_return_risk_beats_current_champion,oos_sharpe_high,oos_sortino_high,oos_smart_sortino_high",False,3.0,train_val_monthly_return_budget,fresh_portfolio_train_val_monthly_return_budget_fresh_state_distilled_both_lb168_fast72_z075_ret180_h168_ls590_ss100_tp600__fresh_state_distilled_both_lb168_fast72_z050_ret60_h168_ls590_ss100_tp600__fresh_state_distilled_both_lb168_fast72_z050_ret120_h120_ls590_ss100_tp240__fresh_state_distilled_both_lb168_fast72_z100_ret180_h168_ls590_ss100_tp450,0.16312519813627557,2.3541551271014654,0.06929245921746974,0.012672163157507521,40,0.8143241178162962,0.4959866257718125,1.082961303483748,0.02784265325032953,0.21352332539682684,diagnostic_not_promoted,0.014704287101056757,0.19142102248289383,0.04480942652035824,0.08868100551877767,3.0,4,"fresh_state_distilled_both_lb168_fast72_z075_ret180_h168_ls590_ss100_tp600,fresh_state_distilled_both_lb168_fast72_z050_ret60_h168_ls590_ss100_tp600,fresh_state_distilled_both_lb168_fast72_z050_ret120_h120_ls590_ss100_tp240,fresh_state_distilled_both_lb168_fast72_z100_ret180_h168_ls590_ss100_tp450",False,0.5743446291616501,3.2718313998772235,0.17554224498951948,0.03854419821997235,255,1.7394818360279676,1.9005444336512407,0.5742630674486815,3.0,27.025446887417115,4.0,3.2718313998772235,0.17554224498951948,0.03854419821997235,1.7394818360279676,1.9005444336512407,61.54184083281606,0.053746172958789404,0.129414268632833,6.492494287185499,9.139454826464322,0.2842028628013281,3.30763842160282,61.54184083281606,0.053746172958789404,0.129414268632833,55,6.492494287185499,9.139454826464322,0.266043016556333,0.2289817382397702,39.28769735389604,
True,27.025401553317057,train_val_monthly_return_budget,1.4011407636194562,True,"oos_monthly_return_gte_2pct,oos_return_risk_beats_current_champion,oos_sharpe_high,oos_sortino_high,oos_smart_sortino_high",False,3.0,train_val_monthly_return_budget,fresh_portfolio_train_val_monthly_return_budget_fresh_state_distilled_both_lb168_fast72_z075_ret180_h168_ls590_ss100_tp600__fresh_state_distilled_both_lb168_fast72_z050_ret60_h168_ls590_ss100_tp600__fresh_state_distilled_both_lb168_fast72_z050_ret60_h120_ls590_ss100_tp240__fresh_state_distilled_both_lb168_fast72_z100_ret180_h168_ls590_ss100_tp450,0.16312519813627557,2.3541551271014654,0.06929245921746974,0.012672163157507521,40,0.8143241178162962,0.4959866257718125,1.082961303483748,0.02784265325032953,0.21352332539682684,diagnostic_not_promoted,0.014704266531437415,0.1914207326927333,0.04480942652035824,0.08868100551877767,3.0,4,"fresh_state_distilled_both_lb168_fast72_z075_ret180_h168_ls590_ss100_tp600,fresh_state_distilled_both_lb168_fast72_z050_ret60_h168_ls590_ss100_tp600,fresh_state_distilled_both_lb168_fast72_z050_ret60_h120_ls590_ss100_tp240,fresh_state_distilled_both_lb168_fast72_z100_ret180_h168_ls590_ss100_tp450",False,0.5743437596468672,3.271824661122516,0.1755423407835731,0.03854415042073023,255,1.739520055541566,1.9003894382535245,0.5742621980781999,3.0,27.025401553317057,4.0,3.271824661122516,0.1755423407835731,0.03854415042073023,1.739520055541566,1.9003894382535245,61.54184083281606,0.053746172958789404,0.129414268632833,6.492494287185499,9.139454826464322,0.2841950272477958,3.30763842160282,61.54184083281606,0.053746172958789404,0.129414268632833,55,6.492494287185499,9.139454826464322,0.266043016556333,0.2289817382397702,39.287675619634,
True,27.022394246644215,train_val_monthly_return_budget,1.413011499100215,True,"oos_monthly_return_gte_2pct,oos_return_risk_beats_current_champion,oos_sharpe_high,oos_sortino_high,oos_smart_sortino_high",False,3.0,train_val_monthly_return_budget,fresh_portfolio_train_val_monthly_return_budget_fresh_state_distilled_both_lb168_fast72_z075_ret180_h168_ls590_ss100_tp600__fresh_state_distilled_both_lb168_fast72_z050_ret120_h168_ls590_ss100_tp600__fresh_state_distilled_both_lb168_fast72_z100_ret120_h168_ls590_ss100_tp450__fresh_state_distilled_both_lb168_fast72_z050_ret60_h120_ls590_ss100_tp240,0.16959051794685331,2.445836620907239,0.06933844905958877,0.013140056905155628,41,0.8401222259611232,0.5309108092410758,1.1182234401277107,0.028878614876363562,0.2135790773392525,diagnostic_not_promoted,0.014590049099842961,0.18981260361184793,0.04492948431810828,0.0889235050644317,3.0,4,"fresh_state_distilled_both_lb168_fast72_z075_ret180_h168_ls590_ss100_tp600,fresh_state_distilled_both_lb168_fast72_z050_ret120_h168_ls590_ss100_tp600,fresh_state_distilled_both_lb168_fast72_z100_ret120_h168_ls590_ss100_tp450,fresh_state_distilled_both_lb168_fast72_z050_ret60_h120_ls590_ss100_tp240",False,0.5695185724800533,3.244342126781335,0.1755420822541501,0.038278525294747956,255,1.7286584578370725,1.8892352792003553,0.5694378108355438,3.0,27.022394246644215,4.0,3.244342126781335,0.1755420822541501,0.038278525294747956,1.7286584578370725,1.8892352792003553,61.85916841372469,0.05371855661250009,0.1297490359257638,6.499974419683825,9.165445391452254,0.28420681204117343,3.322985240434847,61.85916841372469,0.05371855661250009,0.1297490359257638,55,6.499974419683825,9.165445391452254,0.2667705151932951,0.2292757745293173,39.24231863945302,
True,27.022346817971695,train_val_monthly_return_budget,1.413009341834595,True,"oos_monthly_return_gte_2pct,oos_return_risk_beats_current_champion,oos_sharpe_high,oos_sortino_high,oos_smart_sortino_high",False,3.0,train_val_monthly_return_budget,fresh_portfolio_train_val_monthly_return_budget_fresh_state_distilled_both_lb168_fast72_z075_ret180_h168_ls590_ss100_tp600__fresh_state_distilled_both_lb168_fast72_z050_ret120_h168_ls590_ss100_tp600__fresh_state_distilled_both_lb168_fast72_z100_ret120_h168_ls590_ss100_tp450__fresh_state_distilled_both_lb168_fast72_z050_ret120_h120_ls590_ss100_tp240,0.16959051794685331,2.445836620907239,0.06933844905958877,0.013140056905155628,41,0.8401222259611232,0.5309108092410758,1.1182234401277107,0.028878614876363562,0.2135790773392525,diagnostic_not_promoted,0.014590069694945251,0.18981289340200846,0.04492948431810828,0.0889235050644317,3.0,4,"fresh_state_distilled_both_lb168_fast72_z075_ret180_h168_ls590_ss100_tp600,fresh_state_distilled_both_lb168_fast72_z050_ret120_h168_ls590_ss100_tp600,fresh_state_distilled_both_lb168_fast72_z100_ret120_h168_ls590_ss100_tp450,fresh_state_distilled_both_lb168_fast72_z050_ret120_h120_ls590_ss100_tp240",False,0.5695194419945315,3.2443488505417473,0.17554198646037467,0.03827857322865991,255,1.728607699856968,1.8891395629100036,0.5694386802060254,3.0,27.022346817971695,4.0,3.2443488505417473,0.17554198646037467,0.03827857322865991,1.728607699856968,1.8891395629100036,61.85916841372469,0.05371855661250009,0.1297490359257638,6.499974419683825,9.165445391452254,0.2842171753068522,3.322985240434847,61.85916841372469,0.05371855661250009,0.1297490359257638,55,6.499974419683825,9.165445391452254,0.2667705151932951,0.2292757745293173,39.24234037371506,
True,27.022124227626048,train_val_monthly_return_budget,1.4130178989805269,True,"oos_monthly_return_gte_2pct,oos_return_risk_beats_current_champion,oos_sharpe_high,oos_sortino_high,oos_smart_sortino_high",False,3.0,train_val_monthly_return_budget,fresh_portfolio_train_val_monthly_return_budget_fresh_state_distilled_both_lb168_fast72_z075_ret180_h168_ls590_ss100_tp600__fresh_state_distilled_both_lb168_fast72_z050_ret180_h168_ls590_ss100_tp600__fresh_state_distilled_both_lb168_fast72_z100_ret120_h168_ls590_ss100_tp450__fresh_state_distilled_both_lb168_fast72_z050_ret120_h120_ls590_ss100_tp240,0.17018130491762928,2.4543569581629545,0.06933844905958877,0.01318269372317138,41,0.8424971320733651,0.5340719099258865,1.1212432572512334,0.02897304497293418,0.2135755385320837,diagnostic_not_promoted,0.014589988001455723,0.1898117439072784,0.04492948431810828,0.0889235050644317,3.0,4,"fresh_state_distilled_both_lb168_fast72_z075_ret180_h168_ls590_ss100_tp600,fresh_state_distilled_both_lb168_fast72_z050_ret180_h168_ls590_ss100_tp600,fresh_state_distilled_both_lb168_fast72_z100_ret120_h168_ls590_ss100_tp450,fresh_state_distilled_both_lb168_fast72_z050_ret120_h120_ls590_ss100_tp240",False,0.5695159929391582,3.244322027669234,0.17554237467243855,0.038278383091697954,255,1.728865925981236,1.8882816371815843,0.5694352317218352,3.0,27.022124227626048,4.0,3.244322027669234,0.17554237467243855,0.038278383091697954,1.728865925981236,1.8882816371815843,61.85916841372469,0.05371855661250009,0.1297490359257638,6.499974419683825,9.165445391452254,0.28416487180739736,3.322985240434847,61.85916841372469,0.05371855661250009,0.1297490359257638,55,6.499974419683825,9.165445391452254,0.2667705151932951,0.2292757745293173,39.242254161610305,
True,27.022116787917863,train_val_monthly_return_budget,1.4130200562722746,True,"oos_monthly_return_gte_2pct,oos_return_risk_beats_current_champion,oos_sharpe_high,oos_sortino_high,oos_smart_sortino_high",False,3.0,train_val_monthly_return_budget,fresh_portfolio_train_val_monthly_return_budget_fresh_state_distilled_both_lb168_fast72_z075_ret180_h168_ls590_ss100_tp600__fresh_state_distilled_both_lb168_fast72_z050_ret180_h168_ls590_ss100_tp600__fresh_state_distilled_both_lb168_fast72_z100_ret120_h168_ls590_ss100_tp450__fresh_state_distilled_both_lb168_fast72_z050_ret60_h120_ls590_ss100_tp240,0.17018130491762928,2.4543569581629545,0.06933844905958877,0.01318269372317138,41,0.8424971320733651,0.5340719099258865,1.1212432572512334,0.02897304497293418,0.2135755385320837,diagnostic_not_promoted,0.014589967406335225,0.18981145411711786,0.04492948431810828,0.0889235050644317,3.0,4,"fresh_state_distilled_both_lb168_fast72_z075_ret180_h168_ls590_ss100_tp600,fresh_state_distilled_both_lb168_fast72_z050_ret180_h168_ls590_ss100_tp600,fresh_state_distilled_both_lb168_fast72_z100_ret120_h168_ls590_ss100_tp450,fresh_state_distilled_both_lb168_fast72_z050_ret60_h120_ls590_ss100_tp240",False,0.5695151234246802,3.2443153039306063,0.17554247046663188,0.038278335157689414,255,1.7289168075035986,1.888220445517758,0.5694343623513536,3.0,27.022116787917863,4.0,3.2443153039306063,0.17554247046663188,0.038278335157689414,1.7289168075035986,1.888220445517758,61.85916841372469,0.05371855661250009,0.1297490359257638,6.499974419683825,9.165445391452254,0.28415448842717306,3.322985240434847,61.85916841372469,0.05371855661250009,0.1297490359257638,55,6.499974419683825,9.165445391452254,0.2667705151932951,0.2292757745293173,39.24223242734826,
True,27.00236862081884,train_val_monthly_return_budget,1.413011499100215,True,"oos_monthly_return_gte_2pct,oos_return_risk_beats_current_champion,oos_sharpe_high,oos_sortino_high,oos_smart_sortino_high",False,3.0,train_val_monthly_return_budget,fresh_portfolio_train_val_monthly_return_budget_fresh_state_distilled_both_lb168_fast72_z075_ret180_h168_ls590_ss100_tp600__fresh_state_distilled_both_lb168_fast72_z050_ret120_h168_ls590_ss100_tp600__fresh_state_distilled_both_lb168_fast72_z050_ret60_h120_ls590_ss100_tp240__fresh_state_distilled_both_lb168_fast72_z100_ret180_h168_ls590_ss100_tp450,0.16312519813627557,2.3541551271014654,0.06929245921746974,0.012672163157507521,40,0.8143241178162962,0.4959866257718125,1.082961303483748,0.02784265325032953,0.21352332539682684,diagnostic_not_promoted,0.014590049099842961,0.18981260361184793,0.04480942652035824,0.08868100551877767,3.0,4,"fresh_state_distilled_both_lb168_fast72_z075_ret180_h168_ls590_ss100_tp600,fresh_state_distilled_both_lb168_fast72_z050_ret120_h168_ls590_ss100_tp600,fresh_state_distilled_both_lb168_fast72_z050_ret60_h120_ls590_ss100_tp240,fresh_state_distilled_both_lb168_fast72_z100_ret180_h168_ls590_ss100_tp450",False,0.5695185724800533,3.244342126781335,0.1755420822541501,0.038278525294747956,255,1.7286584578370725,1.8892352792003553,0.5694378108355438,3.0,27.00236862081884,4.0,3.244342126781335,0.1755420822541501,0.038278525294747956,1.7286584578370725,1.8892352792003553,61.54184083281606,0.053746172958789404,0.129414268632833,6.492494287185499,9.139454826464322,0.28420681204117343,3.30763842160282,61.54184083281606,0.053746172958789404,0.129414268632833,55,6.492494287185499,9.139454826464322,0.266043016556333,0.2289817382397702,39.167065938567596,
True,27.00232119214631,train_val_monthly_return_budget,1.413009341834595,True,"oos_monthly_return_gte_2pct,oos_return_risk_beats_current_champion,oos_sharpe_high,oos_sortino_high,oos_smart_sortino_high",False,3.0,train_val_monthly_return_budget,fresh_portfolio_train_val_monthly_return_budget_fresh_state_distilled_both_lb168_fast72_z075_ret180_h168_ls590_ss100_tp600__fresh_state_distilled_both_lb168_fast72_z050_ret120_h168_ls590_ss100_tp600__fresh_state_distilled_both_lb168_fast72_z050_ret120_h120_ls590_ss100_tp240__fresh_state_distilled_both_lb168_fast72_z100_ret180_h168_ls590_ss100_tp450,0.16312519813627557,2.3541551271014654,0.06929245921746974,0.012672163157507521,40,0.8143241178162962,0.4959866257718125,1.082961303483748,0.02784265325032953,0.21352332539682684,diagnostic_not_promoted,0.014590069694945251,0.18981289340200846,0.04480942652035824,0.08868100551877767,3.0,4,"fresh_state_distilled_both_lb168_fast72_z075_ret180_h168_ls590_ss100_tp600,fresh_state_distilled_both_lb168_fast72_z050_ret120_h168_ls590_ss100_tp600,fresh_state_distilled_both_lb168_fast72_z050_ret120_h120_ls590_ss100_tp240,fresh_state_distilled_both_lb168_fast72_z100_ret180_h168_ls590_ss100_tp450",False,0.5695194419945315,3.2443488505417473,0.17554198646037467,0.03827857322865991,255,1.728607699856968,1.8891395629100036,0.5694386802060254,3.0,27.00232119214631,4.0,3.2443488505417473,0.17554198646037467,0.03827857322865991,1.728607699856968,1.8891395629100036,61.54184083281606,0.053746172958789404,0.129414268632833,6.492494287185499,9.139454826464322,0.2842171753068522,3.30763842160282,61.54184083281606,0.053746172958789404,0.129414268632833,55,6.492494287185499,9.139454826464322,0.266043016556333,0.2289817382397702,39.16708767282964,
True,27.00209860180067,train_val_monthly_return_budget,1.4130178989805269,True,"oos_monthly_return_gte_2pct,oos_return_risk_beats_current_champion,oos_sharpe_high,oos_sortino_high,oos_smart_sortino_high",False,3.0,train_val_monthly_return_budget,fresh_portfolio_train_val_monthly_return_budget_fresh_state_distilled_both_lb168_fast72_z075_ret180_h168_ls590_ss100_tp600__fresh_state_distilled_both_lb168_fast72_z050_ret180_h168_ls590_ss100_tp600__fresh_state_distilled_both_lb168_fast72_z050_ret120_h120_ls590_ss100_tp240__fresh_state_distilled_both_lb168_fast72_z100_ret180_h168_ls590_ss100_tp450,0.1637133116103835,2.362642536564913,0.06929245921746974,0.012714823237453654,40,0.8167015198032366,0.4990459569153743,1.0859852912036618,0.02793708334689926,0.21351981501170647,diagnostic_not_promoted,0.014589988001455723,0.1898117439072784,0.04480942652035824,0.08868100551877767,3.0,4,"fresh_state_distilled_both_lb168_fast72_z075_ret180_h168_ls590_ss100_tp600,fresh_state_distilled_both_lb168_fast72_z050_ret180_h168_ls590_ss100_tp600,fresh_state_distilled_both_lb168_fast72_z050_ret120_h120_ls590_ss100_tp240,fresh_state_distilled_both_lb168_fast72_z100_ret180_h168_ls590_ss100_tp450",False,0.5695159929391582,3.244322027669234,0.17554237467243855,0.038278383091697954,255,1.728865925981236,1.8882816371815843,0.5694352317218352,3.0,27.00209860180067,4.0,3.244322027669234,0.17554237467243855,0.038278383091697954,1.728865925981236,1.8882816371815843,61.54184083281606,0.053746172958789404,0.129414268632833,6.492494287185499,9.139454826464322,0.28416487180739736,3.30763842160282,61.54184083281606,0.053746172958789404,0.129414268632833,55,6.492494287185499,9.139454826464322,0.266043016556333,0.2289817382397702,39.16700146072488,
True,27.00209116209248,train_val_monthly_return_budget,1.4130200562722746,True,"oos_monthly_return_gte_2pct,oos_return_risk_beats_current_champion,oos_sharpe_high,oos_sortino_high,oos_smart_sortino_high",False,3.0,train_val_monthly_return_budget,fresh_portfolio_train_val_monthly_return_budget_fresh_state_distilled_both_lb168_fast72_z075_ret180_h168_ls590_ss100_tp600__fresh_state_distilled_both_lb168_fast72_z050_ret180_h168_ls590_ss100_tp600__fresh_state_distilled_both_lb168_fast72_z050_ret60_h120_ls590_ss100_tp240__fresh_state_distilled_both_lb168_fast72_z100_ret180_h168_ls590_ss100_tp450,0.1637133116103835,2.362642536564913,0.06929245921746974,0.012714823237453654,40,0.8167015198032366,0.4990459569153743,1.0859852912036618,0.02793708334689926,0.21351981501170647,diagnostic_not_promoted,0.014589967406335225,0.18981145411711786,0.04480942652035824,0.08868100551877767,3.0,4,"fresh_state_distilled_both_lb168_fast72_z075_ret180_h168_ls590_ss100_tp600,fresh_state_distilled_both_lb168_fast72_z050_ret180_h168_ls590_ss100_tp600,fresh_state_distilled_both_lb168_fast72_z050_ret60_h120_ls590_ss100_tp240,fresh_state_distilled_both_lb168_fast72_z100_ret180_h168_ls590_ss100_tp450",False,0.5695151234246802,3.2443153039306063,0.17554247046663188,0.038278335157689414,255,1.7289168075035986,1.888220445517758,0.5694343623513536,3.0,27.00209116209248,4.0,3.2443153039306063,0.17554247046663188,0.038278335157689414,1.7289168075035986,1.888220445517758,61.54184083281606,0.053746172958789404,0.129414268632833,6.492494287185499,9.139454826464322,0.28415448842717306,3.30763842160282,61.54184083281606,0.053746172958789404,0.129414268632833,55,6.492494287185499,9.139454826464322,0.266043016556333,0.2289817382397702,39.16697972646284,
True,26.974167531983408,train_val_monthly_return_budget,1.3869573989658142,True,"oos_monthly_return_gte_2pct,oos_return_risk_beats_current_champion,oos_sharpe_high,oos_sortino_high,oos_smart_sortino_high",False,3.0,train_val_monthly_return_budget,fresh_portfolio_train_val_monthly_return_budget_fresh_state_distilled_both_lb168_fast72_z075_ret180_h168_ls590_ss100_tp600__fresh_state_distilled_both_lb168_fast72_z050_ret60_h168_ls590_ss100_tp600__fresh_state_distilled_both_lb168_fast72_z050_ret180_h120_ls590_ss100_tp240__fresh_state_distilled_both_lb168_fast72_z100_ret60_h168_ls590_ss100_tp450,0.16959053229867904,2.445836827889453,0.06933844905958877,0.0131400579411598,41,0.8402545251279138,0.5307247656914323,1.117831500379156,0.02887861717080198,0.21353423910597732,diagnostic_not_promoted,0.01484310856560822,0.19337824779454738,0.0454239335872193,0.0899224973023971,3.0,4,"fresh_state_distilled_both_lb168_fast72_z075_ret180_h168_ls590_ss100_tp600,fresh_state_distilled_both_lb168_fast72_z050_ret60_h168_ls590_ss100_tp600,fresh_state_distilled_both_lb168_fast72_z050_ret180_h120_ls590_ss100_tp240,fresh_state_distilled_both_lb168_fast72_z100_ret60_h168_ls590_ss100_tp450",False,0.5802172809476498,3.3054601599832094,0.17553298266060394,0.03886648078191013,255,1.7528738231193468,1.91209463353389,0.5801347433836421,3.0,26.974167531983408,4.0,3.3054601599832094,0.17553298266060394,0.03886648078191013,1.7528738231193468,1.91209463353389,63.30650263928641,0.053496744589135364,0.13112715055360957,6.5375994442195875,8.92618952776408,0.28414667627833445,3.3866918025253288,63.30650263928641,0.053496744589135364,0.13112715055360957,55,6.5375994442195875,8.92618952776408,0.2697674919071913,0.2302277748762993,39.8261739793937,
True,26.951381627943046,train_val_monthly_return_budget,1.398425808556747,True,"oos_monthly_return_gte_2pct,oos_return_risk_beats_current_champion,oos_sharpe_high,oos_sortino_high,oos_smart_sortino_high",False,3.0,train_val_monthly_return_budget,fresh_portfolio_train_val_monthly_return_budget_fresh_state_distilled_both_lb168_fast72_z075_ret180_h168_ls590_ss100_tp600__fresh_state_distilled_both_lb168_fast72_z050_ret60_h168_ls590_ss100_tp600__fresh_state_distilled_both_lb168_fast72_z050_ret180_h120_ls590_ss100_tp240__fresh_state_distilled_both_lb168_fast72_z100_ret120_h168_ls590_ss100_tp450,0.16959051794685331,2.445836620907239,0.06933844905958877,0.013140056905155628,41,0.8401222259611232,0.5309108092410758,1.1182234401277107,0.028878614876363562,0.2135790773392525,diagnostic_not_promoted,0.014730641550137591,0.19179236391131615,0.0454239335872193,0.0899224973023971,3.0,4,"fresh_state_distilled_both_lb168_fast72_z075_ret180_h168_ls590_ss100_tp600,fresh_state_distilled_both_lb168_fast72_z050_ret60_h168_ls590_ss100_tp600,fresh_state_distilled_both_lb168_fast72_z050_ret180_h120_ls590_ss100_tp240,fresh_state_distilled_both_lb168_fast72_z100_ret120_h168_ls590_ss100_tp450",False,0.5754588384017381,3.2783516218965967,0.17553298266060394,0.03860542900858621,255,1.7423612672318691,1.900602170671866,0.5753770917339485,3.0,26.951381627943046,4.0,3.2783516218965967,0.17553298266060394,0.03860542900858621,1.7423612672318691,1.900602170671866,63.30650263928641,0.053496744589135364,0.13112715055360957,6.5375994442195875,8.92618952776408,0.28412688641998046,3.3866918025253288,63.30650263928641,0.053496744589135364,0.13112715055360957,55,6.5375994442195875,8.92618952776408,0.2697674919071913,0.2302277748762993,39.70723268815136,
True,26.951165414475017,train_val_monthly_return_budget,1.3985964083245122,True,"oos_monthly_return_gte_2pct,oos_return_risk_beats_current_champion,oos_sharpe_high,oos_sortino_high,oos_smart_sortino_high",False,3.0,train_val_monthly_return_budget,fresh_portfolio_train_val_monthly_return_budget_fresh_state_distilled_both_lb168_fast72_z075_ret180_h168_ls590_ss100_tp600__fresh_state_distilled_both_lb168_fast72_z050_ret180_h168_ls590_ss100_tp600__fresh_state_distilled_both_lb168_fast72_z050_ret180_h120_ls590_ss100_tp240__fresh_state_distilled_both_lb168_fast72_z100_ret60_h168_ls590_ss100_tp450,0.1701813192753867,2.454357165230716,0.06933844905958877,0.013182694759124258,41,0.8426299378009465,0.5338847052818274,1.1208501472922774,0.028973047267372598,0.21353069865640298,diagnostic_not_promoted,0.014728981429086963,0.19176896921893194,0.0454239335872193,0.0899224973023971,3.0,4,"fresh_state_distilled_both_lb168_fast72_z075_ret180_h168_ls590_ss100_tp600,fresh_state_distilled_both_lb168_fast72_z050_ret180_h168_ls590_ss100_tp600,fresh_state_distilled_both_lb168_fast72_z050_ret180_h120_ls590_ss100_tp240,fresh_state_distilled_both_lb168_fast72_z100_ret60_h168_ls590_ss100_tp450",False,0.5753886426696853,3.277949299873908,0.17553311233087668,0.038601572610505785,255,1.7418875046950115,1.9011543659393264,0.5753069076567958,3.0,26.951165414475017,4.0,3.277949299873908,0.17553311233087668,0.038601572610505785,1.7418875046950115,1.9011543659393264,63.30650263928641,0.053496744589135364,0.13112715055360957,6.5375994442195875,8.92618952776408,0.2841886585832975,3.3866918025253288,63.30650263928641,0.053496744589135364,0.13112715055360957,55,6.5375994442195875,8.92618952776408,0.2697674919071913,0.2302277748762993,39.70547808622254,
True,26.951063591382198,train_val_monthly_return_budget,1.3985880249579499,True,"oos_monthly_return_gte_2pct,oos_return_risk_beats_current_champion,oos_sharpe_high,oos_sortino_high,oos_smart_sortino_high",False,3.0,train_val_monthly_return_budget,fresh_portfolio_train_val_monthly_return_budget_fresh_state_distilled_both_lb168_fast72_z075_ret180_h168_ls590_ss100_tp600__fresh_state_distilled_both_lb168_fast72_z050_ret120_h168_ls590_ss100_tp600__fresh_state_distilled_both_lb168_fast72_z050_ret180_h120_ls590_ss100_tp240__fresh_state_distilled_both_lb168_fast72_z100_ret60_h168_ls590_ss100_tp450,0.16959053229867904,2.445836827889453,0.06933844905958877,0.0131400579411598,41,0.8402545251279138,0.5307247656914323,1.117831500379156,0.02887861717080198,0.21353423910597732,diagnostic_not_promoted,0.014729062999585762,0.191770118713662,0.0454239335872193,0.0899224973023971,3.0,4,"fresh_state_distilled_both_lb168_fast72_z075_ret180_h168_ls590_ss100_tp600,fresh_state_distilled_both_lb168_fast72_z050_ret120_h168_ls590_ss100_tp600,fresh_state_distilled_both_lb168_fast72_z050_ret180_h120_ls590_ss100_tp240,fresh_state_distilled_both_lb168_fast72_z100_ret60_h168_ls590_ss100_tp450",False,0.5753920917265287,3.2779761978340387,0.17553272415666893,0.03860176209773081,255,1.7421400931047186,1.900501633942538,0.575310356140986,3.0,26.951063591382198,4.0,3.2779761978340387,0.17553272415666893,0.03860176209773081,1.7421400931047186,1.900501633942538,63.30650263928641,0.053496744589135364,0.13112715055360957,6.5375994442195875,8.92618952776408,0.2841409122069455,3.3866918025253288,63.30650263928641,0.053496744589135364,0.13112715055360957,55,6.5375994442195875,8.92618952776408,0.2697674919071913,0.2302277748762993,39.705564298327296,
True,26.931370460594994,train_val_monthly_return_budget,1.398425808556747,True,"oos_monthly_return_gte_2pct,oos_return_risk_beats_current_champion,oos_sharpe_high,oos_sortino_high,oos_smart_sortino_high",False,3.0,train_val_monthly_return_budget,fresh_portfolio_train_val_monthly_return_budget_fresh_state_distilled_both_lb168_fast72_z075_ret180_h168_ls590_ss100_tp600__fresh_state_distilled_both_lb168_fast72_z050_ret60_h168_ls590_ss100_tp600__fresh_state_distilled_both_lb168_fast72_z050_ret180_h120_ls590_ss100_tp240__fresh_state_distilled_both_lb168_fast72_z100_ret180_h168_ls590_ss100_tp450,0.16312519813627557,2.3541551271014654,0.06929245921746974,0.012672163157507521,40,0.8143241178162962,0.4959866257718125,1.082961303483748,0.02784265325032953,0.21352332539682684,diagnostic_not_promoted,0.014730641550137591,0.19179236391131615,0.04530392907901848,0.08967999775674307,3.0,4,"fresh_state_distilled_both_lb168_fast72_z075_ret180_h168_ls590_ss100_tp600,fresh_state_distilled_both_lb168_fast72_z050_ret60_h168_ls590_ss100_tp600,fresh_state_distilled_both_lb168_fast72_z050_ret180_h120_ls590_ss100_tp240,fresh_state_distilled_both_lb168_fast72_z100_ret180_h168_ls590_ss100_tp450",False,0.5754588384017381,3.2783516218965967,0.17553298266060394,0.03860542900858621,255,1.7423612672318691,1.900602170671866,0.5753770917339485,3.0,26.931370460594994,4.0,3.2783516218965967,0.17553298266060394,0.03860542900858621,1.7423612672318691,1.900602170671866,62.98371958251821,0.05352423683544568,0.1307927661078887,6.53016959570098,8.900160242031502,0.28412688641998046,3.3711555237120026,62.98371958251821,0.05352423683544568,0.1307927661078887,55,6.53016959570098,8.900160242031502,0.2690399932702292,0.22993607720485496,39.631993734861844,
True,26.92842834176327,train_val_monthly_return_budget,1.4102589150042835,True,"oos_monthly_return_gte_2pct,oos_return_risk_beats_current_champion,oos_sharpe_high,oos_sortino_high,oos_smart_sortino_high",False,3.0,train_val_monthly_return_budget,fresh_portfolio_train_val_monthly_return_budget_fresh_state_distilled_both_lb168_fast72_z075_ret180_h168_ls590_ss100_tp600__fresh_state_distilled_both_lb168_fast72_z050_ret180_h168_ls590_ss100_tp600__fresh_state_distilled_both_lb168_fast72_z050_ret180_h120_ls590_ss100_tp240__fresh_state_distilled_both_lb168_fast72_z100_ret120_h168_ls590_ss100_tp450,0.17018130491762928,2.4543569581629545,0.06933844905958877,0.01318269372317138,41,0.8424971320733651,0.5340719099258865,1.1212432572512334,0.02897304497293418,0.2135755385320837,diagnostic_not_promoted,0.014616375118467584,0.19018308533570072,0.0454239335872193,0.0899224973023971,3.0,4,"fresh_state_distilled_both_lb168_fast72_z075_ret180_h168_ls590_ss100_tp600,fresh_state_distilled_both_lb168_fast72_z050_ret180_h168_ls590_ss100_tp600,fresh_state_distilled_both_lb168_fast72_z050_ret180_h120_ls590_ss100_tp240,fresh_state_distilled_both_lb168_fast72_z100_ret120_h168_ls590_ss100_tp450",False,0.5706302017886749,3.250840791297812,0.17553311233087668,0.03833978645464464,255,1.7312410733983579,1.8900278430172601,0.5705492560071022,3.0,26.92842834176327,4.0,3.250840791297812,0.17553311233087668,0.03833978645464464,1.7312410733983579,1.8900278430172601,63.30650263928641,0.053496744589135364,0.13112715055360957,6.5375994442195875,8.92618952776408,0.2841889116842019,3.3866918025253288,63.30650263928641,0.053496744589135364,0.13112715055360957,55,6.5375994442195875,8.92618952776408,0.2697674919071913,0.2302277748762993,39.5865367949802,
True,26.928327206833362,train_val_monthly_return_budget,1.410250391242089,True,"oos_monthly_return_gte_2pct,oos_return_risk_beats_current_champion,oos_sharpe_high,oos_sortino_high,oos_smart_sortino_high",False,3.0,train_val_monthly_return_budget,fresh_portfolio_train_val_monthly_return_budget_fresh_state_distilled_both_lb168_fast72_z075_ret180_h168_ls590_ss100_tp600__fresh_state_distilled_both_lb168_fast72_z050_ret120_h168_ls590_ss100_tp600__fresh_state_distilled_both_lb168_fast72_z050_ret180_h120_ls590_ss100_tp240__fresh_state_distilled_both_lb168_fast72_z100_ret120_h168_ls590_ss100_tp450,0.16959051794685331,2.445836620907239,0.06933844905958877,0.013140056905155628,41,0.8401222259611232,0.5309108092410758,1.1182234401277107,0.028878614876363562,0.2135790773392525,diagnostic_not_promoted,0.014616456788592469,0.1901842348304308,0.0454239335872193,0.0899224973023971,3.0,4,"fresh_state_distilled_both_lb168_fast72_z075_ret180_h168_ls590_ss100_tp600,fresh_state_distilled_both_lb168_fast72_z050_ret120_h168_ls590_ss100_tp600,fresh_state_distilled_both_lb168_fast72_z050_ret180_h120_ls590_ss100_tp240,fresh_state_distilled_both_lb168_fast72_z100_ret120_h168_ls590_ss100_tp450",False,0.5706336508443275,3.2508676293032264,0.17553272415666893,0.038339976467975045,255,1.731491895756807,1.8893790771937982,0.5705527044912924,3.0,26.928327206833362,4.0,3.2508676293032264,0.17553272415666893,0.038339976467975045,1.731491895756807,1.8893790771937982,63.30650263928641,0.053496744589135364,0.13112715055360957,6.5375994442195875,8.92618952776408,0.2841411653353277,3.3866918025253288,63.30650263928641,0.053496744589135364,0.13112715055360957,55,6.5375994442195875,8.92618952776408,0.2697674919071913,0.2302277748762993,39.58662300708496,
True,26.908417174415227,train_val_monthly_return_budget,1.4102589150042835,True,"oos_monthly_return_gte_2pct,oos_return_risk_beats_current_champion,oos_sharpe_high,oos_sortino_high,oos_smart_sortino_high",False,3.0,train_val_monthly_return_budget,fresh_portfolio_train_val_monthly_return_budget_fresh_state_distilled_both_lb168_fast72_z075_ret180_h168_ls590_ss100_tp600__fresh_state_distilled_both_lb168_fast72_z050_ret180_h168_ls590_ss100_tp600__fresh_state_distilled_both_lb168_fast72_z050_ret180_h120_ls590_ss100_tp240__fresh_state_distilled_both_lb168_fast72_z100_ret180_h168_ls590_ss100_tp450,0.1637133116103835,2.362642536564913,0.06929245921746974,0.012714823237453654,40,0.8167015198032366,0.4990459569153743,1.0859852912036618,0.02793708334689926,0.21351981501170647,diagnostic_not_promoted,0.014616375118467584,0.19018308533570072,0.04530392907901848,0.08967999775674307,3.0,4,"fresh_state_distilled_both_lb168_fast72_z075_ret180_h168_ls590_ss100_tp600,fresh_state_distilled_both_lb168_fast72_z050_ret180_h168_ls590_ss100_tp600,fresh_state_distilled_both_lb168_fast72_z050_ret180_h120_ls590_ss100_tp240,fresh_state_distilled_both_lb168_fast72_z100_ret180_h168_ls590_ss100_tp450",False,0.5706302017886749,3.250840791297812,0.17553311233087668,0.03833978645464464,255,1.7312410733983579,1.8900278430172601,0.5705492560071022,3.0,26.908417174415227,4.0,3.250840791297812,0.17553311233087668,0.03833978645464464,1.7312410733983579,1.8900278430172601,62.98371958251821,0.05352423683544568,0.1307927661078887,6.53016959570098,8.900160242031502,0.2841889116842019,3.3711555237120026,62.98371958251821,0.05352423683544568,0.1307927661078887,55,6.53016959570098,8.900160242031502,0.2690399932702292,0.22993607720485496,39.511297841690684,
True,26.90831603948531,train_val_monthly_return_budget,1.410250391242089,True,"oos_monthly_return_gte_2pct,oos_return_risk_beats_current_champion,oos_sharpe_high,oos_sortino_high,oos_smart_sortino_high",False,3.0,train_val_monthly_return_budget,fresh_portfolio_train_val_monthly_return_budget_fresh_state_distilled_both_lb168_fast72_z075_ret180_h168_ls590_ss100_tp600__fresh_state_distilled_both_lb168_fast72_z050_ret120_h168_ls590_ss100_tp600__fresh_state_distilled_both_lb168_fast72_z050_ret180_h120_ls590_ss100_tp240__fresh_state_distilled_both_lb168_fast72_z100_ret180_h168_ls590_ss100_tp450,0.16312519813627557,2.3541551271014654,0.06929245921746974,0.012672163157507521,40,0.8143241178162962,0.4959866257718125,1.082961303483748,0.02784265325032953,0.21352332539682684,diagnostic_not_promoted,0.014616456788592469,0.1901842348304308,0.04530392907901848,0.08967999775674307,3.0,4,"fresh_state_distilled_both_lb168_fast72_z075_ret180_h168_ls590_ss100_tp600,fresh_state_distilled_both_lb168_fast72_z050_ret120_h168_ls590_ss100_tp600,fresh_state_distilled_both_lb168_fast72_z050_ret180_h120_ls590_ss100_tp240,fresh_state_distilled_both_lb168_fast72_z100_ret180_h168_ls590_ss100_tp450",False,0.5706336508443275,3.2508676293032264,0.17553272415666893,0.038339976467975045,255,1.731491895756807,1.8893790771937982,0.5705527044912924,3.0,26.90831603948531,4.0,3.2508676293032264,0.17553272415666893,0.038339976467975045,1.731491895756807,1.8893790771937982,62.98371958251821,0.05352423683544568,0.1307927661078887,6.53016959570098,8.900160242031502,0.2841411653353277,3.3711555237120026,62.98371958251821,0.05352423683544568,0.1307927661078887,55,6.53016959570098,8.900160242031502,0.2690399932702292,0.22993607720485496,39.51138405379544,
True,26.639465688990345,train_val_monthly_return_budget,1.0831929672189151,True,"oos_monthly_return_gte_2pct,oos_return_risk_beats_current_champion,oos_sharpe_high,oos_sortino_high,oos_smart_sortino_high",False,2.0,train_val_monthly_return_budget,fresh_portfolio_train_val_monthly_return_budget_fresh_state_distilled_both_lb168_fast72_z075_ret180_h168_ls590_ss100_tp600__fresh_state_distilled_both_lb168_fast72_z075_ret60_h168_ls590_ss100_tp600__fresh_state_distilled_both_lb168_fast72_z050_ret180_h120_ls590_ss100_tp240__fresh_state_distilled_both_lb168_fast72_z100_ret60_h168_ls590_ss100_tp450__fresh_state_distilled_both_lb168_fast72_z100_ret120_h168_ls590_ss100_tp450,0.2659413097941421,4.2620447112956645,0.062397587967418525,0.019845688760976365,49,1.3627089472165983,1.3180694933086092,1.7701241156683238,0.043787632770887486,0.1856883865992302,diagnostic_not_promoted,0.018608815911202115,0.24760813603351894,0.052921771914520965,0.10512557625539198,2.0,5,"fresh_state_distilled_both_lb168_fast72_z075_ret180_h168_ls590_ss100_tp600,fresh_state_distilled_both_lb168_fast72_z075_ret60_h168_ls590_ss100_tp600,fresh_state_distilled_both_lb168_fast72_z050_ret180_h120_ls590_ss100_tp240,fresh_state_distilled_both_lb168_fast72_z100_ret60_h168_ls590_ss100_tp450,fresh_state_distilled_both_lb168_fast72_z100_ret120_h168_ls590_ss100_tp450",False,0.4952849438044302,2.8965131748206225,0.1709935062992084,0.03409474230755549,308,1.7167630698205496,1.8503703457035847,0.4952162720670379,2.0,26.639465688990345,5.0,2.8965131748206225,0.1709935062992084,0.03409474230755549,1.7167630698205496,1.8503703457035847,60.03691643258733,0.03762464555121144,0.10345737293240798,6.471054470763102,8.949417327632526,0.2530486950578717,2.2588677007638003,60.03691643258733,0.03762464555121144,0.10345737293240798,67,6.471054470763102,8.949417327632526,0.21025115251078397,0.185221536182691,32.53714302285999,
True,26.622313966518536,train_val_monthly_return_budget,1.0904179671334802,True,"oos_monthly_return_gte_2pct,oos_return_risk_beats_current_champion,oos_sharpe_high,oos_sortino_high,oos_smart_sortino_high",False,2.0,train_val_monthly_return_budget,fresh_portfolio_train_val_monthly_return_budget_fresh_state_distilled_both_lb168_fast72_z075_ret180_h168_ls590_ss100_tp600__fresh_state_distilled_both_lb168_fast72_z075_ret120_h168_ls590_ss100_tp600__fresh_state_distilled_both_lb168_fast72_z050_ret180_h120_ls590_ss100_tp240__fresh_state_distilled_both_lb168_fast72_z100_ret60_h168_ls590_ss100_tp450__fresh_state_distilled_both_lb168_fast72_z100_ret120_h168_ls590_ss100_tp450,0.2659413097941421,4.2620447112956645,0.062397587967418525,0.019845688760976365,49,1.3627089472165983,1.3180694933086092,1.7701241156683238,0.043787632770887486,0.1856883865992302,diagnostic_not_promoted,0.018497111784088194,0.24596750939711942,0.052921771914520965,0.10512557625539198,2.0,5,"fresh_state_distilled_both_lb168_fast72_z075_ret180_h168_ls590_ss100_tp600,fresh_state_distilled_both_lb168_fast72_z075_ret120_h168_ls590_ss100_tp600,fresh_state_distilled_both_lb168_fast72_z050_ret180_h120_ls590_ss100_tp240,fresh_state_distilled_both_lb168_fast72_z100_ret60_h168_ls590_ss100_tp450,fresh_state_distilled_both_lb168_fast72_z100_ret120_h168_ls590_ss100_tp450",False,0.49200316561060253,2.8773207606473896,0.1709935062992084,0.033905420077814385,308,1.7081443132418086,1.8411147486615251,0.49193501879423884,2.0,26.622313966518536,5.0,2.8773207606473896,0.1709935062992084,0.033905420077814385,1.7081443132418086,1.8411147486615251,60.03691643258733,0.03762464555121144,0.10345737293240798,6.471054470763102,8.949417327632526,0.2530374898911997,2.2588677007638003,60.03691643258733,0.03762464555121144,0.10345737293240798,67,6.471054470763102,8.949417327632526,0.21025115251078397,0.185221536182691,32.45511169104002,
True,26.583161608298695,train_val_monthly_return_budget,1.1818888733033033,True,"oos_monthly_return_gte_2pct,oos_return_risk_beats_current_champion,oos_sharpe_high,oos_sortino_high,oos_smart_sortino_high",False,2.0,train_val_monthly_return_budget,fresh_portfolio_train_val_monthly_return_budget_fresh_state_distilled_both_lb168_fast72_z075_ret180_h168_ls590_ss100_tp600__fresh_state_distilled_both_lb168_fast72_z050_ret60_h168_ls590_ss100_tp600__fresh_state_distilled_both_lb168_fast72_z050_ret180_h120_ls590_ss100_tp240__fresh_state_distilled_both_lb168_fast72_z100_ret60_h168_ls590_ss100_tp450__fresh_state_distilled_both_lb168_fast72_z100_ret120_h168_ls590_ss100_tp450,0.18842792999573454,3.056910334737991,0.06163999246379099,0.014489922946270717,50,1.0518380082006793,0.7564563493780994,1.385795356254217,0.03187051474911118,0.17940720998715004,diagnostic_not_promoted,0.017191043552030383,0.22693114186621433,0.052921771914520965,0.10512557625539198,2.0,5,"fresh_state_distilled_both_lb168_fast72_z075_ret180_h168_ls590_ss100_tp600,fresh_state_distilled_both_lb168_fast72_z050_ret60_h168_ls590_ss100_tp600,fresh_state_distilled_both_lb168_fast72_z050_ret180_h120_ls590_ss100_tp240,fresh_state_distilled_both_lb168_fast72_z100_ret60_h168_ls590_ss100_tp450,fresh_state_distilled_both_lb168_fast72_z100_ret120_h168_ls590_ss100_tp450",False,0.4539244005592882,2.7106998150015387,0.16745653577986852,0.03168033410739546,308,1.636269524977043,1.7754169972415272,0.45386228373242865,2.0,26.583161608298695,5.0,2.7106998150015387,0.16745653577986852,0.03168033410739546,1.636269524977043,1.7754169972415272,60.03691643258733,0.03762464555121144,0.10345737293240798,6.471054470763102,8.949417327632526,0.24750774256070773,2.2588677007638003,60.03691643258733,0.03762464555121144,0.10345737293240798,67,6.471054470763102,8.949417327632526,0.21025115251078397,0.185221536182691,31.503293314494766,
True,26.567383953338197,train_val_monthly_return_budget,1.0831929672189151,True,"oos_monthly_return_gte_2pct,oos_return_risk_beats_current_champion,oos_sharpe_high,oos_sortino_high,oos_smart_sortino_high",False,2.0,train_val_monthly_return_budget,fresh_portfolio_train_val_monthly_return_budget_fresh_state_distilled_both_lb168_fast72_z075_ret180_h168_ls590_ss100_tp600__fresh_state_distilled_both_lb168_fast72_z075_ret60_h168_ls590_ss100_tp600__fresh_state_distilled_both_lb168_fast72_z050_ret180_h120_ls590_ss100_tp240__fresh_state_distilled_both_lb168_fast72_z100_ret60_h168_ls590_ss100_tp450__fresh_state_distilled_both_lb168_fast72_z100_ret180_h168_ls590_ss100_tp450,0.2613402609007789,4.190116021029587,0.06237065026103093,0.019536288250957767,48,1.3463831831816213,1.2821139810096838,1.7488550378910224,0.04309716865107194,0.18516306430585405,diagnostic_not_promoted,0.018608815911202115,0.24760813603351894,0.05280256954343998,0.10488307670973795,2.0,5,"fresh_state_distilled_both_lb168_fast72_z075_ret180_h168_ls590_ss100_tp600,fresh_state_distilled_both_lb168_fast72_z075_ret60_h168_ls590_ss100_tp600,fresh_state_distilled_both_lb168_fast72_z050_ret180_h120_ls590_ss100_tp240,fresh_state_distilled_both_lb168_fast72_z100_ret60_h168_ls590_ss100_tp450,fresh_state_distilled_both_lb168_fast72_z100_ret180_h168_ls590_ss100_tp450",False,0.4952849438044302,2.8965131748206225,0.1709935062992084,0.03409474230755549,308,1.7167630698205496,1.8503703457035847,0.4952162720670379,2.0,26.567383953338197,5.0,2.8965131748206225,0.1709935062992084,0.03409474230755549,1.7167630698205496,1.8503703457035847,59.80139348866664,0.03763777025492968,0.10322921817247654,6.474109015363439,8.943099267363245,0.2530486950578717,2.250791109051083,59.80139348866664,0.03763777025492968,0.10322921817247654,67,6.474109015363439,8.943099267363245,0.2097661534194759,0.18473705818708339,32.488445060233325,
True,26.565693295665103,train_val_monthly_return_budget,1.1903240075758272,True,"oos_monthly_return_gte_2pct,oos_return_risk_beats_current_champion,oos_sharpe_high,oos_sortino_high,oos_smart_sortino_high",False,2.0,train_val_monthly_return_budget,fresh_portfolio_train_val_monthly_return_budget_fresh_state_distilled_both_lb168_fast72_z075_ret180_h168_ls590_ss100_tp600__fresh_state_distilled_both_lb168_fast72_z050_ret120_h168_ls590_ss100_tp600__fresh_state_distilled_both_lb168_fast72_z050_ret180_h120_ls590_ss100_tp240__fresh_state_distilled_both_lb168_fast72_z100_ret60_h168_ls590_ss100_tp450__fresh_state_distilled_both_lb168_fast72_z100_ret120_h168_ls590_ss100_tp450,0.18842792999573454,3.056910334737991,0.06163999246379099,0.014489922946270717,50,1.0518380082006793,0.7564563493780994,1.385795356254217,0.03187051474911118,0.17940720998715004,diagnostic_not_promoted,0.017079862031281312,0.22532301278532896,0.052921771914520965,0.10512557625539198,2.0,5,"fresh_state_distilled_both_lb168_fast72_z075_ret180_h168_ls590_ss100_tp600,fresh_state_distilled_both_lb168_fast72_z050_ret120_h168_ls590_ss100_tp600,fresh_state_distilled_both_lb168_fast72_z050_ret180_h120_ls590_ss100_tp240,fresh_state_distilled_both_lb168_fast72_z100_ret60_h168_ls590_ss100_tp450,fresh_state_distilled_both_lb168_fast72_z100_ret120_h168_ls590_ss100_tp450",False,0.4507076381778037,2.69149315034822,0.16745635712262244,0.03148992756908431,308,1.6273550481457855,1.765693531146803,0.4506460255706579,2.0,26.565693295665103,5.0,2.69149315034822,0.16745635712262244,0.03148992756908431,1.6273550481457855,1.765693531146803,60.03691643258733,0.03762464555121144,0.10345737293240798,6.471054470763102,8.949417327632526,0.2475014958779851,2.2588677007638003,60.03691643258733,0.03762464555121144,0.10345737293240798,67,6.471054470763102,8.949417327632526,0.21025115251078397,0.185221536182691,31.4228868604505,
True,26.565621673490792,train_val_monthly_return_budget,1.190330080094285,True,"oos_monthly_return_gte_2pct,oos_return_risk_beats_current_champion,oos_sharpe_high,oos_sortino_high,oos_smart_sortino_high",False,2.0,train_val_monthly_return_budget,fresh_portfolio_train_val_monthly_return_budget_fresh_state_distilled_both_lb168_fast72_z075_ret180_h168_ls590_ss100_tp600__fresh_state_distilled_both_lb168_fast72_z050_ret180_h168_ls590_ss100_tp600__fresh_state_distilled_both_lb168_fast72_z050_ret180_h120_ls590_ss100_tp240__fresh_state_distilled_both_lb168_fast72_z100_ret60_h168_ls590_ss100_tp450__fresh_state_distilled_both_lb168_fast72_z100_ret120_h168_ls590_ss100_tp450,0.18882684117203752,3.06338196395724,0.06163999246379099,0.014518295801402736,50,1.0537177491916583,0.7592222633829987,1.3881442528478316,0.031933452016162045,0.17940535019038753,diagnostic_not_promoted,0.017079782510622366,0.2253218632905989,0.052921771914520965,0.10512557625539198,2.0,5,"fresh_state_distilled_both_lb168_fast72_z075_ret180_h168_ls590_ss100_tp600,fresh_state_distilled_both_lb168_fast72_z050_ret180_h168_ls590_ss100_tp600,fresh_state_distilled_both_lb168_fast72_z050_ret180_h120_ls590_ss100_tp240,fresh_state_distilled_both_lb168_fast72_z100_ret60_h168_ls590_ss100_tp450,fresh_state_distilled_both_lb168_fast72_z100_ret120_h168_ls590_ss100_tp450",False,0.45070533882821695,2.6914751074153265,0.16745662539715542,0.031489791327662164,308,1.6268031539590726,1.7661703944193312,0.4506437265811978,2.0,26.565621673490792,5.0,2.6914751074153265,0.16745662539715542,0.031489791327662164,1.6268031539590726,1.7661703944193312,60.03691643258733,0.03762464555121144,0.10345737293240798,6.471054470763102,8.949417327632526,0.24759937677682323,2.2588677007638003,60.03691643258733,0.03762464555121144,0.10345737293240798,67,6.471054470763102,8.949417327632526,0.21025115251078397,0.185221536182691,31.422829385713992,
True,26.550806387085007,train_val_monthly_return_budget,1.0901753367165032,True,"oos_monthly_return_gte_2pct,oos_return_risk_beats_current_champion,oos_sharpe_high,oos_sortino_high,oos_smart_sortino_high",False,2.0,train_val_monthly_return_budget,fresh_portfolio_train_val_monthly_return_budget_fresh_state_distilled_both_lb168_fast72_z075_ret180_h168_ls590_ss100_tp600__fresh_state_distilled_both_lb168_fast72_z075_ret60_h168_ls590_ss100_tp600__fresh_state_distilled_both_lb168_fast72_z050_ret180_h120_ls590_ss100_tp240__fresh_state_distilled_both_lb168_fast72_z100_ret120_h168_ls590_ss100_tp450__fresh_state_distilled_both_lb168_fast72_z100_ret180_h168_ls590_ss100_tp450,0.2613402507255924,4.190115857888968,0.06237065026103093,0.019536287565577348,48,1.346192381563662,1.282535342968785,1.7494298539250448,0.04309716712183831,0.18519342417812126,diagnostic_not_promoted,0.01850084118702333,0.24602225215028772,0.05280256954343998,0.10488307670973795,2.0,5,"fresh_state_distilled_both_lb168_fast72_z075_ret180_h168_ls590_ss100_tp600,fresh_state_distilled_both_lb168_fast72_z075_ret60_h168_ls590_ss100_tp600,fresh_state_distilled_both_lb168_fast72_z050_ret180_h120_ls590_ss100_tp240,fresh_state_distilled_both_lb168_fast72_z100_ret120_h168_ls590_ss100_tp450,fresh_state_distilled_both_lb168_fast72_z100_ret180_h168_ls590_ss100_tp450",False,0.4921126686186885,2.8779611534345544,0.1709935062992084,0.03391174334105895,308,1.7084333382118881,1.8414266156889132,0.49204450430057545,2.0,26.550806387085007,5.0,2.8779611534345544,0.1709935062992084,0.03391174334105895,1.7084333382118881,1.8414266156889132,59.80139348866664,0.03763777025492968,0.10322921817247654,6.474109015363439,8.943099267363245,0.25303766856979926,2.250791109051083,59.80139348866664,0.03763777025492968,0.10322921817247654,67,6.474109015363439,8.943099267363245,0.2097661534194759,0.18473705818708339,32.40915086607176,
True,26.55023223086639,train_val_monthly_return_budget,1.0904179671334802,True,"oos_monthly_return_gte_2pct,oos_return_risk_beats_current_champion,oos_sharpe_high,oos_sortino_high,oos_smart_sortino_high",False,2.0,train_val_monthly_return_budget,fresh_portfolio_train_val_monthly_return_budget_fresh_state_distilled_both_lb168_fast72_z075_ret180_h168_ls590_ss100_tp600__fresh_state_distilled_both_lb168_fast72_z075_ret120_h168_ls590_ss100_tp600__fresh_state_distilled_both_lb168_fast72_z050_ret180_h120_ls590_ss100_tp240__fresh_state_distilled_both_lb168_fast72_z100_ret60_h168_ls590_ss100_tp450__fresh_state_distilled_both_lb168_fast72_z100_ret180_h168_ls590_ss100_tp450,0.2613402609007789,4.190116021029587,0.06237065026103093,0.019536288250957767,48,1.3463831831816213,1.2821139810096838,1.7488550378910224,0.04309716865107194,0.18516306430585405,diagnostic_not_promoted,0.018497111784088194,0.24596750939711942,0.05280256954343998,0.10488307670973795,2.0,5,"fresh_state_distilled_both_lb168_fast72_z075_ret180_h168_ls590_ss100_tp600,fresh_state_distilled_both_lb168_fast72_z075_ret120_h168_ls590_ss100_tp600,fresh_state_distilled_both_lb168_fast72_z050_ret180_h120_ls590_ss100_tp240,fresh_state_distilled_both_lb168_fast72_z100_ret60_h168_ls590_ss100_tp450,fresh_state_distilled_both_lb168_fast72_z100_ret180_h168_ls590_ss100_tp450",False,0.49200316561060253,2.8773207606473896,0.1709935062992084,0.033905420077814385,308,1.7081443132418086,1.8411147486615251,0.49193501879423884,2.0,26.55023223086639,5.0,2.8773207606473896,0.1709935062992084,0.033905420077814385,1.7081443132418086,1.8411147486615251,59.80139348866664,0.03763777025492968,0.10322921817247654,6.474109015363439,8.943099267363245,0.2530374898911997,2.250791109051083,59.80139348866664,0.03763777025492968,0.10322921817247654,67,6.474109015363439,8.943099267363245,0.2097661534194759,0.18473705818708339,32.40641372841335,
True,26.533728469157868,train_val_monthly_return_budget,1.0974940976585408,True,"oos_monthly_return_gte_2pct,oos_return_risk_beats_current_champion,oos_sharpe_high,oos_sortino_high,oos_smart_sortino_high",False,2.0,train_val_monthly_return_budget,fresh_portfolio_train_val_monthly_return_budget_fresh_state_distilled_both_lb168_fast72_z075_ret180_h168_ls590_ss100_tp600__fresh_state_distilled_both_lb168_fast72_z075_ret120_h168_ls590_ss100_tp600__fresh_state_distilled_both_lb168_fast72_z050_ret180_h120_ls590_ss100_tp240__fresh_state_distilled_both_lb168_fast72_z100_ret120_h168_ls590_ss100_tp450__fresh_state_distilled_both_lb168_fast72_z100_ret180_h168_ls590_ss100_tp450,0.2613402507255924,4.190115857888968,0.06237065026103093,0.019536287565577348,48,1.346192381563662,1.282535342968785,1.7494298539250448,0.04309716712183831,0.18519342417812126,diagnostic_not_promoted,0.01838900665773613,0.2443816255138882,0.05280256954343998,0.10488307670973795,2.0,5,"fresh_state_distilled_both_lb168_fast72_z075_ret180_h168_ls590_ss100_tp600,fresh_state_distilled_both_lb168_fast72_z075_ret120_h168_ls590_ss100_tp600,fresh_state_distilled_both_lb168_fast72_z050_ret180_h120_ls590_ss100_tp240,fresh_state_distilled_both_lb168_fast72_z100_ret120_h168_ls590_ss100_tp450,fresh_state_distilled_both_lb168_fast72_z100_ret180_h168_ls590_ss100_tp450",False,0.48883089122136947,2.858768743919444,0.1709935062992084,0.033722051821102106,308,1.6997302794877196,1.8325151604433314,0.4887632510277764,2.0,26.533728469157868,5.0,2.858768743919444,0.1709935062992084,0.033722051821102106,1.6997302794877196,1.8325151604433314,59.80139348866664,0.03763777025492968,0.10322921817247654,6.474109015363439,8.943099267363245,0.2530378442317721,2.250791109051083,59.80139348866664,0.03763777025492968,0.10322921817247654,67,6.474109015363439,8.943099267363245,0.2097661534194759,0.18473705818708339,32.327119534251786,
True,26.511079872646548,train_val_monthly_return_budget,1.1818888733033033,True,"oos_monthly_return_gte_2pct,oos_return_risk_beats_current_champion,oos_sharpe_high,oos_sortino_high,oos_smart_sortino_high",False,2.0,train_val_monthly_return_budget,fresh_portfolio_train_val_monthly_return_budget_fresh_state_distilled_both_lb168_fast72_z075_ret180_h168_ls590_ss100_tp600__fresh_state_distilled_both_lb168_fast72_z050_ret60_h168_ls590_ss100_tp600__fresh_state_distilled_both_lb168_fast72_z050_ret180_h120_ls590_ss100_tp240__fresh_state_distilled_both_lb168_fast72_z100_ret60_h168_ls590_ss100_tp450__fresh_state_distilled_both_lb168_fast72_z100_ret180_h168_ls590_ss100_tp450,0.18405879361326072,2.987333627382065,0.061613069235443824,0.014178592107922494,49,1.0326930354285777,0.7256416356749413,1.3583394641413384,0.03118005062929563,0.1791158076673372,diagnostic_not_promoted,0.017191043552030383,0.22693114186621433,0.05280256954343998,0.10488307670973795,2.0,5,"fresh_state_distilled_both_lb168_fast72_z075_ret180_h168_ls590_ss100_tp600,fresh_state_distilled_both_lb168_fast72_z050_ret60_h168_ls590_ss100_tp600,fresh_state_distilled_both_lb168_fast72_z050_ret180_h120_ls590_ss100_tp240,fresh_state_distilled_both_lb168_fast72_z100_ret60_h168_ls590_ss100_tp450,fresh_state_distilled_both_lb168_fast72_z100_ret180_h168_ls590_ss100_tp450",False,0.4539244005592882,2.7106998150015387,0.16745653577986852,0.03168033410739546,308,1.636269524977043,1.7754169972415272,0.45386228373242865,2.0,26.511079872646548,5.0,2.7106998150015387,0.16745653577986852,0.03168033410739546,1.636269524977043,1.7754169972415272,59.80139348866664,0.03763777025492968,0.10322921817247654,6.474109015363439,8.943099267363245,0.24750774256070773,2.250791109051083,59.80139348866664,0.03763777025492968,0.10322921817247654,67,6.474109015363439,8.943099267363245,0.2097661534194759,0.18473705818708339,31.454595351868097,
True,26.503275908558894,train_val_monthly_return_budget,1.4635992076051187,True,"oos_monthly_return_gte_2pct,oos_return_risk_beats_current_champion,oos_sharpe_high,oos_sortino_high,oos_smart_sortino_high",False,3.0,train_val_monthly_return_budget,fresh_portfolio_train_val_monthly_return_budget_fresh_state_distilled_both_lb168_fast72_z075_ret60_h168_ls590_ss100_tp600__fresh_state_distilled_both_lb168_fast72_z050_ret60_h168_ls590_ss100_tp600__fresh_state_distilled_both_lb168_fast72_z100_ret60_h168_ls590_ss100_tp450__fresh_state_distilled_both_lb168_fast72_z050_ret120_h120_ls590_ss100_tp240,0.16135387331477102,2.3137348247391007,0.06973740965884691,0.01254355672380747,41,0.8036207693215967,0.4844186844594317,1.0711852518433476,0.0275580052757447,0.21481369058934538,diagnostic_not_promoted,0.014122606478369049,0.1832519382246447,0.04492948431810828,0.0889235050644317,3.0,4,"fresh_state_distilled_both_lb168_fast72_z075_ret60_h168_ls590_ss100_tp600,fresh_state_distilled_both_lb168_fast72_z050_ret60_h168_ls590_ss100_tp600,fresh_state_distilled_both_lb168_fast72_z100_ret60_h168_ls590_ss100_tp450,fresh_state_distilled_both_lb168_fast72_z050_ret120_h120_ls590_ss100_tp240",False,0.5498333304795082,2.949654951018312,0.1864059829403737,0.037187043744841164,255,1.6757508436688318,1.8304367677693256,0.5497558146739341,3.0,26.503275908558894,4.0,2.949654951018312,0.1864059829403737,0.037187043744841164,1.6757508436688318,1.8304367677693256,61.85916841372469,0.05371855661250009,0.1297490359257638,6.499974419683825,9.165445391452254,0.28594543202722433,3.322985240434847,61.85916841372469,0.05371855661250009,0.1297490359257638,55,6.499974419683825,9.165445391452254,0.2667705151932951,0.2292757745293173,38.750268735412774,
True,26.503203587325018,train_val_monthly_return_budget,1.4636015221089878,True,"oos_monthly_return_gte_2pct,oos_return_risk_beats_current_champion,oos_sharpe_high,oos_sortino_high,oos_smart_sortino_high",False,3.0,train_val_monthly_return_budget,fresh_portfolio_train_val_monthly_return_budget_fresh_state_distilled_both_lb168_fast72_z075_ret60_h168_ls590_ss100_tp600__fresh_state_distilled_both_lb168_fast72_z050_ret60_h168_ls590_ss100_tp600__fresh_state_distilled_both_lb168_fast72_z100_ret60_h168_ls590_ss100_tp450__fresh_state_distilled_both_lb168_fast72_z050_ret60_h120_ls590_ss100_tp240,0.16135387331477102,2.3137348247391007,0.06973740965884691,0.01254355672380747,41,0.8036207693215967,0.4844186844594317,1.0711852518433476,0.0275580052757447,0.21481369058934538,diagnostic_not_promoted,0.014122585778611363,0.18325164843448416,0.04492948431810828,0.0889235050644317,3.0,4,"fresh_state_distilled_both_lb168_fast72_z075_ret60_h168_ls590_ss100_tp600,fresh_state_distilled_both_lb168_fast72_z050_ret60_h168_ls590_ss100_tp600,fresh_state_distilled_both_lb168_fast72_z100_ret60_h168_ls590_ss100_tp450,fresh_state_distilled_both_lb168_fast72_z050_ret60_h120_ls590_ss100_tp240",False,0.5498324609662828,2.9496415456736864,0.18640653532044799,0.03718699525317071,255,1.6757569401460182,1.8302909156414264,0.5497549453034525,3.0,26.503203587325018,4.0,2.9496415456736864,0.18640653532044799,0.03718699525317071,1.6757569401460182,1.8302909156414264,61.85916841372469,0.05371855661250009,0.1297490359257638,6.499974419683825,9.165445391452254,0.2859437749638327,3.322985240434847,61.85916841372469,0.05371855661250009,0.1297490359257638,55,6.499974419683825,9.165445391452254,0.2667705151932951,0.2292757745293173,38.75024700115074,
True,26.493896857749363,train_val_monthly_return_budget,1.1902065034709794,True,"oos_monthly_return_gte_2pct,oos_return_risk_beats_current_champion,oos_sharpe_high,oos_sortino_high,oos_smart_sortino_high",False,2.0,train_val_monthly_return_budget,fresh_portfolio_train_val_monthly_return_budget_fresh_state_distilled_both_lb168_fast72_z075_ret180_h168_ls590_ss100_tp600__fresh_state_distilled_both_lb168_fast72_z050_ret60_h168_ls590_ss100_tp600__fresh_state_distilled_both_lb168_fast72_z050_ret180_h120_ls590_ss100_tp240__fresh_state_distilled_both_lb168_fast72_z100_ret120_h168_ls590_ss100_tp450__fresh_state_distilled_both_lb168_fast72_z100_ret180_h168_ls590_ss100_tp450,0.18405878395111364,2.9873334705622994,0.061613069235443824,0.01417859141826483,49,1.0325397378727283,0.7258739737721639,1.358774447402982,0.031180049100062,0.179147884209235,diagnostic_not_promoted,0.017081400913758316,0.2253452579829831,0.05280256954343998,0.10488307670973795,2.0,5,"fresh_state_distilled_both_lb168_fast72_z075_ret180_h168_ls590_ss100_tp600,fresh_state_distilled_both_lb168_fast72_z050_ret60_h168_ls590_ss100_tp600,fresh_state_distilled_both_lb168_fast72_z050_ret180_h120_ls590_ss100_tp240,fresh_state_distilled_both_lb168_fast72_z100_ret120_h168_ls590_ss100_tp450,fresh_state_distilled_both_lb168_fast72_z100_ret180_h168_ls590_ss100_tp450",False,0.45075213554241733,2.6917560036889667,0.16745653577986852,0.031492564094927955,308,1.627509472853875,1.7659361933871298,0.4506905159659662,2.0,26.493896857749363,5.0,2.6917560036889667,0.16745653577986852,0.031492564094927955,1.627509472853875,1.7659361933871298,59.80139348866664,0.03763777025492968,0.10322921817247654,6.474109015363439,8.943099267363245,0.247496028529546,2.250791109051083,59.80139348866664,0.03763777025492968,0.10322921817247654,67,6.474109015363439,8.943099267363245,0.2097661534194759,0.18473705818708339,31.37530115770654,
True,26.493611560012955,train_val_monthly_return_budget,1.1903240075758272,True,"oos_monthly_return_gte_2pct,oos_return_risk_beats_current_champion,oos_sharpe_high,oos_sortino_high,oos_smart_sortino_high",False,2.0,train_val_monthly_return_budget,fresh_portfolio_train_val_monthly_return_budget_fresh_state_distilled_both_lb168_fast72_z075_ret180_h168_ls590_ss100_tp600__fresh_state_distilled_both_lb168_fast72_z050_ret120_h168_ls590_ss100_tp600__fresh_state_distilled_both_lb168_fast72_z050_ret180_h120_ls590_ss100_tp240__fresh_state_distilled_both_lb168_fast72_z100_ret60_h168_ls590_ss100_tp450__fresh_state_distilled_both_lb168_fast72_z100_ret180_h168_ls590_ss100_tp450,0.18405879361326072,2.987333627382065,0.061613069235443824,0.014178592107922494,49,1.0326930354285777,0.7256416356749413,1.3583394641413384,0.03118005062929563,0.1791158076673372,diagnostic_not_promoted,0.017079862031281312,0.22532301278532896,0.05280256954343998,0.10488307670973795,2.0,5,"fresh_state_distilled_both_lb168_fast72_z075_ret180_h168_ls590_ss100_tp600,fresh_state_distilled_both_lb168_fast72_z050_ret120_h168_ls590_ss100_tp600,fresh_state_distilled_both_lb168_fast72_z050_ret180_h120_ls590_ss100_tp240,fresh_state_distilled_both_lb168_fast72_z100_ret60_h168_ls590_ss100_tp450,fresh_state_distilled_both_lb168_fast72_z100_ret180_h168_ls590_ss100_tp450",False,0.4507076381778037,2.69149315034822,0.16745635712262244,0.03148992756908431,308,1.6273550481457855,1.765693531146803,0.4506460255706579,2.0,26.493611560012955,5.0,2.69149315034822,0.16745635712262244,0.03148992756908431,1.6273550481457855,1.765693531146803,59.80139348866664,0.03763777025492968,0.10322921817247654,6.474109015363439,8.943099267363245,0.2475014958779851,2.250791109051083,59.80139348866664,0.03763777025492968,0.10322921817247654,67,6.474109015363439,8.943099267363245,0.2097661534194759,0.18473705818708339,31.37418889782383,
True,26.493539937838644,train_val_monthly_return_budget,1.190330080094285,True,"oos_monthly_return_gte_2pct,oos_return_risk_beats_current_champion,oos_sharpe_high,oos_sortino_high,oos_smart_sortino_high",False,2.0,train_val_monthly_return_budget,fresh_portfolio_train_val_monthly_return_budget_fresh_state_distilled_both_lb168_fast72_z075_ret180_h168_ls590_ss100_tp600__fresh_state_distilled_both_lb168_fast72_z050_ret180_h168_ls590_ss100_tp600__fresh_state_distilled_both_lb168_fast72_z050_ret180_h120_ls590_ss100_tp240__fresh_state_distilled_both_lb168_fast72_z100_ret60_h168_ls590_ss100_tp450__fresh_state_distilled_both_lb168_fast72_z100_ret180_h168_ls590_ss100_tp450,0.1844565043926094,2.9937886016965067,0.061613069235443824,0.014206975247810005,49,1.0345767615051518,0.7283524922941181,1.3606900862315083,0.03124298789634694,0.17911397536789722,diagnostic_not_promoted,0.017079782510622366,0.2253218632905989,0.05280256954343998,0.10488307670973795,2.0,5,"fresh_state_distilled_both_lb168_fast72_z075_ret180_h168_ls590_ss100_tp600,fresh_state_distilled_both_lb168_fast72_z050_ret180_h168_ls590_ss100_tp600,fresh_state_distilled_both_lb168_fast72_z050_ret180_h120_ls590_ss100_tp240,fresh_state_distilled_both_lb168_fast72_z100_ret60_h168_ls590_ss100_tp450,fresh_state_distilled_both_lb168_fast72_z100_ret180_h168_ls590_ss100_tp450",False,0.45070533882821695,2.6914751074153265,0.16745662539715542,0.031489791327662164,308,1.6268031539590726,1.7661703944193312,0.4506437265811978,2.0,26.493539937838644,5.0,2.6914751074153265,0.16745662539715542,0.031489791327662164,1.6268031539590726,1.7661703944193312,59.80139348866664,0.03763777025492968,0.10322921817247654,6.474109015363439,8.943099267363245,0.24759937677682323,2.250791109051083,59.80139348866664,0.03763777025492968,0.10322921817247654,67,6.474109015363439,8.943099267363245,0.2097661534194759,0.18473705818708339,31.37413142308733,
True,26.480502542435996,train_val_monthly_return_budget,1.4763759390823654,True,"oos_monthly_return_gte_2pct,oos_return_risk_beats_current_champion,oos_sharpe_high,oos_sortino_high,oos_smart_sortino_high",False,3.0,train_val_monthly_return_budget,fresh_portfolio_train_val_monthly_return_budget_fresh_state_distilled_both_lb168_fast72_z075_ret60_h168_ls590_ss100_tp600__fresh_state_distilled_both_lb168_fast72_z050_ret60_h168_ls590_ss100_tp600__fresh_state_distilled_both_lb168_fast72_z100_ret120_h168_ls590_ss100_tp450__fresh_state_distilled_both_lb168_fast72_z050_ret120_h120_ls590_ss100_tp240,0.16135385904570088,2.3137346201276845,0.06973740965884691,0.01254355568708232,41,0.8034976214811471,0.48458891605578663,1.07156177009834,0.027558002981306284,0.2148583632075053,diagnostic_not_promoted,0.014009256905821443,0.18166605434141347,0.04492948431810828,0.0889235050644317,3.0,4,"fresh_state_distilled_both_lb168_fast72_z075_ret60_h168_ls590_ss100_tp600,fresh_state_distilled_both_lb168_fast72_z050_ret60_h168_ls590_ss100_tp600,fresh_state_distilled_both_lb168_fast72_z100_ret120_h168_ls590_ss100_tp450,fresh_state_distilled_both_lb168_fast72_z050_ret120_h120_ls590_ss100_tp240",False,0.5450748984958793,2.9241277017928886,0.1864059829403737,0.036921297814679566,255,1.6651978509362377,1.8185921631147084,0.5449981630242404,3.0,26.480502542435996,4.0,2.9241277017928886,0.1864059829403737,0.036921297814679566,1.6651978509362377,1.8185921631147084,61.85916841372469,0.05371855661250009,0.1297490359257638,6.499974419683825,9.165445391452254,0.2859036918019157,3.322985240434847,61.85916841372469,0.05371855661250009,0.1297490359257638,55,6.499974419683825,9.165445391452254,0.2667705151932951,0.2292757745293173,38.63132744417044,
True,26.48043050532938,train_val_monthly_return_budget,1.4763782941723378,True,"oos_monthly_return_gte_2pct,oos_return_risk_beats_current_champion,oos_sharpe_high,oos_sortino_high,oos_smart_sortino_high",False,3.0,train_val_monthly_return_budget,fresh_portfolio_train_val_monthly_return_budget_fresh_state_distilled_both_lb168_fast72_z075_ret60_h168_ls590_ss100_tp600__fresh_state_distilled_both_lb168_fast72_z050_ret60_h168_ls590_ss100_tp600__fresh_state_distilled_both_lb168_fast72_z100_ret120_h168_ls590_ss100_tp450__fresh_state_distilled_both_lb168_fast72_z050_ret60_h120_ls590_ss100_tp240,0.16135385904570088,2.3137346201276845,0.06973740965884691,0.01254355568708232,41,0.8034976214811471,0.48458891605578663,1.07156177009834,0.027558002981306284,0.2148583632075053,diagnostic_not_promoted,0.014009236180599904,0.18166576455125294,0.04492948431810828,0.0889235050644317,3.0,4,"fresh_state_distilled_both_lb168_fast72_z075_ret60_h168_ls590_ss100_tp600,fresh_state_distilled_both_lb168_fast72_z050_ret60_h168_ls590_ss100_tp600,fresh_state_distilled_both_lb168_fast72_z100_ret120_h168_ls590_ss100_tp450,fresh_state_distilled_both_lb168_fast72_z050_ret60_h120_ls590_ss100_tp240",False,0.5450740289829592,2.924114372095016,0.18640653532044799,0.03692124918614703,255,1.6652038827376288,1.8184471671536748,0.5449972936537588,3.0,26.48043050532938,4.0,2.924114372095016,0.18640653532044799,0.03692124918614703,1.6652038827376288,1.8184471671536748,61.85916841372469,0.05371855661250009,0.1297490359257638,6.499974419683825,9.165445391452254,0.28590203444871093,3.322985240434847,61.85916841372469,0.05371855661250009,0.1297490359257638,55,6.499974419683825,9.165445391452254,0.2667705151932951,0.2292757745293173,38.631305709908396,
True,26.480212862561725,train_val_monthly_return_budget,1.4765591006612386,True,"oos_monthly_return_gte_2pct,oos_return_risk_beats_current_champion,oos_sharpe_high,oos_sortino_high,oos_smart_sortino_high",False,3.0,train_val_monthly_return_budget,fresh_portfolio_train_val_monthly_return_budget_fresh_state_distilled_both_lb168_fast72_z075_ret60_h168_ls590_ss100_tp600__fresh_state_distilled_both_lb168_fast72_z050_ret120_h168_ls590_ss100_tp600__fresh_state_distilled_both_lb168_fast72_z100_ret60_h168_ls590_ss100_tp450__fresh_state_distilled_both_lb168_fast72_z050_ret60_h120_ls590_ss100_tp240,0.16135387331477102,2.3137348247391007,0.06973740965884691,0.01254355672380747,41,0.8036207693215967,0.4844186844594317,1.0711852518433476,0.0275580052757447,0.21481369058934538,diagnostic_not_promoted,0.014007645233983013,0.1816435193535988,0.04492948431810828,0.0889235050644317,3.0,4,"fresh_state_distilled_both_lb168_fast72_z075_ret60_h168_ls590_ss100_tp600,fresh_state_distilled_both_lb168_fast72_z050_ret120_h168_ls590_ss100_tp600,fresh_state_distilled_both_lb168_fast72_z100_ret60_h168_ls590_ss100_tp450,fresh_state_distilled_both_lb168_fast72_z050_ret60_h120_ls590_ss100_tp240",False,0.5450072824561405,2.9237791558908475,0.18640507828987582,0.036917516233277325,255,1.665052242058201,1.818417778654703,0.5449305580607964,3.0,26.480212862561725,4.0,2.9237791558908475,0.18640507828987582,0.036917516233277325,1.665052242058201,1.818417778654703,61.85916841372469,0.05371855661250009,0.1297490359257638,6.499974419683825,9.165445391452254,0.2859021447851764,3.322985240434847,61.85916841372469,0.05371855661250009,0.1297490359257638,55,6.499974419683825,9.165445391452254,0.2667705151932951,0.2292757745293173,38.629637320084335,
True,26.48019542861293,train_val_monthly_return_budget,1.4765567449943948,True,"oos_monthly_return_gte_2pct,oos_return_risk_beats_current_champion,oos_sharpe_high,oos_sortino_high,oos_smart_sortino_high",False,3.0,train_val_monthly_return_budget,fresh_portfolio_train_val_monthly_return_budget_fresh_state_distilled_both_lb168_fast72_z075_ret60_h168_ls590_ss100_tp600__fresh_state_distilled_both_lb168_fast72_z050_ret120_h168_ls590_ss100_tp600__fresh_state_distilled_both_lb168_fast72_z100_ret60_h168_ls590_ss100_tp450__fresh_state_distilled_both_lb168_fast72_z050_ret120_h120_ls590_ss100_tp240,0.16135387331477102,2.3137348247391007,0.06973740965884691,0.01254355672380747,41,0.8036207693215967,0.4844186844594317,1.0711852518433476,0.0275580052757447,0.21481369058934538,diagnostic_not_promoted,0.014007665959562043,0.18164380914375933,0.04492948431810828,0.0889235050644317,3.0,4,"fresh_state_distilled_both_lb168_fast72_z075_ret60_h168_ls590_ss100_tp600,fresh_state_distilled_both_lb168_fast72_z050_ret120_h168_ls590_ss100_tp600,fresh_state_distilled_both_lb168_fast72_z100_ret60_h168_ls590_ss100_tp450,fresh_state_distilled_both_lb168_fast72_z050_ret120_h120_ls590_ss100_tp240",False,0.5450081519690562,2.9237924846995282,0.18640452590980153,0.03691756486373521,255,1.6650338736522203,1.8183212423210995,0.544931427431278,3.0,26.48019542861293,4.0,2.9237924846995282,0.18640452590980153,0.03691756486373521,1.6650338736522203,1.8183212423210995,61.85916841372469,0.05371855661250009,0.1297490359257638,6.499974419683825,9.165445391452254,0.2859063598222095,3.322985240434847,61.85916841372469,0.05371855661250009,0.1297490359257638,55,6.499974419683825,9.165445391452254,0.2667705151932951,0.2292757745293173,38.62965905434638,
True,26.480037350521307,train_val_monthly_return_budget,1.4765660891330477,True,"oos_monthly_return_gte_2pct,oos_return_risk_beats_current_champion,oos_sharpe_high,oos_sortino_high,oos_smart_sortino_high",False,3.0,train_val_monthly_return_budget,fresh_portfolio_train_val_monthly_return_budget_fresh_state_distilled_both_lb168_fast72_z075_ret60_h168_ls590_ss100_tp600__fresh_state_distilled_both_lb168_fast72_z050_ret180_h168_ls590_ss100_tp600__fresh_state_distilled_both_lb168_fast72_z100_ret60_h168_ls590_ss100_tp450__fresh_state_distilled_both_lb168_fast72_z050_ret120_h120_ls590_ss100_tp240,0.16194125385136227,2.322157571432227,0.06973740965884691,0.012586223201692448,41,0.805989256563335,0.4874447637530092,1.074222827762358,0.027652435372314876,0.21480839583536238,diagnostic_not_promoted,0.014007583748517405,0.18164265964902926,0.04492948431810828,0.0889235050644317,3.0,4,"fresh_state_distilled_both_lb168_fast72_z075_ret60_h168_ls590_ss100_tp600,fresh_state_distilled_both_lb168_fast72_z050_ret180_h168_ls590_ss100_tp600,fresh_state_distilled_both_lb168_fast72_z100_ret60_h168_ls590_ss100_tp450,fresh_state_distilled_both_lb168_fast72_z050_ret120_h120_ls590_ss100_tp240",False,0.5450047029198803,2.923739663746979,0.18640671386638383,0.03691737196381806,255,1.6651109165236653,1.8180498106862153,0.5449279789470878,3.0,26.480037350521307,4.0,2.923739663746979,0.18640671386638383,0.03691737196381806,1.6651109165236653,1.8180498106862153,61.85916841372469,0.05371855661250009,0.1297490359257638,6.499974419683825,9.165445391452254,0.2858887706861325,3.322985240434847,61.85916841372469,0.05371855661250009,0.1297490359257638,55,6.499974419683825,9.165445391452254,0.2667705151932951,0.2292757745293173,38.62957284224162,
True,26.480002946361502,train_val_monthly_return_budget,1.4765684448297076,True,"oos_monthly_return_gte_2pct,oos_return_risk_beats_current_champion,oos_sharpe_high,oos_sortino_high,oos_smart_sortino_high",False,3.0,train_val_monthly_return_budget,fresh_portfolio_train_val_monthly_return_budget_fresh_state_distilled_both_lb168_fast72_z075_ret60_h168_ls590_ss100_tp600__fresh_state_distilled_both_lb168_fast72_z050_ret180_h168_ls590_ss100_tp600__fresh_state_distilled_both_lb168_fast72_z100_ret60_h168_ls590_ss100_tp450__fresh_state_distilled_both_lb168_fast72_z050_ret60_h120_ls590_ss100_tp240,0.16194125385136227,2.322157571432227,0.06973740965884691,0.012586223201692448,41,0.805989256563335,0.4874447637530092,1.074222827762358,0.027652435372314876,0.21480839583536238,diagnostic_not_promoted,0.014007563022919944,0.18164236985886872,0.04492948431810828,0.0889235050644317,3.0,4,"fresh_state_distilled_both_lb168_fast72_z075_ret60_h168_ls590_ss100_tp600,fresh_state_distilled_both_lb168_fast72_z050_ret180_h168_ls590_ss100_tp600,fresh_state_distilled_both_lb168_fast72_z100_ret60_h168_ls590_ss100_tp450,fresh_state_distilled_both_lb168_fast72_z050_ret60_h120_ls590_ss100_tp240",False,0.5450038334069649,2.923726335251269,0.18640726624645823,0.0369173233332607,255,1.665129567353012,1.8179979151996566,0.5449271095766062,3.0,26.480002946361502,4.0,2.923726335251269,0.18640726624645823,0.0369173233332607,1.665129567353012,1.8179979151996566,61.85916841372469,0.05371855661250009,0.1297490359257638,6.499974419683825,9.165445391452254,0.28588449776104957,3.322985240434847,61.85916841372469,0.05371855661250009,0.1297490359257638,55,6.499974419683825,9.165445391452254,0.2667705151932951,0.2292757745293173,38.62955110797958,
True,26.479714503904315,train_val_monthly_return_budget,1.4768209602812643,True,"oos_monthly_return_gte_2pct,oos_return_risk_beats_current_champion,oos_sharpe_high,oos_sortino_high,oos_smart_sortino_high",False,3.0,train_val_monthly_return_budget,fresh_portfolio_train_val_monthly_return_budget_fresh_state_distilled_both_lb168_fast72_z075_ret120_h168_ls590_ss100_tp600__fresh_state_distilled_both_lb168_fast72_z050_ret60_h168_ls590_ss100_tp600__fresh_state_distilled_both_lb168_fast72_z100_ret60_h168_ls590_ss100_tp450__fresh_state_distilled_both_lb168_fast72_z050_ret120_h120_ls590_ss100_tp240,0.16135387331477102,2.3137348247391007,0.06973740965884691,0.01254355672380747,41,0.8036207693215967,0.4844186844594317,1.0711852518433476,0.0275580052757447,0.21481369058934538,diagnostic_not_promoted,0.014005341729272036,0.18161131158824517,0.04492948431810828,0.0889235050644317,3.0,4,"fresh_state_distilled_both_lb168_fast72_z075_ret120_h168_ls590_ss100_tp600,fresh_state_distilled_both_lb168_fast72_z050_ret60_h168_ls590_ss100_tp600,fresh_state_distilled_both_lb168_fast72_z100_ret60_h168_ls590_ss100_tp450,fresh_state_distilled_both_lb168_fast72_z050_ret120_h120_ls590_ss100_tp240",False,0.5449106433300512,2.9232465328344834,0.1864059829403737,0.03691211120613924,255,1.6648311194357057,1.818181932140773,0.5448339347647355,3.0,26.479714503904315,4.0,2.9232465328344834,0.1864059829403737,0.03691211120613924,1.6648311194357057,1.818181932140773,61.85916841372469,0.05371855661250009,0.1297490359257638,6.499974419683825,9.165445391452254,0.2859026258224334,3.322985240434847,61.85916841372469,0.05371855661250009,0.1297490359257638,55,6.499974419683825,9.165445391452254,0.2667705151932951,0.2292757745293173,38.62722173768282,
True,26.479642476595444,train_val_monthly_return_budget,1.4768233167912324,True,"oos_monthly_return_gte_2pct,oos_return_risk_beats_current_champion,oos_sharpe_high,oos_sortino_high,oos_smart_sortino_high",False,3.0,train_val_monthly_return_budget,fresh_portfolio_train_val_monthly_return_budget_fresh_state_distilled_both_lb168_fast72_z075_ret120_h168_ls590_ss100_tp600__fresh_state_distilled_both_lb168_fast72_z050_ret60_h168_ls590_ss100_tp600__fresh_state_distilled_both_lb168_fast72_z100_ret60_h168_ls590_ss100_tp450__fresh_state_distilled_both_lb168_fast72_z050_ret60_h120_ls590_ss100_tp240,0.16135387331477102,2.3137348247391007,0.06973740965884691,0.01254355672380747,41,0.8036207693215967,0.4844186844594317,1.0711852518433476,0.0275580052757447,0.21481369058934538,diagnostic_not_promoted,0.014005321003170534,0.18161102179808464,0.04492948431810828,0.0889235050644317,3.0,4,"fresh_state_distilled_both_lb168_fast72_z075_ret120_h168_ls590_ss100_tp600,fresh_state_distilled_both_lb168_fast72_z050_ret60_h168_ls590_ss100_tp600,fresh_state_distilled_both_lb168_fast72_z100_ret60_h168_ls590_ss100_tp450,fresh_state_distilled_both_lb168_fast72_z050_ret60_h120_ls590_ss100_tp240",False,0.5449097738171418,2.9232332057478434,0.18640653532044799,0.036912062572868054,255,1.664837148966381,1.8180369657501314,0.5448330653942539,3.0,26.479642476595444,4.0,2.9232332057478434,0.18640653532044799,0.036912062572868054,1.664837148966381,1.8180369657501314,61.85916841372469,0.05371855661250009,0.1297490359257638,6.499974419683825,9.165445391452254,0.28590096846181445,3.322985240434847,61.85916841372469,0.05371855661250009,0.1297490359257638,55,6.499974419683825,9.165445391452254,0.2667705151932951,0.2292757745293173,38.627200003420775,
True,26.47649615426965,train_val_monthly_return_budget,1.198761210952401,True,"oos_monthly_return_gte_2pct,oos_return_risk_beats_current_champion,oos_sharpe_high,oos_sortino_high,oos_smart_sortino_high",False,2.0,train_val_monthly_return_budget,fresh_portfolio_train_val_monthly_return_budget_fresh_state_distilled_both_lb168_fast72_z075_ret180_h168_ls590_ss100_tp600__fresh_state_distilled_both_lb168_fast72_z050_ret120_h168_ls590_ss100_tp600__fresh_state_distilled_both_lb168_fast72_z050_ret180_h120_ls590_ss100_tp240__fresh_state_distilled_both_lb168_fast72_z100_ret120_h168_ls590_ss100_tp450__fresh_state_distilled_both_lb168_fast72_z100_ret180_h168_ls590_ss100_tp450,0.18405878395111364,2.9873334705622994,0.061613069235443824,0.01417859141826483,49,1.0325397378727283,0.7258739737721639,1.358774447402982,0.031180049100062,0.179147884209235,diagnostic_not_promoted,0.01697008741115691,0.22373712890209774,0.05280256954343998,0.10488307670973795,2.0,5,"fresh_state_distilled_both_lb168_fast72_z075_ret180_h168_ls590_ss100_tp600,fresh_state_distilled_both_lb168_fast72_z050_ret120_h168_ls590_ss100_tp600,fresh_state_distilled_both_lb168_fast72_z050_ret180_h120_ls590_ss100_tp240,fresh_state_distilled_both_lb168_fast72_z100_ret120_h168_ls590_ss100_tp450,fresh_state_distilled_both_lb168_fast72_z100_ret180_h168_ls590_ss100_tp450",False,0.4475353739639003,2.6725493236198004,0.16745635712262244,0.031301775561465295,308,1.618507930159366,1.756543608471417,0.4474742578041955,2.0,26.47649615426965,5.0,2.6725493236198004,0.16745635712262244,0.031301775561465295,1.618507930159366,1.756543608471417,59.80139348866664,0.03763777025492968,0.10322921817247654,6.474109015363439,8.943099267363245,0.2475018450078053,2.250791109051083,59.80139348866664,0.03763777025492968,0.10322921817247654,67,6.474109015363439,8.943099267363245,0.2097661534194759,0.18473705818708339,31.29489470366227,
True,26.476425079237,train_val_monthly_return_budget,1.1987673698621046,True,"oos_monthly_return_gte_2pct,oos_return_risk_beats_current_champion,oos_sharpe_high,oos_sortino_high,oos_smart_sortino_high",False,2.0,train_val_monthly_return_budget,fresh_portfolio_train_val_monthly_return_budget_fresh_state_distilled_both_lb168_fast72_z075_ret180_h168_ls590_ss100_tp600__fresh_state_distilled_both_lb168_fast72_z050_ret180_h168_ls590_ss100_tp600__fresh_state_distilled_both_lb168_fast72_z050_ret180_h120_ls590_ss100_tp240__fresh_state_distilled_both_lb168_fast72_z100_ret120_h168_ls590_ss100_tp450__fresh_state_distilled_both_lb168_fast72_z100_ret180_h168_ls590_ss100_tp450,0.18445649472780534,2.993788444833617,0.061613069235443824,0.01420697455817499,49,1.0344231176064727,0.7285858026969354,1.3611260170191888,0.03124298636711309,0.17914605339880085,diagnostic_not_promoted,0.01697000779603819,0.22373597940736767,0.05280256954343998,0.10488307670973795,2.0,5,"fresh_state_distilled_both_lb168_fast72_z075_ret180_h168_ls590_ss100_tp600,fresh_state_distilled_both_lb168_fast72_z050_ret180_h168_ls590_ss100_tp600,fresh_state_distilled_both_lb168_fast72_z050_ret180_h120_ls590_ss100_tp240,fresh_state_distilled_both_lb168_fast72_z100_ret120_h168_ls590_ss100_tp450,fresh_state_distilled_both_lb168_fast72_z100_ret180_h168_ls590_ss100_tp450",False,0.4475330746148882,2.6725313110393687,0.16745662539715542,0.0313016390464107,308,1.6179595209034239,1.7570180622467924,0.44747195881473534,2.0,26.476425079237,5.0,2.6725313110393687,0.16745662539715542,0.0313016390464107,1.6179595209034239,1.7570180622467924,59.80139348866664,0.03763777025492968,0.10322921817247654,6.474109015363439,8.943099267363245,0.24759972579273348,2.250791109051083,59.80139348866664,0.03763777025492968,0.10322921817247654,67,6.474109015363439,8.943099267363245,0.2097661534194759,0.18473705818708339,31.29483722892577,
True,26.46047691661062,train_val_monthly_return_budget,1.4763759390823654,True,"oos_monthly_return_gte_2pct,oos_return_risk_beats_current_champion,oos_sharpe_high,oos_sortino_high,oos_smart_sortino_high",False,3.0,train_val_monthly_return_budget,fresh_portfolio_train_val_monthly_return_budget_fresh_state_distilled_both_lb168_fast72_z075_ret60_h168_ls590_ss100_tp600__fresh_state_distilled_both_lb168_fast72_z050_ret60_h168_ls590_ss100_tp600__fresh_state_distilled_both_lb168_fast72_z050_ret120_h120_ls590_ss100_tp240__fresh_state_distilled_both_lb168_fast72_z100_ret180_h168_ls590_ss100_tp450,0.15492583828944584,2.2230363840280036,0.06969109430801572,0.012075336274224302,40,0.7794645276751567,0.45235292540507854,1.0387977401188802,0.026522041355271586,0.21417437024720576,diagnostic_not_promoted,0.014009256905821443,0.18166605434141347,0.04480942652035824,0.08868100551877767,3.0,4,"fresh_state_distilled_both_lb168_fast72_z075_ret60_h168_ls590_ss100_tp600,fresh_state_distilled_both_lb168_fast72_z050_ret60_h168_ls590_ss100_tp600,fresh_state_distilled_both_lb168_fast72_z050_ret120_h120_ls590_ss100_tp240,fresh_state_distilled_both_lb168_fast72_z100_ret180_h168_ls590_ss100_tp450",False,0.5450748984958793,2.9241277017928886,0.1864059829403737,0.036921297814679566,255,1.6651978509362377,1.8185921631147084,0.5449981630242404,3.0,26.46047691661062,4.0,2.9241277017928886,0.1864059829403737,0.036921297814679566,1.6651978509362377,1.8185921631147084,61.54184083281606,0.053746172958789404,0.129414268632833,6.492494287185499,9.139454826464322,0.2859036918019157,3.30763842160282,61.54184083281606,0.053746172958789404,0.129414268632833,55,6.492494287185499,9.139454826464322,0.266043016556333,0.2289817382397702,38.556074743285016,
True,26.460404879504004,train_val_monthly_return_budget,1.4763782941723378,True,"oos_monthly_return_gte_2pct,oos_return_risk_beats_current_champion,oos_sharpe_high,oos_sortino_high,oos_smart_sortino_high",False,3.0,train_val_monthly_return_budget,fresh_portfolio_train_val_monthly_return_budget_fresh_state_distilled_both_lb168_fast72_z075_ret60_h168_ls590_ss100_tp600__fresh_state_distilled_both_lb168_fast72_z050_ret60_h168_ls590_ss100_tp600__fresh_state_distilled_both_lb168_fast72_z050_ret60_h120_ls590_ss100_tp240__fresh_state_distilled_both_lb168_fast72_z100_ret180_h168_ls590_ss100_tp450,0.15492583828944584,2.2230363840280036,0.06969109430801572,0.012075336274224302,40,0.7794645276751567,0.45235292540507854,1.0387977401188802,0.026522041355271586,0.21417437024720576,diagnostic_not_promoted,0.014009236180599904,0.18166576455125294,0.04480942652035824,0.08868100551877767,3.0,4,"fresh_state_distilled_both_lb168_fast72_z075_ret60_h168_ls590_ss100_tp600,fresh_state_distilled_both_lb168_fast72_z050_ret60_h168_ls590_ss100_tp600,fresh_state_distilled_both_lb168_fast72_z050_ret60_h120_ls590_ss100_tp240,fresh_state_distilled_both_lb168_fast72_z100_ret180_h168_ls590_ss100_tp450",False,0.5450740289829592,2.924114372095016,0.18640653532044799,0.03692124918614703,255,1.6652038827376288,1.8184471671536748,0.5449972936537588,3.0,26.460404879504004,4.0,2.924114372095016,0.18640653532044799,0.03692124918614703,1.6652038827376288,1.8184471671536748,61.54184083281606,0.053746172958789404,0.129414268632833,6.492494287185499,9.139454826464322,0.28590203444871093,3.30763842160282,61.54184083281606,0.053746172958789404,0.129414268632833,55,6.492494287185499,9.139454826464322,0.266043016556333,0.2289817382397702,38.556053009022975,
True,26.457407223748643,train_val_monthly_return_budget,1.4895641102753,True,"oos_monthly_return_gte_2pct,oos_return_risk_beats_current_champion,oos_sharpe_high,oos_sortino_high,oos_smart_sortino_high",False,3.0,train_val_monthly_return_budget,fresh_portfolio_train_val_monthly_return_budget_fresh_state_distilled_both_lb168_fast72_z075_ret60_h168_ls590_ss100_tp600__fresh_state_distilled_both_lb168_fast72_z050_ret120_h168_ls590_ss100_tp600__fresh_state_distilled_both_lb168_fast72_z100_ret120_h168_ls590_ss100_tp450__fresh_state_distilled_both_lb168_fast72_z050_ret60_h120_ls590_ss100_tp240,0.16135385904570088,2.3137346201276845,0.06973740965884691,0.01254355568708232,41,0.8034976214811471,0.48458891605578663,1.07156177009834,0.027558002981306284,0.2148583632075053,diagnostic_not_promoted,0.013894154145118298,0.18005763547036757,0.04492948431810828,0.0889235050644317,3.0,4,"fresh_state_distilled_both_lb168_fast72_z075_ret60_h168_ls590_ss100_tp600,fresh_state_distilled_both_lb168_fast72_z050_ret120_h168_ls590_ss100_tp600,fresh_state_distilled_both_lb168_fast72_z100_ret120_h168_ls590_ss100_tp450,fresh_state_distilled_both_lb168_fast72_z050_ret60_h120_ls590_ss100_tp240",False,0.5402488521692383,2.8982517918803974,0.18640507828987582,0.03665100840247604,255,1.6543629696310287,1.806712970191629,0.5401729064111027,3.0,26.457407223748643,4.0,2.8982517918803974,0.18640507828987582,0.03665100840247604,1.6543629696310287,1.806712970191629,61.85916841372469,0.05371855661250009,0.1297490359257638,6.499974419683825,9.165445391452254,0.28588117085193154,3.322985240434847,61.85916841372469,0.05371855661250009,0.1297490359257638,55,6.499974419683825,9.165445391452254,0.2667705151932951,0.2292757745293173,38.51069602884199,
True,26.457390056274292,train_val_monthly_return_budget,1.48956171292999,True,"oos_monthly_return_gte_2pct,oos_return_risk_beats_current_champion,oos_sharpe_high,oos_sortino_high,oos_smart_sortino_high",False,3.0,train_val_monthly_return_budget,fresh_portfolio_train_val_monthly_return_budget_fresh_state_distilled_both_lb168_fast72_z075_ret60_h168_ls590_ss100_tp600__fresh_state_distilled_both_lb168_fast72_z050_ret120_h168_ls590_ss100_tp600__fresh_state_distilled_both_lb168_fast72_z100_ret120_h168_ls590_ss100_tp450__fresh_state_distilled_both_lb168_fast72_z050_ret120_h120_ls590_ss100_tp240,0.16135385904570088,2.3137346201276845,0.06973740965884691,0.01254355568708232,41,0.8034976214811471,0.48458891605578663,1.07156177009834,0.027558002981306284,0.2148583632075053,diagnostic_not_promoted,0.013894174896227796,0.1800579252605281,0.04492948431810828,0.0889235050644317,3.0,4,"fresh_state_distilled_both_lb168_fast72_z075_ret60_h168_ls590_ss100_tp600,fresh_state_distilled_both_lb168_fast72_z050_ret120_h168_ls590_ss100_tp600,fresh_state_distilled_both_lb168_fast72_z100_ret120_h168_ls590_ss100_tp450,fresh_state_distilled_both_lb168_fast72_z050_ret120_h120_ls590_ss100_tp240",False,0.540249721681848,2.8982650450411658,0.18640452590980153,0.036651057170617785,255,1.654344761645066,1.8066170413353944,0.5401737757815843,3.0,26.457390056274292,4.0,2.8982650450411658,0.18640452590980153,0.036651057170617785,1.654344761645066,1.8066170413353944,61.85916841372469,0.05371855661250009,0.1297490359257638,6.499974419683825,9.165445391452254,0.28588538622380133,3.322985240434847,61.85916841372469,0.05371855661250009,0.1297490359257638,55,6.499974419683825,9.165445391452254,0.2667705151932951,0.2292757745293173,38.51071776310403,
True,26.45723236019488,train_val_monthly_return_budget,1.4895712223935014,True,"oos_monthly_return_gte_2pct,oos_return_risk_beats_current_champion,oos_sharpe_high,oos_sortino_high,oos_smart_sortino_high",False,3.0,train_val_monthly_return_budget,fresh_portfolio_train_val_monthly_return_budget_fresh_state_distilled_both_lb168_fast72_z075_ret60_h168_ls590_ss100_tp600__fresh_state_distilled_both_lb168_fast72_z050_ret180_h168_ls590_ss100_tp600__fresh_state_distilled_both_lb168_fast72_z100_ret120_h168_ls590_ss100_tp450__fresh_state_distilled_both_lb168_fast72_z050_ret120_h120_ls590_ss100_tp240,0.16194123957638706,2.3221573667361355,0.06973740965884691,0.012586222165019034,41,0.8058656079255614,0.4876160959225237,1.0746004953160375,0.02765243307787646,0.21485306994792042,diagnostic_not_promoted,0.013894092583913276,0.18005677576579804,0.04492948431810828,0.0889235050644317,3.0,4,"fresh_state_distilled_both_lb168_fast72_z075_ret60_h168_ls590_ss100_tp600,fresh_state_distilled_both_lb168_fast72_z050_ret180_h168_ls590_ss100_tp600,fresh_state_distilled_both_lb168_fast72_z100_ret120_h168_ls590_ss100_tp450,fresh_state_distilled_both_lb168_fast72_z050_ret120_h120_ls590_ss100_tp240",False,0.5402462726338868,2.89821252372452,0.18640671386638383,0.0366508637245575,255,1.65442113632075,1.8063473482100663,0.5401703272973941,3.0,26.45723236019488,4.0,2.89821252372452,0.18640671386638383,0.0366508637245575,1.65442113632075,1.8063473482100663,61.85916841372469,0.05371855661250009,0.1297490359257638,6.499974419683825,9.165445391452254,0.2858677956953713,3.322985240434847,61.85916841372469,0.05371855661250009,0.1297490359257638,55,6.499974419683825,9.165445391452254,0.2667705151932951,0.2292757745293173,38.51063155099928,
True,26.45719801179183,train_val_monthly_return_budget,1.4895736197694212,True,"oos_monthly_return_gte_2pct,oos_return_risk_beats_current_champion,oos_sharpe_high,oos_sortino_high,oos_smart_sortino_high",False,3.0,train_val_monthly_return_budget,fresh_portfolio_train_val_monthly_return_budget_fresh_state_distilled_both_lb168_fast72_z075_ret60_h168_ls590_ss100_tp600__fresh_state_distilled_both_lb168_fast72_z050_ret180_h168_ls590_ss100_tp600__fresh_state_distilled_both_lb168_fast72_z100_ret120_h168_ls590_ss100_tp450__fresh_state_distilled_both_lb168_fast72_z050_ret60_h120_ls590_ss100_tp240,0.16194123957638706,2.3221573667361355,0.06973740965884691,0.012586222165019034,41,0.8058656079255614,0.4876160959225237,1.0746004953160375,0.02765243307787646,0.21485306994792042,diagnostic_not_promoted,0.013894071832785126,0.1800564859756375,0.04492948431810828,0.0889235050644317,3.0,4,"fresh_state_distilled_both_lb168_fast72_z075_ret60_h168_ls590_ss100_tp600,fresh_state_distilled_both_lb168_fast72_z050_ret180_h168_ls590_ss100_tp600,fresh_state_distilled_both_lb168_fast72_z100_ret120_h168_ls590_ss100_tp450,fresh_state_distilled_both_lb168_fast72_z050_ret60_h120_ls590_ss100_tp240",False,0.5402454031212773,2.898199270874947,0.18640726624645823,0.036650814956315836,255,1.6544396245914301,1.8062957683519512,0.5401694579269125,3.0,26.45719801179183,4.0,2.898199270874947,0.18640726624645823,0.036650814956315836,1.6544396245914301,1.8062957683519512,61.85916841372469,0.05371855661250009,0.1297490359257638,6.499974419683825,9.165445391452254,0.28586352243114266,3.322985240434847,61.85916841372469,0.05371855661250009,0.1297490359257638,55,6.499974419683825,9.165445391452254,0.2667705151932951,0.2292757745293173,38.51060981673724,
True,26.456908046369914,train_val_monthly_return_budget,1.4898306033588287,True,"oos_monthly_return_gte_2pct,oos_return_risk_beats_current_champion,oos_sharpe_high,oos_sortino_high,oos_smart_sortino_high",False,3.0,train_val_monthly_return_budget,fresh_portfolio_train_val_monthly_return_budget_fresh_state_distilled_both_lb168_fast72_z075_ret120_h168_ls590_ss100_tp600__fresh_state_distilled_both_lb168_fast72_z050_ret60_h168_ls590_ss100_tp600__fresh_state_distilled_both_lb168_fast72_z100_ret120_h168_ls590_ss100_tp450__fresh_state_distilled_both_lb168_fast72_z050_ret120_h120_ls590_ss100_tp240,0.16135385904570088,2.3137346201276845,0.06973740965884691,0.01254355568708232,41,0.8034976214811471,0.48458891605578663,1.07156177009834,0.027558002981306284,0.2148583632075053,diagnostic_not_promoted,0.01389184780284225,0.18002542770501395,0.04492948431810828,0.0889235050644317,3.0,4,"fresh_state_distilled_both_lb168_fast72_z075_ret120_h168_ls590_ss100_tp600,fresh_state_distilled_both_lb168_fast72_z050_ret60_h168_ls590_ss100_tp600,fresh_state_distilled_both_lb168_fast72_z100_ret120_h168_ls590_ss100_tp450,fresh_state_distilled_both_lb168_fast72_z050_ret120_h120_ls590_ss100_tp240",False,0.5401522130771796,2.8977192928939406,0.1864059829403737,0.0366455880720149,255,1.6541391942346466,1.8064792756507118,0.5400762831150419,3.0,26.456908046369914,4.0,2.8977192928939406,0.1864059829403737,0.0366455880720149,1.6541391942346466,1.8064792756507118,61.85916841372469,0.05371855661250009,0.1297490359257638,6.499974419683825,9.165445391452254,0.28588206511365377,3.322985240434847,61.85916841372469,0.05371855661250009,0.1297490359257638,55,6.499974419683825,9.165445391452254,0.2667705151932951,0.2292757745293173,38.50828044644047,
True,26.4568363054301,train_val_monthly_return_budget,1.489833001569738,True,"oos_monthly_return_gte_2pct,oos_return_risk_beats_current_champion,oos_sharpe_high,oos_sortino_high,oos_smart_sortino_high",False,3.0,train_val_monthly_return_budget,fresh_portfolio_train_val_monthly_return_budget_fresh_state_distilled_both_lb168_fast72_z075_ret120_h168_ls590_ss100_tp600__fresh_state_distilled_both_lb168_fast72_z050_ret60_h168_ls590_ss100_tp600__fresh_state_distilled_both_lb168_fast72_z100_ret120_h168_ls590_ss100_tp450__fresh_state_distilled_both_lb168_fast72_z050_ret60_h120_ls590_ss100_tp240,0.16135385904570088,2.3137346201276845,0.06973740965884691,0.01254355568708232,41,0.8034976214811471,0.48458891605578663,1.07156177009834,0.027558002981306284,0.2148583632075053,diagnostic_not_promoted,0.01389182705120895,0.18002513791485342,0.04492948431810828,0.0889235050644317,3.0,4,"fresh_state_distilled_both_lb168_fast72_z075_ret120_h168_ls590_ss100_tp600,fresh_state_distilled_both_lb168_fast72_z050_ret60_h168_ls590_ss100_tp600,fresh_state_distilled_both_lb168_fast72_z100_ret120_h168_ls590_ss100_tp450,fresh_state_distilled_both_lb168_fast72_z050_ret60_h120_ls590_ss100_tp240",False,0.5401513435645762,2.89770604145403,0.18640653532044799,0.03664553930104342,255,1.6541451569384915,1.806335174374237,0.5400754137445603,3.0,26.4568363054301,4.0,2.89770604145403,0.18640653532044799,0.03664553930104342,1.6541451569384915,1.806335174374237,61.85916841372469,0.05371855661250009,0.1297490359257638,6.499974419683825,9.165445391452254,0.2858804076095991,3.322985240434847,61.85916841372469,0.05371855661250009,0.1297490359257638,55,6.499974419683825,9.165445391452254,0.2667705151932951,0.2292757745293173,38.50825871217843,
True,26.456617694139542,train_val_monthly_return_budget,1.4900171187752524,True,"oos_monthly_return_gte_2pct,oos_return_risk_beats_current_champion,oos_sharpe_high,oos_sortino_high,oos_smart_sortino_high",False,3.0,train_val_monthly_return_budget,fresh_portfolio_train_val_monthly_return_budget_fresh_state_distilled_both_lb168_fast72_z075_ret120_h168_ls590_ss100_tp600__fresh_state_distilled_both_lb168_fast72_z050_ret120_h168_ls590_ss100_tp600__fresh_state_distilled_both_lb168_fast72_z100_ret60_h168_ls590_ss100_tp450__fresh_state_distilled_both_lb168_fast72_z050_ret60_h120_ls590_ss100_tp240,0.16135387331477102,2.3137348247391007,0.06973740965884691,0.01254355672380747,41,0.8036207693215967,0.4844186844594317,1.0711852518433476,0.0275580052757447,0.21481369058934538,diagnostic_not_promoted,0.013890234077096109,0.18000289271719927,0.04492948431810828,0.0889235050644317,3.0,4,"fresh_state_distilled_both_lb168_fast72_z075_ret120_h168_ls590_ss100_tp600,fresh_state_distilled_both_lb168_fast72_z050_ret120_h168_ls590_ss100_tp600,fresh_state_distilled_both_lb168_fast72_z100_ret60_h168_ls590_ss100_tp450,fresh_state_distilled_both_lb168_fast72_z050_ret60_h120_ls590_ss100_tp240",False,0.5400845970620727,2.8973706189602573,0.18640507828987582,0.03664179541364421,255,1.6539915742893547,1.8063064493936596,0.5400086781515978,3.0,26.456617694139542,4.0,2.8973706189602573,0.18640507828987582,0.03664179541364421,1.6539915742893547,1.8063064493936596,61.85916841372469,0.05371855661250009,0.1297490359257638,6.499974419683825,9.165445391452254,0.28588082118309904,3.322985240434847,61.85916841372469,0.05371855661250009,0.1297490359257638,55,6.499974419683825,9.165445391452254,0.2667705151932951,0.2292757745293173,38.50659032235437,
True,26.456600536830173,train_val_monthly_return_budget,1.4900147199715545,True,"oos_monthly_return_gte_2pct,oos_return_risk_beats_current_champion,oos_sharpe_high,oos_sortino_high,oos_smart_sortino_high",False,3.0,train_val_monthly_return_budget,fresh_portfolio_train_val_monthly_return_budget_fresh_state_distilled_both_lb168_fast72_z075_ret120_h168_ls590_ss100_tp600__fresh_state_distilled_both_lb168_fast72_z050_ret120_h168_ls590_ss100_tp600__fresh_state_distilled_both_lb168_fast72_z100_ret60_h168_ls590_ss100_tp450__fresh_state_distilled_both_lb168_fast72_z050_ret120_h120_ls590_ss100_tp240,0.16135387331477102,2.3137348247391007,0.06973740965884691,0.01254355672380747,41,0.8036207693215967,0.4844186844594317,1.0711852518433476,0.0275580052757447,0.21481369058934538,diagnostic_not_promoted,0.013890254829088011,0.1800031825073598,0.04492948431810828,0.0889235050644317,3.0,4,"fresh_state_distilled_both_lb168_fast72_z075_ret120_h168_ls590_ss100_tp600,fresh_state_distilled_both_lb168_fast72_z050_ret120_h168_ls590_ss100_tp600,fresh_state_distilled_both_lb168_fast72_z100_ret60_h168_ls590_ss100_tp450,fresh_state_distilled_both_lb168_fast72_z050_ret120_h120_ls590_ss100_tp240",False,0.5400854665746717,2.8973838695097527,0.18640452590980153,0.03664184418655303,255,1.6539733719358025,1.8062105441586331,0.5400095475220794,3.0,26.456600536830173,4.0,2.8973838695097527,0.18640452590980153,0.03664184418655303,1.6539733719358025,1.8062105441586331,61.85916841372469,0.05371855661250009,0.1297490359257638,6.499974419683825,9.165445391452254,0.28588503656058994,3.322985240434847,61.85916841372469,0.05371855661250009,0.1297490359257638,55,6.499974419683825,9.165445391452254,0.2667705151932951,0.2292757745293173,38.50661205661641,
True,26.456442851341194,train_val_monthly_return_budget,1.4900242352200197,True,"oos_monthly_return_gte_2pct,oos_return_risk_beats_current_champion,oos_sharpe_high,oos_sortino_high,oos_smart_sortino_high",False,3.0,train_val_monthly_return_budget,fresh_portfolio_train_val_monthly_return_budget_fresh_state_distilled_both_lb168_fast72_z075_ret120_h168_ls590_ss100_tp600__fresh_state_distilled_both_lb168_fast72_z050_ret180_h168_ls590_ss100_tp600__fresh_state_distilled_both_lb168_fast72_z100_ret60_h168_ls590_ss100_tp450__fresh_state_distilled_both_lb168_fast72_z050_ret120_h120_ls590_ss100_tp240,0.16194125385136227,2.322157571432227,0.06973740965884691,0.012586223201692448,41,0.805989256563335,0.4874447637530092,1.074222827762358,0.027652435372314876,0.21480839583536238,diagnostic_not_promoted,0.013890172513272958,0.18000203301262974,0.04492948431810828,0.0889235050644317,3.0,4,"fresh_state_distilled_both_lb168_fast72_z075_ret120_h168_ls590_ss100_tp600,fresh_state_distilled_both_lb168_fast72_z050_ret180_h168_ls590_ss100_tp600,fresh_state_distilled_both_lb168_fast72_z100_ret60_h168_ls590_ss100_tp450,fresh_state_distilled_both_lb168_fast72_z050_ret120_h120_ls590_ss100_tp240",False,0.5400820175267524,2.8973313585361673,0.18640671386638383,0.036641650721582764,255,1.6540497231501545,1.80594090408533,0.5400060990378892,3.0,26.456442851341194,4.0,2.8973313585361673,0.18640671386638383,0.036641650721582764,1.6540497231501545,1.80594090408533,61.85916841372469,0.05371855661250009,0.1297490359257638,6.499974419683825,9.165445391452254,0.2858674460087877,3.322985240434847,61.85916841372469,0.05371855661250009,0.1297490359257638,55,6.499974419683825,9.165445391452254,0.2667705151932951,0.2292757745293173,38.50652584451166,
True,26.456408504425426,train_val_monthly_return_budget,1.4900266340543564,True,"oos_monthly_return_gte_2pct,oos_return_risk_beats_current_champion,oos_sharpe_high,oos_sortino_high,oos_smart_sortino_high",False,3.0,train_val_monthly_return_budget,fresh_portfolio_train_val_monthly_return_budget_fresh_state_distilled_both_lb168_fast72_z075_ret120_h168_ls590_ss100_tp600__fresh_state_distilled_both_lb168_fast72_z050_ret180_h168_ls590_ss100_tp600__fresh_state_distilled_both_lb168_fast72_z100_ret60_h168_ls590_ss100_tp450__fresh_state_distilled_both_lb168_fast72_z050_ret60_h120_ls590_ss100_tp240,0.16194125385136227,2.322157571432227,0.06973740965884691,0.012586223201692448,41,0.805989256563335,0.4874447637530092,1.074222827762358,0.027652435372314876,0.21480839583536238,diagnostic_not_promoted,0.013890151761262626,0.1800017432224692,0.04492948431810828,0.0889235050644317,3.0,4,"fresh_state_distilled_both_lb168_fast72_z075_ret120_h168_ls590_ss100_tp600,fresh_state_distilled_both_lb168_fast72_z050_ret180_h168_ls590_ss100_tp600,fresh_state_distilled_both_lb168_fast72_z100_ret60_h168_ls590_ss100_tp450,fresh_state_distilled_both_lb168_fast72_z050_ret60_h120_ls590_ss100_tp240",False,0.5400811480141536,2.897318108297805,0.18640726624645823,0.0366416019485738,255,1.6540682057132743,1.805889333984105,0.5400052296674076,3.0,26.456408504425426,4.0,2.897318108297805,0.18640726624645823,0.0366416019485738,1.6540682057132743,1.805889333984105,61.85916841372469,0.05371855661250009,0.1297490359257638,6.499974419683825,9.165445391452254,0.28586317273886575,3.322985240434847,61.85916841372469,0.05371855661250009,0.1297490359257638,55,6.499974419683825,9.165445391452254,0.2667705151932951,0.2292757745293173,38.506504110249615,
True,26.437381597923267,train_val_monthly_return_budget,1.4895641102753,True,"oos_monthly_return_gte_2pct,oos_return_risk_beats_current_champion,oos_sharpe_high,oos_sortino_high,oos_smart_sortino_high",False,3.0,train_val_monthly_return_budget,fresh_portfolio_train_val_monthly_return_budget_fresh_state_distilled_both_lb168_fast72_z075_ret60_h168_ls590_ss100_tp600__fresh_state_distilled_both_lb168_fast72_z050_ret120_h168_ls590_ss100_tp600__fresh_state_distilled_both_lb168_fast72_z050_ret60_h120_ls590_ss100_tp240__fresh_state_distilled_both_lb168_fast72_z100_ret180_h168_ls590_ss100_tp450,0.15492583828944584,2.2230363840280036,0.06969109430801572,0.012075336274224302,40,0.7794645276751567,0.45235292540507854,1.0387977401188802,0.026522041355271586,0.21417437024720576,diagnostic_not_promoted,0.013894154145118298,0.18005763547036757,0.04480942652035824,0.08868100551877767,3.0,4,"fresh_state_distilled_both_lb168_fast72_z075_ret60_h168_ls590_ss100_tp600,fresh_state_distilled_both_lb168_fast72_z050_ret120_h168_ls590_ss100_tp600,fresh_state_distilled_both_lb168_fast72_z050_ret60_h120_ls590_ss100_tp240,fresh_state_distilled_both_lb168_fast72_z100_ret180_h168_ls590_ss100_tp450",False,0.5402488521692383,2.8982517918803974,0.18640507828987582,0.03665100840247604,255,1.6543629696310287,1.806712970191629,0.5401729064111027,3.0,26.437381597923267,4.0,2.8982517918803974,0.18640507828987582,0.03665100840247604,1.6543629696310287,1.806712970191629,61.54184083281606,0.053746172958789404,0.129414268632833,6.492494287185499,9.139454826464322,0.28588117085193154,3.30763842160282,61.54184083281606,0.053746172958789404,0.129414268632833,55,6.492494287185499,9.139454826464322,0.266043016556333,0.2289817382397702,38.43544332795657,
True,26.437364430448916,train_val_monthly_return_budget,1.48956171292999,True,"oos_monthly_return_gte_2pct,oos_return_risk_beats_current_champion,oos_sharpe_high,oos_sortino_high,oos_smart_sortino_high",False,3.0,train_val_monthly_return_budget,fresh_portfolio_train_val_monthly_return_budget_fresh_state_distilled_both_lb168_fast72_z075_ret60_h168_ls590_ss100_tp600__fresh_state_distilled_both_lb168_fast72_z050_ret120_h168_ls590_ss100_tp600__fresh_state_distilled_both_lb168_fast72_z050_ret120_h120_ls590_ss100_tp240__fresh_state_distilled_both_lb168_fast72_z100_ret180_h168_ls590_ss100_tp450,0.15492583828944584,2.2230363840280036,0.06969109430801572,0.012075336274224302,40,0.7794645276751567,0.45235292540507854,1.0387977401188802,0.026522041355271586,0.21417437024720576,diagnostic_not_promoted,0.013894174896227796,0.1800579252605281,0.04480942652035824,0.08868100551877767,3.0,4,"fresh_state_distilled_both_lb168_fast72_z075_ret60_h168_ls590_ss100_tp600,fresh_state_distilled_both_lb168_fast72_z050_ret120_h168_ls590_ss100_tp600,fresh_state_distilled_both_lb168_fast72_z050_ret120_h120_ls590_ss100_tp240,fresh_state_distilled_both_lb168_fast72_z100_ret180_h168_ls590_ss100_tp450",False,0.540249721681848,2.8982650450411658,0.18640452590980153,0.036651057170617785,255,1.654344761645066,1.8066170413353944,0.5401737757815843,3.0,26.437364430448916,4.0,2.8982650450411658,0.18640452590980153,0.036651057170617785,1.654344761645066,1.8066170413353944,61.54184083281606,0.053746172958789404,0.129414268632833,6.492494287185499,9.139454826464322,0.28588538622380133,3.30763842160282,61.54184083281606,0.053746172958789404,0.129414268632833,55,6.492494287185499,9.139454826464322,0.266043016556333,0.2289817382397702,38.43546506221861,
True,26.437206734369497,train_val_monthly_return_budget,1.4895712223935014,True,"oos_monthly_return_gte_2pct,oos_return_risk_beats_current_champion,oos_sharpe_high,oos_sortino_high,oos_smart_sortino_high",False,3.0,train_val_monthly_return_budget,fresh_portfolio_train_val_monthly_return_budget_fresh_state_distilled_both_lb168_fast72_z075_ret60_h168_ls590_ss100_tp600__fresh_state_distilled_both_lb168_fast72_z050_ret180_h168_ls590_ss100_tp600__fresh_state_distilled_both_lb168_fast72_z050_ret120_h120_ls590_ss100_tp240__fresh_state_distilled_both_lb168_fast72_z100_ret180_h168_ls590_ss100_tp450,0.1555105573287192,2.2314265383953473,0.06969109430801572,0.012118026060212506,40,0.7818418540241368,0.4552856040419873,1.0418492007233513,0.026616471451841983,0.2141690872584128,diagnostic_not_promoted,0.013894092583913276,0.18005677576579804,0.04480942652035824,0.08868100551877767,3.0,4,"fresh_state_distilled_both_lb168_fast72_z075_ret60_h168_ls590_ss100_tp600,fresh_state_distilled_both_lb168_fast72_z050_ret180_h168_ls590_ss100_tp600,fresh_state_distilled_both_lb168_fast72_z050_ret120_h120_ls590_ss100_tp240,fresh_state_distilled_both_lb168_fast72_z100_ret180_h168_ls590_ss100_tp450",False,0.5402462726338868,2.89821252372452,0.18640671386638383,0.0366508637245575,255,1.65442113632075,1.8063473482100663,0.5401703272973941,3.0,26.437206734369497,4.0,2.89821252372452,0.18640671386638383,0.0366508637245575,1.65442113632075,1.8063473482100663,61.54184083281606,0.053746172958789404,0.129414268632833,6.492494287185499,9.139454826464322,0.2858677956953713,3.30763842160282,61.54184083281606,0.053746172958789404,0.129414268632833,55,6.492494287185499,9.139454826464322,0.266043016556333,0.2289817382397702,38.43537885011386,
True,26.437172385966456,train_val_monthly_return_budget,1.4895736197694212,True,"oos_monthly_return_gte_2pct,oos_return_risk_beats_current_champion,oos_sharpe_high,oos_sortino_high,oos_smart_sortino_high",False,3.0,train_val_monthly_return_budget,fresh_portfolio_train_val_monthly_return_budget_fresh_state_distilled_both_lb168_fast72_z075_ret60_h168_ls590_ss100_tp600__fresh_state_distilled_both_lb168_fast72_z050_ret180_h168_ls590_ss100_tp600__fresh_state_distilled_both_lb168_fast72_z050_ret60_h120_ls590_ss100_tp240__fresh_state_distilled_both_lb168_fast72_z100_ret180_h168_ls590_ss100_tp450,0.1555105573287192,2.2314265383953473,0.06969109430801572,0.012118026060212506,40,0.7818418540241368,0.4552856040419873,1.0418492007233513,0.026616471451841983,0.2141690872584128,diagnostic_not_promoted,0.013894071832785126,0.1800564859756375,0.04480942652035824,0.08868100551877767,3.0,4,"fresh_state_distilled_both_lb168_fast72_z075_ret60_h168_ls590_ss100_tp600,fresh_state_distilled_both_lb168_fast72_z050_ret180_h168_ls590_ss100_tp600,fresh_state_distilled_both_lb168_fast72_z050_ret60_h120_ls590_ss100_tp240,fresh_state_distilled_both_lb168_fast72_z100_ret180_h168_ls590_ss100_tp450",False,0.5402454031212773,2.898199270874947,0.18640726624645823,0.036650814956315836,255,1.6544396245914301,1.8062957683519512,0.5401694579269125,3.0,26.437172385966456,4.0,2.898199270874947,0.18640726624645823,0.036650814956315836,1.6544396245914301,1.8062957683519512,61.54184083281606,0.053746172958789404,0.129414268632833,6.492494287185499,9.139454826464322,0.28586352243114266,3.30763842160282,61.54184083281606,0.053746172958789404,0.129414268632833,55,6.492494287185499,9.139454826464322,0.266043016556333,0.2289817382397702,38.435357115851815,
True,26.43688242054453,train_val_monthly_return_budget,1.4898306033588287,True,"oos_monthly_return_gte_2pct,oos_return_risk_beats_current_champion,oos_sharpe_high,oos_sortino_high,oos_smart_sortino_high",False,3.0,train_val_monthly_return_budget,fresh_portfolio_train_val_monthly_return_budget_fresh_state_distilled_both_lb168_fast72_z075_ret120_h168_ls590_ss100_tp600__fresh_state_distilled_both_lb168_fast72_z050_ret60_h168_ls590_ss100_tp600__fresh_state_distilled_both_lb168_fast72_z050_ret120_h120_ls590_ss100_tp240__fresh_state_distilled_both_lb168_fast72_z100_ret180_h168_ls590_ss100_tp450,0.15492583828944584,2.2230363840280036,0.06969109430801572,0.012075336274224302,40,0.7794645276751567,0.45235292540507854,1.0387977401188802,0.026522041355271586,0.21417437024720576,diagnostic_not_promoted,0.01389184780284225,0.18002542770501395,0.04480942652035824,0.08868100551877767,3.0,4,"fresh_state_distilled_both_lb168_fast72_z075_ret120_h168_ls590_ss100_tp600,fresh_state_distilled_both_lb168_fast72_z050_ret60_h168_ls590_ss100_tp600,fresh_state_distilled_both_lb168_fast72_z050_ret120_h120_ls590_ss100_tp240,fresh_state_distilled_both_lb168_fast72_z100_ret180_h168_ls590_ss100_tp450",False,0.5401522130771796,2.8977192928939406,0.1864059829403737,0.0366455880720149,255,1.6541391942346466,1.8064792756507118,0.5400762831150419,3.0,26.43688242054453,4.0,2.8977192928939406,0.1864059829403737,0.0366455880720149,1.6541391942346466,1.8064792756507118,61.54184083281606,0.053746172958789404,0.129414268632833,6.492494287185499,9.139454826464322,0.28588206511365377,3.30763842160282,61.54184083281606,0.053746172958789404,0.129414268632833,55,6.492494287185499,9.139454826464322,0.266043016556333,0.2289817382397702,38.43302774555505,
True,26.43681067960472,train_val_monthly_return_budget,1.489833001569738,True,"oos_monthly_return_gte_2pct,oos_return_risk_beats_current_champion,oos_sharpe_high,oos_sortino_high,oos_smart_sortino_high",False,3.0,train_val_monthly_return_budget,fresh_portfolio_train_val_monthly_return_budget_fresh_state_distilled_both_lb168_fast72_z075_ret120_h168_ls590_ss100_tp600__fresh_state_distilled_both_lb168_fast72_z050_ret60_h168_ls590_ss100_tp600__fresh_state_distilled_both_lb168_fast72_z050_ret60_h120_ls590_ss100_tp240__fresh_state_distilled_both_lb168_fast72_z100_ret180_h168_ls590_ss100_tp450,0.15492583828944584,2.2230363840280036,0.06969109430801572,0.012075336274224302,40,0.7794645276751567,0.45235292540507854,1.0387977401188802,0.026522041355271586,0.21417437024720576,diagnostic_not_promoted,0.01389182705120895,0.18002513791485342,0.04480942652035824,0.08868100551877767,3.0,4,"fresh_state_distilled_both_lb168_fast72_z075_ret120_h168_ls590_ss100_tp600,fresh_state_distilled_both_lb168_fast72_z050_ret60_h168_ls590_ss100_tp600,fresh_state_distilled_both_lb168_fast72_z050_ret60_h120_ls590_ss100_tp240,fresh_state_distilled_both_lb168_fast72_z100_ret180_h168_ls590_ss100_tp450",False,0.5401513435645762,2.89770604145403,0.18640653532044799,0.03664553930104342,255,1.6541451569384915,1.806335174374237,0.5400754137445603,3.0,26.43681067960472,4.0,2.89770604145403,0.18640653532044799,0.03664553930104342,1.6541451569384915,1.806335174374237,61.54184083281606,0.053746172958789404,0.129414268632833,6.492494287185499,9.139454826464322,0.2858804076095991,3.30763842160282,61.54184083281606,0.053746172958789404,0.129414268632833,55,6.492494287185499,9.139454826464322,0.266043016556333,0.2289817382397702,38.43300601129301,
True,26.433852618233214,train_val_monthly_return_budget,1.5032613388742637,True,"oos_monthly_return_gte_2pct,oos_return_risk_beats_current_champion,oos_sharpe_high,oos_sortino_high,oos_smart_sortino_high",False,3.0,train_val_monthly_return_budget,fresh_portfolio_train_val_monthly_return_budget_fresh_state_distilled_both_lb168_fast72_z075_ret120_h168_ls590_ss100_tp600__fresh_state_distilled_both_lb168_fast72_z050_ret120_h168_ls590_ss100_tp600__fresh_state_distilled_both_lb168_fast72_z100_ret120_h168_ls590_ss100_tp450__fresh_state_distilled_both_lb168_fast72_z050_ret60_h120_ls590_ss100_tp240,0.16135385904570088,2.3137346201276845,0.06973740965884691,0.01254355568708232,41,0.8034976214811471,0.48458891605578663,1.07156177009834,0.027558002981306284,0.2148583632075053,diagnostic_not_promoted,0.013776598256993955,0.17841700883396805,0.04492948431810828,0.0889235050644317,3.0,4,"fresh_state_distilled_both_lb168_fast72_z075_ret120_h168_ls590_ss100_tp600,fresh_state_distilled_both_lb168_fast72_z050_ret120_h168_ls590_ss100_tp600,fresh_state_distilled_both_lb168_fast72_z100_ret120_h168_ls590_ss100_tp450,fresh_state_distilled_both_lb168_fast72_z050_ret60_h120_ls590_ss100_tp240",False,0.5353261685113497,2.871843264263819,0.18640507828987582,0.03637450570498757,255,1.6431651688543552,1.7949524408506141,0.5352510265019041,3.0,26.433852618233214,4.0,2.871843264263819,0.18640507828987582,0.03637450570498757,1.6431651688543552,1.7949524408506141,61.85916841372469,0.05371855661250009,0.1297490359257638,6.499974419683825,9.165445391452254,0.2858811104933393,3.322985240434847,61.85916841372469,0.05371855661250009,0.1297490359257638,55,6.499974419683825,9.165445391452254,0.2667705151932951,0.2292757745293173,38.387649031112026,
True,26.433835765598594,train_val_monthly_return_budget,1.5032588972368897,True,"oos_monthly_return_gte_2pct,oos_return_risk_beats_current_champion,oos_sharpe_high,oos_sortino_high,oos_smart_sortino_high",False,3.0,train_val_monthly_return_budget,fresh_portfolio_train_val_monthly_return_budget_fresh_state_distilled_both_lb168_fast72_z075_ret120_h168_ls590_ss100_tp600__fresh_state_distilled_both_lb168_fast72_z050_ret120_h168_ls590_ss100_tp600__fresh_state_distilled_both_lb168_fast72_z100_ret120_h168_ls590_ss100_tp450__fresh_state_distilled_both_lb168_fast72_z050_ret120_h120_ls590_ss100_tp240,0.16135385904570088,2.3137346201276845,0.06973740965884691,0.01254355568708232,41,0.8034976214811471,0.48458891605578663,1.07156177009834,0.027558002981306284,0.2148583632075053,diagnostic_not_promoted,0.013776619034584492,0.17841729862412858,0.04492948431810828,0.0889235050644317,3.0,4,"fresh_state_distilled_both_lb168_fast72_z075_ret120_h168_ls590_ss100_tp600,fresh_state_distilled_both_lb168_fast72_z050_ret120_h168_ls590_ss100_tp600,fresh_state_distilled_both_lb168_fast72_z100_ret120_h168_ls590_ss100_tp450,fresh_state_distilled_both_lb168_fast72_z050_ret120_h120_ls590_ss100_tp240",False,0.5353270380236415,2.871856439165423,0.18640452590980153,0.036374554616426025,255,1.6431471322885756,1.7948572460175458,0.5352518958723858,3.0,26.433835765598594,4.0,2.871856439165423,0.18640452590980153,0.036374554616426025,1.6431471322885756,1.7948572460175458,61.85916841372469,0.05371855661250009,0.1297490359257638,6.499974419683825,9.165445391452254,0.28588532586837845,3.322985240434847,61.85916841372469,0.05371855661250009,0.1297490359257638,55,6.499974419683825,9.165445391452254,0.2667705151932951,0.2292757745293173,38.38767076537407,
True,26.433678405097233,train_val_monthly_return_budget,1.5032685823925693,True,"oos_monthly_return_gte_2pct,oos_return_risk_beats_current_champion,oos_sharpe_high,oos_sortino_high,oos_smart_sortino_high",False,3.0,train_val_monthly_return_budget,fresh_portfolio_train_val_monthly_return_budget_fresh_state_distilled_both_lb168_fast72_z075_ret120_h168_ls590_ss100_tp600__fresh_state_distilled_both_lb168_fast72_z050_ret180_h168_ls590_ss100_tp600__fresh_state_distilled_both_lb168_fast72_z100_ret120_h168_ls590_ss100_tp450__fresh_state_distilled_both_lb168_fast72_z050_ret120_h120_ls590_ss100_tp240,0.16194123957638706,2.3221573667361355,0.06973740965884691,0.012586222165019034,41,0.8058656079255614,0.4876160959225237,1.0746004953160375,0.02765243307787646,0.21485306994792042,diagnostic_not_promoted,0.013776536617229107,0.17841614912939852,0.04492948431810828,0.0889235050644317,3.0,4,"fresh_state_distilled_both_lb168_fast72_z075_ret120_h168_ls590_ss100_tp600,fresh_state_distilled_both_lb168_fast72_z050_ret180_h168_ls590_ss100_tp600,fresh_state_distilled_both_lb168_fast72_z100_ret120_h168_ls590_ss100_tp450,fresh_state_distilled_both_lb168_fast72_z050_ret120_h120_ls590_ss100_tp240",False,0.5353235889769405,2.8718042278276523,0.18640671386638383,0.03637436060195709,255,1.643222792908629,1.7945892074603242,0.5352484473881955,3.0,26.433678405097233,4.0,2.8718042278276523,0.18640671386638383,0.03637436060195709,1.643222792908629,1.7945892074603242,61.85916841372469,0.05371855661250009,0.1297490359257638,6.499974419683825,9.165445391452254,0.2858677353268689,3.322985240434847,61.85916841372469,0.05371855661250009,0.1297490359257638,55,6.499974419683825,9.165445391452254,0.2667705151932951,0.2292757745293173,38.38758455326931,
True,26.43364410321648,train_val_monthly_return_budget,1.5032710240614064,True,"oos_monthly_return_gte_2pct,oos_return_risk_beats_current_champion,oos_sharpe_high,oos_sortino_high,oos_smart_sortino_high",False,3.0,train_val_monthly_return_budget,fresh_portfolio_train_val_monthly_return_budget_fresh_state_distilled_both_lb168_fast72_z075_ret120_h168_ls590_ss100_tp600__fresh_state_distilled_both_lb168_fast72_z050_ret180_h168_ls590_ss100_tp600__fresh_state_distilled_both_lb168_fast72_z100_ret120_h168_ls590_ss100_tp450__fresh_state_distilled_both_lb168_fast72_z050_ret60_h120_ls590_ss100_tp240,0.16194123957638706,2.3221573667361355,0.06973740965884691,0.012586222165019034,41,0.8058656079255614,0.4876160959225237,1.0746004953160375,0.02765243307787646,0.21485306994792042,diagnostic_not_promoted,0.01377651583962014,0.17841585933923798,0.04492948431810828,0.0889235050644317,3.0,4,"fresh_state_distilled_both_lb168_fast72_z075_ret120_h168_ls590_ss100_tp600,fresh_state_distilled_both_lb168_fast72_z050_ret180_h168_ls590_ss100_tp600,fresh_state_distilled_both_lb168_fast72_z100_ret120_h168_ls590_ss100_tp450,fresh_state_distilled_both_lb168_fast72_z050_ret60_h120_ls590_ss100_tp240",False,0.535322719464649,2.8717910532354063,0.18640726624645823,0.036374311690417827,255,1.6432411074703768,1.7945379286588385,0.5352475780177139,3.0,26.43364410321648,4.0,2.8717910532354063,0.18640726624645823,0.036374311690417827,1.6432411074703768,1.7945379286588385,61.85916841372469,0.05371855661250009,0.1297490359257638,6.499974419683825,9.165445391452254,0.2858634620594375,3.322985240434847,61.85916841372469,0.05371855661250009,0.1297490359257638,55,6.499974419683825,9.165445391452254,0.2667705151932951,0.2292757745293173,38.38756281900727,
True,26.43057652996837,train_val_monthly_return_budget,1.439976141856058,True,"oos_return_risk_beats_current_champion,oos_sharpe_high,oos_sortino_high,oos_smart_sortino_high",False,3.0,train_val_monthly_return_budget,fresh_portfolio_train_val_monthly_return_budget_fresh_state_distilled_both_lb168_fast72_z075_ret180_h168_ls590_ss100_tp600__fresh_state_distilled_both_lb168_fast72_z075_ret60_h168_ls590_ss100_tp600__fresh_state_distilled_both_lb168_fast72_z100_ret60_h168_ls590_ss100_tp450,0.39188603538918865,7.00850371389986,0.0559157919274505,0.027938123375748303,25,1.8616737054393278,1.8760807709830978,2.4165809130151006,0.06193476156065891,0.18699126403965372,diagnostic_not_promoted,0.014337095917605902,0.18625821899520245,0.03717007726267618,0.07330438569843789,3.0,3,"fresh_state_distilled_both_lb168_fast72_z075_ret180_h168_ls590_ss100_tp600,fresh_state_distilled_both_lb168_fast72_z075_ret60_h168_ls590_ss100_tp600,fresh_state_distilled_both_lb168_fast72_z100_ret60_h168_ls590_ss100_tp450",False,0.558853656604362,3.6332434106586025,0.1538167398762468,0.037688759009457895,157,1.8769445485595766,1.9660785678064843,0.5587746569856074,3.0,26.43057652996837,3.0,3.6332434106586025,0.1538167398762468,0.037688759009457895,1.8769445485595766,1.9660785678064843,59.18800683579227,0.040942574117053494,0.10799341401827056,5.791180311188414,7.599443295540213,0.2537070809032482,2.423309356715094,59.18800683579227,0.040942574117053494,0.10799341401827056,34,5.791180311188414,7.599443295540213,0.21991315709531367,0.21654968072107655,34.81778395561203,
True,26.41382699240783,train_val_monthly_return_budget,1.5032613388742637,True,"oos_monthly_return_gte_2pct,oos_return_risk_beats_current_champion,oos_sharpe_high,oos_sortino_high,oos_smart_sortino_high",False,3.0,train_val_monthly_return_budget,fresh_portfolio_train_val_monthly_return_budget_fresh_state_distilled_both_lb168_fast72_z075_ret120_h168_ls590_ss100_tp600__fresh_state_distilled_both_lb168_fast72_z050_ret120_h168_ls590_ss100_tp600__fresh_state_distilled_both_lb168_fast72_z050_ret60_h120_ls590_ss100_tp240__fresh_state_distilled_both_lb168_fast72_z100_ret180_h168_ls590_ss100_tp450,0.15492583828944584,2.2230363840280036,0.06969109430801572,0.012075336274224302,40,0.7794645276751567,0.45235292540507854,1.0387977401188802,0.026522041355271586,0.21417437024720576,diagnostic_not_promoted,0.013776598256993955,0.17841700883396805,0.04480942652035824,0.08868100551877767,3.0,4,"fresh_state_distilled_both_lb168_fast72_z075_ret120_h168_ls590_ss100_tp600,fresh_state_distilled_both_lb168_fast72_z050_ret120_h168_ls590_ss100_tp600,fresh_state_distilled_both_lb168_fast72_z050_ret60_h120_ls590_ss100_tp240,fresh_state_distilled_both_lb168_fast72_z100_ret180_h168_ls590_ss100_tp450",False,0.5353261685113497,2.871843264263819,0.18640507828987582,0.03637450570498757,255,1.6431651688543552,1.7949524408506141,0.5352510265019041,3.0,26.41382699240783,4.0,2.871843264263819,0.18640507828987582,0.03637450570498757,1.6431651688543552,1.7949524408506141,61.54184083281606,0.053746172958789404,0.129414268632833,6.492494287185499,9.139454826464322,0.2858811104933393,3.30763842160282,61.54184083281606,0.053746172958789404,0.129414268632833,55,6.492494287185499,9.139454826464322,0.266043016556333,0.2289817382397702,38.312396330226605,
True,26.41381013977321,train_val_monthly_return_budget,1.5032588972368897,True,"oos_monthly_return_gte_2pct,oos_return_risk_beats_current_champion,oos_sharpe_high,oos_sortino_high,oos_smart_sortino_high",False,3.0,train_val_monthly_return_budget,fresh_portfolio_train_val_monthly_return_budget_fresh_state_distilled_both_lb168_fast72_z075_ret120_h168_ls590_ss100_tp600__fresh_state_distilled_both_lb168_fast72_z050_ret120_h168_ls590_ss100_tp600__fresh_state_distilled_both_lb168_fast72_z050_ret120_h120_ls590_ss100_tp240__fresh_state_distilled_both_lb168_fast72_z100_ret180_h168_ls590_ss100_tp450,0.15492583828944584,2.2230363840280036,0.06969109430801572,0.012075336274224302,40,0.7794645276751567,0.45235292540507854,1.0387977401188802,0.026522041355271586,0.21417437024720576,diagnostic_not_promoted,0.013776619034584492,0.17841729862412858,0.04480942652035824,0.08868100551877767,3.0,4,"fresh_state_distilled_both_lb168_fast72_z075_ret120_h168_ls590_ss100_tp600,fresh_state_distilled_both_lb168_fast72_z050_ret120_h168_ls590_ss100_tp600,fresh_state_distilled_both_lb168_fast72_z050_ret120_h120_ls590_ss100_tp240,fresh_state_distilled_both_lb168_fast72_z100_ret180_h168_ls590_ss100_tp450",False,0.5353270380236415,2.871856439165423,0.18640452590980153,0.036374554616426025,255,1.6431471322885756,1.7948572460175458,0.5352518958723858,3.0,26.41381013977321,4.0,2.871856439165423,0.18640452590980153,0.036374554616426025,1.6431471322885756,1.7948572460175458,61.54184083281606,0.053746172958789404,0.129414268632833,6.492494287185499,9.139454826464322,0.28588532586837845,3.30763842160282,61.54184083281606,0.053746172958789404,0.129414268632833,55,6.492494287185499,9.139454826464322,0.266043016556333,0.2289817382397702,38.31241806448865,
True,26.413652779271857,train_val_monthly_return_budget,1.5032685823925693,True,"oos_monthly_return_gte_2pct,oos_return_risk_beats_current_champion,oos_sharpe_high,oos_sortino_high,oos_smart_sortino_high",False,3.0,train_val_monthly_return_budget,fresh_portfolio_train_val_monthly_return_budget_fresh_state_distilled_both_lb168_fast72_z075_ret120_h168_ls590_ss100_tp600__fresh_state_distilled_both_lb168_fast72_z050_ret180_h168_ls590_ss100_tp600__fresh_state_distilled_both_lb168_fast72_z050_ret120_h120_ls590_ss100_tp240__fresh_state_distilled_both_lb168_fast72_z100_ret180_h168_ls590_ss100_tp450,0.1555105573287192,2.2314265383953473,0.06969109430801572,0.012118026060212506,40,0.7818418540241368,0.4552856040419873,1.0418492007233513,0.026616471451841983,0.2141690872584128,diagnostic_not_promoted,0.013776536617229107,0.17841614912939852,0.04480942652035824,0.08868100551877767,3.0,4,"fresh_state_distilled_both_lb168_fast72_z075_ret120_h168_ls590_ss100_tp600,fresh_state_distilled_both_lb168_fast72_z050_ret180_h168_ls590_ss100_tp600,fresh_state_distilled_both_lb168_fast72_z050_ret120_h120_ls590_ss100_tp240,fresh_state_distilled_both_lb168_fast72_z100_ret180_h168_ls590_ss100_tp450",False,0.5353235889769405,2.8718042278276523,0.18640671386638383,0.03637436060195709,255,1.643222792908629,1.7945892074603242,0.5352484473881955,3.0,26.413652779271857,4.0,2.8718042278276523,0.18640671386638383,0.03637436060195709,1.643222792908629,1.7945892074603242,61.54184083281606,0.053746172958789404,0.129414268632833,6.492494287185499,9.139454826464322,0.2858677353268689,3.30763842160282,61.54184083281606,0.053746172958789404,0.129414268632833,55,6.492494287185499,9.139454826464322,0.266043016556333,0.2289817382397702,38.31233185238389,
True,26.41361847739111,train_val_monthly_return_budget,1.5032710240614064,True,"oos_monthly_return_gte_2pct,oos_return_risk_beats_current_champion,oos_sharpe_high,oos_sortino_high,oos_smart_sortino_high",False,3.0,train_val_monthly_return_budget,fresh_portfolio_train_val_monthly_return_budget_fresh_state_distilled_both_lb168_fast72_z075_ret120_h168_ls590_ss100_tp600__fresh_state_distilled_both_lb168_fast72_z050_ret180_h168_ls590_ss100_tp600__fresh_state_distilled_both_lb168_fast72_z050_ret60_h120_ls590_ss100_tp240__fresh_state_distilled_both_lb168_fast72_z100_ret180_h168_ls590_ss100_tp450,0.1555105573287192,2.2314265383953473,0.06969109430801572,0.012118026060212506,40,0.7818418540241368,0.4552856040419873,1.0418492007233513,0.026616471451841983,0.2141690872584128,diagnostic_not_promoted,0.01377651583962014,0.17841585933923798,0.04480942652035824,0.08868100551877767,3.0,4,"fresh_state_distilled_both_lb168_fast72_z075_ret120_h168_ls590_ss100_tp600,fresh_state_distilled_both_lb168_fast72_z050_ret180_h168_ls590_ss100_tp600,fresh_state_distilled_both_lb168_fast72_z050_ret60_h120_ls590_ss100_tp240,fresh_state_distilled_both_lb168_fast72_z100_ret180_h168_ls590_ss100_tp450",False,0.535322719464649,2.8717910532354063,0.18640726624645823,0.036374311690417827,255,1.6432411074703768,1.7945379286588385,0.5352475780177139,3.0,26.41361847739111,4.0,2.8717910532354063,0.18640726624645823,0.036374311690417827,1.6432411074703768,1.7945379286588385,61.54184083281606,0.053746172958789404,0.129414268632833,6.492494287185499,9.139454826464322,0.2858634620594375,3.30763842160282,61.54184083281606,0.053746172958789404,0.129414268632833,55,6.492494287185499,9.139454826464322,0.266043016556333,0.2289817382397702,38.31231011812185,
True,26.4093160601925,train_val_monthly_return_budget,1.4606393703697937,True,"oos_monthly_return_gte_2pct,oos_return_risk_beats_current_champion,oos_sharpe_high,oos_sortino_high,oos_smart_sortino_high",False,3.0,train_val_monthly_return_budget,fresh_portfolio_train_val_monthly_return_budget_fresh_state_distilled_both_lb168_fast72_z075_ret60_h168_ls590_ss100_tp600__fresh_state_distilled_both_lb168_fast72_z050_ret60_h168_ls590_ss100_tp600__fresh_state_distilled_both_lb168_fast72_z050_ret180_h120_ls590_ss100_tp240__fresh_state_distilled_both_lb168_fast72_z100_ret60_h168_ls590_ss100_tp450,0.16135387331477102,2.3137348247391007,0.06973740965884691,0.01254355672380747,41,0.8036207693215967,0.4844186844594317,1.0711852518433476,0.0275580052757447,0.21481369058934538,diagnostic_not_promoted,0.014149127638449555,0.18362327965306702,0.0454239335872193,0.0899224973023971,3.0,4,"fresh_state_distilled_both_lb168_fast72_z075_ret60_h168_ls590_ss100_tp600,fresh_state_distilled_both_lb168_fast72_z050_ret60_h168_ls590_ss100_tp600,fresh_state_distilled_both_lb168_fast72_z050_ret180_h120_ls590_ss100_tp240,fresh_state_distilled_both_lb168_fast72_z100_ret60_h168_ls590_ss100_tp450",False,0.5509475377244399,2.9557774631506115,0.18639682607809585,0.03724916121475563,255,1.6784902767211722,1.8311780352410563,0.550869838959201,3.0,26.4093160601925,4.0,2.9557774631506115,0.18639682607809585,0.03724916121475563,1.6784902767211722,1.8311780352410563,63.30650263928641,0.053496744589135364,0.13112715055360957,6.5375994442195875,8.92618952776408,0.2858990379285614,3.3866918025253288,63.30650263928641,0.053496744589135364,0.13112715055360957,55,6.5375994442195875,8.92618952776408,0.2697674919071913,0.2302277748762993,39.094551368782675,
True,26.405941330469552,train_val_monthly_return_budget,1.4523420165509446,True,"oos_return_risk_beats_current_champion,oos_sharpe_high,oos_sortino_high,oos_smart_sortino_high",False,3.0,train_val_monthly_return_budget,fresh_portfolio_train_val_monthly_return_budget_fresh_state_distilled_both_lb168_fast72_z075_ret180_h168_ls590_ss100_tp600__fresh_state_distilled_both_lb168_fast72_z075_ret60_h168_ls590_ss100_tp600__fresh_state_distilled_both_lb168_fast72_z100_ret120_h168_ls590_ss100_tp450,0.3918860188476343,7.008503418070117,0.0559157919274505,0.027938122357723527,25,1.8611953787045556,1.875315890890634,2.4155956704494383,0.06193475926710246,0.18704459931714895,diagnostic_not_promoted,0.014224009865056342,0.18467233511197123,0.03717007726267618,0.07330438569843789,3.0,3,"fresh_state_distilled_both_lb168_fast72_z075_ret180_h168_ls590_ss100_tp600,fresh_state_distilled_both_lb168_fast72_z075_ret60_h168_ls590_ss100_tp600,fresh_state_distilled_both_lb168_fast72_z100_ret120_h168_ls590_ss100_tp450",False,0.5540952214635346,3.602307667613627,0.1538167398762468,0.03742442499905718,157,1.8651043448477491,1.9533349134034368,0.5540170053359137,3.0,26.405941330469552,3.0,3.602307667613627,0.1538167398762468,0.03742442499905718,1.8651043448477491,1.9533349134034368,59.18800683579227,0.040942574117053494,0.10799341401827056,5.791180311188414,7.599443295540213,0.2536739398774183,2.423309356715094,59.18800683579227,0.040942574117053494,0.10799341401827056,34,5.791180311188414,7.599443295540213,0.21991315709531367,0.21654968072107655,34.69884266436969,
True,26.405088486670564,train_val_monthly_return_budget,1.4527726645705208,True,"oos_return_risk_beats_current_champion,oos_sharpe_high,oos_sortino_high,oos_smart_sortino_high",False,3.0,train_val_monthly_return_budget,fresh_portfolio_train_val_monthly_return_budget_fresh_state_distilled_both_lb168_fast72_z075_ret180_h168_ls590_ss100_tp600__fresh_state_distilled_both_lb168_fast72_z075_ret120_h168_ls590_ss100_tp600__fresh_state_distilled_both_lb168_fast72_z100_ret60_h168_ls590_ss100_tp450,0.39188603538918865,7.00850371389986,0.0559157919274505,0.027938123375748303,25,1.8616737054393278,1.8760807709830978,2.4165809130151006,0.06193476156065891,0.18699126403965372,diagnostic_not_promoted,0.0142201037969798,0.18461759235880293,0.03717007726267618,0.07330438569843789,3.0,3,"fresh_state_distilled_both_lb168_fast72_z075_ret180_h168_ls590_ss100_tp600,fresh_state_distilled_both_lb168_fast72_z075_ret120_h168_ls590_ss100_tp600,fresh_state_distilled_both_lb168_fast72_z100_ret60_h168_ls590_ss100_tp450",False,0.553930966188551,3.601239804160561,0.1538167398762468,0.037415287276613585,157,1.8646922727756539,1.9528931362776958,0.5538527770764088,3.0,26.405088486670564,3.0,3.601239804160561,0.1538167398762468,0.037415287276613585,1.8646922727756539,1.9528931362776958,59.18800683579227,0.040942574117053494,0.10799341401827056,5.791180311188414,7.599443295540213,0.253673212913551,2.423309356715094,59.18800683579227,0.040942574117053494,0.10799341401827056,34,5.791180311188414,7.599443295540213,0.21991315709531367,0.21654968072107655,34.69473695788207,
True,26.386558444039576,train_val_monthly_return_budget,1.473364252677004,True,"oos_monthly_return_gte_2pct,oos_return_risk_beats_current_champion,oos_sharpe_high,oos_sortino_high,oos_smart_sortino_high",False,3.0,train_val_monthly_return_budget,fresh_portfolio_train_val_monthly_return_budget_fresh_state_distilled_both_lb168_fast72_z075_ret60_h168_ls590_ss100_tp600__fresh_state_distilled_both_lb168_fast72_z050_ret60_h168_ls590_ss100_tp600__fresh_state_distilled_both_lb168_fast72_z050_ret180_h120_ls590_ss100_tp240__fresh_state_distilled_both_lb168_fast72_z100_ret120_h168_ls590_ss100_tp450,0.16135385904570088,2.3137346201276845,0.06973740965884691,0.01254355568708232,41,0.8034976214811471,0.48458891605578663,1.07156177009834,0.027558002981306284,0.2148583632075053,diagnostic_not_promoted,0.01403581068587334,0.1820373957698358,0.0454239335872193,0.0899224973023971,3.0,4,"fresh_state_distilled_both_lb168_fast72_z075_ret60_h168_ls590_ss100_tp600,fresh_state_distilled_both_lb168_fast72_z050_ret60_h168_ls590_ss100_tp600,fresh_state_distilled_both_lb168_fast72_z050_ret180_h120_ls590_ss100_tp240,fresh_state_distilled_both_lb168_fast72_z100_ret120_h168_ls590_ss100_tp450",False,0.5461891053498336,2.9302489577853286,0.18639682607809585,0.036983590540717426,255,1.6679436029450319,1.8193544010179732,0.5461121873095074,3.0,26.386558444039576,4.0,2.9302489577853286,0.18639682607809585,0.036983590540717426,1.6679436029450319,1.8193544010179732,63.30650263928641,0.053496744589135364,0.13112715055360957,6.5375994442195875,8.92618952776408,0.2858573211611159,3.3866918025253288,63.30650263928641,0.053496744589135364,0.13112715055360957,55,6.5375994442195875,8.92618952776408,0.2697674919071913,0.2302277748762993,38.97561007754033,
True,26.386303456895167,train_val_monthly_return_budget,1.473544321637827,True,"oos_monthly_return_gte_2pct,oos_return_risk_beats_current_champion,oos_sharpe_high,oos_sortino_high,oos_smart_sortino_high",False,3.0,train_val_monthly_return_budget,fresh_portfolio_train_val_monthly_return_budget_fresh_state_distilled_both_lb168_fast72_z075_ret60_h168_ls590_ss100_tp600__fresh_state_distilled_both_lb168_fast72_z050_ret120_h168_ls590_ss100_tp600__fresh_state_distilled_both_lb168_fast72_z050_ret180_h120_ls590_ss100_tp240__fresh_state_distilled_both_lb168_fast72_z100_ret60_h168_ls590_ss100_tp450,0.16135387331477102,2.3137348247391007,0.06973740965884691,0.01254355672380747,41,0.8036207693215967,0.4844186844594317,1.0711852518433476,0.0275580052757447,0.21481369058934538,diagnostic_not_promoted,0.014034220197771008,0.18201515057218165,0.0454239335872193,0.0899224973023971,3.0,4,"fresh_state_distilled_both_lb168_fast72_z075_ret60_h168_ls590_ss100_tp600,fresh_state_distilled_both_lb168_fast72_z050_ret120_h168_ls590_ss100_tp600,fresh_state_distilled_both_lb168_fast72_z050_ret180_h120_ls590_ss100_tp240,fresh_state_distilled_both_lb168_fast72_z100_ret60_h168_ls590_ss100_tp450",False,0.5461223588175175,2.9299137709522585,0.18639536911696242,0.03697986005544496,255,1.667779392560062,1.8192324230781751,0.546045451716545,3.0,26.386303456895167,4.0,2.9299137709522585,0.18639536911696242,0.03697986005544496,1.667779392560062,1.8192324230781751,63.30650263928641,0.053496744589135364,0.13112715055360957,6.5375994442195875,8.92618952776408,0.28586004890143973,3.3866918025253288,63.30650263928641,0.053496744589135364,0.13112715055360957,55,6.5375994442195875,8.92618952776408,0.2697674919071913,0.2302277748762993,38.97394168771627,
True,26.386114678184395,train_val_monthly_return_budget,1.4735536276880319,True,"oos_monthly_return_gte_2pct,oos_return_risk_beats_current_champion,oos_sharpe_high,oos_sortino_high,oos_smart_sortino_high",False,3.0,train_val_monthly_return_budget,fresh_portfolio_train_val_monthly_return_budget_fresh_state_distilled_both_lb168_fast72_z075_ret60_h168_ls590_ss100_tp600__fresh_state_distilled_both_lb168_fast72_z050_ret180_h168_ls590_ss100_tp600__fresh_state_distilled_both_lb168_fast72_z050_ret180_h120_ls590_ss100_tp240__fresh_state_distilled_both_lb168_fast72_z100_ret60_h168_ls590_ss100_tp450,0.16194125385136227,2.322157571432227,0.06973740965884691,0.012586223201692448,41,0.805989256563335,0.4874447637530092,1.074222827762358,0.027652435372314876,0.21480839583536238,diagnostic_not_promoted,0.014034138010401653,0.18201400107745158,0.0454239335872193,0.0899224973023971,3.0,4,"fresh_state_distilled_both_lb168_fast72_z075_ret60_h168_ls590_ss100_tp600,fresh_state_distilled_both_lb168_fast72_z050_ret180_h168_ls590_ss100_tp600,fresh_state_distilled_both_lb168_fast72_z050_ret180_h120_ls590_ss100_tp240,fresh_state_distilled_both_lb168_fast72_z100_ret60_h168_ls590_ss100_tp450",False,0.5461189097680579,2.92986087718997,0.1863975569692717,0.036979667282944106,255,1.667367360161426,1.8194322369909977,0.5460420032323547,3.0,26.386114678184395,4.0,2.92986087718997,0.1863975569692717,0.036979667282944106,1.667367360161426,1.8194322369909977,63.30650263928641,0.053496744589135364,0.13112715055360957,6.5375994442195875,8.92618952776408,0.28594368584747154,3.3866918025253288,63.30650263928641,0.053496744589135364,0.13112715055360957,55,6.5375994442195875,8.92618952776408,0.2697674919071913,0.2302277748762993,38.973855475611515,
True,26.385770950861623,train_val_monthly_return_budget,1.473807459841392,True,"oos_monthly_return_gte_2pct,oos_return_risk_beats_current_champion,oos_sharpe_high,oos_sortino_high,oos_smart_sortino_high",False,3.0,train_val_monthly_return_budget,fresh_portfolio_train_val_monthly_return_budget_fresh_state_distilled_both_lb168_fast72_z075_ret120_h168_ls590_ss100_tp600__fresh_state_distilled_both_lb168_fast72_z050_ret60_h168_ls590_ss100_tp600__fresh_state_distilled_both_lb168_fast72_z050_ret180_h120_ls590_ss100_tp240__fresh_state_distilled_both_lb168_fast72_z100_ret60_h168_ls590_ss100_tp450,0.16135387331477102,2.3137348247391007,0.06973740965884691,0.01254355672380747,41,0.8036207693215967,0.4844186844594317,1.0711852518433476,0.0275580052757447,0.21481369058934538,diagnostic_not_promoted,0.014031896636822916,0.1819826530166675,0.0454239335872193,0.0899224973023971,3.0,4,"fresh_state_distilled_both_lb168_fast72_z075_ret120_h168_ls590_ss100_tp600,fresh_state_distilled_both_lb168_fast72_z050_ret60_h168_ls590_ss100_tp600,fresh_state_distilled_both_lb168_fast72_z050_ret180_h120_ls590_ss100_tp240,fresh_state_distilled_both_lb168_fast72_z100_ret60_h168_ls590_ss100_tp450",False,0.5460248501704879,2.929367745466419,0.18639682607809585,0.03697441000026558,255,1.667577089607467,1.8189448968370467,0.5459479590500025,3.0,26.385770950861623,4.0,2.929367745466419,0.18639682607809585,0.03697441000026558,1.667577089607467,1.8189448968370467,63.30650263928641,0.053496744589135364,0.13112715055360957,6.5375994442195875,8.92618952776408,0.2858562553330976,3.3866918025253288,63.30650263928641,0.053496744589135364,0.13112715055360957,55,6.5375994442195875,8.92618952776408,0.2697674919071913,0.2302277748762993,38.97150437105271,
True,26.380108460280702,train_val_monthly_return_budget,1.4653602581297458,True,"oos_return_risk_beats_current_champion,oos_sharpe_high,oos_sortino_high,oos_smart_sortino_high",False,3.0,train_val_monthly_return_budget,fresh_portfolio_train_val_monthly_return_budget_fresh_state_distilled_both_lb168_fast72_z075_ret180_h168_ls590_ss100_tp600__fresh_state_distilled_both_lb168_fast72_z075_ret120_h168_ls590_ss100_tp600__fresh_state_distilled_both_lb168_fast72_z100_ret120_h168_ls590_ss100_tp450,0.3918860188476343,7.008503418070117,0.0559157919274505,0.027938122357723527,25,1.8611953787045556,1.875315890890634,2.4155956704494383,0.06193475926710246,0.18704459931714895,diagnostic_not_promoted,0.014106874091856403,0.1830317084755717,0.03717007726267618,0.07330438569843789,3.0,3,"fresh_state_distilled_both_lb168_fast72_z075_ret180_h168_ls590_ss100_tp600,fresh_state_distilled_both_lb168_fast72_z075_ret120_h168_ls590_ss100_tp600,fresh_state_distilled_both_lb168_fast72_z100_ret120_h168_ls590_ss100_tp450",False,0.5491725327684365,3.570304072302358,0.1538167398762468,0.037150184684934695,157,1.8526622640968233,1.9394580338836178,0.5490951254267151,3.0,26.380108460280702,3.0,3.570304072302358,0.1538167398762468,0.037150184684934695,1.8526622640968233,1.9394580338836178,59.18800683579227,0.040942574117053494,0.10799341401827056,5.791180311188414,7.599443295540213,0.25366360499871027,2.423309356715094,59.18800683579227,0.040942574117053494,0.10799341401827056,34,5.791180311188414,7.599443295540213,0.21991315709531367,0.21654968072107655,34.575795666639735,
True,26.366547276691524,train_val_monthly_return_budget,1.473364252677004,True,"oos_monthly_return_gte_2pct,oos_return_risk_beats_current_champion,oos_sharpe_high,oos_sortino_high,oos_smart_sortino_high",False,3.0,train_val_monthly_return_budget,fresh_portfolio_train_val_monthly_return_budget_fresh_state_distilled_both_lb168_fast72_z075_ret60_h168_ls590_ss100_tp600__fresh_state_distilled_both_lb168_fast72_z050_ret60_h168_ls590_ss100_tp600__fresh_state_distilled_both_lb168_fast72_z050_ret180_h120_ls590_ss100_tp240__fresh_state_distilled_both_lb168_fast72_z100_ret180_h168_ls590_ss100_tp450,0.15492583828944584,2.2230363840280036,0.06969109430801572,0.012075336274224302,40,0.7794645276751567,0.45235292540507854,1.0387977401188802,0.026522041355271586,0.21417437024720576,diagnostic_not_promoted,0.01403581068587334,0.1820373957698358,0.04530392907901848,0.08967999775674307,3.0,4,"fresh_state_distilled_both_lb168_fast72_z075_ret60_h168_ls590_ss100_tp600,fresh_state_distilled_both_lb168_fast72_z050_ret60_h168_ls590_ss100_tp600,fresh_state_distilled_both_lb168_fast72_z050_ret180_h120_ls590_ss100_tp240,fresh_state_distilled_both_lb168_fast72_z100_ret180_h168_ls590_ss100_tp450",False,0.5461891053498336,2.9302489577853286,0.18639682607809585,0.036983590540717426,255,1.6679436029450319,1.8193544010179732,0.5461121873095074,3.0,26.366547276691524,4.0,2.9302489577853286,0.18639682607809585,0.036983590540717426,1.6679436029450319,1.8193544010179732,62.98371958251821,0.05352423683544568,0.1307927661078887,6.53016959570098,8.900160242031502,0.2858573211611159,3.3711555237120026,62.98371958251821,0.05352423683544568,0.1307927661078887,55,6.53016959570098,8.900160242031502,0.2690399932702292,0.22993607720485496,38.90037112425082,
True,26.363513204267765,train_val_monthly_return_budget,1.4864960463430033,True,"oos_monthly_return_gte_2pct,oos_return_risk_beats_current_champion,oos_sharpe_high,oos_sortino_high,oos_smart_sortino_high",False,3.0,train_val_monthly_return_budget,fresh_portfolio_train_val_monthly_return_budget_fresh_state_distilled_both_lb168_fast72_z075_ret60_h168_ls590_ss100_tp600__fresh_state_distilled_both_lb168_fast72_z050_ret120_h168_ls590_ss100_tp600__fresh_state_distilled_both_lb168_fast72_z050_ret180_h120_ls590_ss100_tp240__fresh_state_distilled_both_lb168_fast72_z100_ret120_h168_ls590_ss100_tp450,0.16135385904570088,2.3137346201276845,0.06973740965884691,0.01254355568708232,41,0.8034976214811471,0.48458891605578663,1.07156177009834,0.027558002981306284,0.2148583632075053,diagnostic_not_promoted,0.013920761839591789,0.18042926668895043,0.0454239335872193,0.0899224973023971,3.0,4,"fresh_state_distilled_both_lb168_fast72_z075_ret60_h168_ls590_ss100_tp600,fresh_state_distilled_both_lb168_fast72_z050_ret120_h168_ls590_ss100_tp600,fresh_state_distilled_both_lb168_fast72_z050_ret180_h120_ls590_ss100_tp240,fresh_state_distilled_both_lb168_fast72_z100_ret120_h168_ls590_ss100_tp450",False,0.5413639281381095,2.904385075137814,0.18639536911696242,0.03671352867013633,255,1.6570966198435757,1.8075472633863927,0.5412878000668513,3.0,26.363513204267765,4.0,2.904385075137814,0.18639536911696242,0.03671352867013633,1.6570966198435757,1.8075472633863927,63.30650263928641,0.053496744589135364,0.13112715055360957,6.5375994442195875,8.92618952776408,0.285839058877039,3.3866918025253288,63.30650263928641,0.053496744589135364,0.13112715055360957,55,6.5375994442195875,8.92618952776408,0.2697674919071913,0.2302277748762993,38.855000396473926,
True,26.363325240126844,train_val_monthly_return_budget,1.4865055167038213,True,"oos_monthly_return_gte_2pct,oos_return_risk_beats_current_champion,oos_sharpe_high,oos_sortino_high,oos_smart_sortino_high",False,3.0,train_val_monthly_return_budget,fresh_portfolio_train_val_monthly_return_budget_fresh_state_distilled_both_lb168_fast72_z075_ret60_h168_ls590_ss100_tp600__fresh_state_distilled_both_lb168_fast72_z050_ret180_h168_ls590_ss100_tp600__fresh_state_distilled_both_lb168_fast72_z050_ret180_h120_ls590_ss100_tp240__fresh_state_distilled_both_lb168_fast72_z100_ret120_h168_ls590_ss100_tp450,0.16194123957638706,2.3221573667361355,0.06973740965884691,0.012586222165019034,41,0.8058656079255614,0.4876160959225237,1.0746004953160375,0.02765243307787646,0.21485306994792042,diagnostic_not_promoted,0.013920679551013393,0.18042811719422036,0.0454239335872193,0.0899224973023971,3.0,4,"fresh_state_distilled_both_lb168_fast72_z075_ret60_h168_ls590_ss100_tp600,fresh_state_distilled_both_lb168_fast72_z050_ret180_h168_ls590_ss100_tp600,fresh_state_distilled_both_lb168_fast72_z050_ret180_h120_ls590_ss100_tp240,fresh_state_distilled_both_lb168_fast72_z100_ret120_h168_ls590_ss100_tp450",False,0.5413604790898634,2.904332481026608,0.1863975569692717,0.03671333535224752,255,1.656687622708207,1.807745819078964,0.5412843515826611,3.0,26.363325240126844,4.0,2.904332481026608,0.1863975569692717,0.03671333535224752,1.656687622708207,1.807745819078964,63.30650263928641,0.053496744589135364,0.13112715055360957,6.5375994442195875,8.92618952776408,0.28592270189688856,3.3866918025253288,63.30650263928641,0.053496744589135364,0.13112715055360957,55,6.5375994442195875,8.92618952776408,0.2697674919071913,0.2302277748762993,38.85491418436917,
True,26.362979934372508,train_val_monthly_return_budget,1.4867638310046667,True,"oos_monthly_return_gte_2pct,oos_return_risk_beats_current_champion,oos_sharpe_high,oos_sortino_high,oos_smart_sortino_high",False,3.0,train_val_monthly_return_budget,fresh_portfolio_train_val_monthly_return_budget_fresh_state_distilled_both_lb168_fast72_z075_ret120_h168_ls590_ss100_tp600__fresh_state_distilled_both_lb168_fast72_z050_ret60_h168_ls590_ss100_tp600__fresh_state_distilled_both_lb168_fast72_z050_ret180_h120_ls590_ss100_tp240__fresh_state_distilled_both_lb168_fast72_z100_ret120_h168_ls590_ss100_tp450,0.16135385904570088,2.3137346201276845,0.06973740965884691,0.01254355568708232,41,0.8034976214811471,0.48458891605578663,1.07156177009834,0.027558002981306284,0.2148583632075053,diagnostic_not_promoted,0.013918435417273223,0.18039676913343627,0.0454239335872193,0.0899224973023971,3.0,4,"fresh_state_distilled_both_lb168_fast72_z075_ret120_h168_ls590_ss100_tp600,fresh_state_distilled_both_lb168_fast72_z050_ret60_h168_ls590_ss100_tp600,fresh_state_distilled_both_lb168_fast72_z050_ret180_h120_ls590_ss100_tp240,fresh_state_distilled_both_lb168_fast72_z100_ret120_h168_ls590_ss100_tp450",False,0.5412664195253916,2.9038392493797818,0.18639682607809585,0.03670806319530184,255,1.6568915019015737,1.8072621996493277,0.5411903074003088,3.0,26.362979934372508,4.0,2.9038392493797818,0.18639682607809585,0.03670806319530184,1.6568915019015737,1.8072621996493277,63.30650263928641,0.053496744589135364,0.13112715055360957,6.5375994442195875,8.92618952776408,0.2858356773988757,3.3866918025253288,63.30650263928641,0.053496744589135364,0.13112715055360957,55,6.5375994442195875,8.92618952776408,0.2697674919071913,0.2302277748762993,38.852563079810366,
True,26.362724216207685,train_val_monthly_return_budget,1.4869471903536706,True,"oos_monthly_return_gte_2pct,oos_return_risk_beats_current_champion,oos_sharpe_high,oos_sortino_high,oos_smart_sortino_high",False,3.0,train_val_monthly_return_budget,fresh_portfolio_train_val_monthly_return_budget_fresh_state_distilled_both_lb168_fast72_z075_ret120_h168_ls590_ss100_tp600__fresh_state_distilled_both_lb168_fast72_z050_ret120_h168_ls590_ss100_tp600__fresh_state_distilled_both_lb168_fast72_z050_ret180_h120_ls590_ss100_tp240__fresh_state_distilled_both_lb168_fast72_z100_ret60_h168_ls590_ss100_tp450,0.16135387331477102,2.3137348247391007,0.06973740965884691,0.01254355672380747,41,0.8036207693215967,0.4844186844594317,1.0711852518433476,0.0275580052757447,0.21481369058934538,diagnostic_not_promoted,0.01391684290289752,0.18037452393578213,0.0454239335872193,0.0899224973023971,3.0,4,"fresh_state_distilled_both_lb168_fast72_z075_ret120_h168_ls590_ss100_tp600,fresh_state_distilled_both_lb168_fast72_z050_ret120_h168_ls590_ss100_tp600,fresh_state_distilled_both_lb168_fast72_z050_ret180_h120_ls590_ss100_tp240,fresh_state_distilled_both_lb168_fast72_z100_ret60_h168_ls590_ss100_tp450",False,0.5411996730173732,2.9035038562453357,0.18639536911696242,0.03670432179063199,255,1.6567254489159895,1.8071414487352695,0.5411235718073464,3.0,26.362724216207685,4.0,2.9035038562453357,0.18639536911696242,0.03670432179063199,1.6567254489159895,1.8071414487352695,63.30650263928641,0.053496744589135364,0.13112715055360957,6.5375994442195875,8.92618952776408,0.28583870798839317,3.3866918025253288,63.30650263928641,0.053496744589135364,0.13112715055360957,55,6.5375994442195875,8.92618952776408,0.2697674919071913,0.2302277748762993,38.850894689986305,
True,26.362536287025446,train_val_monthly_return_budget,1.4869566664637934,True,"oos_monthly_return_gte_2pct,oos_return_risk_beats_current_champion,oos_sharpe_high,oos_sortino_high,oos_smart_sortino_high",False,3.0,train_val_monthly_return_budget,fresh_portfolio_train_val_monthly_return_budget_fresh_state_distilled_both_lb168_fast72_z075_ret120_h168_ls590_ss100_tp600__fresh_state_distilled_both_lb168_fast72_z050_ret180_h168_ls590_ss100_tp600__fresh_state_distilled_both_lb168_fast72_z050_ret180_h120_ls590_ss100_tp240__fresh_state_distilled_both_lb168_fast72_z100_ret60_h168_ls590_ss100_tp450,0.16194125385136227,2.322157571432227,0.06973740965884691,0.012586223201692448,41,0.805989256563335,0.4874447637530092,1.074222827762358,0.027652435372314876,0.21480839583536238,diagnostic_not_promoted,0.01391676061082081,0.18037337444105206,0.0454239335872193,0.0899224973023971,3.0,4,"fresh_state_distilled_both_lb168_fast72_z075_ret120_h168_ls590_ss100_tp600,fresh_state_distilled_both_lb168_fast72_z050_ret180_h168_ls590_ss100_tp600,fresh_state_distilled_both_lb168_fast72_z050_ret180_h120_ls590_ss100_tp240,fresh_state_distilled_both_lb168_fast72_z100_ret60_h168_ls590_ss100_tp450",False,0.5411962239691692,2.9034512724777146,0.1863975569692717,0.03670412845385962,255,1.6563165584335406,1.8073399783984596,0.5411201233231562,3.0,26.362536287025446,4.0,2.9034512724777146,0.1863975569692717,0.03670412845385962,1.6563165584335406,1.8073399783984596,63.30650263928641,0.053496744589135364,0.13112715055360957,6.5375994442195875,8.92618952776408,0.28592235111026515,3.3866918025253288,63.30650263928641,0.053496744589135364,0.13112715055360957,55,6.5375994442195875,8.92618952776408,0.2697674919071913,0.2302277748762993,38.85080847788155,
True,26.353177666932975,train_val_monthly_return_budget,1.084821158503488,True,"oos_monthly_return_gte_2pct,oos_return_risk_beats_current_champion,oos_sharpe_high,oos_sortino_high,oos_smart_sortino_high",False,2.0,train_val_monthly_return_budget,fresh_portfolio_train_val_monthly_return_budget_fresh_state_distilled_both_lb168_fast72_z075_ret180_h168_ls590_ss100_tp600__fresh_state_distilled_both_lb168_fast72_z075_ret60_h168_ls590_ss100_tp600__fresh_state_distilled_both_lb168_fast72_z100_ret60_h168_ls590_ss100_tp450__fresh_state_distilled_both_lb168_fast72_z100_ret120_h168_ls590_ss100_tp450__fresh_state_distilled_both_lb168_fast72_z050_ret60_h120_ls590_ss100_tp240,0.2659413097941421,4.2620447112956645,0.062397587967418525,0.019845688760976365,49,1.3627089472165983,1.3180694933086092,1.7701241156683238,0.043787632770887486,0.1856883865992302,diagnostic_not_promoted,0.018583524733406298,0.2472365048149361,0.052430628791597655,0.10412658401742658,2.0,5,"fresh_state_distilled_both_lb168_fast72_z075_ret180_h168_ls590_ss100_tp600,fresh_state_distilled_both_lb168_fast72_z075_ret60_h168_ls590_ss100_tp600,fresh_state_distilled_both_lb168_fast72_z100_ret60_h168_ls590_ss100_tp450,fresh_state_distilled_both_lb168_fast72_z100_ret120_h168_ls590_ss100_tp450,fresh_state_distilled_both_lb168_fast72_z050_ret60_h120_ls590_ss100_tp240",False,0.49454156239118685,2.892057090559171,0.17099993081241996,0.034051890830075315,308,1.7154548112496402,1.849488188398269,0.4944730096298722,2.0,26.353177666932975,5.0,2.892057090559171,0.17099993081241996,0.034051890830075315,1.7154548112496402,1.849488188398269,58.910518922946444,0.037781086784851266,0.10251719027697015,6.435831998993403,9.157573316979335,0.25293504516826915,2.225703427968462,58.910518922946444,0.037781086784851266,0.10251719027697015,67,6.435831998993403,9.157573316979335,0.20825316803485316,0.1846286410780445,32.30565758189032,
True,26.353147926591408,train_val_monthly_return_budget,1.0848198869674361,True,"oos_monthly_return_gte_2pct,oos_return_risk_beats_current_champion,oos_sharpe_high,oos_sortino_high,oos_smart_sortino_high",False,2.0,train_val_monthly_return_budget,fresh_portfolio_train_val_monthly_return_budget_fresh_state_distilled_both_lb168_fast72_z075_ret180_h168_ls590_ss100_tp600__fresh_state_distilled_both_lb168_fast72_z075_ret60_h168_ls590_ss100_tp600__fresh_state_distilled_both_lb168_fast72_z100_ret60_h168_ls590_ss100_tp450__fresh_state_distilled_both_lb168_fast72_z100_ret120_h168_ls590_ss100_tp450__fresh_state_distilled_both_lb168_fast72_z050_ret120_h120_ls590_ss100_tp240,0.2659413097941421,4.2620447112956645,0.062397587967418525,0.019845688760976365,49,1.3627089472165983,1.3180694933086092,1.7701241156683238,0.043787632770887486,0.1856883865992302,diagnostic_not_promoted,0.01858354445762256,0.24723679460509662,0.052430628791597655,0.10412658401742658,2.0,5,"fresh_state_distilled_both_lb168_fast72_z075_ret180_h168_ls590_ss100_tp600,fresh_state_distilled_both_lb168_fast72_z075_ret60_h168_ls590_ss100_tp600,fresh_state_distilled_both_lb168_fast72_z100_ret60_h168_ls590_ss100_tp450,fresh_state_distilled_both_lb168_fast72_z100_ret120_h168_ls590_ss100_tp450,fresh_state_distilled_both_lb168_fast72_z050_ret120_h120_ls590_ss100_tp240",False,0.4945421420642666,2.8920671677551826,0.17099953541125026,0.0340519242523607,308,1.7154401865316744,1.8493712892139336,0.49447358921019324,2.0,26.353147926591408,5.0,2.8920671677551826,0.17099953541125026,0.0340519242523607,1.7154401865316744,1.8493712892139336,58.910518922946444,0.037781086784851266,0.10251719027697015,6.435831998993403,9.157573316979335,0.25293783960704797,2.225703427968462,58.910518922946444,0.037781086784851266,0.10251719027697015,67,6.435831998993403,9.157573316979335,0.20825316803485316,0.1846286410780445,32.30567207139835,
True,26.345848667256732,train_val_monthly_return_budget,1.6197934992718066,True,"oos_monthly_return_gte_2pct,oos_return_risk_beats_current_champion,oos_sharpe_high,oos_sortino_high,oos_smart_sortino_high",False,3.0,train_val_monthly_return_budget,fresh_portfolio_train_val_monthly_return_budget_fresh_state_distilled_both_lb168_fast72_z075_ret180_h168_ls590_ss100_tp600__fresh_state_distilled_both_lb168_fast72_z050_ret60_h168_ls590_ss100_tp600__fresh_state_distilled_both_lb168_fast72_z100_ret60_h168_ls590_ss100_tp450,0.2677692404605936,4.847055158591073,0.05524369574915833,0.019968323106751118,26,1.448639642876711,1.52667881922287,1.9628384855764367,0.04406137439307156,0.17424184600535003,diagnostic_not_promoted,0.012851661881817744,0.16558122482789783,0.03717007726267618,0.07330438569843789,3.0,3,"fresh_state_distilled_both_lb168_fast72_z075_ret180_h168_ls590_ss100_tp600,fresh_state_distilled_both_lb168_fast72_z050_ret60_h168_ls590_ss100_tp600,fresh_state_distilled_both_lb168_fast72_z100_ret60_h168_ls590_ss100_tp450",False,0.4968125908490295,3.329057422494,0.1492352121931369,0.03418274072729299,157,1.774333203427567,1.907538693352234,0.4967436744836935,3.0,26.345848667256732,3.0,3.329057422494,0.1492352121931369,0.03418274072729299,1.774333203427567,1.907538693352234,59.18800683579227,0.040942574117053494,0.10799341401827056,5.791180311188414,7.599443295540213,0.24415014019444226,2.423309356715094,59.18800683579227,0.040942574117053494,0.10799341401827056,34,5.791180311188414,7.599443295540213,0.21991315709531367,0.21654968072107655,33.267009393064185,
True,26.343502036919713,train_val_monthly_return_budget,1.4864960463430033,True,"oos_monthly_return_gte_2pct,oos_return_risk_beats_current_champion,oos_sharpe_high,oos_sortino_high,oos_smart_sortino_high",False,3.0,train_val_monthly_return_budget,fresh_portfolio_train_val_monthly_return_budget_fresh_state_distilled_both_lb168_fast72_z075_ret60_h168_ls590_ss100_tp600__fresh_state_distilled_both_lb168_fast72_z050_ret120_h168_ls590_ss100_tp600__fresh_state_distilled_both_lb168_fast72_z050_ret180_h120_ls590_ss100_tp240__fresh_state_distilled_both_lb168_fast72_z100_ret180_h168_ls590_ss100_tp450,0.15492583828944584,2.2230363840280036,0.06969109430801572,0.012075336274224302,40,0.7794645276751567,0.45235292540507854,1.0387977401188802,0.026522041355271586,0.21417437024720576,diagnostic_not_promoted,0.013920761839591789,0.18042926668895043,0.04530392907901848,0.08967999775674307,3.0,4,"fresh_state_distilled_both_lb168_fast72_z075_ret60_h168_ls590_ss100_tp600,fresh_state_distilled_both_lb168_fast72_z050_ret120_h168_ls590_ss100_tp600,fresh_state_distilled_both_lb168_fast72_z050_ret180_h120_ls590_ss100_tp240,fresh_state_distilled_both_lb168_fast72_z100_ret180_h168_ls590_ss100_tp450",False,0.5413639281381095,2.904385075137814,0.18639536911696242,0.03671352867013633,255,1.6570966198435757,1.8075472633863927,0.5412878000668513,3.0,26.343502036919713,4.0,2.904385075137814,0.18639536911696242,0.03671352867013633,1.6570966198435757,1.8075472633863927,62.98371958251821,0.05352423683544568,0.1307927661078887,6.53016959570098,8.900160242031502,0.285839058877039,3.3711555237120026,62.98371958251821,0.05352423683544568,0.1307927661078887,55,6.53016959570098,8.900160242031502,0.2690399932702292,0.22993607720485496,38.77976144318441,
True,26.3433140727788,train_val_monthly_return_budget,1.4865055167038213,True,"oos_monthly_return_gte_2pct,oos_return_risk_beats_current_champion,oos_sharpe_high,oos_sortino_high,oos_smart_sortino_high",False,3.0,train_val_monthly_return_budget,fresh_portfolio_train_val_monthly_return_budget_fresh_state_distilled_both_lb168_fast72_z075_ret60_h168_ls590_ss100_tp600__fresh_state_distilled_both_lb168_fast72_z050_ret180_h168_ls590_ss100_tp600__fresh_state_distilled_both_lb168_fast72_z050_ret180_h120_ls590_ss100_tp240__fresh_state_distilled_both_lb168_fast72_z100_ret180_h168_ls590_ss100_tp450,0.1555105573287192,2.2314265383953473,0.06969109430801572,0.012118026060212506,40,0.7818418540241368,0.4552856040419873,1.0418492007233513,0.026616471451841983,0.2141690872584128,diagnostic_not_promoted,0.013920679551013393,0.18042811719422036,0.04530392907901848,0.08967999775674307,3.0,4,"fresh_state_distilled_both_lb168_fast72_z075_ret60_h168_ls590_ss100_tp600,fresh_state_distilled_both_lb168_fast72_z050_ret180_h168_ls590_ss100_tp600,fresh_state_distilled_both_lb168_fast72_z050_ret180_h120_ls590_ss100_tp240,fresh_state_distilled_both_lb168_fast72_z100_ret180_h168_ls590_ss100_tp450",False,0.5413604790898634,2.904332481026608,0.1863975569692717,0.03671333535224752,255,1.656687622708207,1.807745819078964,0.5412843515826611,3.0,26.3433140727788,4.0,2.904332481026608,0.1863975569692717,0.03671333535224752,1.656687622708207,1.807745819078964,62.98371958251821,0.05352423683544568,0.1307927661078887,6.53016959570098,8.900160242031502,0.28592270189688856,3.3711555237120026,62.98371958251821,0.05352423683544568,0.1307927661078887,55,6.53016959570098,8.900160242031502,0.2690399932702292,0.22993607720485496,38.77967523107966,
True,26.342968767024463,train_val_monthly_return_budget,1.4867638310046667,True,"oos_monthly_return_gte_2pct,oos_return_risk_beats_current_champion,oos_sharpe_high,oos_sortino_high,oos_smart_sortino_high",False,3.0,train_val_monthly_return_budget,fresh_portfolio_train_val_monthly_return_budget_fresh_state_distilled_both_lb168_fast72_z075_ret120_h168_ls590_ss100_tp600__fresh_state_distilled_both_lb168_fast72_z050_ret60_h168_ls590_ss100_tp600__fresh_state_distilled_both_lb168_fast72_z050_ret180_h120_ls590_ss100_tp240__fresh_state_distilled_both_lb168_fast72_z100_ret180_h168_ls590_ss100_tp450,0.15492583828944584,2.2230363840280036,0.06969109430801572,0.012075336274224302,40,0.7794645276751567,0.45235292540507854,1.0387977401188802,0.026522041355271586,0.21417437024720576,diagnostic_not_promoted,0.013918435417273223,0.18039676913343627,0.04530392907901848,0.08967999775674307,3.0,4,"fresh_state_distilled_both_lb168_fast72_z075_ret120_h168_ls590_ss100_tp600,fresh_state_distilled_both_lb168_fast72_z050_ret60_h168_ls590_ss100_tp600,fresh_state_distilled_both_lb168_fast72_z050_ret180_h120_ls590_ss100_tp240,fresh_state_distilled_both_lb168_fast72_z100_ret180_h168_ls590_ss100_tp450",False,0.5412664195253916,2.9038392493797818,0.18639682607809585,0.03670806319530184,255,1.6568915019015737,1.8072621996493277,0.5411903074003088,3.0,26.342968767024463,4.0,2.9038392493797818,0.18639682607809585,0.03670806319530184,1.6568915019015737,1.8072621996493277,62.98371958251821,0.05352423683544568,0.1307927661078887,6.53016959570098,8.900160242031502,0.2858356773988757,3.3711555237120026,62.98371958251821,0.05352423683544568,0.1307927661078887,55,6.53016959570098,8.900160242031502,0.2690399932702292,0.22993607720485496,38.77732412652085,
True,26.339975076149845,train_val_monthly_return_budget,1.5001366501745221,True,"oos_monthly_return_gte_2pct,oos_return_risk_beats_current_champion,oos_sharpe_high,oos_sortino_high,oos_smart_sortino_high",False,3.0,train_val_monthly_return_budget,fresh_portfolio_train_val_monthly_return_budget_fresh_state_distilled_both_lb168_fast72_z075_ret120_h168_ls590_ss100_tp600__fresh_state_distilled_both_lb168_fast72_z050_ret120_h168_ls590_ss100_tp600__fresh_state_distilled_both_lb168_fast72_z050_ret180_h120_ls590_ss100_tp240__fresh_state_distilled_both_lb168_fast72_z100_ret120_h168_ls590_ss100_tp450,0.16135385904570088,2.3137346201276845,0.06973740965884691,0.01254355568708232,41,0.8034976214811471,0.48458891605578663,1.07156177009834,0.027558002981306284,0.2148583632075053,diagnostic_not_promoted,0.013803239900803455,0.1787886400525509,0.0454239335872193,0.0899224973023971,3.0,4,"fresh_state_distilled_both_lb168_fast72_z075_ret120_h168_ls590_ss100_tp600,fresh_state_distilled_both_lb168_fast72_z050_ret120_h168_ls590_ss100_tp600,fresh_state_distilled_both_lb168_fast72_z050_ret180_h120_ls590_ss100_tp240,fresh_state_distilled_both_lb168_fast72_z100_ret120_h168_ls590_ss100_tp450",False,0.5364412440728885,2.8779751697386513,0.18639536911696242,0.03643720961118091,255,1.6459055620576497,1.795808529499884,0.5363659201576527,3.0,26.339975076149845,4.0,2.8779751697386513,0.18639536911696242,0.03643720961118091,1.6459055620576497,1.795808529499884,63.30650263928641,0.053496744589135364,0.13112715055360957,6.5375994442195875,8.92618952776408,0.28583893994381265,3.3866918025253288,63.30650263928641,0.053496744589135364,0.13112715055360957,55,6.5375994442195875,8.92618952776408,0.2697674919071913,0.2302277748762993,38.73195339874396,
True,26.33978811451534,train_val_monthly_return_budget,1.5001462951399982,True,"oos_monthly_return_gte_2pct,oos_return_risk_beats_current_champion,oos_sharpe_high,oos_sortino_high,oos_smart_sortino_high",False,3.0,train_val_monthly_return_budget,fresh_portfolio_train_val_monthly_return_budget_fresh_state_distilled_both_lb168_fast72_z075_ret120_h168_ls590_ss100_tp600__fresh_state_distilled_both_lb168_fast72_z050_ret180_h168_ls590_ss100_tp600__fresh_state_distilled_both_lb168_fast72_z050_ret180_h120_ls590_ss100_tp240__fresh_state_distilled_both_lb168_fast72_z100_ret120_h168_ls590_ss100_tp450,0.16194123957638706,2.3221573667361355,0.06973740965884691,0.012586222165019034,41,0.8058656079255614,0.4876160959225237,1.0746004953160375,0.02765243307787646,0.21485306994792042,diagnostic_not_promoted,0.013803157507247699,0.17878749055782084,0.0454239335872193,0.0899224973023971,3.0,4,"fresh_state_distilled_both_lb168_fast72_z075_ret120_h168_ls590_ss100_tp600,fresh_state_distilled_both_lb168_fast72_z050_ret180_h168_ls590_ss100_tp600,fresh_state_distilled_both_lb168_fast72_z050_ret180_h120_ls590_ss100_tp240,fresh_state_distilled_both_lb168_fast72_z100_ret120_h168_ls590_ss100_tp450",False,0.5364377950259018,2.8779228856220227,0.1863975569692717,0.03643701572567193,255,1.645499813122916,1.7960061168894546,0.5363624716734625,3.0,26.33978811451534,4.0,2.8779228856220227,0.1863975569692717,0.03643701572567193,1.645499813122916,1.7960061168894546,63.30650263928641,0.053496744589135364,0.13112715055360957,6.5375994442195875,8.92618952776408,0.28592258302582174,3.3866918025253288,63.30650263928641,0.053496744589135364,0.13112715055360957,55,6.5375994442195875,8.92618952776408,0.2697674919071913,0.2302277748762993,38.731867186639214,
True,26.336016068890455,train_val_monthly_return_budget,1.0920679677804612,True,"oos_monthly_return_gte_2pct,oos_return_risk_beats_current_champion,oos_sharpe_high,oos_sortino_high,oos_smart_sortino_high",False,2.0,train_val_monthly_return_budget,fresh_portfolio_train_val_monthly_return_budget_fresh_state_distilled_both_lb168_fast72_z075_ret180_h168_ls590_ss100_tp600__fresh_state_distilled_both_lb168_fast72_z075_ret120_h168_ls590_ss100_tp600__fresh_state_distilled_both_lb168_fast72_z100_ret60_h168_ls590_ss100_tp450__fresh_state_distilled_both_lb168_fast72_z100_ret120_h168_ls590_ss100_tp450__fresh_state_distilled_both_lb168_fast72_z050_ret60_h120_ls590_ss100_tp240,0.2659413097941421,4.2620447112956645,0.062397587967418525,0.019845688760976365,49,1.3627089472165983,1.3180694933086092,1.7701241156683238,0.043787632770887486,0.1856883865992302,diagnostic_not_promoted,0.01847179007677191,0.24559587817853656,0.052430628791597655,0.10412658401742658,2.0,5,"fresh_state_distilled_both_lb168_fast72_z075_ret180_h168_ls590_ss100_tp600,fresh_state_distilled_both_lb168_fast72_z075_ret120_h168_ls590_ss100_tp600,fresh_state_distilled_both_lb168_fast72_z100_ret60_h168_ls590_ss100_tp450,fresh_state_distilled_both_lb168_fast72_z100_ret120_h168_ls590_ss100_tp450,fresh_state_distilled_both_lb168_fast72_z050_ret60_h120_ls590_ss100_tp240",False,0.49125978438385864,2.8728653985407213,0.17099993081241996,0.03386248219689958,308,1.7068277390086894,1.8402221067373805,0.49119175635707313,2.0,26.336016068890455,5.0,2.8728653985407213,0.17099993081241996,0.03386248219689958,1.7068277390086894,1.8402221067373805,58.910518922946444,0.037781086784851266,0.10251719027697015,6.435831998993403,9.157573316979335,0.25292385132366263,2.225703427968462,58.910518922946444,0.037781086784851266,0.10251719027697015,67,6.435831998993403,9.157573316979335,0.20825316803485316,0.1846286410780445,32.223626250070346,
True,26.335986556430672,train_val_monthly_return_budget,1.0920666791994775,True,"oos_monthly_return_gte_2pct,oos_return_risk_beats_current_champion,oos_sharpe_high,oos_sortino_high,oos_smart_sortino_high",False,2.0,train_val_monthly_return_budget,fresh_portfolio_train_val_monthly_return_budget_fresh_state_distilled_both_lb168_fast72_z075_ret180_h168_ls590_ss100_tp600__fresh_state_distilled_both_lb168_fast72_z075_ret120_h168_ls590_ss100_tp600__fresh_state_distilled_both_lb168_fast72_z100_ret60_h168_ls590_ss100_tp450__fresh_state_distilled_both_lb168_fast72_z100_ret120_h168_ls590_ss100_tp450__fresh_state_distilled_both_lb168_fast72_z050_ret120_h120_ls590_ss100_tp240,0.2659413097941421,4.2620447112956645,0.062397587967418525,0.019845688760976365,49,1.3627089472165983,1.3180694933086092,1.7701241156683238,0.043787632770887486,0.1856883865992302,diagnostic_not_promoted,0.018471809824801344,0.2455961679686971,0.052430628791597655,0.10412658401742658,2.0,5,"fresh_state_distilled_both_lb168_fast72_z075_ret180_h168_ls590_ss100_tp600,fresh_state_distilled_both_lb168_fast72_z075_ret120_h168_ls590_ss100_tp600,fresh_state_distilled_both_lb168_fast72_z100_ret60_h168_ls590_ss100_tp450,fresh_state_distilled_both_lb168_fast72_z100_ret120_h168_ls590_ss100_tp450,fresh_state_distilled_both_lb168_fast72_z050_ret120_h120_ls590_ss100_tp240",False,0.49126036405679296,2.872875431359051,0.17099953541125026,0.03386251568659282,308,1.706813211442018,1.840105766231728,0.4911923359373942,2.0,26.335986556430672,5.0,2.872875431359051,0.17099953541125026,0.03386251568659282,1.706813211442018,1.840105766231728,58.910518922946444,0.037781086784851266,0.10251719027697015,6.435831998993403,9.157573316979335,0.2529266458958135,2.225703427968462,58.910518922946444,0.037781086784851266,0.10251719027697015,67,6.435831998993403,9.157573316979335,0.20825316803485316,0.1846286410780445,32.22364073957838,
True,26.319963908801792,train_val_monthly_return_budget,1.5001366501745221,True,"oos_monthly_return_gte_2pct,oos_return_risk_beats_current_champion,oos_sharpe_high,oos_sortino_high,oos_smart_sortino_high",False,3.0,train_val_monthly_return_budget,fresh_portfolio_train_val_monthly_return_budget_fresh_state_distilled_both_lb168_fast72_z075_ret120_h168_ls590_ss100_tp600__fresh_state_distilled_both_lb168_fast72_z050_ret120_h168_ls590_ss100_tp600__fresh_state_distilled_both_lb168_fast72_z050_ret180_h120_ls590_ss100_tp240__fresh_state_distilled_both_lb168_fast72_z100_ret180_h168_ls590_ss100_tp450,0.15492583828944584,2.2230363840280036,0.06969109430801572,0.012075336274224302,40,0.7794645276751567,0.45235292540507854,1.0387977401188802,0.026522041355271586,0.21417437024720576,diagnostic_not_promoted,0.013803239900803455,0.1787886400525509,0.04530392907901848,0.08967999775674307,3.0,4,"fresh_state_distilled_both_lb168_fast72_z075_ret120_h168_ls590_ss100_tp600,fresh_state_distilled_both_lb168_fast72_z050_ret120_h168_ls590_ss100_tp600,fresh_state_distilled_both_lb168_fast72_z050_ret180_h120_ls590_ss100_tp240,fresh_state_distilled_both_lb168_fast72_z100_ret180_h168_ls590_ss100_tp450",False,0.5364412440728885,2.8779751697386513,0.18639536911696242,0.03643720961118091,255,1.6459055620576497,1.795808529499884,0.5363659201576527,3.0,26.319963908801792,4.0,2.8779751697386513,0.18639536911696242,0.03643720961118091,1.6459055620576497,1.795808529499884,62.98371958251821,0.05352423683544568,0.1307927661078887,6.53016959570098,8.900160242031502,0.28583893994381265,3.3711555237120026,62.98371958251821,0.05352423683544568,0.1307927661078887,55,6.53016959570098,8.900160242031502,0.2690399932702292,0.22993607720485496,38.656714445454455,
True,26.319799004479457,train_val_monthly_return_budget,1.6354573857569987,True,"oos_monthly_return_gte_2pct,oos_return_risk_beats_current_champion,oos_sharpe_high,oos_sortino_high,oos_smart_sortino_high",False,3.0,train_val_monthly_return_budget,fresh_portfolio_train_val_monthly_return_budget_fresh_state_distilled_both_lb168_fast72_z075_ret180_h168_ls590_ss100_tp600__fresh_state_distilled_both_lb168_fast72_z050_ret60_h168_ls590_ss100_tp600__fresh_state_distilled_both_lb168_fast72_z100_ret120_h168_ls590_ss100_tp450,0.26776922513615053,4.847054881193936,0.05524369574915833,0.019968322079326528,26,1.4482063104926841,1.5261046136409098,1.9621003351061235,0.044061372099514884,0.17430099142834832,diagnostic_not_promoted,0.012736737017925437,0.1639953409446666,0.03717007726267618,0.07330438569843789,3.0,3,"fresh_state_distilled_both_lb168_fast72_z075_ret180_h168_ls590_ss100_tp600,fresh_state_distilled_both_lb168_fast72_z050_ret60_h168_ls590_ss100_tp600,fresh_state_distilled_both_lb168_fast72_z100_ret120_h168_ls590_ss100_tp450",False,0.49205417780347394,3.2971720988118296,0.1492352121931369,0.03390836583542822,157,1.7615202962375436,1.89341208206777,0.49198602283399984,3.0,26.319799004479457,3.0,3.2971720988118296,0.1492352121931369,0.03390836583542822,1.7615202962375436,1.89341208206777,59.18800683579227,0.040942574117053494,0.10799341401827056,5.791180311188414,7.599443295540213,0.24411325533929729,2.423309356715094,59.18800683579227,0.040942574117053494,0.10799341401827056,34,5.791180311188414,7.599443295540213,0.21991315709531367,0.21654968072107655,33.14806810182185,
True,26.319776947167288,train_val_monthly_return_budget,1.5001462951399982,True,"oos_monthly_return_gte_2pct,oos_return_risk_beats_current_champion,oos_sharpe_high,oos_sortino_high,oos_smart_sortino_high",False,3.0,train_val_monthly_return_budget,fresh_portfolio_train_val_monthly_return_budget_fresh_state_distilled_both_lb168_fast72_z075_ret120_h168_ls590_ss100_tp600__fresh_state_distilled_both_lb168_fast72_z050_ret180_h168_ls590_ss100_tp600__fresh_state_distilled_both_lb168_fast72_z050_ret180_h120_ls590_ss100_tp240__fresh_state_distilled_both_lb168_fast72_z100_ret180_h168_ls590_ss100_tp450,0.1555105573287192,2.2314265383953473,0.06969109430801572,0.012118026060212506,40,0.7818418540241368,0.4552856040419873,1.0418492007233513,0.026616471451841983,0.2141690872584128,diagnostic_not_promoted,0.013803157507247699,0.17878749055782084,0.04530392907901848,0.08967999775674307,3.0,4,"fresh_state_distilled_both_lb168_fast72_z075_ret120_h168_ls590_ss100_tp600,fresh_state_distilled_both_lb168_fast72_z050_ret180_h168_ls590_ss100_tp600,fresh_state_distilled_both_lb168_fast72_z050_ret180_h120_ls590_ss100_tp240,fresh_state_distilled_both_lb168_fast72_z100_ret180_h168_ls590_ss100_tp450",False,0.5364377950259018,2.8779228856220227,0.1863975569692717,0.03643701572567193,255,1.645499813122916,1.7960061168894546,0.5363624716734625,3.0,26.319776947167288,4.0,2.8779228856220227,0.1863975569692717,0.03643701572567193,1.645499813122916,1.7960061168894546,62.98371958251821,0.05352423683544568,0.1307927661078887,6.53016959570098,8.900160242031502,0.28592258302582174,3.3711555237120026,62.98371958251821,0.05352423683544568,0.1307927661078887,55,6.53016959570098,8.900160242031502,0.2690399932702292,0.22993607720485496,38.65662823334969,
True,26.319500167985712,train_val_monthly_return_budget,1.6356792579649688,True,"oos_monthly_return_gte_2pct,oos_return_risk_beats_current_champion,oos_sharpe_high,oos_sortino_high,oos_smart_sortino_high",False,3.0,train_val_monthly_return_budget,fresh_portfolio_train_val_monthly_return_budget_fresh_state_distilled_both_lb168_fast72_z075_ret180_h168_ls590_ss100_tp600__fresh_state_distilled_both_lb168_fast72_z050_ret120_h168_ls590_ss100_tp600__fresh_state_distilled_both_lb168_fast72_z100_ret60_h168_ls590_ss100_tp450,0.2677692404605936,4.847055158591073,0.05524369574915833,0.019968323106751118,26,1.448639642876711,1.52667881922287,1.9628384855764367,0.04406137439307156,0.17424184600535003,diagnostic_not_promoted,0.012735123946013172,0.16397309574701247,0.03717007726267618,0.07330438569843789,3.0,3,"fresh_state_distilled_both_lb168_fast72_z075_ret180_h168_ls590_ss100_tp600,fresh_state_distilled_both_lb168_fast72_z050_ret120_h168_ls590_ss100_tp600,fresh_state_distilled_both_lb168_fast72_z100_ret60_h168_ls590_ss100_tp450",False,0.49198743154271707,3.2967596821893697,0.14923363513593732,0.03390451147737972,157,1.7612880540817297,1.8932870798471575,0.4919192872410374,3.0,26.319500167985712,3.0,3.2967596821893697,0.14923363513593732,0.03390451147737972,1.7612880540817297,1.8932870798471575,59.18800683579227,0.040942574117053494,0.10799341401827056,5.791180311188414,7.599443295540213,0.24412113286336215,2.423309356715094,59.18800683579227,0.040942574117053494,0.10799341401827056,34,5.791180311188414,7.599443295540213,0.21991315709531367,0.21654968072107655,33.14639971199779,
True,26.31947064508782,train_val_monthly_return_budget,1.6356907245891694,True,"oos_return_risk_beats_current_champion,oos_sharpe_high,oos_sortino_high,oos_smart_sortino_high",False,3.0,train_val_monthly_return_budget,fresh_portfolio_train_val_monthly_return_budget_fresh_state_distilled_both_lb168_fast72_z075_ret180_h168_ls590_ss100_tp600__fresh_state_distilled_both_lb168_fast72_z050_ret180_h168_ls590_ss100_tp600__fresh_state_distilled_both_lb168_fast72_z100_ret60_h168_ls590_ss100_tp450,0.2684000628836227,4.85847406195144,0.05524369574915833,0.02001060684007583,26,1.4514845417558857,1.5319809468032568,1.9665357595178286,0.04415576820030043,0.17424323423722193,diagnostic_not_promoted,0.012735040591629332,0.1639719462522824,0.03717007726267618,0.07330438569843789,3.0,3,"fresh_state_distilled_both_lb168_fast72_z075_ret180_h168_ls590_ss100_tp600,fresh_state_distilled_both_lb168_fast72_z050_ret180_h168_ls590_ss100_tp600,fresh_state_distilled_both_lb168_fast72_z100_ret60_h168_ls590_ss100_tp450",False,0.49198398250729025,3.2966842553128552,0.14923600333105028,0.03390431230361379,157,1.7607883313901673,1.8940736783179934,0.4919158387568472,3.0,26.31947064508782,3.0,3.2966842553128552,0.14923600333105028,0.03390431230361379,1.7607883313901673,1.8940736783179934,59.18800683579227,0.040942574117053494,0.10799341401827056,5.791180311188414,7.599443295540213,0.24420004582352756,2.423309356715094,59.18800683579227,0.040942574117053494,0.10799341401827056,34,5.791180311188414,7.599443295540213,0.21991315709531367,0.21654968072107655,33.146313499893026,
True,26.296590593464753,train_val_monthly_return_budget,1.1838260408926145,True,"oos_monthly_return_gte_2pct,oos_return_risk_beats_current_champion,oos_sharpe_high,oos_sortino_high,oos_smart_sortino_high",False,2.0,train_val_monthly_return_budget,fresh_portfolio_train_val_monthly_return_budget_fresh_state_distilled_both_lb168_fast72_z075_ret180_h168_ls590_ss100_tp600__fresh_state_distilled_both_lb168_fast72_z050_ret60_h168_ls590_ss100_tp600__fresh_state_distilled_both_lb168_fast72_z100_ret60_h168_ls590_ss100_tp450__fresh_state_distilled_both_lb168_fast72_z100_ret120_h168_ls590_ss100_tp450__fresh_state_distilled_both_lb168_fast72_z050_ret120_h120_ls590_ss100_tp240,0.18842792999573454,3.056910334737991,0.06163999246379099,0.014489922946270717,50,1.0518380082006793,0.7564563493780994,1.385795356254217,0.03187051474911118,0.17940720998715004,diagnostic_not_promoted,0.017165381916839584,0.226559800437792,0.052430628791597655,0.10412658401742658,2.0,5,"fresh_state_distilled_both_lb168_fast72_z075_ret180_h168_ls590_ss100_tp600,fresh_state_distilled_both_lb168_fast72_z050_ret60_h168_ls590_ss100_tp600,fresh_state_distilled_both_lb168_fast72_z100_ret60_h168_ls590_ss100_tp450,fresh_state_distilled_both_lb168_fast72_z100_ret120_h168_ls590_ss100_tp450,fresh_state_distilled_both_lb168_fast72_z050_ret120_h120_ls590_ss100_tp240",False,0.45318160119824613,2.70616011038021,0.1674629669766934,0.03163640065649953,308,1.634416648521322,1.7745053583514616,0.453119600875584,2.0,26.296590593464753,5.0,2.70616011038021,0.1674629669766934,0.03163640065649953,1.634416648521322,1.7745053583514616,58.910518922946444,0.037781086784851266,0.10251719027697015,6.435831998993403,9.157573316979335,0.2474699420473968,2.225703427968462,58.910518922946444,0.037781086784851266,0.10251719027697015,67,6.435831998993403,9.157573316979335,0.20825316803485316,0.1846286410780445,31.27182236303312,
True,26.296531832408157,train_val_monthly_return_budget,1.1838275551134816,True,"oos_monthly_return_gte_2pct,oos_return_risk_beats_current_champion,oos_sharpe_high,oos_sortino_high,oos_smart_sortino_high",False,2.0,train_val_monthly_return_budget,fresh_portfolio_train_val_monthly_return_budget_fresh_state_distilled_both_lb168_fast72_z075_ret180_h168_ls590_ss100_tp600__fresh_state_distilled_both_lb168_fast72_z050_ret60_h168_ls590_ss100_tp600__fresh_state_distilled_both_lb168_fast72_z100_ret60_h168_ls590_ss100_tp450__fresh_state_distilled_both_lb168_fast72_z100_ret120_h168_ls590_ss100_tp450__fresh_state_distilled_both_lb168_fast72_z050_ret60_h120_ls590_ss100_tp240,0.18842792999573454,3.056910334737991,0.06163999246379099,0.014489922946270717,50,1.0518380082006793,0.7564563493780994,1.385795356254217,0.03187051474911118,0.17940720998715004,diagnostic_not_promoted,0.01716536188804274,0.22655951064763147,0.052430628791597655,0.10412658401742658,2.0,5,"fresh_state_distilled_both_lb168_fast72_z075_ret180_h168_ls590_ss100_tp600,fresh_state_distilled_both_lb168_fast72_z050_ret60_h168_ls590_ss100_tp600,fresh_state_distilled_both_lb168_fast72_z100_ret60_h168_ls590_ss100_tp450,fresh_state_distilled_both_lb168_fast72_z100_ret120_h168_ls590_ss100_tp450,fresh_state_distilled_both_lb168_fast72_z050_ret60_h120_ls590_ss100_tp240",False,0.45318102152702355,2.7061555804776214,0.16746303309251703,0.03163636636335254,308,1.6344425737968309,1.7743204701448632,0.45311902129526294,2.0,26.296531832408157,5.0,2.7061555804776214,0.16746303309251703,0.03163636636335254,1.6344425737968309,1.7743204701448632,58.910518922946444,0.037781086784851266,0.10251719027697015,6.435831998993403,9.157573316979335,0.24746503085140192,2.225703427968462,58.910518922946444,0.037781086784851266,0.10251719027697015,67,6.435831998993403,9.157573316979335,0.20825316803485316,0.1846286410780445,31.271807873525095,
True,26.29310952163438,train_val_monthly_return_budget,1.6516534060741082,True,"oos_monthly_return_gte_2pct,oos_return_risk_beats_current_champion,oos_sharpe_high,oos_sortino_high,oos_smart_sortino_high",False,3.0,train_val_monthly_return_budget,fresh_portfolio_train_val_monthly_return_budget_fresh_state_distilled_both_lb168_fast72_z075_ret180_h168_ls590_ss100_tp600__fresh_state_distilled_both_lb168_fast72_z050_ret120_h168_ls590_ss100_tp600__fresh_state_distilled_both_lb168_fast72_z100_ret120_h168_ls590_ss100_tp450,0.26776922513615053,4.847054881193936,0.05524369574915833,0.019968322079326528,26,1.4482063104926841,1.5261046136409098,1.9621003351061235,0.044061372099514884,0.17430099142834832,diagnostic_not_promoted,0.012620053445708379,0.16238721186378124,0.03717007726267618,0.07330438569843789,3.0,3,"fresh_state_distilled_both_lb168_fast72_z075_ret180_h168_ls590_ss100_tp600,fresh_state_distilled_both_lb168_fast72_z050_ret120_h168_ls590_ss100_tp600,fresh_state_distilled_both_lb168_fast72_z100_ret120_h168_ls590_ss100_tp450",False,0.4872290202538525,3.2648740333238835,0.14923363513593732,0.033629322100105385,157,1.7482691714080558,1.8785032646923974,0.48716163559134373,3.0,26.29310952163438,3.0,3.2648740333238835,0.14923363513593732,0.033629322100105385,1.7482691714080558,1.8785032646923974,59.18800683579227,0.040942574117053494,0.10799341401827056,5.791180311188414,7.599443295540213,0.24411024381572402,2.423309356715094,59.18800683579227,0.040942574117053494,0.10799341401827056,34,5.791180311188414,7.599443295540213,0.21991315709531367,0.21654968072107655,33.02745842075544,
True,26.293080385138147,train_val_monthly_return_budget,1.6516650977603202,True,"oos_return_risk_beats_current_champion,oos_sharpe_high,oos_sortino_high,oos_smart_sortino_high",False,3.0,train_val_monthly_return_budget,fresh_portfolio_train_val_monthly_return_budget_fresh_state_distilled_both_lb168_fast72_z075_ret180_h168_ls590_ss100_tp600__fresh_state_distilled_both_lb168_fast72_z050_ret180_h168_ls590_ss100_tp600__fresh_state_distilled_both_lb168_fast72_z100_ret120_h168_ls590_ss100_tp450,0.26840004755294045,4.858473784441362,0.05524369574915833,0.020010605812701643,26,1.451050232956852,1.5314040860471076,1.9657952690387548,0.04415576590674375,0.1743023816911757,diagnostic_not_promoted,0.012619969987085256,0.16238606236905118,0.03717007726267618,0.07330438569843789,3.0,3,"fresh_state_distilled_both_lb168_fast72_z075_ret180_h168_ls590_ss100_tp600,fresh_state_distilled_both_lb168_fast72_z050_ret180_h168_ls590_ss100_tp600,fresh_state_distilled_both_lb168_fast72_z100_ret120_h168_ls590_ss100_tp450",False,0.48722557121968335,3.2647991124425295,0.14923600333105028,0.03362912234233484,157,1.7477735783019772,1.8792860169020884,0.48715818710715353,3.0,26.293080385138147,3.0,3.2647991124425295,0.14923600333105028,0.03362912234233484,1.7477735783019772,1.8792860169020884,59.18800683579227,0.040942574117053494,0.10799341401827056,5.791180311188414,7.599443295540213,0.24418916027135482,2.423309356715094,59.18800683579227,0.040942574117053494,0.10799341401827056,34,5.791180311188414,7.599443295540213,0.21991315709531367,0.21654968072107655,33.02737220865069,
True,26.289926388295555,train_val_monthly_return_budget,1.0,True,"oos_return_risk_beats_current_champion,oos_sharpe_high,oos_sortino_high,oos_smart_sortino_high",False,2.0,train_val_monthly_return_budget,fresh_portfolio_train_val_monthly_return_budget_fresh_state_distilled_both_lb168_fast72_z075_ret180_h168_ls590_ss100_tp600__fresh_state_distilled_both_lb168_fast72_z075_ret60_h168_ls590_ss100_tp600__fresh_state_distilled_both_lb168_fast72_z050_ret60_h168_ls590_ss100_tp600__fresh_state_distilled_both_lb168_fast72_z050_ret120_h168_ls590_ss100_tp600__fresh_state_distilled_both_lb168_fast72_z100_ret60_h168_ls590_ss100_tp450,0.2757502888527912,4.711997621762921,0.05852088880079346,0.020501873313736985,43,1.3290282089287635,1.3816750387546066,1.8039500889958329,0.04525280555488931,0.19795621952459508,diagnostic_not_promoted,0.02109637566811351,0.28466057447853177,0.06576577227376235,0.1314056924438809,2.0,5,"fresh_state_distilled_both_lb168_fast72_z075_ret180_h168_ls590_ss100_tp600,fresh_state_distilled_both_lb168_fast72_z075_ret60_h168_ls590_ss100_tp600,fresh_state_distilled_both_lb168_fast72_z050_ret60_h168_ls590_ss100_tp600,fresh_state_distilled_both_lb168_fast72_z050_ret120_h168_ls590_ss100_tp600,fresh_state_distilled_both_lb168_fast72_z100_ret60_h168_ls590_ss100_tp450",False,0.5694018912789969,3.5431194228253666,0.1607063785687874,0.03827209276422572,261,1.8040052347455422,1.9543692601980518,0.5693211489570635,2.0,26.289926388295555,5.0,3.5431194228253666,0.1607063785687874,0.03827209276422572,1.8040052347455422,1.9543692601980518,66.42882704482092,0.048774262752483845,0.1279260673810576,5.72286488881077,7.4036255681780325,0.27008891731934503,3.2400170646234008,66.42882704482092,0.048774262752483845,0.1279260673810576,56,5.72286488881077,7.4036255681780325,0.2628113848877618,0.2582480880100135,38.97431432107854,
True,26.28972804379908,train_val_monthly_return_budget,1.0,True,"oos_return_risk_beats_current_champion,oos_sharpe_high,oos_sortino_high,oos_smart_sortino_high",False,2.0,train_val_monthly_return_budget,fresh_portfolio_train_val_monthly_return_budget_fresh_state_distilled_both_lb168_fast72_z075_ret180_h168_ls590_ss100_tp600__fresh_state_distilled_both_lb168_fast72_z075_ret60_h168_ls590_ss100_tp600__fresh_state_distilled_both_lb168_fast72_z050_ret60_h168_ls590_ss100_tp600__fresh_state_distilled_both_lb168_fast72_z050_ret180_h168_ls590_ss100_tp600__fresh_state_distilled_both_lb168_fast72_z100_ret60_h168_ls590_ss100_tp450,0.27617302766910834,4.7192213469144,0.05852088880079346,0.020530048906537646,43,1.3307027191288443,1.38337235158715,1.8061661438201861,0.0453157428219404,0.1979560773782564,diagnostic_not_promoted,0.021096299520931616,0.2846594249838017,0.06576577227376235,0.1314056924438809,2.0,5,"fresh_state_distilled_both_lb168_fast72_z075_ret180_h168_ls590_ss100_tp600,fresh_state_distilled_both_lb168_fast72_z075_ret60_h168_ls590_ss100_tp600,fresh_state_distilled_both_lb168_fast72_z050_ret60_h168_ls590_ss100_tp600,fresh_state_distilled_both_lb168_fast72_z050_ret180_h168_ls590_ss100_tp600,fresh_state_distilled_both_lb168_fast72_z100_ret60_h168_ls590_ss100_tp450",False,0.5693995919087675,3.5430720049177515,0.1607078803700422,0.03827196599759164,261,1.804058968603407,1.953931104249516,0.5693188499676034,2.0,26.28972804379908,5.0,3.5430720049177515,0.1607078803700422,0.03827196599759164,1.804058968603407,1.953931104249516,66.42882704482092,0.048774262752483845,0.1279260673810576,5.72286488881077,7.4036255681780325,0.2700785020284413,3.2400170646234008,66.42882704482092,0.048774262752483845,0.1279260673810576,56,5.72286488881077,7.4036255681780325,0.2628113848877618,0.2582480880100135,38.97425684634204,
True,26.285777499994673,train_val_monthly_return_budget,1.0,True,"oos_return_risk_beats_current_champion,oos_sharpe_high,oos_sortino_high,oos_smart_sortino_high",False,2.0,train_val_monthly_return_budget,fresh_portfolio_train_val_monthly_return_budget_fresh_state_distilled_both_lb168_fast72_z075_ret180_h168_ls590_ss100_tp600__fresh_state_distilled_both_lb168_fast72_z075_ret60_h168_ls590_ss100_tp600__fresh_state_distilled_both_lb168_fast72_z075_ret120_h168_ls590_ss100_tp600__fresh_state_distilled_both_lb168_fast72_z050_ret60_h168_ls590_ss100_tp600__fresh_state_distilled_both_lb168_fast72_z100_ret60_h168_ls590_ss100_tp450,0.3578664555389761,6.118057123074449,0.058493480583774106,0.025820613106874113,42,1.624990409961245,1.681726133474506,2.1953901864554712,0.057169923576665616,0.20061762720795817,diagnostic_not_promoted,0.02245397965845397,0.30530507109032223,0.06576577227376235,0.1314056924438809,2.0,5,"fresh_state_distilled_both_lb168_fast72_z075_ret180_h168_ls590_ss100_tp600,fresh_state_distilled_both_lb168_fast72_z075_ret60_h168_ls590_ss100_tp600,fresh_state_distilled_both_lb168_fast72_z075_ret120_h168_ls590_ss100_tp600,fresh_state_distilled_both_lb168_fast72_z050_ret60_h168_ls590_ss100_tp600,fresh_state_distilled_both_lb168_fast72_z100_ret60_h168_ls590_ss100_tp450",False,0.6106977844619623,3.6885699665456992,0.16556491811211957,0.04052177176964156,261,1.8805729131523676,2.032780832824873,0.6106101421806445,2.0,26.285777499994673,5.0,3.6885699665456992,0.16556491811211957,0.04052177176964156,1.8805729131523676,2.032780832824873,66.42882704482092,0.048774262752483845,0.1279260673810576,5.72286488881077,7.4036255681780325,0.27337881204353104,3.2400170646234008,66.42882704482092,0.048774262752483845,0.1279260673810576,56,5.72286488881077,7.4036255681780325,0.2628113848877618,0.2582480880100135,40.00653915166806,
True,26.279158090460143,train_val_monthly_return_budget,1.1922904838800095,True,"oos_monthly_return_gte_2pct,oos_return_risk_beats_current_champion,oos_sharpe_high,oos_sortino_high,oos_smart_sortino_high",False,2.0,train_val_monthly_return_budget,fresh_portfolio_train_val_monthly_return_budget_fresh_state_distilled_both_lb168_fast72_z075_ret180_h168_ls590_ss100_tp600__fresh_state_distilled_both_lb168_fast72_z050_ret120_h168_ls590_ss100_tp600__fresh_state_distilled_both_lb168_fast72_z100_ret60_h168_ls590_ss100_tp450__fresh_state_distilled_both_lb168_fast72_z100_ret120_h168_ls590_ss100_tp450__fresh_state_distilled_both_lb168_fast72_z050_ret60_h120_ls590_ss100_tp240,0.18842792999573454,3.056910334737991,0.06163999246379099,0.014489922946270717,50,1.0518380082006793,0.7564563493780994,1.385795356254217,0.03187051474911118,0.17940720998715004,diagnostic_not_promoted,0.017054149468428426,0.2249513815667461,0.052430628791597655,0.10412658401742658,2.0,5,"fresh_state_distilled_both_lb168_fast72_z075_ret180_h168_ls590_ss100_tp600,fresh_state_distilled_both_lb168_fast72_z050_ret120_h168_ls590_ss100_tp600,fresh_state_distilled_both_lb168_fast72_z100_ret60_h168_ls590_ss100_tp450,fresh_state_distilled_both_lb168_fast72_z100_ret120_h168_ls590_ss100_tp450,fresh_state_distilled_both_lb168_fast72_z050_ret60_h120_ls590_ss100_tp240",False,0.44996425933354645,2.686949657494323,0.1674628544224957,0.03144587045298519,308,1.625530625110588,1.7648728288170035,0.4499027631334922,2.0,26.279158090460143,5.0,2.686949657494323,0.1674628544224957,0.03144587045298519,1.625530625110588,1.7648728288170035,58.910518922946444,0.037781086784851266,0.10251719027697015,6.435831998993403,9.157573316979335,0.2474572228027629,2.225703427968462,58.910518922946444,0.037781086784851266,0.10251719027697015,67,6.435831998993403,9.157573316979335,0.20825316803485316,0.1846286410780445,31.19140141948083,
True,26.279110444916018,train_val_monthly_return_budget,1.1922889479320928,True,"oos_monthly_return_gte_2pct,oos_return_risk_beats_current_champion,oos_sharpe_high,oos_sortino_high,oos_smart_sortino_high",False,2.0,train_val_monthly_return_budget,fresh_portfolio_train_val_monthly_return_budget_fresh_state_distilled_both_lb168_fast72_z075_ret180_h168_ls590_ss100_tp600__fresh_state_distilled_both_lb168_fast72_z050_ret120_h168_ls590_ss100_tp600__fresh_state_distilled_both_lb168_fast72_z100_ret60_h168_ls590_ss100_tp450__fresh_state_distilled_both_lb168_fast72_z100_ret120_h168_ls590_ss100_tp450__fresh_state_distilled_both_lb168_fast72_z050_ret120_h120_ls590_ss100_tp240,0.18842792999573454,3.056910334737991,0.06163999246379099,0.014489922946270717,50,1.0518380082006793,0.7564563493780994,1.385795356254217,0.03187051474911118,0.17940720998715004,diagnostic_not_promoted,0.017054169521326434,0.22495167135690664,0.052430628791597655,0.10412658401742658,2.0,5,"fresh_state_distilled_both_lb168_fast72_z075_ret180_h168_ls590_ss100_tp600,fresh_state_distilled_both_lb168_fast72_z050_ret120_h168_ls590_ss100_tp600,fresh_state_distilled_both_lb168_fast72_z100_ret60_h168_ls590_ss100_tp450,fresh_state_distilled_both_lb168_fast72_z100_ret120_h168_ls590_ss100_tp450,fresh_state_distilled_both_lb168_fast72_z050_ret120_h120_ls590_ss100_tp240",False,0.4499648390046225,2.686954179815966,0.16746278830681113,0.03144590481585685,308,1.6254965567685586,1.7647630018995357,0.44990334271381327,2.0,26.279110444916018,5.0,2.686954179815966,0.16746278830681113,0.03144590481585685,1.6254965567685586,1.7647630018995357,58.910518922946444,0.037781086784851266,0.10251719027697015,6.435831998993403,9.157573316979335,0.24746362869858196,2.225703427968462,58.910518922946444,0.037781086784851266,0.10251719027697015,67,6.435831998993403,9.157573316979335,0.20825316803485316,0.1846286410780445,31.191415908988855,
True,26.27903662025046,train_val_monthly_return_budget,1.192296576479315,True,"oos_monthly_return_gte_2pct,oos_return_risk_beats_current_champion,oos_sharpe_high,oos_sortino_high,oos_smart_sortino_high",False,2.0,train_val_monthly_return_budget,fresh_portfolio_train_val_monthly_return_budget_fresh_state_distilled_both_lb168_fast72_z075_ret180_h168_ls590_ss100_tp600__fresh_state_distilled_both_lb168_fast72_z050_ret180_h168_ls590_ss100_tp600__fresh_state_distilled_both_lb168_fast72_z100_ret60_h168_ls590_ss100_tp450__fresh_state_distilled_both_lb168_fast72_z100_ret120_h168_ls590_ss100_tp450__fresh_state_distilled_both_lb168_fast72_z050_ret60_h120_ls590_ss100_tp240,0.18882684117203752,3.06338196395724,0.06163999246379099,0.014518295801402736,50,1.0537177491916583,0.7592222633829987,1.3881442528478316,0.031933452016162045,0.17940535019038753,diagnostic_not_promoted,0.017054069925654947,0.22495023207201603,0.052430628791597655,0.10412658401742658,2.0,5,"fresh_state_distilled_both_lb168_fast72_z075_ret180_h168_ls590_ss100_tp600,fresh_state_distilled_both_lb168_fast72_z050_ret180_h168_ls590_ss100_tp600,fresh_state_distilled_both_lb168_fast72_z100_ret60_h168_ls590_ss100_tp450,fresh_state_distilled_both_lb168_fast72_z100_ret120_h168_ls590_ss100_tp450,fresh_state_distilled_both_lb168_fast72_z050_ret60_h120_ls590_ss100_tp240",False,0.4499619599840943,2.686931622233104,0.16746312271621253,0.03144573414754381,308,1.625305446935412,1.7648338833403348,0.44990046414403206,2.0,26.27903662025046,5.0,2.686931622233104,0.16746312271621253,0.03144573414754381,1.625305446935412,1.7648338833403348,58.910518922946444,0.037781086784851266,0.10251719027697015,6.435831998993403,9.157573316979335,0.24749651551775853,2.225703427968462,58.910518922946444,0.037781086784851266,0.10251719027697015,67,6.435831998993403,9.157573316979335,0.20825316803485316,0.1846286410780445,31.19134394474433,
True,26.27899141303476,train_val_monthly_return_budget,1.192295040515702,True,"oos_monthly_return_gte_2pct,oos_return_risk_beats_current_champion,oos_sharpe_high,oos_sortino_high,oos_smart_sortino_high",False,2.0,train_val_monthly_return_budget,fresh_portfolio_train_val_monthly_return_budget_fresh_state_distilled_both_lb168_fast72_z075_ret180_h168_ls590_ss100_tp600__fresh_state_distilled_both_lb168_fast72_z050_ret180_h168_ls590_ss100_tp600__fresh_state_distilled_both_lb168_fast72_z100_ret60_h168_ls590_ss100_tp450__fresh_state_distilled_both_lb168_fast72_z100_ret120_h168_ls590_ss100_tp450__fresh_state_distilled_both_lb168_fast72_z050_ret120_h120_ls590_ss100_tp240,0.18882684117203752,3.06338196395724,0.06163999246379099,0.014518295801402736,50,1.0537177491916583,0.7592222633829987,1.3881442528478316,0.031933452016162045,0.17940535019038753,diagnostic_not_promoted,0.017054089978570275,0.22495052186217657,0.052430628791597655,0.10412658401742658,2.0,5,"fresh_state_distilled_both_lb168_fast72_z075_ret180_h168_ls590_ss100_tp600,fresh_state_distilled_both_lb168_fast72_z050_ret180_h168_ls590_ss100_tp600,fresh_state_distilled_both_lb168_fast72_z100_ret60_h168_ls590_ss100_tp450,fresh_state_distilled_both_lb168_fast72_z100_ret120_h168_ls590_ss100_tp450,fresh_state_distilled_both_lb168_fast72_z050_ret120_h120_ls590_ss100_tp240",False,0.4499625396551701,2.6869361445437305,0.16746305660031915,0.03144576851046521,308,1.6252709397134453,1.7647315246330446,0.44990104372435313,2.0,26.27899141303476,5.0,2.6869361445437305,0.16746305660031915,0.03144576851046521,1.6252709397134453,1.7647315246330446,58.910518922946444,0.037781086784851266,0.10251719027697015,6.435831998993403,9.157573316979335,0.24750300233808842,2.225703427968462,58.910518922946444,0.037781086784851266,0.10251719027697015,67,6.435831998993403,9.157573316979335,0.20825316803485316,0.1846286410780445,31.191358434252347,
True,26.274042170657523,train_val_monthly_return_budget,1.0,True,"oos_return_risk_beats_current_champion,oos_sharpe_high,oos_sortino_high,oos_smart_sortino_high",False,2.0,train_val_monthly_return_budget,fresh_portfolio_train_val_monthly_return_budget_fresh_state_distilled_both_lb168_fast72_z075_ret180_h168_ls590_ss100_tp600__fresh_state_distilled_both_lb168_fast72_z075_ret60_h168_ls590_ss100_tp600__fresh_state_distilled_both_lb168_fast72_z050_ret60_h168_ls590_ss100_tp600__fresh_state_distilled_both_lb168_fast72_z050_ret120_h168_ls590_ss100_tp600__fresh_state_distilled_both_lb168_fast72_z100_ret120_h168_ls590_ss100_tp450,0.27575027858258383,4.711997446266487,0.05852088880079346,0.020501872629122397,43,1.328807620404802,1.3811909480099247,1.8033180478013,0.04525280402565568,0.19799472342651048,diagnostic_not_promoted,0.020991260859371863,0.28307469059530055,0.06576577227376235,0.1314056924438809,2.0,5,"fresh_state_distilled_both_lb168_fast72_z075_ret180_h168_ls590_ss100_tp600,fresh_state_distilled_both_lb168_fast72_z075_ret60_h168_ls590_ss100_tp600,fresh_state_distilled_both_lb168_fast72_z050_ret60_h168_ls590_ss100_tp600,fresh_state_distilled_both_lb168_fast72_z050_ret120_h168_ls590_ss100_tp600,fresh_state_distilled_both_lb168_fast72_z100_ret120_h168_ls590_ss100_tp450",False,0.5662295985558994,3.523379741355663,0.1607063785687874,0.03809703889974747,261,1.7966409621774444,1.9461872971691583,0.5661493811906011,2.0,26.274042170657523,5.0,3.523379741355663,0.1607063785687874,0.03809703889974747,1.7966409621774444,1.9461872971691583,66.42882704482092,0.048774262752483845,0.1279260673810576,5.72286488881077,7.4036255681780325,0.2700663296495732,3.2400170646234008,66.42882704482092,0.048774262752483845,0.1279260673810576,56,5.72286488881077,7.4036255681780325,0.2628113848877618,0.2582480880100135,38.89502012691698,
True,26.273844360354175,train_val_monthly_return_budget,1.0,True,"oos_return_risk_beats_current_champion,oos_sharpe_high,oos_sortino_high,oos_smart_sortino_high",False,2.0,train_val_monthly_return_budget,fresh_portfolio_train_val_monthly_return_budget_fresh_state_distilled_both_lb168_fast72_z075_ret180_h168_ls590_ss100_tp600__fresh_state_distilled_both_lb168_fast72_z075_ret60_h168_ls590_ss100_tp600__fresh_state_distilled_both_lb168_fast72_z050_ret60_h168_ls590_ss100_tp600__fresh_state_distilled_both_lb168_fast72_z050_ret180_h168_ls590_ss100_tp600__fresh_state_distilled_both_lb168_fast72_z100_ret120_h168_ls590_ss100_tp450,0.2761730173961163,4.719221171370381,0.05852088880079346,0.020530048221945485,43,1.3304818024217482,1.3828873507273014,1.8055329143561323,0.04531574129270677,0.19799458168533096,diagnostic_not_promoted,0.02099118462592031,0.2830735411005705,0.06576577227376235,0.1314056924438809,2.0,5,"fresh_state_distilled_both_lb168_fast72_z075_ret180_h168_ls590_ss100_tp600,fresh_state_distilled_both_lb168_fast72_z075_ret60_h168_ls590_ss100_tp600,fresh_state_distilled_both_lb168_fast72_z050_ret60_h168_ls590_ss100_tp600,fresh_state_distilled_both_lb168_fast72_z050_ret180_h168_ls590_ss100_tp600,fresh_state_distilled_both_lb168_fast72_z100_ret120_h168_ls590_ss100_tp450",False,0.5662272991862014,3.5233325079169715,0.1607078803700422,0.03809691189780162,261,1.7966944117120287,1.9457509105479454,0.566147082201141,2.0,26.273844360354175,5.0,3.5233325079169715,0.1607078803700422,0.03809691189780162,1.7966944117120287,1.9457509105479454,66.42882704482092,0.048774262752483845,0.1279260673810576,5.72286488881077,7.4036255681780325,0.27005591341856483,3.2400170646234008,66.42882704482092,0.048774262752483845,0.1279260673810576,56,5.72286488881077,7.4036255681780325,0.2628113848877618,0.2582480880100135,38.894962652180475,
True,26.273670351154784,train_val_monthly_return_budget,1.0,True,"oos_return_risk_beats_current_champion,oos_sharpe_high,oos_sortino_high,oos_smart_sortino_high",False,2.0,train_val_monthly_return_budget,fresh_portfolio_train_val_monthly_return_budget_fresh_state_distilled_both_lb168_fast72_z075_ret180_h168_ls590_ss100_tp600__fresh_state_distilled_both_lb168_fast72_z075_ret60_h168_ls590_ss100_tp600__fresh_state_distilled_both_lb168_fast72_z050_ret120_h168_ls590_ss100_tp600__fresh_state_distilled_both_lb168_fast72_z050_ret180_h168_ls590_ss100_tp600__fresh_state_distilled_both_lb168_fast72_z100_ret60_h168_ls590_ss100_tp450,0.27617302766910834,4.7192213469144,0.05852088880079346,0.020530048906537646,43,1.3307027191288443,1.38337235158715,1.8061661438201861,0.0453157428219404,0.1979560773782564,diagnostic_not_promoted,0.0209897093321898,0.28305129590291633,0.06576577227376235,0.1314056924438809,2.0,5,"fresh_state_distilled_both_lb168_fast72_z075_ret180_h168_ls590_ss100_tp600,fresh_state_distilled_both_lb168_fast72_z075_ret60_h168_ls590_ss100_tp600,fresh_state_distilled_both_lb168_fast72_z050_ret120_h168_ls590_ss100_tp600,fresh_state_distilled_both_lb168_fast72_z050_ret180_h168_ls590_ss100_tp600,fresh_state_distilled_both_lb168_fast72_z100_ret60_h168_ls590_ss100_tp450",False,0.5661828014325452,3.5230775462371082,0.16070688027780364,0.03809445410308476,261,1.7965731868062857,1.94568374679258,0.5661025918058327,2.0,26.273670351154784,5.0,3.5230775462371082,0.16070688027780364,0.03809445410308476,1.7965731868062857,1.94568374679258,66.42882704482092,0.048774262752483845,0.1279260673810576,5.72286488881077,7.4036255681780325,0.2700587458826797,3.2400170646234008,66.42882704482092,0.048774262752483845,0.1279260673810576,56,5.72286488881077,7.4036255681780325,0.2628113848877618,0.2582480880100135,38.89385039229777,
True,26.273492895335103,train_val_monthly_return_budget,1.0,True,"oos_return_risk_beats_current_champion,oos_sharpe_high,oos_sortino_high,oos_smart_sortino_high",False,2.0,train_val_monthly_return_budget,fresh_portfolio_train_val_monthly_return_budget_fresh_state_distilled_both_lb168_fast72_z075_ret180_h168_ls590_ss100_tp600__fresh_state_distilled_both_lb168_fast72_z075_ret120_h168_ls590_ss100_tp600__fresh_state_distilled_both_lb168_fast72_z050_ret60_h168_ls590_ss100_tp600__fresh_state_distilled_both_lb168_fast72_z050_ret120_h168_ls590_ss100_tp600__fresh_state_distilled_both_lb168_fast72_z100_ret60_h168_ls590_ss100_tp450,0.2757502888527912,4.711997621762921,0.05852088880079346,0.020501873313736985,43,1.3290282089287635,1.3816750387546066,1.8039500889958329,0.04525280555488931,0.19795621952459508,diagnostic_not_promoted,0.02098763029995765,0.28301994784213225,0.06576577227376235,0.1314056924438809,2.0,5,"fresh_state_distilled_both_lb168_fast72_z075_ret180_h168_ls590_ss100_tp600,fresh_state_distilled_both_lb168_fast72_z075_ret120_h168_ls590_ss100_tp600,fresh_state_distilled_both_lb168_fast72_z050_ret60_h168_ls590_ss100_tp600,fresh_state_distilled_both_lb168_fast72_z050_ret120_h168_ls590_ss100_tp600,fresh_state_distilled_both_lb168_fast72_z100_ret60_h168_ls590_ss100_tp450",False,0.5661200949417959,3.5226983520102078,0.1607063785687874,0.03809099045595099,261,1.7963854762839047,1.945904132703331,0.5660398956842645,2.0,26.273492895335103,5.0,3.5226983520102078,0.1607063785687874,0.03809099045595099,1.7963854762839047,1.945904132703331,66.42882704482092,0.048774262752483845,0.1279260673810576,5.72286488881077,7.4036255681780325,0.27006572461223366,3.2400170646234008,66.42882704482092,0.048774262752483845,0.1279260673810576,56,5.72286488881077,7.4036255681780325,0.2628113848877618,0.2582480880100135,38.89228298925856,
True,26.273295103498967,train_val_monthly_return_budget,1.0,True,"oos_return_risk_beats_current_champion,oos_sharpe_high,oos_sortino_high,oos_smart_sortino_high",False,2.0,train_val_monthly_return_budget,fresh_portfolio_train_val_monthly_return_budget_fresh_state_distilled_both_lb168_fast72_z075_ret180_h168_ls590_ss100_tp600__fresh_state_distilled_both_lb168_fast72_z075_ret120_h168_ls590_ss100_tp600__fresh_state_distilled_both_lb168_fast72_z050_ret60_h168_ls590_ss100_tp600__fresh_state_distilled_both_lb168_fast72_z050_ret180_h168_ls590_ss100_tp600__fresh_state_distilled_both_lb168_fast72_z100_ret60_h168_ls590_ss100_tp450,0.27617302766910834,4.7192213469144,0.05852088880079346,0.020530048906537646,43,1.3307027191288443,1.38337235158715,1.8061661438201861,0.0453157428219404,0.1979560773782564,diagnostic_not_promoted,0.020987554063524483,0.2830187983474022,0.06576577227376235,0.1314056924438809,2.0,5,"fresh_state_distilled_both_lb168_fast72_z075_ret180_h168_ls590_ss100_tp600,fresh_state_distilled_both_lb168_fast72_z075_ret120_h168_ls590_ss100_tp600,fresh_state_distilled_both_lb168_fast72_z050_ret60_h168_ls590_ss100_tp600,fresh_state_distilled_both_lb168_fast72_z050_ret180_h168_ls590_ss100_tp600,fresh_state_distilled_both_lb168_fast72_z100_ret60_h168_ls590_ss100_tp450",False,0.5661177955721162,3.5226511249391543,0.1607078803700422,0.0380908634458661,261,1.7964389158698295,1.9454678073907463,0.5660375966948044,2.0,26.273295103498967,5.0,3.5226511249391543,0.1607078803700422,0.0380908634458661,1.7964389158698295,1.9454678073907463,66.42882704482092,0.048774262752483845,0.1279260673810576,5.72286488881077,7.4036255681780325,0.2700553083560158,3.2400170646234008,66.42882704482092,0.048774262752483845,0.1279260673810576,56,5.72286488881077,7.4036255681780325,0.2628113848877618,0.2582480880100135,38.89222551452206,
True,26.271290287953974,train_val_monthly_return_budget,1.4523420165509446,True,"oos_return_risk_beats_current_champion,oos_sharpe_high,oos_sortino_high,oos_smart_sortino_high",False,3.0,train_val_monthly_return_budget,fresh_portfolio_train_val_monthly_return_budget_fresh_state_distilled_both_lb168_fast72_z075_ret180_h168_ls590_ss100_tp600__fresh_state_distilled_both_lb168_fast72_z075_ret60_h168_ls590_ss100_tp600__fresh_state_distilled_both_lb168_fast72_z100_ret180_h168_ls590_ss100_tp450,0.38443372060217795,6.879590220006177,0.055880322564013526,0.027478352633748093,24,1.8342365420760531,1.8390527540048844,2.368452258802223,0.06089919575952951,0.1868463921160169,diagnostic_not_promoted,0.014224009865056342,0.18467233511197123,0.037049176740397316,0.07306188615278386,3.0,3,"fresh_state_distilled_both_lb168_fast72_z075_ret180_h168_ls590_ss100_tp600,fresh_state_distilled_both_lb168_fast72_z075_ret60_h168_ls590_ss100_tp600,fresh_state_distilled_both_lb168_fast72_z100_ret180_h168_ls590_ss100_tp450",False,0.5540952214635346,3.602307667613627,0.1538167398762468,0.03742442499905718,157,1.8651043448477491,1.9533349134034368,0.5540170053359137,3.0,26.271290287953974,3.0,3.602307667613627,0.1538167398762468,0.03742442499905718,1.8651043448477491,1.9533349134034368,58.85959268693466,0.040956626557416796,0.10765248060154353,5.782853224068958,7.571886600962849,0.2536739398774183,2.4106903570004437,58.85959268693466,0.040956626557416796,0.10765248060154353,34,5.782853224068958,7.571886600962849,0.21918565845835158,0.2162101540310231,34.62414111558739,
True,26.271175243355483,train_val_monthly_return_budget,1.084821158503488,True,"oos_monthly_return_gte_2pct,oos_return_risk_beats_current_champion,oos_sharpe_high,oos_sortino_high,oos_smart_sortino_high",False,2.0,train_val_monthly_return_budget,fresh_portfolio_train_val_monthly_return_budget_fresh_state_distilled_both_lb168_fast72_z075_ret180_h168_ls590_ss100_tp600__fresh_state_distilled_both_lb168_fast72_z075_ret60_h168_ls590_ss100_tp600__fresh_state_distilled_both_lb168_fast72_z100_ret60_h168_ls590_ss100_tp450__fresh_state_distilled_both_lb168_fast72_z050_ret60_h120_ls590_ss100_tp240__fresh_state_distilled_both_lb168_fast72_z100_ret180_h168_ls590_ss100_tp450,0.2613402609007789,4.190116021029587,0.06237065026103093,0.019536288250957767,48,1.3463831831816213,1.2821139810096838,1.7488550378910224,0.04309716865107194,0.18516306430585405,diagnostic_not_promoted,0.018583524733406298,0.2472365048149361,0.05231137421593335,0.10388408447177255,2.0,5,"fresh_state_distilled_both_lb168_fast72_z075_ret180_h168_ls590_ss100_tp600,fresh_state_distilled_both_lb168_fast72_z075_ret60_h168_ls590_ss100_tp600,fresh_state_distilled_both_lb168_fast72_z100_ret60_h168_ls590_ss100_tp450,fresh_state_distilled_both_lb168_fast72_z050_ret60_h120_ls590_ss100_tp240,fresh_state_distilled_both_lb168_fast72_z100_ret180_h168_ls590_ss100_tp450",False,0.49454156239118685,2.892057090559171,0.17099993081241996,0.034051890830075315,308,1.7154548112496402,1.849488188398269,0.4944730096298722,2.0,26.271175243355483,5.0,2.892057090559171,0.17099993081241996,0.034051890830075315,1.7154548112496402,1.849488188398269,58.67809153317949,0.03779427320949102,0.10228885291742973,6.43885275216218,9.151722247414652,0.25293504516826915,2.2176958228165073,58.67809153317949,0.03779427320949102,0.10228885291742973,67,6.43885275216218,9.151722247414652,0.2077681689435451,0.18414210937348147,32.25695146450285,
True,26.2711455030139,train_val_monthly_return_budget,1.0848198869674361,True,"oos_monthly_return_gte_2pct,oos_return_risk_beats_current_champion,oos_sharpe_high,oos_sortino_high,oos_smart_sortino_high",False,2.0,train_val_monthly_return_budget,fresh_portfolio_train_val_monthly_return_budget_fresh_state_distilled_both_lb168_fast72_z075_ret180_h168_ls590_ss100_tp600__fresh_state_distilled_both_lb168_fast72_z075_ret60_h168_ls590_ss100_tp600__fresh_state_distilled_both_lb168_fast72_z100_ret60_h168_ls590_ss100_tp450__fresh_state_distilled_both_lb168_fast72_z050_ret120_h120_ls590_ss100_tp240__fresh_state_distilled_both_lb168_fast72_z100_ret180_h168_ls590_ss100_tp450,0.2613402609007789,4.190116021029587,0.06237065026103093,0.019536288250957767,48,1.3463831831816213,1.2821139810096838,1.7488550378910224,0.04309716865107194,0.18516306430585405,diagnostic_not_promoted,0.01858354445762256,0.24723679460509662,0.05231137421593335,0.10388408447177255,2.0,5,"fresh_state_distilled_both_lb168_fast72_z075_ret180_h168_ls590_ss100_tp600,fresh_state_distilled_both_lb168_fast72_z075_ret60_h168_ls590_ss100_tp600,fresh_state_distilled_both_lb168_fast72_z100_ret60_h168_ls590_ss100_tp450,fresh_state_distilled_both_lb168_fast72_z050_ret120_h120_ls590_ss100_tp240,fresh_state_distilled_both_lb168_fast72_z100_ret180_h168_ls590_ss100_tp450",False,0.4945421420642666,2.8920671677551826,0.17099953541125026,0.0340519242523607,308,1.7154401865316744,1.8493712892139336,0.49447358921019324,2.0,26.2711455030139,5.0,2.8920671677551826,0.17099953541125026,0.0340519242523607,1.7154401865316744,1.8493712892139336,58.67809153317949,0.03779427320949102,0.10228885291742973,6.43885275216218,9.151722247414652,0.25293783960704797,2.2176958228165073,58.67809153317949,0.03779427320949102,0.10228885291742973,67,6.43885275216218,9.151722247414652,0.2077681689435451,0.18414210937348147,32.25696595401087,
True,26.270375841979053,train_val_monthly_return_budget,1.0,True,"oos_return_risk_beats_current_champion,oos_sharpe_high,oos_sortino_high,oos_smart_sortino_high",False,2.0,train_val_monthly_return_budget,fresh_portfolio_train_val_monthly_return_budget_fresh_state_distilled_both_lb168_fast72_z075_ret180_h168_ls590_ss100_tp600__fresh_state_distilled_both_lb168_fast72_z075_ret60_h168_ls590_ss100_tp600__fresh_state_distilled_both_lb168_fast72_z075_ret120_h168_ls590_ss100_tp600__fresh_state_distilled_both_lb168_fast72_z050_ret60_h168_ls590_ss100_tp600__fresh_state_distilled_both_lb168_fast72_z100_ret120_h168_ls590_ss100_tp450,0.3578664447309312,6.118056938300953,0.058493480583774106,0.025820612426449063,42,1.6247260038263387,1.6810798891940995,2.194546554235565,0.05716992204743199,0.20065478985331658,diagnostic_not_promoted,0.0223503907110687,0.303719187207091,0.06576577227376235,0.1314056924438809,2.0,5,"fresh_state_distilled_both_lb168_fast72_z075_ret180_h168_ls590_ss100_tp600,fresh_state_distilled_both_lb168_fast72_z075_ret60_h168_ls590_ss100_tp600,fresh_state_distilled_both_lb168_fast72_z075_ret120_h168_ls590_ss100_tp600,fresh_state_distilled_both_lb168_fast72_z050_ret60_h168_ls590_ss100_tp600,fresh_state_distilled_both_lb168_fast72_z100_ret120_h168_ls590_ss100_tp450",False,0.607525482323787,3.6694094935762562,0.16556491811211957,0.04035084001083167,261,1.8734849622060297,2.02491862858244,0.607438374414182,2.0,26.270375841979053,5.0,3.6694094935762562,0.16556491811211957,0.04035084001083167,1.8734849622060297,2.02491862858244,66.42882704482092,0.048774262752483845,0.1279260673810576,5.72286488881077,7.4036255681780325,0.27335764100698196,3.2400170646234008,66.42882704482092,0.048774262752483845,0.1279260673810576,56,5.72286488881077,7.4036255681780325,0.2628113848877618,0.2582480880100135,39.9272449575065,
True,26.27022104287302,train_val_monthly_return_budget,1.0,True,"oos_return_risk_beats_current_champion,oos_sharpe_high,oos_sortino_high,oos_smart_sortino_high",False,2.0,train_val_monthly_return_budget,fresh_portfolio_train_val_monthly_return_budget_fresh_state_distilled_both_lb168_fast72_z075_ret180_h168_ls590_ss100_tp600__fresh_state_distilled_both_lb168_fast72_z075_ret60_h168_ls590_ss100_tp600__fresh_state_distilled_both_lb168_fast72_z075_ret120_h168_ls590_ss100_tp600__fresh_state_distilled_both_lb168_fast72_z050_ret120_h168_ls590_ss100_tp600__fresh_state_distilled_both_lb168_fast72_z100_ret60_h168_ls590_ss100_tp450,0.3578664555389761,6.118057123074449,0.058493480583774106,0.025820613106874113,42,1.624990409961245,1.681726133474506,2.1953901864554712,0.057169923576665616,0.20061762720795817,diagnostic_not_promoted,0.022348936847315315,0.30369694200943687,0.06576577227376235,0.1314056924438809,2.0,5,"fresh_state_distilled_both_lb168_fast72_z075_ret180_h168_ls590_ss100_tp600,fresh_state_distilled_both_lb168_fast72_z075_ret60_h168_ls590_ss100_tp600,fresh_state_distilled_both_lb168_fast72_z075_ret120_h168_ls590_ss100_tp600,fresh_state_distilled_both_lb168_fast72_z050_ret120_h168_ls590_ss100_tp600,fresh_state_distilled_both_lb168_fast72_z100_ret60_h168_ls590_ss100_tp450",False,0.6074809844379243,3.6691628941544145,0.16556391797315467,0.04034844015254091,261,1.8734003033091795,2.0248539843352558,0.6073938840188737,2.0,26.27022104287302,5.0,3.6691628941544145,0.16556391797315467,0.04034844015254091,1.8734003033091795,2.0248539843352558,66.42882704482092,0.048774262752483845,0.1279260673810576,5.72286488881077,7.4036255681780325,0.2733548023071461,3.2400170646234008,66.42882704482092,0.048774262752483845,0.1279260673810576,56,5.72286488881077,7.4036255681780325,0.2628113848877618,0.2582480880100135,39.92613269762379,
True,26.270173350085425,train_val_monthly_return_budget,1.0,True,"oos_return_risk_beats_current_champion,oos_sharpe_high,oos_sortino_high,oos_smart_sortino_high",False,2.0,train_val_monthly_return_budget,fresh_portfolio_train_val_monthly_return_budget_fresh_state_distilled_both_lb168_fast72_z075_ret180_h168_ls590_ss100_tp600__fresh_state_distilled_both_lb168_fast72_z075_ret60_h168_ls590_ss100_tp600__fresh_state_distilled_both_lb168_fast72_z075_ret120_h168_ls590_ss100_tp600__fresh_state_distilled_both_lb168_fast72_z050_ret180_h168_ls590_ss100_tp600__fresh_state_distilled_both_lb168_fast72_z100_ret60_h168_ls590_ss100_tp450,0.3583113319625453,6.125662695851606,0.058493480583774106,0.025848616283538517,42,1.6266243326449938,1.683366157486722,2.1975311370836996,0.057232860843716704,0.20061748179288136,diagnostic_not_promoted,0.022348861719978075,0.3036957925147068,0.06576577227376235,0.1314056924438809,2.0,5,"fresh_state_distilled_both_lb168_fast72_z075_ret180_h168_ls590_ss100_tp600,fresh_state_distilled_both_lb168_fast72_z075_ret60_h168_ls590_ss100_tp600,fresh_state_distilled_both_lb168_fast72_z075_ret120_h168_ls590_ss100_tp600,fresh_state_distilled_both_lb168_fast72_z050_ret180_h168_ls590_ss100_tp600,fresh_state_distilled_both_lb168_fast72_z100_ret60_h168_ls590_ss100_tp450",False,0.6074786850614022,3.669115722544408,0.16556541984457668,0.040348316140998985,261,1.8730493437391016,2.0253083593814685,0.6073915850294136,2.0,26.270173350085425,5.0,3.669115722544408,0.16556541984457668,0.040348316140998985,1.8730493437391016,2.0253083593814685,66.42882704482092,0.048774262752483845,0.1279260673810576,5.72286488881077,7.4036255681780325,0.27341387632144865,3.2400170646234008,66.42882704482092,0.048774262752483845,0.1279260673810576,56,5.72286488881077,7.4036255681780325,0.2628113848877618,0.2582480880100135,39.92607522288729,
True,26.26540776006613,train_val_monthly_return_budget,1.1352046995658334,True,"oos_return_risk_beats_current_champion,oos_sharpe_high,oos_sortino_high,oos_smart_sortino_high",False,3.0,train_val_monthly_return_budget,fresh_portfolio_train_val_monthly_return_budget_fresh_state_distilled_both_lb168_fast72_z075_ret180_h168_ls590_ss100_tp600__fresh_state_distilled_both_lb168_fast72_z075_ret60_h168_ls590_ss100_tp600__fresh_state_distilled_both_lb168_fast72_z050_ret60_h168_ls590_ss100_tp600__fresh_state_distilled_both_lb168_fast72_z100_ret60_h168_ls590_ss100_tp450,0.4136082607839995,5.851250631862733,0.07068715507274864,0.029265516556764126,34,1.5870997136595222,1.5466892758440847,2.1564117122668884,0.06492758887326722,0.23554108043464614,diagnostic_not_promoted,0.01783362908935926,0.2362634612773098,0.05155913966484604,0.10235503907115939,3.0,4,"fresh_state_distilled_both_lb168_fast72_z075_ret180_h168_ls590_ss100_tp600,fresh_state_distilled_both_lb168_fast72_z075_ret60_h168_ls590_ss100_tp600,fresh_state_distilled_both_lb168_fast72_z050_ret60_h168_ls590_ss100_tp600,fresh_state_distilled_both_lb168_fast72_z100_ret60_h168_ls590_ss100_tp450",False,0.7088949132903946,3.9923141610423722,0.17756491215243086,0.045665902073943165,209,1.8739793429905605,2.0207866325680097,0.7087903838319294,3.0,26.26540776006613,4.0,3.9923141610423722,0.17756491215243086,0.045665902073943165,1.8739793429905605,2.0207866325680097,80.3208806287248,0.052884934213467745,0.14814796753910286,5.839168640681834,7.639007386802004,0.31196860680969424,4.247764488017906,80.3208806287248,0.052884934213467745,0.14814796753910286,45,5.839168640681834,7.639007386802004,0.3070651172134782,0.291170970904392,46.69618631653982,
True,26.259174940075123,train_val_monthly_return_budget,1.0,True,"oos_return_risk_beats_current_champion,oos_sharpe_high,oos_sortino_high,oos_smart_sortino_high",False,2.0,train_val_monthly_return_budget,fresh_portfolio_train_val_monthly_return_budget_fresh_state_distilled_both_lb168_fast72_z075_ret180_h168_ls590_ss100_tp600__fresh_state_distilled_both_lb168_fast72_z075_ret60_h168_ls590_ss100_tp600__fresh_state_distilled_both_lb168_fast72_z050_ret60_h168_ls590_ss100_tp600__fresh_state_distilled_both_lb168_fast72_z050_ret120_h168_ls590_ss100_tp600__fresh_state_distilled_both_lb168_fast72_z100_ret180_h168_ls590_ss100_tp450,0.2711200688827855,4.6348880680409055,0.05849549436851529,0.02019270710156973,42,1.310408508460432,1.3566638088429992,1.7710599084462924,0.04456233990584013,0.1980008836026758,diagnostic_not_promoted,0.020991260859371863,0.28307469059530055,0.06564791855485619,0.13116319289822687,2.0,5,"fresh_state_distilled_both_lb168_fast72_z075_ret180_h168_ls590_ss100_tp600,fresh_state_distilled_both_lb168_fast72_z075_ret60_h168_ls590_ss100_tp600,fresh_state_distilled_both_lb168_fast72_z050_ret60_h168_ls590_ss100_tp600,fresh_state_distilled_both_lb168_fast72_z050_ret120_h168_ls590_ss100_tp600,fresh_state_distilled_both_lb168_fast72_z100_ret180_h168_ls590_ss100_tp450",False,0.5662295985558994,3.523379741355663,0.1607063785687874,0.03809703889974747,261,1.7966409621774444,1.9461872971691583,0.5661493811906011,2.0,26.259174940075123,5.0,3.523379741355663,0.1607063785687874,0.03809703889974747,1.7966409621774444,1.9461872971691583,66.19977712932773,0.048790886030681005,0.12770256102965316,5.715390245392808,7.3861084827002985,0.2700663296495732,3.2299457811735124,66.19977712932773,0.048790886030681005,0.12770256102965316,56,5.715390245392808,7.3861084827002985,0.26232638579645373,0.25816595996581954,38.84456785736362,
True,26.25897712977177,train_val_monthly_return_budget,1.0,True,"oos_return_risk_beats_current_champion,oos_sharpe_high,oos_sortino_high,oos_smart_sortino_high",False,2.0,train_val_monthly_return_budget,fresh_portfolio_train_val_monthly_return_budget_fresh_state_distilled_both_lb168_fast72_z075_ret180_h168_ls590_ss100_tp600__fresh_state_distilled_both_lb168_fast72_z075_ret60_h168_ls590_ss100_tp600__fresh_state_distilled_both_lb168_fast72_z050_ret60_h168_ls590_ss100_tp600__fresh_state_distilled_both_lb168_fast72_z050_ret180_h168_ls590_ss100_tp600__fresh_state_distilled_both_lb168_fast72_z100_ret180_h168_ls590_ss100_tp450,0.27154155186487583,4.642093460296162,0.05849549436851529,0.020220892776821042,42,1.312083682455125,1.3583542682039083,1.7732667225305547,0.04462527717289144,0.19800075044076304,diagnostic_not_promoted,0.02099118462592031,0.2830735411005705,0.06564791855485619,0.13116319289822687,2.0,5,"fresh_state_distilled_both_lb168_fast72_z075_ret180_h168_ls590_ss100_tp600,fresh_state_distilled_both_lb168_fast72_z075_ret60_h168_ls590_ss100_tp600,fresh_state_distilled_both_lb168_fast72_z050_ret60_h168_ls590_ss100_tp600,fresh_state_distilled_both_lb168_fast72_z050_ret180_h168_ls590_ss100_tp600,fresh_state_distilled_both_lb168_fast72_z100_ret180_h168_ls590_ss100_tp450",False,0.5662272991862014,3.5233325079169715,0.1607078803700422,0.03809691189780162,261,1.7966944117120287,1.9457509105479454,0.566147082201141,2.0,26.25897712977177,5.0,3.5233325079169715,0.1607078803700422,0.03809691189780162,1.7966944117120287,1.9457509105479454,66.19977712932773,0.048790886030681005,0.12770256102965316,5.715390245392808,7.3861084827002985,0.27005591341856483,3.2299457811735124,66.19977712932773,0.048790886030681005,0.12770256102965316,56,5.715390245392808,7.3861084827002985,0.26232638579645373,0.25816595996581954,38.84451038262712,
True,26.257732421255625,train_val_monthly_return_budget,1.0,True,"oos_return_risk_beats_current_champion,oos_sharpe_high,oos_sortino_high,oos_smart_sortino_high",False,2.0,train_val_monthly_return_budget,fresh_portfolio_train_val_monthly_return_budget_fresh_state_distilled_both_lb168_fast72_z075_ret180_h168_ls590_ss100_tp600__fresh_state_distilled_both_lb168_fast72_z075_ret60_h168_ls590_ss100_tp600__fresh_state_distilled_both_lb168_fast72_z050_ret120_h168_ls590_ss100_tp600__fresh_state_distilled_both_lb168_fast72_z050_ret180_h168_ls590_ss100_tp600__fresh_state_distilled_both_lb168_fast72_z100_ret120_h168_ls590_ss100_tp450,0.2761730173961163,4.719221171370381,0.05852088880079346,0.020530048221945485,43,1.3304818024217482,1.3828873507273014,1.8055329143561323,0.04531574129270677,0.19799458168533096,diagnostic_not_promoted,0.020884473601835207,0.2814654120196851,0.06576577227376235,0.1314056924438809,2.0,5,"fresh_state_distilled_both_lb168_fast72_z075_ret180_h168_ls590_ss100_tp600,fresh_state_distilled_both_lb168_fast72_z075_ret60_h168_ls590_ss100_tp600,fresh_state_distilled_both_lb168_fast72_z050_ret120_h168_ls590_ss100_tp600,fresh_state_distilled_both_lb168_fast72_z050_ret180_h168_ls590_ss100_tp600,fresh_state_distilled_both_lb168_fast72_z100_ret120_h168_ls590_ss100_tp450",False,0.5630105094537574,3.5033379310239696,0.16070688027780364,0.0379190701559291,261,1.7891387562113756,1.9374614711693683,0.5629308240393702,2.0,26.257732421255625,5.0,3.5033379310239696,0.16070688027780364,0.0379190701559291,1.7891387562113756,1.9374614711693683,66.42882704482092,0.048774262752483845,0.1279260673810576,5.72286488881077,7.4036255681780325,0.27004562992736314,3.2400170646234008,66.42882704482092,0.048774262752483845,0.1279260673810576,56,5.72286488881077,7.4036255681780325,0.2628113848877618,0.2582480880100135,38.81455619813621,
True,26.257553410484412,train_val_monthly_return_budget,1.0,True,"oos_return_risk_beats_current_champion,oos_sharpe_high,oos_sortino_high,oos_smart_sortino_high",False,2.0,train_val_monthly_return_budget,fresh_portfolio_train_val_monthly_return_budget_fresh_state_distilled_both_lb168_fast72_z075_ret180_h168_ls590_ss100_tp600__fresh_state_distilled_both_lb168_fast72_z075_ret120_h168_ls590_ss100_tp600__fresh_state_distilled_both_lb168_fast72_z050_ret60_h168_ls590_ss100_tp600__fresh_state_distilled_both_lb168_fast72_z050_ret120_h168_ls590_ss100_tp600__fresh_state_distilled_both_lb168_fast72_z100_ret120_h168_ls590_ss100_tp450,0.27575027858258383,4.711997446266487,0.05852088880079346,0.020501872629122397,43,1.328807620404802,1.3811909480099247,1.8033180478013,0.04525280402565568,0.19799472342651048,diagnostic_not_promoted,0.020882392211213352,0.281434063958901,0.06576577227376235,0.1314056924438809,2.0,5,"fresh_state_distilled_both_lb168_fast72_z075_ret180_h168_ls590_ss100_tp600,fresh_state_distilled_both_lb168_fast72_z075_ret120_h168_ls590_ss100_tp600,fresh_state_distilled_both_lb168_fast72_z050_ret60_h168_ls590_ss100_tp600,fresh_state_distilled_both_lb168_fast72_z050_ret120_h168_ls590_ss100_tp600,fresh_state_distilled_both_lb168_fast72_z100_ret120_h168_ls590_ss100_tp450",False,0.5629478029775221,3.502958675262306,0.1607063785687874,0.03791560006600192,261,1.7889498659364889,1.9376794420921224,0.562868127917802,2.0,26.257553410484412,5.0,3.502958675262306,0.1607063785687874,0.03791560006600192,1.7889498659364889,1.9376794420921224,66.42882704482092,0.048774262752483845,0.1279260673810576,5.72286488881077,7.4036255681780325,0.27005279734966486,3.2400170646234008,66.42882704482092,0.048774262752483845,0.1279260673810576,56,5.72286488881077,7.4036255681780325,0.2628113848877618,0.2582480880100135,38.812988795097006,
True,26.257356154760046,train_val_monthly_return_budget,1.0,True,"oos_return_risk_beats_current_champion,oos_sharpe_high,oos_sortino_high,oos_smart_sortino_high",False,2.0,train_val_monthly_return_budget,fresh_portfolio_train_val_monthly_return_budget_fresh_state_distilled_both_lb168_fast72_z075_ret180_h168_ls590_ss100_tp600__fresh_state_distilled_both_lb168_fast72_z075_ret120_h168_ls590_ss100_tp600__fresh_state_distilled_both_lb168_fast72_z050_ret60_h168_ls590_ss100_tp600__fresh_state_distilled_both_lb168_fast72_z050_ret180_h168_ls590_ss100_tp600__fresh_state_distilled_both_lb168_fast72_z100_ret120_h168_ls590_ss100_tp450,0.2761730173961163,4.719221171370381,0.05852088880079346,0.020530048221945485,43,1.3304818024217482,1.3828873507273014,1.8055329143561323,0.04531574129270677,0.19799458168533096,diagnostic_not_promoted,0.02088231588829892,0.28143291446417096,0.06576577227376235,0.1314056924438809,2.0,5,"fresh_state_distilled_both_lb168_fast72_z075_ret180_h168_ls590_ss100_tp600,fresh_state_distilled_both_lb168_fast72_z075_ret120_h168_ls590_ss100_tp600,fresh_state_distilled_both_lb168_fast72_z050_ret60_h168_ls590_ss100_tp600,fresh_state_distilled_both_lb168_fast72_z050_ret180_h168_ls590_ss100_tp600,fresh_state_distilled_both_lb168_fast72_z100_ret120_h168_ls590_ss100_tp450",False,0.5629455036083746,3.5029116326601377,0.1607078803700422,0.037915472819658236,261,1.7890030137717372,1.9372449001718557,0.5628658289283419,2.0,26.257356154760046,5.0,3.5029116326601377,0.1607078803700422,0.037915472819658236,1.7890030137717372,1.9372449001718557,66.42882704482092,0.048774262752483845,0.1279260673810576,5.72286488881077,7.4036255681780325,0.2700423805539359,3.2400170646234008,66.42882704482092,0.048774262752483845,0.1279260673810576,56,5.72286488881077,7.4036255681780325,0.2628113848877618,0.2582480880100135,38.8129313203605,
True,26.257181301266513,train_val_monthly_return_budget,1.0,True,"oos_return_risk_beats_current_champion,oos_sharpe_high,oos_sortino_high,oos_smart_sortino_high",False,2.0,train_val_monthly_return_budget,fresh_portfolio_train_val_monthly_return_budget_fresh_state_distilled_both_lb168_fast72_z075_ret180_h168_ls590_ss100_tp600__fresh_state_distilled_both_lb168_fast72_z075_ret120_h168_ls590_ss100_tp600__fresh_state_distilled_both_lb168_fast72_z050_ret120_h168_ls590_ss100_tp600__fresh_state_distilled_both_lb168_fast72_z050_ret180_h168_ls590_ss100_tp600__fresh_state_distilled_both_lb168_fast72_z100_ret60_h168_ls590_ss100_tp450,0.27617302766910834,4.7192213469144,0.05852088880079346,0.020530048906537646,43,1.3307027191288443,1.38337235158715,1.8061661438201861,0.0453157428219404,0.1979560773782564,diagnostic_not_promoted,0.020880838863238216,0.2814106692665168,0.06576577227376235,0.1314056924438809,2.0,5,"fresh_state_distilled_both_lb168_fast72_z075_ret180_h168_ls590_ss100_tp600,fresh_state_distilled_both_lb168_fast72_z075_ret120_h168_ls590_ss100_tp600,fresh_state_distilled_both_lb168_fast72_z050_ret120_h168_ls590_ss100_tp600,fresh_state_distilled_both_lb168_fast72_z050_ret180_h168_ls590_ss100_tp600,fresh_state_distilled_both_lb168_fast72_z100_ret60_h168_ls590_ss100_tp450",False,0.5629010058653734,3.502656543965776,0.16070688027780364,0.03791301029518457,261,1.7888808640145717,1.9371769266759633,0.5628213385330336,2.0,26.257181301266513,5.0,3.502656543965776,0.16070688027780364,0.03791301029518457,1.7888808640145717,1.9371769266759633,66.42882704482092,0.048774262752483845,0.1279260673810576,5.72286488881077,7.4036255681780325,0.2700453513874929,3.2400170646234008,66.42882704482092,0.048774262752483845,0.1279260673810576,56,5.72286488881077,7.4036255681780325,0.2628113848877618,0.2582480880100135,38.811819060477795,
True,26.255508611396646,train_val_monthly_return_budget,1.0,True,"oos_return_risk_beats_current_champion,oos_sharpe_high,oos_sortino_high,oos_smart_sortino_high",False,2.0,train_val_monthly_return_budget,fresh_portfolio_train_val_monthly_return_budget_fresh_state_distilled_both_lb168_fast72_z075_ret180_h168_ls590_ss100_tp600__fresh_state_distilled_both_lb168_fast72_z075_ret60_h168_ls590_ss100_tp600__fresh_state_distilled_both_lb168_fast72_z075_ret120_h168_ls590_ss100_tp600__fresh_state_distilled_both_lb168_fast72_z050_ret60_h168_ls590_ss100_tp600__fresh_state_distilled_both_lb168_fast72_z100_ret180_h168_ls590_ss100_tp450,0.3529936752348066,6.037341011540385,0.05846840099972136,0.025513339465241813,41,1.6083335271601025,1.658226693751757,2.164429658613857,0.05647945792761644,0.20043752634788747,diagnostic_not_promoted,0.0223503907110687,0.303719187207091,0.06564791855485619,0.13116319289822687,2.0,5,"fresh_state_distilled_both_lb168_fast72_z075_ret180_h168_ls590_ss100_tp600,fresh_state_distilled_both_lb168_fast72_z075_ret60_h168_ls590_ss100_tp600,fresh_state_distilled_both_lb168_fast72_z075_ret120_h168_ls590_ss100_tp600,fresh_state_distilled_both_lb168_fast72_z050_ret60_h168_ls590_ss100_tp600,fresh_state_distilled_both_lb168_fast72_z100_ret180_h168_ls590_ss100_tp450",False,0.607525482323787,3.6694094935762562,0.16556491811211957,0.04035084001083167,261,1.8734849622060297,2.02491862858244,0.607438374414182,2.0,26.255508611396646,5.0,3.6694094935762562,0.16556491811211957,0.04035084001083167,1.8734849622060297,2.02491862858244,66.19977712932773,0.048790886030681005,0.12770256102965316,5.715390245392808,7.3861084827002985,0.27335764100698196,3.2299457811735124,66.19977712932773,0.048790886030681005,0.12770256102965316,56,5.715390245392808,7.3861084827002985,0.26232638579645373,0.25816595996581954,39.87679268795315,
True,26.254767317818576,train_val_monthly_return_budget,1.0,True,"oos_return_risk_beats_current_champion,oos_sharpe_high,oos_sortino_high,oos_smart_sortino_high",False,2.0,train_val_monthly_return_budget,fresh_portfolio_train_val_monthly_return_budget_fresh_state_distilled_both_lb168_fast72_z075_ret180_h168_ls590_ss100_tp600__fresh_state_distilled_both_lb168_fast72_z075_ret60_h168_ls590_ss100_tp600__fresh_state_distilled_both_lb168_fast72_z075_ret120_h168_ls590_ss100_tp600__fresh_state_distilled_both_lb168_fast72_z050_ret120_h168_ls590_ss100_tp600__fresh_state_distilled_both_lb168_fast72_z100_ret120_h168_ls590_ss100_tp450,0.3578664447309312,6.118056938300953,0.058493480583774106,0.025820612426449063,42,1.6247260038263387,1.6810798891940995,2.194546554235565,0.05716992204743199,0.20065478985331658,diagnostic_not_promoted,0.022245230705596253,0.30211105812620564,0.06576577227376235,0.1314056924438809,2.0,5,"fresh_state_distilled_both_lb168_fast72_z075_ret180_h168_ls590_ss100_tp600,fresh_state_distilled_both_lb168_fast72_z075_ret60_h168_ls590_ss100_tp600,fresh_state_distilled_both_lb168_fast72_z075_ret120_h168_ls590_ss100_tp600,fresh_state_distilled_both_lb168_fast72_z050_ret120_h168_ls590_ss100_tp600,fresh_state_distilled_both_lb168_fast72_z100_ret120_h168_ls590_ss100_tp450",False,0.6043086830244233,3.650002309817341,0.16556391797315467,0.04017719459511482,261,1.8662449222900745,2.0169515235653432,0.6042221162524113,2.0,26.254767317818576,5.0,3.650002309817341,0.16556391797315467,0.04017719459511482,1.8662449222900745,2.0169515235653432,66.42882704482092,0.048774262752483845,0.1279260673810576,5.72286488881077,7.4036255681780325,0.27334251836152185,3.2400170646234008,66.42882704482092,0.048774262752483845,0.1279260673810576,56,5.72286488881077,7.4036255681780325,0.2628113848877618,0.2582480880100135,39.84683850346223,
True,26.254719633382084,train_val_monthly_return_budget,1.0,True,"oos_return_risk_beats_current_champion,oos_sharpe_high,oos_sortino_high,oos_smart_sortino_high",False,2.0,train_val_monthly_return_budget,fresh_portfolio_train_val_monthly_return_budget_fresh_state_distilled_both_lb168_fast72_z075_ret180_h168_ls590_ss100_tp600__fresh_state_distilled_both_lb168_fast72_z075_ret60_h168_ls590_ss100_tp600__fresh_state_distilled_both_lb168_fast72_z075_ret120_h168_ls590_ss100_tp600__fresh_state_distilled_both_lb168_fast72_z050_ret180_h168_ls590_ss100_tp600__fresh_state_distilled_both_lb168_fast72_z100_ret120_h168_ls590_ss100_tp450,0.3583113211516029,6.125662511028575,0.058493480583774106,0.02584861560313545,42,1.6263596205328192,1.6827189385619765,2.1966862325254652,0.057232859314483076,0.20065464487551943,diagnostic_not_promoted,0.02224515549438899,0.3021099086314756,0.06576577227376235,0.1314056924438809,2.0,5,"fresh_state_distilled_both_lb168_fast72_z075_ret180_h168_ls590_ss100_tp600,fresh_state_distilled_both_lb168_fast72_z075_ret60_h168_ls590_ss100_tp600,fresh_state_distilled_both_lb168_fast72_z075_ret120_h168_ls590_ss100_tp600,fresh_state_distilled_both_lb168_fast72_z050_ret180_h168_ls590_ss100_tp600,fresh_state_distilled_both_lb168_fast72_z100_ret120_h168_ls590_ss100_tp450",False,0.6043063836484197,3.649955312019309,0.16556541984457668,0.040177070358837996,261,1.8658954646769181,2.017404129102013,0.6042198172629512,2.0,26.254719633382084,5.0,3.649955312019309,0.16556541984457668,0.040177070358837996,1.8658954646769181,2.017404129102013,66.42882704482092,0.048774262752483845,0.1279260673810576,5.72286488881077,7.4036255681780325,0.27340159500767697,3.2400170646234008,66.42882704482092,0.048774262752483845,0.1279260673810576,56,5.72286488881077,7.4036255681780325,0.2628113848877618,0.2582480880100135,39.84678102872573,
True,26.254588145853543,train_val_monthly_return_budget,1.0918246026019955,True,"oos_monthly_return_gte_2pct,oos_return_risk_beats_current_champion,oos_sharpe_high,oos_sortino_high,oos_smart_sortino_high",False,2.0,train_val_monthly_return_budget,fresh_portfolio_train_val_monthly_return_budget_fresh_state_distilled_both_lb168_fast72_z075_ret180_h168_ls590_ss100_tp600__fresh_state_distilled_both_lb168_fast72_z075_ret60_h168_ls590_ss100_tp600__fresh_state_distilled_both_lb168_fast72_z100_ret120_h168_ls590_ss100_tp450__fresh_state_distilled_both_lb168_fast72_z050_ret60_h120_ls590_ss100_tp240__fresh_state_distilled_both_lb168_fast72_z100_ret180_h168_ls590_ss100_tp450,0.2613402507255924,4.190115857888968,0.06237065026103093,0.019536287565577348,48,1.346192381563662,1.282535342968785,1.7494298539250448,0.04309716712183831,0.18519342417812126,diagnostic_not_promoted,0.018475520499627418,0.24565062093170487,0.05231137421593335,0.10388408447177255,2.0,5,"fresh_state_distilled_both_lb168_fast72_z075_ret180_h168_ls590_ss100_tp600,fresh_state_distilled_both_lb168_fast72_z075_ret60_h168_ls590_ss100_tp600,fresh_state_distilled_both_lb168_fast72_z100_ret120_h168_ls590_ss100_tp450,fresh_state_distilled_both_lb168_fast72_z050_ret60_h120_ls590_ss100_tp240,fresh_state_distilled_both_lb168_fast72_z100_ret180_h168_ls590_ss100_tp450",False,0.4913692873857154,2.873505767231729,0.17099993081241996,0.03386880834904038,308,1.707117043412156,1.8405343630690318,0.49130124186340973,2.0,26.254588145853543,5.0,2.873505767231729,0.17099993081241996,0.03386880834904038,1.707117043412156,1.8405343630690318,58.67809153317949,0.03779427320949102,0.10228885291742973,6.43885275216218,9.151722247414652,0.25292402928740754,2.2176958228165073,58.67809153317949,0.03779427320949102,0.10228885291742973,67,6.43885275216218,9.151722247414652,0.2077681689435451,0.18414210937348147,32.177657270341285,
True,26.25455862500613,train_val_monthly_return_budget,1.0918233145952632,True,"oos_monthly_return_gte_2pct,oos_return_risk_beats_current_champion,oos_sharpe_high,oos_sortino_high,oos_smart_sortino_high",False,2.0,train_val_monthly_return_budget,fresh_portfolio_train_val_monthly_return_budget_fresh_state_distilled_both_lb168_fast72_z075_ret180_h168_ls590_ss100_tp600__fresh_state_distilled_both_lb168_fast72_z075_ret60_h168_ls590_ss100_tp600__fresh_state_distilled_both_lb168_fast72_z100_ret120_h168_ls590_ss100_tp450__fresh_state_distilled_both_lb168_fast72_z050_ret120_h120_ls590_ss100_tp240__fresh_state_distilled_both_lb168_fast72_z100_ret180_h168_ls590_ss100_tp450,0.2613402507255924,4.190115857888968,0.06237065026103093,0.019536287565577348,48,1.346192381563662,1.282535342968785,1.7494298539250448,0.04309716712183831,0.18519342417812126,diagnostic_not_promoted,0.018475540246861266,0.2456509107218654,0.05231137421593335,0.10388408447177255,2.0,5,"fresh_state_distilled_both_lb168_fast72_z075_ret180_h168_ls590_ss100_tp600,fresh_state_distilled_both_lb168_fast72_z075_ret60_h168_ls590_ss100_tp600,fresh_state_distilled_both_lb168_fast72_z100_ret120_h168_ls590_ss100_tp450,fresh_state_distilled_both_lb168_fast72_z050_ret120_h120_ls590_ss100_tp240,fresh_state_distilled_both_lb168_fast72_z100_ret180_h168_ls590_ss100_tp450",False,0.4913698670586544,2.873515801530807,0.17099953541125026,0.03386884183647987,308,1.707102512560666,1.8404180017320169,0.4913018214437308,2.0,26.25455862500613,5.0,2.873515801530807,0.17099953541125026,0.03386884183647987,1.707102512560666,1.8404180017320169,58.67809153317949,0.03779427320949102,0.10228885291742973,6.43885275216218,9.151722247414652,0.2529268238574192,2.2176958228165073,58.67809153317949,0.03779427320949102,0.10228885291742973,67,6.43885275216218,9.151722247414652,0.2077681689435451,0.18414210937348147,32.17767175984931,
True,26.25401364531295,train_val_monthly_return_budget,1.0920679677804612,True,"oos_monthly_return_gte_2pct,oos_return_risk_beats_current_champion,oos_sharpe_high,oos_sortino_high,oos_smart_sortino_high",False,2.0,train_val_monthly_return_budget,fresh_portfolio_train_val_monthly_return_budget_fresh_state_distilled_both_lb168_fast72_z075_ret180_h168_ls590_ss100_tp600__fresh_state_distilled_both_lb168_fast72_z075_ret120_h168_ls590_ss100_tp600__fresh_state_distilled_both_lb168_fast72_z100_ret60_h168_ls590_ss100_tp450__fresh_state_distilled_both_lb168_fast72_z050_ret60_h120_ls590_ss100_tp240__fresh_state_distilled_both_lb168_fast72_z100_ret180_h168_ls590_ss100_tp450,0.2613402609007789,4.190116021029587,0.06237065026103093,0.019536288250957767,48,1.3463831831816213,1.2821139810096838,1.7488550378910224,0.04309716865107194,0.18516306430585405,diagnostic_not_promoted,0.01847179007677191,0.24559587817853656,0.05231137421593335,0.10388408447177255,2.0,5,"fresh_state_distilled_both_lb168_fast72_z075_ret180_h168_ls590_ss100_tp600,fresh_state_distilled_both_lb168_fast72_z075_ret120_h168_ls590_ss100_tp600,fresh_state_distilled_both_lb168_fast72_z100_ret60_h168_ls590_ss100_tp450,fresh_state_distilled_both_lb168_fast72_z050_ret60_h120_ls590_ss100_tp240,fresh_state_distilled_both_lb168_fast72_z100_ret180_h168_ls590_ss100_tp450",False,0.49125978438385864,2.8728653985407213,0.17099993081241996,0.03386248219689958,308,1.7068277390086894,1.8402221067373805,0.49119175635707313,2.0,26.25401364531295,5.0,2.8728653985407213,0.17099993081241996,0.03386248219689958,1.7068277390086894,1.8402221067373805,58.67809153317949,0.03779427320949102,0.10228885291742973,6.43885275216218,9.151722247414652,0.25292385132366263,2.2176958228165073,58.67809153317949,0.03779427320949102,0.10228885291742973,67,6.43885275216218,9.151722247414652,0.2077681689435451,0.18414210937348147,32.17492013268287,
True,26.253984132853166,train_val_monthly_return_budget,1.0920666791994775,True,"oos_monthly_return_gte_2pct,oos_return_risk_beats_current_champion,oos_sharpe_high,oos_sortino_high,oos_smart_sortino_high",False,2.0,train_val_monthly_return_budget,fresh_portfolio_train_val_monthly_return_budget_fresh_state_distilled_both_lb168_fast72_z075_ret180_h168_ls590_ss100_tp600__fresh_state_distilled_both_lb168_fast72_z075_ret120_h168_ls590_ss100_tp600__fresh_state_distilled_both_lb168_fast72_z100_ret60_h168_ls590_ss100_tp450__fresh_state_distilled_both_lb168_fast72_z050_ret120_h120_ls590_ss100_tp240__fresh_state_distilled_both_lb168_fast72_z100_ret180_h168_ls590_ss100_tp450,0.2613402609007789,4.190116021029587,0.06237065026103093,0.019536288250957767,48,1.3463831831816213,1.2821139810096838,1.7488550378910224,0.04309716865107194,0.18516306430585405,diagnostic_not_promoted,0.018471809824801344,0.2455961679686971,0.05231137421593335,0.10388408447177255,2.0,5,"fresh_state_distilled_both_lb168_fast72_z075_ret180_h168_ls590_ss100_tp600,fresh_state_distilled_both_lb168_fast72_z075_ret120_h168_ls590_ss100_tp600,fresh_state_distilled_both_lb168_fast72_z100_ret60_h168_ls590_ss100_tp450,fresh_state_distilled_both_lb168_fast72_z050_ret120_h120_ls590_ss100_tp240,fresh_state_distilled_both_lb168_fast72_z100_ret180_h168_ls590_ss100_tp450",False,0.49126036405679296,2.872875431359051,0.17099953541125026,0.03386251568659282,308,1.706813211442018,1.840105766231728,0.4911923359373942,2.0,26.253984132853166,5.0,2.872875431359051,0.17099953541125026,0.03386251568659282,1.706813211442018,1.840105766231728,58.67809153317949,0.03779427320949102,0.10228885291742973,6.43885275216218,9.151722247414652,0.2529266458958135,2.2176958228165073,58.67809153317949,0.03779427320949102,0.10228885291742973,67,6.43885275216218,9.151722247414652,0.2077681689435451,0.18414210937348147,32.1749346221909,
True,26.24545741776513,train_val_monthly_return_budget,1.4653602581297458,True,"oos_return_risk_beats_current_champion,oos_sharpe_high,oos_sortino_high,oos_smart_sortino_high",False,3.0,train_val_monthly_return_budget,fresh_portfolio_train_val_monthly_return_budget_fresh_state_distilled_both_lb168_fast72_z075_ret180_h168_ls590_ss100_tp600__fresh_state_distilled_both_lb168_fast72_z075_ret120_h168_ls590_ss100_tp600__fresh_state_distilled_both_lb168_fast72_z100_ret180_h168_ls590_ss100_tp450,0.38443372060217795,6.879590220006177,0.055880322564013526,0.027478352633748093,24,1.8342365420760531,1.8390527540048844,2.368452258802223,0.06089919575952951,0.1868463921160169,diagnostic_not_promoted,0.014106874091856403,0.1830317084755717,0.037049176740397316,0.07306188615278386,3.0,3,"fresh_state_distilled_both_lb168_fast72_z075_ret180_h168_ls590_ss100_tp600,fresh_state_distilled_both_lb168_fast72_z075_ret120_h168_ls590_ss100_tp600,fresh_state_distilled_both_lb168_fast72_z100_ret180_h168_ls590_ss100_tp450",False,0.5491725327684365,3.570304072302358,0.1538167398762468,0.037150184684934695,157,1.8526622640968233,1.9394580338836178,0.5490951254267151,3.0,26.24545741776513,3.0,3.570304072302358,0.1538167398762468,0.037150184684934695,1.8526622640968233,1.9394580338836178,58.85959268693466,0.040956626557416796,0.10765248060154353,5.782853224068958,7.571886600962849,0.25366360499871027,2.4106903570004437,58.85959268693466,0.040956626557416796,0.10765248060154353,34,5.782853224068958,7.571886600962849,0.21918565845835158,0.2162101540310231,34.501094117857434,
True,26.244646347327663,train_val_monthly_return_budget,1.142876087932803,True,"oos_return_risk_beats_current_champion,oos_sharpe_high,oos_sortino_high,oos_smart_sortino_high",False,3.0,train_val_monthly_return_budget,fresh_portfolio_train_val_monthly_return_budget_fresh_state_distilled_both_lb168_fast72_z075_ret180_h168_ls590_ss100_tp600__fresh_state_distilled_both_lb168_fast72_z075_ret60_h168_ls590_ss100_tp600__fresh_state_distilled_both_lb168_fast72_z050_ret60_h168_ls590_ss100_tp600__fresh_state_distilled_both_lb168_fast72_z100_ret120_h168_ls590_ss100_tp450,0.4136082440250637,5.851250394776719,0.07068715507274864,0.029265515539898423,34,1.5867722033439446,1.5461259421625366,2.1556263060655416,0.0649275865788288,0.2355979832532645,diagnostic_not_promoted,0.017724745868914038,0.23467757739407857,0.05155913966484604,0.10235503907115939,3.0,4,"fresh_state_distilled_both_lb168_fast72_z075_ret180_h168_ls590_ss100_tp600,fresh_state_distilled_both_lb168_fast72_z075_ret60_h168_ls590_ss100_tp600,fresh_state_distilled_both_lb168_fast72_z050_ret60_h168_ls590_ss100_tp600,fresh_state_distilled_both_lb168_fast72_z100_ret120_h168_ls590_ss100_tp450",False,0.7041364281583318,3.9655155943977536,0.17756491215243086,0.045422950363738,209,1.865226946483674,2.0110796869976975,0.7040327321822359,3.0,26.244646347327663,4.0,3.9655155943977536,0.17756491215243086,0.045422950363738,1.865226946483674,2.0110796869976975,80.3208806287248,0.052884934213467745,0.14814796753910286,5.839168640681834,7.639007386802004,0.31193119111984524,4.247764488017906,80.3208806287248,0.052884934213467745,0.14814796753910286,45,5.839168640681834,7.639007386802004,0.3070651172134782,0.291170970904392,46.577245025297486,
True,26.244344457245536,train_val_monthly_return_budget,1.1429844319633107,True,"oos_return_risk_beats_current_champion,oos_sharpe_high,oos_sortino_high,oos_smart_sortino_high",False,3.0,train_val_monthly_return_budget,fresh_portfolio_train_val_monthly_return_budget_fresh_state_distilled_both_lb168_fast72_z075_ret180_h168_ls590_ss100_tp600__fresh_state_distilled_both_lb168_fast72_z075_ret60_h168_ls590_ss100_tp600__fresh_state_distilled_both_lb168_fast72_z050_ret120_h168_ls590_ss100_tp600__fresh_state_distilled_both_lb168_fast72_z100_ret60_h168_ls590_ss100_tp450,0.4136082607839995,5.851250631862733,0.07068715507274864,0.029265516556764126,34,1.5870997136595222,1.5466892758440847,2.1564117122668884,0.06492758887326722,0.23554108043464614,diagnostic_not_promoted,0.0177232176521398,0.23465533219642443,0.05155913966484604,0.10235503907115939,3.0,4,"fresh_state_distilled_both_lb168_fast72_z075_ret180_h168_ls590_ss100_tp600,fresh_state_distilled_both_lb168_fast72_z075_ret60_h168_ls590_ss100_tp600,fresh_state_distilled_both_lb168_fast72_z050_ret120_h168_ls590_ss100_tp600,fresh_state_distilled_both_lb168_fast72_z100_ret60_h168_ls590_ss100_tp450",False,0.704069680884887,3.965171179541861,0.17756350205446508,0.04541953805946264,209,1.8651016439917811,2.0107573758738213,0.7039659965892733,3.0,26.244344457245536,4.0,3.965171179541861,0.17756350205446508,0.04541953805946264,1.8651016439917811,2.0107573758738213,80.3208806287248,0.052884934213467745,0.14814796753910286,5.839168640681834,7.639007386802004,0.3119311365872189,4.247764488017906,80.3208806287248,0.052884934213467745,0.14814796753910286,45,5.839168640681834,7.639007386802004,0.3070651172134782,0.291170970904392,46.575576635473425,
True,26.24430379660428,train_val_monthly_return_budget,1.1429900310733123,True,"oos_return_risk_beats_current_champion,oos_sharpe_high,oos_sortino_high,oos_smart_sortino_high",False,3.0,train_val_monthly_return_budget,fresh_portfolio_train_val_monthly_return_budget_fresh_state_distilled_both_lb168_fast72_z075_ret180_h168_ls590_ss100_tp600__fresh_state_distilled_both_lb168_fast72_z075_ret60_h168_ls590_ss100_tp600__fresh_state_distilled_both_lb168_fast72_z050_ret180_h168_ls590_ss100_tp600__fresh_state_distilled_both_lb168_fast72_z100_ret60_h168_ls590_ss100_tp450,0.4142981306404676,5.86101011158374,0.07068715507274864,0.02930736575573123,34,1.589170214410897,1.5486346361558465,2.159123955654348,0.06502201896983717,0.23554125200779188,diagnostic_not_promoted,0.017723138682628647,0.23465418270169436,0.05155913966484604,0.10235503907115939,3.0,4,"fresh_state_distilled_both_lb168_fast72_z075_ret180_h168_ls590_ss100_tp600,fresh_state_distilled_both_lb168_fast72_z075_ret60_h168_ls590_ss100_tp600,fresh_state_distilled_both_lb168_fast72_z050_ret180_h168_ls590_ss100_tp600,fresh_state_distilled_both_lb168_fast72_z100_ret60_h168_ls590_ss100_tp450",False,0.7040662317971293,3.965104470094538,0.17756561954604505,0.045419361729277075,209,1.8647063031449365,2.011360522584498,0.7039625481050829,3.0,26.24430379660428,4.0,3.965104470094538,0.17756561954604505,0.045419361729277075,1.8647063031449365,2.011360522584498,80.3208806287248,0.052884934213467745,0.14814796753910286,5.839168640681834,7.639007386802004,0.31200924646027645,4.247764488017906,80.3208806287248,0.052884934213467745,0.14814796753910286,45,5.839168640681834,7.639007386802004,0.3070651172134782,0.291170970904392,46.57549042336866,
True,26.24392815587267,train_val_monthly_return_budget,1.1431427464772683,True,"oos_return_risk_beats_current_champion,oos_sharpe_high,oos_sortino_high,oos_smart_sortino_high",False,3.0,train_val_monthly_return_budget,fresh_portfolio_train_val_monthly_return_budget_fresh_state_distilled_both_lb168_fast72_z075_ret180_h168_ls590_ss100_tp600__fresh_state_distilled_both_lb168_fast72_z075_ret120_h168_ls590_ss100_tp600__fresh_state_distilled_both_lb168_fast72_z050_ret60_h168_ls590_ss100_tp600__fresh_state_distilled_both_lb168_fast72_z100_ret60_h168_ls590_ss100_tp450,0.4136082607839995,5.851250631862733,0.07068715507274864,0.029265516556764126,34,1.5870997136595222,1.5466892758440847,2.1564117122668884,0.06492758887326722,0.23554108043464614,diagnostic_not_promoted,0.01772098506605624,0.23462283464091027,0.05155913966484604,0.10235503907115939,3.0,4,"fresh_state_distilled_both_lb168_fast72_z075_ret180_h168_ls590_ss100_tp600,fresh_state_distilled_both_lb168_fast72_z075_ret120_h168_ls590_ss100_tp600,fresh_state_distilled_both_lb168_fast72_z050_ret60_h168_ls590_ss100_tp600,fresh_state_distilled_both_lb168_fast72_z100_ret60_h168_ls590_ss100_tp450",False,0.703972171155103,3.964590541124347,0.17756491215243086,0.04541455287353724,209,1.8649229220651609,2.0107435187808753,0.7038685039227308,3.0,26.24392815587267,4.0,3.964590541124347,0.17756491215243086,0.04541455287353724,1.8649229220651609,2.0107435187808753,80.3208806287248,0.052884934213467745,0.14814796753910286,5.839168640681834,7.639007386802004,0.31193018454152877,4.247764488017906,80.3208806287248,0.052884934213467745,0.14814796753910286,45,5.839168640681834,7.639007386802004,0.3070651172134782,0.291170970904392,46.573139318809865,
True,26.242865190673218,train_val_monthly_return_budget,1.0,True,"oos_return_risk_beats_current_champion,oos_sharpe_high,oos_sortino_high,oos_smart_sortino_high",False,2.0,train_val_monthly_return_budget,fresh_portfolio_train_val_monthly_return_budget_fresh_state_distilled_both_lb168_fast72_z075_ret180_h168_ls590_ss100_tp600__fresh_state_distilled_both_lb168_fast72_z075_ret60_h168_ls590_ss100_tp600__fresh_state_distilled_both_lb168_fast72_z050_ret120_h168_ls590_ss100_tp600__fresh_state_distilled_both_lb168_fast72_z050_ret180_h168_ls590_ss100_tp600__fresh_state_distilled_both_lb168_fast72_z100_ret180_h168_ls590_ss100_tp450,0.27154155186487583,4.642093460296162,0.05849549436851529,0.020220892776821042,42,1.312083682455125,1.3583542682039083,1.7732667225305547,0.04462527717289144,0.19800075044076304,diagnostic_not_promoted,0.020884473601835207,0.2814654120196851,0.06564791855485619,0.13116319289822687,2.0,5,"fresh_state_distilled_both_lb168_fast72_z075_ret180_h168_ls590_ss100_tp600,fresh_state_distilled_both_lb168_fast72_z075_ret60_h168_ls590_ss100_tp600,fresh_state_distilled_both_lb168_fast72_z050_ret120_h168_ls590_ss100_tp600,fresh_state_distilled_both_lb168_fast72_z050_ret180_h168_ls590_ss100_tp600,fresh_state_distilled_both_lb168_fast72_z100_ret180_h168_ls590_ss100_tp450",False,0.5630105094537574,3.5033379310239696,0.16070688027780364,0.0379190701559291,261,1.7891387562113756,1.9374614711693683,0.5629308240393702,2.0,26.242865190673218,5.0,3.5033379310239696,0.16070688027780364,0.0379190701559291,1.7891387562113756,1.9374614711693683,66.19977712932773,0.048790886030681005,0.12770256102965316,5.715390245392808,7.3861084827002985,0.27004562992736314,3.2299457811735124,66.19977712932773,0.048790886030681005,0.12770256102965316,56,5.715390245392808,7.3861084827002985,0.26232638579645373,0.25816595996581954,38.76410392858285,
True,26.242686179902012,train_val_monthly_return_budget,1.0,True,"oos_return_risk_beats_current_champion,oos_sharpe_high,oos_sortino_high,oos_smart_sortino_high",False,2.0,train_val_monthly_return_budget,fresh_portfolio_train_val_monthly_return_budget_fresh_state_distilled_both_lb168_fast72_z075_ret180_h168_ls590_ss100_tp600__fresh_state_distilled_both_lb168_fast72_z075_ret120_h168_ls590_ss100_tp600__fresh_state_distilled_both_lb168_fast72_z050_ret60_h168_ls590_ss100_tp600__fresh_state_distilled_both_lb168_fast72_z050_ret120_h168_ls590_ss100_tp600__fresh_state_distilled_both_lb168_fast72_z100_ret180_h168_ls590_ss100_tp450,0.2711200688827855,4.6348880680409055,0.05849549436851529,0.02019270710156973,42,1.310408508460432,1.3566638088429992,1.7710599084462924,0.04456233990584013,0.1980008836026758,diagnostic_not_promoted,0.020882392211213352,0.281434063958901,0.06564791855485619,0.13116319289822687,2.0,5,"fresh_state_distilled_both_lb168_fast72_z075_ret180_h168_ls590_ss100_tp600,fresh_state_distilled_both_lb168_fast72_z075_ret120_h168_ls590_ss100_tp600,fresh_state_distilled_both_lb168_fast72_z050_ret60_h168_ls590_ss100_tp600,fresh_state_distilled_both_lb168_fast72_z050_ret120_h168_ls590_ss100_tp600,fresh_state_distilled_both_lb168_fast72_z100_ret180_h168_ls590_ss100_tp450",False,0.5629478029775221,3.502958675262306,0.1607063785687874,0.03791560006600192,261,1.7889498659364889,1.9376794420921224,0.562868127917802,2.0,26.242686179902012,5.0,3.502958675262306,0.1607063785687874,0.03791560006600192,1.7889498659364889,1.9376794420921224,66.19977712932773,0.048790886030681005,0.12770256102965316,5.715390245392808,7.3861084827002985,0.27005279734966486,3.2299457811735124,66.19977712932773,0.048790886030681005,0.12770256102965316,56,5.715390245392808,7.3861084827002985,0.26232638579645373,0.25816595996581954,38.762536525543645,
True,26.24248892417764,train_val_monthly_return_budget,1.0,True,"oos_return_risk_beats_current_champion,oos_sharpe_high,oos_sortino_high,oos_smart_sortino_high",False,2.0,train_val_monthly_return_budget,fresh_portfolio_train_val_monthly_return_budget_fresh_state_distilled_both_lb168_fast72_z075_ret180_h168_ls590_ss100_tp600__fresh_state_distilled_both_lb168_fast72_z075_ret120_h168_ls590_ss100_tp600__fresh_state_distilled_both_lb168_fast72_z050_ret60_h168_ls590_ss100_tp600__fresh_state_distilled_both_lb168_fast72_z050_ret180_h168_ls590_ss100_tp600__fresh_state_distilled_both_lb168_fast72_z100_ret180_h168_ls590_ss100_tp450,0.27154155186487583,4.642093460296162,0.05849549436851529,0.020220892776821042,42,1.312083682455125,1.3583542682039083,1.7732667225305547,0.04462527717289144,0.19800075044076304,diagnostic_not_promoted,0.02088231588829892,0.28143291446417096,0.06564791855485619,0.13116319289822687,2.0,5,"fresh_state_distilled_both_lb168_fast72_z075_ret180_h168_ls590_ss100_tp600,fresh_state_distilled_both_lb168_fast72_z075_ret120_h168_ls590_ss100_tp600,fresh_state_distilled_both_lb168_fast72_z050_ret60_h168_ls590_ss100_tp600,fresh_state_distilled_both_lb168_fast72_z050_ret180_h168_ls590_ss100_tp600,fresh_state_distilled_both_lb168_fast72_z100_ret180_h168_ls590_ss100_tp450",False,0.5629455036083746,3.5029116326601377,0.1607078803700422,0.037915472819658236,261,1.7890030137717372,1.9372449001718557,0.5628658289283419,2.0,26.24248892417764,5.0,3.5029116326601377,0.1607078803700422,0.037915472819658236,1.7890030137717372,1.9372449001718557,66.19977712932773,0.048790886030681005,0.12770256102965316,5.715390245392808,7.3861084827002985,0.2700423805539359,3.2299457811735124,66.19977712932773,0.048790886030681005,0.12770256102965316,56,5.715390245392808,7.3861084827002985,0.26232638579645373,0.25816595996581954,38.762479050807144,
True,26.240995494645624,train_val_monthly_return_budget,1.0,True,"oos_return_risk_beats_current_champion,oos_sharpe_high,oos_sortino_high,oos_smart_sortino_high",False,2.0,train_val_monthly_return_budget,fresh_portfolio_train_val_monthly_return_budget_fresh_state_distilled_both_lb168_fast72_z075_ret180_h168_ls590_ss100_tp600__fresh_state_distilled_both_lb168_fast72_z075_ret120_h168_ls590_ss100_tp600__fresh_state_distilled_both_lb168_fast72_z050_ret120_h168_ls590_ss100_tp600__fresh_state_distilled_both_lb168_fast72_z050_ret180_h168_ls590_ss100_tp600__fresh_state_distilled_both_lb168_fast72_z100_ret120_h168_ls590_ss100_tp450,0.2761730173961163,4.719221171370381,0.05852088880079346,0.020530048221945485,43,1.3304818024217482,1.3828873507273014,1.8055329143561323,0.04531574129270677,0.19799458168533096,diagnostic_not_promoted,0.020775479555973586,0.2798247853832856,0.06576577227376235,0.1314056924438809,2.0,5,"fresh_state_distilled_both_lb168_fast72_z075_ret180_h168_ls590_ss100_tp600,fresh_state_distilled_both_lb168_fast72_z075_ret120_h168_ls590_ss100_tp600,fresh_state_distilled_both_lb168_fast72_z050_ret120_h168_ls590_ss100_tp600,fresh_state_distilled_both_lb168_fast72_z050_ret180_h168_ls590_ss100_tp600,fresh_state_distilled_both_lb168_fast72_z100_ret120_h168_ls590_ss100_tp450",False,0.5597287146469716,3.482916933484146,0.16070688027780364,0.037737288492992294,261,1.7813756944630212,1.928361059169651,0.5596495707665712,2.0,26.240995494645624,5.0,3.482916933484146,0.16070688027780364,0.037737288492992294,1.7813756944630212,1.928361059169651,66.42882704482092,0.048774262752483845,0.1279260673810576,5.72286488881077,7.4036255681780325,0.27004192119739784,3.2400170646234008,66.42882704482092,0.048774262752483845,0.1279260673810576,56,5.72286488881077,7.4036255681780325,0.2628113848877618,0.2582480880100135,38.73252486631623,
True,26.239900087236176,train_val_monthly_return_budget,1.0,True,"oos_return_risk_beats_current_champion,oos_sharpe_high,oos_sortino_high,oos_smart_sortino_high",False,2.0,train_val_monthly_return_budget,fresh_portfolio_train_val_monthly_return_budget_fresh_state_distilled_both_lb168_fast72_z075_ret180_h168_ls590_ss100_tp600__fresh_state_distilled_both_lb168_fast72_z075_ret60_h168_ls590_ss100_tp600__fresh_state_distilled_both_lb168_fast72_z075_ret120_h168_ls590_ss100_tp600__fresh_state_distilled_both_lb168_fast72_z050_ret120_h168_ls590_ss100_tp600__fresh_state_distilled_both_lb168_fast72_z100_ret180_h168_ls590_ss100_tp450,0.3529936752348066,6.037341011540385,0.05846840099972136,0.025513339465241813,41,1.6083335271601025,1.658226693751757,2.164429658613857,0.05647945792761644,0.20043752634788747,diagnostic_not_promoted,0.022245230705596253,0.30211105812620564,0.06564791855485619,0.13116319289822687,2.0,5,"fresh_state_distilled_both_lb168_fast72_z075_ret180_h168_ls590_ss100_tp600,fresh_state_distilled_both_lb168_fast72_z075_ret60_h168_ls590_ss100_tp600,fresh_state_distilled_both_lb168_fast72_z075_ret120_h168_ls590_ss100_tp600,fresh_state_distilled_both_lb168_fast72_z050_ret120_h168_ls590_ss100_tp600,fresh_state_distilled_both_lb168_fast72_z100_ret180_h168_ls590_ss100_tp450",False,0.6043086830244233,3.650002309817341,0.16556391797315467,0.04017719459511482,261,1.8662449222900745,2.0169515235653432,0.6042221162524113,2.0,26.239900087236176,5.0,3.650002309817341,0.16556391797315467,0.04017719459511482,1.8662449222900745,2.0169515235653432,66.19977712932773,0.048790886030681005,0.12770256102965316,5.715390245392808,7.3861084827002985,0.27334251836152185,3.2299457811735124,66.19977712932773,0.048790886030681005,0.12770256102965316,56,5.715390245392808,7.3861084827002985,0.26232638579645373,0.25816595996581954,39.79638623390888,
True,26.239852402799684,train_val_monthly_return_budget,1.0,True,"oos_return_risk_beats_current_champion,oos_sharpe_high,oos_sortino_high,oos_smart_sortino_high",False,2.0,train_val_monthly_return_budget,fresh_portfolio_train_val_monthly_return_budget_fresh_state_distilled_both_lb168_fast72_z075_ret180_h168_ls590_ss100_tp600__fresh_state_distilled_both_lb168_fast72_z075_ret60_h168_ls590_ss100_tp600__fresh_state_distilled_both_lb168_fast72_z075_ret120_h168_ls590_ss100_tp600__fresh_state_distilled_both_lb168_fast72_z050_ret180_h168_ls590_ss100_tp600__fresh_state_distilled_both_lb168_fast72_z100_ret180_h168_ls590_ss100_tp450,0.35343724494019635,6.044927497536331,0.05846840099972136,0.025541352549644625,41,1.6099699114467265,1.6598632279688692,2.1665657737844795,0.05654239519466753,0.20043738976839795,diagnostic_not_promoted,0.02224515549438899,0.3021099086314756,0.06564791855485619,0.13116319289822687,2.0,5,"fresh_state_distilled_both_lb168_fast72_z075_ret180_h168_ls590_ss100_tp600,fresh_state_distilled_both_lb168_fast72_z075_ret60_h168_ls590_ss100_tp600,fresh_state_distilled_both_lb168_fast72_z075_ret120_h168_ls590_ss100_tp600,fresh_state_distilled_both_lb168_fast72_z050_ret180_h168_ls590_ss100_tp600,fresh_state_distilled_both_lb168_fast72_z100_ret180_h168_ls590_ss100_tp450",False,0.6043063836484197,3.649955312019309,0.16556541984457668,0.040177070358837996,261,1.8658954646769181,2.017404129102013,0.6042198172629512,2.0,26.239852402799684,5.0,3.649955312019309,0.16556541984457668,0.040177070358837996,1.8658954646769181,2.017404129102013,66.19977712932773,0.048790886030681005,0.12770256102965316,5.715390245392808,7.3861084827002985,0.27340159500767697,3.2299457811735124,66.19977712932773,0.048790886030681005,0.12770256102965316,56,5.715390245392808,7.3861084827002985,0.26232638579645373,0.25816595996581954,39.796328759172376,
True,26.237499843142313,train_val_monthly_return_budget,1.0991655991479712,True,"oos_monthly_return_gte_2pct,oos_return_risk_beats_current_champion,oos_sharpe_high,oos_sortino_high,oos_smart_sortino_high",False,2.0,train_val_monthly_return_budget,fresh_portfolio_train_val_monthly_return_budget_fresh_state_distilled_both_lb168_fast72_z075_ret180_h168_ls590_ss100_tp600__fresh_state_distilled_both_lb168_fast72_z075_ret120_h168_ls590_ss100_tp600__fresh_state_distilled_both_lb168_fast72_z100_ret120_h168_ls590_ss100_tp450__fresh_state_distilled_both_lb168_fast72_z050_ret60_h120_ls590_ss100_tp240__fresh_state_distilled_both_lb168_fast72_z100_ret180_h168_ls590_ss100_tp450,0.2613402507255924,4.190115857888968,0.06237065026103093,0.019536287565577348,48,1.346192381563662,1.282535342968785,1.7494298539250448,0.04309716712183831,0.18519342417812126,diagnostic_not_promoted,0.018363655366241405,0.24400999429530534,0.05231137421593335,0.10388408447177255,2.0,5,"fresh_state_distilled_both_lb168_fast72_z075_ret180_h168_ls590_ss100_tp600,fresh_state_distilled_both_lb168_fast72_z075_ret120_h168_ls590_ss100_tp600,fresh_state_distilled_both_lb168_fast72_z100_ret120_h168_ls590_ss100_tp450,fresh_state_distilled_both_lb168_fast72_z050_ret60_h120_ls590_ss100_tp240,fresh_state_distilled_both_lb168_fast72_z100_ret180_h168_ls590_ss100_tp450",False,0.48808751017529284,2.854314079873548,0.17099993081241996,0.03367903007278672,308,1.6984055442091854,1.8316111462418292,0.4880199885906107,2.0,26.237499843142313,5.0,2.854314079873548,0.17099993081241996,0.03367903007278672,1.6984055442091854,1.8316111462418292,58.67809153317949,0.03779427320949102,0.10228885291742973,6.43885275216218,9.151722247414652,0.25292423779475265,2.2176958228165073,58.67809153317949,0.03779427320949102,0.10228885291742973,67,6.43885275216218,9.151722247414652,0.2077681689435451,0.18414210937348147,32.095625938521316,
True,26.237470580121954,train_val_monthly_return_budget,1.0991642937629273,True,"oos_monthly_return_gte_2pct,oos_return_risk_beats_current_champion,oos_sharpe_high,oos_sortino_high,oos_smart_sortino_high",False,2.0,train_val_monthly_return_budget,fresh_portfolio_train_val_monthly_return_budget_fresh_state_distilled_both_lb168_fast72_z075_ret180_h168_ls590_ss100_tp600__fresh_state_distilled_both_lb168_fast72_z075_ret120_h168_ls590_ss100_tp600__fresh_state_distilled_both_lb168_fast72_z100_ret120_h168_ls590_ss100_tp450__fresh_state_distilled_both_lb168_fast72_z050_ret120_h120_ls590_ss100_tp240__fresh_state_distilled_both_lb168_fast72_z100_ret180_h168_ls590_ss100_tp450,0.2613402507255924,4.190115857888968,0.06237065026103093,0.019536287565577348,48,1.346192381563662,1.282535342968785,1.7494298539250448,0.04309716712183831,0.18519342417812126,diagnostic_not_promoted,0.01836367513734638,0.24401028408546588,0.05231137421593335,0.10388408447177255,2.0,5,"fresh_state_distilled_both_lb168_fast72_z075_ret180_h168_ls590_ss100_tp600,fresh_state_distilled_both_lb168_fast72_z075_ret120_h168_ls590_ss100_tp600,fresh_state_distilled_both_lb168_fast72_z100_ret120_h168_ls590_ss100_tp450,fresh_state_distilled_both_lb168_fast72_z050_ret120_h120_ls590_ss100_tp240,fresh_state_distilled_both_lb168_fast72_z100_ret180_h168_ls590_ss100_tp450",False,0.48808808984808616,2.854324069794954,0.17099953541125026,0.03367906362790918,308,1.6983911130203517,1.831495426243728,0.48802056817093176,2.0,26.237470580121954,5.0,2.854324069794954,0.17099953541125026,0.03367906362790918,1.6983911130203517,1.831495426243728,58.67809153317949,0.03779427320949102,0.10228885291742973,6.43885275216218,9.151722247414652,0.2529270323633725,2.2176958228165073,58.67809153317949,0.03779427320949102,0.10228885291742973,67,6.43885275216218,9.151722247414652,0.2077681689435451,0.18414210937348147,32.095640428029334,
True,26.226128264063217,train_val_monthly_return_budget,1.0,True,"oos_return_risk_beats_current_champion,oos_sharpe_high,oos_sortino_high,oos_smart_sortino_high",False,2.0,train_val_monthly_return_budget,fresh_portfolio_train_val_monthly_return_budget_fresh_state_distilled_both_lb168_fast72_z075_ret180_h168_ls590_ss100_tp600__fresh_state_distilled_both_lb168_fast72_z075_ret120_h168_ls590_ss100_tp600__fresh_state_distilled_both_lb168_fast72_z050_ret120_h168_ls590_ss100_tp600__fresh_state_distilled_both_lb168_fast72_z050_ret180_h168_ls590_ss100_tp600__fresh_state_distilled_both_lb168_fast72_z100_ret180_h168_ls590_ss100_tp450,0.27154155186487583,4.642093460296162,0.05849549436851529,0.020220892776821042,42,1.312083682455125,1.3583542682039083,1.7732667225305547,0.04462527717289144,0.19800075044076304,diagnostic_not_promoted,0.020775479555973586,0.2798247853832856,0.06564791855485619,0.13116319289822687,2.0,5,"fresh_state_distilled_both_lb168_fast72_z075_ret180_h168_ls590_ss100_tp600,fresh_state_distilled_both_lb168_fast72_z075_ret120_h168_ls590_ss100_tp600,fresh_state_distilled_both_lb168_fast72_z050_ret120_h168_ls590_ss100_tp600,fresh_state_distilled_both_lb168_fast72_z050_ret180_h168_ls590_ss100_tp600,fresh_state_distilled_both_lb168_fast72_z100_ret180_h168_ls590_ss100_tp450",False,0.5597287146469716,3.482916933484146,0.16070688027780364,0.037737288492992294,261,1.7813756944630212,1.928361059169651,0.5596495707665712,2.0,26.226128264063217,5.0,3.482916933484146,0.16070688027780364,0.037737288492992294,1.7813756944630212,1.928361059169651,66.19977712932773,0.048790886030681005,0.12770256102965316,5.715390245392808,7.3861084827002985,0.27004192119739784,3.2299457811735124,66.19977712932773,0.048790886030681005,0.12770256102965316,56,5.715390245392808,7.3861084827002985,0.26232638579645373,0.25816595996581954,38.68207259676287,
True,26.226108918697623,train_val_monthly_return_budget,1.142876087932803,True,"oos_return_risk_beats_current_champion,oos_sharpe_high,oos_sortino_high,oos_smart_sortino_high",False,3.0,train_val_monthly_return_budget,fresh_portfolio_train_val_monthly_return_budget_fresh_state_distilled_both_lb168_fast72_z075_ret180_h168_ls590_ss100_tp600__fresh_state_distilled_both_lb168_fast72_z075_ret60_h168_ls590_ss100_tp600__fresh_state_distilled_both_lb168_fast72_z050_ret60_h168_ls590_ss100_tp600__fresh_state_distilled_both_lb168_fast72_z100_ret180_h168_ls590_ss100_tp450,0.40605797150127776,5.748175725033065,0.07064118964437921,0.028806269700565545,33,1.5646048279212477,1.5175100605519247,2.115187508133983,0.0638916249527941,0.23549773433706314,diagnostic_not_promoted,0.017724745868914038,0.23467757739407857,0.051439792340510104,0.10211253952550536,3.0,4,"fresh_state_distilled_both_lb168_fast72_z075_ret180_h168_ls590_ss100_tp600,fresh_state_distilled_both_lb168_fast72_z075_ret60_h168_ls590_ss100_tp600,fresh_state_distilled_both_lb168_fast72_z050_ret60_h168_ls590_ss100_tp600,fresh_state_distilled_both_lb168_fast72_z100_ret180_h168_ls590_ss100_tp450",False,0.7041364281583318,3.9655155943977536,0.17756491215243086,0.045422950363738,209,1.865226946483674,2.0110796869976975,0.7040327321822359,3.0,26.226108918697623,4.0,3.9655155943977536,0.17756491215243086,0.045422950363738,1.865226946483674,2.0110796869976975,79.9397432439687,0.052911205121042214,0.14781823807067407,5.830593859054256,7.616806716233563,0.31193119111984524,4.229708152105077,79.9397432439687,0.052911205121042214,0.14781823807067407,45,5.830593859054256,7.616806716233563,0.3063376185765161,0.2909993878527542,46.50189539897843,
True,26.223497423703304,train_val_monthly_return_budget,1.1507616872087054,True,"oos_return_risk_beats_current_champion,oos_sharpe_high,oos_sortino_high,oos_smart_sortino_high",False,3.0,train_val_monthly_return_budget,fresh_portfolio_train_val_monthly_return_budget_fresh_state_distilled_both_lb168_fast72_z075_ret180_h168_ls590_ss100_tp600__fresh_state_distilled_both_lb168_fast72_z075_ret60_h168_ls590_ss100_tp600__fresh_state_distilled_both_lb168_fast72_z050_ret120_h168_ls590_ss100_tp600__fresh_state_distilled_both_lb168_fast72_z100_ret120_h168_ls590_ss100_tp450,0.4136082440250637,5.851250394776719,0.07068715507274864,0.029265515539898423,34,1.5867722033439446,1.5461259421625366,2.1556263060655416,0.0649275865788288,0.2355979832532645,diagnostic_not_promoted,0.017614204355265617,0.2330694483131932,0.05155913966484604,0.10235503907115939,3.0,4,"fresh_state_distilled_both_lb168_fast72_z075_ret180_h168_ls590_ss100_tp600,fresh_state_distilled_both_lb168_fast72_z075_ret60_h168_ls590_ss100_tp600,fresh_state_distilled_both_lb168_fast72_z050_ret120_h168_ls590_ss100_tp600,fresh_state_distilled_both_lb168_fast72_z100_ret120_h168_ls590_ss100_tp450",False,0.6993111972909343,3.938372408742144,0.17756350205446508,0.04517595500805971,209,1.8562446559475327,2.00098858340102,0.6992083449395796,3.0,26.223497423703304,4.0,3.938372408742144,0.17756350205446508,0.04517595500805971,1.8562446559475327,2.00098858340102,80.3208806287248,0.052884934213467745,0.14814796753910286,5.839168640681834,7.639007386802004,0.3119092896902321,4.247764488017906,80.3208806287248,0.052884934213467745,0.14814796753910286,45,5.839168640681834,7.639007386802004,0.3070651172134782,0.291170970904392,46.45663534423108,
True,26.223456659169027,train_val_monthly_return_budget,1.1507673627746295,True,"oos_return_risk_beats_current_champion,oos_sharpe_high,oos_sortino_high,oos_smart_sortino_high",False,3.0,train_val_monthly_return_budget,fresh_portfolio_train_val_monthly_return_budget_fresh_state_distilled_both_lb168_fast72_z075_ret180_h168_ls590_ss100_tp600__fresh_state_distilled_both_lb168_fast72_z075_ret60_h168_ls590_ss100_tp600__fresh_state_distilled_both_lb168_fast72_z050_ret180_h168_ls590_ss100_tp600__fresh_state_distilled_both_lb168_fast72_z100_ret120_h168_ls590_ss100_tp450,0.4142981138748396,5.861009874403052,0.07068715507274864,0.0293073647389146,34,1.5888422089426173,1.5480701214710328,2.1583369028848676,0.06502201667539875,0.2355981540102678,diagnostic_not_promoted,0.017614125292659377,0.23306829881846314,0.05155913966484604,0.10235503907115939,3.0,4,"fresh_state_distilled_both_lb168_fast72_z075_ret180_h168_ls590_ss100_tp600,fresh_state_distilled_both_lb168_fast72_z075_ret60_h168_ls590_ss100_tp600,fresh_state_distilled_both_lb168_fast72_z050_ret180_h168_ls590_ss100_tp600,fresh_state_distilled_both_lb168_fast72_z100_ret120_h168_ls590_ss100_tp450",False,0.6993077482042778,3.938306018879619,0.17756561954604505,0.045175778225363006,209,1.85585145446382,2.0015888509192923,0.6992048964553894,3.0,26.223456659169027,4.0,3.938306018879619,0.17756561954604505,0.045175778225363006,1.85585145446382,2.0015888509192923,80.3208806287248,0.052884934213467745,0.14814796753910286,5.839168640681834,7.639007386802004,0.3119874049690866,4.247764488017906,80.3208806287248,0.052884934213467745,0.14814796753910286,45,5.839168640681834,7.639007386802004,0.3070651172134782,0.291170970904392,46.45654913212633,
True,26.223079151681933,train_val_monthly_return_budget,1.1509221636554312,True,"oos_return_risk_beats_current_champion,oos_sharpe_high,oos_sortino_high,oos_smart_sortino_high",False,3.0,train_val_monthly_return_budget,fresh_portfolio_train_val_monthly_return_budget_fresh_state_distilled_both_lb168_fast72_z075_ret180_h168_ls590_ss100_tp600__fresh_state_distilled_both_lb168_fast72_z075_ret120_h168_ls590_ss100_tp600__fresh_state_distilled_both_lb168_fast72_z050_ret60_h168_ls590_ss100_tp600__fresh_state_distilled_both_lb168_fast72_z100_ret120_h168_ls590_ss100_tp450,0.4136082440250637,5.851250394776719,0.07068715507274864,0.029265515539898423,34,1.5867722033439446,1.5461259421625366,2.1556263060655416,0.0649275865788288,0.2355979832532645,diagnostic_not_promoted,0.01761196913720897,0.23303695075767905,0.05155913966484604,0.10235503907115939,3.0,4,"fresh_state_distilled_both_lb168_fast72_z075_ret180_h168_ls590_ss100_tp600,fresh_state_distilled_both_lb168_fast72_z075_ret120_h168_ls590_ss100_tp600,fresh_state_distilled_both_lb168_fast72_z050_ret60_h168_ls590_ss100_tp600,fresh_state_distilled_both_lb168_fast72_z100_ret120_h168_ls590_ss100_tp450",False,0.6992136875922774,3.937791983317269,0.17756491215243086,0.04517095702843532,209,1.8560638475281352,2.0009726381067687,0.6991108522730369,3.0,26.223079151681933,4.0,3.937791983317269,0.17756491215243086,0.04517095702843532,1.8560638475281352,2.0009726381067687,80.3208806287248,0.052884934213467745,0.14814796753910286,5.839168640681834,7.639007386802004,0.31190864724379114,4.247764488017906,80.3208806287248,0.052884934213467745,0.14814796753910286,45,5.839168640681834,7.639007386802004,0.3070651172134782,0.291170970904392,46.454198027567514,
True,26.222776290406568,train_val_monthly_return_budget,1.151032038656468,True,"oos_return_risk_beats_current_champion,oos_sharpe_high,oos_sortino_high,oos_smart_sortino_high",False,3.0,train_val_monthly_return_budget,fresh_portfolio_train_val_monthly_return_budget_fresh_state_distilled_both_lb168_fast72_z075_ret180_h168_ls590_ss100_tp600__fresh_state_distilled_both_lb168_fast72_z075_ret120_h168_ls590_ss100_tp600__fresh_state_distilled_both_lb168_fast72_z050_ret120_h168_ls590_ss100_tp600__fresh_state_distilled_both_lb168_fast72_z100_ret60_h168_ls590_ss100_tp450,0.4136082607839995,5.851250631862733,0.07068715507274864,0.029265516556764126,34,1.5870997136595222,1.5466892758440847,2.1564117122668884,0.06492758887326722,0.23554108043464614,diagnostic_not_promoted,0.01761043905660853,0.2330147055600249,0.05155913966484604,0.10235503907115939,3.0,4,"fresh_state_distilled_both_lb168_fast72_z075_ret180_h168_ls590_ss100_tp600,fresh_state_distilled_both_lb168_fast72_z075_ret120_h168_ls590_ss100_tp600,fresh_state_distilled_both_lb168_fast72_z050_ret120_h168_ls590_ss100_tp600,fresh_state_distilled_both_lb168_fast72_z100_ret60_h168_ls590_ss100_tp450",False,0.6991469403408763,3.937447348421991,0.17756350205446508,0.045167535664328184,209,1.8559370448014627,2.000650298419063,0.6990441166800749,3.0,26.222776290406568,4.0,3.937447348421991,0.17756350205446508,0.045167535664328184,1.8559370448014627,2.000650298419063,80.3208806287248,0.052884934213467745,0.14814796753910286,5.839168640681834,7.639007386802004,0.3119088200477953,4.247764488017906,80.3208806287248,0.052884934213467745,0.14814796753910286,45,5.839168640681834,7.639007386802004,0.3070651172134782,0.291170970904392,46.45252963774347,
True,26.2227355225866,train_val_monthly_return_budget,1.1510377168894652,True,"oos_return_risk_beats_current_champion,oos_sharpe_high,oos_sortino_high,oos_smart_sortino_high",False,3.0,train_val_monthly_return_budget,fresh_portfolio_train_val_monthly_return_budget_fresh_state_distilled_both_lb168_fast72_z075_ret180_h168_ls590_ss100_tp600__fresh_state_distilled_both_lb168_fast72_z075_ret120_h168_ls590_ss100_tp600__fresh_state_distilled_both_lb168_fast72_z050_ret180_h168_ls590_ss100_tp600__fresh_state_distilled_both_lb168_fast72_z100_ret60_h168_ls590_ss100_tp450,0.4142981306404676,5.86101011158374,0.07068715507274864,0.02930736575573123,34,1.589170214410897,1.5486346361558465,2.159123955654348,0.06502201896983717,0.23554125200779188,diagnostic_not_promoted,0.01761035999078442,0.23301355606529484,0.05155913966484604,0.10235503907115939,3.0,4,"fresh_state_distilled_both_lb168_fast72_z075_ret180_h168_ls590_ss100_tp600,fresh_state_distilled_both_lb168_fast72_z075_ret120_h168_ls590_ss100_tp600,fresh_state_distilled_both_lb168_fast72_z050_ret180_h168_ls590_ss100_tp600,fresh_state_distilled_both_lb168_fast72_z100_ret60_h168_ls590_ss100_tp450",False,0.6991434912542578,3.937380969591137,0.17756561954604505,0.04516735886596801,209,1.855543918421745,2.001250465979054,0.6990406681958845,3.0,26.2227355225866,4.0,3.937380969591137,0.17756561954604505,0.04516735886596801,1.855543918421745,2.001250465979054,80.3208806287248,0.052884934213467745,0.14814796753910286,5.839168640681834,7.639007386802004,0.3119869354431766,4.247764488017906,80.3208806287248,0.052884934213467745,0.14814796753910286,45,5.839168640681834,7.639007386802004,0.3070651172134782,0.291170970904392,46.452443425638705,
True,26.214588169887246,train_val_monthly_return_budget,1.1838260408926145,True,"oos_monthly_return_gte_2pct,oos_return_risk_beats_current_champion,oos_sharpe_high,oos_sortino_high,oos_smart_sortino_high",False,2.0,train_val_monthly_return_budget,fresh_portfolio_train_val_monthly_return_budget_fresh_state_distilled_both_lb168_fast72_z075_ret180_h168_ls590_ss100_tp600__fresh_state_distilled_both_lb168_fast72_z050_ret60_h168_ls590_ss100_tp600__fresh_state_distilled_both_lb168_fast72_z100_ret60_h168_ls590_ss100_tp450__fresh_state_distilled_both_lb168_fast72_z050_ret120_h120_ls590_ss100_tp240__fresh_state_distilled_both_lb168_fast72_z100_ret180_h168_ls590_ss100_tp450,0.18405879361326072,2.987333627382065,0.061613069235443824,0.014178592107922494,49,1.0326930354285777,0.7256416356749413,1.3583394641413384,0.03118005062929563,0.1791158076673372,diagnostic_not_promoted,0.017165381916839584,0.226559800437792,0.05231137421593335,0.10388408447177255,2.0,5,"fresh_state_distilled_both_lb168_fast72_z075_ret180_h168_ls590_ss100_tp600,fresh_state_distilled_both_lb168_fast72_z050_ret60_h168_ls590_ss100_tp600,fresh_state_distilled_both_lb168_fast72_z100_ret60_h168_ls590_ss100_tp450,fresh_state_distilled_both_lb168_fast72_z050_ret120_h120_ls590_ss100_tp240,fresh_state_distilled_both_lb168_fast72_z100_ret180_h168_ls590_ss100_tp450",False,0.45318160119824613,2.70616011038021,0.1674629669766934,0.03163640065649953,308,1.634416648521322,1.7745053583514616,0.453119600875584,2.0,26.214588169887246,5.0,2.70616011038021,0.1674629669766934,0.03163640065649953,1.634416648521322,1.7745053583514616,58.67809153317949,0.03779427320949102,0.10228885291742973,6.43885275216218,9.151722247414652,0.2474699420473968,2.2176958228165073,58.67809153317949,0.03779427320949102,0.10228885291742973,67,6.43885275216218,9.151722247414652,0.2077681689435451,0.18414210937348147,31.22311624564565,
True,26.214529408830657,train_val_monthly_return_budget,1.1838275551134816,True,"oos_monthly_return_gte_2pct,oos_return_risk_beats_current_champion,oos_sharpe_high,oos_sortino_high,oos_smart_sortino_high",False,2.0,train_val_monthly_return_budget,fresh_portfolio_train_val_monthly_return_budget_fresh_state_distilled_both_lb168_fast72_z075_ret180_h168_ls590_ss100_tp600__fresh_state_distilled_both_lb168_fast72_z050_ret60_h168_ls590_ss100_tp600__fresh_state_distilled_both_lb168_fast72_z100_ret60_h168_ls590_ss100_tp450__fresh_state_distilled_both_lb168_fast72_z050_ret60_h120_ls590_ss100_tp240__fresh_state_distilled_both_lb168_fast72_z100_ret180_h168_ls590_ss100_tp450,0.18405879361326072,2.987333627382065,0.061613069235443824,0.014178592107922494,49,1.0326930354285777,0.7256416356749413,1.3583394641413384,0.03118005062929563,0.1791158076673372,diagnostic_not_promoted,0.01716536188804274,0.22655951064763147,0.05231137421593335,0.10388408447177255,2.0,5,"fresh_state_distilled_both_lb168_fast72_z075_ret180_h168_ls590_ss100_tp600,fresh_state_distilled_both_lb168_fast72_z050_ret60_h168_ls590_ss100_tp600,fresh_state_distilled_both_lb168_fast72_z100_ret60_h168_ls590_ss100_tp450,fresh_state_distilled_both_lb168_fast72_z050_ret60_h120_ls590_ss100_tp240,fresh_state_distilled_both_lb168_fast72_z100_ret180_h168_ls590_ss100_tp450",False,0.45318102152702355,2.7061555804776214,0.16746303309251703,0.03163636636335254,308,1.6344425737968309,1.7743204701448632,0.45311902129526294,2.0,26.214529408830657,5.0,2.7061555804776214,0.16746303309251703,0.03163636636335254,1.6344425737968309,1.7743204701448632,58.67809153317949,0.03779427320949102,0.10228885291742973,6.43885275216218,9.151722247414652,0.24746503085140192,2.2176958228165073,58.67809153317949,0.03779427320949102,0.10228885291742973,67,6.43885275216218,9.151722247414652,0.2077681689435451,0.18414210937348147,31.223101756137616,
True,26.204959995073263,train_val_monthly_return_budget,1.1507616872087054,True,"oos_return_risk_beats_current_champion,oos_sharpe_high,oos_sortino_high,oos_smart_sortino_high",False,3.0,train_val_monthly_return_budget,fresh_portfolio_train_val_monthly_return_budget_fresh_state_distilled_both_lb168_fast72_z075_ret180_h168_ls590_ss100_tp600__fresh_state_distilled_both_lb168_fast72_z075_ret60_h168_ls590_ss100_tp600__fresh_state_distilled_both_lb168_fast72_z050_ret120_h168_ls590_ss100_tp600__fresh_state_distilled_both_lb168_fast72_z100_ret180_h168_ls590_ss100_tp450,0.40605797150127776,5.748175725033065,0.07064118964437921,0.028806269700565545,33,1.5646048279212477,1.5175100605519247,2.115187508133983,0.0638916249527941,0.23549773433706314,diagnostic_not_promoted,0.017614204355265617,0.2330694483131932,0.051439792340510104,0.10211253952550536,3.0,4,"fresh_state_distilled_both_lb168_fast72_z075_ret180_h168_ls590_ss100_tp600,fresh_state_distilled_both_lb168_fast72_z075_ret60_h168_ls590_ss100_tp600,fresh_state_distilled_both_lb168_fast72_z050_ret120_h168_ls590_ss100_tp600,fresh_state_distilled_both_lb168_fast72_z100_ret180_h168_ls590_ss100_tp450",False,0.6993111972909343,3.938372408742144,0.17756350205446508,0.04517595500805971,209,1.8562446559475327,2.00098858340102,0.6992083449395796,3.0,26.204959995073263,4.0,3.938372408742144,0.17756350205446508,0.04517595500805971,1.8562446559475327,2.00098858340102,79.9397432439687,0.052911205121042214,0.14781823807067407,5.830593859054256,7.616806716233563,0.3119092896902321,4.229708152105077,79.9397432439687,0.052911205121042214,0.14781823807067407,45,5.830593859054256,7.616806716233563,0.3063376185765161,0.2909993878527542,46.381285717912014,
True,26.204919230538987,train_val_monthly_return_budget,1.1507673627746295,True,"oos_return_risk_beats_current_champion,oos_sharpe_high,oos_sortino_high,oos_smart_sortino_high",False,3.0,train_val_monthly_return_budget,fresh_portfolio_train_val_monthly_return_budget_fresh_state_distilled_both_lb168_fast72_z075_ret180_h168_ls590_ss100_tp600__fresh_state_distilled_both_lb168_fast72_z075_ret60_h168_ls590_ss100_tp600__fresh_state_distilled_both_lb168_fast72_z050_ret180_h168_ls590_ss100_tp600__fresh_state_distilled_both_lb168_fast72_z100_ret180_h168_ls590_ss100_tp450,0.40674482496750985,5.757898854975948,0.07064118964437921,0.028848140958359192,33,1.5666776949770678,1.5194494995282042,2.117890802960195,0.06398605504936428,0.23549791430302747,diagnostic_not_promoted,0.017614125292659377,0.23306829881846314,0.051439792340510104,0.10211253952550536,3.0,4,"fresh_state_distilled_both_lb168_fast72_z075_ret180_h168_ls590_ss100_tp600,fresh_state_distilled_both_lb168_fast72_z075_ret60_h168_ls590_ss100_tp600,fresh_state_distilled_both_lb168_fast72_z050_ret180_h168_ls590_ss100_tp600,fresh_state_distilled_both_lb168_fast72_z100_ret180_h168_ls590_ss100_tp450",False,0.6993077482042778,3.938306018879619,0.17756561954604505,0.045175778225363006,209,1.85585145446382,2.0015888509192923,0.6992048964553894,3.0,26.204919230538987,4.0,3.938306018879619,0.17756561954604505,0.045175778225363006,1.85585145446382,2.0015888509192923,79.9397432439687,0.052911205121042214,0.14781823807067407,5.830593859054256,7.616806716233563,0.3119874049690866,4.229708152105077,79.9397432439687,0.052911205121042214,0.14781823807067407,45,5.830593859054256,7.616806716233563,0.3063376185765161,0.2909993878527542,46.38119950580727,
True,26.204541723051893,train_val_monthly_return_budget,1.1509221636554312,True,"oos_return_risk_beats_current_champion,oos_sharpe_high,oos_sortino_high,oos_smart_sortino_high",False,3.0,train_val_monthly_return_budget,fresh_portfolio_train_val_monthly_return_budget_fresh_state_distilled_both_lb168_fast72_z075_ret180_h168_ls590_ss100_tp600__fresh_state_distilled_both_lb168_fast72_z075_ret120_h168_ls590_ss100_tp600__fresh_state_distilled_both_lb168_fast72_z050_ret60_h168_ls590_ss100_tp600__fresh_state_distilled_both_lb168_fast72_z100_ret180_h168_ls590_ss100_tp450,0.40605797150127776,5.748175725033065,0.07064118964437921,0.028806269700565545,33,1.5646048279212477,1.5175100605519247,2.115187508133983,0.0638916249527941,0.23549773433706314,diagnostic_not_promoted,0.01761196913720897,0.23303695075767905,0.051439792340510104,0.10211253952550536,3.0,4,"fresh_state_distilled_both_lb168_fast72_z075_ret180_h168_ls590_ss100_tp600,fresh_state_distilled_both_lb168_fast72_z075_ret120_h168_ls590_ss100_tp600,fresh_state_distilled_both_lb168_fast72_z050_ret60_h168_ls590_ss100_tp600,fresh_state_distilled_both_lb168_fast72_z100_ret180_h168_ls590_ss100_tp450",False,0.6992136875922774,3.937791983317269,0.17756491215243086,0.04517095702843532,209,1.8560638475281352,2.0009726381067687,0.6991108522730369,3.0,26.204541723051893,4.0,3.937791983317269,0.17756491215243086,0.04517095702843532,1.8560638475281352,2.0009726381067687,79.9397432439687,0.052911205121042214,0.14781823807067407,5.830593859054256,7.616806716233563,0.31190864724379114,4.229708152105077,79.9397432439687,0.052911205121042214,0.14781823807067407,45,5.830593859054256,7.616806716233563,0.3063376185765161,0.2909993878527542,46.378848401248455,
True,26.20163429443257,train_val_monthly_return_budget,1.158919574642533,True,"oos_return_risk_beats_current_champion,oos_sharpe_high,oos_sortino_high,oos_smart_sortino_high",False,3.0,train_val_monthly_return_budget,fresh_portfolio_train_val_monthly_return_budget_fresh_state_distilled_both_lb168_fast72_z075_ret180_h168_ls590_ss100_tp600__fresh_state_distilled_both_lb168_fast72_z075_ret120_h168_ls590_ss100_tp600__fresh_state_distilled_both_lb168_fast72_z050_ret120_h168_ls590_ss100_tp600__fresh_state_distilled_both_lb168_fast72_z100_ret120_h168_ls590_ss100_tp450,0.4136082440250637,5.851250394776719,0.07068715507274864,0.029265515539898423,34,1.5867722033439446,1.5461259421625366,2.1556263060655416,0.0649275865788288,0.2355979832532645,diagnostic_not_promoted,0.017501292719402706,0.23142882167679368,0.05155913966484604,0.10235503907115939,3.0,4,"fresh_state_distilled_both_lb168_fast72_z075_ret180_h168_ls590_ss100_tp600,fresh_state_distilled_both_lb168_fast72_z075_ret120_h168_ls590_ss100_tp600,fresh_state_distilled_both_lb168_fast72_z050_ret120_h168_ls590_ss100_tp600,fresh_state_distilled_both_lb168_fast72_z100_ret120_h168_ls590_ss100_tp450",False,0.6943884583206159,3.9106485864849754,0.17756350205446508,0.044923304968051525,209,1.8469743247437695,1.9902243521509835,0.694286465030381,3.0,26.20163429443257,4.0,3.9106485864849754,0.17756350205446508,0.044923304968051525,1.8469743247437695,1.9902243521509835,80.3208806287248,0.052884934213467745,0.14814796753910286,5.839168640681834,7.639007386802004,0.3119029083539945,4.247764488017906,80.3208806287248,0.052884934213467745,0.14814796753910286,45,5.839168640681834,7.639007386802004,0.3070651172134782,0.291170970904392,46.33358834650112,
True,26.201594038672855,train_val_monthly_return_budget,1.1589253309634209,True,"oos_return_risk_beats_current_champion,oos_sharpe_high,oos_sortino_high,oos_smart_sortino_high",False,3.0,train_val_monthly_return_budget,fresh_portfolio_train_val_monthly_return_budget_fresh_state_distilled_both_lb168_fast72_z075_ret180_h168_ls590_ss100_tp600__fresh_state_distilled_both_lb168_fast72_z075_ret120_h168_ls590_ss100_tp600__fresh_state_distilled_both_lb168_fast72_z050_ret180_h168_ls590_ss100_tp600__fresh_state_distilled_both_lb168_fast72_z100_ret120_h168_ls590_ss100_tp450,0.4142981138748396,5.861009874403052,0.07068715507274864,0.0293073647389146,34,1.5888422089426173,1.5480701214710328,2.1583369028848676,0.06502201667539875,0.2355981540102678,diagnostic_not_promoted,0.01750121356024592,0.23142767218206362,0.05155913966484604,0.10235503907115939,3.0,4,"fresh_state_distilled_both_lb168_fast72_z075_ret180_h168_ls590_ss100_tp600,fresh_state_distilled_both_lb168_fast72_z075_ret120_h168_ls590_ss100_tp600,fresh_state_distilled_both_lb168_fast72_z050_ret180_h168_ls590_ss100_tp600,fresh_state_distilled_both_lb168_fast72_z100_ret120_h168_ls590_ss100_tp450",False,0.694385009235102,3.9105825272388333,0.17756561954604505,0.04492312771466067,209,1.8465834079897128,1.9908233203370107,0.6942830165461911,3.0,26.201594038672855,4.0,3.9105825272388333,0.17756561954604505,0.04492312771466067,1.8465834079897128,1.9908233203370107,80.3208806287248,0.052884934213467745,0.14814796753910286,5.839168640681834,7.639007386802004,0.311981025229703,4.247764488017906,80.3208806287248,0.052884934213467745,0.14814796753910286,45,5.839168640681834,7.639007386802004,0.3070651172134782,0.291170970904392,46.33350213439637,
True,26.197395806924387,train_val_monthly_return_budget,1.1921710555838874,True,"oos_monthly_return_gte_2pct,oos_return_risk_beats_current_champion,oos_sharpe_high,oos_sortino_high,oos_smart_sortino_high",False,2.0,train_val_monthly_return_budget,fresh_portfolio_train_val_monthly_return_budget_fresh_state_distilled_both_lb168_fast72_z075_ret180_h168_ls590_ss100_tp600__fresh_state_distilled_both_lb168_fast72_z050_ret60_h168_ls590_ss100_tp600__fresh_state_distilled_both_lb168_fast72_z100_ret120_h168_ls590_ss100_tp450__fresh_state_distilled_both_lb168_fast72_z050_ret120_h120_ls590_ss100_tp240__fresh_state_distilled_both_lb168_fast72_z100_ret180_h168_ls590_ss100_tp450,0.18405878395111364,2.9873334705622994,0.061613069235443824,0.01417859141826483,49,1.0325397378727283,0.7258739737721639,1.358774447402982,0.031180049100062,0.179147884209235,diagnostic_not_promoted,0.017055708831422933,0.22497391655456078,0.05231137421593335,0.10388408447177255,2.0,5,"fresh_state_distilled_both_lb168_fast72_z075_ret180_h168_ls590_ss100_tp600,fresh_state_distilled_both_lb168_fast72_z050_ret60_h168_ls590_ss100_tp600,fresh_state_distilled_both_lb168_fast72_z100_ret120_h168_ls590_ss100_tp450,fresh_state_distilled_both_lb168_fast72_z050_ret120_h120_ls590_ss100_tp240,fresh_state_distilled_both_lb168_fast72_z100_ret180_h168_ls590_ss100_tp450",False,0.45000933636663465,2.6872170276862737,0.1674629669766934,0.03144854257960561,308,1.6256505743004706,1.765013118224478,0.44994783310912156,2.0,26.197395806924387,5.0,2.6872170276862737,0.1674629669766934,0.03144854257960561,1.6256505743004706,1.765013118224478,58.67809153317949,0.03779427320949102,0.10228885291742973,6.43885275216218,9.151722247414652,0.24745824276117004,2.2176958228165073,58.67809153317949,0.03779427320949102,0.10228885291742973,67,6.43885275216218,9.151722247414652,0.2077681689435451,0.18414210937348147,31.143822051484086,
True,26.197337304992423,train_val_monthly_return_budget,1.1921725912280718,True,"oos_monthly_return_gte_2pct,oos_return_risk_beats_current_champion,oos_sharpe_high,oos_sortino_high,oos_smart_sortino_high",False,2.0,train_val_monthly_return_budget,fresh_portfolio_train_val_monthly_return_budget_fresh_state_distilled_both_lb168_fast72_z075_ret180_h168_ls590_ss100_tp600__fresh_state_distilled_both_lb168_fast72_z050_ret60_h168_ls590_ss100_tp600__fresh_state_distilled_both_lb168_fast72_z100_ret120_h168_ls590_ss100_tp450__fresh_state_distilled_both_lb168_fast72_z050_ret60_h120_ls590_ss100_tp240__fresh_state_distilled_both_lb168_fast72_z100_ret180_h168_ls590_ss100_tp450,0.18405878395111364,2.9873334705622994,0.061613069235443824,0.01417859141826483,49,1.0325397378727283,0.7258739737721639,1.358774447402982,0.031180049100062,0.179147884209235,diagnostic_not_promoted,0.017055688778858658,0.22497362676440025,0.05231137421593335,0.10388408447177255,2.0,5,"fresh_state_distilled_both_lb168_fast72_z075_ret180_h168_ls590_ss100_tp600,fresh_state_distilled_both_lb168_fast72_z050_ret60_h168_ls590_ss100_tp600,fresh_state_distilled_both_lb168_fast72_z100_ret120_h168_ls590_ss100_tp450,fresh_state_distilled_both_lb168_fast72_z050_ret60_h120_ls590_ss100_tp240,fresh_state_distilled_both_lb168_fast72_z100_ret180_h168_ls590_ss100_tp450",False,0.4500087566955566,2.6872125052634375,0.16746303309251703,0.03144850821770051,308,1.625676324882897,1.7648291726248668,0.4499472535288005,2.0,26.197337304992423,5.0,2.6872125052634375,0.16746303309251703,0.03144850821770051,1.625676324882897,1.7648291726248668,58.67809153317949,0.03779427320949102,0.10228885291742973,6.43885275216218,9.151722247414652,0.24745333132211927,2.2176958228165073,58.67809153317949,0.03779427320949102,0.10228885291742973,67,6.43885275216218,9.151722247414652,0.2077681689435451,0.18414210937348147,31.143807561976054,
True,26.197155666882637,train_val_monthly_return_budget,1.1922904838800095,True,"oos_monthly_return_gte_2pct,oos_return_risk_beats_current_champion,oos_sharpe_high,oos_sortino_high,oos_smart_sortino_high",False,2.0,train_val_monthly_return_budget,fresh_portfolio_train_val_monthly_return_budget_fresh_state_distilled_both_lb168_fast72_z075_ret180_h168_ls590_ss100_tp600__fresh_state_distilled_both_lb168_fast72_z050_ret120_h168_ls590_ss100_tp600__fresh_state_distilled_both_lb168_fast72_z100_ret60_h168_ls590_ss100_tp450__fresh_state_distilled_both_lb168_fast72_z050_ret60_h120_ls590_ss100_tp240__fresh_state_distilled_both_lb168_fast72_z100_ret180_h168_ls590_ss100_tp450,0.18405879361326072,2.987333627382065,0.061613069235443824,0.014178592107922494,49,1.0326930354285777,0.7256416356749413,1.3583394641413384,0.03118005062929563,0.1791158076673372,diagnostic_not_promoted,0.017054149468428426,0.2249513815667461,0.05231137421593335,0.10388408447177255,2.0,5,"fresh_state_distilled_both_lb168_fast72_z075_ret180_h168_ls590_ss100_tp600,fresh_state_distilled_both_lb168_fast72_z050_ret120_h168_ls590_ss100_tp600,fresh_state_distilled_both_lb168_fast72_z100_ret60_h168_ls590_ss100_tp450,fresh_state_distilled_both_lb168_fast72_z050_ret60_h120_ls590_ss100_tp240,fresh_state_distilled_both_lb168_fast72_z100_ret180_h168_ls590_ss100_tp450",False,0.44996425933354645,2.686949657494323,0.1674628544224957,0.03144587045298519,308,1.625530625110588,1.7648728288170035,0.4499027631334922,2.0,26.197155666882637,5.0,2.686949657494323,0.1674628544224957,0.03144587045298519,1.625530625110588,1.7648728288170035,58.67809153317949,0.03779427320949102,0.10228885291742973,6.43885275216218,9.151722247414652,0.2474572228027629,2.2176958228165073,58.67809153317949,0.03779427320949102,0.10228885291742973,67,6.43885275216218,9.151722247414652,0.2077681689435451,0.18414210937348147,31.14269530209335,
True,26.19710802133851,train_val_monthly_return_budget,1.1922889479320928,True,"oos_monthly_return_gte_2pct,oos_return_risk_beats_current_champion,oos_sharpe_high,oos_sortino_high,oos_smart_sortino_high",False,2.0,train_val_monthly_return_budget,fresh_portfolio_train_val_monthly_return_budget_fresh_state_distilled_both_lb168_fast72_z075_ret180_h168_ls590_ss100_tp600__fresh_state_distilled_both_lb168_fast72_z050_ret120_h168_ls590_ss100_tp600__fresh_state_distilled_both_lb168_fast72_z100_ret60_h168_ls590_ss100_tp450__fresh_state_distilled_both_lb168_fast72_z050_ret120_h120_ls590_ss100_tp240__fresh_state_distilled_both_lb168_fast72_z100_ret180_h168_ls590_ss100_tp450,0.18405879361326072,2.987333627382065,0.061613069235443824,0.014178592107922494,49,1.0326930354285777,0.7256416356749413,1.3583394641413384,0.03118005062929563,0.1791158076673372,diagnostic_not_promoted,0.017054169521326434,0.22495167135690664,0.05231137421593335,0.10388408447177255,2.0,5,"fresh_state_distilled_both_lb168_fast72_z075_ret180_h168_ls590_ss100_tp600,fresh_state_distilled_both_lb168_fast72_z050_ret120_h168_ls590_ss100_tp600,fresh_state_distilled_both_lb168_fast72_z100_ret60_h168_ls590_ss100_tp450,fresh_state_distilled_both_lb168_fast72_z050_ret120_h120_ls590_ss100_tp240,fresh_state_distilled_both_lb168_fast72_z100_ret180_h168_ls590_ss100_tp450",False,0.4499648390046225,2.686954179815966,0.16746278830681113,0.03144590481585685,308,1.6254965567685586,1.7647630018995357,0.44990334271381327,2.0,26.19710802133851,5.0,2.686954179815966,0.16746278830681113,0.03144590481585685,1.6254965567685586,1.7647630018995357,58.67809153317949,0.03779427320949102,0.10228885291742973,6.43885275216218,9.151722247414652,0.24746362869858196,2.2176958228165073,58.67809153317949,0.03779427320949102,0.10228885291742973,67,6.43885275216218,9.151722247414652,0.2077681689435451,0.18414210937348147,31.142709791601376,
True,26.197034196672952,train_val_monthly_return_budget,1.192296576479315,True,"oos_monthly_return_gte_2pct,oos_return_risk_beats_current_champion,oos_sharpe_high,oos_sortino_high,oos_smart_sortino_high",False,2.0,train_val_monthly_return_budget,fresh_portfolio_train_val_monthly_return_budget_fresh_state_distilled_both_lb168_fast72_z075_ret180_h168_ls590_ss100_tp600__fresh_state_distilled_both_lb168_fast72_z050_ret180_h168_ls590_ss100_tp600__fresh_state_distilled_both_lb168_fast72_z100_ret60_h168_ls590_ss100_tp450__fresh_state_distilled_both_lb168_fast72_z050_ret60_h120_ls590_ss100_tp240__fresh_state_distilled_both_lb168_fast72_z100_ret180_h168_ls590_ss100_tp450,0.1844565043926094,2.9937886016965067,0.061613069235443824,0.014206975247810005,49,1.0345767615051518,0.7283524922941181,1.3606900862315083,0.03124298789634694,0.17911397536789722,diagnostic_not_promoted,0.017054069925654947,0.22495023207201603,0.05231137421593335,0.10388408447177255,2.0,5,"fresh_state_distilled_both_lb168_fast72_z075_ret180_h168_ls590_ss100_tp600,fresh_state_distilled_both_lb168_fast72_z050_ret180_h168_ls590_ss100_tp600,fresh_state_distilled_both_lb168_fast72_z100_ret60_h168_ls590_ss100_tp450,fresh_state_distilled_both_lb168_fast72_z050_ret60_h120_ls590_ss100_tp240,fresh_state_distilled_both_lb168_fast72_z100_ret180_h168_ls590_ss100_tp450",False,0.4499619599840943,2.686931622233104,0.16746312271621253,0.03144573414754381,308,1.625305446935412,1.7648338833403348,0.44990046414403206,2.0,26.197034196672952,5.0,2.686931622233104,0.16746312271621253,0.03144573414754381,1.625305446935412,1.7648338833403348,58.67809153317949,0.03779427320949102,0.10228885291742973,6.43885275216218,9.151722247414652,0.24749651551775853,2.2176958228165073,58.67809153317949,0.03779427320949102,0.10228885291742973,67,6.43885275216218,9.151722247414652,0.2077681689435451,0.18414210937348147,31.142637827356843,
True,26.196988989457253,train_val_monthly_return_budget,1.192295040515702,True,"oos_monthly_return_gte_2pct,oos_return_risk_beats_current_champion,oos_sharpe_high,oos_sortino_high,oos_smart_sortino_high",False,2.0,train_val_monthly_return_budget,fresh_portfolio_train_val_monthly_return_budget_fresh_state_distilled_both_lb168_fast72_z075_ret180_h168_ls590_ss100_tp600__fresh_state_distilled_both_lb168_fast72_z050_ret180_h168_ls590_ss100_tp600__fresh_state_distilled_both_lb168_fast72_z100_ret60_h168_ls590_ss100_tp450__fresh_state_distilled_both_lb168_fast72_z050_ret120_h120_ls590_ss100_tp240__fresh_state_distilled_both_lb168_fast72_z100_ret180_h168_ls590_ss100_tp450,0.1844565043926094,2.9937886016965067,0.061613069235443824,0.014206975247810005,49,1.0345767615051518,0.7283524922941181,1.3606900862315083,0.03124298789634694,0.17911397536789722,diagnostic_not_promoted,0.017054089978570275,0.22495052186217657,0.05231137421593335,0.10388408447177255,2.0,5,"fresh_state_distilled_both_lb168_fast72_z075_ret180_h168_ls590_ss100_tp600,fresh_state_distilled_both_lb168_fast72_z050_ret180_h168_ls590_ss100_tp600,fresh_state_distilled_both_lb168_fast72_z100_ret60_h168_ls590_ss100_tp450,fresh_state_distilled_both_lb168_fast72_z050_ret120_h120_ls590_ss100_tp240,fresh_state_distilled_both_lb168_fast72_z100_ret180_h168_ls590_ss100_tp450",False,0.4499625396551701,2.6869361445437305,0.16746305660031915,0.03144576851046521,308,1.6252709397134453,1.7647315246330446,0.44990104372435313,2.0,26.196988989457253,5.0,2.6869361445437305,0.16746305660031915,0.03144576851046521,1.6252709397134453,1.7647315246330446,58.67809153317949,0.03779427320949102,0.10228885291742973,6.43885275216218,9.151722247414652,0.24750300233808842,2.2176958228165073,58.67809153317949,0.03779427320949102,0.10228885291742973,67,6.43885275216218,9.151722247414652,0.2077681689435451,0.18414210937348147,31.142652316864876,
True,26.185147961963878,train_val_monthly_return_budget,1.6354573857569987,True,"oos_monthly_return_gte_2pct,oos_return_risk_beats_current_champion,oos_sharpe_high,oos_sortino_high,oos_smart_sortino_high",False,3.0,train_val_monthly_return_budget,fresh_portfolio_train_val_monthly_return_budget_fresh_state_distilled_both_lb168_fast72_z075_ret180_h168_ls590_ss100_tp600__fresh_state_distilled_both_lb168_fast72_z050_ret60_h168_ls590_ss100_tp600__fresh_state_distilled_both_lb168_fast72_z100_ret180_h168_ls590_ss100_tp450,0.26086551978170225,4.725147322914404,0.055207912463733314,0.019504305120956023,25,1.414159201736595,1.4468023097936327,1.904045856494802,0.04302580859194216,0.1746829685106773,diagnostic_not_promoted,0.012736737017925437,0.1639953409446666,0.037049176740397316,0.07306188615278386,3.0,3,"fresh_state_distilled_both_lb168_fast72_z075_ret180_h168_ls590_ss100_tp600,fresh_state_distilled_both_lb168_fast72_z050_ret60_h168_ls590_ss100_tp600,fresh_state_distilled_both_lb168_fast72_z100_ret180_h168_ls590_ss100_tp450",False,0.49205417780347394,3.2971720988118296,0.1492352121931369,0.03390836583542822,157,1.7615202962375436,1.89341208206777,0.49198602283399984,3.0,26.185147961963878,3.0,3.2971720988118296,0.1492352121931369,0.03390836583542822,1.7615202962375436,1.89341208206777,58.85959268693466,0.040956626557416796,0.10765248060154353,5.782853224068958,7.571886600962849,0.24411325533929729,2.4106903570004437,58.85959268693466,0.040956626557416796,0.10765248060154353,34,5.782853224068958,7.571886600962849,0.21918565845835158,0.2162101540310231,33.07336655303955,
True,26.18309686580253,train_val_monthly_return_budget,1.158919574642533,True,"oos_return_risk_beats_current_champion,oos_sharpe_high,oos_sortino_high,oos_smart_sortino_high",False,3.0,train_val_monthly_return_budget,fresh_portfolio_train_val_monthly_return_budget_fresh_state_distilled_both_lb168_fast72_z075_ret180_h168_ls590_ss100_tp600__fresh_state_distilled_both_lb168_fast72_z075_ret120_h168_ls590_ss100_tp600__fresh_state_distilled_both_lb168_fast72_z050_ret120_h168_ls590_ss100_tp600__fresh_state_distilled_both_lb168_fast72_z100_ret180_h168_ls590_ss100_tp450,0.40605797150127776,5.748175725033065,0.07064118964437921,0.028806269700565545,33,1.5646048279212477,1.5175100605519247,2.115187508133983,0.0638916249527941,0.23549773433706314,diagnostic_not_promoted,0.017501292719402706,0.23142882167679368,0.051439792340510104,0.10211253952550536,3.0,4,"fresh_state_distilled_both_lb168_fast72_z075_ret180_h168_ls590_ss100_tp600,fresh_state_distilled_both_lb168_fast72_z075_ret120_h168_ls590_ss100_tp600,fresh_state_distilled_both_lb168_fast72_z050_ret120_h168_ls590_ss100_tp600,fresh_state_distilled_both_lb168_fast72_z100_ret180_h168_ls590_ss100_tp450",False,0.6943884583206159,3.9106485864849754,0.17756350205446508,0.044923304968051525,209,1.8469743247437695,1.9902243521509835,0.694286465030381,3.0,26.18309686580253,4.0,3.9106485864849754,0.17756350205446508,0.044923304968051525,1.8469743247437695,1.9902243521509835,79.9397432439687,0.052911205121042214,0.14781823807067407,5.830593859054256,7.616806716233563,0.3119029083539945,4.229708152105077,79.9397432439687,0.052911205121042214,0.14781823807067407,45,5.830593859054256,7.616806716233563,0.3063376185765161,0.2909993878527542,46.25823872018206,
True,26.183056610042808,train_val_monthly_return_budget,1.1589253309634209,True,"oos_return_risk_beats_current_champion,oos_sharpe_high,oos_sortino_high,oos_smart_sortino_high",False,3.0,train_val_monthly_return_budget,fresh_portfolio_train_val_monthly_return_budget_fresh_state_distilled_both_lb168_fast72_z075_ret180_h168_ls590_ss100_tp600__fresh_state_distilled_both_lb168_fast72_z075_ret120_h168_ls590_ss100_tp600__fresh_state_distilled_both_lb168_fast72_z050_ret180_h168_ls590_ss100_tp600__fresh_state_distilled_both_lb168_fast72_z100_ret180_h168_ls590_ss100_tp450,0.40674482496750985,5.757898854975948,0.07064118964437921,0.028848140958359192,33,1.5666776949770678,1.5194494995282042,2.117890802960195,0.06398605504936428,0.23549791430302747,diagnostic_not_promoted,0.01750121356024592,0.23142767218206362,0.051439792340510104,0.10211253952550536,3.0,4,"fresh_state_distilled_both_lb168_fast72_z075_ret180_h168_ls590_ss100_tp600,fresh_state_distilled_both_lb168_fast72_z075_ret120_h168_ls590_ss100_tp600,fresh_state_distilled_both_lb168_fast72_z050_ret180_h168_ls590_ss100_tp600,fresh_state_distilled_both_lb168_fast72_z100_ret180_h168_ls590_ss100_tp450",False,0.694385009235102,3.9105825272388333,0.17756561954604505,0.04492312771466067,209,1.8465834079897128,1.9908233203370107,0.6942830165461911,3.0,26.183056610042808,4.0,3.9105825272388333,0.17756561954604505,0.04492312771466067,1.8465834079897128,1.9908233203370107,79.9397432439687,0.052911205121042214,0.14781823807067407,5.830593859054256,7.616806716233563,0.311981025229703,4.229708152105077,79.9397432439687,0.052911205121042214,0.14781823807067407,45,5.830593859054256,7.616806716233563,0.3063376185765161,0.2909993878527542,46.25815250807731,
True,26.180030095160348,train_val_monthly_return_budget,1.2007556867968634,True,"oos_monthly_return_gte_2pct,oos_return_risk_beats_current_champion,oos_sharpe_high,oos_sortino_high,oos_smart_sortino_high",False,2.0,train_val_monthly_return_budget,fresh_portfolio_train_val_monthly_return_budget_fresh_state_distilled_both_lb168_fast72_z075_ret180_h168_ls590_ss100_tp600__fresh_state_distilled_both_lb168_fast72_z050_ret120_h168_ls590_ss100_tp600__fresh_state_distilled_both_lb168_fast72_z100_ret120_h168_ls590_ss100_tp450__fresh_state_distilled_both_lb168_fast72_z050_ret60_h120_ls590_ss100_tp240__fresh_state_distilled_both_lb168_fast72_z100_ret180_h168_ls590_ss100_tp450,0.18405878395111364,2.9873334705622994,0.061613069235443824,0.01417859141826483,49,1.0325397378727283,0.7258739737721639,1.358774447402982,0.031180049100062,0.179147884209235,diagnostic_not_promoted,0.016944344300636294,0.22336549768351488,0.05231137421593335,0.10388408447177255,2.0,5,"fresh_state_distilled_both_lb168_fast72_z075_ret180_h168_ls590_ss100_tp600,fresh_state_distilled_both_lb168_fast72_z050_ret120_h168_ls590_ss100_tp600,fresh_state_distilled_both_lb168_fast72_z100_ret120_h168_ls590_ss100_tp450,fresh_state_distilled_both_lb168_fast72_z050_ret60_h120_ls590_ss100_tp240,fresh_state_distilled_both_lb168_fast72_z100_ret180_h168_ls590_ss100_tp450",False,0.4467919953054589,2.668006566866689,0.1674628544224957,0.03125762993677483,308,1.6166771965339064,1.7557095028206184,0.44673099536702976,2.0,26.180030095160348,5.0,2.668006566866689,0.1674628544224957,0.03125762993677483,1.6166771965339064,1.7557095028206184,58.67809153317949,0.03779427320949102,0.10228885291742973,6.43885275216218,9.151722247414652,0.24745760639711734,2.2176958228165073,58.67809153317949,0.03779427320949102,0.10228885291742973,67,6.43885275216218,9.151722247414652,0.2077681689435451,0.18414210937348147,31.06340110793179,
True,26.179982778446163,train_val_monthly_return_budget,1.2007541289612291,True,"oos_monthly_return_gte_2pct,oos_return_risk_beats_current_champion,oos_sharpe_high,oos_sortino_high,oos_smart_sortino_high",False,2.0,train_val_monthly_return_budget,fresh_portfolio_train_val_monthly_return_budget_fresh_state_distilled_both_lb168_fast72_z075_ret180_h168_ls590_ss100_tp600__fresh_state_distilled_both_lb168_fast72_z050_ret120_h168_ls590_ss100_tp600__fresh_state_distilled_both_lb168_fast72_z100_ret120_h168_ls590_ss100_tp450__fresh_state_distilled_both_lb168_fast72_z050_ret120_h120_ls590_ss100_tp240__fresh_state_distilled_both_lb168_fast72_z100_ret180_h168_ls590_ss100_tp450,0.18405878395111364,2.9873334705622994,0.061613069235443824,0.01417859141826483,49,1.0325397378727283,0.7258739737721639,1.358774447402982,0.031180049100062,0.179147884209235,diagnostic_not_promoted,0.016944364377361687,0.22336578747367541,0.05231137421593335,0.10388408447177255,2.0,5,"fresh_state_distilled_both_lb168_fast72_z075_ret180_h168_ls590_ss100_tp600,fresh_state_distilled_both_lb168_fast72_z050_ret120_h168_ls590_ss100_tp600,fresh_state_distilled_both_lb168_fast72_z100_ret120_h168_ls590_ss100_tp450,fresh_state_distilled_both_lb168_fast72_z050_ret120_h120_ls590_ss100_tp240,fresh_state_distilled_both_lb168_fast72_z100_ret180_h168_ls590_ss100_tp450",False,0.4467925749763897,2.6680110817085776,0.16746278830681113,0.03125766436869748,308,1.616643361021708,1.7556003466951002,0.44673157494735083,2.0,26.179982778446163,5.0,2.6680110817085776,0.16746278830681113,0.03125766436869748,1.616643361021708,1.7556003466951002,58.67809153317949,0.03779427320949102,0.10228885291742973,6.43885275216218,9.151722247414652,0.2474640122846677,2.2176958228165073,58.67809153317949,0.03779427320949102,0.10228885291742973,67,6.43885275216218,9.151722247414652,0.2077681689435451,0.18414210937348147,31.063415597439814,
