decision_rank,model_id,decision,family,symbol,timeframe,train_return,validation_return,locked_oos_return,ready_for_paper,ready_for_real,real_money_execution,rejection_reasons,booster_train_validation_score,validation_first_half_return,validation_second_half_return,validation_min_half_return,booster_target_gate_pass,booster_target_reasons
1,a30fb_booster_rs_chandelier_1h_solusdt_lb36_atr0p5_rel0p005_trail3p0_hold6_4p0x_0p15_866d30f9,no_promotion_shadow_or_reject,relative_strength_chandelier_breakout,SOLUSDT,1h,0.2516812425646826,0.25550481775595557,-0.05829428527697689,False,False,False,train_return_below_validation_return;train_validation_return_ratio_0.9850_below_1.00;locked_oos_return_not_positive;locked_oos_return_per_turnover_proxy_bps_-38.863_not_above_10.000,2.6835175389095838,0.09594223300525218,0.14559397379290173,0.09594223300525218,False,locked_oos_return_-0.0583_below_preferred_0.03;train_rpt_17.478_below_preferred_20bps;locked_oos_rpt_-38.863_below_preferred_20bps
2,a30fb_booster_rs_chandelier_2h_ethusdt_lb24_atr0p5_rel0p005_trail2p0_hold6_4p0x_0p15_499b43f0,no_promotion_shadow_or_reject,relative_strength_chandelier_breakout,ETHUSDT,2h,0.4487637085148397,0.22721730042003951,-0.07737128083289746,False,False,False,locked_oos_return_not_positive;locked_oos_return_per_turnover_proxy_bps_-64.476_not_above_10.000,2.5458047086587654,0.16518333009991437,0.053239665139050985,0.053239665139050985,False,locked_oos_return_-0.0774_below_preferred_0.03;locked_oos_rpt_-64.476_below_preferred_20bps
3,a30fb_booster_rs_chandelier_2h_ethusdt_lb24_atr0p5_rel0p005_trail3p0_hold6_4p0x_0p15_4f222cb4,no_promotion_shadow_or_reject,relative_strength_chandelier_breakout,ETHUSDT,2h,0.3929115134865484,0.2182703474289791,-0.07827604448583014,False,False,False,locked_oos_return_not_positive;locked_oos_return_per_turnover_proxy_bps_-65.230_not_above_10.000,2.435869651410229,0.15668863199159722,0.053239665139050985,0.053239665139050985,False,locked_oos_return_-0.0783_below_preferred_0.03;locked_oos_rpt_-65.230_below_preferred_20bps
4,a30fb_booster_rs_chandelier_2h_ethusdt_lb24_atr0p5_rel0p005_trail2p0_hold12_4p0x_0p15_dbb8df09,no_promotion_shadow_or_reject,relative_strength_chandelier_breakout,ETHUSDT,2h,0.36067442794185367,0.22233461887573425,-0.136144402413648,False,False,False,locked_oos_trade_event_count_18_below_20;locked_oos_return_not_positive;locked_oos_return_per_turnover_proxy_bps_-126.060_not_above_10.000,2.427490679590395,0.15037764126452813,0.06255074423396234,0.06255074423396234,False,locked_oos_return_-0.1361_below_preferred_0.03;locked_oos_trade_event_count_18_below_20;locked_oos_rpt_-126.060_below_preferred_20bps
5,a30fb_booster_rs_chandelier_1h_solusdt_lb36_atr0p5_rel0p005_trail3p0_hold6_4p0x_0p125_ed09e150,no_promotion_shadow_or_reject,relative_strength_chandelier_breakout,SOLUSDT,1h,0.21176029808727503,0.20994472520685048,-0.04869079960546563,False,False,False,locked_oos_return_not_positive;locked_oos_return_per_turnover_proxy_bps_-38.953_not_above_10.000,2.307356469873998,0.07997727415814015,0.12034276475865857,0.07997727415814015,False,locked_oos_return_-0.0487_below_preferred_0.03;train_rpt_17.647_below_preferred_20bps;locked_oos_rpt_-38.953_below_preferred_20bps
6,a30fb_booster_rs_chandelier_1h_solusdt_lb36_atr0p5_rel0p005_trail3p0_hold6_5p0x_0p1_68624f57,no_promotion_shadow_or_reject,relative_strength_chandelier_breakout,SOLUSDT,1h,0.21176029808727503,0.20994472520685048,-0.04869079960546563,False,False,False,locked_oos_return_not_positive;locked_oos_return_per_turnover_proxy_bps_-38.953_not_above_10.000,2.307356469873998,0.07997727415814015,0.12034276475865857,0.07997727415814015,False,locked_oos_return_-0.0487_below_preferred_0.03;train_rpt_17.647_below_preferred_20bps;locked_oos_rpt_-38.953_below_preferred_20bps
7,a30fb_booster_rs_chandelier_1h_solusdt_lb36_atr0p5_rel0p0_trail3p0_hold6_4p0x_0p15_58aa5594,no_promotion_shadow_or_reject,relative_strength_chandelier_breakout,SOLUSDT,1h,0.21127052260312262,0.24306208740262414,-0.08318847596300394,False,False,False,train_return_below_validation_return;train_validation_return_ratio_0.8692_below_1.00;locked_oos_return_not_positive;locked_oos_return_per_turnover_proxy_bps_-44.725_not_above_10.000,2.2786964975536357,0.09594223300525218,0.1342405192233016,0.09594223300525218,False,locked_oos_return_-0.0832_below_preferred_0.03;train_rpt_14.314_below_preferred_20bps;locked_oos_rpt_-44.725_below_preferred_20bps
8,a30fb_booster_rs_chandelier_2h_solusdt_lb12_atr0p5_rel0p0_trail2p0_hold12_4p0x_0p15_8805e5b8,no_promotion_shadow_or_reject,relative_strength_chandelier_breakout,SOLUSDT,2h,0.2332462802806594,0.22836278176099656,-0.025992440487929924,False,False,False,locked_oos_return_not_positive;locked_oos_return_per_turnover_proxy_bps_-12.741_not_above_10.000,2.1879975855832408,0.22080998751554093,0.006186707450539508,0.006186707450539508,False,locked_oos_return_-0.0260_below_preferred_0.03;validation_mdd_0.1056_above_preferred_0.10;train_rpt_16.613_below_preferred_20bps;locked_oos_rpt_-12.741_below_preferred_20bps
9,a30fb_booster_rs_chandelier_2h_solusdt_lb12_atr0p5_rel0p0_trail3p0_hold12_4p0x_0p15_f37ffd11,no_promotion_shadow_or_reject,relative_strength_chandelier_breakout,SOLUSDT,2h,0.23248201498020316,0.22836278176099656,-0.025992440487929924,False,False,False,locked_oos_return_not_positive;locked_oos_return_per_turnover_proxy_bps_-12.741_not_above_10.000,2.1877798461814013,0.22080998751554093,0.006186707450539508,0.006186707450539508,False,locked_oos_return_-0.0260_below_preferred_0.03;validation_mdd_0.1056_above_preferred_0.10;train_rpt_16.559_below_preferred_20bps;locked_oos_rpt_-12.741_below_preferred_20bps
10,a30fb_booster_rs_chandelier_2h_solusdt_lb12_atr0p25_rel0p015_trail3p0_hold18_4p0x_0p15_1f67c762,no_promotion_shadow_or_reject,relative_strength_chandelier_breakout,SOLUSDT,2h,0.29591754818429306,0.20985339565201167,0.030255439257693473,False,False,False,locked_oos_trade_event_count_15_below_20,2.182812639611241,0.18198334707447583,0.023579053500641267,0.023579053500641267,False,locked_oos_trade_event_count_15_below_20
11,a30fb_booster_rs_chandelier_2h_ethusdt_lb24_atr0p5_rel0p005_trail2p0_hold6_4p0x_0p125_05459e55,no_promotion_shadow_or_reject,relative_strength_chandelier_breakout,ETHUSDT,2h,0.36652770118546507,0.18697875675715192,-0.06480725436871582,False,False,False,locked_oos_return_not_positive;locked_oos_return_per_turnover_proxy_bps_-64.807_not_above_10.000,2.1812645922726537,0.1364918520254088,0.0444234638741734,0.0444234638741734,False,locked_oos_return_-0.0648_below_preferred_0.03;locked_oos_rpt_-64.807_below_preferred_20bps
12,a30fb_booster_rs_chandelier_2h_ethusdt_lb24_atr0p5_rel0p005_trail2p0_hold6_5p0x_0p1_6d748517,no_promotion_shadow_or_reject,relative_strength_chandelier_breakout,ETHUSDT,2h,0.36652770118546507,0.18697875675715192,-0.06480725436871582,False,False,False,locked_oos_return_not_positive;locked_oos_return_per_turnover_proxy_bps_-64.807_not_above_10.000,2.1812645922726537,0.1364918520254088,0.0444234638741734,0.0444234638741734,False,locked_oos_return_-0.0648_below_preferred_0.03;locked_oos_rpt_-64.807_below_preferred_20bps
13,a30fb_booster_rs_chandelier_1h_solusdt_lb36_atr0p5_rel0p005_trail3p0_hold12_4p0x_0p15_8eb92429,no_promotion_shadow_or_reject,relative_strength_chandelier_breakout,SOLUSDT,1h,0.202693782155823,0.3022481588524746,-0.08301894697887136,False,False,False,train_return_below_validation_return;train_validation_return_ratio_0.6706_below_1.00;locked_oos_return_not_positive;locked_oos_return_per_turnover_proxy_bps_-60.159_not_above_10.000,2.174821826438819,0.12265927195846893,0.15996740184643454,0.12265927195846893,False,locked_oos_return_-0.0830_below_preferred_0.03;train_rpt_14.315_below_preferred_20bps;locked_oos_rpt_-60.159_below_preferred_20bps
14,a30fb_booster_rs_chandelier_2h_solusdt_lb12_atr0p25_rel0p015_trail2p0_hold18_4p0x_0p15_cc80b247,no_promotion_shadow_or_reject,relative_strength_chandelier_breakout,SOLUSDT,2h,0.2717732471869154,0.20985339565201167,0.030255439257693473,False,False,False,locked_oos_trade_event_count_15_below_20,2.1744213698354624,0.18198334707447583,0.023579053500641267,0.023579053500641267,False,locked_oos_trade_event_count_15_below_20
15,a30fb_booster_rs_chandelier_1h_solusdt_lb36_atr0p5_rel0p005_trail3p0_hold6_3p0x_0p15_38519586,no_promotion_shadow_or_reject,relative_strength_chandelier_breakout,SOLUSDT,1h,0.1913879684637989,0.18761773197364184,-0.04387190575965938,False,False,False,locked_oos_return_not_positive;locked_oos_return_per_turnover_proxy_bps_-38.997_not_above_10.000,2.104182760688069,0.07198659495726689,0.10786621545485575,0.07198659495726689,False,locked_oos_return_-0.0439_below_preferred_0.03;train_rpt_17.721_below_preferred_20bps;locked_oos_rpt_-38.997_below_preferred_20bps
16,a30fb_booster_rs_chandelier_2h_ethusdt_lb24_atr0p5_rel0p005_trail3p0_hold6_4p0x_0p125_9a5b2f3e,no_promotion_shadow_or_reject,relative_strength_chandelier_breakout,ETHUSDT,2h,0.3226101111746751,0.17976742647463606,-0.06557137591503026,False,False,False,locked_oos_return_not_positive;locked_oos_return_per_turnover_proxy_bps_-65.571_not_above_10.000,2.089364405907854,0.12958724816313416,0.0444234638741734,0.0444234638741734,False,locked_oos_return_-0.0656_below_preferred_0.03;locked_oos_rpt_-65.571_below_preferred_20bps
17,a30fb_booster_rs_chandelier_2h_ethusdt_lb24_atr0p5_rel0p005_trail3p0_hold6_5p0x_0p1_7f9dfbe3,no_promotion_shadow_or_reject,relative_strength_chandelier_breakout,ETHUSDT,2h,0.3226101111746751,0.17976742647463606,-0.06557137591503026,False,False,False,locked_oos_return_not_positive;locked_oos_return_per_turnover_proxy_bps_-65.571_not_above_10.000,2.089364405907854,0.12958724816313416,0.0444234638741734,0.0444234638741734,False,locked_oos_return_-0.0656_below_preferred_0.03;locked_oos_rpt_-65.571_below_preferred_20bps
18,a30fb_booster_rs_chandelier_2h_ethusdt_lb24_atr0p5_rel0p005_trail2p0_hold12_4p0x_0p125_f4b06ee9,no_promotion_shadow_or_reject,relative_strength_chandelier_breakout,ETHUSDT,2h,0.29790473630552095,0.18324153067644167,-0.11468541240663677,False,False,False,locked_oos_trade_event_count_18_below_20;locked_oos_return_not_positive;locked_oos_return_per_turnover_proxy_bps_-127.428_not_above_10.000,2.084031741892702,0.12453647197604067,0.052203783659630076,0.052203783659630076,False,locked_oos_return_-0.1147_below_preferred_0.03;locked_oos_trade_event_count_18_below_20;locked_oos_rpt_-127.428_below_preferred_20bps
19,a30fb_booster_rs_chandelier_2h_ethusdt_lb24_atr0p5_rel0p005_trail2p0_hold12_5p0x_0p1_fb40f0ff,no_promotion_shadow_or_reject,relative_strength_chandelier_breakout,ETHUSDT,2h,0.29790473630552095,0.18324153067644167,-0.11468541240663677,False,False,False,locked_oos_trade_event_count_18_below_20;locked_oos_return_not_positive;locked_oos_return_per_turnover_proxy_bps_-127.428_not_above_10.000,2.084031741892702,0.12453647197604067,0.052203783659630076,0.052203783659630076,False,locked_oos_return_-0.1147_below_preferred_0.03;locked_oos_trade_event_count_18_below_20;locked_oos_rpt_-127.428_below_preferred_20bps
20,a30fb_booster_rs_chandelier_2h_ethusdt_lb24_atr0p5_rel0p005_trail2p0_hold6_3p0x_0p15_ce45d834,no_promotion_shadow_or_reject,relative_strength_chandelier_breakout,ETHUSDT,2h,0.32651552485096724,0.1672191588718337,-0.058476024819068884,False,False,False,locked_oos_return_not_positive;locked_oos_return_per_turnover_proxy_bps_-64.973_not_above_10.000,2.00221142576919,0.12231996180914262,0.04000570121760805,0.04000570121760805,False,locked_oos_return_-0.0585_below_preferred_0.03;locked_oos_rpt_-64.973_below_preferred_20bps
21,a30fb_booster_rs_chandelier_1h_solusdt_lb36_atr0p5_rel0p0_trail3p0_hold6_4p0x_0p125_e33eea72,no_promotion_shadow_or_reject,relative_strength_chandelier_breakout,SOLUSDT,1h,0.17919329570168996,0.2000018780988142,-0.06965839119768813,False,False,False,train_return_below_validation_return;train_validation_return_ratio_0.8960_below_1.00;locked_oos_return_not_positive;locked_oos_return_per_turnover_proxy_bps_-44.941_not_above_10.000,1.9969724984059516,0.07997727415814015,0.1111362311158215,0.07997727415814015,False,locked_oos_return_-0.0697_below_preferred_0.03;train_rpt_14.569_below_preferred_20bps;locked_oos_rpt_-44.941_below_preferred_20bps
22,a30fb_booster_rs_chandelier_1h_solusdt_lb36_atr0p5_rel0p0_trail3p0_hold6_5p0x_0p1_495728a9,no_promotion_shadow_or_reject,relative_strength_chandelier_breakout,SOLUSDT,1h,0.17919329570168996,0.2000018780988142,-0.06965839119768813,False,False,False,train_return_below_validation_return;train_validation_return_ratio_0.8960_below_1.00;locked_oos_return_not_positive;locked_oos_return_per_turnover_proxy_bps_-44.941_not_above_10.000,1.9969724984059516,0.07997727415814015,0.1111362311158215,0.07997727415814015,False,locked_oos_return_-0.0697_below_preferred_0.03;train_rpt_14.569_below_preferred_20bps;locked_oos_rpt_-44.941_below_preferred_20bps
23,a30fb_booster_rs_chandelier_2h_ethusdt_lb24_atr0p25_rel0p0_trail2p0_hold6_4p0x_0p15_5d910ec7,no_promotion_shadow_or_reject,relative_strength_chandelier_breakout,ETHUSDT,2h,0.20062892845913294,0.18572161311734559,-0.11685953467918186,False,False,False,locked_oos_return_not_positive;locked_oos_return_per_turnover_proxy_bps_-55.647_not_above_10.000,1.9603980722453889,0.15949184918046955,0.022621775181443038,0.022621775181443038,False,locked_oos_return_-0.1169_below_preferred_0.03;train_rpt_15.062_below_preferred_20bps;locked_oos_rpt_-55.647_below_preferred_20bps
24,a30fb_booster_rs_chandelier_2h_ethusdt_lb24_atr0p5_rel0p005_trail3p0_hold12_4p0x_0p15_e5b8c466,no_promotion_shadow_or_reject,relative_strength_chandelier_breakout,ETHUSDT,2h,0.30448300715970067,0.18075885563026772,-0.13699153098209738,False,False,False,locked_oos_trade_event_count_18_below_20;locked_oos_return_not_positive;locked_oos_return_per_turnover_proxy_bps_-126.844_not_above_10.000,1.9362867571461762,0.12002774207968869,0.05422286544243127,0.05422286544243127,False,locked_oos_return_-0.1370_below_preferred_0.03;locked_oos_trade_event_count_18_below_20;locked_oos_rpt_-126.844_below_preferred_20bps
25,a30fb_booster_rs_chandelier_2h_ethusdt_lb24_atr0p5_rel0p005_trail3p0_hold6_3p0x_0p15_a8abed79,no_promotion_shadow_or_reject,relative_strength_chandelier_breakout,ETHUSDT,2h,0.2881400688105138,0.1608370037263369,-0.059168337666724025,False,False,False,locked_oos_return_not_positive;locked_oos_return_per_turnover_proxy_bps_-65.743_not_above_10.000,1.9189620625322241,0.11618330781000963,0.04000570121760805,0.04000570121760805,False,locked_oos_return_-0.0592_below_preferred_0.03;locked_oos_rpt_-65.743_below_preferred_20bps
26,a30fb_booster_rs_chandelier_1h_solusdt_lb36_atr0p5_rel0p005_trail3p0_hold12_4p0x_0p125_f17de202,no_promotion_shadow_or_reject,relative_strength_chandelier_breakout,SOLUSDT,1h,0.1727140790385333,0.24743106365705225,-0.06952992288161419,False,False,False,train_return_below_validation_return;train_validation_return_ratio_0.6980_below_1.00;locked_oos_return_not_positive;locked_oos_return_per_turnover_proxy_bps_-60.461_not_above_10.000,1.9188905673390984,0.1018882862853232,0.132084875738524,0.1018882862853232,False,locked_oos_return_-0.0695_below_preferred_0.03;train_rpt_14.637_below_preferred_20bps;locked_oos_rpt_-60.461_below_preferred_20bps
27,a30fb_booster_rs_chandelier_1h_solusdt_lb36_atr0p5_rel0p005_trail3p0_hold12_5p0x_0p1_4d5378c0,no_promotion_shadow_or_reject,relative_strength_chandelier_breakout,SOLUSDT,1h,0.1727140790385333,0.24743106365705225,-0.06952992288161419,False,False,False,train_return_below_validation_return;train_validation_return_ratio_0.6980_below_1.00;locked_oos_return_not_positive;locked_oos_return_per_turnover_proxy_bps_-60.461_not_above_10.000,1.9188905673390984,0.1018882862853232,0.132084875738524,0.1018882862853232,False,locked_oos_return_-0.0695_below_preferred_0.03;train_rpt_14.637_below_preferred_20bps;locked_oos_rpt_-60.461_below_preferred_20bps
28,a30fb_booster_rs_chandelier_2h_ethusdt_lb24_atr0p5_rel0p005_trail2p0_hold12_3p0x_0p15_b16019ed,no_promotion_shadow_or_reject,relative_strength_chandelier_breakout,ETHUSDT,2h,0.26683953622135137,0.16399944538237365,-0.10377651512710695,False,False,False,locked_oos_trade_event_count_18_below_20;locked_oos_return_not_positive;locked_oos_return_per_turnover_proxy_bps_-128.119_not_above_10.000,1.9149686802888122,0.11172944467424051,0.047016835758496356,0.047016835758496356,False,locked_oos_return_-0.1038_below_preferred_0.03;locked_oos_trade_event_count_18_below_20;locked_oos_rpt_-128.119_below_preferred_20bps
29,a30fb_booster_rs_chandelier_2h_solusdt_lb12_atr0p25_rel0p015_trail3p0_hold18_4p0x_0p125_827991f9,no_promotion_shadow_or_reject,relative_strength_chandelier_breakout,SOLUSDT,2h,0.2524615083773383,0.17344828064845164,0.025441870213286144,False,False,False,locked_oos_trade_event_count_15_below_20,1.8777497316043275,0.15044744963283918,0.019992943635064986,0.019992943635064986,False,locked_oos_return_0.0254_below_preferred_0.03;locked_oos_trade_event_count_15_below_20
30,a30fb_booster_rs_chandelier_2h_solusdt_lb12_atr0p25_rel0p015_trail3p0_hold18_5p0x_0p1_27ea40d6,no_promotion_shadow_or_reject,relative_strength_chandelier_breakout,SOLUSDT,2h,0.2524615083773383,0.17344828064845164,0.025441870213286144,False,False,False,locked_oos_trade_event_count_15_below_20,1.8777497316043275,0.15044744963283918,0.019992943635064986,0.019992943635064986,False,locked_oos_return_0.0254_below_preferred_0.03;locked_oos_trade_event_count_15_below_20
31,a30fb_booster_rs_chandelier_1h_solusdt_lb36_atr0p5_rel0p0_trail3p0_hold12_4p0x_0p15_1a7d1d88,no_promotion_shadow_or_reject,relative_strength_chandelier_breakout,SOLUSDT,1h,0.17264769009398107,0.28934217676099605,-0.10845265607172017,False,False,False,train_return_below_validation_return;train_validation_return_ratio_0.5967_below_1.00;locked_oos_return_not_positive;locked_oos_return_per_turnover_proxy_bps_-62.329_not_above_10.000,1.8770701044927136,0.12265927195846893,0.1484714988473308,0.12265927195846893,False,locked_oos_return_-0.1085_below_preferred_0.03;train_rpt_11.890_below_preferred_20bps;locked_oos_rpt_-62.329_below_preferred_20bps
32,a30fb_booster_rs_chandelier_2h_solusdt_lb12_atr0p5_rel0p0_trail2p0_hold12_4p0x_0p125_d1c5d8af,no_promotion_shadow_or_reject,relative_strength_chandelier_breakout,SOLUSDT,2h,0.20011383188445242,0.18849767407557838,-0.021382324438489198,False,False,False,locked_oos_return_not_positive;locked_oos_return_per_turnover_proxy_bps_-12.578_not_above_10.000,1.8732542130053107,0.18181328272678088,0.005656046895476052,0.005656046895476052,False,locked_oos_return_-0.0214_below_preferred_0.03;train_rpt_17.104_below_preferred_20bps;locked_oos_rpt_-12.578_below_preferred_20bps
33,a30fb_booster_rs_chandelier_2h_solusdt_lb12_atr0p5_rel0p0_trail2p0_hold12_5p0x_0p1_870010ab,no_promotion_shadow_or_reject,relative_strength_chandelier_breakout,SOLUSDT,2h,0.20011383188445242,0.18849767407557838,-0.021382324438489198,False,False,False,locked_oos_return_not_positive;locked_oos_return_per_turnover_proxy_bps_-12.578_not_above_10.000,1.8732542130053107,0.18181328272678088,0.005656046895476052,0.005656046895476052,False,locked_oos_return_-0.0214_below_preferred_0.03;train_rpt_17.104_below_preferred_20bps;locked_oos_rpt_-12.578_below_preferred_20bps
34,a30fb_booster_rs_chandelier_2h_solusdt_lb12_atr0p5_rel0p0_trail3p0_hold12_4p0x_0p125_a938515d,no_promotion_shadow_or_reject,relative_strength_chandelier_breakout,SOLUSDT,2h,0.19949405478817583,0.18849767407557838,-0.021382324438489198,False,False,False,locked_oos_return_not_positive;locked_oos_return_per_turnover_proxy_bps_-12.578_not_above_10.000,1.8730423233997462,0.18181328272678088,0.005656046895476052,0.005656046895476052,False,locked_oos_return_-0.0214_below_preferred_0.03;train_rpt_17.051_below_preferred_20bps;locked_oos_rpt_-12.578_below_preferred_20bps
35,a30fb_booster_rs_chandelier_2h_solusdt_lb12_atr0p5_rel0p0_trail3p0_hold12_5p0x_0p1_87aeb5e7,no_promotion_shadow_or_reject,relative_strength_chandelier_breakout,SOLUSDT,2h,0.19949405478817583,0.18849767407557838,-0.021382324438489198,False,False,False,locked_oos_return_not_positive;locked_oos_return_per_turnover_proxy_bps_-12.578_not_above_10.000,1.8730423233997462,0.18181328272678088,0.005656046895476052,0.005656046895476052,False,locked_oos_return_-0.0214_below_preferred_0.03;train_rpt_17.051_below_preferred_20bps;locked_oos_rpt_-12.578_below_preferred_20bps
36,a30fb_booster_rs_chandelier_2h_solusdt_lb12_atr0p25_rel0p015_trail2p0_hold18_4p0x_0p125_8c4031de,no_promotion_shadow_or_reject,relative_strength_chandelier_breakout,SOLUSDT,2h,0.23299869065820222,0.17344828064845164,0.025441870213286144,False,False,False,locked_oos_trade_event_count_15_below_20,1.8695835521417785,0.15044744963283918,0.019992943635064986,0.019992943635064986,False,locked_oos_return_0.0254_below_preferred_0.03;locked_oos_trade_event_count_15_below_20
37,a30fb_booster_rs_chandelier_2h_solusdt_lb12_atr0p25_rel0p015_trail2p0_hold18_5p0x_0p1_7058e87a,no_promotion_shadow_or_reject,relative_strength_chandelier_breakout,SOLUSDT,2h,0.23299869065820222,0.17344828064845164,0.025441870213286144,False,False,False,locked_oos_trade_event_count_15_below_20,1.8695835521417785,0.15044744963283918,0.019992943635064986,0.019992943635064986,False,locked_oos_return_0.0254_below_preferred_0.03;locked_oos_trade_event_count_15_below_20
38,a30fb_booster_rs_chandelier_1h_ethusdt_lb36_atr0p25_rel0p0_trail2p0_hold18_4p0x_0p15_c6b75fe1,no_promotion_shadow_or_reject,relative_strength_chandelier_breakout,ETHUSDT,1h,0.17706173303224415,0.20094703538688719,-0.16632448671444555,False,False,False,train_return_below_validation_return;train_validation_return_ratio_0.8811_below_1.00;locked_oos_return_not_positive;locked_oos_return_per_turnover_proxy_bps_-86.627_not_above_10.000,1.8654741743539394,0.07656182793314037,0.11553930691797887,0.07656182793314037,False,locked_oos_return_-0.1663_below_preferred_0.03;train_rpt_10.247_below_preferred_20bps;locked_oos_rpt_-86.627_below_preferred_20bps
39,a30fb_booster_rs_chandelier_2h_ethusdt_lb24_atr0p5_rel0p005_trail2p0_hold18_4p0x_0p15_9d7c55ba,no_promotion_shadow_or_reject,relative_strength_chandelier_breakout,ETHUSDT,2h,0.31748913271833223,0.16714482619471305,-0.1543074195011268,False,False,False,locked_oos_trade_event_count_18_below_20;locked_oos_return_not_positive;locked_oos_return_per_turnover_proxy_bps_-142.877_not_above_10.000,1.8573023213550954,0.09569359635550923,0.06521095868120885,0.06521095868120885,False,locked_oos_return_-0.1543_below_preferred_0.03;locked_oos_trade_event_count_18_below_20;locked_oos_rpt_-142.877_below_preferred_20bps
40,a30fb_booster_rs_chandelier_1h_solusdt_lb36_atr0p5_rel0p0_trail3p0_hold6_3p0x_0p15_2d7e16ac,no_promotion_shadow_or_reject,relative_strength_chandelier_breakout,SOLUSDT,1h,0.16258594966802642,0.1788563258389504,-0.06284319543055028,False,False,False,train_return_below_validation_return;train_validation_return_ratio_0.9090_below_1.00;locked_oos_return_not_positive;locked_oos_return_per_turnover_proxy_bps_-45.049_not_above_10.000,1.8499902216320563,0.07198659495726689,0.09969315976935822,0.07198659495726689,False,locked_oos_return_-0.0628_below_preferred_0.03;train_rpt_14.687_below_preferred_20bps;locked_oos_rpt_-45.049_below_preferred_20bps
41,a30fb_booster_mh_consensus_2h_bnbusdt_s6_l24_thr0p005_adx18p0_hold18_cool2_4p0x_0p15_64149974,no_promotion_shadow_or_reject,multi_horizon_consensus_momentum,BNBUSDT,2h,0.31804789004206446,0.20471138511059772,-0.0755368944734992,False,False,False,locked_oos_return_not_positive;locked_oos_return_per_turnover_proxy_bps_-34.026_not_above_10.000,1.8440205837490655,0.2488059043705355,-0.03530934559615562,-0.03530934559615562,False,locked_oos_return_-0.0755_below_preferred_0.03;validation_min_half_return_-0.0353_below_0;train_rpt_18.999_below_preferred_20bps;locked_oos_rpt_-34.026_below_preferred_20bps
42,a30fb_booster_mh_consensus_2h_bnbusdt_s6_l24_thr0p005_adx12p0_hold18_cool2_4p0x_0p15_3fc12c1f,no_promotion_shadow_or_reject,multi_horizon_consensus_momentum,BNBUSDT,2h,0.260675559899473,0.20471138511059772,-0.0755368944734992,False,False,False,locked_oos_return_not_positive;locked_oos_return_per_turnover_proxy_bps_-34.026_not_above_10.000,1.8303115442884699,0.2488059043705355,-0.03530934559615562,-0.03530934559615562,False,locked_oos_return_-0.0755_below_preferred_0.03;validation_min_half_return_-0.0353_below_0;train_rpt_15.572_below_preferred_20bps;locked_oos_rpt_-34.026_below_preferred_20bps
43,a30fb_booster_rs_chandelier_1h_solusdt_lb36_atr0p5_rel0p005_trail2p0_hold6_4p0x_0p15_dd006ca1,no_promotion_shadow_or_reject,relative_strength_chandelier_breakout,SOLUSDT,1h,0.168281372306476,0.2802793092103304,-0.04689054111127855,False,False,False,train_return_below_validation_return;train_validation_return_ratio_0.6004_below_1.00;locked_oos_return_not_positive;locked_oos_return_per_turnover_proxy_bps_-30.058_not_above_10.000,1.8210728965501823,0.1101855498918829,0.15321200977171223,0.1101855498918829,False,locked_oos_return_-0.0469_below_preferred_0.03;train_rpt_11.219_below_preferred_20bps;locked_oos_rpt_-30.058_below_preferred_20bps
44,a30fb_booster_rs_chandelier_2h_ethusdt_lb24_atr0p5_rel0p0_trail2p0_hold6_4p0x_0p15_53e01e64,no_promotion_shadow_or_reject,relative_strength_chandelier_breakout,ETHUSDT,2h,0.45723202148644226,0.16170931080328965,-0.07594819081172677,False,False,False,locked_oos_return_not_positive;locked_oos_return_per_turnover_proxy_bps_-52.742_not_above_10.000,1.81075753948525,0.16518333009991437,-0.0029815216257235155,-0.0029815216257235155,False,locked_oos_return_-0.0759_below_preferred_0.03;validation_min_half_return_-0.0030_below_0;locked_oos_rpt_-52.742_below_preferred_20bps
45,a30fb_booster_rs_chandelier_2h_ethusdt_lb24_atr0p5_rel0p0_trail2p0_hold12_4p0x_0p15_04c8b049,no_promotion_shadow_or_reject,relative_strength_chandelier_breakout,ETHUSDT,2h,0.45025271294567304,0.1671814695168785,-0.13022863197370238,False,False,False,locked_oos_return_not_positive;locked_oos_return_per_turnover_proxy_bps_-98.658_not_above_10.000,1.8009291525732536,0.15037764126452813,0.014607227791630484,0.014607227791630484,False,locked_oos_return_-0.1302_below_preferred_0.03;locked_oos_rpt_-98.658_below_preferred_20bps
46,a30fb_booster_rs_chandelier_1h_solusdt_lb36_atr0p5_rel0p005_trail3p0_hold12_3p0x_0p15_8b8545e5,no_promotion_shadow_or_reject,relative_strength_chandelier_breakout,SOLUSDT,1h,0.15704881038085872,0.22070945053732993,-0.0627334911356553,False,False,False,train_return_below_validation_return;train_validation_return_ratio_0.7116_below_1.00;locked_oos_return_not_positive;locked_oos_return_per_turnover_proxy_bps_-60.612_not_above_10.000,1.7835111663931198,0.09154771406095508,0.11832898810794545,0.09154771406095508,False,locked_oos_return_-0.0627_below_preferred_0.03;train_rpt_14.788_below_preferred_20bps;locked_oos_rpt_-60.612_below_preferred_20bps
47,a30fb_booster_rs_chandelier_1h_solusdt_lb36_atr0p5_rel0p005_trail3p0_hold18_4p0x_0p15_c3ebaa7e,no_promotion_shadow_or_reject,relative_strength_chandelier_breakout,SOLUSDT,1h,0.1628249755648996,0.27044037747443017,-0.08232528139216644,False,False,False,train_return_below_validation_return;train_validation_return_ratio_0.6021_below_1.00;locked_oos_return_not_positive;locked_oos_return_per_turnover_proxy_bps_-59.656_not_above_10.000,1.7737859979699102,0.114620925974382,0.13979591434983374,0.114620925974382,False,locked_oos_return_-0.0823_below_preferred_0.03;train_rpt_12.801_below_preferred_20bps;locked_oos_rpt_-59.656_below_preferred_20bps
48,a30fb_booster_rs_chandelier_2h_solusdt_lb12_atr0p25_rel0p005_trail3p0_hold18_4p0x_0p15_eef5f606,no_promotion_shadow_or_reject,relative_strength_chandelier_breakout,SOLUSDT,2h,0.4468913744831069,0.19364176922098064,0.050435312131373866,False,False,False,validation_mdd_0.1292_above_0.12,1.7713208164800893,0.231278048148718,-0.030566839865558304,-0.030566839865558304,False,validation_mdd_0.1292_above_preferred_0.10;validation_min_half_return_-0.0306_below_0
49,a30fb_booster_mh_consensus_2h_bnbusdt_s6_l24_thr0p005_adx24p0_hold18_cool2_4p0x_0p15_0accace7,no_promotion_shadow_or_reject,multi_horizon_consensus_momentum,BNBUSDT,2h,0.3419958021510463,0.19702621952309185,-0.07914617747482522,False,False,False,locked_oos_return_not_positive;locked_oos_return_per_turnover_proxy_bps_-35.651_not_above_10.000,1.7710885554066005,0.24083944843730865,-0.03530934559615562,-0.03530934559615562,False,locked_oos_return_-0.0791_below_preferred_0.03;validation_min_half_return_-0.0353_below_0;locked_oos_rpt_-35.651_below_preferred_20bps
50,a30fb_booster_rs_chandelier_2h_ethusdt_lb24_atr0p5_rel0p005_trail3p0_hold18_4p0x_0p15_1132880c,no_promotion_shadow_or_reject,relative_strength_chandelier_breakout,ETHUSDT,2h,0.25321556486253205,0.1620176104359179,-0.1488135657142775,False,False,False,locked_oos_trade_event_count_18_below_20;locked_oos_return_not_positive;locked_oos_return_per_turnover_proxy_bps_-137.790_not_above_10.000,1.7706990371764673,0.09569359635550923,0.0605315339078516,0.0605315339078516,False,locked_oos_return_-0.1488_below_preferred_0.03;locked_oos_trade_event_count_18_below_20;locked_oos_rpt_-137.790_below_preferred_20bps
51,a30fb_booster_rs_chandelier_2h_solusdt_lb12_atr0p25_rel0p005_trail2p0_hold18_4p0x_0p15_dd9ad056,no_promotion_shadow_or_reject,relative_strength_chandelier_breakout,SOLUSDT,2h,0.41993427300317343,0.19364176922098064,0.050435312131373866,False,False,False,validation_mdd_0.1292_above_0.12,1.7629463851619411,0.231278048148718,-0.030566839865558304,-0.030566839865558304,False,validation_mdd_0.1292_above_preferred_0.10;validation_min_half_return_-0.0306_below_0
52,a30fb_booster_mh_consensus_1h_ethusdt_s12_l36_thr0p005_adx12p0_hold18_cool2_4p0x_0p15_56533137,no_promotion_shadow_or_reject,multi_horizon_consensus_momentum,ETHUSDT,1h,0.4165953082519631,0.24114105365282046,-0.0488536290463597,False,False,False,validation_mdd_0.1567_above_0.12;locked_oos_return_not_positive;locked_oos_return_per_turnover_proxy_bps_-14.038_not_above_10.000,1.7368078699276839,0.3491538401329888,-0.08005965166250029,-0.08005965166250029,False,locked_oos_return_-0.0489_below_preferred_0.03;validation_mdd_0.1567_above_preferred_0.10;validation_min_half_return_-0.0801_below_0;train_rpt_14.435_below_preferred_20bps;locked_oos_rpt_-14.038_below_preferred_20bps
53,a30fb_booster_rs_chandelier_2h_solusdt_lb12_atr0p25_rel0p015_trail3p0_hold18_3p0x_0p15_f421fbf5,no_promotion_shadow_or_reject,relative_strength_chandelier_breakout,SOLUSDT,2h,0.22960653472024983,0.1554512121603162,0.02299997299159684,False,False,False,locked_oos_trade_event_count_15_below_20,1.7269689469303169,0.13485650079802847,0.018147414539023687,0.018147414539023687,False,locked_oos_return_0.0230_below_preferred_0.03;locked_oos_trade_event_count_15_below_20
54,a30fb_booster_rs_chandelier_2h_solusdt_lb12_atr0p25_rel0p015_trail2p0_hold18_3p0x_0p15_7594c168,no_promotion_shadow_or_reject,relative_strength_chandelier_breakout,SOLUSDT,2h,0.2124020200994441,0.1554512121603162,0.02299997299159684,False,False,False,locked_oos_trade_event_count_15_below_20,1.7189230013415486,0.13485650079802847,0.018147414539023687,0.018147414539023687,False,locked_oos_return_0.0230_below_preferred_0.03;locked_oos_trade_event_count_15_below_20
55,a30fb_booster_rs_chandelier_2h_solusdt_lb12_atr0p5_rel0p0_trail2p0_hold12_3p0x_0p15_29b7f1bb,no_promotion_shadow_or_reject,relative_strength_chandelier_breakout,SOLUSDT,2h,0.18251701418639543,0.16882725749035377,-0.019117962082755735,False,False,False,locked_oos_return_not_positive;locked_oos_return_per_turnover_proxy_bps_-12.495_not_above_10.000,1.7182372204925074,0.1626473850103498,0.005315345443233532,0.005315345443233532,False,locked_oos_return_-0.0191_below_preferred_0.03;train_rpt_17.333_below_preferred_20bps;locked_oos_rpt_-12.495_below_preferred_20bps
56,a30fb_booster_rs_chandelier_2h_solusdt_lb12_atr0p5_rel0p0_trail3p0_hold12_3p0x_0p15_0e9afbf8,no_promotion_shadow_or_reject,relative_strength_chandelier_breakout,SOLUSDT,2h,0.1819673936023365,0.16882725749035377,-0.019117962082755735,False,False,False,locked_oos_return_not_positive;locked_oos_return_per_turnover_proxy_bps_-12.495_not_above_10.000,1.7180284377445267,0.1626473850103498,0.005315345443233532,0.005315345443233532,False,locked_oos_return_-0.0191_below_preferred_0.03;train_rpt_17.281_below_preferred_20bps;locked_oos_rpt_-12.495_below_preferred_20bps
57,a30fb_booster_rs_chandelier_2h_ethusdt_lb24_atr0p25_rel0p0_trail2p0_hold6_4p0x_0p125_2f7a06df,no_promotion_shadow_or_reject,relative_strength_chandelier_breakout,ETHUSDT,2h,0.16943831025319955,0.15359303365451504,-0.09822351280380837,False,False,False,locked_oos_return_not_positive;locked_oos_return_per_turnover_proxy_bps_-56.128_not_above_10.000,1.6882863617884993,0.1318975166003471,0.019167386389652874,0.019167386389652874,False,locked_oos_return_-0.0982_below_preferred_0.03;train_rpt_15.265_below_preferred_20bps;locked_oos_rpt_-56.128_below_preferred_20bps
58,a30fb_booster_rs_chandelier_2h_ethusdt_lb24_atr0p25_rel0p0_trail2p0_hold6_5p0x_0p1_d3b14ef1,no_promotion_shadow_or_reject,relative_strength_chandelier_breakout,ETHUSDT,2h,0.16943831025319955,0.15359303365451504,-0.09822351280380837,False,False,False,locked_oos_return_not_positive;locked_oos_return_per_turnover_proxy_bps_-56.128_not_above_10.000,1.6882863617884993,0.1318975166003471,0.019167386389652874,0.019167386389652874,False,locked_oos_return_-0.0982_below_preferred_0.03;train_rpt_15.265_below_preferred_20bps;locked_oos_rpt_-56.128_below_preferred_20bps
59,a30fb_booster_rs_chandelier_2h_ethusdt_lb24_atr0p25_rel0p0_trail2p0_hold18_4p0x_0p15_034b5475,no_promotion_shadow_or_reject,relative_strength_chandelier_breakout,ETHUSDT,2h,0.2120815429461691,0.16128013408784736,-0.1926201593670589,False,False,False,locked_oos_return_not_positive;locked_oos_return_per_turnover_proxy_bps_-118.901_not_above_10.000,1.6835581528516574,0.09628671517520271,0.059285055645556195,0.059285055645556195,False,locked_oos_return_-0.1926_below_preferred_0.03;validation_mdd_0.1042_above_preferred_0.10;locked_oos_rpt_-118.901_below_preferred_20bps
60,a30fb_booster_squeeze_expansion_1h_solusdt_lb24_volz1p0_hold6_4p0x_0p15_f635bd32,no_promotion_shadow_or_reject,volatility_squeeze_range_expansion,SOLUSDT,1h,0.15736188485489455,0.18421942500577027,-0.09518901478721098,False,False,False,train_return_below_validation_return;train_validation_return_ratio_0.8542_below_1.00;locked_oos_return_not_positive;train_return_per_turnover_proxy_bps_8.801_not_above_10.000;locked_oos_return_per_turnover_proxy_bps_-36.056_not_above_10.000,1.6815465780512802,0.10253912822032563,0.07408380772597778,0.07408380772597778,False,locked_oos_return_-0.0952_below_preferred_0.03;train_rpt_8.801_below_preferred_20bps;locked_oos_rpt_-36.056_below_preferred_20bps
61,a30fb_booster_rs_chandelier_2h_ethusdt_lb24_atr0p5_rel0p005_trail3p0_hold12_4p0x_0p125_4e063ac9,no_promotion_shadow_or_reject,relative_strength_chandelier_breakout,ETHUSDT,2h,0.25321043488511297,0.14966915403600245,-0.11540877981384423,False,False,False,locked_oos_trade_event_count_18_below_20;locked_oos_return_not_positive;locked_oos_return_per_turnover_proxy_bps_-128.232_not_above_10.000,1.680692595105398,0.09981301933904985,0.045331464367383,0.045331464367383,False,locked_oos_return_-0.1154_below_preferred_0.03;locked_oos_trade_event_count_18_below_20;locked_oos_rpt_-128.232_below_preferred_20bps
62,a30fb_booster_rs_chandelier_2h_ethusdt_lb24_atr0p5_rel0p005_trail3p0_hold12_5p0x_0p1_9fa28141,no_promotion_shadow_or_reject,relative_strength_chandelier_breakout,ETHUSDT,2h,0.25321043488511297,0.14966915403600245,-0.11540877981384423,False,False,False,locked_oos_trade_event_count_18_below_20;locked_oos_return_not_positive;locked_oos_return_per_turnover_proxy_bps_-128.232_not_above_10.000,1.680692595105398,0.09981301933904985,0.045331464367383,0.045331464367383,False,locked_oos_return_-0.1154_below_preferred_0.03;locked_oos_trade_event_count_18_below_20;locked_oos_rpt_-128.232_below_preferred_20bps
63,a30fb_booster_rs_chandelier_1h_ethusdt_lb36_atr0p5_rel0p005_trail2p0_hold18_4p0x_0p15_13f1f258,no_promotion_shadow_or_reject,relative_strength_chandelier_breakout,ETHUSDT,1h,0.16854639276980898,0.15771385414608963,-0.0843231449081161,False,False,False,locked_oos_return_not_positive;locked_oos_return_per_turnover_proxy_bps_-70.269_not_above_10.000,1.677055765753056,0.10567678794455171,0.047063542229437205,0.047063542229437205,False,locked_oos_return_-0.0843_below_preferred_0.03;train_rpt_12.769_below_preferred_20bps;locked_oos_rpt_-70.269_below_preferred_20bps
64,a30fb_booster_rs_chandelier_1h_solusdt_lb36_atr0p5_rel0p0_trail3p0_hold12_4p0x_0p125_a8cc7f61,no_promotion_shadow_or_reject,relative_strength_chandelier_breakout,SOLUSDT,1h,0.1483773448647896,0.23718016864890523,-0.09105026724277143,False,False,False,train_return_below_validation_return;train_validation_return_ratio_0.6256_below_1.00;locked_oos_return_not_positive;locked_oos_return_per_turnover_proxy_bps_-62.793_not_above_10.000,1.6757773371117903,0.1018882862853232,0.12278185007273223,0.1018882862853232,False,locked_oos_return_-0.0911_below_preferred_0.03;train_rpt_12.263_below_preferred_20bps;locked_oos_rpt_-62.793_below_preferred_20bps
65,a30fb_booster_rs_chandelier_1h_solusdt_lb36_atr0p5_rel0p0_trail3p0_hold12_5p0x_0p1_c925e17d,no_promotion_shadow_or_reject,relative_strength_chandelier_breakout,SOLUSDT,1h,0.1483773448647896,0.23718016864890523,-0.09105026724277143,False,False,False,train_return_below_validation_return;train_validation_return_ratio_0.6256_below_1.00;locked_oos_return_not_positive;locked_oos_return_per_turnover_proxy_bps_-62.793_not_above_10.000,1.6757773371117903,0.1018882862853232,0.12278185007273223,0.1018882862853232,False,locked_oos_return_-0.0911_below_preferred_0.03;train_rpt_12.263_below_preferred_20bps;locked_oos_rpt_-62.793_below_preferred_20bps
66,a30fb_booster_rs_chandelier_2h_ethusdt_lb24_atr0p5_rel0p0_trail3p0_hold6_4p0x_0p15_18028558,no_promotion_shadow_or_reject,relative_strength_chandelier_breakout,ETHUSDT,2h,0.40105335923311713,0.14932108852129922,-0.07685434999907037,False,False,False,locked_oos_return_not_positive;locked_oos_return_per_turnover_proxy_bps_-53.371_not_above_10.000,1.6592942295176494,0.15668863199159722,-0.006369513165882856,-0.006369513165882856,False,locked_oos_return_-0.0769_below_preferred_0.03;validation_min_half_return_-0.0064_below_0;locked_oos_rpt_-53.371_below_preferred_20bps
67,a30fb_booster_rs_chandelier_1h_ethusdt_lb36_atr0p25_rel0p0_trail2p0_hold18_4p0x_0p125_7b8755aa,no_promotion_shadow_or_reject,relative_strength_chandelier_breakout,ETHUSDT,1h,0.15163632469177935,0.16622633621898486,-0.14045709180730204,False,False,False,train_return_below_validation_return;train_validation_return_ratio_0.9122_below_1.00;locked_oos_return_not_positive;locked_oos_return_per_turnover_proxy_bps_-87.786_not_above_10.000,1.651603095972847,0.06415567109847342,0.09591704286568348,0.06415567109847342,False,locked_oos_return_-0.1405_below_preferred_0.03;train_rpt_10.530_below_preferred_20bps;locked_oos_rpt_-87.786_below_preferred_20bps
68,a30fb_booster_rs_chandelier_1h_ethusdt_lb36_atr0p25_rel0p0_trail2p0_hold18_5p0x_0p1_0dc6de68,no_promotion_shadow_or_reject,relative_strength_chandelier_breakout,ETHUSDT,1h,0.15163632469177935,0.16622633621898486,-0.14045709180730204,False,False,False,train_return_below_validation_return;train_validation_return_ratio_0.9122_below_1.00;locked_oos_return_not_positive;locked_oos_return_per_turnover_proxy_bps_-87.786_not_above_10.000,1.651603095972847,0.06415567109847342,0.09591704286568348,0.06415567109847342,False,locked_oos_return_-0.1405_below_preferred_0.03;train_rpt_10.530_below_preferred_20bps;locked_oos_rpt_-87.786_below_preferred_20bps
69,a30fb_booster_rs_chandelier_2h_ethusdt_lb36_atr0p5_rel0p005_trail2p0_hold6_4p0x_0p15_f9536860,no_promotion_shadow_or_reject,relative_strength_chandelier_breakout,ETHUSDT,2h,0.3308086017030778,0.1353385478305491,-0.07849390744247264,False,False,False,validation_trade_event_count_22_below_30;locked_oos_trade_event_count_16_below_20;locked_oos_return_not_positive;locked_oos_return_per_turnover_proxy_bps_-81.764_not_above_10.000,1.645220156977528,0.12101207411745651,0.012779945946943316,0.012779945946943316,False,locked_oos_return_-0.0785_below_preferred_0.03;locked_oos_trade_event_count_16_below_20;locked_oos_rpt_-81.764_below_preferred_20bps
70,a30fb_booster_rs_chandelier_2h_ethusdt_lb24_atr0p25_rel0p0_trail3p0_hold6_4p0x_0p15_5d460d5a,no_promotion_shadow_or_reject,relative_strength_chandelier_breakout,ETHUSDT,2h,0.1543427323908657,0.1730773287242915,-0.11772557469815847,False,False,False,train_return_below_validation_return;train_validation_return_ratio_0.8918_below_1.00;locked_oos_return_not_positive;locked_oos_return_per_turnover_proxy_bps_-56.060_not_above_10.000,1.6320796301022682,0.1510386444671834,0.01914678048651397,0.01914678048651397,False,locked_oos_return_-0.1177_below_preferred_0.03;train_rpt_11.587_below_preferred_20bps;locked_oos_rpt_-56.060_below_preferred_20bps
71,a30fb_booster_rs_chandelier_2h_ethusdt_lb24_atr0p25_rel0p0_trail3p0_hold18_4p0x_0p15_53e05cf4,no_promotion_shadow_or_reject,relative_strength_chandelier_breakout,ETHUSDT,2h,0.19447177737038124,0.15617868166288762,-0.18737519577488726,False,False,False,locked_oos_return_not_positive;locked_oos_return_per_turnover_proxy_bps_-115.664_not_above_10.000,1.6248413339593413,0.09628671517520271,0.05463166310294265,0.05463166310294265,False,locked_oos_return_-0.1874_below_preferred_0.03;validation_mdd_0.1042_above_preferred_0.10;train_rpt_18.628_below_preferred_20bps;locked_oos_rpt_-115.664_below_preferred_20bps
72,a30fb_booster_rs_chandelier_30m_ethusdt_lb12_atr0p25_rel0p005_trail2p0_hold18_4p0x_0p15_c2884598,no_promotion_shadow_or_reject,relative_strength_chandelier_breakout,ETHUSDT,30m,0.44001191546772844,0.18124600271071056,-0.03452358169094982,False,False,False,locked_oos_return_not_positive;locked_oos_return_per_turnover_proxy_bps_-9.281_not_above_10.000,1.6232648441056743,0.03537201367475884,0.14089041147462456,0.03537201367475884,False,locked_oos_return_-0.0345_below_preferred_0.03;train_rpt_10.753_below_preferred_20bps;locked_oos_rpt_-9.281_below_preferred_20bps
73,a30fb_booster_rs_chandelier_2h_ethusdt_lb24_atr0p5_rel0p005_trail2p0_hold18_4p0x_0p125_5d3f25a9,no_promotion_shadow_or_reject,relative_strength_chandelier_breakout,ETHUSDT,2h,0.26456184900894164,0.13866983297558289,-0.1302012064953476,False,False,False,locked_oos_trade_event_count_18_below_20;locked_oos_return_not_positive;locked_oos_return_per_turnover_proxy_bps_-144.668_not_above_10.000,1.6209613535084255,0.07988895262792339,0.05443233788494184,0.05443233788494184,False,locked_oos_return_-0.1302_below_preferred_0.03;locked_oos_trade_event_count_18_below_20;locked_oos_rpt_-144.668_below_preferred_20bps
74,a30fb_booster_rs_chandelier_2h_ethusdt_lb24_atr0p5_rel0p005_trail2p0_hold18_5p0x_0p1_c468d49e,no_promotion_shadow_or_reject,relative_strength_chandelier_breakout,ETHUSDT,2h,0.26456184900894164,0.13866983297558289,-0.1302012064953476,False,False,False,locked_oos_trade_event_count_18_below_20;locked_oos_return_not_positive;locked_oos_return_per_turnover_proxy_bps_-144.668_not_above_10.000,1.6209613535084255,0.07988895262792339,0.05443233788494184,0.05443233788494184,False,locked_oos_return_-0.1302_below_preferred_0.03;locked_oos_trade_event_count_18_below_20;locked_oos_rpt_-144.668_below_preferred_20bps
75,a30fb_booster_rs_chandelier_2h_ethusdt_lb24_atr0p25_rel0p0_trail2p0_hold12_4p0x_0p15_b40d24c0,no_promotion_shadow_or_reject,relative_strength_chandelier_breakout,ETHUSDT,2h,0.16067093069640248,0.15900307595008933,-0.18020791200512565,False,False,False,locked_oos_return_not_positive;locked_oos_return_per_turnover_proxy_bps_-103.568_not_above_10.000,1.6188883903551095,0.11935973460297755,0.035416086644543654,0.035416086644543654,False,locked_oos_return_-0.1802_below_preferred_0.03;train_rpt_13.389_below_preferred_20bps;locked_oos_rpt_-103.568_below_preferred_20bps
76,a30fb_booster_rs_chandelier_1h_solusdt_lb36_atr0p5_rel0p005_trail2p0_hold6_4p0x_0p125_58f03532,no_promotion_shadow_or_reject,relative_strength_chandelier_breakout,SOLUSDT,1h,0.1435067599842521,0.22975714953072401,-0.03910844403913194,False,False,False,train_return_below_validation_return;train_validation_return_ratio_0.6246_below_1.00;locked_oos_return_not_positive;locked_oos_return_per_turnover_proxy_bps_-30.083_not_above_10.000,1.6159894245459605,0.09163703019544078,0.12652568162748645,0.09163703019544078,False,locked_oos_return_-0.0391_below_preferred_0.03;train_rpt_11.481_below_preferred_20bps;locked_oos_rpt_-30.083_below_preferred_20bps
77,a30fb_booster_rs_chandelier_1h_solusdt_lb36_atr0p5_rel0p005_trail2p0_hold6_5p0x_0p1_4f9147d2,no_promotion_shadow_or_reject,relative_strength_chandelier_breakout,SOLUSDT,1h,0.1435067599842521,0.22975714953072401,-0.03910844403913194,False,False,False,train_return_below_validation_return;train_validation_return_ratio_0.6246_below_1.00;locked_oos_return_not_positive;locked_oos_return_per_turnover_proxy_bps_-30.083_not_above_10.000,1.6159894245459605,0.09163703019544078,0.12652568162748645,0.09163703019544078,False,locked_oos_return_-0.0391_below_preferred_0.03;train_rpt_11.481_below_preferred_20bps;locked_oos_rpt_-30.083_below_preferred_20bps
78,a30fb_booster_rs_chandelier_1h_solusdt_lb36_atr0p5_rel0p005_trail3p0_hold18_4p0x_0p125_0e3c9c01,no_promotion_shadow_or_reject,relative_strength_chandelier_breakout,SOLUSDT,1h,0.14144504902518196,0.22208980520530908,-0.06891681784834425,False,False,False,train_return_below_validation_return;train_validation_return_ratio_0.6369_below_1.00;locked_oos_return_not_positive;locked_oos_return_per_turnover_proxy_bps_-59.928_not_above_10.000,1.6028779456376447,0.09536832513113525,0.11568846493621465,0.09536832513113525,False,locked_oos_return_-0.0689_below_preferred_0.03;train_rpt_13.344_below_preferred_20bps;locked_oos_rpt_-59.928_below_preferred_20bps
79,a30fb_booster_rs_chandelier_1h_solusdt_lb36_atr0p5_rel0p005_trail3p0_hold18_5p0x_0p1_3c6ac899,no_promotion_shadow_or_reject,relative_strength_chandelier_breakout,SOLUSDT,1h,0.14144504902518196,0.22208980520530908,-0.06891681784834425,False,False,False,train_return_below_validation_return;train_validation_return_ratio_0.6369_below_1.00;locked_oos_return_not_positive;locked_oos_return_per_turnover_proxy_bps_-59.928_not_above_10.000,1.6028779456376447,0.09536832513113525,0.11568846493621465,0.09536832513113525,False,locked_oos_return_-0.0689_below_preferred_0.03;train_rpt_13.344_below_preferred_20bps;locked_oos_rpt_-59.928_below_preferred_20bps
80,a30fb_booster_rs_chandelier_2h_ethusdt_lb24_atr0p5_rel0p0_trail2p0_hold6_4p0x_0p125_90cd3331,no_promotion_shadow_or_reject,relative_strength_chandelier_breakout,ETHUSDT,2h,0.3732697884251992,0.13403414227785015,-0.06357950250969202,False,False,False,locked_oos_return_not_positive;locked_oos_return_per_turnover_proxy_bps_-52.983_not_above_10.000,1.5829325173940072,0.1364918520254088,-0.002162540578869221,-0.002162540578869221,False,locked_oos_return_-0.0636_below_preferred_0.03;validation_min_half_return_-0.0022_below_0;locked_oos_rpt_-52.983_below_preferred_20bps
81,a30fb_booster_rs_chandelier_2h_ethusdt_lb24_atr0p5_rel0p0_trail2p0_hold6_5p0x_0p1_4d7be8f9,no_promotion_shadow_or_reject,relative_strength_chandelier_breakout,ETHUSDT,2h,0.3732697884251992,0.13403414227785015,-0.06357950250969202,False,False,False,locked_oos_return_not_positive;locked_oos_return_per_turnover_proxy_bps_-52.983_not_above_10.000,1.5829325173940072,0.1364918520254088,-0.002162540578869221,-0.002162540578869221,False,locked_oos_return_-0.0636_below_preferred_0.03;validation_min_half_return_-0.0022_below_0;locked_oos_rpt_-52.983_below_preferred_20bps
82,a30fb_booster_rs_chandelier_2h_ethusdt_lb24_atr0p5_rel0p0_trail2p0_hold12_4p0x_0p125_a3df3e99,no_promotion_shadow_or_reject,relative_strength_chandelier_breakout,ETHUSDT,2h,0.3688179633755011,0.13871451774169197,-0.10960457563043702,False,False,False,locked_oos_return_not_positive;locked_oos_return_per_turnover_proxy_bps_-99.641_not_above_10.000,1.5778786586061078,0.12453647197604067,0.012607902116981817,0.012607902116981817,False,locked_oos_return_-0.1096_below_preferred_0.03;locked_oos_rpt_-99.641_below_preferred_20bps
83,a30fb_booster_rs_chandelier_2h_ethusdt_lb24_atr0p5_rel0p0_trail2p0_hold12_5p0x_0p1_771e002e,no_promotion_shadow_or_reject,relative_strength_chandelier_breakout,ETHUSDT,2h,0.3688179633755011,0.13871451774169197,-0.10960457563043702,False,False,False,locked_oos_return_not_positive;locked_oos_return_per_turnover_proxy_bps_-99.641_not_above_10.000,1.5778786586061078,0.12453647197604067,0.012607902116981817,0.012607902116981817,False,locked_oos_return_-0.1096_below_preferred_0.03;locked_oos_rpt_-99.641_below_preferred_20bps
84,a30fb_booster_mh_consensus_2h_bnbusdt_s6_l24_thr0p005_adx18p0_hold18_cool2_4p0x_0p125_70ef9f71,no_promotion_shadow_or_reject,multi_horizon_consensus_momentum,BNBUSDT,2h,0.2655198089279467,0.16931554140366023,-0.06312165419130633,False,False,False,locked_oos_return_not_positive;locked_oos_return_per_turnover_proxy_bps_-34.120_not_above_10.000,1.5758105939853355,0.20426811367327558,-0.029023912426780152,-0.029023912426780152,False,locked_oos_return_-0.0631_below_preferred_0.03;validation_min_half_return_-0.0290_below_0;train_rpt_19.034_below_preferred_20bps;locked_oos_rpt_-34.120_below_preferred_20bps
85,a30fb_booster_mh_consensus_2h_bnbusdt_s6_l24_thr0p005_adx18p0_hold18_cool2_5p0x_0p1_c85a7883,no_promotion_shadow_or_reject,multi_horizon_consensus_momentum,BNBUSDT,2h,0.2655198089279467,0.16931554140366023,-0.06312165419130633,False,False,False,locked_oos_return_not_positive;locked_oos_return_per_turnover_proxy_bps_-34.120_not_above_10.000,1.5758105939853355,0.20426811367327558,-0.029023912426780152,-0.029023912426780152,False,locked_oos_return_-0.0631_below_preferred_0.03;validation_min_half_return_-0.0290_below_0;train_rpt_19.034_below_preferred_20bps;locked_oos_rpt_-34.120_below_preferred_20bps
86,a30fb_booster_rs_chandelier_1h_solusdt_lb36_atr0p5_rel0p0_trail3p0_hold12_3p0x_0p15_5bb2ea52,no_promotion_shadow_or_reject,relative_strength_chandelier_breakout,SOLUSDT,1h,0.13547296278339283,0.21170391703890346,-0.08224947777146785,False,False,False,train_return_below_validation_return;train_validation_return_ratio_0.6399_below_1.00;locked_oos_return_not_positive;locked_oos_return_per_turnover_proxy_bps_-63.026_not_above_10.000,1.5668666301747087,0.09154771406095508,0.11007874546401886,0.09154771406095508,False,locked_oos_return_-0.0822_below_preferred_0.03;train_rpt_12.440_below_preferred_20bps;locked_oos_rpt_-63.026_below_preferred_20bps
87,a30fb_booster_mh_consensus_2h_bnbusdt_s6_l24_thr0p005_adx12p0_hold18_cool2_4p0x_0p125_d078e4a9,no_promotion_shadow_or_reject,multi_horizon_consensus_momentum,BNBUSDT,2h,0.21904047000328752,0.16931554140366023,-0.06312165419130633,False,False,False,locked_oos_return_not_positive;locked_oos_return_per_turnover_proxy_bps_-34.120_not_above_10.000,1.5624831849746805,0.20426811367327558,-0.029023912426780152,-0.029023912426780152,False,locked_oos_return_-0.0631_below_preferred_0.03;validation_min_half_return_-0.0290_below_0;train_rpt_15.702_below_preferred_20bps;locked_oos_rpt_-34.120_below_preferred_20bps
88,a30fb_booster_mh_consensus_2h_bnbusdt_s6_l24_thr0p005_adx12p0_hold18_cool2_5p0x_0p1_5e35257e,no_promotion_shadow_or_reject,multi_horizon_consensus_momentum,BNBUSDT,2h,0.21904047000328752,0.16931554140366023,-0.06312165419130633,False,False,False,locked_oos_return_not_positive;locked_oos_return_per_turnover_proxy_bps_-34.120_not_above_10.000,1.5624831849746805,0.20426811367327558,-0.029023912426780152,-0.029023912426780152,False,locked_oos_return_-0.0631_below_preferred_0.03;validation_min_half_return_-0.0290_below_0;train_rpt_15.702_below_preferred_20bps;locked_oos_rpt_-34.120_below_preferred_20bps
89,a30fb_booster_rs_chandelier_2h_ethusdt_lb24_atr0p5_rel0p005_trail3p0_hold12_3p0x_0p15_41f7bae9,no_promotion_shadow_or_reject,relative_strength_chandelier_breakout,ETHUSDT,2h,0.22756510662918727,0.13426062740186917,-0.10443551803017004,False,False,False,locked_oos_trade_event_count_18_below_20;locked_oos_return_not_positive;locked_oos_return_per_turnover_proxy_bps_-128.933_not_above_10.000,1.5541458972790951,0.08973174885915625,0.04086223842641212,0.04086223842641212,False,locked_oos_return_-0.1044_below_preferred_0.03;locked_oos_trade_event_count_18_below_20;locked_oos_rpt_-128.933_below_preferred_20bps
90,a30fb_booster_rs_chandelier_2h_ethusdt_lb24_atr0p25_rel0p0_trail2p0_hold6_3p0x_0p15_7fa6345f,no_promotion_shadow_or_reject,relative_strength_chandelier_breakout,ETHUSDT,2h,0.15343338005206908,0.13769931939351454,-0.08878194042959542,False,False,False,locked_oos_return_not_positive;locked_oos_return_per_turnover_proxy_bps_-56.369_not_above_10.000,1.553644226272765,0.11825076586483663,0.017391942954438244,0.017391942954438244,False,locked_oos_return_-0.0888_below_preferred_0.03;train_rpt_15.359_below_preferred_20bps;locked_oos_rpt_-56.369_below_preferred_20bps
91,a30fb_booster_rs_chandelier_2h_solusdt_lb12_atr0p25_rel0p005_trail3p0_hold18_4p0x_0p125_9eeb8c26,paper_testnet_candidate_after_fill_preflight,relative_strength_chandelier_breakout,SOLUSDT,2h,0.37460228264393236,0.16091887116519876,0.04237256321195004,True,False,False,,1.546149946711477,0.19054489339563085,-0.02488442258227852,-0.02488442258227852,False,validation_mdd_0.1086_above_preferred_0.10;validation_min_half_return_-0.0249_below_0
92,a30fb_booster_rs_chandelier_2h_solusdt_lb12_atr0p25_rel0p005_trail3p0_hold18_5p0x_0p1_3beb48bb,paper_testnet_candidate_after_fill_preflight,relative_strength_chandelier_breakout,SOLUSDT,2h,0.37460228264393236,0.16091887116519876,0.04237256321195004,True,False,False,,1.546149946711477,0.19054489339563085,-0.02488442258227852,-0.02488442258227852,False,validation_mdd_0.1086_above_preferred_0.10;validation_min_half_return_-0.0249_below_0
93,a30fb_booster_rs_chandelier_2h_ethusdt_lb24_atr0p5_rel0p005_trail3p0_hold18_4p0x_0p125_c0436ab3,no_promotion_shadow_or_reject,relative_strength_chandelier_breakout,ETHUSDT,2h,0.21309237498410893,0.13450139433464425,-0.12549012201102183,False,False,False,locked_oos_trade_event_count_18_below_20;locked_oos_return_not_positive;locked_oos_return_per_turnover_proxy_bps_-139.433_not_above_10.000,1.5459122542947832,0.07988895262792339,0.050572275578725234,0.050572275578725234,False,locked_oos_return_-0.1255_below_preferred_0.03;locked_oos_trade_event_count_18_below_20;locked_oos_rpt_-139.433_below_preferred_20bps
94,a30fb_booster_rs_chandelier_2h_ethusdt_lb24_atr0p5_rel0p005_trail3p0_hold18_5p0x_0p1_b230c821,no_promotion_shadow_or_reject,relative_strength_chandelier_breakout,ETHUSDT,2h,0.21309237498410893,0.13450139433464425,-0.12549012201102183,False,False,False,locked_oos_trade_event_count_18_below_20;locked_oos_return_not_positive;locked_oos_return_per_turnover_proxy_bps_-139.433_not_above_10.000,1.5459122542947832,0.07988895262792339,0.050572275578725234,0.050572275578725234,False,locked_oos_return_-0.1255_below_preferred_0.03;locked_oos_trade_event_count_18_below_20;locked_oos_rpt_-139.433_below_preferred_20bps
95,a30fb_booster_rs_chandelier_2h_solusdt_lb12_atr0p25_rel0p005_trail2p0_hold18_4p0x_0p125_f89f6f75,paper_testnet_candidate_after_fill_preflight,relative_strength_chandelier_breakout,SOLUSDT,2h,0.3532414396284278,0.16091887116519876,0.04237256321195004,True,False,False,,1.5381313468265834,0.19054489339563085,-0.02488442258227852,-0.02488442258227852,False,validation_mdd_0.1086_above_preferred_0.10;validation_min_half_return_-0.0249_below_0
96,a30fb_booster_rs_chandelier_2h_solusdt_lb12_atr0p25_rel0p005_trail2p0_hold18_5p0x_0p1_e0f89ffc,paper_testnet_candidate_after_fill_preflight,relative_strength_chandelier_breakout,SOLUSDT,2h,0.3532414396284278,0.16091887116519876,0.04237256321195004,True,False,False,,1.5381313468265834,0.19054489339563085,-0.02488442258227852,-0.02488442258227852,False,validation_mdd_0.1086_above_preferred_0.10;validation_min_half_return_-0.0249_below_0
97,a30fb_booster_rs_chandelier_1h_ethusdt_lb36_atr0p25_rel0p0_trail2p0_hold18_3p0x_0p15_f7d11699,no_promotion_shadow_or_reject,relative_strength_chandelier_breakout,ETHUSDT,1h,0.13822280891968952,0.14904064769251146,-0.1272552381990406,False,False,False,train_return_below_validation_return;train_validation_return_ratio_0.9274_below_1.00;locked_oos_return_not_positive;locked_oos_return_per_turnover_proxy_bps_-88.372_not_above_10.000,1.5374159500011166,0.05789432426953334,0.08615824977217224,0.05789432426953334,False,locked_oos_return_-0.1273_below_preferred_0.03;train_rpt_10.665_below_preferred_20bps;locked_oos_rpt_-88.372_below_preferred_20bps
98,a30fb_booster_rs_chandelier_1h_solusdt_lb36_atr0p5_rel0p01_trail3p0_hold6_4p0x_0p15_fde8f582,no_promotion_shadow_or_reject,relative_strength_chandelier_breakout,SOLUSDT,1h,0.13832974088920524,0.2671232972764326,-0.05354659973770204,False,False,False,locked_oos_trade_event_count_19_below_20;train_return_below_validation_return;train_validation_return_ratio_0.5178_below_1.00;locked_oos_return_not_positive;train_return_per_turnover_proxy_bps_9.853_not_above_10.000;locked_oos_return_per_turnover_proxy_bps_-46.971_not_above_10.000,1.5235955927655422,0.10608411554502473,0.14559397379290173,0.10608411554502473,False,locked_oos_return_-0.0535_below_preferred_0.03;locked_oos_trade_event_count_19_below_20;train_rpt_9.853_below_preferred_20bps;locked_oos_rpt_-46.971_below_preferred_20bps
99,a30fb_booster_squeeze_expansion_1h_solusdt_lb24_volz1p0_hold6_4p0x_0p125_9c592ab9,no_promotion_shadow_or_reject,volatility_squeeze_range_expansion,SOLUSDT,1h,0.1377126382154643,0.15242576037541822,-0.07972142414780081,False,False,False,train_return_below_validation_return;train_validation_return_ratio_0.9035_below_1.00;locked_oos_return_not_positive;train_return_per_turnover_proxy_bps_9.242_not_above_10.000;locked_oos_return_per_turnover_proxy_bps_-36.237_not_above_10.000,1.5171491246682063,0.08520741545124055,0.061940550688392104,0.061940550688392104,False,locked_oos_return_-0.0797_below_preferred_0.03;train_rpt_9.242_below_preferred_20bps;locked_oos_rpt_-36.237_below_preferred_20bps
100,a30fb_booster_squeeze_expansion_1h_solusdt_lb24_volz1p0_hold6_5p0x_0p1_e5b97976,no_promotion_shadow_or_reject,volatility_squeeze_range_expansion,SOLUSDT,1h,0.1377126382154643,0.15242576037541822,-0.07972142414780081,False,False,False,train_return_below_validation_return;train_validation_return_ratio_0.9035_below_1.00;locked_oos_return_not_positive;train_return_per_turnover_proxy_bps_9.242_not_above_10.000;locked_oos_return_per_turnover_proxy_bps_-36.237_not_above_10.000,1.5171491246682063,0.08520741545124055,0.061940550688392104,0.061940550688392104,False,locked_oos_return_-0.0797_below_preferred_0.03;train_rpt_9.242_below_preferred_20bps;locked_oos_rpt_-36.237_below_preferred_20bps
101,a30fb_booster_mh_consensus_2h_bnbusdt_s6_l24_thr0p005_adx24p0_hold18_cool2_4p0x_0p125_a092cb22,no_promotion_shadow_or_reject,multi_horizon_consensus_momentum,BNBUSDT,2h,0.28452368524387084,0.16309294215258086,-0.06617153778336293,False,False,False,locked_oos_return_not_positive;locked_oos_return_per_turnover_proxy_bps_-35.768_not_above_10.000,1.5160376753307394,0.19785951172033633,-0.029023912426780152,-0.029023912426780152,False,locked_oos_return_-0.0662_below_preferred_0.03;validation_min_half_return_-0.0290_below_0;locked_oos_rpt_-35.768_below_preferred_20bps
102,a30fb_booster_mh_consensus_2h_bnbusdt_s6_l24_thr0p005_adx24p0_hold18_cool2_5p0x_0p1_97230a56,no_promotion_shadow_or_reject,multi_horizon_consensus_momentum,BNBUSDT,2h,0.28452368524387084,0.16309294215258086,-0.06617153778336293,False,False,False,locked_oos_return_not_positive;locked_oos_return_per_turnover_proxy_bps_-35.768_not_above_10.000,1.5160376753307394,0.19785951172033633,-0.029023912426780152,-0.029023912426780152,False,locked_oos_return_-0.0662_below_preferred_0.03;validation_min_half_return_-0.0290_below_0;locked_oos_rpt_-35.768_below_preferred_20bps
103,a30fb_booster_rs_chandelier_1h_solusdt_lb36_atr0p5_rel0p005_trail3p0_hold6_2p0x_0p15_0e68cd32,no_promotion_shadow_or_reject,relative_strength_chandelier_breakout,SOLUSDT,1h,0.12891345229699147,0.12243220626932727,-0.0293474509140057,False,False,False,locked_oos_return_not_positive;locked_oos_return_per_turnover_proxy_bps_-39.130_not_above_10.000,1.510626547188734,0.04799360025663213,0.07102963796197392,0.04799360025663213,False,locked_oos_return_-0.0293_below_preferred_0.03;train_rpt_17.905_below_preferred_20bps;locked_oos_rpt_-39.130_below_preferred_20bps
104,a30fb_booster_rs_chandelier_1h_solusdt_lb36_atr0p5_rel0p005_trail3p0_hold6_3p0x_0p1_de6b56c1,no_promotion_shadow_or_reject,relative_strength_chandelier_breakout,SOLUSDT,1h,0.12891345229699191,0.12243220626932727,-0.02934745091400548,False,False,False,locked_oos_return_not_positive;locked_oos_return_per_turnover_proxy_bps_-39.130_not_above_10.000,1.5106265471887337,0.04799360025663191,0.07102963796197392,0.04799360025663191,False,locked_oos_return_-0.0293_below_preferred_0.03;train_rpt_17.905_below_preferred_20bps;locked_oos_rpt_-39.130_below_preferred_20bps
105,a30fb_booster_rs_chandelier_30m_ethusdt_lb12_atr0p25_rel0p005_trail3p0_hold12_4p0x_0p15_6f2ab55f,no_promotion_shadow_or_reject,relative_strength_chandelier_breakout,ETHUSDT,30m,0.44284212502917075,0.1709440129322526,-0.057970337272466255,False,False,False,locked_oos_return_not_positive;locked_oos_return_per_turnover_proxy_bps_-14.208_not_above_10.000,1.5074898960604473,0.06591246543698226,0.09853674752945918,0.06591246543698226,False,locked_oos_return_-0.0580_below_preferred_0.03;train_rpt_10.001_below_preferred_20bps;validation_rpt_19.785_below_preferred_20bps;locked_oos_rpt_-14.208_below_preferred_20bps
106,a30fb_booster_rs_chandelier_1h_solusdt_lb36_atr0p5_rel0p005_trail3p0_hold18_3p0x_0p15_de57867a,no_promotion_shadow_or_reject,relative_strength_chandelier_breakout,SOLUSDT,1h,0.12978709177684467,0.19841285118569862,-0.06216563821822729,False,False,False,train_return_below_validation_return;train_validation_return_ratio_0.6541_below_1.00;locked_oos_return_not_positive;locked_oos_return_per_turnover_proxy_bps_-60.063_not_above_10.000,1.5072777817883767,0.08575923689683229,0.103755612165769,0.08575923689683229,False,locked_oos_return_-0.0622_below_preferred_0.03;train_rpt_13.605_below_preferred_20bps;locked_oos_rpt_-60.063_below_preferred_20bps
107,a30fb_booster_rs_chandelier_1h_solusdt_lb36_atr0p5_rel0p005_trail2p0_hold6_3p0x_0p15_aef6ba01,no_promotion_shadow_or_reject,relative_strength_chandelier_breakout,SOLUSDT,1h,0.13055782241348624,0.205083023990837,-0.03521207827140005,False,False,False,train_return_below_validation_return;train_validation_return_ratio_0.6366_below_1.00;locked_oos_return_not_positive;locked_oos_return_per_turnover_proxy_bps_-30.096_not_above_10.000,1.507254154015739,0.08238636471089444,0.11335754336919779,0.08238636471089444,False,locked_oos_return_-0.0352_below_preferred_0.03;train_rpt_11.605_below_preferred_20bps;locked_oos_rpt_-30.096_below_preferred_20bps
108,a30fb_booster_rs_chandelier_30m_ethusdt_lb12_atr0p25_rel0p005_trail2p0_hold12_4p0x_0p15_142b305a,no_promotion_shadow_or_reject,relative_strength_chandelier_breakout,ETHUSDT,30m,0.43220316837111383,0.1709440129322526,-0.057970337272466255,False,False,False,locked_oos_return_not_positive;train_return_per_turnover_proxy_bps_9.734_not_above_10.000;locked_oos_return_per_turnover_proxy_bps_-14.208_not_above_10.000,1.5064233131038685,0.06591246543698226,0.09853674752945918,0.06591246543698226,False,locked_oos_return_-0.0580_below_preferred_0.03;train_rpt_9.734_below_preferred_20bps;validation_rpt_19.785_below_preferred_20bps;locked_oos_rpt_-14.208_below_preferred_20bps
109,a30fb_booster_rs_chandelier_2h_ethusdt_lb24_atr0p5_rel0p005_trail2p0_hold18_3p0x_0p15_07fc0b4c,no_promotion_shadow_or_reject,relative_strength_chandelier_breakout,ETHUSDT,2h,0.23798477661257,0.1245148495350179,-0.1179145698182481,False,False,False,locked_oos_trade_event_count_18_below_20;locked_oos_return_not_positive;locked_oos_return_per_turnover_proxy_bps_-145.574_not_above_10.000,1.503518115612814,0.07195930856835919,0.04902755220890431,0.04902755220890431,False,locked_oos_return_-0.1179_below_preferred_0.03;locked_oos_trade_event_count_18_below_20;locked_oos_rpt_-145.574_below_preferred_20bps
110,a30fb_booster_mh_consensus_2h_bnbusdt_s6_l24_thr0p01_adx18p0_hold18_cool2_4p0x_0p15_24f96d9e,no_promotion_shadow_or_reject,multi_horizon_consensus_momentum,BNBUSDT,2h,0.37451779623108905,0.16090756000505002,-0.070583416120927,False,False,False,locked_oos_return_not_positive;locked_oos_return_per_turnover_proxy_bps_-47.056_not_above_10.000,1.5035145133934884,0.19586022933160963,-0.029228055645009743,-0.029228055645009743,False,locked_oos_return_-0.0706_below_preferred_0.03;validation_min_half_return_-0.0292_below_0;locked_oos_rpt_-47.056_below_preferred_20bps
111,a30fb_booster_rs_chandelier_2h_ethusdt_lb36_atr0p25_rel0p005_trail2p0_hold6_4p0x_0p15_9b6eb44e,no_promotion_shadow_or_reject,relative_strength_chandelier_breakout,ETHUSDT,2h,0.1345371329238434,0.16923179651845133,-0.09922199544010513,False,False,False,validation_trade_event_count_24_below_30;train_return_below_validation_return;train_validation_return_ratio_0.7950_below_1.00;locked_oos_return_not_positive;locked_oos_return_per_turnover_proxy_bps_-78.748_not_above_10.000,1.4886343470263659,0.1544776347493988,0.012779945946943316,0.012779945946943316,False,locked_oos_return_-0.0992_below_preferred_0.03;train_rpt_13.190_below_preferred_20bps;locked_oos_rpt_-78.748_below_preferred_20bps
112,a30fb_booster_rs_chandelier_2h_ethusdt_lb24_atr0p5_rel0p0_trail2p0_hold18_4p0x_0p15_2351100e,no_promotion_shadow_or_reject,relative_strength_chandelier_breakout,ETHUSDT,2h,0.42796576790494956,0.13159270775686127,-0.14545103209973353,False,False,False,locked_oos_return_not_positive;locked_oos_return_per_turnover_proxy_bps_-110.190_not_above_10.000,1.4847112051637792,0.09569359635550923,0.03276382331772165,0.03276382331772165,False,locked_oos_return_-0.1455_below_preferred_0.03;validation_mdd_0.1096_above_preferred_0.10;locked_oos_rpt_-110.190_below_preferred_20bps
113,a30fb_booster_rs_chandelier_2h_ethusdt_lb24_atr0p5_rel0p005_trail2p0_hold6_3p0x_0p1_fc1d04ee,no_promotion_shadow_or_reject,relative_strength_chandelier_breakout,ETHUSDT,2h,0.21094351172635073,0.1093682798185307,-0.039284237065302596,False,False,False,locked_oos_return_not_positive;locked_oos_return_per_turnover_proxy_bps_-65.474_not_above_10.000,1.4778376696503233,0.08050084356329679,0.026716717925026945,0.026716717925026945,False,locked_oos_return_-0.0393_below_preferred_0.03;locked_oos_rpt_-65.474_below_preferred_20bps
114,a30fb_booster_rs_chandelier_2h_ethusdt_lb24_atr0p5_rel0p005_trail2p0_hold6_2p0x_0p15_4d78f664,no_promotion_shadow_or_reject,relative_strength_chandelier_breakout,ETHUSDT,2h,0.2109435117263505,0.1093682798185307,-0.03928423706530282,False,False,False,locked_oos_return_not_positive;locked_oos_return_per_turnover_proxy_bps_-65.474_not_above_10.000,1.477837669650323,0.08050084356329679,0.026716717925026945,0.026716717925026945,False,locked_oos_return_-0.0393_below_preferred_0.03;locked_oos_rpt_-65.474_below_preferred_20bps
115,a30fb_booster_mh_consensus_2h_bnbusdt_s6_l24_thr0p01_adx12p0_hold18_cool2_4p0x_0p15_5f290c24,no_promotion_shadow_or_reject,multi_horizon_consensus_momentum,BNBUSDT,2h,0.26368966924848625,0.16090756000505002,-0.070583416120927,False,False,False,locked_oos_return_not_positive;locked_oos_return_per_turnover_proxy_bps_-47.056_not_above_10.000,1.4727289225649878,0.19586022933160963,-0.029228055645009743,-0.029228055645009743,False,locked_oos_return_-0.0706_below_preferred_0.03;validation_min_half_return_-0.0292_below_0;train_rpt_18.312_below_preferred_20bps;locked_oos_rpt_-47.056_below_preferred_20bps
116,a30fb_booster_rs_chandelier_2h_ethusdt_lb36_atr0p5_rel0p005_trail3p0_hold6_4p0x_0p15_c98723d5,no_promotion_shadow_or_reject,relative_strength_chandelier_breakout,ETHUSDT,2h,0.315220557449158,0.12145503530223634,-0.07955517469359619,False,False,False,validation_trade_event_count_22_below_30;locked_oos_trade_event_count_16_below_20;locked_oos_return_not_positive;locked_oos_return_per_turnover_proxy_bps_-82.870_not_above_10.000,1.4726667235784985,0.1073037531896257,0.012779945946943316,0.012779945946943316,False,locked_oos_return_-0.0796_below_preferred_0.03;locked_oos_trade_event_count_16_below_20;locked_oos_rpt_-82.870_below_preferred_20bps
117,a30fb_booster_rs_chandelier_2h_ethusdt_lb24_atr0p5_rel0p0_trail2p0_hold6_3p0x_0p15_e0828fb4,no_promotion_shadow_or_reject,relative_strength_chandelier_breakout,ETHUSDT,2h,0.3324431983069689,0.12029834541133333,-0.0573519357017942,False,False,False,locked_oos_return_not_positive;locked_oos_return_per_turnover_proxy_bps_-53.104_not_above_10.000,1.469844508761076,0.12231996180914262,-0.0018012834722752613,-0.0018012834722752613,False,locked_oos_return_-0.0574_below_preferred_0.03;validation_min_half_return_-0.0018_below_0;locked_oos_rpt_-53.104_below_preferred_20bps
118,a30fb_booster_rs_chandelier_2h_ethusdt_lb24_atr0p25_rel0p0_trail2p0_hold18_4p0x_0p125_16915ae5,no_promotion_shadow_or_reject,relative_strength_chandelier_breakout,ETHUSDT,2h,0.1812236771427549,0.13414957102348946,-0.16307876062711657,False,False,False,locked_oos_return_not_positive;locked_oos_return_per_turnover_proxy_bps_-120.799_not_above_10.000,1.4697030434724438,0.08044224840997471,0.04970864726231472,0.04970864726231472,False,locked_oos_return_-0.1631_below_preferred_0.03;locked_oos_rpt_-120.799_below_preferred_20bps
119,a30fb_booster_rs_chandelier_2h_ethusdt_lb24_atr0p25_rel0p0_trail2p0_hold18_5p0x_0p1_a9db9a62,no_promotion_shadow_or_reject,relative_strength_chandelier_breakout,ETHUSDT,2h,0.1812236771427549,0.13414957102348946,-0.16307876062711657,False,False,False,locked_oos_return_not_positive;locked_oos_return_per_turnover_proxy_bps_-120.799_not_above_10.000,1.4697030434724438,0.08044224840997471,0.04970864726231472,0.04970864726231472,False,locked_oos_return_-0.1631_below_preferred_0.03;locked_oos_rpt_-120.799_below_preferred_20bps
120,a30fb_booster_rs_chandelier_2h_ethusdt_lb24_atr0p5_rel0p0_trail2p0_hold12_3p0x_0p15_6ab3505b,no_promotion_shadow_or_reject,relative_strength_chandelier_breakout,ETHUSDT,2h,0.32900609505863865,0.12456126149730751,-0.09913442943161854,False,False,False,locked_oos_return_not_positive;locked_oos_return_per_turnover_proxy_bps_-100.136_not_above_10.000,1.4671440984072948,0.11172944467424051,0.011542211897453303,0.011542211897453303,False,locked_oos_return_-0.0991_below_preferred_0.03;locked_oos_rpt_-100.136_below_preferred_20bps
121,a30fb_booster_mh_consensus_1h_ethusdt_s12_l36_thr0p005_adx12p0_hold18_cool2_4p0x_0p125_4bbf0fd9,no_promotion_shadow_or_reject,multi_horizon_consensus_momentum,ETHUSDT,1h,0.34740456816113485,0.19972611019917275,-0.04051711908267841,False,False,False,validation_mdd_0.1321_above_0.12;locked_oos_return_not_positive;locked_oos_return_per_turnover_proxy_bps_-13.971_not_above_10.000,1.465982743532217,0.28492926867878565,-0.0663096098411895,-0.0663096098411895,False,locked_oos_return_-0.0405_below_preferred_0.03;validation_mdd_0.1321_above_preferred_0.10;validation_min_half_return_-0.0663_below_0;train_rpt_14.445_below_preferred_20bps;locked_oos_rpt_-13.971_below_preferred_20bps
122,a30fb_booster_mh_consensus_1h_ethusdt_s12_l36_thr0p005_adx12p0_hold18_cool2_5p0x_0p1_66ce8aa2,no_promotion_shadow_or_reject,multi_horizon_consensus_momentum,ETHUSDT,1h,0.34740456816113485,0.19972611019917275,-0.04051711908267841,False,False,False,validation_mdd_0.1321_above_0.12;locked_oos_return_not_positive;locked_oos_return_per_turnover_proxy_bps_-13.971_not_above_10.000,1.465982743532217,0.28492926867878565,-0.0663096098411895,-0.0663096098411895,False,locked_oos_return_-0.0405_below_preferred_0.03;validation_mdd_0.1321_above_preferred_0.10;validation_min_half_return_-0.0663_below_0;train_rpt_14.445_below_preferred_20bps;locked_oos_rpt_-13.971_below_preferred_20bps
123,a30fb_booster_rs_chandelier_1h_ethusdt_lb36_atr0p25_rel0p0_trail3p0_hold18_4p0x_0p15_6b25c8f0,no_promotion_shadow_or_reject,relative_strength_chandelier_breakout,ETHUSDT,1h,0.13868118633261362,0.1783106841712998,-0.17351465079949113,False,False,False,train_return_below_validation_return;train_validation_return_ratio_0.7778_below_1.00;locked_oos_return_not_positive;train_return_per_turnover_proxy_bps_8.026_not_above_10.000;locked_oos_return_per_turnover_proxy_bps_-90.372_not_above_10.000,1.465196635800669,0.07788702976295792,0.09316714241419599,0.07788702976295792,False,locked_oos_return_-0.1735_below_preferred_0.03;train_rpt_8.026_below_preferred_20bps;locked_oos_rpt_-90.372_below_preferred_20bps
124,a30fb_booster_rs_chandelier_2h_ethusdt_lb24_atr0p25_rel0p0_trail3p0_hold6_4p0x_0p125_d2027f80,no_promotion_shadow_or_reject,relative_strength_chandelier_breakout,ETHUSDT,2h,0.13185479679200096,0.1433376710138039,-0.09896033079886324,False,False,False,train_return_below_validation_return;train_validation_return_ratio_0.9199_below_1.00;locked_oos_return_not_positive;locked_oos_return_per_turnover_proxy_bps_-56.549_not_above_10.000,1.4565079713515918,0.12502082500692313,0.01628133950922095,0.01628133950922095,False,locked_oos_return_-0.0990_below_preferred_0.03;train_rpt_11.879_below_preferred_20bps;locked_oos_rpt_-56.549_below_preferred_20bps
125,a30fb_booster_rs_chandelier_2h_ethusdt_lb24_atr0p25_rel0p0_trail3p0_hold6_5p0x_0p1_bb0e5af2,no_promotion_shadow_or_reject,relative_strength_chandelier_breakout,ETHUSDT,2h,0.13185479679200096,0.1433376710138039,-0.09896033079886324,False,False,False,train_return_below_validation_return;train_validation_return_ratio_0.9199_below_1.00;locked_oos_return_not_positive;locked_oos_return_per_turnover_proxy_bps_-56.549_not_above_10.000,1.4565079713515918,0.12502082500692313,0.01628133950922095,0.01628133950922095,False,locked_oos_return_-0.0990_below_preferred_0.03;train_rpt_11.879_below_preferred_20bps;locked_oos_rpt_-56.549_below_preferred_20bps
126,a30fb_booster_rs_chandelier_2h_ethusdt_lb24_atr0p5_rel0p0_trail3p0_hold6_4p0x_0p125_0ed74860,no_promotion_shadow_or_reject,relative_strength_chandelier_breakout,ETHUSDT,2h,0.3291355206090829,0.12395265683478773,-0.06434462721995693,False,False,False,locked_oos_return_not_positive;locked_oos_return_per_turnover_proxy_bps_-53.621_not_above_10.000,1.456438990912946,0.12958724816313416,-0.004988186027692576,-0.004988186027692576,False,locked_oos_return_-0.0643_below_preferred_0.03;validation_min_half_return_-0.0050_below_0;locked_oos_rpt_-53.621_below_preferred_20bps
127,a30fb_booster_rs_chandelier_2h_ethusdt_lb24_atr0p5_rel0p0_trail3p0_hold6_5p0x_0p1_9a46aeaf,no_promotion_shadow_or_reject,relative_strength_chandelier_breakout,ETHUSDT,2h,0.3291355206090829,0.12395265683478773,-0.06434462721995693,False,False,False,locked_oos_return_not_positive;locked_oos_return_per_turnover_proxy_bps_-53.621_not_above_10.000,1.456438990912946,0.12958724816313416,-0.004988186027692576,-0.004988186027692576,False,locked_oos_return_-0.0643_below_preferred_0.03;validation_min_half_return_-0.0050_below_0;locked_oos_rpt_-53.621_below_preferred_20bps
128,a30fb_booster_rs_chandelier_2h_ethusdt_lb24_atr0p25_rel0p005_trail2p0_hold6_4p0x_0p15_f43f57a6,no_promotion_shadow_or_reject,relative_strength_chandelier_breakout,ETHUSDT,2h,0.13272356697924947,0.2521486486883191,-0.10859670808899857,False,False,False,train_return_below_validation_return;train_validation_return_ratio_0.5264_below_1.00;locked_oos_return_not_positive;locked_oos_return_per_turnover_proxy_bps_-62.412_not_above_10.000,1.4549019210588248,0.1735939359908798,0.0669351726252021,0.0669351726252021,False,locked_oos_return_-0.1086_below_preferred_0.03;train_rpt_10.337_below_preferred_20bps;locked_oos_rpt_-62.412_below_preferred_20bps
129,a30fb_booster_rs_chandelier_1h_ethusdt_lb36_atr0p5_rel0p005_trail2p0_hold18_4p0x_0p125_5516bc1c,no_promotion_shadow_or_reject,relative_strength_chandelier_breakout,ETHUSDT,1h,0.14359093127949185,0.13085300462901195,-0.07064253129067255,False,False,False,locked_oos_return_not_positive;locked_oos_return_per_turnover_proxy_bps_-70.643_not_above_10.000,1.4536648411007553,0.08794818895380163,0.03943645121231909,0.03943645121231909,False,locked_oos_return_-0.0706_below_preferred_0.03;train_rpt_13.054_below_preferred_20bps;locked_oos_rpt_-70.643_below_preferred_20bps
130,a30fb_booster_rs_chandelier_1h_ethusdt_lb36_atr0p5_rel0p005_trail2p0_hold18_5p0x_0p1_f70b777b,no_promotion_shadow_or_reject,relative_strength_chandelier_breakout,ETHUSDT,1h,0.14359093127949185,0.13085300462901195,-0.07064253129067255,False,False,False,locked_oos_return_not_positive;locked_oos_return_per_turnover_proxy_bps_-70.643_not_above_10.000,1.4536648411007553,0.08794818895380163,0.03943645121231909,0.03943645121231909,False,locked_oos_return_-0.0706_below_preferred_0.03;train_rpt_13.054_below_preferred_20bps;locked_oos_rpt_-70.643_below_preferred_20bps
131,a30fb_booster_rs_chandelier_2h_ethusdt_lb36_atr0p5_rel0p005_trail2p0_hold6_4p0x_0p125_f587b3d0,no_promotion_shadow_or_reject,relative_strength_chandelier_breakout,ETHUSDT,2h,0.2725260028721441,0.11219375066781323,-0.06576944511663985,False,False,False,validation_trade_event_count_22_below_30;locked_oos_trade_event_count_16_below_20;locked_oos_return_not_positive;locked_oos_return_per_turnover_proxy_bps_-82.212_not_above_10.000,1.446807369459896,0.10029789405841205,0.010811487210544701,0.010811487210544701,False,locked_oos_return_-0.0658_below_preferred_0.03;locked_oos_trade_event_count_16_below_20;locked_oos_rpt_-82.212_below_preferred_20bps
132,a30fb_booster_rs_chandelier_2h_ethusdt_lb36_atr0p5_rel0p005_trail2p0_hold6_5p0x_0p1_2bf273eb,no_promotion_shadow_or_reject,relative_strength_chandelier_breakout,ETHUSDT,2h,0.2725260028721441,0.11219375066781323,-0.06576944511663985,False,False,False,validation_trade_event_count_22_below_30;locked_oos_trade_event_count_16_below_20;locked_oos_return_not_positive;locked_oos_return_per_turnover_proxy_bps_-82.212_not_above_10.000,1.446807369459896,0.10029789405841205,0.010811487210544701,0.010811487210544701,False,locked_oos_return_-0.0658_below_preferred_0.03;locked_oos_trade_event_count_16_below_20;locked_oos_rpt_-82.212_below_preferred_20bps
133,a30fb_booster_rs_chandelier_1h_solusdt_lb36_atr0p5_rel0p0_trail2p0_hold6_4p0x_0p15_71e63e9b,no_promotion_shadow_or_reject,relative_strength_chandelier_breakout,SOLUSDT,1h,0.13056322988560343,0.2675910502756291,-0.07208619219767887,False,False,False,train_return_below_validation_return;train_validation_return_ratio_0.4879_below_1.00;locked_oos_return_not_positive;train_return_per_turnover_proxy_bps_8.500_not_above_10.000;locked_oos_return_per_turnover_proxy_bps_-37.545_not_above_10.000,1.44520553977714,0.1101855498918829,0.14178305635402721,0.1101855498918829,False,locked_oos_return_-0.0721_below_preferred_0.03;train_rpt_8.500_below_preferred_20bps;locked_oos_rpt_-37.545_below_preferred_20bps
134,a30fb_booster_mh_consensus_2h_bnbusdt_s6_l24_thr0p005_adx18p0_hold18_cool2_3p0x_0p15_f2575696,no_promotion_shadow_or_reject,multi_horizon_consensus_momentum,BNBUSDT,2h,0.23905312847198235,0.15179933871478712,-0.05688703074663737,False,False,False,locked_oos_return_not_positive;locked_oos_return_per_turnover_proxy_bps_-34.166_not_above_10.000,1.4431851487289957,0.18247176446724134,-0.025939245802010902,-0.025939245802010902,False,locked_oos_return_-0.0569_below_preferred_0.03;validation_min_half_return_-0.0259_below_0;train_rpt_19.040_below_preferred_20bps;locked_oos_rpt_-34.166_below_preferred_20bps
135,a30fb_booster_rs_chandelier_1h_ethusdt_lb36_atr0p5_rel0p015_trail2p0_hold18_4p0x_0p15_9a5f686f,no_promotion_shadow_or_reject,relative_strength_chandelier_breakout,ETHUSDT,1h,0.12947590807109965,0.17300954636080057,-0.04586212077119989,False,False,False,validation_trade_event_count_28_below_30;locked_oos_trade_event_count_10_below_20;train_return_below_validation_return;train_validation_return_ratio_0.7484_below_1.00;locked_oos_return_not_positive;locked_oos_return_per_turnover_proxy_bps_-76.437_not_above_10.000,1.4419147085705433,0.06661117382870496,0.0997536638868779,0.06661117382870496,False,locked_oos_return_-0.0459_below_preferred_0.03;locked_oos_trade_event_count_10_below_20;train_rpt_12.261_below_preferred_20bps;locked_oos_rpt_-76.437_below_preferred_20bps
136,a30fb_booster_rs_chandelier_1h_solusdt_lb36_atr0p5_rel0p005_trail2p0_hold12_4p0x_0p15_457b79f7,no_promotion_shadow_or_reject,relative_strength_chandelier_breakout,SOLUSDT,1h,0.1310234694244634,0.30493297594829394,-0.07869324830328994,False,False,False,train_return_below_validation_return;train_validation_return_ratio_0.4297_below_1.00;locked_oos_return_not_positive;train_return_per_turnover_proxy_bps_9.024_not_above_10.000;locked_oos_return_per_turnover_proxy_bps_-54.648_not_above_10.000,1.437742214962923,0.12497383449836952,0.15996740184643454,0.12497383449836952,False,locked_oos_return_-0.0787_below_preferred_0.03;train_rpt_9.024_below_preferred_20bps;locked_oos_rpt_-54.648_below_preferred_20bps
137,a30fb_booster_rs_chandelier_2h_ethusdt_lb24_atr0p5_rel0p005_trail3p0_hold18_3p0x_0p15_5f717d39,no_promotion_shadow_or_reject,relative_strength_chandelier_breakout,ETHUSDT,2h,0.19260964044495354,0.12080989142176368,-0.11361361936175896,False,False,False,locked_oos_trade_event_count_18_below_20;locked_oos_return_not_positive;locked_oos_return_per_turnover_proxy_bps_-140.264_not_above_10.000,1.4341019734000564,0.07195930856835919,0.04557130337218096,0.04557130337218096,False,locked_oos_return_-0.1136_below_preferred_0.03;locked_oos_trade_event_count_18_below_20;locked_oos_rpt_-140.264_below_preferred_20bps
138,a30fb_booster_rs_chandelier_2h_solusdt_lb12_atr0p25_rel0p005_trail3p0_hold18_3p0x_0p15_76d4e65b,paper_testnet_candidate_after_fill_preflight,relative_strength_chandelier_breakout,SOLUSDT,2h,0.33775512428303744,0.1446027797729439,0.038287407643292415,True,False,False,,1.4339127498959896,0.1705051814908347,-0.02212924994052512,-0.02212924994052512,False,validation_min_half_return_-0.0221_below_0
139,a30fb_booster_mh_consensus_2h_bnbusdt_s6_l24_thr0p005_adx12p0_hold18_cool2_3p0x_0p15_771b5d47,no_promotion_shadow_or_reject,multi_horizon_consensus_momentum,BNBUSDT,2h,0.19783993571117597,0.15179933871478712,-0.05688703074663737,False,False,False,locked_oos_return_not_positive;locked_oos_return_per_turnover_proxy_bps_-34.166_not_above_10.000,1.4300547010154772,0.18247176446724134,-0.025939245802010902,-0.025939245802010902,False,locked_oos_return_-0.0569_below_preferred_0.03;validation_min_half_return_-0.0259_below_0;train_rpt_15.758_below_preferred_20bps;locked_oos_rpt_-34.166_below_preferred_20bps
140,a30fb_booster_rs_chandelier_2h_solusdt_lb12_atr0p25_rel0p005_trail2p0_hold18_3p0x_0p15_8757709e,paper_testnet_candidate_after_fill_preflight,relative_strength_chandelier_breakout,SOLUSDT,2h,0.3190374069117514,0.1446027797729439,0.038287407643292415,True,False,False,,1.4260770187357776,0.1705051814908347,-0.02212924994052512,-0.02212924994052512,False,validation_min_half_return_-0.0221_below_0
141,a30fb_booster_rs_chandelier_30m_ethusdt_lb12_atr0p0_rel0p005_trail2p0_hold18_4p0x_0p15_a2998171,no_promotion_shadow_or_reject,relative_strength_chandelier_breakout,ETHUSDT,30m,0.5015096412542084,0.16865562850757998,-0.04785112104455269,False,False,False,validation_mdd_0.1216_above_0.12;locked_oos_return_not_positive;locked_oos_return_per_turnover_proxy_bps_-11.558_not_above_10.000,1.4255582266504305,0.06828865147951024,0.09395117779176032,0.06828865147951024,False,locked_oos_return_-0.0479_below_preferred_0.03;validation_mdd_0.1216_above_preferred_0.10;train_rpt_10.634_below_preferred_20bps;validation_rpt_18.740_below_preferred_20bps;locked_oos_rpt_-11.558_below_preferred_20bps
142,a30fb_booster_squeeze_expansion_1h_solusdt_lb24_volz1p0_hold6_3p0x_0p15_1e088cc9,no_promotion_shadow_or_reject,volatility_squeeze_range_expansion,SOLUSDT,1h,0.12679206732893955,0.13668619421211448,-0.07192757108454828,False,False,False,train_return_below_validation_return;train_validation_return_ratio_0.9276_below_1.00;locked_oos_return_not_positive;train_return_per_turnover_proxy_bps_9.455_not_above_10.000;locked_oos_return_per_turnover_proxy_bps_-36.327_not_above_10.000,1.4237768710895315,0.0765755603476046,0.055835034788550564,0.055835034788550564,False,locked_oos_return_-0.0719_below_preferred_0.03;train_rpt_9.455_below_preferred_20bps;locked_oos_rpt_-36.327_below_preferred_20bps
143,a30fb_booster_rs_chandelier_2h_ethusdt_lb24_atr0p25_rel0p0_trail3p0_hold18_4p0x_0p125_218209e1,no_promotion_shadow_or_reject,relative_strength_chandelier_breakout,ETHUSDT,2h,0.16701392867837295,0.1299976801420868,-0.15854575058518972,False,False,False,locked_oos_return_not_positive;locked_oos_return_per_turnover_proxy_bps_-117.441_not_above_10.000,1.4209854852704842,0.08044224840997471,0.04586587742661985,0.04586587742661985,False,locked_oos_return_-0.1585_below_preferred_0.03;train_rpt_19.197_below_preferred_20bps;locked_oos_rpt_-117.441_below_preferred_20bps
144,a30fb_booster_rs_chandelier_2h_ethusdt_lb24_atr0p25_rel0p0_trail3p0_hold18_5p0x_0p1_2053e9f1,no_promotion_shadow_or_reject,relative_strength_chandelier_breakout,ETHUSDT,2h,0.16701392867837295,0.1299976801420868,-0.15854575058518972,False,False,False,locked_oos_return_not_positive;locked_oos_return_per_turnover_proxy_bps_-117.441_not_above_10.000,1.4209854852704842,0.08044224840997471,0.04586587742661985,0.04586587742661985,False,locked_oos_return_-0.1585_below_preferred_0.03;train_rpt_19.197_below_preferred_20bps;locked_oos_rpt_-117.441_below_preferred_20bps
145,a30fb_booster_rs_chandelier_2h_ethusdt_lb24_atr0p5_rel0p005_trail3p0_hold6_3p0x_0p1_d068270a,no_promotion_shadow_or_reject,relative_strength_chandelier_breakout,ETHUSDT,2h,0.1875762891472741,0.10532438887683915,-0.039755080115238206,False,False,False,locked_oos_return_not_positive;locked_oos_return_per_turnover_proxy_bps_-66.258_not_above_10.000,1.4191201750908868,0.07656218076459975,0.026716717925026945,0.026716717925026945,False,locked_oos_return_-0.0398_below_preferred_0.03;locked_oos_rpt_-66.258_below_preferred_20bps
146,a30fb_booster_rs_chandelier_2h_ethusdt_lb24_atr0p5_rel0p005_trail3p0_hold6_2p0x_0p15_8b4262f5,no_promotion_shadow_or_reject,relative_strength_chandelier_breakout,ETHUSDT,2h,0.1875762891472732,0.10532438887683915,-0.03975508011523843,False,False,False,locked_oos_return_not_positive;locked_oos_return_per_turnover_proxy_bps_-66.258_not_above_10.000,1.419120175090886,0.07656218076459975,0.026716717925026945,0.026716717925026945,False,locked_oos_return_-0.0398_below_preferred_0.03;locked_oos_rpt_-66.258_below_preferred_20bps
147,a30fb_booster_rs_chandelier_30m_ethusdt_lb12_atr0p0_rel0p005_trail3p0_hold12_4p0x_0p15_497335b9,no_promotion_shadow_or_reject,relative_strength_chandelier_breakout,ETHUSDT,30m,0.386414425780256,0.1670869362215115,-0.038182498077605764,False,False,False,locked_oos_return_not_positive;train_return_per_turnover_proxy_bps_7.403_not_above_10.000;locked_oos_return_per_turnover_proxy_bps_-8.055_not_above_10.000,1.4190962423308724,0.08037058873911329,0.08026537225860952,0.08026537225860952,False,locked_oos_return_-0.0382_below_preferred_0.03;validation_mdd_0.1152_above_preferred_0.10;train_rpt_7.403_below_preferred_20bps;validation_rpt_16.980_below_preferred_20bps;locked_oos_rpt_-8.055_below_preferred_20bps
148,a30fb_booster_rs_chandelier_2h_ethusdt_lb24_atr0p5_rel0p005_trail2p0_hold12_2p0x_0p15_245d0f28,no_promotion_shadow_or_reject,relative_strength_chandelier_breakout,ETHUSDT,2h,0.17514565674511617,0.10749523306686237,-0.07031809808217993,False,False,False,locked_oos_trade_event_count_18_below_20;locked_oos_return_not_positive;locked_oos_return_per_turnover_proxy_bps_-130.219_not_above_10.000,1.418492973877928,0.073771507871359,0.03140679832560944,0.03140679832560944,False,locked_oos_return_-0.0703_below_preferred_0.03;locked_oos_trade_event_count_18_below_20;locked_oos_rpt_-130.219_below_preferred_20bps
149,a30fb_booster_rs_chandelier_2h_ethusdt_lb24_atr0p5_rel0p005_trail2p0_hold12_3p0x_0p1_8022505e,no_promotion_shadow_or_reject,relative_strength_chandelier_breakout,ETHUSDT,2h,0.17514565674511617,0.10749523306686237,-0.0703180980821797,False,False,False,locked_oos_trade_event_count_18_below_20;locked_oos_return_not_positive;locked_oos_return_per_turnover_proxy_bps_-130.219_not_above_10.000,1.4184929738779275,0.073771507871359,0.03140679832560944,0.03140679832560944,False,locked_oos_return_-0.0703_below_preferred_0.03;locked_oos_trade_event_count_18_below_20;locked_oos_rpt_-130.219_below_preferred_20bps
150,a30fb_booster_rs_chandelier_30m_ethusdt_lb12_atr0p0_rel0p005_trail2p0_hold12_4p0x_0p15_d9a02cd4,no_promotion_shadow_or_reject,relative_strength_chandelier_breakout,ETHUSDT,30m,0.37746512098129537,0.1670869362215115,-0.038182498077605764,False,False,False,locked_oos_return_not_positive;train_return_per_turnover_proxy_bps_7.215_not_above_10.000;locked_oos_return_per_turnover_proxy_bps_-8.055_not_above_10.000,1.4183441311822684,0.08037058873911329,0.08026537225860952,0.08026537225860952,False,locked_oos_return_-0.0382_below_preferred_0.03;validation_mdd_0.1152_above_preferred_0.10;train_rpt_7.215_below_preferred_20bps;validation_rpt_16.980_below_preferred_20bps;locked_oos_rpt_-8.055_below_preferred_20bps
151,a30fb_booster_rs_chandelier_2h_ethusdt_lb24_atr0p25_rel0p0_trail2p0_hold12_4p0x_0p125_5abdd790,no_promotion_shadow_or_reject,relative_strength_chandelier_breakout,ETHUSDT,2h,0.13817610901913135,0.13211567502829769,-0.15240385750039065,False,False,False,locked_oos_return_not_positive;locked_oos_return_per_turnover_proxy_bps_-105.106_not_above_10.000,1.4098187162384328,0.09925822784327165,0.029890562883930327,0.029890562883930327,False,locked_oos_return_-0.1524_below_preferred_0.03;train_rpt_13.818_below_preferred_20bps;locked_oos_rpt_-105.106_below_preferred_20bps
152,a30fb_booster_rs_chandelier_2h_ethusdt_lb24_atr0p25_rel0p0_trail2p0_hold12_5p0x_0p1_f1ab2b4c,no_promotion_shadow_or_reject,relative_strength_chandelier_breakout,ETHUSDT,2h,0.13817610901913135,0.13211567502829769,-0.15240385750039065,False,False,False,locked_oos_return_not_positive;locked_oos_return_per_turnover_proxy_bps_-105.106_not_above_10.000,1.4098187162384328,0.09925822784327165,0.029890562883930327,0.029890562883930327,False,locked_oos_return_-0.1524_below_preferred_0.03;train_rpt_13.818_below_preferred_20bps;locked_oos_rpt_-105.106_below_preferred_20bps
153,a30fb_booster_rs_chandelier_2h_bnbusdt_lb12_atr0p0_rel0p01_trail3p0_hold12_4p0x_0p15_578f60cb,no_promotion_shadow_or_reject,relative_strength_chandelier_breakout,BNBUSDT,2h,0.19225402632206978,0.12346770404687168,-0.007584843180675316,False,False,False,locked_oos_return_not_positive;locked_oos_return_per_turnover_proxy_bps_-6.020_not_above_10.000,1.4046541096092615,0.08894725744969101,0.03170075167646602,0.03170075167646602,False,locked_oos_return_-0.0076_below_preferred_0.03;train_rpt_16.864_below_preferred_20bps;locked_oos_rpt_-6.020_below_preferred_20bps
154,a30fb_booster_mh_consensus_2h_bnbusdt_s6_l24_thr0p01_adx24p0_hold18_cool2_4p0x_0p15_0132da08,no_promotion_shadow_or_reject,multi_horizon_consensus_momentum,BNBUSDT,2h,0.24950905538524082,0.1535018303500555,-0.07421203846106361,False,False,False,locked_oos_return_not_positive;locked_oos_return_per_turnover_proxy_bps_-49.475_not_above_10.000,1.3906811259587757,0.1882315275566362,-0.029228055645009743,-0.029228055645009743,False,locked_oos_return_-0.0742_below_preferred_0.03;validation_min_half_return_-0.0292_below_0;train_rpt_17.184_below_preferred_20bps;locked_oos_rpt_-49.475_below_preferred_20bps
155,a30fb_booster_mh_consensus_2h_bnbusdt_s6_l24_thr0p005_adx24p0_hold18_cool2_3p0x_0p15_3d9cbc4d,no_promotion_shadow_or_reject,multi_horizon_consensus_momentum,BNBUSDT,2h,0.2557302591275503,0.14628002363348536,-0.05965098803962665,False,False,False,locked_oos_return_not_positive;locked_oos_return_per_turnover_proxy_bps_-35.826_not_above_10.000,1.3897393239577491,0.17680546998045998,-0.025939245802010902,-0.025939245802010902,False,locked_oos_return_-0.0597_below_preferred_0.03;validation_min_half_return_-0.0259_below_0;locked_oos_rpt_-35.826_below_preferred_20bps
156,a30fb_booster_rs_chandelier_1h_solusdt_lb36_atr0p5_rel0p0_trail3p0_hold6_3p0x_0p1_959eaec9,no_promotion_shadow_or_reject,relative_strength_chandelier_breakout,SOLUSDT,1h,0.11074896611451268,0.11695355988579714,-0.04219684415988778,False,False,False,train_return_below_validation_return;train_validation_return_ratio_0.9469_below_1.00;locked_oos_return_not_positive;locked_oos_return_per_turnover_proxy_bps_-45.373_not_above_10.000,1.3871807473141429,0.04799360025663191,0.06580189002325576,0.04799360025663191,False,locked_oos_return_-0.0422_below_preferred_0.03;train_rpt_15.007_below_preferred_20bps;locked_oos_rpt_-45.373_below_preferred_20bps
157,a30fb_booster_rs_chandelier_1h_solusdt_lb36_atr0p5_rel0p0_trail3p0_hold6_2p0x_0p15_d48d29ed,no_promotion_shadow_or_reject,relative_strength_chandelier_breakout,SOLUSDT,1h,0.11074896611451246,0.11695355988579714,-0.04219684415988789,False,False,False,train_return_below_validation_return;train_validation_return_ratio_0.9469_below_1.00;locked_oos_return_not_positive;locked_oos_return_per_turnover_proxy_bps_-45.373_not_above_10.000,1.387180747314141,0.04799360025663213,0.06580189002325576,0.04799360025663213,False,locked_oos_return_-0.0422_below_preferred_0.03;train_rpt_15.007_below_preferred_20bps;locked_oos_rpt_-45.373_below_preferred_20bps
158,a30fb_booster_rs_chandelier_1h_ethusdt_lb36_atr0p5_rel0p0_trail2p0_hold18_4p0x_0p15_e8fd2292,no_promotion_shadow_or_reject,relative_strength_chandelier_breakout,ETHUSDT,1h,0.2627042398275987,0.1323485994229754,-0.1135098061103873,False,False,False,locked_oos_return_not_positive;locked_oos_return_per_turnover_proxy_bps_-78.826_not_above_10.000,1.3861566911878482,0.09992663077667263,0.029476483011788845,0.029476483011788845,False,locked_oos_return_-0.1135_below_preferred_0.03;train_rpt_19.204_below_preferred_20bps;locked_oos_rpt_-78.826_below_preferred_20bps
159,a30fb_booster_rs_chandelier_2h_ethusdt_lb24_atr0p5_rel0p0_trail3p0_hold18_4p0x_0p15_396ba64c,no_promotion_shadow_or_reject,relative_strength_chandelier_breakout,ETHUSDT,2h,0.3481899370755952,0.12662167088676868,-0.13989964476158623,False,False,False,locked_oos_return_not_positive;locked_oos_return_per_turnover_proxy_bps_-105.985_not_above_10.000,1.3782741817559845,0.09569359635550923,0.028226937379328687,0.028226937379328687,False,locked_oos_return_-0.1399_below_preferred_0.03;validation_mdd_0.1135_above_preferred_0.10;locked_oos_rpt_-105.985_below_preferred_20bps
160,a30fb_booster_rs_chandelier_1h_solusdt_lb36_atr0p5_rel0p01_trail3p0_hold6_4p0x_0p125_c1a18d1e,no_promotion_shadow_or_reject,relative_strength_chandelier_breakout,SOLUSDT,1h,0.11949296932103715,0.21925539859311738,-0.04472418326704297,False,False,False,locked_oos_trade_event_count_19_below_20;train_return_below_validation_return;train_validation_return_ratio_0.5450_below_1.00;locked_oos_return_not_positive;locked_oos_return_per_turnover_proxy_bps_-47.078_not_above_10.000,1.3767596056166456,0.08828783203305135,0.12034276475865857,0.08828783203305135,False,locked_oos_return_-0.0447_below_preferred_0.03;locked_oos_trade_event_count_19_below_20;train_rpt_10.213_below_preferred_20bps;locked_oos_rpt_-47.078_below_preferred_20bps
161,a30fb_booster_rs_chandelier_1h_solusdt_lb36_atr0p5_rel0p01_trail3p0_hold6_5p0x_0p1_046f43d8,no_promotion_shadow_or_reject,relative_strength_chandelier_breakout,SOLUSDT,1h,0.11949296932103715,0.21925539859311738,-0.04472418326704297,False,False,False,locked_oos_trade_event_count_19_below_20;train_return_below_validation_return;train_validation_return_ratio_0.5450_below_1.00;locked_oos_return_not_positive;locked_oos_return_per_turnover_proxy_bps_-47.078_not_above_10.000,1.3767596056166456,0.08828783203305135,0.12034276475865857,0.08828783203305135,False,locked_oos_return_-0.0447_below_preferred_0.03;locked_oos_trade_event_count_19_below_20;train_rpt_10.213_below_preferred_20bps;locked_oos_rpt_-47.078_below_preferred_20bps
162,a30fb_booster_rs_chandelier_2h_solusdt_lb12_atr0p25_rel0p01_trail2p0_hold12_4p0x_0p15_c8089758,train_dominant_shadow_until_execution_efficiency,relative_strength_chandelier_breakout,SOLUSDT,2h,0.15550434340906039,0.15137931648273129,0.060619594899284035,False,False,False,train_return_per_turnover_proxy_bps_9.062_not_above_10.000,1.3749555542843797,0.1468251949242909,0.0039710686324263555,0.0039710686324263555,False,validation_mdd_0.1045_above_preferred_0.10;train_rpt_9.062_below_preferred_20bps
163,a30fb_booster_rs_chandelier_2h_solusdt_lb12_atr0p25_rel0p01_trail3p0_hold12_4p0x_0p15_2c900424,train_dominant_shadow_until_execution_efficiency,relative_strength_chandelier_breakout,SOLUSDT,2h,0.15478825621032666,0.15137931648273129,0.060619594899284035,False,False,False,train_return_per_turnover_proxy_bps_9.020_not_above_10.000,1.3747886341914348,0.1468251949242909,0.0039710686324263555,0.0039710686324263555,False,validation_mdd_0.1045_above_preferred_0.10;train_rpt_9.020_below_preferred_20bps
164,a30fb_booster_rs_chandelier_2h_solusdt_lb24_atr0p5_rel0p005_trail2p0_hold18_4p0x_0p15_9e95ac58,no_promotion_shadow_or_reject,relative_strength_chandelier_breakout,SOLUSDT,2h,0.20248160083623823,0.14319583123252477,-0.00933430223892362,False,False,False,locked_oos_trade_event_count_13_below_20;validation_mdd_0.1265_above_0.12;locked_oos_return_not_positive;locked_oos_return_per_turnover_proxy_bps_-11.967_not_above_10.000,1.371510229134746,0.1477448994420072,-0.003963483707654425,-0.003963483707654425,False,locked_oos_return_-0.0093_below_preferred_0.03;validation_mdd_0.1265_above_preferred_0.10;locked_oos_trade_event_count_13_below_20;validation_min_half_return_-0.0040_below_0;locked_oos_rpt_-11.967_below_preferred_20bps
165,a30fb_booster_rs_chandelier_30m_ethusdt_lb12_atr0p25_rel0p005_trail2p0_hold18_4p0x_0p125_9623b022,no_promotion_shadow_or_reject,relative_strength_chandelier_breakout,ETHUSDT,30m,0.36415555516153697,0.1505251684203215,-0.028645309258735985,False,False,False,locked_oos_return_not_positive;locked_oos_return_per_turnover_proxy_bps_-9.240_not_above_10.000,1.3705755515070686,0.030261777384540167,0.11673090633439531,0.030261777384540167,False,locked_oos_return_-0.0286_below_preferred_0.03;train_rpt_10.679_below_preferred_20bps;locked_oos_rpt_-9.240_below_preferred_20bps
166,a30fb_booster_rs_chandelier_30m_ethusdt_lb12_atr0p25_rel0p005_trail2p0_hold18_5p0x_0p1_7b001d42,no_promotion_shadow_or_reject,relative_strength_chandelier_breakout,ETHUSDT,30m,0.36415555516153697,0.1505251684203215,-0.028645309258735985,False,False,False,locked_oos_return_not_positive;locked_oos_return_per_turnover_proxy_bps_-9.240_not_above_10.000,1.3705755515070686,0.030261777384540167,0.11673090633439531,0.030261777384540167,False,locked_oos_return_-0.0286_below_preferred_0.03;train_rpt_10.679_below_preferred_20bps;locked_oos_rpt_-9.240_below_preferred_20bps
167,a30fb_booster_rs_chandelier_2h_solusdt_lb24_atr0p5_rel0p005_trail3p0_hold18_4p0x_0p15_a807a304,no_promotion_shadow_or_reject,relative_strength_chandelier_breakout,SOLUSDT,2h,0.19389550686685064,0.14319583123252477,-0.00933430223892362,False,False,False,locked_oos_trade_event_count_13_below_20;validation_mdd_0.1265_above_0.12;locked_oos_return_not_positive;locked_oos_return_per_turnover_proxy_bps_-11.967_not_above_10.000,1.3678409582076574,0.1477448994420072,-0.003963483707654425,-0.003963483707654425,False,locked_oos_return_-0.0093_below_preferred_0.03;validation_mdd_0.1265_above_preferred_0.10;locked_oos_trade_event_count_13_below_20;validation_min_half_return_-0.0040_below_0;locked_oos_rpt_-11.967_below_preferred_20bps
168,a30fb_booster_rs_chandelier_1h_ethusdt_lb36_atr0p25_rel0p0_trail3p0_hold12_4p0x_0p15_5af67468,no_promotion_shadow_or_reject,relative_strength_chandelier_breakout,ETHUSDT,1h,0.20180720302160715,0.13717173970701113,-0.14028059567150875,False,False,False,locked_oos_return_not_positive;locked_oos_return_per_turnover_proxy_bps_-64.945_not_above_10.000,1.3646898425336635,0.04581181971969417,0.08735789581322617,0.04581181971969417,False,locked_oos_return_-0.1403_below_preferred_0.03;train_rpt_10.850_below_preferred_20bps;locked_oos_rpt_-64.945_below_preferred_20bps
169,a30fb_booster_rs_chandelier_2h_ethusdt_lb24_atr0p25_rel0p0_trail3p0_hold6_3p0x_0p15_32251eb1,no_promotion_shadow_or_reject,relative_strength_chandelier_breakout,ETHUSDT,2h,0.12006510720298036,0.12859489606813201,-0.08945196900697194,False,False,False,train_return_below_validation_return;train_validation_return_ratio_0.9337_below_1.00;locked_oos_return_not_positive;locked_oos_return_per_turnover_proxy_bps_-56.795_not_above_10.000,1.3630284061229079,0.11213636153461803,0.014799025643585928,0.014799025643585928,False,locked_oos_return_-0.0895_below_preferred_0.03;train_rpt_12.019_below_preferred_20bps;locked_oos_rpt_-56.795_below_preferred_20bps
170,a30fb_booster_rs_chandelier_2h_ethusdt_lb24_atr0p25_rel0p0_trail2p0_hold18_3p0x_0p15_527abaf8,no_promotion_shadow_or_reject,relative_strength_chandelier_breakout,ETHUSDT,2h,0.16499793848530153,0.12060745742196444,-0.1479404782156739,False,False,False,locked_oos_return_not_positive;locked_oos_return_per_turnover_proxy_bps_-121.762_not_above_10.000,1.3629720501507048,0.07248319334470454,0.04487181186231659,0.04487181186231659,False,locked_oos_return_-0.1479_below_preferred_0.03;locked_oos_rpt_-121.762_below_preferred_20bps
171,a30fb_booster_rs_chandelier_2h_ethusdt_lb24_atr0p5_rel0p0_trail3p0_hold6_3p0x_0p15_7741c9f2,no_promotion_shadow_or_reject,relative_strength_chandelier_breakout,ETHUSDT,2h,0.29389625752481363,0.11133317314350677,-0.05804507510443735,False,False,False,locked_oos_return_not_positive;locked_oos_return_per_turnover_proxy_bps_-53.745_not_above_10.000,1.3554962701284756,0.11618330781000963,-0.004345285073308891,-0.004345285073308891,False,locked_oos_return_-0.0580_below_preferred_0.03;validation_min_half_return_-0.0043_below_0;locked_oos_rpt_-53.745_below_preferred_20bps
172,a30fb_booster_rs_chandelier_1h_solusdt_lb36_atr0p5_rel0p005_trail3p0_hold12_3p0x_0p1_03a544bd,no_promotion_shadow_or_reject,relative_strength_chandelier_breakout,SOLUSDT,1h,0.10762621863702448,0.14323804930951067,-0.042135961864564475,False,False,False,train_return_below_validation_return;train_validation_return_ratio_0.7514_below_1.00;locked_oos_return_not_positive;locked_oos_return_per_turnover_proxy_bps_-61.067_not_above_10.000,1.3505335469316917,0.06071728723953429,0.07779713130228405,0.06071728723953429,False,locked_oos_return_-0.0421_below_preferred_0.03;train_rpt_15.201_below_preferred_20bps;locked_oos_rpt_-61.067_below_preferred_20bps
173,a30fb_booster_rs_chandelier_1h_solusdt_lb36_atr0p5_rel0p005_trail3p0_hold12_2p0x_0p15_b7f20919,no_promotion_shadow_or_reject,relative_strength_chandelier_breakout,SOLUSDT,1h,0.10762621863702404,0.1432380493095109,-0.0421359618645647,False,False,False,train_return_below_validation_return;train_validation_return_ratio_0.7514_below_1.00;locked_oos_return_not_positive;locked_oos_return_per_turnover_proxy_bps_-61.067_not_above_10.000,1.3505335469316873,0.06071728723953451,0.07779713130228405,0.06071728723953451,False,locked_oos_return_-0.0421_below_preferred_0.03;train_rpt_15.201_below_preferred_20bps;locked_oos_rpt_-61.067_below_preferred_20bps
174,a30fb_booster_rs_chandelier_2h_solusdt_lb12_atr0p5_rel0p015_trail2p0_hold12_4p0x_0p15_baec7e4e,no_promotion_shadow_or_reject,relative_strength_chandelier_breakout,SOLUSDT,2h,0.2705617778938685,0.11356067575895623,-0.0320293777399383,False,False,False,locked_oos_trade_event_count_18_below_20;locked_oos_return_not_positive;locked_oos_return_per_turnover_proxy_bps_-29.657_not_above_10.000,1.3503380812982493,0.056962671491922245,0.05354777968378488,0.05354777968378488,False,locked_oos_return_-0.0320_below_preferred_0.03;locked_oos_trade_event_count_18_below_20;locked_oos_rpt_-29.657_below_preferred_20bps
175,a30fb_booster_rs_chandelier_2h_solusdt_lb12_atr0p5_rel0p015_trail3p0_hold12_4p0x_0p15_d75e2156,no_promotion_shadow_or_reject,relative_strength_chandelier_breakout,SOLUSDT,2h,0.269774387496305,0.11356067575895623,-0.0320293777399383,False,False,False,locked_oos_trade_event_count_18_below_20;locked_oos_return_not_positive;locked_oos_return_per_turnover_proxy_bps_-29.657_not_above_10.000,1.3500756178323945,0.056962671491922245,0.05354777968378488,0.05354777968378488,False,locked_oos_return_-0.0320_below_preferred_0.03;locked_oos_trade_event_count_18_below_20;locked_oos_rpt_-29.657_below_preferred_20bps
176,a30fb_booster_rs_chandelier_2h_ethusdt_lb36_atr0p5_rel0p005_trail2p0_hold6_3p0x_0p15_09fb202f,no_promotion_shadow_or_reject,relative_strength_chandelier_breakout,ETHUSDT,2h,0.24382124372371305,0.10070662451655776,-0.05935417004692867,False,False,False,validation_trade_event_count_22_below_30;locked_oos_trade_event_count_16_below_20;locked_oos_return_not_positive;locked_oos_return_per_turnover_proxy_bps_-82.436_not_above_10.000,1.3483271024125527,0.09002144949407653,0.00980271996247506,0.00980271996247506,False,locked_oos_return_-0.0594_below_preferred_0.03;locked_oos_trade_event_count_16_below_20;locked_oos_rpt_-82.436_below_preferred_20bps
177,a30fb_booster_rs_chandelier_30m_ethusdt_lb12_atr0p25_rel0p005_trail3p0_hold18_4p0x_0p15_1c443e72,no_promotion_shadow_or_reject,relative_strength_chandelier_breakout,ETHUSDT,30m,0.40606500010070334,0.1581984005279644,-0.03452358169094982,False,False,False,locked_oos_return_not_positive;train_return_per_turnover_proxy_bps_9.967_not_above_10.000;locked_oos_return_per_turnover_proxy_bps_-9.281_not_above_10.000,1.3482359685655163,0.015170597350330217,0.14089041147462456,0.015170597350330217,False,locked_oos_return_-0.0345_below_preferred_0.03;train_rpt_9.967_below_preferred_20bps;validation_rpt_19.975_below_preferred_20bps;locked_oos_rpt_-9.281_below_preferred_20bps
178,a30fb_booster_rs_chandelier_1h_ethusdt_lb36_atr0p5_rel0p015_trail3p0_hold18_4p0x_0p15_d3174ebf,no_promotion_shadow_or_reject,relative_strength_chandelier_breakout,ETHUSDT,1h,0.12082506403579973,0.14860104390149242,-0.04586212077119989,False,False,False,validation_trade_event_count_28_below_30;locked_oos_trade_event_count_10_below_20;train_return_below_validation_return;train_validation_return_ratio_0.8131_below_1.00;locked_oos_return_not_positive;locked_oos_return_per_turnover_proxy_bps_-76.437_not_above_10.000,1.3432461588550901,0.044416655855433085,0.0997536638868779,0.044416655855433085,False,locked_oos_return_-0.0459_below_preferred_0.03;locked_oos_trade_event_count_10_below_20;train_rpt_11.442_below_preferred_20bps;locked_oos_rpt_-76.437_below_preferred_20bps
179,a30fb_booster_rs_chandelier_1h_ethusdt_lb36_atr0p5_rel0p005_trail2p0_hold18_3p0x_0p15_b799d72b,no_promotion_shadow_or_reject,relative_strength_chandelier_breakout,ETHUSDT,1h,0.1305750978706468,0.11750076349198779,-0.06374662202442194,False,False,False,locked_oos_return_not_positive;locked_oos_return_per_turnover_proxy_bps_-70.830_not_above_10.000,1.3426779628872711,0.07909700926174423,0.03558878757019146,0.03558878757019146,False,locked_oos_return_-0.0637_below_preferred_0.03;train_rpt_13.189_below_preferred_20bps;locked_oos_rpt_-70.830_below_preferred_20bps
180,a30fb_booster_mh_consensus_1h_ethusdt_s12_l36_thr0p005_adx12p0_hold18_cool2_3p0x_0p15_35b72c11,no_promotion_shadow_or_reject,multi_horizon_consensus_momentum,ETHUSDT,1h,0.31252155265221004,0.17917424436791118,-0.03637621852922546,False,False,False,locked_oos_return_not_positive;locked_oos_return_per_turnover_proxy_bps_-13.937_not_above_10.000,1.332268782610431,0.25375878962543785,-0.059488751644013904,-0.059488751644013904,False,locked_oos_return_-0.0364_below_preferred_0.03;validation_mdd_0.1195_above_preferred_0.10;validation_min_half_return_-0.0595_below_0;train_rpt_14.439_below_preferred_20bps;locked_oos_rpt_-13.937_below_preferred_20bps
181,a30fb_booster_rs_chandelier_4h_ethusdt_lb12_atr0p5_rel0p005_trail2p0_hold6_4p0x_0p15_da174126,no_promotion_shadow_or_reject,relative_strength_chandelier_breakout,ETHUSDT,4h,0.23932547316265018,0.12331662596811799,-0.11328642615368523,False,False,False,validation_trade_event_count_28_below_30;locked_oos_trade_event_count_14_below_20;locked_oos_return_not_positive;locked_oos_return_per_turnover_proxy_bps_-134.865_not_above_10.000,1.331521754483518,0.0982859911380205,0.022790634709053625,0.022790634709053625,False,locked_oos_return_-0.1133_below_preferred_0.03;validation_mdd_0.1032_above_preferred_0.10;locked_oos_trade_event_count_14_below_20;locked_oos_rpt_-134.865_below_preferred_20bps
182,a30fb_booster_rs_chandelier_4h_ethusdt_lb12_atr0p5_rel0p005_trail3p0_hold6_4p0x_0p15_db375d0c,no_promotion_shadow_or_reject,relative_strength_chandelier_breakout,ETHUSDT,4h,0.23932547316265018,0.12331662596811799,-0.11328642615368523,False,False,False,validation_trade_event_count_28_below_30;locked_oos_trade_event_count_14_below_20;locked_oos_return_not_positive;locked_oos_return_per_turnover_proxy_bps_-134.865_not_above_10.000,1.331521754483518,0.0982859911380205,0.022790634709053625,0.022790634709053625,False,locked_oos_return_-0.1133_below_preferred_0.03;validation_mdd_0.1032_above_preferred_0.10;locked_oos_trade_event_count_14_below_20;locked_oos_rpt_-134.865_below_preferred_20bps
183,a30fb_booster_rs_chandelier_2h_ethusdt_lb36_atr0p25_rel0p005_trail2p0_hold6_4p0x_0p125_10cc665a,no_promotion_shadow_or_reject,relative_strength_chandelier_breakout,ETHUSDT,2h,0.11456841341348767,0.13981258571262556,-0.08330104130012328,False,False,False,validation_trade_event_count_24_below_30;train_return_below_validation_return;train_validation_return_ratio_0.8194_below_1.00;locked_oos_return_not_positive;locked_oos_return_per_turnover_proxy_bps_-79.334_not_above_10.000,1.3310299117955184,0.1276213222092224,0.010811487210544701,0.010811487210544701,False,locked_oos_return_-0.0833_below_preferred_0.03;train_rpt_13.479_below_preferred_20bps;locked_oos_rpt_-79.334_below_preferred_20bps
184,a30fb_booster_rs_chandelier_2h_ethusdt_lb36_atr0p25_rel0p005_trail2p0_hold6_5p0x_0p1_dab4d903,no_promotion_shadow_or_reject,relative_strength_chandelier_breakout,ETHUSDT,2h,0.11456841341348767,0.13981258571262556,-0.08330104130012328,False,False,False,validation_trade_event_count_24_below_30;train_return_below_validation_return;train_validation_return_ratio_0.8194_below_1.00;locked_oos_return_not_positive;locked_oos_return_per_turnover_proxy_bps_-79.334_not_above_10.000,1.3310299117955184,0.1276213222092224,0.010811487210544701,0.010811487210544701,False,locked_oos_return_-0.0833_below_preferred_0.03;train_rpt_13.479_below_preferred_20bps;locked_oos_rpt_-79.334_below_preferred_20bps
185,a30fb_booster_rs_chandelier_2h_ethusdt_lb24_atr0p5_rel0p0_trail3p0_hold12_4p0x_0p15_f79bac66,no_promotion_shadow_or_reject,relative_strength_chandelier_breakout,ETHUSDT,2h,0.3903620008398694,0.12748165271404055,-0.13108156176420593,False,False,False,validation_mdd_0.1276_above_0.12;locked_oos_return_not_positive;locked_oos_return_per_turnover_proxy_bps_-99.304_not_above_10.000,1.326291989897408,0.12002774207968869,0.006655112506867011,0.006655112506867011,False,locked_oos_return_-0.1311_below_preferred_0.03;validation_mdd_0.1276_above_preferred_0.10;locked_oos_rpt_-99.304_below_preferred_20bps
186,a30fb_booster_rs_chandelier_1h_ethusdt_lb36_atr0p5_rel0p015_trail2p0_hold6_4p0x_0p15_f0a5701e,no_promotion_shadow_or_reject,relative_strength_chandelier_breakout,ETHUSDT,1h,0.5439020643891088,0.10644922100324794,-0.04035878509623969,False,False,False,locked_oos_trade_event_count_10_below_20;locked_oos_return_not_positive;locked_oos_return_per_turnover_proxy_bps_-67.265_not_above_10.000,1.325401348045645,0.027151203221414066,0.0772018934828056,0.027151203221414066,False,locked_oos_return_-0.0404_below_preferred_0.03;locked_oos_trade_event_count_10_below_20;locked_oos_rpt_-67.265_below_preferred_20bps
187,a30fb_booster_rs_chandelier_1h_ethusdt_lb36_atr0p5_rel0p01_trail2p0_hold18_4p0x_0p15_4dd5061d,no_promotion_shadow_or_reject,relative_strength_chandelier_breakout,ETHUSDT,1h,0.18476105048869207,0.1164200225079619,-0.04352158229026437,False,False,False,locked_oos_trade_event_count_10_below_20;locked_oos_return_not_positive;locked_oos_return_per_turnover_proxy_bps_-72.536_not_above_10.000,1.3250600314182661,0.03980501277655013,0.07368209307515117,0.03980501277655013,False,locked_oos_return_-0.0435_below_preferred_0.03;locked_oos_trade_event_count_10_below_20;train_rpt_16.038_below_preferred_20bps;locked_oos_rpt_-72.536_below_preferred_20bps
188,a30fb_booster_rs_chandelier_2h_ethusdt_lb24_atr0p5_rel0p0_trail2p0_hold18_4p0x_0p125_afc5b49c,no_promotion_shadow_or_reject,relative_strength_chandelier_breakout,ETHUSDT,2h,0.35242660028362494,0.1098445636058416,-0.12257699476047323,False,False,False,locked_oos_return_not_positive;locked_oos_return_per_turnover_proxy_bps_-111.434_not_above_10.000,1.3237842217776965,0.07988895262792339,0.027739529055298418,0.027739529055298418,False,locked_oos_return_-0.1226_below_preferred_0.03;locked_oos_rpt_-111.434_below_preferred_20bps
189,a30fb_booster_rs_chandelier_2h_ethusdt_lb24_atr0p5_rel0p0_trail2p0_hold18_5p0x_0p1_1c6fe88b,no_promotion_shadow_or_reject,relative_strength_chandelier_breakout,ETHUSDT,2h,0.35242660028362494,0.1098445636058416,-0.12257699476047323,False,False,False,locked_oos_return_not_positive;locked_oos_return_per_turnover_proxy_bps_-111.434_not_above_10.000,1.3237842217776965,0.07988895262792339,0.027739529055298418,0.027739529055298418,False,locked_oos_return_-0.1226_below_preferred_0.03;locked_oos_rpt_-111.434_below_preferred_20bps
190,a30fb_booster_rs_chandelier_1h_ethusdt_lb36_atr0p25_rel0p0_trail3p0_hold18_4p0x_0p125_6f850176,no_promotion_shadow_or_reject,relative_strength_chandelier_breakout,ETHUSDT,1h,0.1204258188044729,0.1479489643523959,-0.1466362823950601,False,False,False,train_return_below_validation_return;train_validation_return_ratio_0.8140_below_1.00;locked_oos_return_not_positive;train_return_per_turnover_proxy_bps_8.363_not_above_10.000;locked_oos_return_per_turnover_proxy_bps_-91.648_not_above_10.000,1.3213106256448393,0.06529135396259944,0.07759155284827246,0.06529135396259944,False,locked_oos_return_-0.1466_below_preferred_0.03;train_rpt_8.363_below_preferred_20bps;locked_oos_rpt_-91.648_below_preferred_20bps
191,a30fb_booster_rs_chandelier_1h_ethusdt_lb36_atr0p25_rel0p0_trail3p0_hold18_5p0x_0p1_8f8bdf80,no_promotion_shadow_or_reject,relative_strength_chandelier_breakout,ETHUSDT,1h,0.1204258188044729,0.1479489643523959,-0.1466362823950601,False,False,False,train_return_below_validation_return;train_validation_return_ratio_0.8140_below_1.00;locked_oos_return_not_positive;train_return_per_turnover_proxy_bps_8.363_not_above_10.000;locked_oos_return_per_turnover_proxy_bps_-91.648_not_above_10.000,1.3213106256448393,0.06529135396259944,0.07759155284827246,0.06529135396259944,False,locked_oos_return_-0.1466_below_preferred_0.03;train_rpt_8.363_below_preferred_20bps;locked_oos_rpt_-91.648_below_preferred_20bps
192,a30fb_booster_rs_chandelier_2h_ethusdt_lb24_atr0p25_rel0p0_trail3p0_hold18_3p0x_0p15_4db2b802,no_promotion_shadow_or_reject,relative_strength_chandelier_breakout,ETHUSDT,2h,0.15242535405072344,0.11691537305965838,-0.14378593074919999,False,False,False,locked_oos_return_not_positive;locked_oos_return_per_turnover_proxy_bps_-118.342_not_above_10.000,1.3191145218438611,0.07248319334470454,0.04142925501367034,0.04142925501367034,False,locked_oos_return_-0.1438_below_preferred_0.03;train_rpt_19.467_below_preferred_20bps;locked_oos_rpt_-118.342_below_preferred_20bps
193,a30fb_booster_rs_chandelier_2h_ethusdt_lb12_atr0p25_rel0p0_trail3p0_hold18_4p0x_0p15_068d3f0a,no_promotion_shadow_or_reject,relative_strength_chandelier_breakout,ETHUSDT,2h,0.1362705066276071,0.2740212130300128,-0.19047954368801867,False,False,False,train_return_below_validation_return;train_validation_return_ratio_0.4973_below_1.00;locked_oos_return_not_positive;train_return_per_turnover_proxy_bps_9.463_not_above_10.000;locked_oos_return_per_turnover_proxy_bps_-102.408_not_above_10.000,1.3183907034063265,0.0873971766686441,0.17162453643029663,0.0873971766686441,False,locked_oos_return_-0.1905_below_preferred_0.03;validation_mdd_0.1035_above_preferred_0.10;train_rpt_9.463_below_preferred_20bps;locked_oos_rpt_-102.408_below_preferred_20bps
194,a30fb_booster_mh_consensus_2h_ethusdt_s6_l24_thr0p005_adx18p0_hold8_cool2_4p0x_0p15_642a86a0,no_promotion_shadow_or_reject,multi_horizon_consensus_momentum,ETHUSDT,2h,0.20070176976903875,0.18260843311822939,-0.12766750333415366,False,False,False,locked_oos_return_not_positive;train_return_per_turnover_proxy_bps_7.013_not_above_10.000;locked_oos_return_per_turnover_proxy_bps_-37.996_not_above_10.000,1.316629466487926,0.25827901579016865,-0.06013815832764058,-0.06013815832764058,False,locked_oos_return_-0.1277_below_preferred_0.03;validation_mdd_0.1136_above_preferred_0.10;validation_min_half_return_-0.0601_below_0;train_rpt_7.013_below_preferred_20bps;locked_oos_rpt_-37.996_below_preferred_20bps
195,a30fb_booster_rs_chandelier_1h_ethusdt_lb36_atr0p5_rel0p015_trail2p0_hold12_4p0x_0p15_7455327c,no_promotion_shadow_or_reject,relative_strength_chandelier_breakout,ETHUSDT,1h,0.45033821114840666,0.10866788354265133,-0.039913934305011556,False,False,False,locked_oos_trade_event_count_10_below_20;locked_oos_return_not_positive;locked_oos_return_per_turnover_proxy_bps_-66.523_not_above_10.000,1.3161231844035781,0.024144636046281365,0.08253057675786368,0.024144636046281365,False,locked_oos_return_-0.0399_below_preferred_0.03;locked_oos_trade_event_count_10_below_20;locked_oos_rpt_-66.523_below_preferred_20bps
196,a30fb_booster_pullback_reclaim_6h_ethusdt_fast12_slow48_z-0p5_hold4_4p0x_0p15_21fe0fa3,no_promotion_shadow_or_reject,trend_pullback_reclaim,ETHUSDT,6h,0.1356868361035546,0.1503958651685262,-0.0011254351409137886,False,False,False,train_trade_event_count_64_below_80;validation_trade_event_count_8_below_30;locked_oos_trade_event_count_6_below_20;train_return_below_validation_return;train_validation_return_ratio_0.9022_below_1.00;locked_oos_return_not_positive;locked_oos_return_per_turnover_proxy_bps_-3.126_not_above_10.000,1.315486255383482,0.1824637568662597,-0.027119555683228214,-0.027119555683228214,False,locked_oos_return_-0.0011_below_preferred_0.03;validation_mdd_0.1129_above_preferred_0.10;locked_oos_trade_event_count_6_below_20;validation_min_half_return_-0.0271_below_0;locked_oos_rpt_-3.126_below_preferred_20bps
197,a30fb_booster_rs_chandelier_2h_ethusdt_lb36_atr0p25_rel0p005_trail3p0_hold6_4p0x_0p15_6c4263bd,no_promotion_shadow_or_reject,relative_strength_chandelier_breakout,ETHUSDT,2h,0.11672170685394256,0.14651384497279007,-0.10025939085668734,False,False,False,validation_trade_event_count_24_below_30;train_return_below_validation_return;train_validation_return_ratio_0.7967_below_1.00;locked_oos_return_not_positive;locked_oos_return_per_turnover_proxy_bps_-79.571_not_above_10.000,1.314312317500948,0.13204635376227403,0.012779945946943316,0.012779945946943316,False,locked_oos_return_-0.1003_below_preferred_0.03;train_rpt_11.443_below_preferred_20bps;locked_oos_rpt_-79.571_below_preferred_20bps
198,a30fb_booster_rs_chandelier_2h_ethusdt_lb12_atr0p25_rel0p0_trail2p0_hold18_4p0x_0p15_6596f906,no_promotion_shadow_or_reject,relative_strength_chandelier_breakout,ETHUSDT,2h,0.13589012178121385,0.2740212130300128,-0.19047954368801867,False,False,False,train_return_below_validation_return;train_validation_return_ratio_0.4959_below_1.00;locked_oos_return_not_positive;train_return_per_turnover_proxy_bps_9.359_not_above_10.000;locked_oos_return_per_turnover_proxy_bps_-102.408_not_above_10.000,1.3141692316912579,0.0873971766686441,0.17162453643029663,0.0873971766686441,False,locked_oos_return_-0.1905_below_preferred_0.03;validation_mdd_0.1035_above_preferred_0.10;train_rpt_9.359_below_preferred_20bps;locked_oos_rpt_-102.408_below_preferred_20bps
199,a30fb_booster_rs_chandelier_1h_solusdt_lb36_atr0p5_rel0p005_trail2p0_hold12_4p0x_0p125_819a262a,no_promotion_shadow_or_reject,relative_strength_chandelier_breakout,SOLUSDT,1h,0.1139511199296177,0.2495734957114233,-0.06587912872304369,False,False,False,train_return_below_validation_return;train_validation_return_ratio_0.4566_below_1.00;locked_oos_return_not_positive;train_return_per_turnover_proxy_bps_9.417_not_above_10.000;locked_oos_return_per_turnover_proxy_bps_-54.899_not_above_10.000,1.311079889362296,0.10378075221282002,0.132084875738524,0.10378075221282002,False,locked_oos_return_-0.0659_below_preferred_0.03;train_rpt_9.417_below_preferred_20bps;locked_oos_rpt_-54.899_below_preferred_20bps
200,a30fb_booster_rs_chandelier_1h_solusdt_lb36_atr0p5_rel0p005_trail2p0_hold12_5p0x_0p1_e7599063,no_promotion_shadow_or_reject,relative_strength_chandelier_breakout,SOLUSDT,1h,0.1139511199296177,0.2495734957114233,-0.06587912872304369,False,False,False,train_return_below_validation_return;train_validation_return_ratio_0.4566_below_1.00;locked_oos_return_not_positive;train_return_per_turnover_proxy_bps_9.417_not_above_10.000;locked_oos_return_per_turnover_proxy_bps_-54.899_not_above_10.000,1.311079889362296,0.10378075221282002,0.132084875738524,0.10378075221282002,False,locked_oos_return_-0.0659_below_preferred_0.03;train_rpt_9.417_below_preferred_20bps;locked_oos_rpt_-54.899_below_preferred_20bps
201,a30fb_booster_rs_chandelier_1h_ethusdt_lb36_atr0p5_rel0p015_trail3p0_hold6_4p0x_0p15_8695294a,no_promotion_shadow_or_reject,relative_strength_chandelier_breakout,ETHUSDT,1h,0.4939134259889395,0.10576310702798208,-0.039134562370503834,False,False,False,locked_oos_trade_event_count_10_below_20;locked_oos_return_not_positive;locked_oos_return_per_turnover_proxy_bps_-65.224_not_above_10.000,1.3105402406316986,0.021895129688230375,0.0820710216765006,0.021895129688230375,False,locked_oos_return_-0.0391_below_preferred_0.03;locked_oos_trade_event_count_10_below_20;locked_oos_rpt_-65.224_below_preferred_20bps
202,a30fb_booster_rs_chandelier_2h_ethusdt_lb24_atr0p25_rel0p005_trail2p0_hold6_4p0x_0p125_57f8a8ea,no_promotion_shadow_or_reject,relative_strength_chandelier_breakout,ETHUSDT,2h,0.11388810428405027,0.20705909983172077,-0.091232800102512,False,False,False,train_return_below_validation_return;train_validation_return_ratio_0.5500_below_1.00;locked_oos_return_not_positive;locked_oos_return_per_turnover_proxy_bps_-62.919_not_above_10.000,1.3105336504804914,0.1433297977067367,0.055740086764826335,0.055740086764826335,False,locked_oos_return_-0.0912_below_preferred_0.03;train_rpt_10.644_below_preferred_20bps;locked_oos_rpt_-62.919_below_preferred_20bps
203,a30fb_booster_rs_chandelier_2h_ethusdt_lb24_atr0p25_rel0p005_trail2p0_hold6_5p0x_0p1_f6179b7a,no_promotion_shadow_or_reject,relative_strength_chandelier_breakout,ETHUSDT,2h,0.11388810428405027,0.20705909983172077,-0.091232800102512,False,False,False,train_return_below_validation_return;train_validation_return_ratio_0.5500_below_1.00;locked_oos_return_not_positive;locked_oos_return_per_turnover_proxy_bps_-62.919_not_above_10.000,1.3105336504804914,0.1433297977067367,0.055740086764826335,0.055740086764826335,False,locked_oos_return_-0.0912_below_preferred_0.03;train_rpt_10.644_below_preferred_20bps;locked_oos_rpt_-62.919_below_preferred_20bps
204,a30fb_booster_rs_chandelier_1h_solusdt_lb36_atr0p5_rel0p0_trail2p0_hold6_4p0x_0p125_08225dc5,no_promotion_shadow_or_reject,relative_strength_chandelier_breakout,SOLUSDT,1h,0.11277412462797032,0.21965149175721788,-0.06028723816983883,False,False,False,train_return_below_validation_return;train_validation_return_ratio_0.5134_below_1.00;locked_oos_return_not_positive;train_return_per_turnover_proxy_bps_8.810_not_above_10.000;locked_oos_return_per_turnover_proxy_bps_-37.680_not_above_10.000,1.3075884795079287,0.09163703019544078,0.11726833921972935,0.09163703019544078,False,locked_oos_return_-0.0603_below_preferred_0.03;train_rpt_8.810_below_preferred_20bps;locked_oos_rpt_-37.680_below_preferred_20bps
205,a30fb_booster_rs_chandelier_1h_solusdt_lb36_atr0p5_rel0p0_trail2p0_hold6_5p0x_0p1_c7e1daf7,no_promotion_shadow_or_reject,relative_strength_chandelier_breakout,SOLUSDT,1h,0.11277412462797032,0.21965149175721788,-0.06028723816983883,False,False,False,train_return_below_validation_return;train_validation_return_ratio_0.5134_below_1.00;locked_oos_return_not_positive;train_return_per_turnover_proxy_bps_8.810_not_above_10.000;locked_oos_return_per_turnover_proxy_bps_-37.680_not_above_10.000,1.3075884795079287,0.09163703019544078,0.11726833921972935,0.09163703019544078,False,locked_oos_return_-0.0603_below_preferred_0.03;train_rpt_8.810_below_preferred_20bps;locked_oos_rpt_-37.680_below_preferred_20bps
206,a30fb_booster_rs_chandelier_1h_ethusdt_lb24_atr0p5_rel0p0_trail2p0_hold12_4p0x_0p15_1c6f3e22,no_promotion_shadow_or_reject,relative_strength_chandelier_breakout,ETHUSDT,1h,0.16143481896014,0.13288176326293621,-0.10983252203760885,False,False,False,locked_oos_return_not_positive;train_return_per_turnover_proxy_bps_8.679_not_above_10.000;locked_oos_return_per_turnover_proxy_bps_-48.172_not_above_10.000,1.3063345206082264,0.03679660001723639,0.09267503697842283,0.03679660001723639,False,locked_oos_return_-0.1098_below_preferred_0.03;train_rpt_8.679_below_preferred_20bps;locked_oos_rpt_-48.172_below_preferred_20bps
207,a30fb_booster_rs_chandelier_2h_ethusdt_lb24_atr0p25_rel0p0_trail2p0_hold12_3p0x_0p15_74a610f0,no_promotion_shadow_or_reject,relative_strength_chandelier_breakout,ETHUSDT,2h,0.12620741074923036,0.11871852112045844,-0.13818079930136018,False,False,False,locked_oos_return_not_positive;locked_oos_return_per_turnover_proxy_bps_-105.886_not_above_10.000,1.3057014025719915,0.08923348128848851,0.02706953131581158,0.02706953131581158,False,locked_oos_return_-0.1382_below_preferred_0.03;train_rpt_14.023_below_preferred_20bps;locked_oos_rpt_-105.886_below_preferred_20bps
208,a30fb_booster_rs_chandelier_2h_ethusdt_lb36_atr0p5_rel0p005_trail3p0_hold6_4p0x_0p125_18dd8d97,no_promotion_shadow_or_reject,relative_strength_chandelier_breakout,ETHUSDT,2h,0.2601098757492435,0.10095633415066918,-0.06666604643494545,False,False,False,validation_trade_event_count_22_below_30;locked_oos_trade_event_count_16_below_20;locked_oos_return_not_positive;locked_oos_return_per_turnover_proxy_bps_-83.333_not_above_10.000,1.304906459727809,0.08918067125344042,0.010811487210544701,0.010811487210544701,False,locked_oos_return_-0.0667_below_preferred_0.03;locked_oos_trade_event_count_16_below_20;locked_oos_rpt_-83.333_below_preferred_20bps
209,a30fb_booster_rs_chandelier_2h_ethusdt_lb36_atr0p5_rel0p005_trail3p0_hold6_5p0x_0p1_4fb9b7d1,no_promotion_shadow_or_reject,relative_strength_chandelier_breakout,ETHUSDT,2h,0.2601098757492435,0.10095633415066918,-0.06666604643494545,False,False,False,validation_trade_event_count_22_below_30;locked_oos_trade_event_count_16_below_20;locked_oos_return_not_positive;locked_oos_return_per_turnover_proxy_bps_-83.333_not_above_10.000,1.304906459727809,0.08918067125344042,0.010811487210544701,0.010811487210544701,False,locked_oos_return_-0.0667_below_preferred_0.03;locked_oos_trade_event_count_16_below_20;locked_oos_rpt_-83.333_below_preferred_20bps
210,a30fb_booster_mh_consensus_2h_bnbusdt_s6_l24_thr0p01_adx18p0_hold18_cool2_4p0x_0p125_d367be64,no_promotion_shadow_or_reject,multi_horizon_consensus_momentum,BNBUSDT,2h,0.30990760054528455,0.133606664579492,-0.05899082521518706,False,False,False,locked_oos_return_not_positive;locked_oos_return_per_turnover_proxy_bps_-47.193_not_above_10.000,1.301962981902187,0.16147249230223948,-0.02399181031615627,-0.02399181031615627,False,locked_oos_return_-0.0590_below_preferred_0.03;validation_min_half_return_-0.0240_below_0;locked_oos_rpt_-47.193_below_preferred_20bps
211,a30fb_booster_mh_consensus_2h_bnbusdt_s6_l24_thr0p01_adx18p0_hold18_cool2_5p0x_0p1_c880a93d,no_promotion_shadow_or_reject,multi_horizon_consensus_momentum,BNBUSDT,2h,0.30990760054528455,0.133606664579492,-0.05899082521518706,False,False,False,locked_oos_return_not_positive;locked_oos_return_per_turnover_proxy_bps_-47.193_not_above_10.000,1.301962981902187,0.16147249230223948,-0.02399181031615627,-0.02399181031615627,False,locked_oos_return_-0.0590_below_preferred_0.03;validation_min_half_return_-0.0240_below_0;locked_oos_rpt_-47.193_below_preferred_20bps
212,a30fb_booster_rs_chandelier_6h_bnbusdt_lb36_atr0p0_rel0p005_trail2p0_hold18_4p0x_0p15_68127392,no_promotion_shadow_or_reject,relative_strength_chandelier_breakout,BNBUSDT,6h,0.10041818012030657,0.10128108701967853,0.006688240077563856,False,False,False,train_trade_event_count_48_below_80;validation_trade_event_count_6_below_30;locked_oos_trade_event_count_6_below_20;train_return_below_validation_return;train_validation_return_ratio_0.9915_below_1.00,1.3005107051811942,0.10128108701967853,0.0,0.0,False,locked_oos_return_0.0067_below_preferred_0.03;locked_oos_trade_event_count_6_below_20;locked_oos_rpt_18.578_below_preferred_20bps
213,a30fb_booster_rs_chandelier_1h_ethusdt_lb36_atr0p5_rel0p015_trail2p0_hold18_4p0x_0p125_8ff67c53,no_promotion_shadow_or_reject,relative_strength_chandelier_breakout,ETHUSDT,1h,0.11099395154937808,0.14302322169292525,-0.038298024317225954,False,False,False,validation_trade_event_count_28_below_30;locked_oos_trade_event_count_10_below_20;train_return_below_validation_return;train_validation_return_ratio_0.7761_below_1.00;locked_oos_return_not_positive;locked_oos_return_per_turnover_proxy_bps_-76.596_not_above_10.000,1.2976504291265576,0.05577605137612007,0.08263795167837484,0.05577605137612007,False,locked_oos_return_-0.0383_below_preferred_0.03;locked_oos_trade_event_count_10_below_20;train_rpt_12.613_below_preferred_20bps;locked_oos_rpt_-76.596_below_preferred_20bps
214,a30fb_booster_rs_chandelier_1h_ethusdt_lb36_atr0p5_rel0p015_trail2p0_hold18_5p0x_0p1_7f81fa1f,no_promotion_shadow_or_reject,relative_strength_chandelier_breakout,ETHUSDT,1h,0.11099395154937808,0.14302322169292525,-0.038298024317225954,False,False,False,validation_trade_event_count_28_below_30;locked_oos_trade_event_count_10_below_20;train_return_below_validation_return;train_validation_return_ratio_0.7761_below_1.00;locked_oos_return_not_positive;locked_oos_return_per_turnover_proxy_bps_-76.596_not_above_10.000,1.2976504291265576,0.05577605137612007,0.08263795167837484,0.05577605137612007,False,locked_oos_return_-0.0383_below_preferred_0.03;locked_oos_trade_event_count_10_below_20;train_rpt_12.613_below_preferred_20bps;locked_oos_rpt_-76.596_below_preferred_20bps
215,a30fb_booster_rs_chandelier_1h_solusdt_lb36_atr0p5_rel0p01_trail3p0_hold6_3p0x_0p15_d0946ab0,no_promotion_shadow_or_reject,relative_strength_chandelier_breakout,SOLUSDT,1h,0.1093768440684475,0.1958338739724672,-0.040297478129419195,False,False,False,locked_oos_trade_event_count_19_below_20;train_return_below_validation_return;train_validation_return_ratio_0.5585_below_1.00;locked_oos_return_not_positive;locked_oos_return_per_turnover_proxy_bps_-47.132_not_above_10.000,1.2958462446992718,0.07940278103118836,0.10786621545485575,0.07940278103118836,False,locked_oos_return_-0.0403_below_preferred_0.03;locked_oos_trade_event_count_19_below_20;train_rpt_10.387_below_preferred_20bps;locked_oos_rpt_-47.132_below_preferred_20bps
216,a30fb_booster_rs_chandelier_2h_solusdt_lb12_atr0p25_rel0p015_trail3p0_hold18_2p0x_0p15_6b5e20db,no_promotion_shadow_or_reject,relative_strength_chandelier_breakout,SOLUSDT,2h,0.1571847530724948,0.1023072923853634,0.015535835216138993,False,False,False,locked_oos_trade_event_count_15_below_20,1.281857186340003,0.08880253795599535,0.012403309102053228,0.012403309102053228,False,locked_oos_return_0.0155_below_preferred_0.03;locked_oos_trade_event_count_15_below_20
217,a30fb_booster_rs_chandelier_2h_solusdt_lb12_atr0p25_rel0p015_trail3p0_hold18_3p0x_0p1_92523163,no_promotion_shadow_or_reject,relative_strength_chandelier_breakout,SOLUSDT,2h,0.15718475307249524,0.10230729238536318,0.015535835216138993,False,False,False,locked_oos_trade_event_count_15_below_20,1.2818571863400012,0.08880253795599513,0.012403309102053228,0.012403309102053228,False,locked_oos_return_0.0155_below_preferred_0.03;locked_oos_trade_event_count_15_below_20
218,a30fb_booster_rs_chandelier_6h_bnbusdt_lb36_atr0p0_rel0p005_trail3p0_hold12_4p0x_0p15_bd164344,no_promotion_shadow_or_reject,relative_strength_chandelier_breakout,BNBUSDT,6h,0.12987712748249947,0.10168174939347341,-0.018051482124331053,False,False,False,train_trade_event_count_54_below_80;validation_trade_event_count_8_below_30;locked_oos_trade_event_count_8_below_20;locked_oos_return_not_positive;locked_oos_return_per_turnover_proxy_bps_-37.607_not_above_10.000,1.279475514356747,0.10168174939347341,0.0,0.0,False,locked_oos_return_-0.0181_below_preferred_0.03;locked_oos_trade_event_count_8_below_20;locked_oos_rpt_-37.607_below_preferred_20bps
219,a30fb_booster_rs_chandelier_2h_solusdt_lb12_atr0p25_rel0p015_trail2p0_hold18_2p0x_0p15_d915678f,no_promotion_shadow_or_reject,relative_strength_chandelier_breakout,SOLUSDT,2h,0.1463762870725276,0.1023072923853634,0.015535835216138993,False,False,False,locked_oos_trade_event_count_15_below_20,1.2741990299356711,0.08880253795599535,0.012403309102053228,0.012403309102053228,False,locked_oos_return_0.0155_below_preferred_0.03;locked_oos_trade_event_count_15_below_20
220,a30fb_booster_rs_chandelier_2h_solusdt_lb12_atr0p25_rel0p015_trail2p0_hold18_3p0x_0p1_71149123,no_promotion_shadow_or_reject,relative_strength_chandelier_breakout,SOLUSDT,2h,0.1463762870725276,0.10230729238536318,0.015535835216138993,False,False,False,locked_oos_trade_event_count_15_below_20,1.274199029935669,0.08880253795599513,0.012403309102053228,0.012403309102053228,False,locked_oos_return_0.0155_below_preferred_0.03;locked_oos_trade_event_count_15_below_20
221,a30fb_booster_rs_chandelier_1h_ethusdt_lb36_atr0p25_rel0p005_trail2p0_hold6_4p0x_0p15_aef69758,no_promotion_shadow_or_reject,relative_strength_chandelier_breakout,ETHUSDT,1h,0.17056767851837562,0.12779735000694714,-0.08227027912179197,False,False,False,locked_oos_return_not_positive;train_return_per_turnover_proxy_bps_9.413_not_above_10.000;locked_oos_return_per_turnover_proxy_bps_-45.706_not_above_10.000,1.2733162087649195,0.03406481064827349,0.09064474334051908,0.03406481064827349,False,locked_oos_return_-0.0823_below_preferred_0.03;train_rpt_9.413_below_preferred_20bps;locked_oos_rpt_-45.706_below_preferred_20bps
222,a30fb_booster_rs_chandelier_1h_solusdt_lb36_atr0p5_rel0p01_trail3p0_hold12_4p0x_0p15_3da76bad,no_promotion_shadow_or_reject,relative_strength_chandelier_breakout,SOLUSDT,1h,0.11452911934128118,0.3142992026638758,-0.08128285133220059,False,False,False,locked_oos_trade_event_count_17_below_20;train_return_below_validation_return;train_validation_return_ratio_0.3644_below_1.00;locked_oos_return_not_positive;train_return_per_turnover_proxy_bps_8.299_not_above_10.000;locked_oos_return_per_turnover_proxy_bps_-79.689_not_above_10.000,1.2731465543536933,0.13304839478400732,0.15996740184643454,0.13304839478400732,False,locked_oos_return_-0.0813_below_preferred_0.03;locked_oos_trade_event_count_17_below_20;train_rpt_8.299_below_preferred_20bps;locked_oos_rpt_-79.689_below_preferred_20bps
223,a30fb_booster_mh_consensus_2h_bnbusdt_s6_l24_thr0p01_adx12p0_hold18_cool2_4p0x_0p125_7f175b30,no_promotion_shadow_or_reject,multi_horizon_consensus_momentum,BNBUSDT,2h,0.22088209068589126,0.133606664579492,-0.05899082521518706,False,False,False,locked_oos_return_not_positive;locked_oos_return_per_turnover_proxy_bps_-47.193_not_above_10.000,1.272287811949056,0.16147249230223948,-0.02399181031615627,-0.02399181031615627,False,locked_oos_return_-0.0590_below_preferred_0.03;validation_min_half_return_-0.0240_below_0;train_rpt_18.407_below_preferred_20bps;locked_oos_rpt_-47.193_below_preferred_20bps
224,a30fb_booster_mh_consensus_2h_bnbusdt_s6_l24_thr0p01_adx12p0_hold18_cool2_5p0x_0p1_3a8ca632,no_promotion_shadow_or_reject,multi_horizon_consensus_momentum,BNBUSDT,2h,0.22088209068589126,0.133606664579492,-0.05899082521518706,False,False,False,locked_oos_return_not_positive;locked_oos_return_per_turnover_proxy_bps_-47.193_not_above_10.000,1.272287811949056,0.16147249230223948,-0.02399181031615627,-0.02399181031615627,False,locked_oos_return_-0.0590_below_preferred_0.03;validation_min_half_return_-0.0240_below_0;train_rpt_18.407_below_preferred_20bps;locked_oos_rpt_-47.193_below_preferred_20bps
225,a30fb_booster_rs_chandelier_30m_ethusdt_lb12_atr0p25_rel0p005_trail3p0_hold12_4p0x_0p125_4a2659bf,no_promotion_shadow_or_reject,relative_strength_chandelier_breakout,ETHUSDT,30m,0.3649596618099451,0.14196914549132478,-0.04840510362568673,False,False,False,locked_oos_return_not_positive;train_return_per_turnover_proxy_bps_9.891_not_above_10.000;locked_oos_return_per_turnover_proxy_bps_-14.237_not_above_10.000,1.26954276399044,0.05545467767734391,0.08196890841808746,0.05545467767734391,False,locked_oos_return_-0.0484_below_preferred_0.03;train_rpt_9.891_below_preferred_20bps;validation_rpt_19.718_below_preferred_20bps;locked_oos_rpt_-14.237_below_preferred_20bps
226,a30fb_booster_rs_chandelier_30m_ethusdt_lb12_atr0p25_rel0p005_trail3p0_hold12_5p0x_0p1_8b07c65f,no_promotion_shadow_or_reject,relative_strength_chandelier_breakout,ETHUSDT,30m,0.3649596618099451,0.14196914549132478,-0.04840510362568673,False,False,False,locked_oos_return_not_positive;train_return_per_turnover_proxy_bps_9.891_not_above_10.000;locked_oos_return_per_turnover_proxy_bps_-14.237_not_above_10.000,1.26954276399044,0.05545467767734391,0.08196890841808746,0.05545467767734391,False,locked_oos_return_-0.0484_below_preferred_0.03;train_rpt_9.891_below_preferred_20bps;validation_rpt_19.718_below_preferred_20bps;locked_oos_rpt_-14.237_below_preferred_20bps
227,a30fb_booster_rs_chandelier_30m_ethusdt_lb12_atr0p25_rel0p005_trail2p0_hold12_4p0x_0p125_984b16df,no_promotion_shadow_or_reject,relative_strength_chandelier_breakout,ETHUSDT,30m,0.3565308776978531,0.14196914549132478,-0.04840510362568673,False,False,False,locked_oos_return_not_positive;train_return_per_turnover_proxy_bps_9.636_not_above_10.000;locked_oos_return_per_turnover_proxy_bps_-14.237_not_above_10.000,1.2685246197000508,0.05545467767734391,0.08196890841808746,0.05545467767734391,False,locked_oos_return_-0.0484_below_preferred_0.03;train_rpt_9.636_below_preferred_20bps;validation_rpt_19.718_below_preferred_20bps;locked_oos_rpt_-14.237_below_preferred_20bps
228,a30fb_booster_rs_chandelier_30m_ethusdt_lb12_atr0p25_rel0p005_trail2p0_hold12_5p0x_0p1_f6049477,no_promotion_shadow_or_reject,relative_strength_chandelier_breakout,ETHUSDT,30m,0.3565308776978531,0.14196914549132478,-0.04840510362568673,False,False,False,locked_oos_return_not_positive;train_return_per_turnover_proxy_bps_9.636_not_above_10.000;locked_oos_return_per_turnover_proxy_bps_-14.237_not_above_10.000,1.2685246197000508,0.05545467767734391,0.08196890841808746,0.05545467767734391,False,locked_oos_return_-0.0484_below_preferred_0.03;train_rpt_9.636_below_preferred_20bps;validation_rpt_19.718_below_preferred_20bps;locked_oos_rpt_-14.237_below_preferred_20bps
229,a30fb_booster_rs_chandelier_2h_solusdt_lb12_atr0p5_rel0p015_trail2p0_hold18_4p0x_0p15_17b5bbf4,no_promotion_shadow_or_reject,relative_strength_chandelier_breakout,SOLUSDT,2h,0.22026154997556424,0.11794220322673898,-0.010382012722104261,False,False,False,locked_oos_trade_event_count_15_below_20;locked_oos_return_not_positive;locked_oos_return_per_turnover_proxy_bps_-11.536_not_above_10.000,1.2684400391370492,0.09218941067949493,0.023579053500641267,0.023579053500641267,False,locked_oos_return_-0.0104_below_preferred_0.03;locked_oos_trade_event_count_15_below_20;locked_oos_rpt_-11.536_below_preferred_20bps
230,a30fb_booster_rs_chandelier_2h_solusdt_lb12_atr0p5_rel0p015_trail3p0_hold18_4p0x_0p15_f1e9b95b,no_promotion_shadow_or_reject,relative_strength_chandelier_breakout,SOLUSDT,2h,0.21221106780456722,0.11794220322673898,-0.010382012722104261,False,False,False,locked_oos_trade_event_count_15_below_20;locked_oos_return_not_positive;locked_oos_return_per_turnover_proxy_bps_-11.536_not_above_10.000,1.2654248772752528,0.09218941067949493,0.023579053500641267,0.023579053500641267,False,locked_oos_return_-0.0104_below_preferred_0.03;locked_oos_trade_event_count_15_below_20;train_rpt_19.870_below_preferred_20bps;locked_oos_rpt_-11.536_below_preferred_20bps
231,a30fb_booster_rs_chandelier_2h_solusdt_lb12_atr0p5_rel0p0_trail2p0_hold12_3p0x_0p1_2dcdd199,no_promotion_shadow_or_reject,relative_strength_chandelier_breakout,SOLUSDT,2h,0.126042727829891,0.11088920155441184,-0.012490389069755081,False,False,False,locked_oos_return_not_positive;locked_oos_return_per_turnover_proxy_bps_-12.245_not_above_10.000,1.2628151600287092,0.10647168649524663,0.003992433889707048,0.003992433889707048,False,locked_oos_return_-0.0125_below_preferred_0.03;train_rpt_17.955_below_preferred_20bps;locked_oos_rpt_-12.245_below_preferred_20bps
232,a30fb_booster_rs_chandelier_2h_solusdt_lb12_atr0p5_rel0p0_trail2p0_hold12_2p0x_0p15_f8ede347,no_promotion_shadow_or_reject,relative_strength_chandelier_breakout,SOLUSDT,2h,0.126042727829891,0.11088920155441162,-0.012490389069755081,False,False,False,locked_oos_return_not_positive;locked_oos_return_per_turnover_proxy_bps_-12.245_not_above_10.000,1.2628151600287065,0.10647168649524663,0.003992433889706604,0.003992433889706604,False,locked_oos_return_-0.0125_below_preferred_0.03;train_rpt_17.955_below_preferred_20bps;locked_oos_rpt_-12.245_below_preferred_20bps
233,a30fb_booster_rs_chandelier_2h_solusdt_lb12_atr0p5_rel0p0_trail3p0_hold12_3p0x_0p1_140eb1eb,no_promotion_shadow_or_reject,relative_strength_chandelier_breakout,SOLUSDT,2h,0.12569381318183526,0.11088920155441184,-0.012490389069755081,False,False,False,locked_oos_return_not_positive;locked_oos_return_per_turnover_proxy_bps_-12.245_not_above_10.000,1.2626163482634352,0.10647168649524663,0.003992433889707048,0.003992433889707048,False,locked_oos_return_-0.0125_below_preferred_0.03;train_rpt_17.905_below_preferred_20bps;locked_oos_rpt_-12.245_below_preferred_20bps
234,a30fb_booster_rs_chandelier_2h_solusdt_lb12_atr0p5_rel0p0_trail3p0_hold12_2p0x_0p15_b9bdfe2f,no_promotion_shadow_or_reject,relative_strength_chandelier_breakout,SOLUSDT,2h,0.12569381318183526,0.11088920155441162,-0.012490389069755081,False,False,False,locked_oos_return_not_positive;locked_oos_return_per_turnover_proxy_bps_-12.245_not_above_10.000,1.2626163482634325,0.10647168649524663,0.003992433889706604,0.003992433889706604,False,locked_oos_return_-0.0125_below_preferred_0.03;train_rpt_17.905_below_preferred_20bps;locked_oos_rpt_-12.245_below_preferred_20bps
235,a30fb_booster_rs_chandelier_30m_ethusdt_lb12_atr0p25_rel0p01_trail2p0_hold12_4p0x_0p15_cd2740c4,no_promotion_shadow_or_reject,relative_strength_chandelier_breakout,ETHUSDT,30m,0.35213301341124215,0.12897525802803567,-0.056998470166075066,False,False,False,locked_oos_return_not_positive;locked_oos_return_per_turnover_proxy_bps_-20.652_not_above_10.000,1.2602601913899243,0.0738469873133556,0.051337175003493885,0.051337175003493885,False,locked_oos_return_-0.0570_below_preferred_0.03;train_rpt_10.015_below_preferred_20bps;locked_oos_rpt_-20.652_below_preferred_20bps
236,a30fb_booster_rs_chandelier_30m_ethusdt_lb12_atr0p25_rel0p01_trail3p0_hold12_4p0x_0p15_d3b7a16a,no_promotion_shadow_or_reject,relative_strength_chandelier_breakout,ETHUSDT,30m,0.3369325903892608,0.12897525802803567,-0.056998470166075066,False,False,False,locked_oos_return_not_positive;train_return_per_turnover_proxy_bps_9.583_not_above_10.000;locked_oos_return_per_turnover_proxy_bps_-20.652_not_above_10.000,1.2585309054943632,0.0738469873133556,0.051337175003493885,0.051337175003493885,False,locked_oos_return_-0.0570_below_preferred_0.03;train_rpt_9.583_below_preferred_20bps;locked_oos_rpt_-20.652_below_preferred_20bps
237,a30fb_booster_mh_consensus_30m_ethusdt_s12_l48_thr0p005_adx18p0_hold18_cool4_4p0x_0p15_7dc79846,no_promotion_shadow_or_reject,multi_horizon_consensus_momentum,ETHUSDT,30m,0.3448634931311949,0.16761062382117364,-0.015519163522225043,False,False,False,validation_mdd_0.1377_above_0.12;locked_oos_return_not_positive;train_return_per_turnover_proxy_bps_7.114_not_above_10.000;locked_oos_return_per_turnover_proxy_bps_-2.395_not_above_10.000,1.2569191756889202,0.1360832830249179,0.0277509063528385,0.0277509063528385,False,locked_oos_return_-0.0155_below_preferred_0.03;validation_mdd_0.1377_above_preferred_0.10;train_rpt_7.114_below_preferred_20bps;validation_rpt_13.430_below_preferred_20bps;locked_oos_rpt_-2.395_below_preferred_20bps
238,a30fb_booster_rs_chandelier_2h_ethusdt_lb36_atr0p25_rel0p005_trail2p0_hold6_3p0x_0p15_6a4fb5ef,no_promotion_shadow_or_reject,relative_strength_chandelier_breakout,ETHUSDT,2h,0.10417607542785201,0.1252847239055186,-0.07524986613382334,False,False,False,validation_trade_event_count_24_below_30;train_return_below_validation_return;train_validation_return_ratio_0.8315_below_1.00;locked_oos_return_not_positive;locked_oos_return_per_turnover_proxy_bps_-79.629_not_above_10.000,1.2479085207624336,0.114360955521426,0.00980271996247506,0.00980271996247506,False,locked_oos_return_-0.0752_below_preferred_0.03;train_rpt_13.618_below_preferred_20bps;locked_oos_rpt_-79.629_below_preferred_20bps
239,a30fb_booster_rs_chandelier_30m_ethusdt_lb12_atr0p25_rel0p005_trail2p0_hold18_3p0x_0p15_c55704a5,no_promotion_shadow_or_reject,relative_strength_chandelier_breakout,ETHUSDT,30m,0.3264166229065546,0.13522563549622335,-0.025724103502914764,False,False,False,locked_oos_return_not_positive;locked_oos_return_per_turnover_proxy_bps_-9.220_not_above_10.000,1.2446820124047275,0.027585779367860885,0.10475023914264225,0.027585779367860885,False,locked_oos_return_-0.0257_below_preferred_0.03;train_rpt_10.636_below_preferred_20bps;locked_oos_rpt_-9.220_below_preferred_20bps
240,a30fb_booster_rs_chandelier_2h_ethusdt_lb24_atr0p5_rel0p0_trail2p0_hold18_3p0x_0p15_f45c4c79,no_promotion_shadow_or_reject,relative_strength_chandelier_breakout,ETHUSDT,2h,0.31518152248405684,0.09892999157901827,-0.11094060733402678,False,False,False,locked_oos_return_not_positive;locked_oos_return_per_turnover_proxy_bps_-112.061_not_above_10.000,1.242937572138246,0.07195930856835919,0.025160174266950497,0.025160174266950497,False,validation_return_0.0989_below_preferred_0.10;locked_oos_return_-0.1109_below_preferred_0.03;locked_oos_rpt_-112.061_below_preferred_20bps
241,a30fb_booster_pullback_reclaim_6h_ethusdt_fast12_slow48_z-0p5_hold4_4p0x_0p125_bd73b668,no_promotion_shadow_or_reject,trend_pullback_reclaim,ETHUSDT,6h,0.1189381310022859,0.12602921278166557,-0.0007009793868940628,False,False,False,train_trade_event_count_64_below_80;validation_trade_event_count_8_below_30;locked_oos_trade_event_count_6_below_20;train_return_below_validation_return;train_validation_return_ratio_0.9437_below_1.00;locked_oos_return_not_positive;locked_oos_return_per_turnover_proxy_bps_-2.337_not_above_10.000,1.241420040250594,0.1516488244222871,-0.02224602769292483,-0.02224602769292483,False,locked_oos_return_-0.0007_below_preferred_0.03;locked_oos_trade_event_count_6_below_20;validation_min_half_return_-0.0222_below_0;locked_oos_rpt_-2.337_below_preferred_20bps
242,a30fb_booster_pullback_reclaim_6h_ethusdt_fast12_slow48_z-0p5_hold4_5p0x_0p1_332ca322,no_promotion_shadow_or_reject,trend_pullback_reclaim,ETHUSDT,6h,0.1189381310022859,0.12602921278166557,-0.0007009793868940628,False,False,False,train_trade_event_count_64_below_80;validation_trade_event_count_8_below_30;locked_oos_trade_event_count_6_below_20;train_return_below_validation_return;train_validation_return_ratio_0.9437_below_1.00;locked_oos_return_not_positive;locked_oos_return_per_turnover_proxy_bps_-2.337_not_above_10.000,1.241420040250594,0.1516488244222871,-0.02224602769292483,-0.02224602769292483,False,locked_oos_return_-0.0007_below_preferred_0.03;locked_oos_trade_event_count_6_below_20;validation_min_half_return_-0.0222_below_0;locked_oos_rpt_-2.337_below_preferred_20bps
243,a30fb_booster_rs_chandelier_1h_ethusdt_lb36_atr0p25_rel0p0_trail3p0_hold18_3p0x_0p15_28c801f1,no_promotion_shadow_or_reject,relative_strength_chandelier_breakout,ETHUSDT,1h,0.11049765666180522,0.13285170817246295,-0.13290259872782928,False,False,False,train_return_below_validation_return;train_validation_return_ratio_0.8317_below_1.00;locked_oos_return_not_positive;train_return_per_turnover_proxy_bps_8.526_not_above_10.000;locked_oos_return_per_turnover_proxy_bps_-92.293_not_above_10.000,1.2411357324818257,0.05893018220422852,0.06980774295653847,0.05893018220422852,False,locked_oos_return_-0.1329_below_preferred_0.03;train_rpt_8.526_below_preferred_20bps;locked_oos_rpt_-92.293_below_preferred_20bps
244,a30fb_booster_rs_chandelier_1h_solusdt_lb36_atr0p5_rel0p005_trail2p0_hold12_3p0x_0p15_91ba44b1,no_promotion_shadow_or_reject,relative_strength_chandelier_breakout,SOLUSDT,1h,0.10463267600743986,0.22259601103442272,-0.05942693710696123,False,False,False,train_return_below_validation_return;train_validation_return_ratio_0.4701_below_1.00;locked_oos_return_not_positive;train_return_per_turnover_proxy_bps_9.608_not_above_10.000;locked_oos_return_per_turnover_proxy_bps_-55.025_not_above_10.000,1.2392741582369868,0.09323465995715918,0.11832898810794545,0.09323465995715918,False,locked_oos_return_-0.0594_below_preferred_0.03;train_rpt_9.608_below_preferred_20bps;locked_oos_rpt_-55.025_below_preferred_20bps
245,a30fb_booster_rs_chandelier_2h_ethusdt_lb12_atr0p25_rel0p0_trail3p0_hold18_4p0x_0p125_08ffacb7,no_promotion_shadow_or_reject,relative_strength_chandelier_breakout,ETHUSDT,2h,0.12098473675507448,0.22575969938974771,-0.16117813468220943,False,False,False,train_return_below_validation_return;train_validation_return_ratio_0.5359_below_1.00;locked_oos_return_not_positive;locked_oos_return_per_turnover_proxy_bps_-103.986_not_above_10.000,1.2370692880665244,0.07341122785626197,0.14192926958454177,0.07341122785626197,False,locked_oos_return_-0.1612_below_preferred_0.03;train_rpt_10.082_below_preferred_20bps;locked_oos_rpt_-103.986_below_preferred_20bps
246,a30fb_booster_rs_chandelier_2h_ethusdt_lb12_atr0p25_rel0p0_trail3p0_hold18_5p0x_0p1_d2d613ca,no_promotion_shadow_or_reject,relative_strength_chandelier_breakout,ETHUSDT,2h,0.12098473675507448,0.22575969938974771,-0.16117813468220943,False,False,False,train_return_below_validation_return;train_validation_return_ratio_0.5359_below_1.00;locked_oos_return_not_positive;locked_oos_return_per_turnover_proxy_bps_-103.986_not_above_10.000,1.2370692880665244,0.07341122785626197,0.14192926958454177,0.07341122785626197,False,locked_oos_return_-0.1612_below_preferred_0.03;train_rpt_10.082_below_preferred_20bps;locked_oos_rpt_-103.986_below_preferred_20bps
247,a30fb_booster_rs_chandelier_2h_ethusdt_lb12_atr0p25_rel0p0_trail2p0_hold18_4p0x_0p125_e664e43f,no_promotion_shadow_or_reject,relative_strength_chandelier_breakout,ETHUSDT,2h,0.1206640748588037,0.22575969938974771,-0.16117813468220943,False,False,False,train_return_below_validation_return;train_validation_return_ratio_0.5345_below_1.00;locked_oos_return_not_positive;train_return_per_turnover_proxy_bps_9.972_not_above_10.000;locked_oos_return_per_turnover_proxy_bps_-103.986_not_above_10.000,1.2334233738853384,0.07341122785626197,0.14192926958454177,0.07341122785626197,False,locked_oos_return_-0.1612_below_preferred_0.03;train_rpt_9.972_below_preferred_20bps;locked_oos_rpt_-103.986_below_preferred_20bps
248,a30fb_booster_rs_chandelier_2h_ethusdt_lb12_atr0p25_rel0p0_trail2p0_hold18_5p0x_0p1_c3af5ec5,no_promotion_shadow_or_reject,relative_strength_chandelier_breakout,ETHUSDT,2h,0.1206640748588037,0.22575969938974771,-0.16117813468220943,False,False,False,train_return_below_validation_return;train_validation_return_ratio_0.5345_below_1.00;locked_oos_return_not_positive;train_return_per_turnover_proxy_bps_9.972_not_above_10.000;locked_oos_return_per_turnover_proxy_bps_-103.986_not_above_10.000,1.2334233738853384,0.07341122785626197,0.14192926958454177,0.07341122785626197,False,locked_oos_return_-0.1612_below_preferred_0.03;train_rpt_9.972_below_preferred_20bps;locked_oos_rpt_-103.986_below_preferred_20bps
249,a30fb_booster_rs_chandelier_2h_ethusdt_lb24_atr0p25_rel0p005_trail2p0_hold6_3p0x_0p15_ba8eb10e,no_promotion_shadow_or_reject,relative_strength_chandelier_breakout,ETHUSDT,2h,0.10392868345956274,0.1849841712425957,-0.08244268750208938,False,False,False,train_return_below_validation_return;train_validation_return_ratio_0.5618_below_1.00;locked_oos_return_not_positive;locked_oos_return_per_turnover_proxy_bps_-63.174_not_above_10.000,1.2324494951895286,0.12839812272308015,0.05014723738015614,0.05014723738015614,False,locked_oos_return_-0.0824_below_preferred_0.03;train_rpt_10.792_below_preferred_20bps;locked_oos_rpt_-63.174_below_preferred_20bps
250,a30fb_booster_rs_chandelier_2h_bnbusdt_lb12_atr0p0_rel0p01_trail3p0_hold12_4p0x_0p125_4264a892,no_promotion_shadow_or_reject,relative_strength_chandelier_breakout,BNBUSDT,2h,0.16148162698409152,0.10243500795363603,-0.006199641886091345,False,False,False,locked_oos_return_not_positive;locked_oos_return_per_turnover_proxy_bps_-5.904_not_above_10.000,1.2322570280969793,0.07405905682025504,0.026419358370653345,0.026419358370653345,False,locked_oos_return_-0.0062_below_preferred_0.03;train_rpt_16.998_below_preferred_20bps;locked_oos_rpt_-5.904_below_preferred_20bps
255,a30fb_booster_rs_chandelier_2h_solusdt_lb12_atr0p25_rel0p01_trail3p0_hold18_4p0x_0p15_cef61ef2,no_promotion_shadow_or_reject,relative_strength_chandelier_breakout,SOLUSDT,2h,0.4814073621985058,0.14646278888785136,0.06388458149982079,False,False,False,validation_mdd_0.1538_above_0.12,1.2280926893576283,0.188478801862912,-0.03535276599734183,-0.03535276599734183,False,validation_mdd_0.1538_above_preferred_0.10;validation_min_half_return_-0.0354_below_0
260,a30fb_booster_rs_chandelier_2h_solusdt_lb12_atr0p25_rel0p01_trail2p0_hold18_4p0x_0p15_6b6b4ec3,no_promotion_shadow_or_reject,relative_strength_chandelier_breakout,SOLUSDT,2h,0.45380719172255946,0.14646278888785136,0.06388458149982079,False,False,False,validation_mdd_0.1538_above_0.12,1.2192187695020518,0.188478801862912,-0.03535276599734183,-0.03535276599734183,False,validation_mdd_0.1538_above_preferred_0.10;validation_min_half_return_-0.0354_below_0
323,a30fb_booster_rs_chandelier_6h_bnbusdt_lb36_atr0p0_rel0p005_trail2p0_hold18_4p0x_0p125_c4498772,no_promotion_shadow_or_reject,relative_strength_chandelier_breakout,BNBUSDT,6h,0.08566881542533111,0.08398680911657674,0.00568213003602569,False,False,False,train_trade_event_count_48_below_80;validation_trade_event_count_6_below_30;locked_oos_trade_event_count_6_below_20,1.1690183095662041,0.08398680911657674,0.0,0.0,False,validation_return_0.0840_below_preferred_0.10;locked_oos_return_0.0057_below_preferred_0.03;locked_oos_trade_event_count_6_below_20;locked_oos_rpt_18.940_below_preferred_20bps
324,a30fb_booster_rs_chandelier_6h_bnbusdt_lb36_atr0p0_rel0p005_trail2p0_hold18_5p0x_0p1_211dd76e,no_promotion_shadow_or_reject,relative_strength_chandelier_breakout,BNBUSDT,6h,0.08566881542533111,0.08398680911657674,0.00568213003602569,False,False,False,train_trade_event_count_48_below_80;validation_trade_event_count_6_below_30;locked_oos_trade_event_count_6_below_20,1.1690183095662041,0.08398680911657674,0.0,0.0,False,validation_return_0.0840_below_preferred_0.10;locked_oos_return_0.0057_below_preferred_0.03;locked_oos_trade_event_count_6_below_20;locked_oos_rpt_18.940_below_preferred_20bps
351,a30fb_booster_rs_chandelier_2h_solusdt_lb12_atr0p5_rel0p005_trail2p0_hold12_4p0x_0p15_f9efb529,paper_testnet_candidate_after_fill_preflight,relative_strength_chandelier_breakout,SOLUSDT,2h,0.37053141340192397,0.1188811927723521,0.03453136761338493,True,False,False,,1.1523654533637715,0.11391946645533513,0.004454295365541983,0.004454295365541983,False,validation_mdd_0.1056_above_preferred_0.10
352,a30fb_booster_rs_chandelier_2h_solusdt_lb12_atr0p5_rel0p005_trail3p0_hold12_4p0x_0p15_d8f15883,paper_testnet_candidate_after_fill_preflight,relative_strength_chandelier_breakout,SOLUSDT,2h,0.3696820699908012,0.1188811927723521,0.03453136761338493,True,False,False,,1.1521213891651727,0.11391946645533513,0.004454295365541983,0.004454295365541983,False,validation_mdd_0.1056_above_preferred_0.10
416,a30fb_booster_rs_chandelier_6h_bnbusdt_lb36_atr0p0_rel0p005_trail2p0_hold18_3p0x_0p15_11e7e5e7,no_promotion_shadow_or_reject,relative_strength_chandelier_breakout,BNBUSDT,6h,0.07797258445560096,0.07540151431427256,0.0051627136944378815,False,False,False,train_trade_event_count_48_below_80;validation_trade_event_count_6_below_30;locked_oos_trade_event_count_6_below_20,1.0994806783756874,0.07540151431427256,0.0,0.0,False,validation_return_0.0754_below_preferred_0.10;locked_oos_return_0.0052_below_preferred_0.03;locked_oos_trade_event_count_6_below_20;locked_oos_rpt_19.121_below_preferred_20bps
417,a30fb_booster_rs_chandelier_2h_solusdt_lb12_atr0p25_rel0p005_trail3p0_hold18_3p0x_0p1_3ac49851,paper_testnet_candidate_after_fill_preflight,relative_strength_chandelier_breakout,SOLUSDT,2h,0.2254303742433812,0.0958964108875553,0.025822922008857274,True,False,False,,1.0991480042216701,0.11169786643690172,-0.014213803971749761,-0.014213803971749761,False,validation_return_0.0959_below_preferred_0.10;locked_oos_return_0.0258_below_preferred_0.03;validation_min_half_return_-0.0142_below_0
418,a30fb_booster_rs_chandelier_2h_solusdt_lb12_atr0p25_rel0p005_trail3p0_hold18_2p0x_0p15_3fa94945,paper_testnet_candidate_after_fill_preflight,relative_strength_chandelier_breakout,SOLUSDT,2h,0.2254303742433803,0.09589641088755507,0.025822922008857274,True,False,False,,1.099148004221667,0.11169786643690172,-0.014213803971749983,-0.014213803971749983,False,validation_return_0.0959_below_preferred_0.10;locked_oos_return_0.0258_below_preferred_0.03;validation_min_half_return_-0.0142_below_0
427,a30fb_booster_rs_chandelier_2h_solusdt_lb12_atr0p25_rel0p01_trail3p0_hold18_4p0x_0p125_58de53d0,no_promotion_shadow_or_reject,relative_strength_chandelier_breakout,SOLUSDT,2h,0.4015766054241956,0.12243683933414617,0.05336637616501516,False,False,False,validation_mdd_0.1296_above_0.12,1.0926781073622045,0.15586812702452368,-0.028923098499511912,-0.028923098499511912,False,validation_mdd_0.1296_above_preferred_0.10;validation_min_half_return_-0.0289_below_0
428,a30fb_booster_rs_chandelier_2h_solusdt_lb12_atr0p25_rel0p01_trail3p0_hold18_5p0x_0p1_70d5d03c,no_promotion_shadow_or_reject,relative_strength_chandelier_breakout,SOLUSDT,2h,0.4015766054241956,0.12243683933414617,0.05336637616501516,False,False,False,validation_mdd_0.1296_above_0.12,1.0926781073622045,0.15586812702452368,-0.028923098499511912,-0.028923098499511912,False,validation_mdd_0.1296_above_preferred_0.10;validation_min_half_return_-0.0289_below_0
429,a30fb_booster_rs_chandelier_2h_solusdt_lb12_atr0p25_rel0p005_trail2p0_hold18_3p0x_0p1_5e18fb88,paper_testnet_candidate_after_fill_preflight,relative_strength_chandelier_breakout,SOLUSDT,2h,0.21398447288652034,0.0958964108875553,0.025822922008857274,True,False,False,,1.0918753472265768,0.11169786643690172,-0.014213803971749761,-0.014213803971749761,False,validation_return_0.0959_below_preferred_0.10;locked_oos_return_0.0258_below_preferred_0.03;validation_min_half_return_-0.0142_below_0
430,a30fb_booster_rs_chandelier_2h_solusdt_lb12_atr0p25_rel0p005_trail2p0_hold18_2p0x_0p15_56095a3e,paper_testnet_candidate_after_fill_preflight,relative_strength_chandelier_breakout,SOLUSDT,2h,0.21398447288652012,0.09589641088755507,0.025822922008857274,True,False,False,,1.091875347226574,0.11169786643690172,-0.014213803971749983,-0.014213803971749983,False,validation_return_0.0959_below_preferred_0.10;locked_oos_return_0.0258_below_preferred_0.03;validation_min_half_return_-0.0142_below_0
433,a30fb_booster_rs_chandelier_2h_solusdt_lb12_atr0p25_rel0p01_trail2p0_hold18_4p0x_0p125_bc662bbe,no_promotion_shadow_or_reject,relative_strength_chandelier_breakout,SOLUSDT,2h,0.37979659078237016,0.12243683933414617,0.05336637616501516,False,False,False,validation_mdd_0.1296_above_0.12,1.0842131640972577,0.15586812702452368,-0.028923098499511912,-0.028923098499511912,False,validation_mdd_0.1296_above_preferred_0.10;validation_min_half_return_-0.0289_below_0
434,a30fb_booster_rs_chandelier_2h_solusdt_lb12_atr0p25_rel0p01_trail2p0_hold18_5p0x_0p1_cdc73c39,no_promotion_shadow_or_reject,relative_strength_chandelier_breakout,SOLUSDT,2h,0.37979659078237016,0.12243683933414617,0.05336637616501516,False,False,False,validation_mdd_0.1296_above_0.12,1.0842131640972577,0.15586812702452368,-0.028923098499511912,-0.028923098499511912,False,validation_mdd_0.1296_above_preferred_0.10;validation_min_half_return_-0.0289_below_0
518,a30fb_booster_rs_chandelier_2h_solusdt_lb36_atr0p25_rel0p015_trail2p0_hold18_4p0x_0p15_dc2a3fab,no_promotion_shadow_or_reject,relative_strength_chandelier_breakout,SOLUSDT,2h,0.1408061457592027,0.11369165711423723,0.011674090808195592,False,False,False,validation_trade_event_count_26_below_30;locked_oos_trade_event_count_9_below_20;validation_mdd_0.1205_above_0.12,1.0245444146766634,0.14984209655985103,-0.031439481606882924,-0.031439481606882924,False,locked_oos_return_0.0117_below_preferred_0.03;validation_mdd_0.1205_above_preferred_0.10;locked_oos_trade_event_count_9_below_20;validation_min_half_return_-0.0314_below_0;train_rpt_17.513_below_preferred_20bps
519,a30fb_booster_rs_chandelier_2h_solusdt_lb12_atr0p25_rel0p01_trail3p0_hold18_3p0x_0p15_e781bedb,paper_testnet_candidate_after_fill_preflight,relative_strength_chandelier_breakout,SOLUSDT,2h,0.36122841334653866,0.11034656070180304,0.04808590952311964,True,False,False,,1.0243726652646798,0.13973648766753,-0.02578659829156893,-0.02578659829156893,False,validation_mdd_0.1173_above_preferred_0.10;validation_min_half_return_-0.0258_below_0
526,a30fb_booster_rs_chandelier_2h_solusdt_lb12_atr0p5_rel0p005_trail2p0_hold12_4p0x_0p125_c0b334c0,paper_testnet_candidate_after_fill_preflight,relative_strength_chandelier_breakout,SOLUSDT,2h,0.3104633513479593,0.09934052134341842,0.028995229468097072,True,False,False,,1.0202457566403629,0.09474497081791489,0.004197827483117367,0.004197827483117367,False,validation_return_0.0993_below_preferred_0.10;locked_oos_return_0.0290_below_preferred_0.03
527,a30fb_booster_rs_chandelier_2h_solusdt_lb12_atr0p5_rel0p005_trail2p0_hold12_5p0x_0p1_559e4350,paper_testnet_candidate_after_fill_preflight,relative_strength_chandelier_breakout,SOLUSDT,2h,0.3104633513479593,0.09934052134341842,0.028995229468097072,True,False,False,,1.0202457566403629,0.09474497081791489,0.004197827483117367,0.004197827483117367,False,validation_return_0.0993_below_preferred_0.10;locked_oos_return_0.0290_below_preferred_0.03
530,a30fb_booster_rs_chandelier_2h_solusdt_lb12_atr0p5_rel0p005_trail3p0_hold12_4p0x_0p125_92888586,paper_testnet_candidate_after_fill_preflight,relative_strength_chandelier_breakout,SOLUSDT,2h,0.30978658623693267,0.09934052134341842,0.028995229468097072,True,False,False,,1.0200123893606983,0.09474497081791489,0.004197827483117367,0.004197827483117367,False,validation_return_0.0993_below_preferred_0.10;locked_oos_return_0.0290_below_preferred_0.03
531,a30fb_booster_rs_chandelier_2h_solusdt_lb12_atr0p5_rel0p005_trail3p0_hold12_5p0x_0p1_1b982013,paper_testnet_candidate_after_fill_preflight,relative_strength_chandelier_breakout,SOLUSDT,2h,0.30978658623693267,0.09934052134341842,0.028995229468097072,True,False,False,,1.0200123893606983,0.09474497081791489,0.004197827483117367,0.004197827483117367,False,validation_return_0.0993_below_preferred_0.10;locked_oos_return_0.0290_below_preferred_0.03
539,a30fb_booster_rs_chandelier_2h_solusdt_lb12_atr0p25_rel0p01_trail2p0_hold18_3p0x_0p15_7476f4b9,paper_testnet_candidate_after_fill_preflight,relative_strength_chandelier_breakout,SOLUSDT,2h,0.34218226038753863,0.11034656070180304,0.04808590952311964,True,False,False,,1.0161159292425603,0.13973648766753,-0.02578659829156893,-0.02578659829156893,False,validation_mdd_0.1173_above_preferred_0.10;validation_min_half_return_-0.0258_below_0
675,a30fb_booster_rs_chandelier_2h_solusdt_lb12_atr0p5_rel0p005_trail2p0_hold12_3p0x_0p15_f85ad5d9,paper_testnet_candidate_after_fill_preflight,relative_strength_chandelier_breakout,SOLUSDT,2h,0.2799456242286893,0.08951836395012358,0.026193360698671286,True,False,False,,0.9536644677176211,0.08518142876880797,0.0039965070045797635,0.0039965070045797635,False,validation_return_0.0895_below_preferred_0.10;locked_oos_return_0.0262_below_preferred_0.03
676,a30fb_booster_rs_chandelier_2h_solusdt_lb12_atr0p5_rel0p005_trail3p0_hold12_3p0x_0p15_3e387b21,paper_testnet_candidate_after_fill_preflight,relative_strength_chandelier_breakout,SOLUSDT,2h,0.27935071992446936,0.08951836395012358,0.026193360698671286,True,False,False,,0.9534365350340124,0.08518142876880797,0.0039965070045797635,0.0039965070045797635,False,validation_return_0.0895_below_preferred_0.10;locked_oos_return_0.0262_below_preferred_0.03
726,a30fb_booster_mh_consensus_6h_bnbusdt_s12_l48_thr0p005_adx12p0_hold18_cool4_4p0x_0p15_cd5aba96,no_promotion_shadow_or_reject,multi_horizon_consensus_momentum,BNBUSDT,6h,0.10220748046512829,0.11683396113708189,0.020042875382970005,False,False,False,train_trade_event_count_77_below_80;validation_trade_event_count_21_below_30;locked_oos_trade_event_count_12_below_20;train_return_below_validation_return;train_validation_return_ratio_0.8748_below_1.00,0.92508853862052,0.15510616559966683,-0.03313306222611534,-0.03313306222611534,False,locked_oos_return_0.0200_below_preferred_0.03;validation_mdd_0.1189_above_preferred_0.10;locked_oos_trade_event_count_12_below_20;validation_min_half_return_-0.0331_below_0
727,a30fb_booster_rs_chandelier_2h_solusdt_lb36_atr0p25_rel0p015_trail2p0_hold18_4p0x_0p125_dd23f385,no_promotion_shadow_or_reject,relative_strength_chandelier_breakout,SOLUSDT,2h,0.12299159265954818,0.0950439728104846,0.00994440225743043,False,False,False,validation_trade_event_count_26_below_30;locked_oos_trade_event_count_9_below_20,0.9244789897631691,0.12431339293959187,-0.02603315082157076,-0.02603315082157076,False,validation_return_0.0950_below_preferred_0.10;locked_oos_return_0.0099_below_preferred_0.03;validation_mdd_0.1012_above_preferred_0.10;locked_oos_trade_event_count_9_below_20;validation_min_half_return_-0.0260_below_0;train_rpt_18.357_below_preferred_20bps
728,a30fb_booster_rs_chandelier_2h_solusdt_lb36_atr0p25_rel0p015_trail2p0_hold18_5p0x_0p1_068deafe,no_promotion_shadow_or_reject,relative_strength_chandelier_breakout,SOLUSDT,2h,0.12299159265954818,0.0950439728104846,0.00994440225743043,False,False,False,validation_trade_event_count_26_below_30;locked_oos_trade_event_count_9_below_20,0.9244789897631691,0.12431339293959187,-0.02603315082157076,-0.02603315082157076,False,validation_return_0.0950_below_preferred_0.10;locked_oos_return_0.0099_below_preferred_0.03;validation_mdd_0.1012_above_preferred_0.10;locked_oos_trade_event_count_9_below_20;validation_min_half_return_-0.0260_below_0;train_rpt_18.357_below_preferred_20bps
786,a30fb_booster_mh_consensus_6h_bnbusdt_s6_l24_thr0p01_adx24p0_hold18_cool2_4p0x_0p15_dcd031a8,no_promotion_shadow_or_reject,multi_horizon_consensus_momentum,BNBUSDT,6h,0.3042799316611249,0.0698240304379536,0.036645125280554414,False,False,False,validation_trade_event_count_24_below_30;locked_oos_trade_event_count_9_below_20,0.9017584432797892,0.07597159818740518,-0.005713503739139814,-0.005713503739139814,False,validation_return_0.0698_below_preferred_0.10;locked_oos_trade_event_count_9_below_20;validation_min_half_return_-0.0057_below_0
812,a30fb_booster_mh_consensus_6h_bnbusdt_s6_l24_thr0p01_adx12p0_hold18_cool2_4p0x_0p15_62445a05,no_promotion_shadow_or_reject,multi_horizon_consensus_momentum,BNBUSDT,6h,0.2548244254118883,0.07185787127895682,0.036645125280554414,False,False,False,validation_trade_event_count_24_below_30;locked_oos_trade_event_count_9_below_20,0.8942826720528185,0.07597159818740518,-0.003823267189746904,-0.003823267189746904,False,validation_return_0.0719_below_preferred_0.10;locked_oos_trade_event_count_9_below_20;validation_min_half_return_-0.0038_below_0
814,a30fb_booster_rs_chandelier_6h_bnbusdt_lb36_atr0p0_rel0p005_trail2p0_hold18_2p0x_0p15_b00abfe9,no_promotion_shadow_or_reject,relative_strength_chandelier_breakout,BNBUSDT,6h,0.05365846659069606,0.04989378271070688,0.0035392051176366124,False,False,False,train_trade_event_count_48_below_80;validation_trade_event_count_6_below_30;locked_oos_trade_event_count_6_below_20,0.8929619140166566,0.04989378271070688,0.0,0.0,False,validation_return_0.0499_below_preferred_0.10;locked_oos_return_0.0035_below_preferred_0.03;locked_oos_trade_event_count_6_below_20;locked_oos_rpt_19.662_below_preferred_20bps
815,a30fb_booster_rs_chandelier_6h_bnbusdt_lb36_atr0p0_rel0p005_trail2p0_hold18_3p0x_0p1_cfa90037,no_promotion_shadow_or_reject,relative_strength_chandelier_breakout,BNBUSDT,6h,0.05365846659069584,0.04989378271070688,0.0035392051176366124,False,False,False,train_trade_event_count_48_below_80;validation_trade_event_count_6_below_30;locked_oos_trade_event_count_6_below_20,0.8929619140166559,0.04989378271070688,0.0,0.0,False,validation_return_0.0499_below_preferred_0.10;locked_oos_return_0.0035_below_preferred_0.03;locked_oos_trade_event_count_6_below_20;locked_oos_rpt_19.662_below_preferred_20bps
865,a30fb_booster_rs_chandelier_6h_solusdt_lb12_atr0p25_rel0p01_trail2p0_hold18_4p0x_0p15_e25c42e7,no_promotion_shadow_or_reject,relative_strength_chandelier_breakout,SOLUSDT,6h,0.1359831718091995,0.10843084063339492,0.005876754042576149,False,False,False,train_trade_event_count_76_below_80;validation_trade_event_count_18_below_30;locked_oos_trade_event_count_9_below_20;validation_mdd_0.1267_above_0.12,0.8753528819502643,0.20130764587109673,-0.0773130892464724,-0.0773130892464724,False,locked_oos_return_0.0059_below_preferred_0.03;validation_mdd_0.1267_above_preferred_0.10;locked_oos_trade_event_count_9_below_20;validation_min_half_return_-0.0773_below_0;locked_oos_rpt_10.883_below_preferred_20bps
866,a30fb_booster_rs_chandelier_6h_solusdt_lb12_atr0p25_rel0p01_trail3p0_hold18_4p0x_0p15_9dff0851,no_promotion_shadow_or_reject,relative_strength_chandelier_breakout,SOLUSDT,6h,0.1359831718091995,0.10843084063339492,0.02368544329629363,False,False,False,train_trade_event_count_76_below_80;validation_trade_event_count_18_below_30;locked_oos_trade_event_count_9_below_20;validation_mdd_0.1267_above_0.12,0.8753528819502643,0.20130764587109673,-0.0773130892464724,-0.0773130892464724,False,locked_oos_return_0.0237_below_preferred_0.03;validation_mdd_0.1267_above_preferred_0.10;locked_oos_trade_event_count_9_below_20;validation_min_half_return_-0.0773_below_0
867,a30fb_booster_mh_consensus_6h_bnbusdt_s12_l48_thr0p005_adx12p0_hold18_cool4_4p0x_0p125_304f3b2e,no_promotion_shadow_or_reject,multi_horizon_consensus_momentum,BNBUSDT,6h,0.08837816975911839,0.09791315862414351,0.01687688902927409,False,False,False,train_trade_event_count_77_below_80;validation_trade_event_count_21_below_30;locked_oos_trade_event_count_12_below_20;train_return_below_validation_return;train_validation_return_ratio_0.9026_below_1.00,0.8749568926022624,0.12869746970450602,-0.027274191629420685,-0.027274191629420685,False,validation_return_0.0979_below_preferred_0.10;locked_oos_return_0.0169_below_preferred_0.03;locked_oos_trade_event_count_12_below_20;validation_min_half_return_-0.0273_below_0
868,a30fb_booster_mh_consensus_6h_bnbusdt_s12_l48_thr0p005_adx12p0_hold18_cool4_5p0x_0p1_2df7948d,no_promotion_shadow_or_reject,multi_horizon_consensus_momentum,BNBUSDT,6h,0.08837816975911839,0.09791315862414351,0.01687688902927409,False,False,False,train_trade_event_count_77_below_80;validation_trade_event_count_21_below_30;locked_oos_trade_event_count_12_below_20;train_return_below_validation_return;train_validation_return_ratio_0.9026_below_1.00,0.8749568926022624,0.12869746970450602,-0.027274191629420685,-0.027274191629420685,False,validation_return_0.0979_below_preferred_0.10;locked_oos_return_0.0169_below_preferred_0.03;locked_oos_trade_event_count_12_below_20;validation_min_half_return_-0.0273_below_0
871,a30fb_booster_rs_chandelier_2h_solusdt_lb36_atr0p25_rel0p015_trail2p0_hold18_3p0x_0p15_1dd75ded,no_promotion_shadow_or_reject,relative_strength_chandelier_breakout,SOLUSDT,2h,0.11315162335880347,0.08566485527875578,0.009046916476449729,False,False,False,validation_trade_event_count_26_below_30;locked_oos_trade_event_count_9_below_20,0.8741213885418125,0.11162596554942472,-0.023354177641791263,-0.023354177641791263,False,validation_return_0.0857_below_preferred_0.10;locked_oos_return_0.0090_below_preferred_0.03;locked_oos_trade_event_count_9_below_20;validation_min_half_return_-0.0234_below_0;train_rpt_18.765_below_preferred_20bps
923,a30fb_booster_rs_chandelier_2h_solusdt_lb12_atr0p5_rel0p005_trail2p0_hold18_4p0x_0p15_ef53faba,no_promotion_shadow_or_reject,relative_strength_chandelier_breakout,SOLUSDT,2h,0.4798599485347239,0.10354191241609256,0.015437560190528554,False,False,False,validation_mdd_0.1688_above_0.12,0.84584406529525,0.12550143074770204,-0.019510875536624228,-0.019510875536624228,False,locked_oos_return_0.0154_below_preferred_0.03;validation_mdd_0.1688_above_preferred_0.10;validation_min_half_return_-0.0195_below_0;locked_oos_rpt_11.187_below_preferred_20bps
927,a30fb_booster_mh_consensus_6h_bnbusdt_s12_l48_thr0p005_adx12p0_hold18_cool4_3p0x_0p15_3c1a97a1,no_promotion_shadow_or_reject,multi_horizon_consensus_momentum,BNBUSDT,6h,0.08094719918846116,0.08835697216330574,0.015267348556316174,False,False,False,train_trade_event_count_77_below_80;validation_trade_event_count_21_below_30;locked_oos_trade_event_count_12_below_20;train_return_below_validation_return;train_validation_return_ratio_0.9161_below_1.00,0.8448255675402176,0.1155699238874155,-0.02439376603958676,-0.02439376603958676,False,validation_return_0.0884_below_preferred_0.10;locked_oos_return_0.0153_below_preferred_0.03;locked_oos_trade_event_count_12_below_20;validation_min_half_return_-0.0244_below_0
933,a30fb_booster_mh_consensus_6h_bnbusdt_s6_l24_thr0p01_adx24p0_hold18_cool2_4p0x_0p125_ae0c6e49,no_promotion_shadow_or_reject,multi_horizon_consensus_momentum,BNBUSDT,6h,0.2532643068677407,0.05894071902825693,0.030605171591336022,False,False,False,validation_trade_event_count_24_below_30;locked_oos_trade_event_count_9_below_20,0.8428960877370666,0.06352985374982012,-0.004315003199377276,-0.004315003199377276,False,validation_return_0.0589_below_preferred_0.10;locked_oos_trade_event_count_9_below_20;validation_min_half_return_-0.0043_below_0
934,a30fb_booster_mh_consensus_6h_bnbusdt_s6_l24_thr0p01_adx24p0_hold18_cool2_5p0x_0p1_b70d95cd,no_promotion_shadow_or_reject,multi_horizon_consensus_momentum,BNBUSDT,6h,0.2532643068677407,0.05894071902825693,0.030605171591336022,False,False,False,validation_trade_event_count_24_below_30;locked_oos_trade_event_count_9_below_20,0.8428960877370666,0.06352985374982012,-0.004315003199377276,-0.004315003199377276,False,validation_return_0.0589_below_preferred_0.10;locked_oos_trade_event_count_9_below_20;validation_min_half_return_-0.0043_below_0
935,a30fb_booster_rs_chandelier_2h_solusdt_lb12_atr0p5_rel0p005_trail3p0_hold18_4p0x_0p15_b2016e88,no_promotion_shadow_or_reject,relative_strength_chandelier_breakout,SOLUSDT,2h,0.4700968070741951,0.10354191241609256,0.015437560190528554,False,False,False,validation_mdd_0.1688_above_0.12,0.8426219063973858,0.12550143074770204,-0.019510875536624228,-0.019510875536624228,False,locked_oos_return_0.0154_below_preferred_0.03;validation_mdd_0.1688_above_preferred_0.10;validation_min_half_return_-0.0195_below_0;locked_oos_rpt_11.187_below_preferred_20bps
961,a30fb_booster_mh_consensus_6h_bnbusdt_s6_l24_thr0p01_adx12p0_hold18_cool2_4p0x_0p125_2da9f54d,no_promotion_shadow_or_reject,multi_horizon_consensus_momentum,BNBUSDT,6h,0.21359503065786622,0.06062923177270663,0.030605171591336022,False,False,False,validation_trade_event_count_24_below_30;locked_oos_trade_event_count_9_below_20,0.8326805700146973,0.06352985374982012,-0.0027273536016756417,-0.0027273536016756417,False,validation_return_0.0606_below_preferred_0.10;locked_oos_trade_event_count_9_below_20;validation_min_half_return_-0.0027_below_0
962,a30fb_booster_mh_consensus_6h_bnbusdt_s6_l24_thr0p01_adx12p0_hold18_cool2_5p0x_0p1_d9a8d5dc,no_promotion_shadow_or_reject,multi_horizon_consensus_momentum,BNBUSDT,6h,0.21359503065786622,0.06062923177270663,0.030605171591336022,False,False,False,validation_trade_event_count_24_below_30;locked_oos_trade_event_count_9_below_20,0.8326805700146973,0.06352985374982012,-0.0027273536016756417,-0.0027273536016756417,False,validation_return_0.0606_below_preferred_0.10;locked_oos_trade_event_count_9_below_20;validation_min_half_return_-0.0027_below_0
976,a30fb_booster_rs_chandelier_2h_solusdt_lb12_atr0p25_rel0p01_trail2p0_hold12_3p0x_0p1_b5d9c18f,paper_testnet_candidate_after_fill_preflight,relative_strength_chandelier_breakout,SOLUSDT,2h,0.09288826095304525,0.07577996458544467,0.030449421600885707,True,False,False,,0.8278788629264678,0.07259715818409562,0.0029673828399277014,0.0029673828399277014,False,validation_return_0.0758_below_preferred_0.10;train_rpt_10.826_below_preferred_20bps
977,a30fb_booster_rs_chandelier_2h_solusdt_lb12_atr0p25_rel0p01_trail2p0_hold12_2p0x_0p15_ce11185e,paper_testnet_candidate_after_fill_preflight,relative_strength_chandelier_breakout,SOLUSDT,2h,0.09288826095304481,0.07577996458544445,0.030449421600885707,True,False,False,,0.827878862926465,0.07259715818409562,0.0029673828399277014,0.0029673828399277014,False,validation_return_0.0758_below_preferred_0.10;train_rpt_10.826_below_preferred_20bps
978,a30fb_booster_rs_chandelier_2h_solusdt_lb12_atr0p25_rel0p01_trail3p0_hold12_3p0x_0p1_9ed17b35,paper_testnet_candidate_after_fill_preflight,relative_strength_chandelier_breakout,SOLUSDT,2h,0.09254961952007257,0.07577996458544467,0.030449421600885707,True,False,False,,0.8277209881325412,0.07259715818409562,0.0029673828399277014,0.0029673828399277014,False,validation_return_0.0758_below_preferred_0.10;train_rpt_10.787_below_preferred_20bps
979,a30fb_booster_rs_chandelier_2h_solusdt_lb12_atr0p25_rel0p01_trail3p0_hold12_2p0x_0p15_67a10879,paper_testnet_candidate_after_fill_preflight,relative_strength_chandelier_breakout,SOLUSDT,2h,0.09254961952007235,0.07577996458544445,0.030449421600885707,True,False,False,,0.8277209881325386,0.07259715818409562,0.0029673828399277014,0.0029673828399277014,False,validation_return_0.0758_below_preferred_0.10;train_rpt_10.787_below_preferred_20bps
995,a30fb_booster_rs_chandelier_6h_solusdt_lb12_atr0p25_rel0p01_trail2p0_hold18_4p0x_0p125_ad7867bb,no_promotion_shadow_or_reject,relative_strength_chandelier_breakout,SOLUSDT,6h,0.12245412260424349,0.0912406718549661,0.0052422396351146094,False,False,False,train_trade_event_count_76_below_80;validation_trade_event_count_18_below_30;locked_oos_trade_event_count_9_below_20,0.820448623524303,0.16628844468397097,-0.0643475232658598,-0.0643475232658598,False,validation_return_0.0912_below_preferred_0.10;locked_oos_return_0.0052_below_preferred_0.03;validation_mdd_0.1062_above_preferred_0.10;locked_oos_trade_event_count_9_below_20;validation_min_half_return_-0.0643_below_0;locked_oos_rpt_11.649_below_preferred_20bps
996,a30fb_booster_rs_chandelier_6h_solusdt_lb12_atr0p25_rel0p01_trail2p0_hold18_5p0x_0p1_32c35938,no_promotion_shadow_or_reject,relative_strength_chandelier_breakout,SOLUSDT,6h,0.12245412260424349,0.0912406718549661,0.0052422396351146094,False,False,False,train_trade_event_count_76_below_80;validation_trade_event_count_18_below_30;locked_oos_trade_event_count_9_below_20,0.820448623524303,0.16628844468397097,-0.0643475232658598,-0.0643475232658598,False,validation_return_0.0912_below_preferred_0.10;locked_oos_return_0.0052_below_preferred_0.03;validation_mdd_0.1062_above_preferred_0.10;locked_oos_trade_event_count_9_below_20;validation_min_half_return_-0.0643_below_0;locked_oos_rpt_11.649_below_preferred_20bps
997,a30fb_booster_rs_chandelier_6h_solusdt_lb12_atr0p25_rel0p01_trail3p0_hold18_4p0x_0p125_955c88df,no_promotion_shadow_or_reject,relative_strength_chandelier_breakout,SOLUSDT,6h,0.12245412260424349,0.0912406718549661,0.020068151635926235,False,False,False,train_trade_event_count_76_below_80;validation_trade_event_count_18_below_30;locked_oos_trade_event_count_9_below_20,0.820448623524303,0.16628844468397097,-0.0643475232658598,-0.0643475232658598,False,validation_return_0.0912_below_preferred_0.10;locked_oos_return_0.0201_below_preferred_0.03;validation_mdd_0.1062_above_preferred_0.10;locked_oos_trade_event_count_9_below_20;validation_min_half_return_-0.0643_below_0
998,a30fb_booster_rs_chandelier_6h_solusdt_lb12_atr0p25_rel0p01_trail3p0_hold18_5p0x_0p1_c5cb4b93,no_promotion_shadow_or_reject,relative_strength_chandelier_breakout,SOLUSDT,6h,0.12245412260424349,0.0912406718549661,0.020068151635926235,False,False,False,train_trade_event_count_76_below_80;validation_trade_event_count_18_below_30;locked_oos_trade_event_count_9_below_20,0.820448623524303,0.16628844468397097,-0.0643475232658598,-0.0643475232658598,False,validation_return_0.0912_below_preferred_0.10;locked_oos_return_0.0201_below_preferred_0.03;validation_mdd_0.1062_above_preferred_0.10;locked_oos_trade_event_count_9_below_20;validation_min_half_return_-0.0643_below_0
1004,a30fb_booster_rs_chandelier_2h_solusdt_lb12_atr0p25_rel0p01_trail3p0_hold18_3p0x_0p1_ff6828e8,paper_testnet_candidate_after_fill_preflight,relative_strength_chandelier_breakout,SOLUSDT,2h,0.23948832625926975,0.07381944628274462,0.032164342607933216,True,False,False,,0.8175812703565463,0.09205314149767041,-0.016696710555605287,-0.016696710555605287,False,validation_return_0.0738_below_preferred_0.10;validation_min_half_return_-0.0167_below_0
1005,a30fb_booster_rs_chandelier_2h_solusdt_lb12_atr0p25_rel0p01_trail3p0_hold18_2p0x_0p15_fb50ee3d,paper_testnet_candidate_after_fill_preflight,relative_strength_chandelier_breakout,SOLUSDT,2h,0.2394883262592684,0.0738194462827444,0.032164342607933216,True,False,False,,0.817581270356542,0.09205314149767041,-0.01669671055560551,-0.01669671055560551,False,validation_return_0.0738_below_preferred_0.10;validation_min_half_return_-0.0167_below_0
1024,a30fb_booster_mh_consensus_6h_bnbusdt_s6_l24_thr0p01_adx24p0_hold18_cool2_3p0x_0p15_3888fc10,no_promotion_shadow_or_reject,multi_horizon_consensus_momentum,BNBUSDT,6h,0.22770595243725777,0.05337931014635999,0.027574563849928735,False,False,False,validation_trade_event_count_24_below_30;locked_oos_trade_event_count_9_below_20,0.8120928096641918,0.05727249144127944,-0.0036822875147460854,-0.0036822875147460854,False,validation_return_0.0534_below_preferred_0.10;locked_oos_return_0.0276_below_preferred_0.03;locked_oos_trade_event_count_9_below_20;validation_min_half_return_-0.0037_below_0
1030,a30fb_booster_rs_chandelier_2h_solusdt_lb12_atr0p25_rel0p01_trail2p0_hold18_3p0x_0p1_96d23673,paper_testnet_candidate_after_fill_preflight,relative_strength_chandelier_breakout,SOLUSDT,2h,0.22791111925220875,0.07381944628274462,0.032164342607933216,True,False,False,,0.8099584305279725,0.09205314149767041,-0.016696710555605287,-0.016696710555605287,False,validation_return_0.0738_below_preferred_0.10;validation_min_half_return_-0.0167_below_0
1031,a30fb_booster_rs_chandelier_2h_solusdt_lb12_atr0p25_rel0p01_trail2p0_hold18_2p0x_0p15_e4835679,paper_testnet_candidate_after_fill_preflight,relative_strength_chandelier_breakout,SOLUSDT,2h,0.22791111925220764,0.0738194462827444,0.032164342607933216,True,False,False,,0.8099584305279685,0.09205314149767041,-0.01669671055560551,-0.01669671055560551,False,validation_return_0.0738_below_preferred_0.10;validation_min_half_return_-0.0167_below_0
1057,a30fb_booster_mh_consensus_6h_bnbusdt_s6_l24_thr0p01_adx12p0_hold18_cool2_3p0x_0p15_479f52fe,no_promotion_shadow_or_reject,multi_horizon_consensus_momentum,BNBUSDT,6h,0.19270162015374304,0.05489586017598547,0.027574563849928735,False,False,False,validation_trade_event_count_24_below_30;locked_oos_trade_event_count_9_below_20,0.8005116501713329,0.05727249144127944,-0.002247889058434427,-0.002247889058434427,False,validation_return_0.0549_below_preferred_0.10;locked_oos_return_0.0276_below_preferred_0.03;locked_oos_trade_event_count_9_below_20;validation_min_half_return_-0.0022_below_0
1086,a30fb_booster_rs_chandelier_6h_solusdt_lb12_atr0p25_rel0p01_trail2p0_hold18_3p0x_0p15_523f0226,no_promotion_shadow_or_reject,relative_strength_chandelier_breakout,SOLUSDT,6h,0.11419925463420988,0.082497683341757,0.00487312507406279,False,False,False,train_trade_event_count_76_below_80;validation_trade_event_count_18_below_30;locked_oos_trade_event_count_9_below_20,0.7917280902817846,0.14899385098385776,-0.05787338860444058,-0.05787338860444058,False,validation_return_0.0825_below_preferred_0.10;locked_oos_return_0.0049_below_preferred_0.03;locked_oos_trade_event_count_9_below_20;validation_min_half_return_-0.0579_below_0;locked_oos_rpt_12.032_below_preferred_20bps
1087,a30fb_booster_rs_chandelier_6h_solusdt_lb12_atr0p25_rel0p01_trail3p0_hold18_3p0x_0p15_964dac22,no_promotion_shadow_or_reject,relative_strength_chandelier_breakout,SOLUSDT,6h,0.11419925463420988,0.082497683341757,0.01820915835938597,False,False,False,train_trade_event_count_76_below_80;validation_trade_event_count_18_below_30;locked_oos_trade_event_count_9_below_20,0.7917280902817846,0.14899385098385776,-0.05787338860444058,-0.05787338860444058,False,validation_return_0.0825_below_preferred_0.10;locked_oos_return_0.0182_below_preferred_0.03;locked_oos_trade_event_count_9_below_20;validation_min_half_return_-0.0579_below_0
1118,a30fb_booster_rs_chandelier_2h_solusdt_lb36_atr0p25_rel0p015_trail3p0_hold18_4p0x_0p15_da825984,no_promotion_shadow_or_reject,relative_strength_chandelier_breakout,SOLUSDT,2h,0.14753505058644567,0.0924686469798246,0.014012325437589235,False,False,False,validation_trade_event_count_26_below_30;locked_oos_trade_event_count_9_below_20;validation_mdd_0.1205_above_0.12,0.7774840250966641,0.14984209655985103,-0.04989680735439972,-0.04989680735439972,False,validation_return_0.0925_below_preferred_0.10;locked_oos_return_0.0140_below_preferred_0.03;validation_mdd_0.1205_above_preferred_0.10;locked_oos_trade_event_count_9_below_20;validation_min_half_return_-0.0499_below_0;train_rpt_18.350_below_preferred_20bps
1120,a30fb_booster_rs_chandelier_2h_solusdt_lb12_atr0p5_rel0p005_trail2p0_hold18_4p0x_0p125_099e0e0e,no_promotion_shadow_or_reject,relative_strength_chandelier_breakout,SOLUSDT,2h,0.3985879642472874,0.08703183710116935,0.013201589160540816,False,False,False,validation_mdd_0.1423_above_0.12,0.7764793466921052,0.10435436388152408,-0.015685659736490387,-0.015685659736490387,False,validation_return_0.0870_below_preferred_0.10;locked_oos_return_0.0132_below_preferred_0.03;validation_mdd_0.1423_above_preferred_0.10;validation_min_half_return_-0.0157_below_0;locked_oos_rpt_11.480_below_preferred_20bps
1121,a30fb_booster_rs_chandelier_2h_solusdt_lb12_atr0p5_rel0p005_trail2p0_hold18_5p0x_0p1_5a4c5054,no_promotion_shadow_or_reject,relative_strength_chandelier_breakout,SOLUSDT,2h,0.3985879642472874,0.08703183710116935,0.013201589160540816,False,False,False,validation_mdd_0.1423_above_0.12,0.7764793466921052,0.10435436388152408,-0.015685659736490387,-0.015685659736490387,False,validation_return_0.0870_below_preferred_0.10;locked_oos_return_0.0132_below_preferred_0.03;validation_mdd_0.1423_above_preferred_0.10;validation_min_half_return_-0.0157_below_0;locked_oos_rpt_11.480_below_preferred_20bps
1128,a30fb_booster_rs_chandelier_2h_solusdt_lb12_atr0p5_rel0p005_trail3p0_hold18_4p0x_0p125_9759c642,no_promotion_shadow_or_reject,relative_strength_chandelier_breakout,SOLUSDT,2h,0.39089915902976613,0.08703183710116935,0.013201589160540816,False,False,False,validation_mdd_0.1423_above_0.12,0.7734342753188295,0.10435436388152408,-0.015685659736490387,-0.015685659736490387,False,validation_return_0.0870_below_preferred_0.10;locked_oos_return_0.0132_below_preferred_0.03;validation_mdd_0.1423_above_preferred_0.10;validation_min_half_return_-0.0157_below_0;locked_oos_rpt_11.480_below_preferred_20bps
1129,a30fb_booster_rs_chandelier_2h_solusdt_lb12_atr0p5_rel0p005_trail3p0_hold18_5p0x_0p1_c3b2793a,no_promotion_shadow_or_reject,relative_strength_chandelier_breakout,SOLUSDT,2h,0.39089915902976613,0.08703183710116935,0.013201589160540816,False,False,False,validation_mdd_0.1423_above_0.12,0.7734342753188295,0.10435436388152408,-0.015685659736490387,-0.015685659736490387,False,validation_return_0.0870_below_preferred_0.10;locked_oos_return_0.0132_below_preferred_0.03;validation_mdd_0.1423_above_preferred_0.10;validation_min_half_return_-0.0157_below_0;locked_oos_rpt_11.480_below_preferred_20bps
1188,a30fb_booster_rs_chandelier_2h_solusdt_lb12_atr0p5_rel0p005_trail2p0_hold12_3p0x_0p1_009ee0a3,paper_testnet_candidate_after_fill_preflight,relative_strength_chandelier_breakout,SOLUSDT,2h,0.18708789566702944,0.05987390931074499,0.017655028075666213,True,False,False,,0.752103708858449,0.056597812492397814,0.0031006091245053824,0.0031006091245053824,False,validation_return_0.0599_below_preferred_0.10;locked_oos_return_0.0177_below_preferred_0.03
1189,a30fb_booster_rs_chandelier_2h_solusdt_lb12_atr0p5_rel0p005_trail2p0_hold12_2p0x_0p15_854256af,paper_testnet_candidate_after_fill_preflight,relative_strength_chandelier_breakout,SOLUSDT,2h,0.18708789566702788,0.059873909310744766,0.017655028075666213,True,False,False,,0.7521037088584447,0.056597812492397814,0.0031006091245051604,0.0031006091245051604,False,validation_return_0.0599_below_preferred_0.10;locked_oos_return_0.0177_below_preferred_0.03
1190,a30fb_booster_rs_chandelier_2h_solusdt_lb12_atr0p5_rel0p005_trail3p0_hold12_3p0x_0p1_9edf2312,paper_testnet_candidate_after_fill_preflight,relative_strength_chandelier_breakout,SOLUSDT,2h,0.18672006561485044,0.05987390931074499,0.017655028075666213,True,False,False,,0.7518923122767371,0.056597812492397814,0.0031006091245053824,0.0031006091245053824,False,validation_return_0.0599_below_preferred_0.10;locked_oos_return_0.0177_below_preferred_0.03
1191,a30fb_booster_rs_chandelier_2h_solusdt_lb12_atr0p5_rel0p005_trail3p0_hold12_2p0x_0p15_f7197477,paper_testnet_candidate_after_fill_preflight,relative_strength_chandelier_breakout,SOLUSDT,2h,0.18672006561485044,0.059873909310744766,0.017655028075666213,True,False,False,,0.7518923122767335,0.056597812492397814,0.0031006091245051604,0.0031006091245051604,False,validation_return_0.0599_below_preferred_0.10;locked_oos_return_0.0177_below_preferred_0.03
1196,a30fb_booster_pullback_reclaim_4h_bnbusdt_fast8_slow40_z-0p5_hold4_4p0x_0p15_14be7a0a,no_promotion_shadow_or_reject,trend_pullback_reclaim,BNBUSDT,4h,0.13206036585501058,0.06338016773354616,0.021743548767319876,False,False,False,validation_trade_event_count_17_below_30;locked_oos_trade_event_count_8_below_20,0.7505169283835132,0.09298643889773994,-0.02708750091542833,-0.02708750091542833,False,validation_return_0.0634_below_preferred_0.10;locked_oos_return_0.0217_below_preferred_0.03;locked_oos_trade_event_count_8_below_20;validation_min_half_return_-0.0271_below_0
1236,a30fb_booster_rs_chandelier_2h_solusdt_lb12_atr0p5_rel0p005_trail2p0_hold18_3p0x_0p15_210a985f,no_promotion_shadow_or_reject,relative_strength_chandelier_breakout,SOLUSDT,2h,0.3578421321241789,0.07865153675802428,0.012032557107051645,False,False,False,validation_mdd_0.1289_above_0.12,0.7408535584248245,0.09380940861635745,-0.013857872988592534,-0.013857872988592534,False,validation_return_0.0787_below_preferred_0.10;locked_oos_return_0.0120_below_preferred_0.03;validation_mdd_0.1289_above_preferred_0.10;validation_min_half_return_-0.0139_below_0;locked_oos_rpt_11.626_below_preferred_20bps
1245,a30fb_booster_rs_chandelier_2h_solusdt_lb12_atr0p5_rel0p005_trail3p0_hold18_3p0x_0p15_df83c0f8,no_promotion_shadow_or_reject,relative_strength_chandelier_breakout,SOLUSDT,2h,0.3511239536327324,0.07865153675802428,0.012032557107051645,False,False,False,validation_mdd_0.1289_above_0.12,0.7378972642591713,0.09380940861635745,-0.013857872988592534,-0.013857872988592534,False,validation_return_0.0787_below_preferred_0.10;locked_oos_return_0.0120_below_preferred_0.03;validation_mdd_0.1289_above_preferred_0.10;validation_min_half_return_-0.0139_below_0;locked_oos_rpt_11.626_below_preferred_20bps
1252,a30fb_booster_mh_consensus_6h_bnbusdt_s12_l48_thr0p005_adx12p0_hold18_cool4_3p0x_0p1_b5d0895c,no_promotion_shadow_or_reject,multi_horizon_consensus_momentum,BNBUSDT,6h,0.056678632864459066,0.05934013577731778,0.010333518041632406,False,False,False,train_trade_event_count_77_below_80;validation_trade_event_count_21_below_30;locked_oos_trade_event_count_12_below_20;train_return_below_validation_return;train_validation_return_ratio_0.9551_below_1.00,0.734992304793443,0.07651328766320398,-0.01595256842872983,-0.01595256842872983,False,validation_return_0.0593_below_preferred_0.10;locked_oos_return_0.0103_below_preferred_0.03;locked_oos_trade_event_count_12_below_20;validation_min_half_return_-0.0160_below_0
1253,a30fb_booster_mh_consensus_6h_bnbusdt_s12_l48_thr0p005_adx12p0_hold18_cool4_2p0x_0p15_d9c479c1,no_promotion_shadow_or_reject,multi_horizon_consensus_momentum,BNBUSDT,6h,0.056678632864458844,0.05934013577731756,0.010333518041632406,False,False,False,train_trade_event_count_77_below_80;validation_trade_event_count_21_below_30;locked_oos_trade_event_count_12_below_20;train_return_below_validation_return;train_validation_return_ratio_0.9551_below_1.00,0.7349923047934395,0.07651328766320398,-0.015952568428730052,-0.015952568428730052,False,validation_return_0.0593_below_preferred_0.10;locked_oos_return_0.0103_below_preferred_0.03;locked_oos_trade_event_count_12_below_20;validation_min_half_return_-0.0160_below_0
1291,a30fb_booster_rs_chandelier_2h_solusdt_lb36_atr0p25_rel0p015_trail3p0_hold18_4p0x_0p125_3fe62002,no_promotion_shadow_or_reject,relative_strength_chandelier_breakout,SOLUSDT,2h,0.12853847559567666,0.07765426326196945,0.011891507617328045,False,False,False,validation_trade_event_count_26_below_30;locked_oos_trade_event_count_9_below_20,0.7234047902425264,0.12431339293959187,-0.041500110174467975,-0.041500110174467975,False,validation_return_0.0777_below_preferred_0.10;locked_oos_return_0.0119_below_preferred_0.03;validation_mdd_0.1012_above_preferred_0.10;locked_oos_trade_event_count_9_below_20;validation_min_half_return_-0.0415_below_0;train_rpt_19.185_below_preferred_20bps
1292,a30fb_booster_rs_chandelier_2h_solusdt_lb36_atr0p25_rel0p015_trail3p0_hold18_5p0x_0p1_efd3b490,no_promotion_shadow_or_reject,relative_strength_chandelier_breakout,SOLUSDT,2h,0.12853847559567666,0.07765426326196945,0.011891507617328045,False,False,False,validation_trade_event_count_26_below_30;locked_oos_trade_event_count_9_below_20,0.7234047902425264,0.12431339293959187,-0.041500110174467975,-0.041500110174467975,False,validation_return_0.0777_below_preferred_0.10;locked_oos_return_0.0119_below_preferred_0.03;validation_mdd_0.1012_above_preferred_0.10;locked_oos_trade_event_count_9_below_20;validation_min_half_return_-0.0415_below_0;train_rpt_19.185_below_preferred_20bps
1298,a30fb_booster_rs_chandelier_2h_solusdt_lb36_atr0p25_rel0p015_trail2p0_hold18_2p0x_0p15_68271d5a,no_promotion_shadow_or_reject,relative_strength_chandelier_breakout,SOLUSDT,2h,0.08011146677155279,0.05733363470412467,0.006224515945582265,False,False,False,validation_trade_event_count_26_below_30;locked_oos_trade_event_count_9_below_20,0.7219843398479842,0.07388880445288137,-0.015416093062998182,-0.015416093062998182,False,validation_return_0.0573_below_preferred_0.10;locked_oos_return_0.0062_below_preferred_0.03;locked_oos_trade_event_count_9_below_20;validation_min_half_return_-0.0154_below_0;train_rpt_19.928_below_preferred_20bps
1299,a30fb_booster_rs_chandelier_2h_solusdt_lb36_atr0p25_rel0p015_trail2p0_hold18_3p0x_0p1_47424b90,no_promotion_shadow_or_reject,relative_strength_chandelier_breakout,SOLUSDT,2h,0.08011146677155256,0.05733363470412445,0.006224515945582265,False,False,False,validation_trade_event_count_26_below_30;locked_oos_trade_event_count_9_below_20,0.721984339847982,0.07388880445288093,-0.01541609306299796,-0.01541609306299796,False,validation_return_0.0573_below_preferred_0.10;locked_oos_return_0.0062_below_preferred_0.03;locked_oos_trade_event_count_9_below_20;validation_min_half_return_-0.0154_below_0;train_rpt_19.928_below_preferred_20bps
1315,a30fb_booster_mh_consensus_6h_bnbusdt_s6_l24_thr0p01_adx24p0_hold18_cool2_2p0x_0p15_24954820,no_promotion_shadow_or_reject,multi_horizon_consensus_momentum,BNBUSDT,6h,0.15109293965438897,0.03623352646441558,0.018441539896549175,False,False,False,validation_trade_event_count_24_below_30;locked_oos_trade_event_count_9_below_20,0.7143457353538092,0.03836368228475706,-0.002051454472729475,-0.002051454472729475,False,validation_return_0.0362_below_preferred_0.10;locked_oos_return_0.0184_below_preferred_0.03;locked_oos_trade_event_count_9_below_20;validation_min_half_return_-0.0021_below_0
1316,a30fb_booster_mh_consensus_6h_bnbusdt_s6_l24_thr0p01_adx24p0_hold18_cool2_3p0x_0p1_bbae2096,no_promotion_shadow_or_reject,multi_horizon_consensus_momentum,BNBUSDT,6h,0.15109293965438897,0.03623352646441558,0.018441539896549175,False,False,False,validation_trade_event_count_24_below_30;locked_oos_trade_event_count_9_below_20,0.714345735353809,0.03836368228475706,-0.002051454472729475,-0.002051454472729475,False,validation_return_0.0362_below_preferred_0.10;locked_oos_return_0.0184_below_preferred_0.03;locked_oos_trade_event_count_9_below_20;validation_min_half_return_-0.0021_below_0
1357,a30fb_booster_pullback_reclaim_4h_bnbusdt_fast8_slow40_z-0p5_hold4_4p0x_0p125_ec80ce13,no_promotion_shadow_or_reject,trend_pullback_reclaim,BNBUSDT,4h,0.1119607624031802,0.053191731139244025,0.018290854911927168,False,False,False,validation_trade_event_count_17_below_30;locked_oos_trade_event_count_8_below_20,0.7016883107994903,0.07748323991005868,-0.02254467435877827,-0.02254467435877827,False,validation_return_0.0532_below_preferred_0.10;locked_oos_return_0.0183_below_preferred_0.03;locked_oos_trade_event_count_8_below_20;validation_min_half_return_-0.0225_below_0
1358,a30fb_booster_pullback_reclaim_4h_bnbusdt_fast8_slow40_z-0p5_hold4_5p0x_0p1_584a71a2,no_promotion_shadow_or_reject,trend_pullback_reclaim,BNBUSDT,4h,0.1119607624031802,0.053191731139244025,0.018290854911927168,False,False,False,validation_trade_event_count_17_below_30;locked_oos_trade_event_count_8_below_20,0.7016883107994903,0.07748323991005868,-0.02254467435877827,-0.02254467435877827,False,validation_return_0.0532_below_preferred_0.10;locked_oos_return_0.0183_below_preferred_0.03;locked_oos_trade_event_count_8_below_20;validation_min_half_return_-0.0225_below_0
1366,a30fb_booster_rs_chandelier_6h_solusdt_lb12_atr0p25_rel0p01_trail2p0_hold18_2p0x_0p15_fa82cdc3,no_promotion_shadow_or_reject,relative_strength_chandelier_breakout,SOLUSDT,6h,0.08375311808835373,0.05571873365426128,0.003558601137796158,False,False,False,train_trade_event_count_76_below_80;validation_trade_event_count_18_below_30;locked_oos_trade_event_count_9_below_20,0.700754949050029,0.09798506163391574,-0.03849444719835937,-0.03849444719835937,False,validation_return_0.0557_below_preferred_0.10;locked_oos_return_0.0036_below_preferred_0.03;locked_oos_trade_event_count_9_below_20;validation_min_half_return_-0.0385_below_0;locked_oos_rpt_13.180_below_preferred_20bps
1367,a30fb_booster_rs_chandelier_6h_solusdt_lb12_atr0p25_rel0p01_trail3p0_hold18_2p0x_0p15_9508540b,no_promotion_shadow_or_reject,relative_strength_chandelier_breakout,SOLUSDT,6h,0.08375311808835373,0.05571873365426128,0.012432880648528544,False,False,False,train_trade_event_count_76_below_80;validation_trade_event_count_18_below_30;locked_oos_trade_event_count_9_below_20,0.700754949050029,0.09798506163391574,-0.03849444719835937,-0.03849444719835937,False,validation_return_0.0557_below_preferred_0.10;locked_oos_return_0.0124_below_preferred_0.03;locked_oos_trade_event_count_9_below_20;validation_min_half_return_-0.0385_below_0
1368,a30fb_booster_rs_chandelier_6h_solusdt_lb12_atr0p25_rel0p01_trail2p0_hold18_3p0x_0p1_b0bc1a91,no_promotion_shadow_or_reject,relative_strength_chandelier_breakout,SOLUSDT,6h,0.0837531180883535,0.055718733654261055,0.003558601137795936,False,False,False,train_trade_event_count_76_below_80;validation_trade_event_count_18_below_30;locked_oos_trade_event_count_9_below_20,0.700754949050026,0.09798506163391574,-0.03849444719835948,-0.03849444719835948,False,validation_return_0.0557_below_preferred_0.10;locked_oos_return_0.0036_below_preferred_0.03;locked_oos_trade_event_count_9_below_20;validation_min_half_return_-0.0385_below_0;locked_oos_rpt_13.180_below_preferred_20bps
1369,a30fb_booster_rs_chandelier_6h_solusdt_lb12_atr0p25_rel0p01_trail3p0_hold18_3p0x_0p1_a025edfc,no_promotion_shadow_or_reject,relative_strength_chandelier_breakout,SOLUSDT,6h,0.0837531180883535,0.055718733654261055,0.012432880648528544,False,False,False,train_trade_event_count_76_below_80;validation_trade_event_count_18_below_30;locked_oos_trade_event_count_9_below_20,0.700754949050026,0.09798506163391574,-0.03849444719835948,-0.03849444719835948,False,validation_return_0.0557_below_preferred_0.10;locked_oos_return_0.0124_below_preferred_0.03;locked_oos_trade_event_count_9_below_20;validation_min_half_return_-0.0385_below_0
1375,a30fb_booster_mh_consensus_6h_bnbusdt_s6_l24_thr0p01_adx12p0_hold18_cool2_2p0x_0p15_e30516ab,no_promotion_shadow_or_reject,multi_horizon_consensus_momentum,BNBUSDT,6h,0.1291567207350912,0.037237673718657716,0.018441539896549175,False,False,False,validation_trade_event_count_24_below_30;locked_oos_trade_event_count_9_below_20,0.6986841421609276,0.03836368228475706,-0.0010844067308102279,-0.0010844067308102279,False,validation_return_0.0372_below_preferred_0.10;locked_oos_return_0.0184_below_preferred_0.03;locked_oos_trade_event_count_9_below_20;validation_min_half_return_-0.0011_below_0
1376,a30fb_booster_mh_consensus_6h_bnbusdt_s6_l24_thr0p01_adx12p0_hold18_cool2_3p0x_0p1_98e5b454,no_promotion_shadow_or_reject,multi_horizon_consensus_momentum,BNBUSDT,6h,0.129156720735091,0.037237673718657716,0.018441539896549175,False,False,False,validation_trade_event_count_24_below_30;locked_oos_trade_event_count_9_below_20,0.6986841421609271,0.03836368228475706,-0.0010844067308102279,-0.0010844067308102279,False,validation_return_0.0372_below_preferred_0.10;locked_oos_return_0.0184_below_preferred_0.03;locked_oos_trade_event_count_9_below_20;validation_min_half_return_-0.0011_below_0
1385,a30fb_booster_rs_chandelier_2h_solusdt_lb36_atr0p25_rel0p015_trail3p0_hold18_3p0x_0p15_0a4199f1,no_promotion_shadow_or_reject,relative_strength_chandelier_breakout,SOLUSDT,2h,0.11811211933381327,0.07014816620307784,0.010798617020129297,False,False,False,validation_trade_event_count_26_below_30;locked_oos_trade_event_count_9_below_20,0.6956399504391468,0.11162596554942472,-0.03731272984959988,-0.03731272984959988,False,validation_return_0.0701_below_preferred_0.10;locked_oos_return_0.0108_below_preferred_0.03;locked_oos_trade_event_count_9_below_20;validation_min_half_return_-0.0373_below_0;train_rpt_19.587_below_preferred_20bps
1447,a30fb_booster_pullback_reclaim_4h_bnbusdt_fast8_slow40_z-0p5_hold4_3p0x_0p15_71ebf81b,no_promotion_shadow_or_reject,trend_pullback_reclaim,BNBUSDT,4h,0.10158993233305758,0.04803778632500166,0.016538390326531927,False,False,False,validation_trade_event_count_17_below_30;locked_oos_trade_event_count_8_below_20,0.6767590530762356,0.06972900128118731,-0.02027729913857257,-0.02027729913857257,False,validation_return_0.0480_below_preferred_0.10;locked_oos_return_0.0165_below_preferred_0.03;locked_oos_trade_event_count_8_below_20;validation_min_half_return_-0.0203_below_0
1492,a30fb_booster_mh_consensus_6h_bnbusdt_s6_l24_thr0p01_adx18p0_hold18_cool2_4p0x_0p15_d1da7c90,no_promotion_shadow_or_reject,multi_horizon_consensus_momentum,BNBUSDT,6h,0.25175176550589495,0.05710011262027126,0.036645125280554414,False,False,False,validation_trade_event_count_24_below_30;locked_oos_trade_event_count_9_below_20,0.6612235408886722,0.07597159818740518,-0.017539018315098742,-0.017539018315098742,False,validation_return_0.0571_below_preferred_0.10;locked_oos_trade_event_count_9_below_20;validation_min_half_return_-0.0175_below_0
1553,a30fb_booster_rs_chandelier_2h_solusdt_lb12_atr0p25_rel0p0_trail3p0_hold18_4p0x_0p15_aafa17db,no_promotion_shadow_or_reject,relative_strength_chandelier_breakout,SOLUSDT,2h,0.28769452132986184,0.10785018846700023,0.06135386889061478,False,False,False,validation_mdd_0.1429_above_0.12,0.6398715891239565,0.18980131006720136,-0.06887798904472031,-0.06887798904472031,False,validation_mdd_0.1429_above_preferred_0.10;validation_min_half_return_-0.0689_below_0;train_rpt_19.651_below_preferred_20bps
1591,a30fb_booster_rs_chandelier_2h_solusdt_lb12_atr0p25_rel0p0_trail2p0_hold18_4p0x_0p15_fc45d08e,no_promotion_shadow_or_reject,relative_strength_chandelier_breakout,SOLUSDT,2h,0.26370342393386736,0.10785018846700023,0.06135386889061478,False,False,False,validation_mdd_0.1429_above_0.12,0.63273087118082,0.18980131006720136,-0.06887798904472031,-0.06887798904472031,False,validation_mdd_0.1429_above_preferred_0.10;validation_min_half_return_-0.0689_below_0;train_rpt_17.866_below_preferred_20bps
1600,a30fb_booster_rs_chandelier_2h_solusdt_lb12_atr0p5_rel0p005_trail2p0_hold18_3p0x_0p1_28237b51,paper_testnet_candidate_after_fill_preflight,relative_strength_chandelier_breakout,SOLUSDT,2h,0.23601979306479182,0.0530447920345134,0.008322557581794898,True,False,False,,0.6305758185852811,0.0623050532849192,-0.008717139414682995,-0.008717139414682995,False,validation_return_0.0530_below_preferred_0.10;locked_oos_return_0.0083_below_preferred_0.03;validation_min_half_return_-0.0087_below_0;locked_oos_rpt_12.062_below_preferred_20bps
1601,a30fb_booster_rs_chandelier_2h_solusdt_lb12_atr0p5_rel0p005_trail2p0_hold18_2p0x_0p15_fe09d5b5,paper_testnet_candidate_after_fill_preflight,relative_strength_chandelier_breakout,SOLUSDT,2h,0.23601979306479115,0.05304479203451318,0.008322557581794898,True,False,False,,0.6305758185852769,0.0623050532849192,-0.008717139414683217,-0.008717139414683217,False,validation_return_0.0530_below_preferred_0.10;locked_oos_return_0.0083_below_preferred_0.03;validation_min_half_return_-0.0087_below_0;locked_oos_rpt_12.062_below_preferred_20bps
1604,a30fb_booster_mh_consensus_6h_bnbusdt_s6_l24_thr0p01_adx18p0_hold18_cool2_4p0x_0p125_dc46452f,no_promotion_shadow_or_reject,multi_horizon_consensus_momentum,BNBUSDT,6h,0.21111423239121785,0.04844180541973775,0.030605171591336022,False,False,False,validation_trade_event_count_24_below_30;locked_oos_trade_event_count_9_below_20,0.6301031345800684,0.06352985374982012,-0.014186765211041563,-0.014186765211041563,False,validation_return_0.0484_below_preferred_0.10;locked_oos_trade_event_count_9_below_20;validation_min_half_return_-0.0142_below_0
1605,a30fb_booster_mh_consensus_6h_bnbusdt_s6_l24_thr0p01_adx18p0_hold18_cool2_5p0x_0p1_5fb82651,no_promotion_shadow_or_reject,multi_horizon_consensus_momentum,BNBUSDT,6h,0.21111423239121785,0.04844180541973775,0.030605171591336022,False,False,False,validation_trade_event_count_24_below_30;locked_oos_trade_event_count_9_below_20,0.6301031345800684,0.06352985374982012,-0.014186765211041563,-0.014186765211041563,False,validation_return_0.0484_below_preferred_0.10;locked_oos_trade_event_count_9_below_20;validation_min_half_return_-0.0142_below_0
1611,a30fb_booster_rs_chandelier_2h_solusdt_lb12_atr0p5_rel0p005_trail3p0_hold18_3p0x_0p1_98cb5ceb,paper_testnet_candidate_after_fill_preflight,relative_strength_chandelier_breakout,SOLUSDT,2h,0.2319430958965678,0.0530447920345134,0.008322557581794898,True,False,False,,0.6278849293653312,0.0623050532849192,-0.008717139414682995,-0.008717139414682995,False,validation_return_0.0530_below_preferred_0.10;locked_oos_return_0.0083_below_preferred_0.03;validation_min_half_return_-0.0087_below_0;locked_oos_rpt_12.062_below_preferred_20bps
1612,a30fb_booster_rs_chandelier_2h_solusdt_lb12_atr0p5_rel0p005_trail3p0_hold18_2p0x_0p15_6bd3dc1f,paper_testnet_candidate_after_fill_preflight,relative_strength_chandelier_breakout,SOLUSDT,2h,0.23194309589656648,0.05304479203451318,0.008322557581794898,True,False,False,,0.6278849293653267,0.0623050532849192,-0.008717139414683217,-0.008717139414683217,False,validation_return_0.0530_below_preferred_0.10;locked_oos_return_0.0083_below_preferred_0.03;validation_min_half_return_-0.0087_below_0;locked_oos_rpt_12.062_below_preferred_20bps
1650,a30fb_booster_mh_consensus_6h_bnbusdt_s6_l24_thr0p01_adx18p0_hold18_cool2_3p0x_0p15_77142f47,no_promotion_shadow_or_reject,multi_horizon_consensus_momentum,BNBUSDT,6h,0.1905054027069184,0.043978338185368004,0.027574563849928735,False,False,False,validation_trade_event_count_24_below_30;locked_oos_trade_event_count_9_below_20,0.6130605611942674,0.05727249144127944,-0.012574008463786868,-0.012574008463786868,False,validation_return_0.0440_below_preferred_0.10;locked_oos_return_0.0276_below_preferred_0.03;locked_oos_trade_event_count_9_below_20;validation_min_half_return_-0.0126_below_0
1669,a30fb_booster_rs_chandelier_2h_solusdt_lb36_atr0p25_rel0p015_trail3p0_hold18_3p0x_0p1_e586b1cf,no_promotion_shadow_or_reject,relative_strength_chandelier_breakout,SOLUSDT,2h,0.08334365213111128,0.04725912157410361,0.007390784786090121,False,False,False,validation_trade_event_count_26_below_30;locked_oos_trade_event_count_9_below_20,0.6063858145216782,0.07388880445288093,-0.024797430393497355,-0.024797430393497355,False,validation_return_0.0473_below_preferred_0.10;locked_oos_return_0.0074_below_preferred_0.03;locked_oos_trade_event_count_9_below_20;validation_min_half_return_-0.0248_below_0
1670,a30fb_booster_rs_chandelier_2h_solusdt_lb36_atr0p25_rel0p015_trail3p0_hold18_2p0x_0p15_5643f276,no_promotion_shadow_or_reject,relative_strength_chandelier_breakout,SOLUSDT,2h,0.08334365213111083,0.04725912157410361,0.007390784786090121,False,False,False,validation_trade_event_count_26_below_30;locked_oos_trade_event_count_9_below_20,0.6063858145216776,0.07388880445288137,-0.024797430393497577,-0.024797430393497577,False,validation_return_0.0473_below_preferred_0.10;locked_oos_return_0.0074_below_preferred_0.03;locked_oos_trade_event_count_9_below_20;validation_min_half_return_-0.0248_below_0
1685,a30fb_booster_pullback_reclaim_4h_bnbusdt_fast8_slow40_z-0p5_hold4_3p0x_0p1_f1b28c24,no_promotion_shadow_or_reject,trend_pullback_reclaim,BNBUSDT,4h,0.06928372385829396,0.032346288889188335,0.011177666434065703,False,False,False,validation_trade_event_count_17_below_30;locked_oos_trade_event_count_8_below_20,0.599989422849423,0.046465042114200106,-0.013491853675768217,-0.013491853675768217,False,validation_return_0.0323_below_preferred_0.10;locked_oos_return_0.0112_below_preferred_0.03;locked_oos_trade_event_count_8_below_20;validation_min_half_return_-0.0135_below_0
1686,a30fb_booster_pullback_reclaim_4h_bnbusdt_fast8_slow40_z-0p5_hold4_2p0x_0p15_4f0a2684,no_promotion_shadow_or_reject,trend_pullback_reclaim,BNBUSDT,4h,0.06928372385829329,0.03234628888918811,0.011177666434065703,False,False,False,validation_trade_event_count_17_below_30;locked_oos_trade_event_count_8_below_20,0.5999894228494188,0.046465042114200106,-0.01349185367576844,-0.01349185367576844,False,validation_return_0.0323_below_preferred_0.10;locked_oos_return_0.0112_below_preferred_0.03;locked_oos_trade_event_count_8_below_20;validation_min_half_return_-0.0135_below_0
1729,a30fb_booster_rs_chandelier_2h_solusdt_lb12_atr0p25_rel0p0_trail3p0_hold18_4p0x_0p125_09855687,paper_testnet_candidate_after_fill_preflight,relative_strength_chandelier_breakout,SOLUSDT,2h,0.2470105493669983,0.09112800585780478,0.051460508324018495,True,False,False,,0.5874807779046917,0.15709534733195096,-0.05701115437570048,-0.05701115437570048,False,validation_return_0.0911_below_preferred_0.10;validation_mdd_0.1198_above_preferred_0.10;validation_min_half_return_-0.0570_below_0
1730,a30fb_booster_rs_chandelier_2h_solusdt_lb12_atr0p25_rel0p0_trail3p0_hold18_5p0x_0p1_9ba7d42a,paper_testnet_candidate_after_fill_preflight,relative_strength_chandelier_breakout,SOLUSDT,2h,0.2470105493669983,0.09112800585780478,0.051460508324018495,True,False,False,,0.5874807779046917,0.15709534733195096,-0.05701115437570048,-0.05701115437570048,False,validation_return_0.0911_below_preferred_0.10;validation_mdd_0.1198_above_preferred_0.10;validation_min_half_return_-0.0570_below_0
1752,a30fb_booster_rs_chandelier_2h_solusdt_lb12_atr0p25_rel0p0_trail2p0_hold18_4p0x_0p125_6573a062,paper_testnet_candidate_after_fill_preflight,relative_strength_chandelier_breakout,SOLUSDT,2h,0.22763243766150087,0.09112800585780478,0.051460508324018495,True,False,False,,0.5805205215340726,0.15709534733195096,-0.05701115437570048,-0.05701115437570048,False,validation_return_0.0911_below_preferred_0.10;validation_mdd_0.1198_above_preferred_0.10;validation_min_half_return_-0.0570_below_0;train_rpt_18.507_below_preferred_20bps
1753,a30fb_booster_rs_chandelier_2h_solusdt_lb12_atr0p25_rel0p0_trail2p0_hold18_5p0x_0p1_c28e80e1,paper_testnet_candidate_after_fill_preflight,relative_strength_chandelier_breakout,SOLUSDT,2h,0.22763243766150087,0.09112800585780478,0.051460508324018495,True,False,False,,0.5805205215340726,0.15709534733195096,-0.05701115437570048,-0.05701115437570048,False,validation_return_0.0911_below_preferred_0.10;validation_mdd_0.1198_above_preferred_0.10;validation_min_half_return_-0.0570_below_0;train_rpt_18.507_below_preferred_20bps
1770,a30fb_booster_rs_chandelier_6h_solusdt_lb12_atr0p5_rel0p015_trail2p0_hold18_3p0x_0p1_60903b6a,no_promotion_shadow_or_reject,relative_strength_chandelier_breakout,SOLUSDT,6h,0.0400998751904158,0.054426574136204,0.004574478744991062,False,False,False,train_trade_event_count_66_below_80;validation_trade_event_count_12_below_30;locked_oos_trade_event_count_7_below_20;train_return_below_validation_return;train_validation_return_ratio_0.7368_below_1.00,0.5770903719208111,0.07369743506792958,-0.017948129801116486,-0.017948129801116486,False,validation_return_0.0544_below_preferred_0.10;locked_oos_return_0.0046_below_preferred_0.03;locked_oos_trade_event_count_7_below_20;validation_min_half_return_-0.0179_below_0
1771,a30fb_booster_rs_chandelier_6h_solusdt_lb12_atr0p5_rel0p015_trail2p0_hold18_2p0x_0p15_67655d79,no_promotion_shadow_or_reject,relative_strength_chandelier_breakout,SOLUSDT,6h,0.04009987519041447,0.054426574136204,0.004574478744991284,False,False,False,train_trade_event_count_66_below_80;validation_trade_event_count_12_below_30;locked_oos_trade_event_count_7_below_20;train_return_below_validation_return;train_validation_return_ratio_0.7368_below_1.00,0.5770903719207952,0.07369743506792958,-0.017948129801116486,-0.017948129801116486,False,validation_return_0.0544_below_preferred_0.10;locked_oos_return_0.0046_below_preferred_0.03;locked_oos_trade_event_count_7_below_20;validation_min_half_return_-0.0179_below_0
1821,a30fb_booster_rs_chandelier_2h_solusdt_lb12_atr0p25_rel0p0_trail3p0_hold18_3p0x_0p15_ed6820f0,paper_testnet_candidate_after_fill_preflight,relative_strength_chandelier_breakout,SOLUSDT,2h,0.22530822540985906,0.08255947673729058,0.04646089678948795,True,False,False,,0.55939822986324,0.14089449739134374,-0.0511309510103124,-0.0511309510103124,False,validation_return_0.0826_below_preferred_0.10;validation_mdd_0.1081_above_preferred_0.10;validation_min_half_return_-0.0511_below_0
1831,a30fb_booster_mh_consensus_6h_bnbusdt_s6_l24_thr0p01_adx18p0_hold18_cool2_2p0x_0p15_843f0362,no_promotion_shadow_or_reject,multi_horizon_consensus_momentum,BNBUSDT,6h,0.12776691130148632,0.030065124037614854,0.018441539896549175,False,False,False,validation_trade_event_count_24_below_30;locked_oos_trade_event_count_9_below_20,0.5561141859483681,0.03836368228475706,-0.007991957335106048,-0.007991957335106048,False,validation_return_0.0301_below_preferred_0.10;locked_oos_return_0.0184_below_preferred_0.03;locked_oos_trade_event_count_9_below_20;validation_min_half_return_-0.0080_below_0
1832,a30fb_booster_mh_consensus_6h_bnbusdt_s6_l24_thr0p01_adx18p0_hold18_cool2_3p0x_0p1_f78bb124,no_promotion_shadow_or_reject,multi_horizon_consensus_momentum,BNBUSDT,6h,0.12776691130148632,0.030065124037614854,0.018441539896549175,False,False,False,validation_trade_event_count_24_below_30;locked_oos_trade_event_count_9_below_20,0.5561141859483679,0.03836368228475706,-0.007991957335106048,-0.007991957335106048,False,validation_return_0.0301_below_preferred_0.10;locked_oos_return_0.0184_below_preferred_0.03;locked_oos_trade_event_count_9_below_20;validation_min_half_return_-0.0080_below_0
1845,a30fb_booster_rs_chandelier_2h_solusdt_lb12_atr0p25_rel0p0_trail2p0_hold18_3p0x_0p15_be9815a7,paper_testnet_candidate_after_fill_preflight,relative_strength_chandelier_breakout,SOLUSDT,2h,0.2081638522434921,0.08255947673729058,0.04646089678948795,True,False,False,,0.552536021408232,0.14089449739134374,-0.0511309510103124,-0.0511309510103124,False,validation_return_0.0826_below_preferred_0.10;validation_mdd_0.1081_above_preferred_0.10;validation_min_half_return_-0.0511_below_0;train_rpt_18.804_below_preferred_20bps
1950,a30fb_booster_rs_chandelier_6h_solusdt_lb12_atr0p5_rel0p015_trail2p0_hold18_3p0x_0p15_24d6bf87,no_promotion_shadow_or_reject,relative_strength_chandelier_breakout,SOLUSDT,6h,0.04812981001235528,0.08087789661892208,0.006467111544810278,False,False,False,train_trade_event_count_66_below_80;validation_trade_event_count_12_below_30;locked_oos_trade_event_count_7_below_20;train_return_below_validation_return;train_validation_return_ratio_0.5951_below_1.00,0.5238697067097393,0.11119958590335277,-0.027287347537824025,-0.027287347537824025,False,validation_return_0.0809_below_preferred_0.10;locked_oos_return_0.0065_below_preferred_0.03;locked_oos_trade_event_count_7_below_20;validation_min_half_return_-0.0273_below_0;train_rpt_16.205_below_preferred_20bps
2099,a30fb_booster_rs_chandelier_6h_solusdt_lb12_atr0p5_rel0p015_trail2p0_hold18_4p0x_0p125_26a6b1ef,no_promotion_shadow_or_reject,relative_strength_chandelier_breakout,SOLUSDT,6h,0.04895647610356857,0.08956317928486746,0.007039255547208745,False,False,False,train_trade_event_count_66_below_80;validation_trade_event_count_12_below_30;locked_oos_trade_event_count_7_below_20;train_return_below_validation_return;train_validation_return_ratio_0.5466_below_1.00,0.4876243313055669,0.12378555504016253,-0.030452763520413484,-0.030452763520413484,False,validation_return_0.0896_below_preferred_0.10;locked_oos_return_0.0070_below_preferred_0.03;locked_oos_trade_event_count_7_below_20;validation_min_half_return_-0.0305_below_0;train_rpt_14.835_below_preferred_20bps
2100,a30fb_booster_rs_chandelier_6h_solusdt_lb12_atr0p5_rel0p015_trail2p0_hold18_5p0x_0p1_fd2963c9,no_promotion_shadow_or_reject,relative_strength_chandelier_breakout,SOLUSDT,6h,0.04895647610356857,0.08956317928486746,0.007039255547208745,False,False,False,train_trade_event_count_66_below_80;validation_trade_event_count_12_below_30;locked_oos_trade_event_count_7_below_20;train_return_below_validation_return;train_validation_return_ratio_0.5466_below_1.00,0.4876243313055669,0.12378555504016253,-0.030452763520413484,-0.030452763520413484,False,validation_return_0.0896_below_preferred_0.10;locked_oos_return_0.0070_below_preferred_0.03;locked_oos_trade_event_count_7_below_20;validation_min_half_return_-0.0305_below_0;train_rpt_14.835_below_preferred_20bps
2114,a30fb_booster_rs_chandelier_6h_solusdt_lb12_atr0p5_rel0p015_trail3p0_hold18_3p0x_0p1_e8e0d04e,no_promotion_shadow_or_reject,relative_strength_chandelier_breakout,SOLUSDT,6h,0.03385002421922301,0.044174398365698586,0.013457741469882434,False,False,False,train_trade_event_count_66_below_80;validation_trade_event_count_12_below_30;locked_oos_trade_event_count_7_below_20;train_return_below_validation_return;train_validation_return_ratio_0.7663_below_1.00,0.4835726440053807,0.07369743506792958,-0.027496607273130746,-0.027496607273130746,False,validation_return_0.0442_below_preferred_0.10;locked_oos_return_0.0135_below_preferred_0.03;locked_oos_trade_event_count_7_below_20;validation_min_half_return_-0.0275_below_0;train_rpt_17.096_below_preferred_20bps
2115,a30fb_booster_rs_chandelier_6h_solusdt_lb12_atr0p5_rel0p015_trail3p0_hold18_2p0x_0p15_47254a39,no_promotion_shadow_or_reject,relative_strength_chandelier_breakout,SOLUSDT,6h,0.0338500242192219,0.044174398365698586,0.013457741469882656,False,False,False,train_trade_event_count_66_below_80;validation_trade_event_count_12_below_30;locked_oos_trade_event_count_7_below_20;train_return_below_validation_return;train_validation_return_ratio_0.7663_below_1.00,0.48357264400536737,0.07369743506792958,-0.027496607273130746,-0.027496607273130746,False,validation_return_0.0442_below_preferred_0.10;locked_oos_return_0.0135_below_preferred_0.03;locked_oos_trade_event_count_7_below_20;validation_min_half_return_-0.0275_below_0;train_rpt_17.096_below_preferred_20bps
2147,a30fb_booster_mh_consensus_6h_bnbusdt_s6_l24_thr0p01_adx24p0_hold18_cool4_3p0x_0p1_d50864ed,no_promotion_shadow_or_reject,multi_horizon_consensus_momentum,BNBUSDT,6h,0.1441957089823156,0.028446677886020844,0.032919109050225215,False,False,False,validation_trade_event_count_23_below_30;locked_oos_trade_event_count_11_below_20,0.47714997663124536,0.05664620527004116,-0.026687766674764024,-0.026687766674764024,False,validation_return_0.0284_below_preferred_0.10;locked_oos_trade_event_count_11_below_20;validation_min_half_return_-0.0267_below_0
2148,a30fb_booster_mh_consensus_6h_bnbusdt_s6_l24_thr0p01_adx24p0_hold18_cool4_2p0x_0p15_23b8a5bf,no_promotion_shadow_or_reject,multi_horizon_consensus_momentum,BNBUSDT,6h,0.14419570898231537,0.02844667788602062,0.032919109050225215,False,False,False,validation_trade_event_count_23_below_30;locked_oos_trade_event_count_11_below_20,0.4771499766312388,0.05664620527004116,-0.026687766674764246,-0.026687766674764246,False,validation_return_0.0284_below_preferred_0.10;locked_oos_trade_event_count_11_below_20;validation_min_half_return_-0.0267_below_0
2149,a30fb_booster_squeeze_expansion_6h_trxusdt_lb48_volz0p5_hold12_4p0x_0p15_bf140b49,no_promotion_shadow_or_reject,volatility_squeeze_range_expansion,TRXUSDT,6h,0.018852992298011184,0.04535273539868534,0.024749709050438273,False,False,False,train_trade_event_count_14_below_80;validation_trade_event_count_6_below_30;locked_oos_trade_event_count_3_below_20;train_return_below_validation_return;train_validation_return_ratio_0.4157_below_1.00,0.4768193673188442,0.03086983189056358,0.014049206854332974,0.014049206854332974,False,validation_return_0.0454_below_preferred_0.10;locked_oos_return_0.0247_below_preferred_0.03;locked_oos_trade_event_count_3_below_20
2150,a30fb_booster_squeeze_expansion_6h_trxusdt_lb48_volz1p0_hold12_4p0x_0p15_e90c611a,no_promotion_shadow_or_reject,volatility_squeeze_range_expansion,TRXUSDT,6h,0.018852992298011184,0.04535273539868534,0.024749709050438273,False,False,False,train_trade_event_count_14_below_80;validation_trade_event_count_6_below_30;locked_oos_trade_event_count_3_below_20;train_return_below_validation_return;train_validation_return_ratio_0.4157_below_1.00,0.4768193673188442,0.03086983189056358,0.014049206854332974,0.014049206854332974,False,validation_return_0.0454_below_preferred_0.10;locked_oos_return_0.0247_below_preferred_0.03;locked_oos_trade_event_count_3_below_20
2163,a30fb_booster_squeeze_expansion_6h_trxusdt_lb48_volz0p5_hold12_4p0x_0p125_70835ad8,no_promotion_shadow_or_reject,volatility_squeeze_range_expansion,TRXUSDT,6h,0.016204804818165996,0.037796282811888515,0.02064294333452721,False,False,False,train_trade_event_count_14_below_80;validation_trade_event_count_6_below_30;locked_oos_trade_event_count_3_below_20;train_return_below_validation_return;train_validation_return_ratio_0.4287_below_1.00,0.47521436240813497,0.025744813443252523,0.011748993717239697,0.011748993717239697,False,validation_return_0.0378_below_preferred_0.10;locked_oos_return_0.0206_below_preferred_0.03;locked_oos_trade_event_count_3_below_20
2164,a30fb_booster_squeeze_expansion_6h_trxusdt_lb48_volz0p5_hold12_5p0x_0p1_cb075a5d,no_promotion_shadow_or_reject,volatility_squeeze_range_expansion,TRXUSDT,6h,0.016204804818165996,0.037796282811888515,0.02064294333452721,False,False,False,train_trade_event_count_14_below_80;validation_trade_event_count_6_below_30;locked_oos_trade_event_count_3_below_20;train_return_below_validation_return;train_validation_return_ratio_0.4287_below_1.00,0.47521436240813497,0.025744813443252523,0.011748993717239697,0.011748993717239697,False,validation_return_0.0378_below_preferred_0.10;locked_oos_return_0.0206_below_preferred_0.03;locked_oos_trade_event_count_3_below_20
2165,a30fb_booster_squeeze_expansion_6h_trxusdt_lb48_volz1p0_hold12_4p0x_0p125_27e47ec9,no_promotion_shadow_or_reject,volatility_squeeze_range_expansion,TRXUSDT,6h,0.016204804818165996,0.037796282811888515,0.02064294333452721,False,False,False,train_trade_event_count_14_below_80;validation_trade_event_count_6_below_30;locked_oos_trade_event_count_3_below_20;train_return_below_validation_return;train_validation_return_ratio_0.4287_below_1.00,0.47521436240813497,0.025744813443252523,0.011748993717239697,0.011748993717239697,False,validation_return_0.0378_below_preferred_0.10;locked_oos_return_0.0206_below_preferred_0.03;locked_oos_trade_event_count_3_below_20
2166,a30fb_booster_squeeze_expansion_6h_trxusdt_lb48_volz1p0_hold12_5p0x_0p1_899829f6,no_promotion_shadow_or_reject,volatility_squeeze_range_expansion,TRXUSDT,6h,0.016204804818165996,0.037796282811888515,0.02064294333452721,False,False,False,train_trade_event_count_14_below_80;validation_trade_event_count_6_below_30;locked_oos_trade_event_count_3_below_20;train_return_below_validation_return;train_validation_return_ratio_0.4287_below_1.00,0.47521436240813497,0.025744813443252523,0.011748993717239697,0.011748993717239697,False,validation_return_0.0378_below_preferred_0.10;locked_oos_return_0.0206_below_preferred_0.03;locked_oos_trade_event_count_3_below_20
2169,a30fb_booster_squeeze_expansion_6h_trxusdt_lb48_volz0p5_hold12_3p0x_0p15_0acb437c,no_promotion_shadow_or_reject,volatility_squeeze_range_expansion,TRXUSDT,6h,0.014805633732750012,0.0340172308273794,0.01858670421233133,False,False,False,train_trade_event_count_14_below_80;validation_trade_event_count_6_below_30;locked_oos_trade_event_count_3_below_20;train_return_below_validation_return;train_validation_return_ratio_0.4352_below_1.00,0.47368001991820147,0.023179095386351767,0.010592608361426947,0.010592608361426947,False,validation_return_0.0340_below_preferred_0.10;locked_oos_return_0.0186_below_preferred_0.03;locked_oos_trade_event_count_3_below_20
2170,a30fb_booster_squeeze_expansion_6h_trxusdt_lb48_volz1p0_hold12_3p0x_0p15_67492551,no_promotion_shadow_or_reject,volatility_squeeze_range_expansion,TRXUSDT,6h,0.014805633732750012,0.0340172308273794,0.01858670421233133,False,False,False,train_trade_event_count_14_below_80;validation_trade_event_count_6_below_30;locked_oos_trade_event_count_3_below_20;train_return_below_validation_return;train_validation_return_ratio_0.4352_below_1.00,0.47368001991820147,0.023179095386351767,0.010592608361426947,0.010592608361426947,False,validation_return_0.0340_below_preferred_0.10;locked_oos_return_0.0186_below_preferred_0.03;locked_oos_trade_event_count_3_below_20
2191,a30fb_booster_mh_consensus_6h_bnbusdt_s6_l24_thr0p01_adx24p0_hold18_cool4_3p0x_0p15_2425bbae,no_promotion_shadow_or_reject,multi_horizon_consensus_momentum,BNBUSDT,6h,0.2170230189507072,0.04151669553608439,0.04950975613214581,False,False,False,validation_trade_event_count_23_below_30;locked_oos_trade_event_count_11_below_20,0.46942012151086354,0.08537083613824614,-0.04040475305029978,-0.04040475305029978,False,validation_return_0.0415_below_preferred_0.10;locked_oos_trade_event_count_11_below_20;validation_min_half_return_-0.0404_below_0
2195,a30fb_booster_rs_chandelier_2h_solusdt_lb12_atr0p25_rel0p0_trail3p0_hold18_2p0x_0p15_1f0e3de7,paper_testnet_candidate_after_fill_preflight,relative_strength_chandelier_breakout,SOLUSDT,2h,0.15546334725456856,0.05607560977430137,0.031258529154552184,True,False,False,,0.46798288806172395,0.09292488719454317,-0.033716203054752314,-0.033716203054752314,False,validation_return_0.0561_below_preferred_0.10;validation_min_half_return_-0.0337_below_0
2196,a30fb_booster_rs_chandelier_2h_solusdt_lb12_atr0p25_rel0p0_trail3p0_hold18_3p0x_0p1_83ce82c2,paper_testnet_candidate_after_fill_preflight,relative_strength_chandelier_breakout,SOLUSDT,2h,0.15546334725456967,0.05607560977430026,0.031258529154552184,True,False,False,,0.46798288806171084,0.09292488719454273,-0.03371620305475209,-0.03371620305475209,False,validation_return_0.0561_below_preferred_0.10;validation_min_half_return_-0.0337_below_0
2212,a30fb_booster_squeeze_expansion_6h_trxusdt_lb48_volz0p5_hold12_2p0x_0p15_1a740930,no_promotion_shadow_or_reject,volatility_squeeze_range_expansion,TRXUSDT,6h,0.010310308289936732,0.022678046896904558,0.012406904866109958,False,False,False,train_trade_event_count_14_below_80;validation_trade_event_count_6_below_30;locked_oos_trade_event_count_3_below_20;train_return_below_validation_return;train_validation_return_ratio_0.4546_below_1.00,0.4661727294839969,0.015469683081168917,0.007098551474096659,0.007098551474096659,False,validation_return_0.0227_below_preferred_0.10;locked_oos_return_0.0124_below_preferred_0.03;locked_oos_trade_event_count_3_below_20
2213,a30fb_booster_squeeze_expansion_6h_trxusdt_lb48_volz0p5_hold12_3p0x_0p1_de1fa297,no_promotion_shadow_or_reject,volatility_squeeze_range_expansion,TRXUSDT,6h,0.010310308289936732,0.022678046896904558,0.01240690486611018,False,False,False,train_trade_event_count_14_below_80;validation_trade_event_count_6_below_30;locked_oos_trade_event_count_3_below_20;train_return_below_validation_return;train_validation_return_ratio_0.4546_below_1.00,0.4661727294839969,0.015469683081168917,0.007098551474096659,0.007098551474096659,False,validation_return_0.0227_below_preferred_0.10;locked_oos_return_0.0124_below_preferred_0.03;locked_oos_trade_event_count_3_below_20
2214,a30fb_booster_squeeze_expansion_6h_trxusdt_lb48_volz1p0_hold12_2p0x_0p15_20329202,no_promotion_shadow_or_reject,volatility_squeeze_range_expansion,TRXUSDT,6h,0.010310308289936732,0.022678046896904558,0.012406904866109958,False,False,False,train_trade_event_count_14_below_80;validation_trade_event_count_6_below_30;locked_oos_trade_event_count_3_below_20;train_return_below_validation_return;train_validation_return_ratio_0.4546_below_1.00,0.4661727294839969,0.015469683081168917,0.007098551474096659,0.007098551474096659,False,validation_return_0.0227_below_preferred_0.10;locked_oos_return_0.0124_below_preferred_0.03;locked_oos_trade_event_count_3_below_20
2215,a30fb_booster_squeeze_expansion_6h_trxusdt_lb48_volz1p0_hold12_3p0x_0p1_de17cdb9,no_promotion_shadow_or_reject,volatility_squeeze_range_expansion,TRXUSDT,6h,0.010310308289936732,0.022678046896904558,0.01240690486611018,False,False,False,train_trade_event_count_14_below_80;validation_trade_event_count_6_below_30;locked_oos_trade_event_count_3_below_20;train_return_below_validation_return;train_validation_return_ratio_0.4546_below_1.00,0.4661727294839969,0.015469683081168917,0.007098551474096659,0.007098551474096659,False,validation_return_0.0227_below_preferred_0.10;locked_oos_return_0.0124_below_preferred_0.03;locked_oos_trade_event_count_3_below_20
2233,a30fb_booster_mh_consensus_6h_bnbusdt_s6_l24_thr0p01_adx24p0_hold18_cool4_4p0x_0p125_0bcef99e,no_promotion_shadow_or_reject,multi_horizon_consensus_momentum,BNBUSDT,6h,0.24127938363743096,0.04569448094770734,0.05505841073903839,False,False,False,validation_trade_event_count_23_below_30;locked_oos_trade_event_count_11_below_20,0.4639767212730277,0.09500074514772816,-0.04502852113892286,-0.04502852113892286,False,validation_return_0.0457_below_preferred_0.10;locked_oos_trade_event_count_11_below_20;validation_min_half_return_-0.0450_below_0
2234,a30fb_booster_mh_consensus_6h_bnbusdt_s6_l24_thr0p01_adx24p0_hold18_cool4_5p0x_0p1_e4c2093e,no_promotion_shadow_or_reject,multi_horizon_consensus_momentum,BNBUSDT,6h,0.24127938363743096,0.04569448094770734,0.05505841073903839,False,False,False,validation_trade_event_count_23_below_30;locked_oos_trade_event_count_11_below_20,0.4639767212730277,0.09500074514772816,-0.04502852113892286,-0.04502852113892286,False,validation_return_0.0457_below_preferred_0.10;locked_oos_trade_event_count_11_below_20;validation_min_half_return_-0.0450_below_0
2250,a30fb_booster_rs_chandelier_2h_solusdt_lb12_atr0p25_rel0p0_trail2p0_hold18_2p0x_0p15_17ab46c7,paper_testnet_candidate_after_fill_preflight,relative_strength_chandelier_breakout,SOLUSDT,2h,0.1446709597210747,0.05607560977430137,0.031258529154552184,True,False,False,,0.46144268358200113,0.09292488719454317,-0.033716203054752314,-0.033716203054752314,False,validation_return_0.0561_below_preferred_0.10;validation_min_half_return_-0.0337_below_0;train_rpt_19.603_below_preferred_20bps
2251,a30fb_booster_rs_chandelier_2h_solusdt_lb12_atr0p25_rel0p0_trail2p0_hold18_3p0x_0p1_e78fd6d3,paper_testnet_candidate_after_fill_preflight,relative_strength_chandelier_breakout,SOLUSDT,2h,0.14467095972107558,0.05607560977430026,0.031258529154552184,True,False,False,,0.4614426835819879,0.09292488719454273,-0.03371620305475209,-0.03371620305475209,False,validation_return_0.0561_below_preferred_0.10;validation_min_half_return_-0.0337_below_0;train_rpt_19.603_below_preferred_20bps
2265,a30fb_booster_pullback_reclaim_4h_bnbusdt_fast8_slow40_z-0p5_hold8_4p0x_0p15_c41bb3af,no_promotion_shadow_or_reject,trend_pullback_reclaim,BNBUSDT,4h,0.09383192079165936,0.04559189717331269,0.021743548767319876,False,False,False,validation_trade_event_count_17_below_30;locked_oos_trade_event_count_8_below_20,0.45611378498842414,0.0788972883740211,-0.030869844200741126,-0.030869844200741126,False,validation_return_0.0456_below_preferred_0.10;locked_oos_return_0.0217_below_preferred_0.03;locked_oos_trade_event_count_8_below_20;validation_min_half_return_-0.0309_below_0;train_rpt_19.072_below_preferred_20bps
2284,a30fb_booster_mh_consensus_6h_bnbusdt_s6_l24_thr0p01_adx24p0_hold18_cool4_4p0x_0p15_903fb5bc,no_promotion_shadow_or_reject,multi_horizon_consensus_momentum,BNBUSDT,6h,0.28964113600945374,0.05377489613642927,0.06618247251455611,False,False,False,validation_trade_event_count_23_below_30;locked_oos_trade_event_count_11_below_20,0.44885954471299716,0.1143389399943302,-0.05434975094580108,-0.05434975094580108,False,validation_return_0.0538_below_preferred_0.10;validation_mdd_0.1094_above_preferred_0.10;locked_oos_trade_event_count_11_below_20;validation_min_half_return_-0.0543_below_0
2314,a30fb_booster_mh_consensus_6h_bnbusdt_s6_l24_thr0p01_adx12p0_hold18_cool4_3p0x_0p15_8a38c082,no_promotion_shadow_or_reject,multi_horizon_consensus_momentum,BNBUSDT,6h,0.18303457360541442,0.04151669553608439,0.04950975613214581,False,False,False,validation_trade_event_count_23_below_30;locked_oos_trade_event_count_11_below_20,0.4446506141766412,0.08537083613824614,-0.04040475305029978,-0.04040475305029978,False,validation_return_0.0415_below_preferred_0.10;locked_oos_trade_event_count_11_below_20;validation_min_half_return_-0.0404_below_0
2315,a30fb_booster_mh_consensus_6h_bnbusdt_s6_l24_thr0p01_adx18p0_hold18_cool4_3p0x_0p15_dde534e6,no_promotion_shadow_or_reject,multi_horizon_consensus_momentum,BNBUSDT,6h,0.18303457360541442,0.04151669553608439,0.04950975613214581,False,False,False,validation_trade_event_count_23_below_30;locked_oos_trade_event_count_11_below_20,0.4446506141766412,0.08537083613824614,-0.04040475305029978,-0.04040475305029978,False,validation_return_0.0415_below_preferred_0.10;locked_oos_trade_event_count_11_below_20;validation_min_half_return_-0.0404_below_0
2320,a30fb_booster_mh_consensus_6h_bnbusdt_s6_l24_thr0p01_adx12p0_hold18_cool4_4p0x_0p125_d7c490f6,no_promotion_shadow_or_reject,multi_horizon_consensus_momentum,BNBUSDT,6h,0.20279755536382793,0.04569448094770734,0.05505841073903839,False,False,False,validation_trade_event_count_23_below_30;locked_oos_trade_event_count_11_below_20,0.4436110271305689,0.09500074514772816,-0.04502852113892286,-0.04502852113892286,False,validation_return_0.0457_below_preferred_0.10;locked_oos_trade_event_count_11_below_20;validation_min_half_return_-0.0450_below_0
2321,a30fb_booster_mh_consensus_6h_bnbusdt_s6_l24_thr0p01_adx12p0_hold18_cool4_5p0x_0p1_a3843833,no_promotion_shadow_or_reject,multi_horizon_consensus_momentum,BNBUSDT,6h,0.20279755536382793,0.04569448094770734,0.05505841073903839,False,False,False,validation_trade_event_count_23_below_30;locked_oos_trade_event_count_11_below_20,0.4436110271305689,0.09500074514772816,-0.04502852113892286,-0.04502852113892286,False,validation_return_0.0457_below_preferred_0.10;locked_oos_trade_event_count_11_below_20;validation_min_half_return_-0.0450_below_0
2322,a30fb_booster_mh_consensus_6h_bnbusdt_s6_l24_thr0p01_adx18p0_hold18_cool4_4p0x_0p125_472cd97e,no_promotion_shadow_or_reject,multi_horizon_consensus_momentum,BNBUSDT,6h,0.20279755536382793,0.04569448094770734,0.05505841073903839,False,False,False,validation_trade_event_count_23_below_30;locked_oos_trade_event_count_11_below_20,0.4436110271305689,0.09500074514772816,-0.04502852113892286,-0.04502852113892286,False,validation_return_0.0457_below_preferred_0.10;locked_oos_trade_event_count_11_below_20;validation_min_half_return_-0.0450_below_0
2323,a30fb_booster_mh_consensus_6h_bnbusdt_s6_l24_thr0p01_adx18p0_hold18_cool4_5p0x_0p1_7460fbec,no_promotion_shadow_or_reject,multi_horizon_consensus_momentum,BNBUSDT,6h,0.20279755536382793,0.04569448094770734,0.05505841073903839,False,False,False,validation_trade_event_count_23_below_30;locked_oos_trade_event_count_11_below_20,0.4436110271305689,0.09500074514772816,-0.04502852113892286,-0.04502852113892286,False,validation_return_0.0457_below_preferred_0.10;locked_oos_trade_event_count_11_below_20;validation_min_half_return_-0.0450_below_0
2326,a30fb_booster_pullback_reclaim_4h_bnbusdt_fast8_slow40_z-0p5_hold8_4p0x_0p125_e1fd03e1,no_promotion_shadow_or_reject,trend_pullback_reclaim,BNBUSDT,4h,0.08055850754547422,0.038513330566757764,0.018290854911927168,False,False,False,validation_trade_event_count_17_below_30;locked_oos_trade_event_count_8_below_20,0.4433214823993753,0.06591848343653184,-0.025710364625086246,-0.025710364625086246,False,validation_return_0.0385_below_preferred_0.10;locked_oos_return_0.0183_below_preferred_0.03;locked_oos_trade_event_count_8_below_20;validation_min_half_return_-0.0257_below_0;train_rpt_19.648_below_preferred_20bps
2327,a30fb_booster_pullback_reclaim_4h_bnbusdt_fast8_slow40_z-0p5_hold8_5p0x_0p1_b945dc8f,no_promotion_shadow_or_reject,trend_pullback_reclaim,BNBUSDT,4h,0.08055850754547422,0.038513330566757764,0.018290854911927168,False,False,False,validation_trade_event_count_17_below_30;locked_oos_trade_event_count_8_below_20,0.4433214823993753,0.06591848343653184,-0.025710364625086246,-0.025710364625086246,False,validation_return_0.0385_below_preferred_0.10;locked_oos_return_0.0183_below_preferred_0.03;locked_oos_trade_event_count_8_below_20;validation_min_half_return_-0.0257_below_0;train_rpt_19.648_below_preferred_20bps
2328,a30fb_booster_mh_consensus_6h_bnbusdt_s6_l24_thr0p01_adx12p0_hold18_cool4_3p0x_0p1_db190546,no_promotion_shadow_or_reject,multi_horizon_consensus_momentum,BNBUSDT,6h,0.12283332109290024,0.028446677886020844,0.032919109050225215,False,False,False,validation_trade_event_count_23_below_30;locked_oos_trade_event_count_11_below_20,0.4431238203429838,0.05664620527004116,-0.026687766674764024,-0.026687766674764024,False,validation_return_0.0284_below_preferred_0.10;locked_oos_trade_event_count_11_below_20;validation_min_half_return_-0.0267_below_0
2329,a30fb_booster_mh_consensus_6h_bnbusdt_s6_l24_thr0p01_adx18p0_hold18_cool4_3p0x_0p1_bc6ad9f8,no_promotion_shadow_or_reject,multi_horizon_consensus_momentum,BNBUSDT,6h,0.12283332109290024,0.028446677886020844,0.032919109050225215,False,False,False,validation_trade_event_count_23_below_30;locked_oos_trade_event_count_11_below_20,0.4431238203429838,0.05664620527004116,-0.026687766674764024,-0.026687766674764024,False,validation_return_0.0284_below_preferred_0.10;locked_oos_trade_event_count_11_below_20;validation_min_half_return_-0.0267_below_0
2330,a30fb_booster_mh_consensus_6h_bnbusdt_s6_l24_thr0p01_adx12p0_hold18_cool4_2p0x_0p15_9d671d70,no_promotion_shadow_or_reject,multi_horizon_consensus_momentum,BNBUSDT,6h,0.12283332109290024,0.02844667788602062,0.032919109050225215,False,False,False,validation_trade_event_count_23_below_30;locked_oos_trade_event_count_11_below_20,0.4431238203429789,0.05664620527004116,-0.026687766674764246,-0.026687766674764246,False,validation_return_0.0284_below_preferred_0.10;locked_oos_trade_event_count_11_below_20;validation_min_half_return_-0.0267_below_0
2331,a30fb_booster_mh_consensus_6h_bnbusdt_s6_l24_thr0p01_adx18p0_hold18_cool4_2p0x_0p15_85e3dbb0,no_promotion_shadow_or_reject,multi_horizon_consensus_momentum,BNBUSDT,6h,0.12283332109290024,0.02844667788602062,0.032919109050225215,False,False,False,validation_trade_event_count_23_below_30;locked_oos_trade_event_count_11_below_20,0.4431238203429789,0.05664620527004116,-0.026687766674764246,-0.026687766674764246,False,validation_return_0.0284_below_preferred_0.10;locked_oos_trade_event_count_11_below_20;validation_min_half_return_-0.0267_below_0
2349,a30fb_booster_mh_consensus_6h_bnbusdt_s6_l24_thr0p01_adx12p0_hold18_cool4_4p0x_0p15_7f808966,no_promotion_shadow_or_reject,multi_horizon_consensus_momentum,BNBUSDT,6h,0.24175310827449104,0.05377489613642927,0.06618247251455611,False,False,False,validation_trade_event_count_23_below_30;locked_oos_trade_event_count_11_below_20,0.43915076766296934,0.1143389399943302,-0.05434975094580108,-0.05434975094580108,False,validation_return_0.0538_below_preferred_0.10;validation_mdd_0.1094_above_preferred_0.10;locked_oos_trade_event_count_11_below_20;validation_min_half_return_-0.0543_below_0
2350,a30fb_booster_mh_consensus_6h_bnbusdt_s6_l24_thr0p01_adx18p0_hold18_cool4_4p0x_0p15_43235359,no_promotion_shadow_or_reject,multi_horizon_consensus_momentum,BNBUSDT,6h,0.24175310827449104,0.05377489613642927,0.06618247251455611,False,False,False,validation_trade_event_count_23_below_30;locked_oos_trade_event_count_11_below_20,0.43915076766296934,0.1143389399943302,-0.05434975094580108,-0.05434975094580108,False,validation_return_0.0538_below_preferred_0.10;validation_mdd_0.1094_above_preferred_0.10;locked_oos_trade_event_count_11_below_20;validation_min_half_return_-0.0543_below_0
2352,a30fb_booster_mh_consensus_6h_bnbusdt_s12_l48_thr0p01_adx12p0_hold18_cool4_3p0x_0p1_7d39fb35,no_promotion_shadow_or_reject,multi_horizon_consensus_momentum,BNBUSDT,6h,0.03023631064829657,0.05698029722200926,0.011881357410423954,False,False,False,train_trade_event_count_73_below_80;validation_trade_event_count_21_below_30;locked_oos_trade_event_count_12_below_20;train_return_below_validation_return;train_validation_return_ratio_0.5306_below_1.00,0.4379999795591046,0.07249880556761323,-0.014469487765434663,-0.014469487765434663,False,validation_return_0.0570_below_preferred_0.10;locked_oos_return_0.0119_below_preferred_0.03;locked_oos_trade_event_count_12_below_20;validation_min_half_return_-0.0145_below_0;train_rpt_13.807_below_preferred_20bps
2353,a30fb_booster_mh_consensus_6h_bnbusdt_s12_l48_thr0p01_adx12p0_hold18_cool4_2p0x_0p15_d677ccf4,no_promotion_shadow_or_reject,multi_horizon_consensus_momentum,BNBUSDT,6h,0.03023631064829657,0.05698029722200881,0.011881357410423954,False,False,False,train_trade_event_count_73_below_80;validation_trade_event_count_21_below_30;locked_oos_trade_event_count_12_below_20;train_return_below_validation_return;train_validation_return_ratio_0.5306_below_1.00,0.4379999795591039,0.07249880556761323,-0.014469487765434885,-0.014469487765434885,False,validation_return_0.0570_below_preferred_0.10;locked_oos_return_0.0119_below_preferred_0.03;locked_oos_trade_event_count_12_below_20;validation_min_half_return_-0.0145_below_0;train_rpt_13.807_below_preferred_20bps
2365,a30fb_booster_pullback_reclaim_4h_bnbusdt_fast8_slow40_z-0p5_hold8_3p0x_0p15_65d1e635,no_promotion_shadow_or_reject,trend_pullback_reclaim,BNBUSDT,4h,0.07354166745855606,0.034893285190527035,0.016538390326531927,False,False,False,validation_trade_event_count_17_below_30;locked_oos_trade_event_count_8_below_20,0.4362348950348045,0.059399946733890374,-0.023132587101705293,-0.023132587101705293,False,validation_return_0.0349_below_preferred_0.10;locked_oos_return_0.0165_below_preferred_0.03;locked_oos_trade_event_count_8_below_20;validation_min_half_return_-0.0231_below_0;train_rpt_19.930_below_preferred_20bps
2387,a30fb_booster_squeeze_expansion_6h_trxusdt_lb48_volz0p0_hold6_4p0x_0p15_05ed248d,no_promotion_shadow_or_reject,volatility_squeeze_range_expansion,TRXUSDT,6h,0.022427492350830525,0.02413936330671751,0.024749709050438273,False,False,False,train_trade_event_count_18_below_80;validation_trade_event_count_8_below_30;locked_oos_trade_event_count_3_below_20;train_return_below_validation_return;train_validation_return_ratio_0.9291_below_1.00,0.43124595476643457,0.03086983189056358,-0.006528921863493409,-0.006528921863493409,False,validation_return_0.0241_below_preferred_0.10;locked_oos_return_0.0247_below_preferred_0.03;locked_oos_trade_event_count_3_below_20;validation_min_half_return_-0.0065_below_0
2408,a30fb_booster_squeeze_expansion_6h_trxusdt_lb48_volz0p0_hold6_4p0x_0p125_81aeac49,no_promotion_shadow_or_reject,volatility_squeeze_range_expansion,TRXUSDT,6h,0.019179178168400313,0.020207537513548868,0.02064294333452721,False,False,False,train_trade_event_count_18_below_80;validation_trade_event_count_8_below_30;locked_oos_trade_event_count_3_below_20;train_return_below_validation_return;train_validation_return_ratio_0.9491_below_1.00,0.4275950477227587,0.025744813443252523,-0.005398297760936477,-0.005398297760936477,False,validation_return_0.0202_below_preferred_0.10;locked_oos_return_0.0206_below_preferred_0.03;locked_oos_trade_event_count_3_below_20;validation_min_half_return_-0.0054_below_0
2409,a30fb_booster_squeeze_expansion_6h_trxusdt_lb48_volz0p0_hold6_5p0x_0p1_95a53d98,no_promotion_shadow_or_reject,volatility_squeeze_range_expansion,TRXUSDT,6h,0.019179178168400313,0.020207537513548868,0.02064294333452721,False,False,False,train_trade_event_count_18_below_80;validation_trade_event_count_8_below_30;locked_oos_trade_event_count_3_below_20;train_return_below_validation_return;train_validation_return_ratio_0.9491_below_1.00,0.4275950477227587,0.025744813443252523,-0.005398297760936477,-0.005398297760936477,False,validation_return_0.0202_below_preferred_0.10;locked_oos_return_0.0206_below_preferred_0.03;locked_oos_trade_event_count_3_below_20;validation_min_half_return_-0.0054_below_0
2429,a30fb_booster_squeeze_expansion_6h_trxusdt_lb48_volz0p0_hold6_3p0x_0p15_e471e158,no_promotion_shadow_or_reject,volatility_squeeze_range_expansion,TRXUSDT,6h,0.017480384342926536,0.01822759660885165,0.01858670421233133,False,False,False,train_trade_event_count_18_below_80;validation_trade_event_count_8_below_30;locked_oos_trade_event_count_3_below_20;validation_return_0.0182_below_0.02;train_return_below_validation_return;train_validation_return_ratio_0.9590_below_1.00,0.4250418340081502,0.023179095386351767,-0.004839327542780492,-0.004839327542780492,False,validation_return_0.0182_below_preferred_0.10;locked_oos_return_0.0186_below_preferred_0.03;locked_oos_trade_event_count_3_below_20;validation_min_half_return_-0.0048_below_0
2446,a30fb_booster_pullback_reclaim_6h_ethusdt_fast12_slow48_z-0p5_hold12_2p0x_0p15_f4307839,no_promotion_shadow_or_reject,trend_pullback_reclaim,ETHUSDT,6h,0.02972925149450467,0.0836497651270256,0.009573743954029323,False,False,False,train_trade_event_count_58_below_80;validation_trade_event_count_5_below_30;locked_oos_trade_event_count_8_below_20;train_return_below_validation_return;train_validation_return_ratio_0.3554_below_1.00,0.42226044389687195,0.1003340569099147,-0.015162933182077398,-0.015162933182077398,False,validation_return_0.0836_below_preferred_0.10;locked_oos_return_0.0096_below_preferred_0.03;locked_oos_trade_event_count_8_below_20;validation_min_half_return_-0.0152_below_0;train_rpt_17.086_below_preferred_20bps
2447,a30fb_booster_pullback_reclaim_6h_ethusdt_fast12_slow48_z-0p5_hold12_3p0x_0p1_d584a816,no_promotion_shadow_or_reject,trend_pullback_reclaim,ETHUSDT,6h,0.02972925149450445,0.0836497651270256,0.009573743954029323,False,False,False,train_trade_event_count_58_below_80;validation_trade_event_count_5_below_30;locked_oos_trade_event_count_8_below_20;train_return_below_validation_return;train_validation_return_ratio_0.3554_below_1.00,0.4222604438968693,0.1003340569099147,-0.015162933182077398,-0.015162933182077398,False,validation_return_0.0836_below_preferred_0.10;locked_oos_return_0.0096_below_preferred_0.03;locked_oos_trade_event_count_8_below_20;validation_min_half_return_-0.0152_below_0;train_rpt_17.086_below_preferred_20bps
2466,a30fb_booster_mh_consensus_6h_bnbusdt_s12_l48_thr0p01_adx12p0_hold18_cool4_3p0x_0p15_cf15ed9c,no_promotion_shadow_or_reject,multi_horizon_consensus_momentum,BNBUSDT,6h,0.04088231013752308,0.08473457984066268,0.017601930118406717,False,False,False,train_trade_event_count_73_below_80;validation_trade_event_count_21_below_30;locked_oos_trade_event_count_12_below_20;train_return_below_validation_return;train_validation_return_ratio_0.4825_below_1.00,0.4159059893006728,0.10934664927456872,-0.02218609435562935,-0.02218609435562935,False,validation_return_0.0847_below_preferred_0.10;locked_oos_return_0.0176_below_preferred_0.03;locked_oos_trade_event_count_12_below_20;validation_min_half_return_-0.0222_below_0;train_rpt_12.445_below_preferred_20bps
2469,a30fb_booster_mh_consensus_6h_bnbusdt_s12_l48_thr0p005_adx18p0_hold18_cool4_3p0x_0p1_1f8a4752,no_promotion_shadow_or_reject,multi_horizon_consensus_momentum,BNBUSDT,6h,0.029360047867326156,0.05934013577731778,0.020475992486411743,False,False,False,train_trade_event_count_75_below_80;validation_trade_event_count_21_below_30;locked_oos_trade_event_count_10_below_20;train_return_below_validation_return;train_validation_return_ratio_0.4948_below_1.00,0.4158572766622221,0.07651328766320398,-0.01595256842872983,-0.01595256842872983,False,validation_return_0.0593_below_preferred_0.10;locked_oos_return_0.0205_below_preferred_0.03;locked_oos_trade_event_count_10_below_20;validation_min_half_return_-0.0160_below_0;train_rpt_13.049_below_preferred_20bps
2470,a30fb_booster_mh_consensus_6h_bnbusdt_s12_l48_thr0p005_adx18p0_hold18_cool4_2p0x_0p15_bb42bd8e,no_promotion_shadow_or_reject,multi_horizon_consensus_momentum,BNBUSDT,6h,0.029360047867326156,0.05934013577731756,0.020475992486411743,False,False,False,train_trade_event_count_75_below_80;validation_trade_event_count_21_below_30;locked_oos_trade_event_count_10_below_20;train_return_below_validation_return;train_validation_return_ratio_0.4948_below_1.00,0.4158572766622212,0.07651328766320398,-0.015952568428730052,-0.015952568428730052,False,validation_return_0.0593_below_preferred_0.10;locked_oos_return_0.0205_below_preferred_0.03;locked_oos_trade_event_count_10_below_20;validation_min_half_return_-0.0160_below_0;train_rpt_13.049_below_preferred_20bps
2477,a30fb_booster_squeeze_expansion_6h_trxusdt_lb48_volz0p0_hold6_2p0x_0p15_d31281c6,no_promotion_shadow_or_reject,volatility_squeeze_range_expansion,TRXUSDT,6h,0.01208853227052753,0.012232506232543017,0.012406904866109958,False,False,False,train_trade_event_count_18_below_80;validation_trade_event_count_8_below_30;locked_oos_trade_event_count_3_below_20;validation_return_0.0122_below_0.02;train_return_below_validation_return;train_validation_return_ratio_0.9882_below_1.00,0.4145001412179455,0.015469683081168917,-0.003187861639357803,-0.003187861639357803,False,validation_return_0.0122_below_preferred_0.10;locked_oos_return_0.0124_below_preferred_0.03;locked_oos_trade_event_count_3_below_20;validation_min_half_return_-0.0032_below_0
2478,a30fb_booster_squeeze_expansion_6h_trxusdt_lb48_volz0p0_hold6_3p0x_0p1_299e2666,no_promotion_shadow_or_reject,volatility_squeeze_range_expansion,TRXUSDT,6h,0.01208853227052753,0.012232506232543017,0.01240690486611018,False,False,False,train_trade_event_count_18_below_80;validation_trade_event_count_8_below_30;locked_oos_trade_event_count_3_below_20;validation_return_0.0122_below_0.02;train_return_below_validation_return;train_validation_return_ratio_0.9882_below_1.00,0.4145001412179454,0.015469683081168917,-0.003187861639357803,-0.003187861639357803,False,validation_return_0.0122_below_preferred_0.10;locked_oos_return_0.0124_below_preferred_0.03;locked_oos_trade_event_count_3_below_20;validation_min_half_return_-0.0032_below_0
2489,a30fb_booster_pullback_reclaim_4h_bnbusdt_fast8_slow40_z-0p5_hold8_2p0x_0p15_1083f513,no_promotion_shadow_or_reject,trend_pullback_reclaim,BNBUSDT,4h,0.05103544387668735,0.02371729607745432,0.011177666434065703,False,False,False,validation_trade_event_count_17_below_30;locked_oos_trade_event_count_8_below_20,0.4122701116267768,0.03973722515331013,-0.015407670984842303,-0.015407670984842303,False,validation_return_0.0237_below_preferred_0.10;locked_oos_return_0.0112_below_preferred_0.03;locked_oos_trade_event_count_8_below_20;validation_min_half_return_-0.0154_below_0
2490,a30fb_booster_pullback_reclaim_4h_bnbusdt_fast8_slow40_z-0p5_hold8_3p0x_0p1_047cab68,no_promotion_shadow_or_reject,trend_pullback_reclaim,BNBUSDT,4h,0.05103544387668668,0.02371729607745432,0.011177666434065703,False,False,False,validation_trade_event_count_17_below_30;locked_oos_trade_event_count_8_below_20,0.41227011162677624,0.03973722515331013,-0.015407670984842081,-0.015407670984842081,False,validation_return_0.0237_below_preferred_0.10;locked_oos_return_0.0112_below_preferred_0.03;locked_oos_trade_event_count_8_below_20;validation_min_half_return_-0.0154_below_0
2498,a30fb_booster_squeeze_expansion_6h_trxusdt_lb48_volz0p5_hold6_2p0x_0p15_032a2ae7,no_promotion_shadow_or_reject,volatility_squeeze_range_expansion,TRXUSDT,6h,0.02351725933605131,0.008404811372186405,0.012406904866109958,False,False,False,train_trade_event_count_14_below_80;validation_trade_event_count_8_below_30;locked_oos_trade_event_count_3_below_20;validation_return_0.0084_below_0.02,0.41154238992354863,0.015469683081168917,-0.0069572453286302904,-0.0069572453286302904,False,validation_return_0.0084_below_preferred_0.10;locked_oos_return_0.0124_below_preferred_0.03;locked_oos_trade_event_count_3_below_20;validation_min_half_return_-0.0070_below_0
2499,a30fb_booster_squeeze_expansion_6h_trxusdt_lb48_volz1p0_hold6_2p0x_0p15_be01ec43,no_promotion_shadow_or_reject,volatility_squeeze_range_expansion,TRXUSDT,6h,0.02351725933605131,0.008404811372186405,0.012406904866109958,False,False,False,train_trade_event_count_14_below_80;validation_trade_event_count_8_below_30;locked_oos_trade_event_count_3_below_20;validation_return_0.0084_below_0.02,0.41154238992354863,0.015469683081168917,-0.0069572453286302904,-0.0069572453286302904,False,validation_return_0.0084_below_preferred_0.10;locked_oos_return_0.0124_below_preferred_0.03;locked_oos_trade_event_count_3_below_20;validation_min_half_return_-0.0070_below_0
2500,a30fb_booster_squeeze_expansion_6h_trxusdt_lb48_volz0p5_hold6_3p0x_0p1_bdc97b3f,no_promotion_shadow_or_reject,volatility_squeeze_range_expansion,TRXUSDT,6h,0.02351725933605131,0.008404811372186405,0.01240690486611018,False,False,False,train_trade_event_count_14_below_80;validation_trade_event_count_8_below_30;locked_oos_trade_event_count_3_below_20;validation_return_0.0084_below_0.02,0.4115423899235486,0.015469683081168917,-0.0069572453286302904,-0.0069572453286302904,False,validation_return_0.0084_below_preferred_0.10;locked_oos_return_0.0124_below_preferred_0.03;locked_oos_trade_event_count_3_below_20;validation_min_half_return_-0.0070_below_0
2501,a30fb_booster_squeeze_expansion_6h_trxusdt_lb48_volz1p0_hold6_3p0x_0p1_b22bc471,no_promotion_shadow_or_reject,volatility_squeeze_range_expansion,TRXUSDT,6h,0.02351725933605131,0.008404811372186405,0.01240690486611018,False,False,False,train_trade_event_count_14_below_80;validation_trade_event_count_8_below_30;locked_oos_trade_event_count_3_below_20;validation_return_0.0084_below_0.02,0.4115423899235486,0.015469683081168917,-0.0069572453286302904,-0.0069572453286302904,False,validation_return_0.0084_below_preferred_0.10;locked_oos_return_0.0124_below_preferred_0.03;locked_oos_trade_event_count_3_below_20;validation_min_half_return_-0.0070_below_0
2535,a30fb_booster_squeeze_expansion_6h_trxusdt_lb48_volz0p5_hold6_3p0x_0p15_fa041f6f,no_promotion_shadow_or_reject,volatility_squeeze_range_expansion,TRXUSDT,6h,0.03483342947272794,0.012459886473052517,0.01858670421233133,False,False,False,train_trade_event_count_14_below_80;validation_trade_event_count_8_below_30;locked_oos_trade_event_count_3_below_20;validation_return_0.0125_below_0.02,0.40289721063623307,0.023179095386351767,-0.010476375994812215,-0.010476375994812215,False,validation_return_0.0125_below_preferred_0.10;locked_oos_return_0.0186_below_preferred_0.03;locked_oos_trade_event_count_3_below_20;validation_min_half_return_-0.0105_below_0
2536,a30fb_booster_squeeze_expansion_6h_trxusdt_lb48_volz1p0_hold6_3p0x_0p15_b0f49867,no_promotion_shadow_or_reject,volatility_squeeze_range_expansion,TRXUSDT,6h,0.03483342947272794,0.012459886473052517,0.01858670421233133,False,False,False,train_trade_event_count_14_below_80;validation_trade_event_count_8_below_30;locked_oos_trade_event_count_3_below_20;validation_return_0.0125_below_0.02,0.40289721063623307,0.023179095386351767,-0.010476375994812215,-0.010476375994812215,False,validation_return_0.0125_below_preferred_0.10;locked_oos_return_0.0186_below_preferred_0.03;locked_oos_trade_event_count_3_below_20;validation_min_half_return_-0.0105_below_0
2543,a30fb_booster_mh_consensus_6h_bnbusdt_s12_l48_thr0p01_adx12p0_hold18_cool4_4p0x_0p125_36ca811a,no_promotion_shadow_or_reject,multi_horizon_consensus_momentum,BNBUSDT,6h,0.04374332699353212,0.09385827948891934,0.01947553196884666,False,False,False,train_trade_event_count_73_below_80;validation_trade_event_count_21_below_30;locked_oos_trade_event_count_12_below_20;train_return_below_validation_return;train_validation_return_ratio_0.4661_below_1.00,0.4017808396546186,0.12170767511995062,-0.02482767680808995,-0.02482767680808995,False,validation_return_0.0939_below_preferred_0.10;locked_oos_return_0.0195_below_preferred_0.03;locked_oos_trade_event_count_12_below_20;validation_min_half_return_-0.0248_below_0;train_rpt_11.984_below_preferred_20bps
2544,a30fb_booster_mh_consensus_6h_bnbusdt_s12_l48_thr0p01_adx12p0_hold18_cool4_5p0x_0p1_3b447fcc,no_promotion_shadow_or_reject,multi_horizon_consensus_momentum,BNBUSDT,6h,0.04374332699353212,0.09385827948891934,0.01947553196884666,False,False,False,train_trade_event_count_73_below_80;validation_trade_event_count_21_below_30;locked_oos_trade_event_count_12_below_20;train_return_below_validation_return;train_validation_return_ratio_0.4661_below_1.00,0.4017808396546186,0.12170767511995062,-0.02482767680808995,-0.02482767680808995,False,validation_return_0.0939_below_preferred_0.10;locked_oos_return_0.0195_below_preferred_0.03;locked_oos_trade_event_count_12_below_20;validation_min_half_return_-0.0248_below_0;train_rpt_11.984_below_preferred_20bps
2555,a30fb_booster_squeeze_expansion_6h_trxusdt_lb48_volz0p5_hold6_4p0x_0p125_06db4ccf,no_promotion_shadow_or_reject,volatility_squeeze_range_expansion,TRXUSDT,6h,0.038536856239039796,0.013789412906052956,0.02064294333452721,False,False,False,train_trade_event_count_14_below_80;validation_trade_event_count_8_below_30;locked_oos_trade_event_count_3_below_20;validation_return_0.0138_below_0.02,0.3998318543068565,0.025744813443252523,-0.011655336084095635,-0.011655336084095635,False,validation_return_0.0138_below_preferred_0.10;locked_oos_return_0.0206_below_preferred_0.03;locked_oos_trade_event_count_3_below_20;validation_min_half_return_-0.0117_below_0
2556,a30fb_booster_squeeze_expansion_6h_trxusdt_lb48_volz0p5_hold6_5p0x_0p1_d109e555,no_promotion_shadow_or_reject,volatility_squeeze_range_expansion,TRXUSDT,6h,0.038536856239039796,0.013789412906052956,0.02064294333452721,False,False,False,train_trade_event_count_14_below_80;validation_trade_event_count_8_below_30;locked_oos_trade_event_count_3_below_20;validation_return_0.0138_below_0.02,0.3998318543068565,0.025744813443252523,-0.011655336084095635,-0.011655336084095635,False,validation_return_0.0138_below_preferred_0.10;locked_oos_return_0.0206_below_preferred_0.03;locked_oos_trade_event_count_3_below_20;validation_min_half_return_-0.0117_below_0
2557,a30fb_booster_squeeze_expansion_6h_trxusdt_lb48_volz1p0_hold6_4p0x_0p125_736647b0,no_promotion_shadow_or_reject,volatility_squeeze_range_expansion,TRXUSDT,6h,0.038536856239039796,0.013789412906052956,0.02064294333452721,False,False,False,train_trade_event_count_14_below_80;validation_trade_event_count_8_below_30;locked_oos_trade_event_count_3_below_20;validation_return_0.0138_below_0.02,0.3998318543068565,0.025744813443252523,-0.011655336084095635,-0.011655336084095635,False,validation_return_0.0138_below_preferred_0.10;locked_oos_return_0.0206_below_preferred_0.03;locked_oos_trade_event_count_3_below_20;validation_min_half_return_-0.0117_below_0
2558,a30fb_booster_squeeze_expansion_6h_trxusdt_lb48_volz1p0_hold6_5p0x_0p1_83e423d6,no_promotion_shadow_or_reject,volatility_squeeze_range_expansion,TRXUSDT,6h,0.038536856239039796,0.013789412906052956,0.02064294333452721,False,False,False,train_trade_event_count_14_below_80;validation_trade_event_count_8_below_30;locked_oos_trade_event_count_3_below_20;validation_return_0.0138_below_0.02,0.3998318543068565,0.025744813443252523,-0.011655336084095635,-0.011655336084095635,False,validation_return_0.0138_below_preferred_0.10;locked_oos_return_0.0206_below_preferred_0.03;locked_oos_trade_event_count_3_below_20;validation_min_half_return_-0.0117_below_0
2585,a30fb_booster_squeeze_expansion_6h_trxusdt_lb48_volz0p5_hold6_4p0x_0p15_4bd7e9fb,no_promotion_shadow_or_reject,volatility_squeeze_range_expansion,TRXUSDT,6h,0.04583803769591133,0.016414918829238845,0.024749709050438273,False,False,False,train_trade_event_count_14_below_80;validation_trade_event_count_8_below_30;locked_oos_trade_event_count_3_below_20;validation_return_0.0164_below_0.02,0.3934233164129981,0.03086983189056358,-0.01402205459327055,-0.01402205459327055,False,validation_return_0.0164_below_preferred_0.10;locked_oos_return_0.0247_below_preferred_0.03;locked_oos_trade_event_count_3_below_20;validation_min_half_return_-0.0140_below_0
2586,a30fb_booster_squeeze_expansion_6h_trxusdt_lb48_volz1p0_hold6_4p0x_0p15_03622efa,no_promotion_shadow_or_reject,volatility_squeeze_range_expansion,TRXUSDT,6h,0.04583803769591133,0.016414918829238845,0.024749709050438273,False,False,False,train_trade_event_count_14_below_80;validation_trade_event_count_8_below_30;locked_oos_trade_event_count_3_below_20;validation_return_0.0164_below_0.02,0.3934233164129981,0.03086983189056358,-0.01402205459327055,-0.01402205459327055,False,validation_return_0.0164_below_preferred_0.10;locked_oos_return_0.0247_below_preferred_0.03;locked_oos_trade_event_count_3_below_20;validation_min_half_return_-0.0140_below_0
2606,a30fb_booster_rs_chandelier_6h_solusdt_lb12_atr0p5_rel0p01_trail2p0_hold18_3p0x_0p1_6932e5ae,no_promotion_shadow_or_reject,relative_strength_chandelier_breakout,SOLUSDT,6h,0.03502619645502203,0.048444310392318224,0.004574478744991062,False,False,False,train_trade_event_count_68_below_80;validation_trade_event_count_16_below_30;locked_oos_trade_event_count_7_below_20;train_return_below_validation_return;train_validation_return_ratio_0.7230_below_1.00,0.3903711983580903,0.09798506163391574,-0.04511969513307845,-0.04511969513307845,False,validation_return_0.0484_below_preferred_0.10;locked_oos_return_0.0046_below_preferred_0.03;locked_oos_trade_event_count_7_below_20;validation_min_half_return_-0.0451_below_0;train_rpt_17.170_below_preferred_20bps
2607,a30fb_booster_rs_chandelier_6h_solusdt_lb12_atr0p5_rel0p01_trail2p0_hold18_2p0x_0p15_8e61cc78,no_promotion_shadow_or_reject,relative_strength_chandelier_breakout,SOLUSDT,6h,0.03502619645502092,0.048444310392318224,0.004574478744991284,False,False,False,train_trade_event_count_68_below_80;validation_trade_event_count_16_below_30;locked_oos_trade_event_count_7_below_20;train_return_below_validation_return;train_validation_return_ratio_0.7230_below_1.00,0.3903711983580773,0.09798506163391574,-0.04511969513307834,-0.04511969513307834,False,validation_return_0.0484_below_preferred_0.10;locked_oos_return_0.0046_below_preferred_0.03;locked_oos_trade_event_count_7_below_20;validation_min_half_return_-0.0451_below_0;train_rpt_17.170_below_preferred_20bps
2610,a30fb_booster_rs_chandelier_6h_solusdt_lb12_atr0p5_rel0p015_trail3p0_hold18_3p0x_0p15_ef39e57e,no_promotion_shadow_or_reject,relative_strength_chandelier_breakout,SOLUSDT,6h,0.038680593805817454,0.06502140223845787,0.01982429919887929,False,False,False,train_trade_event_count_66_below_80;validation_trade_event_count_12_below_30;locked_oos_trade_event_count_7_below_20;train_return_below_validation_return;train_validation_return_ratio_0.5949_below_1.00,0.3896986958600709,0.11119958590335277,-0.04155705622168138,-0.04155705622168138,False,validation_return_0.0650_below_preferred_0.10;locked_oos_return_0.0198_below_preferred_0.03;locked_oos_trade_event_count_7_below_20;validation_min_half_return_-0.0416_below_0;train_rpt_13.024_below_preferred_20bps
2621,a30fb_booster_rs_chandelier_6h_solusdt_lb12_atr0p5_rel0p015_trail2p0_hold18_4p0x_0p15_ff94c13e,no_promotion_shadow_or_reject,relative_strength_chandelier_breakout,SOLUSDT,6h,0.04781517724455564,0.10671887600075514,0.008095239477407867,False,False,False,train_trade_event_count_66_below_80;validation_trade_event_count_12_below_30;locked_oos_trade_event_count_7_below_20;train_return_below_validation_return;train_validation_return_ratio_0.4480_below_1.00,0.3872536299577678,0.14907433419498517,-0.03686050321879619,-0.03686050321879619,False,locked_oos_return_0.0081_below_preferred_0.03;validation_mdd_0.1009_above_preferred_0.10;locked_oos_trade_event_count_7_below_20;validation_min_half_return_-0.0369_below_0;train_rpt_12.075_below_preferred_20bps;locked_oos_rpt_19.274_below_preferred_20bps
2639,a30fb_booster_mh_consensus_6h_bnbusdt_s12_l48_thr0p005_adx18p0_hold18_cool4_3p0x_0p15_f97c9a9c,no_promotion_shadow_or_reject,multi_horizon_consensus_momentum,BNBUSDT,6h,0.03948738089222914,0.08835697216330574,0.030631496173830097,False,False,False,train_trade_event_count_75_below_80;validation_trade_event_count_21_below_30;locked_oos_trade_event_count_10_below_20;train_return_below_validation_return;train_validation_return_ratio_0.4469_below_1.00,0.38358170322443225,0.1155699238874155,-0.02439376603958676,-0.02439376603958676,False,validation_return_0.0884_below_preferred_0.10;locked_oos_trade_event_count_10_below_20;validation_min_half_return_-0.0244_below_0;train_rpt_11.700_below_preferred_20bps
2678,a30fb_booster_rs_chandelier_2h_solusdt_lb12_atr0p5_rel0p01_trail3p0_hold18_2p0x_0p15_164ca60e,no_promotion_shadow_or_reject,relative_strength_chandelier_breakout,SOLUSDT,2h,0.22161243078301163,0.037608800547170196,0.017545911589702756,False,False,False,locked_oos_trade_event_count_19_below_20,0.3731249953951616,0.04673332083488324,-0.008717139414683217,-0.008717139414683217,False,validation_return_0.0376_below_preferred_0.10;locked_oos_return_0.0175_below_preferred_0.03;locked_oos_trade_event_count_19_below_20;validation_min_half_return_-0.0087_below_0
2679,a30fb_booster_rs_chandelier_2h_solusdt_lb12_atr0p5_rel0p01_trail3p0_hold18_3p0x_0p1_5d9de5fe,no_promotion_shadow_or_reject,relative_strength_chandelier_breakout,SOLUSDT,2h,0.22161243078301207,0.037608800547170196,0.017545911589702756,False,False,False,locked_oos_trade_event_count_19_below_20,0.37312499539516136,0.04673332083488302,-0.008717139414682995,-0.008717139414682995,False,validation_return_0.0376_below_preferred_0.10;locked_oos_return_0.0175_below_preferred_0.03;locked_oos_trade_event_count_19_below_20;validation_min_half_return_-0.0087_below_0
2699,a30fb_booster_rs_chandelier_2h_solusdt_lb12_atr0p5_rel0p01_trail3p0_hold18_3p0x_0p15_01d2dee1,no_promotion_shadow_or_reject,relative_strength_chandelier_breakout,SOLUSDT,2h,0.334351255209544,0.055129161578552965,0.026041638127054734,False,False,False,locked_oos_trade_event_count_19_below_20;validation_mdd_0.1289_above_0.12,0.37073271002340724,0.06995648261799525,-0.013857872988592534,-0.013857872988592534,False,validation_return_0.0551_below_preferred_0.10;locked_oos_return_0.0260_below_preferred_0.03;validation_mdd_0.1289_above_preferred_0.10;locked_oos_trade_event_count_19_below_20;validation_min_half_return_-0.0139_below_0
2704,a30fb_booster_rs_chandelier_2h_solusdt_lb12_atr0p5_rel0p01_trail2p0_hold18_2p0x_0p15_2d30e4c2,no_promotion_shadow_or_reject,relative_strength_chandelier_breakout,SOLUSDT,2h,0.22565494212450932,0.037608800547170196,0.017545911589702756,False,False,False,locked_oos_trade_event_count_19_below_20,0.3698112360982196,0.04673332083488324,-0.008717139414683217,-0.008717139414683217,False,validation_return_0.0376_below_preferred_0.10;locked_oos_return_0.0175_below_preferred_0.03;locked_oos_trade_event_count_19_below_20;validation_min_half_return_-0.0087_below_0
2705,a30fb_booster_rs_chandelier_2h_solusdt_lb12_atr0p5_rel0p01_trail2p0_hold18_3p0x_0p1_6f6a1ff9,no_promotion_shadow_or_reject,relative_strength_chandelier_breakout,SOLUSDT,2h,0.22565494212450954,0.037608800547170196,0.017545911589702756,False,False,False,locked_oos_trade_event_count_19_below_20,0.3698112360982195,0.04673332083488302,-0.008717139414682995,-0.008717139414682995,False,validation_return_0.0376_below_preferred_0.10;locked_oos_return_0.0175_below_preferred_0.03;locked_oos_trade_event_count_19_below_20;validation_min_half_return_-0.0087_below_0
2717,a30fb_booster_rs_chandelier_2h_solusdt_lb12_atr0p5_rel0p01_trail3p0_hold18_4p0x_0p125_95b90952,no_promotion_shadow_or_reject,relative_strength_chandelier_breakout,SOLUSDT,2h,0.37179887412539814,0.0607648149715625,0.02883111070305744,False,False,False,locked_oos_trade_event_count_19_below_20;validation_mdd_0.1423_above_0.12,0.3670349416018912,0.07766876045673388,-0.015685659736490387,-0.015685659736490387,False,validation_return_0.0608_below_preferred_0.10;locked_oos_return_0.0288_below_preferred_0.03;validation_mdd_0.1423_above_preferred_0.10;locked_oos_trade_event_count_19_below_20;validation_min_half_return_-0.0157_below_0
2718,a30fb_booster_rs_chandelier_2h_solusdt_lb12_atr0p5_rel0p01_trail3p0_hold18_5p0x_0p1_b89f2cbb,no_promotion_shadow_or_reject,relative_strength_chandelier_breakout,SOLUSDT,2h,0.37179887412539814,0.0607648149715625,0.02883111070305744,False,False,False,locked_oos_trade_event_count_19_below_20;validation_mdd_0.1423_above_0.12,0.3670349416018912,0.07766876045673388,-0.015685659736490387,-0.015685659736490387,False,validation_return_0.0608_below_preferred_0.10;locked_oos_return_0.0288_below_preferred_0.03;validation_mdd_0.1423_above_preferred_0.10;locked_oos_trade_event_count_19_below_20;validation_min_half_return_-0.0157_below_0
2727,a30fb_booster_mh_consensus_6h_bnbusdt_s12_l48_thr0p005_adx18p0_hold18_cool4_4p0x_0p125_7b7bef5f,no_promotion_shadow_or_reject,multi_horizon_consensus_momentum,BNBUSDT,6h,0.04216427754908891,0.09791315862414351,0.034003603842221564,False,False,False,train_trade_event_count_75_below_80;validation_trade_event_count_21_below_30;locked_oos_trade_event_count_10_below_20;train_return_below_validation_return;train_validation_return_ratio_0.4306_below_1.00,0.3659717248132539,0.12869746970450602,-0.027274191629420685,-0.027274191629420685,False,validation_return_0.0979_below_preferred_0.10;locked_oos_trade_event_count_10_below_20;validation_min_half_return_-0.0273_below_0;train_rpt_11.244_below_preferred_20bps
2728,a30fb_booster_mh_consensus_6h_bnbusdt_s12_l48_thr0p005_adx18p0_hold18_cool4_5p0x_0p1_10515489,no_promotion_shadow_or_reject,multi_horizon_consensus_momentum,BNBUSDT,6h,0.04216427754908891,0.09791315862414351,0.034003603842221564,False,False,False,train_trade_event_count_75_below_80;validation_trade_event_count_21_below_30;locked_oos_trade_event_count_10_below_20;train_return_below_validation_return;train_validation_return_ratio_0.4306_below_1.00,0.3659717248132539,0.12869746970450602,-0.027274191629420685,-0.027274191629420685,False,validation_return_0.0979_below_preferred_0.10;locked_oos_trade_event_count_10_below_20;validation_min_half_return_-0.0273_below_0;train_rpt_11.244_below_preferred_20bps
2737,a30fb_booster_rs_chandelier_2h_solusdt_lb12_atr0p5_rel0p01_trail2p0_hold18_3p0x_0p15_3bc504eb,no_promotion_shadow_or_reject,relative_strength_chandelier_breakout,SOLUSDT,2h,0.3409860350006171,0.055129161578552965,0.026041638127054734,False,False,False,locked_oos_trade_event_count_19_below_20;validation_mdd_0.1289_above_0.12,0.36378951076358823,0.06995648261799525,-0.013857872988592534,-0.013857872988592534,False,validation_return_0.0551_below_preferred_0.10;locked_oos_return_0.0260_below_preferred_0.03;validation_mdd_0.1289_above_preferred_0.10;locked_oos_trade_event_count_19_below_20;validation_min_half_return_-0.0139_below_0
2742,a30fb_booster_mh_consensus_6h_bnbusdt_s12_l48_thr0p01_adx12p0_hold18_cool4_4p0x_0p15_bc1298a2,no_promotion_shadow_or_reject,multi_horizon_consensus_momentum,BNBUSDT,6h,0.048417277300173645,0.11189727100830216,0.02317228326136167,False,False,False,train_trade_event_count_73_below_80;validation_trade_event_count_21_below_30;locked_oos_trade_event_count_12_below_20;train_return_below_validation_return;train_validation_return_ratio_0.4327_below_1.00,0.3632608655048882,0.14653766508890098,-0.030213045009656825,-0.030213045009656825,False,locked_oos_return_0.0232_below_preferred_0.03;validation_mdd_0.1163_above_preferred_0.10;locked_oos_trade_event_count_12_below_20;validation_min_half_return_-0.0302_below_0;train_rpt_11.054_below_preferred_20bps
2768,a30fb_booster_rs_chandelier_2h_solusdt_lb12_atr0p5_rel0p01_trail2p0_hold18_4p0x_0p125_59b7c203,no_promotion_shadow_or_reject,relative_strength_chandelier_breakout,SOLUSDT,2h,0.37938209413979895,0.0607648149715625,0.02883111070305744,False,False,False,locked_oos_trade_event_count_19_below_20;validation_mdd_0.1423_above_0.12,0.3587553034229025,0.07766876045673388,-0.015685659736490387,-0.015685659736490387,False,validation_return_0.0608_below_preferred_0.10;locked_oos_return_0.0288_below_preferred_0.03;validation_mdd_0.1423_above_preferred_0.10;locked_oos_trade_event_count_19_below_20;validation_min_half_return_-0.0157_below_0
2769,a30fb_booster_rs_chandelier_2h_solusdt_lb12_atr0p5_rel0p01_trail2p0_hold18_5p0x_0p1_6814fe21,no_promotion_shadow_or_reject,relative_strength_chandelier_breakout,SOLUSDT,2h,0.37938209413979895,0.0607648149715625,0.02883111070305744,False,False,False,locked_oos_trade_event_count_19_below_20;validation_mdd_0.1423_above_0.12,0.3587553034229025,0.07766876045673388,-0.015685659736490387,-0.015685659736490387,False,validation_return_0.0608_below_preferred_0.10;locked_oos_return_0.0288_below_preferred_0.03;validation_mdd_0.1423_above_preferred_0.10;locked_oos_trade_event_count_19_below_20;validation_min_half_return_-0.0157_below_0
2792,a30fb_booster_rs_chandelier_2h_solusdt_lb12_atr0p5_rel0p01_trail3p0_hold18_4p0x_0p15_e65d32fd,no_promotion_shadow_or_reject,relative_strength_chandelier_breakout,SOLUSDT,2h,0.44608594055824313,0.07171702734784846,0.034345194499768805,False,False,False,locked_oos_trade_event_count_19_below_20;validation_mdd_0.1688_above_0.12,0.3556752232514224,0.09304325831701665,-0.019510875536624228,-0.019510875536624228,False,validation_return_0.0717_below_preferred_0.10;validation_mdd_0.1688_above_preferred_0.10;locked_oos_trade_event_count_19_below_20;validation_min_half_return_-0.0195_below_0
2807,a30fb_booster_squeeze_expansion_6h_solusdt_lb24_volz0p5_hold6_3p0x_0p1_13988428,no_promotion_shadow_or_reject,volatility_squeeze_range_expansion,SOLUSDT,6h,0.06602850698629004,0.00910794082483024,0.0035541408464503377,False,False,False,train_trade_event_count_38_below_80;validation_trade_event_count_8_below_30;locked_oos_trade_event_count_4_below_20;validation_return_0.0091_below_0.02,0.3541729023894647,0.020372581822748037,-0.011039733131397278,-0.011039733131397278,False,validation_return_0.0091_below_preferred_0.10;locked_oos_return_0.0036_below_preferred_0.03;locked_oos_trade_event_count_4_below_20;validation_min_half_return_-0.0110_below_0
2808,a30fb_booster_squeeze_expansion_6h_solusdt_lb24_volz0p5_hold6_2p0x_0p15_60fd650a,no_promotion_shadow_or_reject,volatility_squeeze_range_expansion,SOLUSDT,6h,0.06602850698628981,0.00910794082483024,0.0035541408464503377,False,False,False,train_trade_event_count_38_below_80;validation_trade_event_count_8_below_30;locked_oos_trade_event_count_4_below_20;validation_return_0.0091_below_0.02,0.35417290238946425,0.020372581822748037,-0.011039733131397278,-0.011039733131397278,False,validation_return_0.0091_below_preferred_0.10;locked_oos_return_0.0036_below_preferred_0.03;locked_oos_trade_event_count_4_below_20;validation_min_half_return_-0.0110_below_0
2856,a30fb_booster_rs_chandelier_2h_solusdt_lb12_atr0p5_rel0p01_trail2p0_hold18_4p0x_0p15_7f7520a2,no_promotion_shadow_or_reject,relative_strength_chandelier_breakout,SOLUSDT,2h,0.45568962212112285,0.07171702734784846,0.034345194499768805,False,False,False,locked_oos_trade_event_count_19_below_20;validation_mdd_0.1688_above_0.12,0.34453625926182374,0.09304325831701665,-0.019510875536624228,-0.019510875536624228,False,validation_return_0.0717_below_preferred_0.10;validation_mdd_0.1688_above_preferred_0.10;locked_oos_trade_event_count_19_below_20;validation_min_half_return_-0.0195_below_0
2883,a30fb_booster_mh_consensus_6h_btcusdt_s6_l24_thr0p005_adx24p0_hold18_cool4_4p0x_0p125_dec52581,no_promotion_shadow_or_reject,multi_horizon_consensus_momentum,BTCUSDT,6h,0.08730498115429852,0.03733936796198489,0.016055575325182314,False,False,False,validation_trade_event_count_24_below_30;locked_oos_trade_event_count_13_below_20,0.3403878375830229,0.06929224931852396,-0.029882271546346484,-0.029882271546346484,False,validation_return_0.0373_below_preferred_0.10;locked_oos_return_0.0161_below_preferred_0.03;locked_oos_trade_event_count_13_below_20;validation_min_half_return_-0.0299_below_0;train_rpt_18.979_below_preferred_20bps
2884,a30fb_booster_mh_consensus_6h_btcusdt_s6_l24_thr0p005_adx24p0_hold18_cool4_5p0x_0p1_9305dc5a,no_promotion_shadow_or_reject,multi_horizon_consensus_momentum,BTCUSDT,6h,0.08730498115429852,0.03733936796198489,0.016055575325182314,False,False,False,validation_trade_event_count_24_below_30;locked_oos_trade_event_count_13_below_20,0.3403878375830229,0.06929224931852396,-0.029882271546346484,-0.029882271546346484,False,validation_return_0.0373_below_preferred_0.10;locked_oos_return_0.0161_below_preferred_0.03;locked_oos_trade_event_count_13_below_20;validation_min_half_return_-0.0299_below_0;train_rpt_18.979_below_preferred_20bps
2889,a30fb_booster_rs_chandelier_6h_solusdt_lb12_atr0p5_rel0p015_trail3p0_hold18_4p0x_0p125_172a6c2e,no_promotion_shadow_or_reject,relative_strength_chandelier_breakout,SOLUSDT,6h,0.038448308029871425,0.07176897035240537,0.021891671010296765,False,False,False,train_trade_event_count_66_below_80;validation_trade_event_count_12_below_30;locked_oos_trade_event_count_7_below_20;train_return_below_validation_return;train_validation_return_ratio_0.5357_below_1.00,0.3400971829914238,0.12378555504016253,-0.046286931216070304,-0.046286931216070304,False,validation_return_0.0718_below_preferred_0.10;locked_oos_return_0.0219_below_preferred_0.03;locked_oos_trade_event_count_7_below_20;validation_min_half_return_-0.0463_below_0;train_rpt_11.651_below_preferred_20bps
2890,a30fb_booster_rs_chandelier_6h_solusdt_lb12_atr0p5_rel0p015_trail3p0_hold18_5p0x_0p1_9403478a,no_promotion_shadow_or_reject,relative_strength_chandelier_breakout,SOLUSDT,6h,0.038448308029871425,0.07176897035240537,0.021891671010296765,False,False,False,train_trade_event_count_66_below_80;validation_trade_event_count_12_below_30;locked_oos_trade_event_count_7_below_20;train_return_below_validation_return;train_validation_return_ratio_0.5357_below_1.00,0.3400971829914238,0.12378555504016253,-0.046286931216070304,-0.046286931216070304,False,validation_return_0.0718_below_preferred_0.10;locked_oos_return_0.0219_below_preferred_0.03;locked_oos_trade_event_count_7_below_20;validation_min_half_return_-0.0463_below_0;train_rpt_11.651_below_preferred_20bps
2892,a30fb_booster_mh_consensus_6h_btcusdt_s6_l24_thr0p005_adx24p0_hold18_cool4_4p0x_0p15_b03084aa,no_promotion_shadow_or_reject,multi_horizon_consensus_momentum,BTCUSDT,6h,0.1015837664393191,0.04352636056076875,0.01900362336338768,False,False,False,validation_trade_event_count_24_below_30;locked_oos_trade_event_count_13_below_20,0.33957713977878656,0.08311278022410007,-0.036548751326838325,-0.036548751326838325,False,validation_return_0.0435_below_preferred_0.10;locked_oos_return_0.0190_below_preferred_0.03;locked_oos_trade_event_count_13_below_20;validation_min_half_return_-0.0365_below_0;train_rpt_18.403_below_preferred_20bps
2894,a30fb_booster_mh_consensus_6h_btcusdt_s6_l24_thr0p005_adx24p0_hold18_cool4_3p0x_0p15_c8df83f7,no_promotion_shadow_or_reject,multi_horizon_consensus_momentum,BTCUSDT,6h,0.07973756372353602,0.03408094231709158,0.014548230749144908,False,False,False,validation_trade_event_count_24_below_30;locked_oos_trade_event_count_13_below_20,0.3390703054230362,0.06237451326652921,-0.0266323886690798,-0.0266323886690798,False,validation_return_0.0341_below_preferred_0.10;locked_oos_return_0.0145_below_preferred_0.03;locked_oos_trade_event_count_13_below_20;validation_min_half_return_-0.0266_below_0;train_rpt_19.260_below_preferred_20bps
2965,a30fb_booster_mh_consensus_6h_btcusdt_s6_l24_thr0p005_adx24p0_hold18_cool4_3p0x_0p1_89adb952,no_promotion_shadow_or_reject,multi_horizon_consensus_momentum,BTCUSDT,6h,0.05540038816584447,0.023658212954240865,0.009894056165054899,False,False,False,validation_trade_event_count_24_below_30;locked_oos_trade_event_count_13_below_20,0.3283000124717759,0.04159875868977725,-0.017224046770278445,-0.017224046770278445,False,validation_return_0.0237_below_preferred_0.10;locked_oos_return_0.0099_below_preferred_0.03;locked_oos_trade_event_count_13_below_20;validation_min_half_return_-0.0172_below_0
2966,a30fb_booster_mh_consensus_6h_btcusdt_s6_l24_thr0p005_adx24p0_hold18_cool4_2p0x_0p15_e9bf9592,no_promotion_shadow_or_reject,multi_horizon_consensus_momentum,BTCUSDT,6h,0.05540038816584425,0.023658212954240865,0.009894056165054899,False,False,False,validation_trade_event_count_24_below_30;locked_oos_trade_event_count_13_below_20,0.3283000124717757,0.04159875868977725,-0.017224046770278445,-0.017224046770278445,False,validation_return_0.0237_below_preferred_0.10;locked_oos_return_0.0099_below_preferred_0.03;locked_oos_trade_event_count_13_below_20;validation_min_half_return_-0.0172_below_0
3000,a30fb_booster_pullback_reclaim_6h_ethusdt_fast12_slow48_z-0p5_hold12_3p0x_0p15_ea9141f9,no_promotion_shadow_or_reject,trend_pullback_reclaim,ETHUSDT,6h,0.035152929827924506,0.12508708665098833,0.014000729938798084,False,False,False,train_trade_event_count_58_below_80;validation_trade_event_count_5_below_30;locked_oos_trade_event_count_8_below_20;train_return_below_validation_return;train_validation_return_ratio_0.2810_below_1.00,0.32334436963490676,0.15181410520359773,-0.023204281343545685,-0.023204281343545685,False,locked_oos_return_0.0140_below_preferred_0.03;locked_oos_trade_event_count_8_below_20;validation_min_half_return_-0.0232_below_0;train_rpt_13.469_below_preferred_20bps
3015,a30fb_booster_mh_consensus_6h_bnbusdt_s12_l48_thr0p005_adx18p0_hold18_cool4_4p0x_0p15_87986846,no_promotion_shadow_or_reject,multi_horizon_consensus_momentum,BNBUSDT,6h,0.046453979045459226,0.11683396113708189,0.04072747260982479,False,False,False,train_trade_event_count_75_below_80;validation_trade_event_count_21_below_30;locked_oos_trade_event_count_10_below_20;train_return_below_validation_return;train_validation_return_ratio_0.3976_below_1.00,0.320354625163982,0.15510616559966683,-0.03313306222611534,-0.03313306222611534,False,validation_mdd_0.1189_above_preferred_0.10;locked_oos_trade_event_count_10_below_20;validation_min_half_return_-0.0331_below_0;train_rpt_10.323_below_preferred_20bps
3145,a30fb_booster_mh_consensus_6h_solusdt_s6_l24_thr0p02_adx24p0_hold12_cool2_3p0x_0p1_1e90de6f,no_promotion_shadow_or_reject,multi_horizon_consensus_momentum,SOLUSDT,6h,0.10385012204451205,0.04210194607535844,0.014366705827822956,False,False,False,locked_oos_trade_event_count_13_below_20,0.3018124335485371,0.11212490909336581,-0.06296321793124005,-0.06296321793124005,False,validation_return_0.0421_below_preferred_0.10;locked_oos_return_0.0144_below_preferred_0.03;locked_oos_trade_event_count_13_below_20;validation_min_half_return_-0.0630_below_0
3146,a30fb_booster_mh_consensus_6h_solusdt_s6_l24_thr0p02_adx24p0_hold12_cool2_2p0x_0p15_f737ca14,no_promotion_shadow_or_reject,multi_horizon_consensus_momentum,SOLUSDT,6h,0.1038501220445116,0.04210194607535844,0.014366705827822956,False,False,False,locked_oos_trade_event_count_13_below_20,0.30181243354853654,0.11212490909336581,-0.06296321793124005,-0.06296321793124005,False,validation_return_0.0421_below_preferred_0.10;locked_oos_return_0.0144_below_preferred_0.03;locked_oos_trade_event_count_13_below_20;validation_min_half_return_-0.0630_below_0
3170,a30fb_booster_rs_chandelier_6h_solusdt_lb12_atr0p5_rel0p01_trail3p0_hold18_3p0x_0p1_e6e792bc,no_promotion_shadow_or_reject,relative_strength_chandelier_breakout,SOLUSDT,6h,0.02880683268676809,0.03825030009384456,0.013457741469882434,False,False,False,train_trade_event_count_68_below_80;validation_trade_event_count_16_below_30;locked_oos_trade_event_count_7_below_20;train_return_below_validation_return;train_validation_return_ratio_0.7531_below_1.00,0.29832387396140786,0.09798506163391574,-0.05440398383123568,-0.05440398383123568,False,validation_return_0.0383_below_preferred_0.10;locked_oos_return_0.0135_below_preferred_0.03;locked_oos_trade_event_count_7_below_20;validation_min_half_return_-0.0544_below_0;train_rpt_14.121_below_preferred_20bps
3171,a30fb_booster_rs_chandelier_6h_solusdt_lb12_atr0p5_rel0p01_trail3p0_hold18_2p0x_0p15_c87571c1,no_promotion_shadow_or_reject,relative_strength_chandelier_breakout,SOLUSDT,6h,0.02880683268676698,0.03825030009384456,0.013457741469882656,False,False,False,train_trade_event_count_68_below_80;validation_trade_event_count_16_below_30;locked_oos_trade_event_count_7_below_20;train_return_below_validation_return;train_validation_return_ratio_0.7531_below_1.00,0.29832387396139487,0.09798506163391574,-0.05440398383123557,-0.05440398383123557,False,validation_return_0.0383_below_preferred_0.10;locked_oos_return_0.0135_below_preferred_0.03;locked_oos_trade_event_count_7_below_20;validation_min_half_return_-0.0544_below_0;train_rpt_14.121_below_preferred_20bps
3223,a30fb_booster_squeeze_expansion_6h_solusdt_lb24_volz0p5_hold6_3p0x_0p15_f1888721,no_promotion_shadow_or_reject,volatility_squeeze_range_expansion,SOLUSDT,6h,0.09475010108853543,0.013069445292934745,0.005090018986729783,False,False,False,train_trade_event_count_38_below_80;validation_trade_event_count_8_below_30;locked_oos_trade_event_count_4_below_20;validation_return_0.0131_below_0.02,0.28900931240056343,0.030369249052895064,-0.01678990689586457,-0.01678990689586457,False,validation_return_0.0131_below_preferred_0.10;locked_oos_return_0.0051_below_preferred_0.03;locked_oos_trade_event_count_4_below_20;validation_min_half_return_-0.0168_below_0
3291,a30fb_booster_rs_chandelier_2h_solusdt_lb24_atr0p25_rel0p01_trail2p0_hold18_3p0x_0p1_1af68644,no_promotion_shadow_or_reject,relative_strength_chandelier_breakout,SOLUSDT,2h,0.08695897427195742,0.04136011968209208,0.008462549769783445,False,False,False,locked_oos_trade_event_count_15_below_20,0.2782913435817965,0.07751053707466204,-0.0335499432708255,-0.0335499432708255,False,validation_return_0.0414_below_preferred_0.10;locked_oos_return_0.0085_below_preferred_0.03;locked_oos_trade_event_count_15_below_20;validation_min_half_return_-0.0335_below_0;train_rpt_15.097_below_preferred_20bps;locked_oos_rpt_18.806_below_preferred_20bps
3292,a30fb_booster_rs_chandelier_2h_solusdt_lb24_atr0p25_rel0p01_trail2p0_hold18_2p0x_0p15_15bb14af,no_promotion_shadow_or_reject,relative_strength_chandelier_breakout,SOLUSDT,2h,0.0869589742719572,0.04136011968209208,0.008462549769783445,False,False,False,locked_oos_trade_event_count_15_below_20,0.27829134358179586,0.07751053707466249,-0.03354994327082583,-0.03354994327082583,False,validation_return_0.0414_below_preferred_0.10;locked_oos_return_0.0085_below_preferred_0.03;locked_oos_trade_event_count_15_below_20;validation_min_half_return_-0.0335_below_0;train_rpt_15.097_below_preferred_20bps;locked_oos_rpt_18.806_below_preferred_20bps
3300,a30fb_booster_rs_chandelier_2h_solusdt_lb24_atr0p25_rel0p01_trail2p0_hold18_3p0x_0p15_aaff6821,no_promotion_shadow_or_reject,relative_strength_chandelier_breakout,SOLUSDT,2h,0.12009431391906156,0.06067353827682531,0.012343979534434668,False,False,False,locked_oos_trade_event_count_15_below_20;validation_mdd_0.1444_above_0.12,0.27641800459312155,0.11724330502352998,-0.05063334592594726,-0.05063334592594726,False,validation_return_0.0607_below_preferred_0.10;locked_oos_return_0.0123_below_preferred_0.03;validation_mdd_0.1444_above_preferred_0.10;locked_oos_trade_event_count_15_below_20;validation_min_half_return_-0.0506_below_0;train_rpt_13.900_below_preferred_20bps;locked_oos_rpt_18.287_below_preferred_20bps
3303,a30fb_booster_pullback_reclaim_6h_ethusdt_fast12_slow48_z-0p5_hold12_4p0x_0p125_daadc237,no_promotion_shadow_or_reject,trend_pullback_reclaim,ETHUSDT,6h,0.035527381775102285,0.13880339871288738,0.015422859398498856,False,False,False,train_trade_event_count_58_below_80;validation_trade_event_count_5_below_30;locked_oos_trade_event_count_8_below_20;train_return_below_validation_return;train_validation_return_ratio_0.2560_below_1.00,0.27592028491134346,0.16914426763460533,-0.025951347290187443,-0.025951347290187443,False,locked_oos_return_0.0154_below_preferred_0.03;locked_oos_trade_event_count_8_below_20;validation_min_half_return_-0.0260_below_0;train_rpt_12.251_below_preferred_20bps
3304,a30fb_booster_pullback_reclaim_6h_ethusdt_fast12_slow48_z-0p5_hold12_5p0x_0p1_3acb2f58,no_promotion_shadow_or_reject,trend_pullback_reclaim,ETHUSDT,6h,0.035527381775102285,0.13880339871288738,0.015422859398498856,False,False,False,train_trade_event_count_58_below_80;validation_trade_event_count_5_below_30;locked_oos_trade_event_count_8_below_20;train_return_below_validation_return;train_validation_return_ratio_0.2560_below_1.00,0.27592028491134346,0.16914426763460533,-0.025951347290187443,-0.025951347290187443,False,locked_oos_return_0.0154_below_preferred_0.03;locked_oos_trade_event_count_8_below_20;validation_min_half_return_-0.0260_below_0;train_rpt_12.251_below_preferred_20bps
3312,a30fb_booster_rs_chandelier_2h_solusdt_lb24_atr0p25_rel0p01_trail2p0_hold18_4p0x_0p125_a9c306b1,no_promotion_shadow_or_reject,relative_strength_chandelier_breakout,SOLUSDT,2h,0.12941297625206372,0.06689197151518322,0.013585305103815282,False,False,False,locked_oos_trade_event_count_15_below_20;validation_mdd_0.1593_above_0.12,0.2746621816252941,0.13062380229615145,-0.056368732598355065,-0.056368732598355065,False,validation_return_0.0669_below_preferred_0.10;locked_oos_return_0.0136_below_preferred_0.03;validation_mdd_0.1593_above_preferred_0.10;locked_oos_trade_event_count_15_below_20;validation_min_half_return_-0.0564_below_0;train_rpt_13.481_below_preferred_20bps;locked_oos_rpt_18.114_below_preferred_20bps
3313,a30fb_booster_rs_chandelier_2h_solusdt_lb24_atr0p25_rel0p01_trail2p0_hold18_5p0x_0p1_f6cef146,no_promotion_shadow_or_reject,relative_strength_chandelier_breakout,SOLUSDT,2h,0.12941297625206372,0.06689197151518322,0.013585305103815282,False,False,False,locked_oos_trade_event_count_15_below_20;validation_mdd_0.1593_above_0.12,0.2746621816252941,0.13062380229615145,-0.056368732598355065,-0.056368732598355065,False,validation_return_0.0669_below_preferred_0.10;locked_oos_return_0.0136_below_preferred_0.03;validation_mdd_0.1593_above_preferred_0.10;locked_oos_trade_event_count_15_below_20;validation_min_half_return_-0.0564_below_0;train_rpt_13.481_below_preferred_20bps;locked_oos_rpt_18.114_below_preferred_20bps
3318,a30fb_booster_rs_chandelier_2h_solusdt_lb24_atr0p25_rel0p01_trail3p0_hold18_3p0x_0p1_be1dbc82,no_promotion_shadow_or_reject,relative_strength_chandelier_breakout,SOLUSDT,2h,0.08097024229374683,0.04136011968209208,0.008462549769783445,False,False,False,locked_oos_trade_event_count_15_below_20,0.2741325019302613,0.07751053707466204,-0.0335499432708255,-0.0335499432708255,False,validation_return_0.0414_below_preferred_0.10;locked_oos_return_0.0085_below_preferred_0.03;locked_oos_trade_event_count_15_below_20;validation_min_half_return_-0.0335_below_0;train_rpt_14.057_below_preferred_20bps;locked_oos_rpt_18.806_below_preferred_20bps
3319,a30fb_booster_rs_chandelier_2h_solusdt_lb24_atr0p25_rel0p01_trail3p0_hold18_2p0x_0p15_ba159d3c,no_promotion_shadow_or_reject,relative_strength_chandelier_breakout,SOLUSDT,2h,0.08097024229374639,0.04136011968209208,0.008462549769783445,False,False,False,locked_oos_trade_event_count_15_below_20,0.2741325019302606,0.07751053707466249,-0.03354994327082583,-0.03354994327082583,False,validation_return_0.0414_below_preferred_0.10;locked_oos_return_0.0085_below_preferred_0.03;locked_oos_trade_event_count_15_below_20;validation_min_half_return_-0.0335_below_0;train_rpt_14.057_below_preferred_20bps;locked_oos_rpt_18.806_below_preferred_20bps
3334,a30fb_booster_rs_chandelier_2h_solusdt_lb24_atr0p25_rel0p01_trail3p0_hold18_3p0x_0p15_7940010f,no_promotion_shadow_or_reject,relative_strength_chandelier_breakout,SOLUSDT,2h,0.11084184389029894,0.06067353827682531,0.012343979534434668,False,False,False,locked_oos_trade_event_count_15_below_20;validation_mdd_0.1444_above_0.12,0.2721344536538795,0.11724330502352998,-0.05063334592594726,-0.05063334592594726,False,validation_return_0.0607_below_preferred_0.10;locked_oos_return_0.0123_below_preferred_0.03;validation_mdd_0.1444_above_preferred_0.10;locked_oos_trade_event_count_15_below_20;validation_min_half_return_-0.0506_below_0;train_rpt_12.829_below_preferred_20bps;locked_oos_rpt_18.287_below_preferred_20bps
3344,a30fb_booster_rs_chandelier_2h_solusdt_lb24_atr0p25_rel0p01_trail3p0_hold18_4p0x_0p125_f252fed6,no_promotion_shadow_or_reject,relative_strength_chandelier_breakout,SOLUSDT,2h,0.11904859122234446,0.06689197151518322,0.013585305103815282,False,False,False,locked_oos_trade_event_count_15_below_20;validation_mdd_0.1593_above_0.12,0.2703436878629111,0.13062380229615145,-0.056368732598355065,-0.056368732598355065,False,validation_return_0.0669_below_preferred_0.10;locked_oos_return_0.0136_below_preferred_0.03;validation_mdd_0.1593_above_preferred_0.10;locked_oos_trade_event_count_15_below_20;validation_min_half_return_-0.0564_below_0;train_rpt_12.401_below_preferred_20bps;locked_oos_rpt_18.114_below_preferred_20bps
3345,a30fb_booster_rs_chandelier_2h_solusdt_lb24_atr0p25_rel0p01_trail3p0_hold18_5p0x_0p1_0595e4cd,no_promotion_shadow_or_reject,relative_strength_chandelier_breakout,SOLUSDT,2h,0.11904859122234446,0.06689197151518322,0.013585305103815282,False,False,False,locked_oos_trade_event_count_15_below_20;validation_mdd_0.1593_above_0.12,0.2703436878629111,0.13062380229615145,-0.056368732598355065,-0.056368732598355065,False,validation_return_0.0669_below_preferred_0.10;locked_oos_return_0.0136_below_preferred_0.03;validation_mdd_0.1593_above_preferred_0.10;locked_oos_trade_event_count_15_below_20;validation_min_half_return_-0.0564_below_0;train_rpt_12.401_below_preferred_20bps;locked_oos_rpt_18.114_below_preferred_20bps
3350,a30fb_booster_rs_chandelier_2h_solusdt_lb24_atr0p25_rel0p01_trail2p0_hold18_4p0x_0p15_13e408c9,no_promotion_shadow_or_reject,relative_strength_chandelier_breakout,SOLUSDT,2h,0.14531988724416345,0.07898504056360411,0.015988675217201376,False,False,False,locked_oos_trade_event_count_15_below_20;validation_mdd_0.1885_above_0.12,0.2693122132997246,0.15758083403020495,-0.06789659188893382,-0.06789659188893382,False,validation_return_0.0790_below_preferred_0.10;locked_oos_return_0.0160_below_preferred_0.03;validation_mdd_0.1885_above_preferred_0.10;locked_oos_trade_event_count_15_below_20;validation_min_half_return_-0.0679_below_0;train_rpt_12.615_below_preferred_20bps;locked_oos_rpt_17.765_below_preferred_20bps
3367,a30fb_booster_squeeze_expansion_6h_solusdt_lb24_volz0p5_hold6_4p0x_0p125_1da57ecf,no_promotion_shadow_or_reject,volatility_squeeze_range_expansion,SOLUSDT,6h,0.10361337944568905,0.014301059147174833,0.005566140305876877,False,False,False,train_trade_event_count_38_below_80;validation_trade_event_count_8_below_30;locked_oos_trade_event_count_4_below_20;validation_return_0.0143_below_0.02,0.26679346182420904,0.033672053900422716,-0.01873998109956987,-0.01873998109956987,False,validation_return_0.0143_below_preferred_0.10;locked_oos_return_0.0056_below_preferred_0.03;locked_oos_trade_event_count_4_below_20;validation_min_half_return_-0.0187_below_0
3368,a30fb_booster_squeeze_expansion_6h_solusdt_lb24_volz0p5_hold6_5p0x_0p1_bdf3a76e,no_promotion_shadow_or_reject,volatility_squeeze_range_expansion,SOLUSDT,6h,0.10361337944568905,0.014301059147174833,0.005566140305876877,False,False,False,train_trade_event_count_38_below_80;validation_trade_event_count_8_below_30;locked_oos_trade_event_count_4_below_20;validation_return_0.0143_below_0.02,0.26679346182420904,0.033672053900422716,-0.01873998109956987,-0.01873998109956987,False,validation_return_0.0143_below_preferred_0.10;locked_oos_return_0.0056_below_preferred_0.03;locked_oos_trade_event_count_4_below_20;validation_min_half_return_-0.0187_below_0
3388,a30fb_booster_rs_chandelier_2h_solusdt_lb24_atr0p25_rel0p01_trail3p0_hold18_4p0x_0p15_e57d06b1,no_promotion_shadow_or_reject,relative_strength_chandelier_breakout,SOLUSDT,2h,0.13271150436043988,0.07898504056360411,0.015988675217201376,False,False,False,locked_oos_trade_event_count_15_below_20;validation_mdd_0.1885_above_0.12,0.2649343025762095,0.15758083403020495,-0.06789659188893382,-0.06789659188893382,False,validation_return_0.0790_below_preferred_0.10;locked_oos_return_0.0160_below_preferred_0.03;validation_mdd_0.1885_above_preferred_0.10;locked_oos_trade_event_count_15_below_20;validation_min_half_return_-0.0679_below_0;train_rpt_11.520_below_preferred_20bps;locked_oos_rpt_17.765_below_preferred_20bps
3391,a30fb_booster_rs_chandelier_2h_solusdt_lb12_atr0p0_rel0p005_trail3p0_hold18_4p0x_0p15_cc1ec413,no_promotion_shadow_or_reject,relative_strength_chandelier_breakout,SOLUSDT,2h,0.02758498270415921,0.4435881838799127,-0.020676157984466426,False,False,False,train_return_below_validation_return;train_validation_return_ratio_0.0622_below_1.00;locked_oos_return_not_positive;train_return_per_turnover_proxy_bps_1.569_not_above_10.000;locked_oos_return_per_turnover_proxy_bps_-10.443_not_above_10.000,0.26420682113309335,0.2230605954871301,0.18030798245523671,0.18030798245523671,False,locked_oos_return_-0.0207_below_preferred_0.03;train_rpt_1.569_below_preferred_20bps;locked_oos_rpt_-10.443_below_preferred_20bps
3450,a30fb_booster_rs_chandelier_6h_solusdt_lb12_atr0p5_rel0p01_trail2p0_hold18_3p0x_0p15_0b47828a,no_promotion_shadow_or_reject,relative_strength_chandelier_breakout,SOLUSDT,6h,0.040275578760638586,0.07145273994854517,0.006467111544810278,False,False,False,train_trade_event_count_68_below_80;validation_trade_event_count_16_below_30;locked_oos_trade_event_count_7_below_20;train_return_below_validation_return;train_validation_return_ratio_0.5637_below_1.00,0.25222641030919063,0.14899385098385776,-0.06748609748338952,-0.06748609748338952,False,validation_return_0.0715_below_preferred_0.10;locked_oos_return_0.0065_below_preferred_0.03;validation_mdd_0.1034_above_preferred_0.10;locked_oos_trade_event_count_7_below_20;validation_min_half_return_-0.0675_below_0;train_rpt_13.162_below_preferred_20bps
3510,a30fb_booster_mh_consensus_6h_solusdt_s6_l24_thr0p02_adx24p0_hold12_cool2_3p0x_0p15_d835da10,no_promotion_shadow_or_reject,multi_horizon_consensus_momentum,SOLUSDT,6h,0.14589358916417572,0.06043326610339306,0.0211245145534249,False,False,False,locked_oos_trade_event_count_13_below_20;validation_mdd_0.1411_above_0.12,0.24108223515753902,0.17059586792477566,-0.09410814170792925,-0.09410814170792925,False,validation_return_0.0604_below_preferred_0.10;locked_oos_return_0.0211_below_preferred_0.03;validation_mdd_0.1411_above_preferred_0.10;locked_oos_trade_event_count_13_below_20;validation_min_half_return_-0.0941_below_0
3665,a30fb_booster_squeeze_expansion_6h_solusdt_lb24_volz0p5_hold6_4p0x_0p15_2a8f6a7c,no_promotion_shadow_or_reject,volatility_squeeze_range_expansion,SOLUSDT,6h,0.1202122592791568,0.01663004892823783,0.006464544428429697,False,False,False,train_trade_event_count_38_below_80;validation_trade_event_count_8_below_30;locked_oos_trade_event_count_4_below_20;validation_return_0.0166_below_0.02,0.22170874754037845,0.04023235010030879,-0.02268945122673338,-0.02268945122673338,False,validation_return_0.0166_below_preferred_0.10;locked_oos_return_0.0065_below_preferred_0.03;locked_oos_trade_event_count_4_below_20;validation_min_half_return_-0.0227_below_0
3669,a30fb_booster_rs_chandelier_6h_solusdt_lb12_atr0p5_rel0p005_trail2p0_hold18_3p0x_0p1_a1d59a46,no_promotion_shadow_or_reject,relative_strength_chandelier_breakout,SOLUSDT,6h,0.03502619645502203,0.027516733908615754,0.004574478744991062,False,False,False,train_trade_event_count_68_below_80;validation_trade_event_count_18_below_30;locked_oos_trade_event_count_7_below_20,0.22066988112622632,0.09798506163391574,-0.06417967801896651,-0.06417967801896651,False,validation_return_0.0275_below_preferred_0.10;locked_oos_return_0.0046_below_preferred_0.03;locked_oos_trade_event_count_7_below_20;validation_min_half_return_-0.0642_below_0;train_rpt_17.170_below_preferred_20bps
3670,a30fb_booster_rs_chandelier_6h_solusdt_lb12_atr0p5_rel0p005_trail2p0_hold18_2p0x_0p15_ff92ba1e,no_promotion_shadow_or_reject,relative_strength_chandelier_breakout,SOLUSDT,6h,0.03502619645502092,0.027516733908615754,0.004574478744991284,False,False,False,train_trade_event_count_68_below_80;validation_trade_event_count_18_below_30;locked_oos_trade_event_count_7_below_20,0.22066988112622454,0.09798506163391574,-0.0641796780189664,-0.0641796780189664,False,validation_return_0.0275_below_preferred_0.10;locked_oos_return_0.0046_below_preferred_0.03;locked_oos_trade_event_count_7_below_20;validation_min_half_return_-0.0642_below_0;train_rpt_17.170_below_preferred_20bps
3701,a30fb_booster_mh_consensus_6h_solusdt_s6_l24_thr0p02_adx24p0_hold12_cool2_4p0x_0p125_653496fe,no_promotion_shadow_or_reject,multi_horizon_consensus_momentum,SOLUSDT,6h,0.15819678341515075,0.0661155291137765,0.023312774749957965,False,False,False,locked_oos_trade_event_count_13_below_20;validation_mdd_0.1560_above_0.12,0.21766718956634712,0.19043028293254904,-0.1044284202116661,-0.1044284202116661,False,validation_return_0.0661_below_preferred_0.10;locked_oos_return_0.0233_below_preferred_0.03;validation_mdd_0.1560_above_preferred_0.10;locked_oos_trade_event_count_13_below_20;validation_min_half_return_-0.1044_below_0
3702,a30fb_booster_mh_consensus_6h_solusdt_s6_l24_thr0p02_adx24p0_hold12_cool2_5p0x_0p1_5d0ea78c,no_promotion_shadow_or_reject,multi_horizon_consensus_momentum,SOLUSDT,6h,0.15819678341515075,0.0661155291137765,0.023312774749957965,False,False,False,locked_oos_trade_event_count_13_below_20;validation_mdd_0.1560_above_0.12,0.21766718956634712,0.19043028293254904,-0.1044284202116661,-0.1044284202116661,False,validation_return_0.0661_below_preferred_0.10;locked_oos_return_0.0233_below_preferred_0.03;validation_mdd_0.1560_above_preferred_0.10;locked_oos_trade_event_count_13_below_20;validation_min_half_return_-0.1044_below_0
3795,a30fb_booster_rs_chandelier_6h_solusdt_lb12_atr0p5_rel0p0_trail2p0_hold18_2p0x_0p15_fc54ac37,no_promotion_shadow_or_reject,relative_strength_chandelier_breakout,SOLUSDT,6h,0.045325576998154204,0.025723263910884864,0.004574478744991284,False,False,False,train_trade_event_count_71_below_80;validation_trade_event_count_18_below_30;locked_oos_trade_event_count_7_below_20,0.2025169515995871,0.09606859331664896,-0.0641796780189664,-0.0641796780189664,False,validation_return_0.0257_below_preferred_0.10;locked_oos_return_0.0046_below_preferred_0.03;locked_oos_trade_event_count_7_below_20;validation_min_half_return_-0.0642_below_0
3796,a30fb_booster_rs_chandelier_6h_solusdt_lb12_atr0p5_rel0p0_trail2p0_hold18_3p0x_0p1_289a65eb,no_promotion_shadow_or_reject,relative_strength_chandelier_breakout,SOLUSDT,6h,0.04532557699815398,0.02572326391088442,0.004574478744991062,False,False,False,train_trade_event_count_71_below_80;validation_trade_event_count_18_below_30;locked_oos_trade_event_count_7_below_20,0.20251695159957667,0.09606859331664896,-0.06417967801896651,-0.06417967801896651,False,validation_return_0.0257_below_preferred_0.10;locked_oos_return_0.0046_below_preferred_0.03;locked_oos_trade_event_count_7_below_20;validation_min_half_return_-0.0642_below_0
3914,a30fb_booster_rs_chandelier_6h_solusdt_lb12_atr0p5_rel0p01_trail2p0_hold18_4p0x_0p125_11f2e72d,no_promotion_shadow_or_reject,relative_strength_chandelier_breakout,SOLUSDT,6h,0.04015437431697322,0.07892234707140089,0.007039255547208745,False,False,False,train_trade_event_count_68_below_80;validation_trade_event_count_16_below_30;locked_oos_trade_event_count_7_below_20;train_return_below_validation_return;train_validation_return_ratio_0.5088_below_1.00,0.1880856461180141,0.16628844468397097,-0.07490951145987235,-0.07490951145987235,False,validation_return_0.0789_below_preferred_0.10;locked_oos_return_0.0070_below_preferred_0.03;validation_mdd_0.1146_above_preferred_0.10;locked_oos_trade_event_count_7_below_20;validation_min_half_return_-0.0749_below_0;train_rpt_11.810_below_preferred_20bps
3915,a30fb_booster_rs_chandelier_6h_solusdt_lb12_atr0p5_rel0p01_trail2p0_hold18_5p0x_0p1_97439892,no_promotion_shadow_or_reject,relative_strength_chandelier_breakout,SOLUSDT,6h,0.04015437431697322,0.07892234707140089,0.007039255547208745,False,False,False,train_trade_event_count_68_below_80;validation_trade_event_count_16_below_30;locked_oos_trade_event_count_7_below_20;train_return_below_validation_return;train_validation_return_ratio_0.5088_below_1.00,0.1880856461180141,0.16628844468397097,-0.07490951145987235,-0.07490951145987235,False,validation_return_0.0789_below_preferred_0.10;locked_oos_return_0.0070_below_preferred_0.03;validation_mdd_0.1146_above_preferred_0.10;locked_oos_trade_event_count_7_below_20;validation_min_half_return_-0.0749_below_0;train_rpt_11.810_below_preferred_20bps
3941,a30fb_booster_mh_consensus_6h_solusdt_s12_l48_thr0p005_adx12p0_hold12_cool4_3p0x_0p1_e94eef51,no_promotion_shadow_or_reject,multi_horizon_consensus_momentum,SOLUSDT,6h,0.04372339752839727,0.03935981950026024,0.005297174342010269,False,False,False,validation_trade_event_count_29_below_30;locked_oos_trade_event_count_14_below_20,0.1845157819985443,0.11034584150303361,-0.06393145212007367,-0.06393145212007367,False,validation_return_0.0394_below_preferred_0.10;locked_oos_return_0.0053_below_preferred_0.03;validation_mdd_0.1150_above_preferred_0.10;locked_oos_trade_event_count_14_below_20;validation_min_half_return_-0.0639_below_0;train_rpt_16.376_below_preferred_20bps;locked_oos_rpt_12.612_below_preferred_20bps
3942,a30fb_booster_mh_consensus_6h_solusdt_s12_l48_thr0p005_adx12p0_hold12_cool4_2p0x_0p15_007837dc,no_promotion_shadow_or_reject,multi_horizon_consensus_momentum,SOLUSDT,6h,0.043723397528397046,0.03935981950026024,0.005297174342010269,False,False,False,validation_trade_event_count_29_below_30;locked_oos_trade_event_count_14_below_20,0.18451578199854407,0.11034584150303361,-0.06393145212007367,-0.06393145212007367,False,validation_return_0.0394_below_preferred_0.10;locked_oos_return_0.0053_below_preferred_0.03;validation_mdd_0.1150_above_preferred_0.10;locked_oos_trade_event_count_14_below_20;validation_min_half_return_-0.0639_below_0;train_rpt_16.376_below_preferred_20bps;locked_oos_rpt_12.612_below_preferred_20bps
4087,a30fb_booster_mh_consensus_6h_solusdt_s6_l24_thr0p02_adx24p0_hold12_cool2_4p0x_0p15_ca674b9a,no_promotion_shadow_or_reject,multi_horizon_consensus_momentum,SOLUSDT,6h,0.18004436475985774,0.0768172811245007,0.02759166536028279,False,False,False,locked_oos_trade_event_count_13_below_20;validation_mdd_0.1853_above_0.12,0.16596491170051697,0.23060211414870846,-0.12496714515283525,-0.12496714515283525,False,validation_return_0.0768_below_preferred_0.10;locked_oos_return_0.0276_below_preferred_0.03;validation_mdd_0.1853_above_preferred_0.10;locked_oos_trade_event_count_13_below_20;validation_min_half_return_-0.1250_below_0
4299,a30fb_booster_mh_consensus_6h_solusdt_s12_l48_thr0p005_adx12p0_hold8_cool4_3p0x_0p1_f54512d9,no_promotion_shadow_or_reject,multi_horizon_consensus_momentum,SOLUSDT,6h,0.06479848532634369,0.03719855562730845,0.007336433074210058,False,False,False,validation_trade_event_count_29_below_30;locked_oos_trade_event_count_16_below_20,0.13715504939016537,0.12200083609358581,-0.07558129881750286,-0.07558129881750286,False,validation_return_0.0372_below_preferred_0.10;locked_oos_return_0.0073_below_preferred_0.03;validation_mdd_0.1168_above_preferred_0.10;locked_oos_trade_event_count_16_below_20;validation_min_half_return_-0.0756_below_0;locked_oos_rpt_15.284_below_preferred_20bps
4300,a30fb_booster_mh_consensus_6h_solusdt_s12_l48_thr0p005_adx12p0_hold8_cool4_2p0x_0p15_fc87b36c,no_promotion_shadow_or_reject,multi_horizon_consensus_momentum,SOLUSDT,6h,0.0647984853263428,0.03719855562730845,0.007336433074210058,False,False,False,validation_trade_event_count_29_below_30;locked_oos_trade_event_count_16_below_20,0.13715504939016415,0.12200083609358581,-0.07558129881750286,-0.07558129881750286,False,validation_return_0.0372_below_preferred_0.10;locked_oos_return_0.0073_below_preferred_0.03;validation_mdd_0.1168_above_preferred_0.10;locked_oos_trade_event_count_16_below_20;validation_min_half_return_-0.0756_below_0;locked_oos_rpt_15.284_below_preferred_20bps
4450,a30fb_booster_rs_chandelier_6h_solusdt_lb12_atr0p5_rel0p01_trail3p0_hold18_3p0x_0p15_00e920d4,no_promotion_shadow_or_reject,relative_strength_chandelier_breakout,SOLUSDT,6h,0.030897170891507342,0.05573451275278973,0.01982429919887929,False,False,False,train_trade_event_count_68_below_80;validation_trade_event_count_16_below_30;locked_oos_trade_event_count_7_below_20;train_return_below_validation_return;train_validation_return_ratio_0.5544_below_1.00,0.12086122480015699,0.14899385098385776,-0.0811660899239901,-0.0811660899239901,False,validation_return_0.0557_below_preferred_0.10;locked_oos_return_0.0198_below_preferred_0.03;validation_mdd_0.1034_above_preferred_0.10;locked_oos_trade_event_count_7_below_20;validation_min_half_return_-0.0812_below_0;train_rpt_10.097_below_preferred_20bps
4484,a30fb_booster_rs_chandelier_6h_solusdt_lb12_atr0p5_rel0p005_trail2p0_hold18_3p0x_0p15_6cefcc97,no_promotion_shadow_or_reject,relative_strength_chandelier_breakout,SOLUSDT,6h,0.040275578760638586,0.03945333137071949,0.006467111544810278,False,False,False,train_trade_event_count_68_below_80;validation_trade_event_count_18_below_30;locked_oos_trade_event_count_7_below_20,0.1177982685199424,0.14899385098385776,-0.09533603641076105,-0.09533603641076105,False,validation_return_0.0395_below_preferred_0.10;locked_oos_return_0.0065_below_preferred_0.03;validation_mdd_0.1080_above_preferred_0.10;locked_oos_trade_event_count_7_below_20;validation_min_half_return_-0.0953_below_0;train_rpt_13.162_below_preferred_20bps
4638,a30fb_booster_pullback_reclaim_4h_ethusdt_fast8_slow40_z-0p75_hold8_3p0x_0p1_25acf2bf,no_promotion_shadow_or_reject,trend_pullback_reclaim,ETHUSDT,4h,0.0607336890854806,0.005227230632316893,0.005407699099997831,False,False,False,train_trade_event_count_54_below_80;validation_trade_event_count_13_below_30;locked_oos_trade_event_count_4_below_20;validation_return_0.0052_below_0.02,0.0934068892331181,-0.0018622237312982959,0.007102681144999012,-0.0018622237312982959,False,validation_return_0.0052_below_preferred_0.10;locked_oos_return_0.0054_below_preferred_0.03;locked_oos_trade_event_count_4_below_20;validation_min_half_return_-0.0019_below_0;validation_rpt_13.403_below_preferred_20bps
4639,a30fb_booster_pullback_reclaim_4h_ethusdt_fast8_slow40_z-0p75_hold8_2p0x_0p15_43f6d8a9,no_promotion_shadow_or_reject,trend_pullback_reclaim,ETHUSDT,4h,0.06073368908548038,0.005227230632316893,0.005407699099997831,False,False,False,train_trade_event_count_54_below_80;validation_trade_event_count_13_below_30;locked_oos_trade_event_count_4_below_20;validation_return_0.0052_below_0.02,0.09340688923311788,-0.0018622237312982959,0.007102681144999012,-0.0018622237312982959,False,validation_return_0.0052_below_preferred_0.10;locked_oos_return_0.0054_below_preferred_0.03;locked_oos_trade_event_count_4_below_20;validation_min_half_return_-0.0019_below_0;validation_rpt_13.403_below_preferred_20bps
4640,a30fb_booster_rs_chandelier_6h_solusdt_lb12_atr0p5_rel0p0_trail2p0_hold18_3p0x_0p15_108d1075,no_promotion_shadow_or_reject,relative_strength_chandelier_breakout,SOLUSDT,6h,0.05568575278003696,0.03679448525581175,0.006467111544810278,False,False,False,train_trade_event_count_71_below_80;validation_trade_event_count_18_below_30;locked_oos_trade_event_count_7_below_20,0.09270070459656066,0.14605480817689198,-0.09533603641076105,-0.09533603641076105,False,validation_return_0.0368_below_preferred_0.10;locked_oos_return_0.0065_below_preferred_0.03;validation_mdd_0.1080_above_preferred_0.10;locked_oos_trade_event_count_7_below_20;validation_min_half_return_-0.0953_below_0;train_rpt_17.429_below_preferred_20bps
4647,a30fb_booster_rs_chandelier_6h_solusdt_lb12_atr0p25_rel0p015_trail2p0_hold18_2p0x_0p15_d9dc32cd,no_promotion_shadow_or_reject,relative_strength_chandelier_breakout,SOLUSDT,6h,0.12849425609286436,0.014542027105429067,0.003558601137796158,False,False,False,train_trade_event_count_72_below_80;validation_trade_event_count_16_below_30;locked_oos_trade_event_count_9_below_20;validation_return_0.0145_below_0.02,0.09114620230022191,0.07953863011419693,-0.060207760237252606,-0.060207760237252606,False,validation_return_0.0145_below_preferred_0.10;locked_oos_return_0.0036_below_preferred_0.03;locked_oos_trade_event_count_9_below_20;validation_min_half_return_-0.0602_below_0;locked_oos_rpt_13.180_below_preferred_20bps
4648,a30fb_booster_rs_chandelier_6h_solusdt_lb12_atr0p25_rel0p015_trail2p0_hold18_3p0x_0p1_1b200360,no_promotion_shadow_or_reject,relative_strength_chandelier_breakout,SOLUSDT,6h,0.12849425609286413,0.014542027105429067,0.003558601137795936,False,False,False,train_trade_event_count_72_below_80;validation_trade_event_count_16_below_30;locked_oos_trade_event_count_9_below_20;validation_return_0.0145_below_0.02,0.09114620230022147,0.07953863011419693,-0.060207760237252717,-0.060207760237252717,False,validation_return_0.0145_below_preferred_0.10;locked_oos_return_0.0036_below_preferred_0.03;locked_oos_trade_event_count_9_below_20;validation_min_half_return_-0.0602_below_0;locked_oos_rpt_13.180_below_preferred_20bps
4748,a30fb_booster_rs_chandelier_6h_solusdt_lb24_atr0p0_rel0p015_trail2p0_hold18_2p0x_0p15_4285b5d2,no_promotion_shadow_or_reject,relative_strength_chandelier_breakout,SOLUSDT,6h,0.11978335306845866,0.009497792317205489,0.0028556219406801198,False,False,False,train_trade_event_count_70_below_80;validation_trade_event_count_12_below_30;locked_oos_trade_event_count_7_below_20;validation_return_0.0095_below_0.02,0.07413991000464087,0.04552672741017316,-0.03446008040580062,-0.03446008040580062,False,validation_return_0.0095_below_preferred_0.10;locked_oos_return_0.0029_below_preferred_0.03;locked_oos_trade_event_count_7_below_20;validation_min_half_return_-0.0345_below_0;locked_oos_rpt_13.598_below_preferred_20bps
4749,a30fb_booster_rs_chandelier_6h_solusdt_lb24_atr0p0_rel0p015_trail2p0_hold18_3p0x_0p1_8696fea0,no_promotion_shadow_or_reject,relative_strength_chandelier_breakout,SOLUSDT,6h,0.11978335306845778,0.009497792317205489,0.0028556219406798977,False,False,False,train_trade_event_count_70_below_80;validation_trade_event_count_12_below_30;locked_oos_trade_event_count_7_below_20;validation_return_0.0095_below_0.02,0.07413991000464049,0.04552672741017316,-0.03446008040580062,-0.03446008040580062,False,validation_return_0.0095_below_preferred_0.10;locked_oos_return_0.0029_below_preferred_0.03;locked_oos_trade_event_count_7_below_20;validation_min_half_return_-0.0345_below_0;locked_oos_rpt_13.598_below_preferred_20bps
4778,a30fb_booster_mh_consensus_6h_solusdt_s12_l48_thr0p005_adx12p0_hold12_cool4_3p0x_0p15_38056b86,no_promotion_shadow_or_reject,multi_horizon_consensus_momentum,SOLUSDT,6h,0.054870638813697026,0.05623929894579316,0.00739204238511415,False,False,False,validation_trade_event_count_29_below_30;locked_oos_trade_event_count_14_below_20;train_return_below_validation_return;train_validation_return_ratio_0.9757_below_1.00;validation_mdd_0.1689_above_0.12,0.07090571425614056,0.16766771959588778,-0.09542819312386186,-0.09542819312386186,False,validation_return_0.0562_below_preferred_0.10;locked_oos_return_0.0074_below_preferred_0.03;validation_mdd_0.1689_above_preferred_0.10;locked_oos_trade_event_count_14_below_20;validation_min_half_return_-0.0954_below_0;train_rpt_13.701_below_preferred_20bps;locked_oos_rpt_11.733_below_preferred_20bps
4943,a30fb_booster_rs_chandelier_6h_solusdt_lb12_atr0p5_rel0p0_trail2p0_hold18_4p0x_0p125_e3e6c2ef,no_promotion_shadow_or_reject,relative_strength_chandelier_breakout,SOLUSDT,6h,0.05723112241942685,0.04020824956725799,0.007039255547208745,False,False,False,train_trade_event_count_71_below_80;validation_trade_event_count_18_below_30;locked_oos_trade_event_count_7_below_20,0.05424991824804243,0.16299966219763706,-0.10558164083930133,-0.10558164083930133,False,validation_return_0.0402_below_preferred_0.10;locked_oos_return_0.0070_below_preferred_0.03;validation_mdd_0.1196_above_preferred_0.10;locked_oos_trade_event_count_7_below_20;validation_min_half_return_-0.1056_below_0;train_rpt_16.121_below_preferred_20bps
4944,a30fb_booster_rs_chandelier_6h_solusdt_lb12_atr0p5_rel0p0_trail2p0_hold18_5p0x_0p1_4c86b865,no_promotion_shadow_or_reject,relative_strength_chandelier_breakout,SOLUSDT,6h,0.05723112241942685,0.04020824956725799,0.007039255547208745,False,False,False,train_trade_event_count_71_below_80;validation_trade_event_count_18_below_30;locked_oos_trade_event_count_7_below_20,0.05424991824804243,0.16299966219763706,-0.10558164083930133,-0.10558164083930133,False,validation_return_0.0402_below_preferred_0.10;locked_oos_return_0.0070_below_preferred_0.03;validation_mdd_0.1196_above_preferred_0.10;locked_oos_trade_event_count_7_below_20;validation_min_half_return_-0.1056_below_0;train_rpt_16.121_below_preferred_20bps
4960,a30fb_booster_rs_chandelier_6h_solusdt_lb12_atr0p5_rel0p005_trail2p0_hold18_4p0x_0p125_beab3041,no_promotion_shadow_or_reject,relative_strength_chandelier_breakout,SOLUSDT,6h,0.04015437431697322,0.043149797002321355,0.007039255547208745,False,False,False,train_trade_event_count_68_below_80;validation_trade_event_count_18_below_30;locked_oos_trade_event_count_7_below_20;train_return_below_validation_return;train_validation_return_ratio_0.9306_below_1.00,0.05168198715928307,0.16628844468397097,-0.10558164083930133,-0.10558164083930133,False,validation_return_0.0431_below_preferred_0.10;locked_oos_return_0.0070_below_preferred_0.03;validation_mdd_0.1196_above_preferred_0.10;locked_oos_trade_event_count_7_below_20;validation_min_half_return_-0.1056_below_0;train_rpt_11.810_below_preferred_20bps
4961,a30fb_booster_rs_chandelier_6h_solusdt_lb12_atr0p5_rel0p005_trail2p0_hold18_5p0x_0p1_71436aaf,no_promotion_shadow_or_reject,relative_strength_chandelier_breakout,SOLUSDT,6h,0.04015437431697322,0.043149797002321355,0.007039255547208745,False,False,False,train_trade_event_count_68_below_80;validation_trade_event_count_18_below_30;locked_oos_trade_event_count_7_below_20;train_return_below_validation_return;train_validation_return_ratio_0.9306_below_1.00,0.05168198715928307,0.16628844468397097,-0.10558164083930133,-0.10558164083930133,False,validation_return_0.0431_below_preferred_0.10;locked_oos_return_0.0070_below_preferred_0.03;validation_mdd_0.1196_above_preferred_0.10;locked_oos_trade_event_count_7_below_20;validation_min_half_return_-0.1056_below_0;train_rpt_11.810_below_preferred_20bps
5037,a30fb_booster_mh_consensus_6h_solusdt_s12_l48_thr0p005_adx12p0_hold12_cool2_3p0x_0p1_e181130d,no_promotion_shadow_or_reject,multi_horizon_consensus_momentum,SOLUSDT,6h,0.10052420610730373,0.02863412994460357,0.01178802050378569,False,False,False,validation_trade_event_count_29_below_30;locked_oos_trade_event_count_14_below_20;validation_mdd_0.1241_above_0.12,0.04326594155547625,0.11034584150303361,-0.07359122581827304,-0.07359122581827304,False,validation_return_0.0286_below_preferred_0.10;locked_oos_return_0.0118_below_preferred_0.03;validation_mdd_0.1241_above_preferred_0.10;locked_oos_trade_event_count_14_below_20;validation_min_half_return_-0.0736_below_0
5038,a30fb_booster_mh_consensus_6h_solusdt_s12_l48_thr0p005_adx12p0_hold12_cool2_2p0x_0p15_647762cc,no_promotion_shadow_or_reject,multi_horizon_consensus_momentum,SOLUSDT,6h,0.10052420610730328,0.02863412994460357,0.01178802050378569,False,False,False,validation_trade_event_count_29_below_30;locked_oos_trade_event_count_14_below_20;validation_mdd_0.1241_above_0.12,0.043265941555475695,0.11034584150303361,-0.07359122581827304,-0.07359122581827304,False,validation_return_0.0286_below_preferred_0.10;locked_oos_return_0.0118_below_preferred_0.03;validation_mdd_0.1241_above_preferred_0.10;locked_oos_trade_event_count_14_below_20;validation_min_half_return_-0.0736_below_0
5311,a30fb_booster_mh_consensus_6h_solusdt_s12_l48_thr0p005_adx18p0_hold8_cool4_3p0x_0p1_247036b0,no_promotion_shadow_or_reject,multi_horizon_consensus_momentum,SOLUSDT,6h,0.029684339295315443,0.03719855562730845,0.007336433074210058,False,False,False,validation_trade_event_count_29_below_30;locked_oos_trade_event_count_16_below_20;train_return_below_validation_return;train_validation_return_ratio_0.7980_below_1.00,0.012729874096862243,0.12200083609358581,-0.07558129881750286,-0.07558129881750286,False,validation_return_0.0372_below_preferred_0.10;locked_oos_return_0.0073_below_preferred_0.03;validation_mdd_0.1168_above_preferred_0.10;locked_oos_trade_event_count_16_below_20;validation_min_half_return_-0.0756_below_0;train_rpt_10.416_below_preferred_20bps;locked_oos_rpt_15.284_below_preferred_20bps
5312,a30fb_booster_mh_consensus_6h_solusdt_s12_l48_thr0p005_adx18p0_hold8_cool4_2p0x_0p15_097c6fe2,no_promotion_shadow_or_reject,multi_horizon_consensus_momentum,SOLUSDT,6h,0.029684339295313666,0.03719855562730845,0.007336433074210058,False,False,False,validation_trade_event_count_29_below_30;locked_oos_trade_event_count_16_below_20;train_return_below_validation_return;train_validation_return_ratio_0.7980_below_1.00,0.012729874096842037,0.12200083609358581,-0.07558129881750286,-0.07558129881750286,False,validation_return_0.0372_below_preferred_0.10;locked_oos_return_0.0073_below_preferred_0.03;validation_mdd_0.1168_above_preferred_0.10;locked_oos_trade_event_count_16_below_20;validation_min_half_return_-0.0756_below_0;train_rpt_10.416_below_preferred_20bps;locked_oos_rpt_15.284_below_preferred_20bps
5319,a30fb_booster_mh_consensus_6h_solusdt_s12_l48_thr0p005_adx12p0_hold8_cool4_3p0x_0p15_3092f1c3,no_promotion_shadow_or_reject,multi_horizon_consensus_momentum,SOLUSDT,6h,0.08715871948227694,0.05300215762793892,0.010498283564082778,False,False,False,validation_trade_event_count_29_below_30;locked_oos_trade_event_count_16_below_20;validation_mdd_0.1714_above_0.12,0.011606949972193914,0.18614128395409946,-0.1122455883858372,-0.1122455883858372,False,validation_return_0.0530_below_preferred_0.10;locked_oos_return_0.0105_below_preferred_0.03;validation_mdd_0.1714_above_preferred_0.10;locked_oos_trade_event_count_16_below_20;validation_min_half_return_-0.1122_below_0;locked_oos_rpt_14.581_below_preferred_20bps
5419,a30fb_booster_mh_consensus_6h_solusdt_s12_l48_thr0p005_adx12p0_hold12_cool4_4p0x_0p125_4698b184,no_promotion_shadow_or_reject,multi_horizon_consensus_momentum,SOLUSDT,6h,0.056917892840888884,0.061426489005841356,0.008007965820430396,False,False,False,validation_trade_event_count_29_below_30;locked_oos_trade_event_count_14_below_20;train_return_below_validation_return;train_validation_return_ratio_0.9266_below_1.00;validation_mdd_0.1863_above_0.12,0.0036358743205701094,0.18707684435097693,-0.10584854379316411,-0.10584854379316411,False,validation_return_0.0614_below_preferred_0.10;locked_oos_return_0.0080_below_preferred_0.03;validation_mdd_0.1863_above_preferred_0.10;locked_oos_trade_event_count_14_below_20;validation_min_half_return_-0.1058_below_0;train_rpt_12.791_below_preferred_20bps;locked_oos_rpt_11.440_below_preferred_20bps
5420,a30fb_booster_mh_consensus_6h_solusdt_s12_l48_thr0p005_adx12p0_hold12_cool4_5p0x_0p1_9d39ad20,no_promotion_shadow_or_reject,multi_horizon_consensus_momentum,SOLUSDT,6h,0.056917892840888884,0.061426489005841356,0.008007965820430396,False,False,False,validation_trade_event_count_29_below_30;locked_oos_trade_event_count_14_below_20;train_return_below_validation_return;train_validation_return_ratio_0.9266_below_1.00;validation_mdd_0.1863_above_0.12,0.0036358743205701094,0.18707684435097693,-0.10584854379316411,-0.10584854379316411,False,validation_return_0.0614_below_preferred_0.10;locked_oos_return_0.0080_below_preferred_0.03;validation_mdd_0.1863_above_preferred_0.10;locked_oos_trade_event_count_14_below_20;validation_min_half_return_-0.1058_below_0;train_rpt_12.791_below_preferred_20bps;locked_oos_rpt_11.440_below_preferred_20bps
5481,a30fb_booster_mh_consensus_6h_solusdt_s12_l48_thr0p005_adx18p0_hold12_cool2_2p0x_0p15_191545ec,no_promotion_shadow_or_reject,multi_horizon_consensus_momentum,SOLUSDT,6h,0.0677157754574802,0.02863412994460357,0.01178802050378569,False,False,False,validation_trade_event_count_29_below_30;locked_oos_trade_event_count_14_below_20;validation_mdd_0.1241_above_0.12,-0.0027809786548023407,0.11034584150303361,-0.07359122581827304,-0.07359122581827304,False,validation_return_0.0286_below_preferred_0.10;locked_oos_return_0.0118_below_preferred_0.03;validation_mdd_0.1241_above_preferred_0.10;locked_oos_trade_event_count_14_below_20;validation_min_half_return_-0.0736_below_0
5482,a30fb_booster_mh_consensus_6h_solusdt_s12_l48_thr0p005_adx18p0_hold12_cool2_3p0x_0p1_5bf2afc3,no_promotion_shadow_or_reject,multi_horizon_consensus_momentum,SOLUSDT,6h,0.0677157754574802,0.02863412994460357,0.01178802050378569,False,False,False,validation_trade_event_count_29_below_30;locked_oos_trade_event_count_14_below_20;validation_mdd_0.1241_above_0.12,-0.0027809786548024518,0.11034584150303361,-0.07359122581827304,-0.07359122581827304,False,validation_return_0.0286_below_preferred_0.10;locked_oos_return_0.0118_below_preferred_0.03;validation_mdd_0.1241_above_preferred_0.10;locked_oos_trade_event_count_14_below_20;validation_min_half_return_-0.0736_below_0
5552,a30fb_booster_pullback_reclaim_4h_ethusdt_fast8_slow40_z-0p75_hold8_3p0x_0p15_3f7dbbc8,no_promotion_shadow_or_reject,trend_pullback_reclaim,ETHUSDT,4h,0.08633377651542729,0.006510338769306401,0.007865135269963464,False,False,False,train_trade_event_count_54_below_80;validation_trade_event_count_13_below_30;locked_oos_trade_event_count_4_below_20;validation_return_0.0065_below_0.02,-0.007224367377158231,-0.003747556930914109,0.010296482354031244,-0.003747556930914109,False,validation_return_0.0065_below_preferred_0.10;locked_oos_return_0.0079_below_preferred_0.03;locked_oos_trade_event_count_4_below_20;validation_min_half_return_-0.0037_below_0;validation_rpt_11.129_below_preferred_20bps
5600,a30fb_booster_rs_chandelier_6h_solusdt_lb12_atr0p25_rel0p005_trail2p0_hold18_2p0x_0p15_cf29ec9f,no_promotion_shadow_or_reject,relative_strength_chandelier_breakout,SOLUSDT,6h,0.04697119813343309,0.019817319295513114,0.003558601137796158,False,False,False,train_trade_event_count_78_below_80;validation_trade_event_count_22_below_30;locked_oos_trade_event_count_9_below_20;validation_return_0.0198_below_0.02,-0.011881297949536795,0.0991281787811431,-0.07215797121458667,-0.07215797121458667,False,validation_return_0.0198_below_preferred_0.10;locked_oos_return_0.0036_below_preferred_0.03;locked_oos_trade_event_count_9_below_20;validation_min_half_return_-0.0722_below_0;locked_oos_rpt_13.180_below_preferred_20bps
5601,a30fb_booster_rs_chandelier_6h_solusdt_lb12_atr0p25_rel0p005_trail3p0_hold18_2p0x_0p15_3368aa01,no_promotion_shadow_or_reject,relative_strength_chandelier_breakout,SOLUSDT,6h,0.04697119813343309,0.019817319295513114,0.012432880648528544,False,False,False,train_trade_event_count_78_below_80;validation_trade_event_count_22_below_30;locked_oos_trade_event_count_9_below_20;validation_return_0.0198_below_0.02,-0.011881297949536795,0.0991281787811431,-0.07215797121458667,-0.07215797121458667,False,validation_return_0.0198_below_preferred_0.10;locked_oos_return_0.0124_below_preferred_0.03;locked_oos_trade_event_count_9_below_20;validation_min_half_return_-0.0722_below_0
5602,a30fb_booster_rs_chandelier_6h_solusdt_lb12_atr0p25_rel0p005_trail2p0_hold18_3p0x_0p1_bfd7b256,no_promotion_shadow_or_reject,relative_strength_chandelier_breakout,SOLUSDT,6h,0.04697119813343309,0.019817319295513114,0.003558601137795936,False,False,False,train_trade_event_count_78_below_80;validation_trade_event_count_22_below_30;locked_oos_trade_event_count_9_below_20;validation_return_0.0198_below_0.02,-0.011881297949536851,0.0991281787811431,-0.07215797121458667,-0.07215797121458667,False,validation_return_0.0198_below_preferred_0.10;locked_oos_return_0.0036_below_preferred_0.03;locked_oos_trade_event_count_9_below_20;validation_min_half_return_-0.0722_below_0;locked_oos_rpt_13.180_below_preferred_20bps
5603,a30fb_booster_rs_chandelier_6h_solusdt_lb12_atr0p25_rel0p005_trail3p0_hold18_3p0x_0p1_1fad08d9,no_promotion_shadow_or_reject,relative_strength_chandelier_breakout,SOLUSDT,6h,0.04697119813343309,0.019817319295513114,0.012432880648528544,False,False,False,train_trade_event_count_78_below_80;validation_trade_event_count_22_below_30;locked_oos_trade_event_count_9_below_20;validation_return_0.0198_below_0.02,-0.011881297949536851,0.0991281787811431,-0.07215797121458667,-0.07215797121458667,False,validation_return_0.0198_below_preferred_0.10;locked_oos_return_0.0124_below_preferred_0.03;locked_oos_trade_event_count_9_below_20;validation_min_half_return_-0.0722_below_0
5645,a30fb_booster_mh_consensus_6h_solusdt_s12_l48_thr0p005_adx24p0_hold12_cool2_3p0x_0p1_15039fa7,no_promotion_shadow_or_reject,multi_horizon_consensus_momentum,SOLUSDT,6h,0.04693126189935737,0.029088365497952795,0.016096112864745882,False,False,False,validation_trade_event_count_29_below_30;locked_oos_trade_event_count_12_below_20;validation_mdd_0.1238_above_0.12,-0.018328717125119492,0.11034584150303361,-0.07318213205994062,-0.07318213205994062,False,validation_return_0.0291_below_preferred_0.10;locked_oos_return_0.0161_below_preferred_0.03;validation_mdd_0.1238_above_preferred_0.10;locked_oos_trade_event_count_12_below_20;validation_min_half_return_-0.0732_below_0;train_rpt_17.577_below_preferred_20bps
5646,a30fb_booster_mh_consensus_6h_solusdt_s12_l48_thr0p005_adx24p0_hold12_cool2_2p0x_0p15_a8db2ca5,no_promotion_shadow_or_reject,multi_horizon_consensus_momentum,SOLUSDT,6h,0.046931261899356924,0.029088365497952795,0.016096112864745882,False,False,False,validation_trade_event_count_29_below_30;locked_oos_trade_event_count_12_below_20;validation_mdd_0.1238_above_0.12,-0.01832871712512016,0.11034584150303361,-0.07318213205994062,-0.07318213205994062,False,validation_return_0.0291_below_preferred_0.10;locked_oos_return_0.0161_below_preferred_0.03;validation_mdd_0.1238_above_preferred_0.10;locked_oos_trade_event_count_12_below_20;validation_min_half_return_-0.0732_below_0;train_rpt_17.577_below_preferred_20bps
5706,a30fb_booster_rs_chandelier_6h_solusdt_lb12_atr0p5_rel0p0_trail2p0_hold18_4p0x_0p15_4caea584,no_promotion_shadow_or_reject,relative_strength_chandelier_breakout,SOLUSDT,6h,0.057427881350563315,0.04661144383295035,0.008095239477407867,False,False,False,train_trade_event_count_71_below_80;validation_trade_event_count_18_below_30;locked_oos_trade_event_count_7_below_20;validation_mdd_0.1426_above_0.12,-0.02544275188823525,0.19730673739393656,-0.12586189391115454,-0.12586189391115454,False,validation_return_0.0466_below_preferred_0.10;locked_oos_return_0.0081_below_preferred_0.03;validation_mdd_0.1426_above_preferred_0.10;locked_oos_trade_event_count_7_below_20;validation_min_half_return_-0.1259_below_0;train_rpt_13.481_below_preferred_20bps;locked_oos_rpt_19.274_below_preferred_20bps
5779,a30fb_booster_mh_consensus_6h_solusdt_s12_l48_thr0p005_adx12p0_hold8_cool4_4p0x_0p125_8c419175,no_promotion_shadow_or_reject,multi_horizon_consensus_momentum,SOLUSDT,6h,0.09299023551781982,0.0578334973623531,0.011476566929291332,False,False,False,validation_trade_event_count_29_below_30;locked_oos_trade_event_count_16_below_20;validation_mdd_0.1891_above_0.12,-0.0324577648977214,0.20797776392049072,-0.12429389931056756,-0.12429389931056756,False,validation_return_0.0578_below_preferred_0.10;locked_oos_return_0.0115_below_preferred_0.03;validation_mdd_0.1891_above_preferred_0.10;locked_oos_trade_event_count_16_below_20;validation_min_half_return_-0.1243_below_0;train_rpt_19.577_below_preferred_20bps;locked_oos_rpt_14.346_below_preferred_20bps
5780,a30fb_booster_mh_consensus_6h_solusdt_s12_l48_thr0p005_adx12p0_hold8_cool4_5p0x_0p1_a12862fc,no_promotion_shadow_or_reject,multi_horizon_consensus_momentum,SOLUSDT,6h,0.09299023551781982,0.0578334973623531,0.011476566929291332,False,False,False,validation_trade_event_count_29_below_30;locked_oos_trade_event_count_16_below_20;validation_mdd_0.1891_above_0.12,-0.0324577648977214,0.20797776392049072,-0.12429389931056756,-0.12429389931056756,False,validation_return_0.0578_below_preferred_0.10;locked_oos_return_0.0115_below_preferred_0.03;validation_mdd_0.1891_above_preferred_0.10;locked_oos_trade_event_count_16_below_20;validation_min_half_return_-0.1243_below_0;train_rpt_19.577_below_preferred_20bps;locked_oos_rpt_14.346_below_preferred_20bps
5798,a30fb_booster_rs_chandelier_6h_solusdt_lb12_atr0p5_rel0p005_trail3p0_hold18_3p0x_0p1_7f2e2b1c,no_promotion_shadow_or_reject,relative_strength_chandelier_breakout,SOLUSDT,6h,0.02880683268676809,0.017526202162204685,0.013457741469882434,False,False,False,train_trade_event_count_68_below_80;validation_trade_event_count_18_below_30;locked_oos_trade_event_count_7_below_20;validation_return_0.0175_below_0.02,-0.034060549911287374,0.09798506163391574,-0.07327864675315265,-0.07327864675315265,False,validation_return_0.0175_below_preferred_0.10;locked_oos_return_0.0135_below_preferred_0.03;locked_oos_trade_event_count_7_below_20;validation_min_half_return_-0.0733_below_0;train_rpt_14.121_below_preferred_20bps
5799,a30fb_booster_rs_chandelier_6h_solusdt_lb12_atr0p5_rel0p005_trail3p0_hold18_2p0x_0p15_badfb56a,no_promotion_shadow_or_reject,relative_strength_chandelier_breakout,SOLUSDT,6h,0.02880683268676698,0.017526202162204685,0.013457741469882656,False,False,False,train_trade_event_count_68_below_80;validation_trade_event_count_18_below_30;locked_oos_trade_event_count_7_below_20;validation_return_0.0175_below_0.02,-0.034060549911289206,0.09798506163391574,-0.07327864675315254,-0.07327864675315254,False,validation_return_0.0175_below_preferred_0.10;locked_oos_return_0.0135_below_preferred_0.03;locked_oos_trade_event_count_7_below_20;validation_min_half_return_-0.0733_below_0;train_rpt_14.121_below_preferred_20bps
5849,a30fb_booster_pullback_reclaim_4h_ethusdt_fast8_slow40_z-0p75_hold8_4p0x_0p125_0b51e147,no_promotion_shadow_or_reject,trend_pullback_reclaim,ETHUSDT,4h,0.09409098407751992,0.006740391826915548,0.008647794928325014,False,False,False,train_trade_event_count_54_below_80;validation_trade_event_count_13_below_30;locked_oos_trade_event_count_4_below_20;validation_return_0.0067_below_0.02,-0.04318740211523883,-0.004516183481184766,0.011307642697261366,-0.004516183481184766,False,validation_return_0.0067_below_preferred_0.10;locked_oos_return_0.0086_below_preferred_0.03;locked_oos_trade_event_count_4_below_20;validation_min_half_return_-0.0045_below_0;validation_rpt_10.370_below_preferred_20bps
5850,a30fb_booster_pullback_reclaim_4h_ethusdt_fast8_slow40_z-0p75_hold8_5p0x_0p1_425a7095,no_promotion_shadow_or_reject,trend_pullback_reclaim,ETHUSDT,4h,0.09409098407751992,0.006740391826915548,0.008647794928325014,False,False,False,train_trade_event_count_54_below_80;validation_trade_event_count_13_below_30;locked_oos_trade_event_count_4_below_20;validation_return_0.0067_below_0.02,-0.04318740211523883,-0.004516183481184766,0.011307642697261366,-0.004516183481184766,False,validation_return_0.0067_below_preferred_0.10;locked_oos_return_0.0086_below_preferred_0.03;locked_oos_trade_event_count_4_below_20;validation_min_half_return_-0.0045_below_0;validation_rpt_10.370_below_preferred_20bps
5933,a30fb_booster_rs_chandelier_6h_solusdt_lb12_atr0p5_rel0p0_trail3p0_hold18_2p0x_0p15_c6a41ad1,no_promotion_shadow_or_reject,relative_strength_chandelier_breakout,SOLUSDT,6h,0.039044325333339236,0.015750170049772638,0.013457741469882656,False,False,False,train_trade_event_count_71_below_80;validation_trade_event_count_18_below_30;locked_oos_trade_event_count_7_below_20;validation_return_0.0158_below_0.02,-0.051478083214263615,0.09606859331664896,-0.07327864675315254,-0.07327864675315254,False,validation_return_0.0158_below_preferred_0.10;locked_oos_return_0.0135_below_preferred_0.03;locked_oos_trade_event_count_7_below_20;validation_min_half_return_-0.0733_below_0;train_rpt_18.331_below_preferred_20bps
5934,a30fb_booster_rs_chandelier_6h_solusdt_lb12_atr0p5_rel0p0_trail3p0_hold18_3p0x_0p1_52e0a0aa,no_promotion_shadow_or_reject,relative_strength_chandelier_breakout,SOLUSDT,6h,0.039044325333339236,0.015750170049772194,0.013457741469882434,False,False,False,train_trade_event_count_71_below_80;validation_trade_event_count_18_below_30;locked_oos_trade_event_count_7_below_20;validation_return_0.0158_below_0.02,-0.05147808321427366,0.09606859331664896,-0.07327864675315265,-0.07327864675315265,False,validation_return_0.0158_below_preferred_0.10;locked_oos_return_0.0135_below_preferred_0.03;locked_oos_trade_event_count_7_below_20;validation_min_half_return_-0.0733_below_0;train_rpt_18.331_below_preferred_20bps
5974,a30fb_booster_rs_chandelier_6h_solusdt_lb12_atr0p25_rel0p0_trail2p0_hold18_2p0x_0p15_13b3a04c,no_promotion_shadow_or_reject,relative_strength_chandelier_breakout,SOLUSDT,6h,0.042131850554013583,0.018037288172936705,0.005811084262204558,False,False,False,validation_trade_event_count_22_below_30;locked_oos_trade_event_count_11_below_20;validation_return_0.0180_below_0.02,-0.05708847405274753,0.09720971522015831,-0.07215797121458667,-0.07215797121458667,False,validation_return_0.0180_below_preferred_0.10;locked_oos_return_0.0058_below_preferred_0.03;locked_oos_trade_event_count_11_below_20;validation_min_half_return_-0.0722_below_0;train_rpt_16.522_below_preferred_20bps;locked_oos_rpt_17.609_below_preferred_20bps
5975,a30fb_booster_rs_chandelier_6h_solusdt_lb12_atr0p25_rel0p0_trail3p0_hold18_2p0x_0p15_873c20e4,no_promotion_shadow_or_reject,relative_strength_chandelier_breakout,SOLUSDT,6h,0.042131850554013583,0.018037288172936705,0.01470528205654964,False,False,False,validation_trade_event_count_22_below_30;locked_oos_trade_event_count_11_below_20;validation_return_0.0180_below_0.02,-0.05708847405274753,0.09720971522015831,-0.07215797121458667,-0.07215797121458667,False,validation_return_0.0180_below_preferred_0.10;locked_oos_return_0.0147_below_preferred_0.03;locked_oos_trade_event_count_11_below_20;validation_min_half_return_-0.0722_below_0;train_rpt_16.522_below_preferred_20bps
5976,a30fb_booster_rs_chandelier_6h_solusdt_lb12_atr0p25_rel0p0_trail2p0_hold18_3p0x_0p1_9e7eda44,no_promotion_shadow_or_reject,relative_strength_chandelier_breakout,SOLUSDT,6h,0.042131850554013583,0.018037288172936483,0.005811084262204558,False,False,False,validation_trade_event_count_22_below_30;locked_oos_trade_event_count_11_below_20;validation_return_0.0180_below_0.02,-0.05708847405275175,0.09720971522015831,-0.07215797121458667,-0.07215797121458667,False,validation_return_0.0180_below_preferred_0.10;locked_oos_return_0.0058_below_preferred_0.03;locked_oos_trade_event_count_11_below_20;validation_min_half_return_-0.0722_below_0;train_rpt_16.522_below_preferred_20bps;locked_oos_rpt_17.609_below_preferred_20bps
5977,a30fb_booster_rs_chandelier_6h_solusdt_lb12_atr0p25_rel0p0_trail3p0_hold18_3p0x_0p1_0553c125,no_promotion_shadow_or_reject,relative_strength_chandelier_breakout,SOLUSDT,6h,0.042131850554013583,0.018037288172936483,0.01470528205654964,False,False,False,validation_trade_event_count_22_below_30;locked_oos_trade_event_count_11_below_20;validation_return_0.0180_below_0.02,-0.05708847405275175,0.09720971522015831,-0.07215797121458667,-0.07215797121458667,False,validation_return_0.0180_below_preferred_0.10;locked_oos_return_0.0147_below_preferred_0.03;locked_oos_trade_event_count_11_below_20;validation_min_half_return_-0.0722_below_0;train_rpt_16.522_below_preferred_20bps
6409,a30fb_booster_rs_chandelier_6h_solusdt_lb12_atr0p25_rel0p015_trail2p0_hold18_3p0x_0p15_83f71d5e,no_promotion_shadow_or_reject,relative_strength_chandelier_breakout,SOLUSDT,6h,0.18443092955874096,0.01991119764780591,0.00487312507406279,False,False,False,train_trade_event_count_72_below_80;validation_trade_event_count_16_below_30;locked_oos_trade_event_count_9_below_20;validation_return_0.0199_below_0.02,-0.10332160752987435,0.12026734897572444,-0.08958232284434187,-0.08958232284434187,False,validation_return_0.0199_below_preferred_0.10;locked_oos_return_0.0049_below_preferred_0.03;validation_mdd_0.1055_above_preferred_0.10;locked_oos_trade_event_count_9_below_20;validation_min_half_return_-0.0896_below_0;locked_oos_rpt_12.032_below_preferred_20bps
6495,a30fb_booster_rs_chandelier_6h_solusdt_lb24_atr0p0_rel0p015_trail2p0_hold18_3p0x_0p15_c6874602,no_promotion_shadow_or_reject,relative_strength_chandelier_breakout,SOLUSDT,6h,0.17066036977342725,0.012643531919177331,0.0039332442220183506,False,False,False,train_trade_event_count_70_below_80;validation_trade_event_count_12_below_30;locked_oos_trade_event_count_7_below_20;validation_return_0.0126_below_0.02,-0.11297803515821331,0.06796533662264315,-0.05180112388143254,-0.05180112388143254,False,validation_return_0.0126_below_preferred_0.10;locked_oos_return_0.0039_below_preferred_0.03;validation_mdd_0.1016_above_preferred_0.10;locked_oos_trade_event_count_7_below_20;validation_min_half_return_-0.0518_below_0;locked_oos_rpt_12.486_below_preferred_20bps
6630,a30fb_booster_mh_consensus_6h_solusdt_s12_l48_thr0p005_adx12p0_hold8_cool4_4p0x_0p15_97c3c6e0,no_promotion_shadow_or_reject,multi_horizon_consensus_momentum,SOLUSDT,6h,0.1021291502414563,0.06682356500977749,0.013319120111791038,False,False,False,validation_trade_event_count_29_below_30;locked_oos_trade_event_count_16_below_20;validation_mdd_0.2235_above_0.12,-0.1240521052139113,0.2523252576314796,-0.148125809562079,-0.148125809562079,False,validation_return_0.0668_below_preferred_0.10;locked_oos_return_0.0133_below_preferred_0.03;validation_mdd_0.2235_above_preferred_0.10;locked_oos_trade_event_count_16_below_20;validation_min_half_return_-0.1481_below_0;train_rpt_17.917_below_preferred_20bps;locked_oos_rpt_13.874_below_preferred_20bps
6700,a30fb_booster_mh_consensus_6h_solusdt_s12_l48_thr0p005_adx12p0_hold12_cool2_3p0x_0p15_723ebdf9,no_promotion_shadow_or_reject,multi_horizon_consensus_momentum,SOLUSDT,6h,0.141403467255516,0.039782693980588535,0.017158643893325554,False,False,False,validation_trade_event_count_29_below_30;locked_oos_trade_event_count_14_below_20;validation_mdd_0.1818_above_0.12,-0.13072272344286204,0.16766771959588778,-0.1095217616014591,-0.1095217616014591,False,validation_return_0.0398_below_preferred_0.10;locked_oos_return_0.0172_below_preferred_0.03;validation_mdd_0.1818_above_preferred_0.10;locked_oos_trade_event_count_14_below_20;validation_min_half_return_-0.1095_below_0
6917,a30fb_booster_mh_consensus_6h_solusdt_s12_l48_thr0p005_adx12p0_hold12_cool4_4p0x_0p15_6dc6376c,no_promotion_shadow_or_reject,multi_horizon_consensus_momentum,SOLUSDT,6h,0.058470215226640754,0.07112224151714597,0.009116047804857752,False,False,False,validation_trade_event_count_29_below_30;locked_oos_trade_event_count_14_below_20;train_return_below_validation_return;train_validation_return_ratio_0.8221_below_1.00;validation_mdd_0.2204_above_0.12,-0.1535227991680698,0.22633119355026077,-0.1265636500558881,-0.1265636500558881,False,validation_return_0.0711_below_preferred_0.10;locked_oos_return_0.0091_below_preferred_0.03;validation_mdd_0.2204_above_preferred_0.10;locked_oos_trade_event_count_14_below_20;validation_min_half_return_-0.1266_below_0;train_rpt_10.949_below_preferred_20bps;locked_oos_rpt_10.852_below_preferred_20bps
7135,a30fb_booster_rs_chandelier_6h_solusdt_lb12_atr0p25_rel0p015_trail2p0_hold18_4p0x_0p125_1774b170,no_promotion_shadow_or_reject,relative_strength_chandelier_breakout,SOLUSDT,6h,0.20153652454521542,0.021413017897171427,0.0052422396351146094,False,False,False,train_trade_event_count_72_below_80;validation_trade_event_count_16_below_30;locked_oos_trade_event_count_9_below_20,-0.1702243959399295,0.13397494170519741,-0.09926314918278756,-0.09926314918278756,False,validation_return_0.0214_below_preferred_0.10;locked_oos_return_0.0052_below_preferred_0.03;validation_mdd_0.1168_above_preferred_0.10;locked_oos_trade_event_count_9_below_20;validation_min_half_return_-0.0993_below_0;locked_oos_rpt_11.649_below_preferred_20bps
7136,a30fb_booster_rs_chandelier_6h_solusdt_lb12_atr0p25_rel0p015_trail2p0_hold18_5p0x_0p1_55af2471,no_promotion_shadow_or_reject,relative_strength_chandelier_breakout,SOLUSDT,6h,0.20153652454521542,0.021413017897171427,0.0052422396351146094,False,False,False,train_trade_event_count_72_below_80;validation_trade_event_count_16_below_30;locked_oos_trade_event_count_9_below_20,-0.1702243959399295,0.13397494170519741,-0.09926314918278756,-0.09926314918278756,False,validation_return_0.0214_below_preferred_0.10;locked_oos_return_0.0052_below_preferred_0.03;validation_mdd_0.1168_above_preferred_0.10;locked_oos_trade_event_count_9_below_20;validation_min_half_return_-0.0993_below_0;locked_oos_rpt_11.649_below_preferred_20bps
7236,a30fb_booster_rs_chandelier_6h_solusdt_lb24_atr0p0_rel0p015_trail2p0_hold18_4p0x_0p125_5161e950,no_promotion_shadow_or_reject,relative_strength_chandelier_breakout,SOLUSDT,6h,0.18599364949248898,0.01345113905919093,0.004240507251092707,False,False,False,train_trade_event_count_70_below_80;validation_trade_event_count_12_below_30;locked_oos_trade_event_count_7_below_20;validation_return_0.0135_below_0.02,-0.17686519329573758,0.07538768265371654,-0.05759461875338412,-0.05759461875338412,False,validation_return_0.0135_below_preferred_0.10;locked_oos_return_0.0042_below_preferred_0.03;validation_mdd_0.1125_above_preferred_0.10;locked_oos_trade_event_count_7_below_20;validation_min_half_return_-0.0576_below_0;locked_oos_rpt_12.116_below_preferred_20bps
7237,a30fb_booster_rs_chandelier_6h_solusdt_lb24_atr0p0_rel0p015_trail2p0_hold18_5p0x_0p1_369be69b,no_promotion_shadow_or_reject,relative_strength_chandelier_breakout,SOLUSDT,6h,0.18599364949248898,0.01345113905919093,0.004240507251092707,False,False,False,train_trade_event_count_70_below_80;validation_trade_event_count_12_below_30;locked_oos_trade_event_count_7_below_20;validation_return_0.0135_below_0.02,-0.17686519329573758,0.07538768265371654,-0.05759461875338412,-0.05759461875338412,False,validation_return_0.0135_below_preferred_0.10;locked_oos_return_0.0042_below_preferred_0.03;validation_mdd_0.1125_above_preferred_0.10;locked_oos_trade_event_count_7_below_20;validation_min_half_return_-0.0576_below_0;locked_oos_rpt_12.116_below_preferred_20bps
7247,a30fb_booster_mh_consensus_6h_solusdt_s12_l48_thr0p005_adx18p0_hold12_cool2_3p0x_0p15_6da4be3f,no_promotion_shadow_or_reject,multi_horizon_consensus_momentum,SOLUSDT,6h,0.09096014369949268,0.039782693980588535,0.017158643893325554,False,False,False,validation_trade_event_count_29_below_30;locked_oos_trade_event_count_14_below_20;validation_mdd_0.1818_above_0.12,-0.17792115484031076,0.16766771959588778,-0.1095217616014591,-0.1095217616014591,False,validation_return_0.0398_below_preferred_0.10;locked_oos_return_0.0172_below_preferred_0.03;validation_mdd_0.1818_above_preferred_0.10;locked_oos_trade_event_count_14_below_20;validation_min_half_return_-0.1095_below_0
7308,a30fb_booster_rs_chandelier_6h_solusdt_lb12_atr0p25_rel0p005_trail2p0_hold18_3p0x_0p15_c7783f30,no_promotion_shadow_or_reject,relative_strength_chandelier_breakout,SOLUSDT,6h,0.058159540433750934,0.027317449169478758,0.00487312507406279,False,False,False,train_trade_event_count_78_below_80;validation_trade_event_count_22_below_30;locked_oos_trade_event_count_9_below_20;validation_mdd_0.1277_above_0.12,-0.1810173578127589,0.15069526903482466,-0.10722023735165997,-0.10722023735165997,False,validation_return_0.0273_below_preferred_0.10;locked_oos_return_0.0049_below_preferred_0.03;validation_mdd_0.1277_above_preferred_0.10;locked_oos_trade_event_count_9_below_20;validation_min_half_return_-0.1072_below_0;train_rpt_16.570_below_preferred_20bps;locked_oos_rpt_12.032_below_preferred_20bps
7309,a30fb_booster_rs_chandelier_6h_solusdt_lb12_atr0p25_rel0p005_trail3p0_hold18_3p0x_0p15_7f7972ef,no_promotion_shadow_or_reject,relative_strength_chandelier_breakout,SOLUSDT,6h,0.058159540433750934,0.027317449169478758,0.01820915835938597,False,False,False,train_trade_event_count_78_below_80;validation_trade_event_count_22_below_30;locked_oos_trade_event_count_9_below_20;validation_mdd_0.1277_above_0.12,-0.1810173578127589,0.15069526903482466,-0.10722023735165997,-0.10722023735165997,False,validation_return_0.0273_below_preferred_0.10;locked_oos_return_0.0182_below_preferred_0.03;validation_mdd_0.1277_above_preferred_0.10;locked_oos_trade_event_count_9_below_20;validation_min_half_return_-0.1072_below_0;train_rpt_16.570_below_preferred_20bps
7411,a30fb_booster_mh_consensus_6h_solusdt_s12_l48_thr0p005_adx24p0_hold12_cool2_3p0x_0p15_56803b3c,no_promotion_shadow_or_reject,multi_horizon_consensus_momentum,SOLUSDT,6h,0.06131130397639861,0.04047282256273643,0.02367142776444786,False,False,False,validation_trade_event_count_29_below_30;locked_oos_trade_event_count_12_below_20;validation_mdd_0.1813_above_0.12,-0.18951551286181664,0.16766771959588778,-0.10893072994873243,-0.10893072994873243,False,validation_return_0.0405_below_preferred_0.10;locked_oos_return_0.0237_below_preferred_0.03;validation_mdd_0.1813_above_preferred_0.10;locked_oos_trade_event_count_12_below_20;validation_min_half_return_-0.1089_below_0;train_rpt_15.309_below_preferred_20bps
7428,a30fb_booster_mh_consensus_6h_solusdt_s12_l48_thr0p005_adx12p0_hold12_cool2_4p0x_0p125_0f7efa85,no_promotion_shadow_or_reject,multi_horizon_consensus_momentum,SOLUSDT,6h,0.1534064265946451,0.043012370386082965,0.018870105270853088,False,False,False,validation_trade_event_count_29_below_30;locked_oos_trade_event_count_14_below_20;validation_mdd_0.2004_above_0.12,-0.19136132444069845,0.18707684435097693,-0.12136069762497914,-0.12136069762497914,False,validation_return_0.0430_below_preferred_0.10;locked_oos_return_0.0189_below_preferred_0.03;validation_mdd_0.2004_above_preferred_0.10;locked_oos_trade_event_count_14_below_20;validation_min_half_return_-0.1214_below_0
7429,a30fb_booster_mh_consensus_6h_solusdt_s12_l48_thr0p005_adx12p0_hold12_cool2_5p0x_0p1_f2bc94f7,no_promotion_shadow_or_reject,multi_horizon_consensus_momentum,SOLUSDT,6h,0.1534064265946451,0.043012370386082965,0.018870105270853088,False,False,False,validation_trade_event_count_29_below_30;locked_oos_trade_event_count_14_below_20;validation_mdd_0.2004_above_0.12,-0.19136132444069845,0.18707684435097693,-0.12136069762497914,-0.12136069762497914,False,validation_return_0.0430_below_preferred_0.10;locked_oos_return_0.0189_below_preferred_0.03;validation_mdd_0.2004_above_preferred_0.10;locked_oos_trade_event_count_14_below_20;validation_min_half_return_-0.1214_below_0
7679,a30fb_booster_rs_chandelier_6h_solusdt_lb12_atr0p5_rel0p005_trail3p0_hold18_3p0x_0p15_580c4b08,no_promotion_shadow_or_reject,relative_strength_chandelier_breakout,SOLUSDT,6h,0.030897170891507342,0.024204535961735774,0.01982429919887929,False,False,False,train_trade_event_count_68_below_80;validation_trade_event_count_18_below_30;locked_oos_trade_event_count_7_below_20;validation_mdd_0.1211_above_0.12,-0.20881545427418724,0.14899385098385776,-0.10860746984439162,-0.10860746984439162,False,validation_return_0.0242_below_preferred_0.10;locked_oos_return_0.0198_below_preferred_0.03;validation_mdd_0.1211_above_preferred_0.10;locked_oos_trade_event_count_7_below_20;validation_min_half_return_-0.1086_below_0;train_rpt_10.097_below_preferred_20bps
7994,a30fb_booster_rs_chandelier_6h_solusdt_lb12_atr0p25_rel0p0_trail2p0_hold18_3p0x_0p15_f2675af2,no_promotion_shadow_or_reject,relative_strength_chandelier_breakout,SOLUSDT,6h,0.05044070631579567,0.024689645759681023,0.00822831174801597,False,False,False,validation_trade_event_count_22_below_30;locked_oos_trade_event_count_11_below_20;validation_mdd_0.1277_above_0.12,-0.23294418755640506,0.14775187412407575,-0.10722023735165997,-0.10722023735165997,False,validation_return_0.0247_below_preferred_0.10;locked_oos_return_0.0082_below_preferred_0.03;validation_mdd_0.1277_above_preferred_0.10;locked_oos_trade_event_count_11_below_20;validation_min_half_return_-0.1072_below_0;train_rpt_13.187_below_preferred_20bps;locked_oos_rpt_16.623_below_preferred_20bps
7995,a30fb_booster_rs_chandelier_6h_solusdt_lb12_atr0p25_rel0p0_trail3p0_hold18_3p0x_0p15_ffe88874,no_promotion_shadow_or_reject,relative_strength_chandelier_breakout,SOLUSDT,6h,0.05044070631579567,0.024689645759681023,0.02160887292451985,False,False,False,validation_trade_event_count_22_below_30;locked_oos_trade_event_count_11_below_20;validation_mdd_0.1277_above_0.12,-0.23294418755640506,0.14775187412407575,-0.10722023735165997,-0.10722023735165997,False,validation_return_0.0247_below_preferred_0.10;locked_oos_return_0.0216_below_preferred_0.03;validation_mdd_0.1277_above_preferred_0.10;locked_oos_trade_event_count_11_below_20;validation_min_half_return_-0.1072_below_0;train_rpt_13.187_below_preferred_20bps
7996,a30fb_booster_rs_chandelier_6h_solusdt_lb12_atr0p5_rel0p0_trail3p0_hold18_3p0x_0p15_d4d5f5b3,no_promotion_shadow_or_reject,relative_strength_chandelier_breakout,SOLUSDT,6h,0.046168417399543804,0.021584695157798928,0.01982429919887929,False,False,False,train_trade_event_count_71_below_80;validation_trade_event_count_18_below_30;locked_oos_trade_event_count_7_below_20;validation_mdd_0.1211_above_0.12,-0.23295037443014782,0.14605480817689198,-0.10860746984439162,-0.10860746984439162,False,validation_return_0.0216_below_preferred_0.10;locked_oos_return_0.0198_below_preferred_0.03;validation_mdd_0.1211_above_preferred_0.10;locked_oos_trade_event_count_7_below_20;validation_min_half_return_-0.1086_below_0;train_rpt_14.450_below_preferred_20bps
8078,a30fb_booster_mh_consensus_6h_solusdt_s12_l48_thr0p005_adx18p0_hold12_cool2_4p0x_0p125_92e8cec6,no_promotion_shadow_or_reject,multi_horizon_consensus_momentum,SOLUSDT,6h,0.0969894243219982,0.043012370386082965,0.018870105270853088,False,False,False,validation_trade_event_count_29_below_30;locked_oos_trade_event_count_14_below_20;validation_mdd_0.2004_above_0.12,-0.23887037898608535,0.18707684435097693,-0.12136069762497914,-0.12136069762497914,False,validation_return_0.0430_below_preferred_0.10;locked_oos_return_0.0189_below_preferred_0.03;validation_mdd_0.2004_above_preferred_0.10;locked_oos_trade_event_count_14_below_20;validation_min_half_return_-0.1214_below_0
8079,a30fb_booster_mh_consensus_6h_solusdt_s12_l48_thr0p005_adx18p0_hold12_cool2_5p0x_0p1_22547149,no_promotion_shadow_or_reject,multi_horizon_consensus_momentum,SOLUSDT,6h,0.0969894243219982,0.043012370386082965,0.018870105270853088,False,False,False,validation_trade_event_count_29_below_30;locked_oos_trade_event_count_14_below_20;validation_mdd_0.2004_above_0.12,-0.23887037898608535,0.18707684435097693,-0.12136069762497914,-0.12136069762497914,False,validation_return_0.0430_below_preferred_0.10;locked_oos_return_0.0189_below_preferred_0.03;validation_mdd_0.2004_above_preferred_0.10;locked_oos_trade_event_count_14_below_20;validation_min_half_return_-0.1214_below_0
8092,a30fb_booster_rs_chandelier_6h_solusdt_lb12_atr0p25_rel0p005_trail2p0_hold18_4p0x_0p125_30fcbf07,no_promotion_shadow_or_reject,relative_strength_chandelier_breakout,SOLUSDT,6h,0.05997820890669092,0.029450120466555596,0.0052422396351146094,False,False,False,train_trade_event_count_78_below_80;validation_trade_event_count_22_below_30;locked_oos_trade_event_count_9_below_20;validation_mdd_0.1413_above_0.12,-0.23980046411584133,0.16817239811465545,-0.11875154546708011,-0.11875154546708011,False,validation_return_0.0295_below_preferred_0.10;locked_oos_return_0.0052_below_preferred_0.03;validation_mdd_0.1413_above_preferred_0.10;locked_oos_trade_event_count_9_below_20;validation_min_half_return_-0.1188_below_0;train_rpt_15.379_below_preferred_20bps;locked_oos_rpt_11.649_below_preferred_20bps
8093,a30fb_booster_rs_chandelier_6h_solusdt_lb12_atr0p25_rel0p005_trail2p0_hold18_5p0x_0p1_35abf325,no_promotion_shadow_or_reject,relative_strength_chandelier_breakout,SOLUSDT,6h,0.05997820890669092,0.029450120466555596,0.0052422396351146094,False,False,False,train_trade_event_count_78_below_80;validation_trade_event_count_22_below_30;locked_oos_trade_event_count_9_below_20;validation_mdd_0.1413_above_0.12,-0.23980046411584133,0.16817239811465545,-0.11875154546708011,-0.11875154546708011,False,validation_return_0.0295_below_preferred_0.10;locked_oos_return_0.0052_below_preferred_0.03;validation_mdd_0.1413_above_preferred_0.10;locked_oos_trade_event_count_9_below_20;validation_min_half_return_-0.1188_below_0;train_rpt_15.379_below_preferred_20bps;locked_oos_rpt_11.649_below_preferred_20bps
8094,a30fb_booster_rs_chandelier_6h_solusdt_lb12_atr0p25_rel0p005_trail3p0_hold18_4p0x_0p125_9cdf14e0,no_promotion_shadow_or_reject,relative_strength_chandelier_breakout,SOLUSDT,6h,0.05997820890669092,0.029450120466555596,0.020068151635926235,False,False,False,train_trade_event_count_78_below_80;validation_trade_event_count_22_below_30;locked_oos_trade_event_count_9_below_20;validation_mdd_0.1413_above_0.12,-0.23980046411584133,0.16817239811465545,-0.11875154546708011,-0.11875154546708011,False,validation_return_0.0295_below_preferred_0.10;locked_oos_return_0.0201_below_preferred_0.03;validation_mdd_0.1413_above_preferred_0.10;locked_oos_trade_event_count_9_below_20;validation_min_half_return_-0.1188_below_0;train_rpt_15.379_below_preferred_20bps
8095,a30fb_booster_rs_chandelier_6h_solusdt_lb12_atr0p25_rel0p005_trail3p0_hold18_5p0x_0p1_1aafaa08,no_promotion_shadow_or_reject,relative_strength_chandelier_breakout,SOLUSDT,6h,0.05997820890669092,0.029450120466555596,0.020068151635926235,False,False,False,train_trade_event_count_78_below_80;validation_trade_event_count_22_below_30;locked_oos_trade_event_count_9_below_20;validation_mdd_0.1413_above_0.12,-0.23980046411584133,0.16817239811465545,-0.11875154546708011,-0.11875154546708011,False,validation_return_0.0295_below_preferred_0.10;locked_oos_return_0.0201_below_preferred_0.03;validation_mdd_0.1413_above_preferred_0.10;locked_oos_trade_event_count_9_below_20;validation_min_half_return_-0.1188_below_0;train_rpt_15.379_below_preferred_20bps
8222,a30fb_booster_mh_consensus_6h_solusdt_s12_l48_thr0p005_adx24p0_hold12_cool2_4p0x_0p125_f33522fd,no_promotion_shadow_or_reject,multi_horizon_consensus_momentum,SOLUSDT,6h,0.06468418821084998,0.04378207790217448,0.02612479471451512,False,False,False,validation_trade_event_count_29_below_30;locked_oos_trade_event_count_12_below_20;validation_mdd_0.1999_above_0.12,-0.24910583438114212,0.18707684435097693,-0.12071229182062548,-0.12071229182062548,False,validation_return_0.0438_below_preferred_0.10;locked_oos_return_0.0261_below_preferred_0.03;validation_mdd_0.1999_above_preferred_0.10;locked_oos_trade_event_count_12_below_20;validation_min_half_return_-0.1207_below_0;train_rpt_14.536_below_preferred_20bps
8223,a30fb_booster_mh_consensus_6h_solusdt_s12_l48_thr0p005_adx24p0_hold12_cool2_5p0x_0p1_8418ad90,no_promotion_shadow_or_reject,multi_horizon_consensus_momentum,SOLUSDT,6h,0.06468418821084998,0.04378207790217448,0.02612479471451512,False,False,False,validation_trade_event_count_29_below_30;locked_oos_trade_event_count_12_below_20;validation_mdd_0.1999_above_0.12,-0.24910583438114212,0.18707684435097693,-0.12071229182062548,-0.12071229182062548,False,validation_return_0.0438_below_preferred_0.10;locked_oos_return_0.0261_below_preferred_0.03;validation_mdd_0.1999_above_preferred_0.10;locked_oos_trade_event_count_12_below_20;validation_min_half_return_-0.1207_below_0;train_rpt_14.536_below_preferred_20bps
8882,a30fb_booster_rs_chandelier_6h_solusdt_lb12_atr0p25_rel0p0_trail2p0_hold18_4p0x_0p125_f936d1ec,no_promotion_shadow_or_reject,relative_strength_chandelier_breakout,SOLUSDT,6h,0.051245681915273344,0.026547204346468067,0.008961225743581602,False,False,False,validation_trade_event_count_22_below_30;locked_oos_trade_event_count_11_below_20;validation_mdd_0.1413_above_0.12,-0.29387278338359035,0.16487830312344576,-0.11875154546708011,-0.11875154546708011,False,validation_return_0.0265_below_preferred_0.10;locked_oos_return_0.0090_below_preferred_0.03;validation_mdd_0.1413_above_preferred_0.10;locked_oos_trade_event_count_11_below_20;validation_min_half_return_-0.1188_below_0;train_rpt_12.058_below_preferred_20bps;locked_oos_rpt_16.293_below_preferred_20bps
8883,a30fb_booster_rs_chandelier_6h_solusdt_lb12_atr0p25_rel0p0_trail2p0_hold18_5p0x_0p1_bd32d1e9,no_promotion_shadow_or_reject,relative_strength_chandelier_breakout,SOLUSDT,6h,0.051245681915273344,0.026547204346468067,0.008961225743581602,False,False,False,validation_trade_event_count_22_below_30;locked_oos_trade_event_count_11_below_20;validation_mdd_0.1413_above_0.12,-0.29387278338359035,0.16487830312344576,-0.11875154546708011,-0.11875154546708011,False,validation_return_0.0265_below_preferred_0.10;locked_oos_return_0.0090_below_preferred_0.03;validation_mdd_0.1413_above_preferred_0.10;locked_oos_trade_event_count_11_below_20;validation_min_half_return_-0.1188_below_0;train_rpt_12.058_below_preferred_20bps;locked_oos_rpt_16.293_below_preferred_20bps
8884,a30fb_booster_rs_chandelier_6h_solusdt_lb12_atr0p25_rel0p0_trail3p0_hold18_4p0x_0p125_859b30de,no_promotion_shadow_or_reject,relative_strength_chandelier_breakout,SOLUSDT,6h,0.051245681915273344,0.026547204346468067,0.023841987569243273,False,False,False,validation_trade_event_count_22_below_30;locked_oos_trade_event_count_11_below_20;validation_mdd_0.1413_above_0.12,-0.29387278338359035,0.16487830312344576,-0.11875154546708011,-0.11875154546708011,False,validation_return_0.0265_below_preferred_0.10;locked_oos_return_0.0238_below_preferred_0.03;validation_mdd_0.1413_above_preferred_0.10;locked_oos_trade_event_count_11_below_20;validation_min_half_return_-0.1188_below_0;train_rpt_12.058_below_preferred_20bps
8885,a30fb_booster_rs_chandelier_6h_solusdt_lb12_atr0p25_rel0p0_trail3p0_hold18_5p0x_0p1_1a9aa24a,no_promotion_shadow_or_reject,relative_strength_chandelier_breakout,SOLUSDT,6h,0.051245681915273344,0.026547204346468067,0.023841987569243273,False,False,False,validation_trade_event_count_22_below_30;locked_oos_trade_event_count_11_below_20;validation_mdd_0.1413_above_0.12,-0.29387278338359035,0.16487830312344576,-0.11875154546708011,-0.11875154546708011,False,validation_return_0.0265_below_preferred_0.10;locked_oos_return_0.0238_below_preferred_0.03;validation_mdd_0.1413_above_preferred_0.10;locked_oos_trade_event_count_11_below_20;validation_min_half_return_-0.1188_below_0;train_rpt_12.058_below_preferred_20bps
8913,a30fb_booster_rs_chandelier_6h_solusdt_lb12_atr0p5_rel0p0_trail3p0_hold18_4p0x_0p125_a3731b6d,no_promotion_shadow_or_reject,relative_strength_chandelier_breakout,SOLUSDT,6h,0.046640061131169475,0.023220081025971062,0.021891671010296765,False,False,False,train_trade_event_count_71_below_80;validation_trade_event_count_18_below_30;locked_oos_trade_event_count_7_below_20;validation_mdd_0.1340_above_0.12,-0.29520862451924557,0.16299966219763706,-0.1201888407323648,-0.1201888407323648,False,validation_return_0.0232_below_preferred_0.10;locked_oos_return_0.0219_below_preferred_0.03;validation_mdd_0.1340_above_preferred_0.10;locked_oos_trade_event_count_7_below_20;validation_min_half_return_-0.1202_below_0;train_rpt_13.138_below_preferred_20bps
8914,a30fb_booster_rs_chandelier_6h_solusdt_lb12_atr0p5_rel0p0_trail3p0_hold18_5p0x_0p1_1db75c38,no_promotion_shadow_or_reject,relative_strength_chandelier_breakout,SOLUSDT,6h,0.046640061131169475,0.023220081025971062,0.021891671010296765,False,False,False,train_trade_event_count_71_below_80;validation_trade_event_count_18_below_30;locked_oos_trade_event_count_7_below_20;validation_mdd_0.1340_above_0.12,-0.29520862451924557,0.16299966219763706,-0.1201888407323648,-0.1201888407323648,False,validation_return_0.0232_below_preferred_0.10;locked_oos_return_0.0219_below_preferred_0.03;validation_mdd_0.1340_above_preferred_0.10;locked_oos_trade_event_count_7_below_20;validation_min_half_return_-0.1202_below_0;train_rpt_13.138_below_preferred_20bps
9095,a30fb_booster_rs_chandelier_6h_solusdt_lb24_atr0p0_rel0p015_trail2p0_hold18_4p0x_0p15_7c3f739b,no_promotion_shadow_or_reject,relative_strength_chandelier_breakout,SOLUSDT,6h,0.21398575515723461,0.014702475968787487,0.004777091188035598,False,False,False,train_trade_event_count_70_below_80;validation_trade_event_count_12_below_30;locked_oos_trade_event_count_7_below_20;validation_return_0.0147_below_0.02;validation_mdd_0.1339_above_0.12,-0.3065599290210973,0.0901382987773256,-0.06919839702278574,-0.06919839702278574,False,validation_return_0.0147_below_preferred_0.10;locked_oos_return_0.0048_below_preferred_0.03;validation_mdd_0.1339_above_preferred_0.10;locked_oos_trade_event_count_7_below_20;validation_min_half_return_-0.0692_below_0;locked_oos_rpt_11.374_below_preferred_20bps
9096,a30fb_booster_rs_chandelier_6h_solusdt_lb12_atr0p25_rel0p015_trail2p0_hold18_4p0x_0p15_52b07476,no_promotion_shadow_or_reject,relative_strength_chandelier_breakout,SOLUSDT,6h,0.2331809134383429,0.0239802824033577,0.005876754042576149,False,False,False,train_trade_event_count_72_below_80;validation_trade_event_count_16_below_30;locked_oos_trade_event_count_9_below_20;validation_mdd_0.1392_above_0.12,-0.3068027839762417,0.16157669406971586,-0.1184565878162317,-0.1184565878162317,False,validation_return_0.0240_below_preferred_0.10;locked_oos_return_0.0059_below_preferred_0.03;validation_mdd_0.1392_above_preferred_0.10;locked_oos_trade_event_count_9_below_20;validation_min_half_return_-0.1185_below_0;locked_oos_rpt_10.883_below_preferred_20bps
9270,a30fb_booster_mh_consensus_6h_solusdt_s12_l48_thr0p005_adx12p0_hold12_cool2_4p0x_0p15_b05b2adf,no_promotion_shadow_or_reject,multi_horizon_consensus_momentum,SOLUSDT,6h,0.17479368710383625,0.04872947586881193,0.022173899566481525,False,False,False,validation_trade_event_count_29_below_30;locked_oos_trade_event_count_14_below_20;validation_mdd_0.2367_above_0.12,-0.31669440062228804,0.22633119355026077,-0.14482361585151038,-0.14482361585151038,False,validation_return_0.0487_below_preferred_0.10;locked_oos_return_0.0222_below_preferred_0.03;validation_mdd_0.2367_above_preferred_0.10;locked_oos_trade_event_count_14_below_20;validation_min_half_return_-0.1448_below_0
9982,a30fb_booster_rs_chandelier_6h_solusdt_lb12_atr0p25_rel0p005_trail2p0_hold18_4p0x_0p15_4f099dca,no_promotion_shadow_or_reject,relative_strength_chandelier_breakout,SOLUSDT,6h,0.06071435075833653,0.033156559751511994,0.005876754042576149,False,False,False,train_trade_event_count_78_below_80;validation_trade_event_count_22_below_30;locked_oos_trade_event_count_9_below_20;validation_mdd_0.1682_above_0.12,-0.3609689507024342,0.20354976973283745,-0.14157554117529225,-0.14157554117529225,False,validation_return_0.0332_below_preferred_0.10;locked_oos_return_0.0059_below_preferred_0.03;validation_mdd_0.1682_above_preferred_0.10;locked_oos_trade_event_count_9_below_20;validation_min_half_return_-0.1416_below_0;train_rpt_12.973_below_preferred_20bps;locked_oos_rpt_10.883_below_preferred_20bps
9983,a30fb_booster_rs_chandelier_6h_solusdt_lb12_atr0p25_rel0p005_trail3p0_hold18_4p0x_0p15_e94c2d69,no_promotion_shadow_or_reject,relative_strength_chandelier_breakout,SOLUSDT,6h,0.06071435075833653,0.033156559751511994,0.02368544329629363,False,False,False,train_trade_event_count_78_below_80;validation_trade_event_count_22_below_30;locked_oos_trade_event_count_9_below_20;validation_mdd_0.1682_above_0.12,-0.3609689507024342,0.20354976973283745,-0.14157554117529225,-0.14157554117529225,False,validation_return_0.0332_below_preferred_0.10;locked_oos_return_0.0237_below_preferred_0.03;validation_mdd_0.1682_above_preferred_0.10;locked_oos_trade_event_count_9_below_20;validation_min_half_return_-0.1416_below_0;train_rpt_12.973_below_preferred_20bps
10058,a30fb_booster_mh_consensus_6h_solusdt_s12_l48_thr0p005_adx18p0_hold12_cool2_4p0x_0p15_89aa6802,no_promotion_shadow_or_reject,multi_horizon_consensus_momentum,SOLUSDT,6h,0.10637158797045587,0.04872947586881193,0.022173899566481525,False,False,False,validation_trade_event_count_29_below_30;locked_oos_trade_event_count_14_below_20;validation_mdd_0.2367_above_0.12,-0.3647099087860638,0.22633119355026077,-0.14482361585151038,-0.14482361585151038,False,validation_return_0.0487_below_preferred_0.10;locked_oos_return_0.0222_below_preferred_0.03;validation_mdd_0.2367_above_preferred_0.10;locked_oos_trade_event_count_14_below_20;validation_min_half_return_-0.1448_below_0;train_rpt_18.662_below_preferred_20bps
10181,a30fb_booster_mh_consensus_6h_solusdt_s12_l48_thr0p005_adx24p0_hold12_cool2_4p0x_0p15_3f6fb271,no_promotion_shadow_or_reject,multi_horizon_consensus_momentum,SOLUSDT,6h,0.06925696236050993,0.04965943256358685,0.03092245444672903,False,False,False,validation_trade_event_count_29_below_30;locked_oos_trade_event_count_12_below_20;validation_mdd_0.2360_above_0.12,-0.37217286893657764,0.22633119355026077,-0.144065291591583,-0.144065291591583,False,validation_return_0.0497_below_preferred_0.10;validation_mdd_0.2360_above_preferred_0.10;locked_oos_trade_event_count_12_below_20;validation_min_half_return_-0.1441_below_0;train_rpt_12.969_below_preferred_20bps
11004,a30fb_booster_rs_chandelier_6h_solusdt_lb12_atr0p5_rel0p0_trail3p0_hold18_4p0x_0p15_d5bcff2c,no_promotion_shadow_or_reject,relative_strength_chandelier_breakout,SOLUSDT,6h,0.04471441989072278,0.026021406277228154,0.02594320622467783,False,False,False,train_trade_event_count_71_below_80;validation_trade_event_count_18_below_30;locked_oos_trade_event_count_7_below_20;validation_mdd_0.1595_above_0.12,-0.4223654487160544,0.19730673739393656,-0.14305885515146122,-0.14305885515146122,False,validation_return_0.0260_below_preferred_0.10;locked_oos_return_0.0259_below_preferred_0.03;validation_mdd_0.1595_above_preferred_0.10;locked_oos_trade_event_count_7_below_20;validation_min_half_return_-0.1431_below_0;train_rpt_10.496_below_preferred_20bps
